This is pdfTeX, Version 3.141592653-2.6-1.40.24 (TeX Live 2022/Homebrew) (preloaded format=pdflatex 2022.8.9)  30 AUG 2022 15:28
entering extended mode
 restricted \write18 enabled.
 file:line:error style messages enabled.
 %&-line parsing enabled.
**/Users/gfeldmann/Documents/GitLab/hessian_ml/Bericht/main.tex
(/Users/gfeldmann/Documents/GitLab/hessian_ml/Bericht/main.tex
LaTeX2e <2021-11-15> patch level 1
L3 programming layer <2022-02-24> (/opt/homebrew/Cellar/texlive/20220321_1/share/texmf-dist/tex/latex/koma-script/scrreprt.cls
Document Class: scrreprt 2021/11/13 v3.35 KOMA-Script document class (report)
(/opt/homebrew/Cellar/texlive/20220321_1/share/texmf-dist/tex/latex/koma-script/scrkbase.sty
Package: scrkbase 2021/11/13 v3.35 KOMA-Script package (KOMA-Script-dependent basics and keyval usage)
 (/opt/homebrew/Cellar/texlive/20220321_1/share/texmf-dist/tex/latex/koma-script/scrbase.sty
Package: scrbase 2021/11/13 v3.35 KOMA-Script package (KOMA-Script-independent basics and keyval usage)
 (/opt/homebrew/Cellar/texlive/20220321_1/share/texmf-dist/tex/latex/koma-script/scrlfile.sty
Package: scrlfile 2021/11/13 v3.35 KOMA-Script package (file load hooks)
 (/opt/homebrew/Cellar/texlive/20220321_1/share/texmf-dist/tex/latex/koma-script/scrlfile-hook.sty
Package: scrlfile-hook 2021/11/13 v3.35 KOMA-Script package (using LaTeX hooks)
 (/opt/homebrew/Cellar/texlive/20220321_1/share/texmf-dist/tex/latex/koma-script/scrlogo.sty
Package: scrlogo 2021/11/13 v3.35 KOMA-Script package (logo)
))) (/opt/homebrew/Cellar/texlive/20220321_1/share/texmf-dist/tex/latex/graphics/keyval.sty
Package: keyval 2014/10/28 v1.15 key=value parser (DPC)
\KV@toks@=\toks16
)
Applying: [2021/05/01] Usage of raw or classic option list on input line 252.
Already applied: [0000/00/00] Usage of raw or classic option list on input line 368.
)) (/opt/homebrew/Cellar/texlive/20220321_1/share/texmf-dist/tex/latex/koma-script/tocbasic.sty
Package: tocbasic 2021/11/13 v3.35 KOMA-Script package (handling toc-files)
\scr@dte@tocline@numberwidth=\skip47
\scr@dte@tocline@numbox=\box50
)
Package tocbasic Info: babel extension for `toc' omitted
(tocbasic)             because of missing \bbl@set@language on input line 137.
Class scrreprt Info: File `scrsize11pt.clo' used instead of
(scrreprt)           file `scrsize11.clo' to setup font sizes on input line 2487.
 (/opt/homebrew/Cellar/texlive/20220321_1/share/texmf-dist/tex/latex/koma-script/scrsize11pt.clo
File: scrsize11pt.clo 2021/11/13 v3.35 KOMA-Script font size class option (11pt)
) (/opt/homebrew/Cellar/texlive/20220321_1/share/texmf-dist/tex/latex/koma-script/typearea.sty
Package: typearea 2021/11/13 v3.35 KOMA-Script package (type area)
\ta@bcor=\skip48
\ta@div=\count185
\ta@hblk=\skip49
\ta@vblk=\skip50
\ta@temp=\skip51
\footheight=\skip52
Package typearea Info: These are the values describing the layout:
(typearea)             DIV  = 10
(typearea)             BCOR = 0.0pt
(typearea)             \paperwidth      = 597.50793pt
(typearea)              \textwidth      = 418.25555pt
(typearea)              DIV departure   = -6%
(typearea)              \evensidemargin = 17.3562pt
(typearea)              \oddsidemargin  = 17.3562pt
(typearea)             \paperheight     = 845.04694pt
(typearea)              \textheight     = 595.80026pt
(typearea)              \topmargin      = -25.16531pt
(typearea)              \headheight     = 17.0pt
(typearea)              \headsep        = 20.40001pt
(typearea)              \topskip        = 11.0pt
(typearea)              \footskip       = 47.6pt
(typearea)              \baselineskip   = 13.6pt
(typearea)              on input line 1743.
)
\c@part=\count186
\c@chapter=\count187
\c@section=\count188
\c@subsection=\count189
\c@subsubsection=\count190
\c@paragraph=\count191
\c@subparagraph=\count192
\scr@dte@chapter@maxnumwidth=\skip53
Class scrreprt Info: using compatibility default `afterindent=bysign'
(scrreprt)           for `\chapter on input line 5717.
\scr@dte@section@maxnumwidth=\skip54
Class scrreprt Info: using compatibility default `runin=bysign'
(scrreprt)           for `\section on input line 5728.
Class scrreprt Info: using compatibility default `afterindent=bysign'
(scrreprt)           for `\section on input line 5728.
\scr@dte@part@maxnumwidth=\skip55
Class scrreprt Info: using compatibility default `afterindent=true'
(scrreprt)           for `\part on input line 5737.
\scr@dte@subsection@maxnumwidth=\skip56
Class scrreprt Info: using compatibility default `runin=bysign'
(scrreprt)           for `\subsection on input line 5747.
Class scrreprt Info: using compatibility default `afterindent=bysign'
(scrreprt)           for `\subsection on input line 5747.
\scr@dte@subsubsection@maxnumwidth=\skip57
Class scrreprt Info: using compatibility default `runin=bysign'
(scrreprt)           for `\subsubsection on input line 5757.
Class scrreprt Info: using compatibility default `afterindent=bysign'
(scrreprt)           for `\subsubsection on input line 5757.
\scr@dte@paragraph@maxnumwidth=\skip58
Class scrreprt Info: using compatibility default `runin=bysign'
(scrreprt)           for `\paragraph on input line 5768.
Class scrreprt Info: using compatibility default `afterindent=bysign'
(scrreprt)           for `\paragraph on input line 5768.
\scr@dte@subparagraph@maxnumwidth=\skip59
Class scrreprt Info: using compatibility default `runin=bysign'
(scrreprt)           for `\subparagraph on input line 5778.
Class scrreprt Info: using compatibility default `afterindent=bysign'
(scrreprt)           for `\subparagraph on input line 5778.
\abovecaptionskip=\skip60
\belowcaptionskip=\skip61
\c@pti@nb@sid@b@x=\box51
Package tocbasic Info: babel extension for `lof' omitted
(tocbasic)             because of missing \bbl@set@language on input line 6958.
\scr@dte@figure@maxnumwidth=\skip62
\c@figure=\count193
Package tocbasic Info: babel extension for `lot' omitted
(tocbasic)             because of missing \bbl@set@language on input line 6974.
\scr@dte@table@maxnumwidth=\skip63
\c@table=\count194
Class scrreprt Info: Redefining `\numberline' on input line 7142.
\bibindent=\dimen138
) (/opt/homebrew/Cellar/texlive/20220321_1/share/texmf-dist/tex/latex/base/inputenc.sty
Package: inputenc 2021/02/14 v1.3d Input encoding file
\inpenc@prehook=\toks17
\inpenc@posthook=\toks18
) (/opt/homebrew/Cellar/texlive/20220321_1/share/texmf-dist/tex/latex/lm/lmodern.sty
Package: lmodern 2015/05/01 v1.6.1 Latin Modern Fonts
LaTeX Font Info:    Overwriting symbol font `operators' in version `normal'
(Font)                  OT1/cmr/m/n --> OT1/lmr/m/n on input line 22.
LaTeX Font Info:    Overwriting symbol font `letters' in version `normal'
(Font)                  OML/cmm/m/it --> OML/lmm/m/it on input line 23.
LaTeX Font Info:    Overwriting symbol font `symbols' in version `normal'
(Font)                  OMS/cmsy/m/n --> OMS/lmsy/m/n on input line 24.
LaTeX Font Info:    Overwriting symbol font `largesymbols' in version `normal'
(Font)                  OMX/cmex/m/n --> OMX/lmex/m/n on input line 25.
LaTeX Font Info:    Overwriting symbol font `operators' in version `bold'
(Font)                  OT1/cmr/bx/n --> OT1/lmr/bx/n on input line 26.
LaTeX Font Info:    Overwriting symbol font `letters' in version `bold'
(Font)                  OML/cmm/b/it --> OML/lmm/b/it on input line 27.
LaTeX Font Info:    Overwriting symbol font `symbols' in version `bold'
(Font)                  OMS/cmsy/b/n --> OMS/lmsy/b/n on input line 28.
LaTeX Font Info:    Overwriting symbol font `largesymbols' in version `bold'
(Font)                  OMX/cmex/m/n --> OMX/lmex/m/n on input line 29.
LaTeX Font Info:    Overwriting math alphabet `\mathbf' in version `normal'
(Font)                  OT1/cmr/bx/n --> OT1/lmr/bx/n on input line 31.
LaTeX Font Info:    Overwriting math alphabet `\mathsf' in version `normal'
(Font)                  OT1/cmss/m/n --> OT1/lmss/m/n on input line 32.
LaTeX Font Info:    Overwriting math alphabet `\mathit' in version `normal'
(Font)                  OT1/cmr/m/it --> OT1/lmr/m/it on input line 33.
LaTeX Font Info:    Overwriting math alphabet `\mathtt' in version `normal'
(Font)                  OT1/cmtt/m/n --> OT1/lmtt/m/n on input line 34.
LaTeX Font Info:    Overwriting math alphabet `\mathbf' in version `bold'
(Font)                  OT1/cmr/bx/n --> OT1/lmr/bx/n on input line 35.
LaTeX Font Info:    Overwriting math alphabet `\mathsf' in version `bold'
(Font)                  OT1/cmss/bx/n --> OT1/lmss/bx/n on input line 36.
LaTeX Font Info:    Overwriting math alphabet `\mathit' in version `bold'
(Font)                  OT1/cmr/bx/it --> OT1/lmr/bx/it on input line 37.
LaTeX Font Info:    Overwriting math alphabet `\mathtt' in version `bold'
(Font)                  OT1/cmtt/m/n --> OT1/lmtt/m/n on input line 38.
) (/opt/homebrew/Cellar/texlive/20220321_1/share/texmf-dist/tex/generic/babel/babel.sty
Package: babel 2022/02/26 3.73 The Babel package
\babel@savecnt=\count195
\U@D=\dimen139
\l@unhyphenated=\language87
 (/opt/homebrew/Cellar/texlive/20220321_1/share/texmf-dist/tex/generic/babel/txtbabel.def)
\bbl@readstream=\read2
\bbl@dirlevel=\count196
 (/opt/homebrew/Cellar/texlive/20220321_1/share/texmf-dist/tex/generic/babel-english/english.ldf
Language: english 2017/06/06 v3.3r English support from the babel system
Package babel Info: Hyphen rules for 'canadian' set to \l@english
(babel)             (\language0). Reported on input line 102.
Package babel Info: Hyphen rules for 'australian' set to \l@ukenglish
(babel)             (\language21). Reported on input line 105.
Package babel Info: Hyphen rules for 'newzealand' set to \l@ukenglish
(babel)             (\language21). Reported on input line 108.
)) (/opt/homebrew/Cellar/texlive/20220321_1/share/texmf-dist/tex/latex/base/fontenc.sty
Package: fontenc 2021/04/29 v2.0v Standard LaTeX package
LaTeX Font Info:    Trying to load font information for T1+lmss on input line 112.
 (/opt/homebrew/Cellar/texlive/20220321_1/share/texmf-dist/tex/latex/lm/t1lmss.fd
File: t1lmss.fd 2015/05/01 v1.6.1 Font defs for Latin Modern
)) (/opt/homebrew/Cellar/texlive/20220321_1/share/texmf-dist/tex/latex/booktabs/booktabs.sty
Package: booktabs 2020/01/12 v1.61803398 Publication quality tables
\heavyrulewidth=\dimen140
\lightrulewidth=\dimen141
\cmidrulewidth=\dimen142
\belowrulesep=\dimen143
\belowbottomsep=\dimen144
\aboverulesep=\dimen145
\abovetopsep=\dimen146
\cmidrulesep=\dimen147
\cmidrulekern=\dimen148
\defaultaddspace=\dimen149
\@cmidla=\count197
\@cmidlb=\count198
\@aboverulesep=\dimen150
\@belowrulesep=\dimen151
\@thisruleclass=\count199
\@lastruleclass=\count266
\@thisrulewidth=\dimen152
) (/opt/homebrew/Cellar/texlive/20220321_1/share/texmf-dist/tex/latex/amsfonts/amsfonts.sty
Package: amsfonts 2013/01/14 v3.01 Basic AMSFonts support
\@emptytoks=\toks19
\symAMSa=\mathgroup4
\symAMSb=\mathgroup5
LaTeX Font Info:    Redeclaring math symbol \hbar on input line 98.
LaTeX Font Info:    Overwriting math alphabet `\mathfrak' in version `bold'
(Font)                  U/euf/m/n --> U/euf/b/n on input line 106.
) (/opt/homebrew/Cellar/texlive/20220321_1/share/texmf-dist/tex/latex/amsmath/amsmath.sty
Package: amsmath 2021/10/15 v2.17l AMS math features
\@mathmargin=\skip64

For additional information on amsmath, use the `?' option.
(/opt/homebrew/Cellar/texlive/20220321_1/share/texmf-dist/tex/latex/amsmath/amstext.sty
Package: amstext 2021/08/26 v2.01 AMS text
 (/opt/homebrew/Cellar/texlive/20220321_1/share/texmf-dist/tex/latex/amsmath/amsgen.sty
File: amsgen.sty 1999/11/30 v2.0 generic functions
\@emptytoks=\toks20
\ex@=\dimen153
)) (/opt/homebrew/Cellar/texlive/20220321_1/share/texmf-dist/tex/latex/amsmath/amsbsy.sty
Package: amsbsy 1999/11/29 v1.2d Bold Symbols
\pmbraise@=\dimen154
) (/opt/homebrew/Cellar/texlive/20220321_1/share/texmf-dist/tex/latex/amsmath/amsopn.sty
Package: amsopn 2021/08/26 v2.02 operator names
)
\inf@bad=\count267
LaTeX Info: Redefining \frac on input line 234.
\uproot@=\count268
\leftroot@=\count269
LaTeX Info: Redefining \overline on input line 399.
\classnum@=\count270
\DOTSCASE@=\count271
LaTeX Info: Redefining \ldots on input line 496.
LaTeX Info: Redefining \dots on input line 499.
LaTeX Info: Redefining \cdots on input line 620.
\Mathstrutbox@=\box52
\strutbox@=\box53
\big@size=\dimen155
LaTeX Font Info:    Redeclaring font encoding OML on input line 743.
LaTeX Font Info:    Redeclaring font encoding OMS on input line 744.
\macc@depth=\count272
\c@MaxMatrixCols=\count273
\dotsspace@=\muskip16
\c@parentequation=\count274
\dspbrk@lvl=\count275
\tag@help=\toks21
\row@=\count276
\column@=\count277
\maxfields@=\count278
\andhelp@=\toks22
\eqnshift@=\dimen156
\alignsep@=\dimen157
\tagshift@=\dimen158
\tagwidth@=\dimen159
\totwidth@=\dimen160
\lineht@=\dimen161
\@envbody=\toks23
\multlinegap=\skip65
\multlinetaggap=\skip66
\mathdisplay@stack=\toks24
LaTeX Info: Redefining \[ on input line 2938.
LaTeX Info: Redefining \] on input line 2939.
) (/opt/homebrew/Cellar/texlive/20220321_1/share/texmf-dist/tex/latex/hyperref/hyperref.sty
Package: hyperref 2022-02-21 v7.00n Hypertext links for LaTeX
 (/opt/homebrew/Cellar/texlive/20220321_1/share/texmf-dist/tex/generic/ltxcmds/ltxcmds.sty
Package: ltxcmds 2020-05-10 v1.25 LaTeX kernel commands for general use (HO)
) (/opt/homebrew/Cellar/texlive/20220321_1/share/texmf-dist/tex/generic/iftex/iftex.sty
Package: iftex 2022/02/03 v1.0f TeX engine tests
) (/opt/homebrew/Cellar/texlive/20220321_1/share/texmf-dist/tex/generic/pdftexcmds/pdftexcmds.sty
Package: pdftexcmds 2020-06-27 v0.33 Utility functions of pdfTeX for LuaTeX (HO)
 (/opt/homebrew/Cellar/texlive/20220321_1/share/texmf-dist/tex/generic/infwarerr/infwarerr.sty
Package: infwarerr 2019/12/03 v1.5 Providing info/warning/error messages (HO)
)
Package pdftexcmds Info: \pdf@primitive is available.
Package pdftexcmds Info: \pdf@ifprimitive is available.
Package pdftexcmds Info: \pdfdraftmode found.
) (/opt/homebrew/Cellar/texlive/20220321_1/share/texmf-dist/tex/generic/kvsetkeys/kvsetkeys.sty
Package: kvsetkeys 2019/12/15 v1.18 Key value parser (HO)
) (/opt/homebrew/Cellar/texlive/20220321_1/share/texmf-dist/tex/generic/kvdefinekeys/kvdefinekeys.sty
Package: kvdefinekeys 2019-12-19 v1.6 Define keys (HO)
) (/opt/homebrew/Cellar/texlive/20220321_1/share/texmf-dist/tex/generic/pdfescape/pdfescape.sty
Package: pdfescape 2019/12/09 v1.15 Implements pdfTeX's escape features (HO)
) (/opt/homebrew/Cellar/texlive/20220321_1/share/texmf-dist/tex/latex/hycolor/hycolor.sty
Package: hycolor 2020-01-27 v1.10 Color options for hyperref/bookmark (HO)
) (/opt/homebrew/Cellar/texlive/20220321_1/share/texmf-dist/tex/latex/letltxmacro/letltxmacro.sty
Package: letltxmacro 2019/12/03 v1.6 Let assignment for LaTeX macros (HO)
) (/opt/homebrew/Cellar/texlive/20220321_1/share/texmf-dist/tex/latex/auxhook/auxhook.sty
Package: auxhook 2019-12-17 v1.6 Hooks for auxiliary files (HO)
) (/opt/homebrew/Cellar/texlive/20220321_1/share/texmf-dist/tex/latex/kvoptions/kvoptions.sty
Package: kvoptions 2020-10-07 v3.14 Key value format for package options (HO)
)
\@linkdim=\dimen162
\Hy@linkcounter=\count279
\Hy@pagecounter=\count280
 (/opt/homebrew/Cellar/texlive/20220321_1/share/texmf-dist/tex/latex/hyperref/pd1enc.def
File: pd1enc.def 2022-02-21 v7.00n Hyperref: PDFDocEncoding definition (HO)
Now handling font encoding PD1 ...
... no UTF-8 mapping file for font encoding PD1
) (/opt/homebrew/Cellar/texlive/20220321_1/share/texmf-dist/tex/generic/intcalc/intcalc.sty
Package: intcalc 2019/12/15 v1.3 Expandable calculations with integers (HO)
) (/opt/homebrew/Cellar/texlive/20220321_1/share/texmf-dist/tex/generic/etexcmds/etexcmds.sty
Package: etexcmds 2019/12/15 v1.7 Avoid name clashes with e-TeX commands (HO)
)
\Hy@SavedSpaceFactor=\count281
 (/opt/homebrew/Cellar/texlive/20220321_1/share/texmf-dist/tex/latex/hyperref/puenc.def
File: puenc.def 2022-02-21 v7.00n Hyperref: PDF Unicode definition (HO)
Now handling font encoding PU ...
... no UTF-8 mapping file for font encoding PU
)
Package hyperref Info: Hyper figures OFF on input line 4137.
Package hyperref Info: Link nesting OFF on input line 4142.
Package hyperref Info: Hyper index ON on input line 4145.
Package hyperref Info: Plain pages OFF on input line 4152.
Package hyperref Info: Backreferencing OFF on input line 4157.
Package hyperref Info: Implicit mode ON; LaTeX internals redefined.
Package hyperref Info: Bookmarks ON on input line 4390.
\c@Hy@tempcnt=\count282
 (/opt/homebrew/Cellar/texlive/20220321_1/share/texmf-dist/tex/latex/url/url.sty
\Urlmuskip=\muskip17
Package: url 2013/09/16  ver 3.4  Verb mode for urls, etc.
)
LaTeX Info: Redefining \url on input line 4749.
\XeTeXLinkMargin=\dimen163
 (/opt/homebrew/Cellar/texlive/20220321_1/share/texmf-dist/tex/generic/bitset/bitset.sty
Package: bitset 2019/12/09 v1.3 Handle bit-vector datatype (HO)
 (/opt/homebrew/Cellar/texlive/20220321_1/share/texmf-dist/tex/generic/bigintcalc/bigintcalc.sty
Package: bigintcalc 2019/12/15 v1.5 Expandable calculations on big integers (HO)
))
\Fld@menulength=\count283
\Field@Width=\dimen164
\Fld@charsize=\dimen165
Package hyperref Info: Hyper figures OFF on input line 6027.
Package hyperref Info: Link nesting OFF on input line 6032.
Package hyperref Info: Hyper index ON on input line 6035.
Package hyperref Info: backreferencing OFF on input line 6042.
Package hyperref Info: Link coloring OFF on input line 6047.
Package hyperref Info: Link coloring with OCG OFF on input line 6052.
Package hyperref Info: PDF/A mode OFF on input line 6057.
LaTeX Info: Redefining \ref on input line 6097.
LaTeX Info: Redefining \pageref on input line 6101.
 (/opt/homebrew/Cellar/texlive/20220321_1/share/texmf-dist/tex/latex/base/atbegshi-ltx.sty
Package: atbegshi-ltx 2021/01/10 v1.0c Emulation of the original atbegshi
package with kernel methods
)
\Hy@abspage=\count284
\c@Item=\count285
\c@Hfootnote=\count286
)
Package hyperref Info: Driver (autodetected): hpdftex.
 (/opt/homebrew/Cellar/texlive/20220321_1/share/texmf-dist/tex/latex/hyperref/hpdftex.def
File: hpdftex.def 2022-02-21 v7.00n Hyperref driver for pdfTeX
 (/opt/homebrew/Cellar/texlive/20220321_1/share/texmf-dist/tex/latex/base/atveryend-ltx.sty
Package: atveryend-ltx 2020/08/19 v1.0a Emulation of the original atveryend package
with kernel methods
)
\Fld@listcount=\count287
\c@bookmark@seq@number=\count288
 (/opt/homebrew/Cellar/texlive/20220321_1/share/texmf-dist/tex/latex/rerunfilecheck/rerunfilecheck.sty
Package: rerunfilecheck 2019/12/05 v1.9 Rerun checks for auxiliary files (HO)
 (/opt/homebrew/Cellar/texlive/20220321_1/share/texmf-dist/tex/generic/uniquecounter/uniquecounter.sty
Package: uniquecounter 2019/12/15 v1.4 Provide unlimited unique counter (HO)
)
Package uniquecounter Info: New unique counter `rerunfilecheck' on input line 286.
)
\Hy@SectionHShift=\skip67
) (/opt/homebrew/Cellar/texlive/20220321_1/share/texmf-dist/tex/latex/amsfonts/amssymb.sty
Package: amssymb 2013/01/14 v3.01 AMS font symbols
) (/opt/homebrew/Cellar/texlive/20220321_1/share/texmf-dist/tex/latex/braket/braket.sty) (/opt/homebrew/Cellar/texlive/20220321_1/share/texmf-dist/tex/latex/siunitx/siunitx.sty
Package: siunitx 2022-02-15 v3.0.49 A comprehensive (SI) units package
\l__siunitx_angle_tmp_dim=\dimen166
\l__siunitx_angle_marker_box=\box54
\l__siunitx_angle_unit_box=\box55
\l__siunitx_compound_count_int=\count289
 (/opt/homebrew/Cellar/texlive/20220321_1/share/texmf-dist/tex/latex/translations/translations.sty
Package: translations 2022/02/05 v1.12 internationalization of LaTeX2e packages (CN)
 (/opt/homebrew/Cellar/texlive/20220321_1/share/texmf-dist/tex/latex/etoolbox/etoolbox.sty
Package: etoolbox 2020/10/05 v2.5k e-TeX tools for LaTeX (JAW)
\etb@tempcnta=\count290
))
\l__siunitx_number_exponent_fixed_int=\count291
\l__siunitx_number_min_decimal_int=\count292
\l__siunitx_number_min_integer_int=\count293
\l__siunitx_number_round_precision_int=\count294
\l__siunitx_number_group_minimum_int=\count295
\l__siunitx_table_tmp_box=\box56
\l__siunitx_table_tmp_dim=\dimen167
\l__siunitx_table_column_width_dim=\dimen168
\l__siunitx_table_integer_box=\box57
\l__siunitx_table_decimal_box=\box58
\l__siunitx_table_before_box=\box59
\l__siunitx_table_after_box=\box60
\l__siunitx_table_before_dim=\dimen169
\l__siunitx_table_carry_dim=\dimen170
\l__siunitx_unit_tmp_int=\count296
\l__siunitx_unit_position_int=\count297
\l__siunitx_unit_total_int=\count298
 (/opt/homebrew/Cellar/texlive/20220321_1/share/texmf-dist/tex/latex/l3packages/l3keys2e/l3keys2e.sty (/opt/homebrew/Cellar/texlive/20220321_1/share/texmf-dist/tex/latex/l3kernel/expl3.sty
Package: expl3 2022-02-24 L3 programming layer (loader) 
 (/opt/homebrew/Cellar/texlive/20220321_1/share/texmf-dist/tex/latex/l3backend/l3backend-pdftex.def
File: l3backend-pdftex.def 2022-02-07 L3 backend support: PDF output (pdfTeX)
\l__color_backend_stack_int=\count299
\l__pdf_internal_box=\box61
))
Package: l3keys2e 2022-01-12 LaTeX2e option processing using LaTeX3 keys
) (/opt/homebrew/Cellar/texlive/20220321_1/share/texmf-dist/tex/latex/tools/array.sty
Package: array 2021/10/04 v2.5f Tabular extension package (FMi)
\col@sep=\dimen171
\ar@mcellbox=\box62
\extrarowheight=\dimen172
\NC@list=\toks25
\extratabsurround=\skip68
\backup@length=\skip69
\ar@cellbox=\box63
)) (/opt/homebrew/Cellar/texlive/20220321_1/share/texmf-dist/tex/latex/graphics/graphicx.sty
Package: graphicx 2021/09/16 v1.2d Enhanced LaTeX Graphics (DPC,SPQR)
 (/opt/homebrew/Cellar/texlive/20220321_1/share/texmf-dist/tex/latex/graphics/graphics.sty
Package: graphics 2021/03/04 v1.4d Standard LaTeX Graphics (DPC,SPQR)
 (/opt/homebrew/Cellar/texlive/20220321_1/share/texmf-dist/tex/latex/graphics/trig.sty
Package: trig 2021/08/11 v1.11 sin cos tan (DPC)
) (/opt/homebrew/Cellar/texlive/20220321_1/share/texmf-dist/tex/latex/graphics-cfg/graphics.cfg
File: graphics.cfg 2016/06/04 v1.11 sample graphics configuration
)
Package graphics Info: Driver file: pdftex.def on input line 107.
 (/opt/homebrew/Cellar/texlive/20220321_1/share/texmf-dist/tex/latex/graphics-def/pdftex.def
File: pdftex.def 2020/10/05 v1.2a Graphics/color driver for pdftex
))
\Gin@req@height=\dimen173
\Gin@req@width=\dimen174
) (/opt/homebrew/Cellar/texlive/20220321_1/share/texmf-dist/tex/latex/epstopdf-pkg/epstopdf.sty
Package: epstopdf 2020-01-24 v2.11 Conversion with epstopdf on the fly (HO)
 (/opt/homebrew/Cellar/texlive/20220321_1/share/texmf-dist/tex/latex/grfext/grfext.sty
Package: grfext 2019/12/03 v1.3 Manage graphics extensions (HO)
) (/opt/homebrew/Cellar/texlive/20220321_1/share/texmf-dist/tex/latex/epstopdf-pkg/epstopdf-base.sty
Package: epstopdf-base 2020-01-24 v2.11 Base part for package epstopdf
Package epstopdf-base Info: Redefining graphics rule for `.eps' on input line 485.
Package grfext Info: Graphics extension search list:
(grfext)             [.pdf,.png,.jpg,.mps,.jpeg,.jbig2,.jb2,.PDF,.PNG,.JPG,.JPEG,.JBIG2,.JB2,.eps]
(grfext)             \AppendGraphicsExtensions on input line 504.
 (/opt/homebrew/Cellar/texlive/20220321_1/share/texmf-dist/tex/latex/latexconfig/epstopdf-sys.cfg
File: epstopdf-sys.cfg 2010/07/13 v1.3 Configuration of (r)epstopdf for TeX Live
))) (/opt/homebrew/Cellar/texlive/20220321_1/share/texmf-dist/tex/latex/subfig/subfig.sty
Package: subfig 2005/06/28 ver: 1.3 subfig package
 (/opt/homebrew/Cellar/texlive/20220321_1/share/texmf-dist/tex/latex/caption/caption.sty
Package: caption 2022/03/01 v3.6b Customizing captions (AR)
 (/opt/homebrew/Cellar/texlive/20220321_1/share/texmf-dist/tex/latex/caption/caption3.sty
Package: caption3 2022/03/17 v2.3b caption3 kernel (AR)
\caption@tempdima=\dimen175
\captionmargin=\dimen176
\caption@leftmargin=\dimen177
\caption@rightmargin=\dimen178
\caption@width=\dimen179
\caption@indent=\dimen180
\caption@parindent=\dimen181
\caption@hangindent=\dimen182
Package caption Info: KOMA-Script document class detected.
 (/opt/homebrew/Cellar/texlive/20220321_1/share/texmf-dist/tex/latex/caption/caption-koma.sto
File: caption-koma.sto 2020/09/21 v2.0b Adaption of the caption package to the KOMA-Script document classes (AR)
))
\c@caption@flags=\count300
\c@continuedfloat=\count301
Package caption Info: hyperref package is loaded.
)
\c@KVtest=\count302
\sf@farskip=\skip70
\sf@captopadj=\dimen183
\sf@capskip=\skip71
\sf@nearskip=\skip72
\c@subfigure=\count303
\c@subfigure@save=\count304
\c@lofdepth=\count305
\c@subtable=\count306
\c@subtable@save=\count307
\c@lotdepth=\count308
\sf@top=\skip73
\sf@bottom=\skip74
) (/opt/homebrew/Cellar/texlive/20220321_1/share/texmf-dist/tex/latex/tabulary/tabulary.sty
Package: tabulary 2014/06/11 v0.10 tabulary package (DPC)
\TY@count=\count309
\TY@linewidth=\dimen184
\tymin=\dimen185
\tymax=\dimen186
\TY@tablewidth=\dimen187
) (/opt/homebrew/Cellar/texlive/20220321_1/share/texmf-dist/tex/latex/float/float.sty
Package: float 2001/11/08 v1.3d Float enhancements (AL)
\c@float@type=\count310
\float@exts=\toks26
\float@box=\box64
\@float@everytoks=\toks27
\@floatcapt=\box65
) (/opt/homebrew/Cellar/texlive/20220321_1/share/texmf-dist/tex/latex/mhchem/hpstatement.sty (/opt/homebrew/Cellar/texlive/20220321_1/share/texmf-dist/tex/latex/l3packages/xparse/xparse.sty
Package: xparse 2022-01-12 L3 Experimental document command parser
) (/opt/homebrew/Cellar/texlive/20220321_1/share/texmf-dist/tex/generic/oberdiek/iflang.sty
Package: iflang 2018/01/21 v1.7 Checks for the current language (HO)
Package iflang Info: Naming convention for patterns: babel.
)
Package: hpstatement 2021/12/31 v2.00 H and P statements (mhchem bundle)
\g__mhchem_hp_date_int=\count311
) (/opt/homebrew/Cellar/texlive/20220321_1/share/texmf-dist/tex/latex/multirow/multirow.sty
Package: multirow 2021/03/15 v2.8 Span multiple rows of a table
\multirow@colwidth=\skip75
\multirow@cntb=\count312
\multirow@dima=\skip76
\bigstrutjot=\dimen188
) (/opt/homebrew/Cellar/texlive/20220321_1/share/texmf-dist/tex/latex/tools/bm.sty
Package: bm 2021/04/25 v1.2e Bold Symbol Support (DPC/FMi)
\symboldoperators=\mathgroup6
\symboldletters=\mathgroup7
\symboldsymbols=\mathgroup8
Package bm Info: No bold for \OMX/lmex/m/n, using \pmb.
Package bm Info: No bold for \U/msa/m/n, using \pmb.
Package bm Info: No bold for \U/msb/m/n, using \pmb.
LaTeX Font Info:    Redeclaring math alphabet \mathbf on input line 149.
) (/opt/homebrew/Cellar/texlive/20220321_1/share/texmf-dist/tex/latex/was/upgreek.sty
Package: upgreek 2003/02/12 v2.0 (WaS)
Package upgreek Info: Using Euler Roman for upright Greek on input line 31.
\symugrf@m=\mathgroup9
LaTeX Font Info:    Overwriting symbol font `ugrf@m' in version `bold'
(Font)                  U/eur/m/n --> U/eur/b/n on input line 38.
) (/opt/homebrew/Cellar/texlive/20220321_1/share/texmf-dist/tex/latex/sansmathfonts/sansmathfonts.sty
Package: sansmathfonts 2021/06/22


Package sansmathfonts Warning: The [I] package option is only compatible with the OT1 and U font encodings. I will ignore the [I] package option. on input line 47.

LaTeX Font Info:    Redeclaring symbol font `operators' on input line 76.
LaTeX Font Info:    Overwriting symbol font `operators' in version `normal'
(Font)                  OT1/lmr/m/n --> OT1/cmsmf/m/n on input line 76.
LaTeX Font Info:    Overwriting symbol font `operators' in version `bold'
(Font)                  OT1/lmr/bx/n --> OT1/cmsmf/m/n on input line 76.
LaTeX Font Info:    Redeclaring symbol font `letters' on input line 77.
LaTeX Font Info:    Overwriting symbol font `letters' in version `normal'
(Font)                  OML/lmm/m/it --> OML/cmssm/m/it on input line 77.
LaTeX Font Info:    Overwriting symbol font `letters' in version `bold'
(Font)                  OML/lmm/b/it --> OML/cmssm/m/it on input line 77.
LaTeX Font Info:    Redeclaring symbol font `symbols' on input line 78.
LaTeX Font Info:    Overwriting symbol font `symbols' in version `normal'
(Font)                  OMS/lmsy/m/n --> OMS/cmsssy/m/n on input line 78.
LaTeX Font Info:    Overwriting symbol font `symbols' in version `bold'
(Font)                  OMS/lmsy/b/n --> OMS/cmsssy/m/n on input line 78.
LaTeX Font Info:    Redeclaring symbol font `largesymbols' on input line 79.
LaTeX Font Info:    Overwriting symbol font `largesymbols' in version `normal'
(Font)                  OMX/lmex/m/n --> OMX/cmssex/m/n on input line 79.
LaTeX Font Info:    Overwriting symbol font `largesymbols' in version `bold'
(Font)                  OMX/lmex/m/n --> OMX/cmssex/m/n on input line 79.
LaTeX Font Info:    Overwriting symbol font `operators' in version `bold'
(Font)                  OT1/cmsmf/m/n --> OT1/cmsmf/bx/n on input line 80.
LaTeX Font Info:    Overwriting symbol font `letters' in version `bold'
(Font)                  OML/cmssm/m/it --> OML/cmssm/b/it on input line 81.
LaTeX Font Info:    Overwriting symbol font `symbols' in version `bold'
(Font)                  OMS/cmsssy/m/n --> OMS/cmsssy/b/n on input line 82.
LaTeX Font Info:    Redeclaring math alphabet \mathbf on input line 129.
LaTeX Font Info:    Redeclaring math alphabet \mathit on input line 130.
LaTeX Font Info:    Overwriting math alphabet `\mathit' in version `normal'
(Font)                  OT1/lmr/m/it --> OT1/cmsmf/m/it on input line 130.
LaTeX Font Info:    Overwriting math alphabet `\mathit' in version `bold'
(Font)                  OT1/lmr/bx/it --> OT1/cmsmf/m/it on input line 130.
LaTeX Font Info:    Redeclaring math alphabet \mathtt on input line 131.
LaTeX Font Info:    Overwriting math alphabet `\mathtt' in version `normal'
(Font)                  OT1/lmtt/m/n --> OT1/cmtt/m/n on input line 131.
LaTeX Font Info:    Overwriting math alphabet `\mathtt' in version `bold'
(Font)                  OT1/lmtt/m/n --> OT1/cmtt/m/n on input line 131.
LaTeX Font Info:    Overwriting math alphabet `\mathsf' in version `bold'
(Font)                  OT1/lmss/bx/n --> OT1/cmsmf/bx/n on input line 132.
LaTeX Font Info:    Overwriting math alphabet `\mathit' in version `bold'
(Font)                  OT1/cmsmf/m/it --> OT1/cmsmf/bx/it on input line 133.
LaTeX Font Info:    Redeclaring math alphabet \mathsf on input line 138.
LaTeX Font Info:    Overwriting math alphabet `\mathsf' in version `normal'
(Font)                  OT1/lmss/m/n --> OT1/cmsmf/m/n on input line 138.
LaTeX Font Info:    Overwriting math alphabet `\mathsf' in version `bold'
(Font)                  OT1/cmsmf/bx/n --> OT1/cmsmf/m/n on input line 138.
) (/opt/homebrew/Cellar/texlive/20220321_1/share/texmf-dist/tex/latex/geometry/geometry.sty
Package: geometry 2020/01/02 v5.9 Page Geometry
 (/opt/homebrew/Cellar/texlive/20220321_1/share/texmf-dist/tex/generic/iftex/ifvtex.sty
Package: ifvtex 2019/10/25 v1.7 ifvtex legacy package. Use iftex instead.
)
\Gm@cnth=\count313
\Gm@cntv=\count314
\c@Gm@tempcnt=\count315
\Gm@bindingoffset=\dimen189
\Gm@wd@mp=\dimen190
\Gm@odd@mp=\dimen191
\Gm@even@mp=\dimen192
\Gm@layoutwidth=\dimen193
\Gm@layoutheight=\dimen194
\Gm@layouthoffset=\dimen195
\Gm@layoutvoffset=\dimen196
\Gm@dimlist=\toks28
) (/opt/homebrew/Cellar/texlive/20220321_1/share/texmf-dist/tex/latex/setspace/setspace.sty
Package: setspace 2011/12/19 v6.7a set line spacing
) (/opt/homebrew/Cellar/texlive/20220321_1/share/texmf-dist/tex/latex/listings/listings.sty
\lst@mode=\count316
\lst@gtempboxa=\box66
\lst@token=\toks29
\lst@length=\count317
\lst@currlwidth=\dimen197
\lst@column=\count318
\lst@pos=\count319
\lst@lostspace=\dimen198
\lst@width=\dimen199
\lst@newlines=\count320
\lst@lineno=\count321
\lst@maxwidth=\dimen256
 (/opt/homebrew/Cellar/texlive/20220321_1/share/texmf-dist/tex/latex/listings/lstmisc.sty
File: lstmisc.sty 2020/03/24 1.8d (Carsten Heinz)
\c@lstnumber=\count322
\lst@skipnumbers=\count323
\lst@framebox=\box67
) (/opt/homebrew/Cellar/texlive/20220321_1/share/texmf-dist/tex/latex/listings/listings.cfg
File: listings.cfg 2020/03/24 1.8d listings configuration
))
Package: listings 2020/03/24 1.8d (Carsten Heinz)
 (/opt/homebrew/Cellar/texlive/20220321_1/share/texmf-dist/tex/latex/csquotes/csquotes.sty
Package: csquotes 2021-02-22 v5.2l context-sensitive quotations (JAW)
\csq@reset=\count324
\csq@gtype=\count325
\csq@glevel=\count326
\csq@qlevel=\count327
\csq@maxlvl=\count328
\csq@tshold=\count329
\csq@ltx@everypar=\toks30
 (/opt/homebrew/Cellar/texlive/20220321_1/share/texmf-dist/tex/latex/csquotes/csquotes.def
File: csquotes.def 2021-02-22 v5.2l csquotes generic definitions (JAW)
)
Package csquotes Info: Trying to load configuration file 'csquotes.cfg'...
Package csquotes Info: ... configuration file loaded successfully.
 (/opt/homebrew/Cellar/texlive/20220321_1/share/texmf-dist/tex/latex/csquotes/csquotes.cfg
File: csquotes.cfg 
)) (/opt/homebrew/Cellar/texlive/20220321_1/share/texmf-dist/tex/latex/pdfpages/pdfpages.sty
Package: pdfpages 2022/01/29 v0.5u Insert pages of external PDF documents (AM)
 (/opt/homebrew/Cellar/texlive/20220321_1/share/texmf-dist/tex/latex/base/ifthen.sty
Package: ifthen 2020/11/24 v1.1c Standard LaTeX ifthen package (DPC)
) (/opt/homebrew/Cellar/texlive/20220321_1/share/texmf-dist/tex/latex/tools/calc.sty
Package: calc 2017/05/25 v4.3 Infix arithmetic (KKT,FJ)
\calc@Acount=\count330
\calc@Bcount=\count331
\calc@Adimen=\dimen257
\calc@Bdimen=\dimen258
\calc@Askip=\skip77
\calc@Bskip=\skip78
LaTeX Info: Redefining \setlength on input line 80.
LaTeX Info: Redefining \addtolength on input line 81.
\calc@Ccount=\count332
\calc@Cskip=\skip79
) (/opt/homebrew/Cellar/texlive/20220321_1/share/texmf-dist/tex/latex/eso-pic/eso-pic.sty
Package: eso-pic 2020/10/14 v3.0a eso-pic (RN)
\ESO@tempdima=\dimen259
\ESO@tempdimb=\dimen260
 (/opt/homebrew/Cellar/texlive/20220321_1/share/texmf-dist/tex/latex/xcolor/xcolor.sty
Package: xcolor 2021/10/31 v2.13 LaTeX color extensions (UK)
 (/opt/homebrew/Cellar/texlive/20220321_1/share/texmf-dist/tex/latex/graphics-cfg/color.cfg
File: color.cfg 2016/01/02 v1.6 sample color configuration
)
Package xcolor Info: Driver file: pdftex.def on input line 227.
Package xcolor Info: Model `cmy' substituted by `cmy0' on input line 1352.
Package xcolor Info: Model `hsb' substituted by `rgb' on input line 1356.
Package xcolor Info: Model `RGB' extended on input line 1368.
Package xcolor Info: Model `HTML' substituted by `rgb' on input line 1370.
Package xcolor Info: Model `Hsb' substituted by `hsb' on input line 1371.
Package xcolor Info: Model `tHsb' substituted by `hsb' on input line 1372.
Package xcolor Info: Model `HSB' substituted by `hsb' on input line 1373.
Package xcolor Info: Model `Gray' substituted by `gray' on input line 1374.
Package xcolor Info: Model `wave' substituted by `hsb' on input line 1375.
))
\AM@pagewidth=\dimen261
\AM@pageheight=\dimen262
\AM@fboxrule=\dimen263
 (/opt/homebrew/Cellar/texlive/20220321_1/share/texmf-dist/tex/latex/pdfpages/pppdftex.def
File: pppdftex.def 2022/01/29 v0.5u Pdfpages driver for pdfTeX (AM)
)
\pdfpages@includegraphics@status=\count333
\AM@pagebox=\box68
\AM@global@opts=\toks31
\AM@pagecnt=\count334
\AM@toc@title=\toks32
\c@AM@survey=\count335
\AM@templatesizebox=\box69
) (/opt/homebrew/Cellar/texlive/20220321_1/share/texmf-dist/tex/latex/was/gensymb.sty
Package: gensymb 2003/07/02 v1.0 (WaS)
) (/opt/homebrew/Cellar/texlive/20220321_1/share/texmf-dist/tex/latex/biblatex/biblatex.sty
Package: biblatex 2022/02/02 v3.17 programmable bibliographies (PK/MW)
 (/opt/homebrew/Cellar/texlive/20220321_1/share/texmf-dist/tex/latex/logreq/logreq.sty
Package: logreq 2010/08/04 v1.0 xml request logger
\lrq@indent=\count336
 (/opt/homebrew/Cellar/texlive/20220321_1/share/texmf-dist/tex/latex/logreq/logreq.def
File: logreq.def 2010/08/04 v1.0 logreq spec v1.0
))
\c@tabx@nest=\count337
\c@listtotal=\count338
\c@listcount=\count339
\c@liststart=\count340
\c@liststop=\count341
\c@citecount=\count342
\c@citetotal=\count343
\c@multicitecount=\count344
\c@multicitetotal=\count345
\c@instcount=\count346
\c@maxnames=\count347
\c@minnames=\count348
\c@maxitems=\count349
\c@minitems=\count350
\c@citecounter=\count351
\c@maxcitecounter=\count352
\c@savedcitecounter=\count353
\c@uniquelist=\count354
\c@uniquename=\count355
\c@refsection=\count356
\c@refsegment=\count357
\c@maxextratitle=\count358
\c@maxextratitleyear=\count359
\c@maxextraname=\count360
\c@maxextradate=\count361
\c@maxextraalpha=\count362
\c@abbrvpenalty=\count363
\c@highnamepenalty=\count364
\c@lownamepenalty=\count365
\c@maxparens=\count366
\c@parenlevel=\count367
\blx@tempcnta=\count368
\blx@tempcntb=\count369
\blx@tempcntc=\count370
\c@blx@maxsection=\count371
\c@blx@maxsegment@0=\count372
\blx@notetype=\count373
\blx@parenlevel@text=\count374
\blx@parenlevel@foot=\count375
\c@blx@sectionciteorder@0=\count376
\blx@entrysetcounter=\count377
\blx@biblioinstance=\count378
\labelnumberwidth=\skip80
\labelalphawidth=\skip81
\biblabelsep=\skip82
\bibitemsep=\skip83
\bibnamesep=\skip84
\bibinitsep=\skip85
\bibparsep=\skip86
\bibhang=\skip87
\blx@bcfin=\read3
\blx@bcfout=\write3
\blx@langwohyphens=\language88
\c@mincomprange=\count379
\c@maxcomprange=\count380
\c@mincompwidth=\count381
Package biblatex Info: Trying to load biblatex default data model...
Package biblatex Info: ... file 'blx-dm.def' found.
 (/opt/homebrew/Cellar/texlive/20220321_1/share/texmf-dist/tex/latex/biblatex/blx-dm.def
File: blx-dm.def 2022/02/02 v3.17 biblatex localization (PK/MW)
)
Package biblatex Info: Trying to load biblatex style data model...
Package biblatex Info: ... file 'ieee.dbx' not found.
Package biblatex Info: Trying to load biblatex custom data model...
Package biblatex Info: ... file 'biblatex-dm.cfg' not found.
\c@afterword=\count382
\c@savedafterword=\count383
\c@annotator=\count384
\c@savedannotator=\count385
\c@author=\count386
\c@savedauthor=\count387
\c@bookauthor=\count388
\c@savedbookauthor=\count389
\c@commentator=\count390
\c@savedcommentator=\count391
\c@editor=\count392
\c@savededitor=\count393
\c@editora=\count394
\c@savededitora=\count395
\c@editorb=\count396
\c@savededitorb=\count397
\c@editorc=\count398
\c@savededitorc=\count399
\c@foreword=\count400
\c@savedforeword=\count401
\c@holder=\count402
\c@savedholder=\count403
\c@introduction=\count404
\c@savedintroduction=\count405
\c@namea=\count406
\c@savednamea=\count407
\c@nameb=\count408
\c@savednameb=\count409
\c@namec=\count410
\c@savednamec=\count411
\c@translator=\count412
\c@savedtranslator=\count413
\c@shortauthor=\count414
\c@savedshortauthor=\count415
\c@shorteditor=\count416
\c@savedshorteditor=\count417
\c@labelname=\count418
\c@savedlabelname=\count419
\c@institution=\count420
\c@savedinstitution=\count421
\c@lista=\count422
\c@savedlista=\count423
\c@listb=\count424
\c@savedlistb=\count425
\c@listc=\count426
\c@savedlistc=\count427
\c@listd=\count428
\c@savedlistd=\count429
\c@liste=\count430
\c@savedliste=\count431
\c@listf=\count432
\c@savedlistf=\count433
\c@location=\count434
\c@savedlocation=\count435
\c@organization=\count436
\c@savedorganization=\count437
\c@origlocation=\count438
\c@savedoriglocation=\count439
\c@origpublisher=\count440
\c@savedorigpublisher=\count441
\c@publisher=\count442
\c@savedpublisher=\count443
\c@language=\count444
\c@savedlanguage=\count445
\c@origlanguage=\count446
\c@savedoriglanguage=\count447
\c@pageref=\count448
\c@savedpageref=\count449
\shorthandwidth=\skip88
\shortjournalwidth=\skip89
\shortserieswidth=\skip90
\shorttitlewidth=\skip91
\shortauthorwidth=\skip92
\shorteditorwidth=\skip93
\locallabelnumberwidth=\skip94
\locallabelalphawidth=\skip95
\localshorthandwidth=\skip96
\localshortjournalwidth=\skip97
\localshortserieswidth=\skip98
\localshorttitlewidth=\skip99
\localshortauthorwidth=\skip100
\localshorteditorwidth=\skip101
Package biblatex Info: Trying to load compatibility code...
Package biblatex Info: ... file 'blx-compat.def' found.
 (/opt/homebrew/Cellar/texlive/20220321_1/share/texmf-dist/tex/latex/biblatex/blx-compat.def
File: blx-compat.def 2022/02/02 v3.17 biblatex compatibility (PK/MW)
)
Package biblatex Info: Trying to load generic definitions...
Package biblatex Info: ... file 'biblatex.def' found.
 (/opt/homebrew/Cellar/texlive/20220321_1/share/texmf-dist/tex/latex/biblatex/biblatex.def
File: biblatex.def 2022/02/02 v3.17 biblatex compatibility (PK/MW)
\c@textcitecount=\count450
\c@textcitetotal=\count451
\c@textcitemaxnames=\count452
\c@biburlbigbreakpenalty=\count453
\c@biburlbreakpenalty=\count454
\c@biburlnumpenalty=\count455
\c@biburlucpenalty=\count456
\c@biburllcpenalty=\count457
\biburlbigskip=\muskip18
\biburlnumskip=\muskip19
\biburlucskip=\muskip20
\biburllcskip=\muskip21
\c@smartand=\count458
)
Package biblatex Info: Trying to load bibliography style 'ieee'...
Package biblatex Info: ... file 'ieee.bbx' found.
 (/opt/homebrew/Cellar/texlive/20220321_1/share/texmf-dist/tex/latex/biblatex-ieee/ieee.bbx
File: ieee.bbx 2021/12/06 v1.3f biblatex bibliography style
Package biblatex Info: Trying to load bibliography style 'numeric-comp'...
Package biblatex Info: ... file 'numeric-comp.bbx' found.
 (/opt/homebrew/Cellar/texlive/20220321_1/share/texmf-dist/tex/latex/biblatex/bbx/numeric-comp.bbx
File: numeric-comp.bbx 2022/02/02 v3.17 biblatex bibliography style (PK/MW)
Package biblatex Info: Trying to load bibliography style 'numeric'...
Package biblatex Info: ... file 'numeric.bbx' found.
 (/opt/homebrew/Cellar/texlive/20220321_1/share/texmf-dist/tex/latex/biblatex/bbx/numeric.bbx
File: numeric.bbx 2022/02/02 v3.17 biblatex bibliography style (PK/MW)
Package biblatex Info: Trying to load bibliography style 'standard'...
Package biblatex Info: ... file 'standard.bbx' found.
 (/opt/homebrew/Cellar/texlive/20220321_1/share/texmf-dist/tex/latex/biblatex/bbx/standard.bbx
File: standard.bbx 2022/02/02 v3.17 biblatex bibliography style (PK/MW)
\c@bbx:relatedcount=\count459
\c@bbx:relatedtotal=\count460
))))
Package biblatex Info: Trying to load citation style 'numeric-comp'...
Package biblatex Info: ... file 'numeric-comp.cbx' found.
 (/opt/homebrew/Cellar/texlive/20220321_1/share/texmf-dist/tex/latex/biblatex/cbx/numeric-comp.cbx
File: numeric-comp.cbx 2022/02/02 v3.17 biblatex citation style (PK/MW)
\c@cbx@tempcnta=\count461
\c@cbx@tempcntb=\count462
\c@cbx@tempcntc=\count463
\c@cbx@tempcntd=\count464
Package biblatex Info: Redefining '\cite'.
Package biblatex Info: Redefining '\parencite'.
Package biblatex Info: Redefining '\footcite'.
Package biblatex Info: Redefining '\footcitetext'.
Package biblatex Info: Redefining '\smartcite'.
Package biblatex Info: Redefining '\supercite'.
Package biblatex Info: Redefining '\textcite'.
Package biblatex Info: Redefining '\textcites'.
Package biblatex Info: Redefining '\cites'.
Package biblatex Info: Redefining '\parencites'.
Package biblatex Info: Redefining '\smartcites'.
)
Package biblatex Info: Trying to load configuration file...
Package biblatex Info: ... file 'biblatex.cfg' found.
 (/opt/homebrew/Cellar/texlive/20220321_1/share/texmf-dist/tex/latex/biblatex/biblatex.cfg
File: biblatex.cfg 
)
Package biblatex Info: Input encoding 'utf8' detected.
Package biblatex Info: Document encoding is UTF8 ....
Package biblatex Info: ... and expl3
(biblatex)             2022-02-24 L3 programming layer (loader) 
(biblatex)             is new enough (at least 2020/04/06),
(biblatex)             setting 'casechanger=expl3'.
 (/opt/homebrew/Cellar/texlive/20220321_1/share/texmf-dist/tex/latex/biblatex/blx-case-expl3.sty
Package: blx-case-expl3 2022/02/02 v3.17 expl3 case changing code for biblatex
))
Package biblatex Info: Redefining '\supercite' on input line 70.
 (/opt/homebrew/Cellar/texlive/20220321_1/share/texmf-dist/tex/latex/listings/lstlang1.sty
File: lstlang1.sty 2020/03/24 1.8d listings language file
) (/opt/homebrew/Cellar/texlive/20220321_1/share/texmf-dist/tex/latex/listings/lstmisc.sty
File: lstmisc.sty 2020/03/24 1.8d (Carsten Heinz)
)
Package csquotes Info: Checking for multilingual support...
Package csquotes Info: ... found 'babel' package.
Package csquotes Info: Adjusting default style.
Package csquotes Info: Redefining alias 'default' -> 'english'.
LaTeX Font Info:    Trying to load font information for T1+xcmss on input line 122.
 (/opt/homebrew/Cellar/texlive/20220321_1/share/texmf-dist/tex/latex/sansmathfonts/t1xcmss.fd
File: t1xcmss.fd 2021/06/22
) (./main.aux)
\openout1 = `main.aux'.

LaTeX Font Info:    Checking defaults for OML/cmssm/m/it on input line 122.
LaTeX Font Info:    Trying to load font information for OML+cmssm on input line 122.
 (/opt/homebrew/Cellar/texlive/20220321_1/share/texmf-dist/tex/latex/sansmathfonts/omlcmssm.fd
File: omlcmssm.fd 2019/04/04
)
LaTeX Font Info:    ... okay on input line 122.
LaTeX Font Info:    Checking defaults for OMS/cmsssy/m/n on input line 122.
LaTeX Font Info:    Trying to load font information for OMS+cmsssy on input line 122.
 (/opt/homebrew/Cellar/texlive/20220321_1/share/texmf-dist/tex/latex/sansmathfonts/omscmsssy.fd
File: omscmsssy.fd 2019/04/04
)
LaTeX Font Info:    ... okay on input line 122.
LaTeX Font Info:    Checking defaults for OT1/cmr/m/n on input line 122.
LaTeX Font Info:    ... okay on input line 122.
LaTeX Font Info:    Checking defaults for T1/cmr/m/n on input line 122.
LaTeX Font Info:    ... okay on input line 122.
LaTeX Font Info:    Checking defaults for TS1/cmr/m/n on input line 122.
LaTeX Font Info:    ... okay on input line 122.
LaTeX Font Info:    Checking defaults for OMX/cmssex/m/n on input line 122.
LaTeX Font Info:    Trying to load font information for OMX+cmssex on input line 122.
 (/opt/homebrew/Cellar/texlive/20220321_1/share/texmf-dist/tex/latex/sansmathfonts/omxcmssex.fd
File: omxcmssex.fd 2021/06/22
)
LaTeX Font Info:    ... okay on input line 122.
LaTeX Font Info:    Checking defaults for U/xcmss/m/n on input line 122.
LaTeX Font Info:    Trying to load font information for U+xcmss on input line 122.
 (/opt/homebrew/Cellar/texlive/20220321_1/share/texmf-dist/tex/latex/sansmathfonts/uxcmss.fd
File: uxcmss.fd 2021/06/22
)
LaTeX Font Info:    ... okay on input line 122.
LaTeX Font Info:    Checking defaults for PD1/pdf/m/n on input line 122.
LaTeX Font Info:    ... okay on input line 122.
LaTeX Font Info:    Checking defaults for PU/pdf/m/n on input line 122.
LaTeX Font Info:    ... okay on input line 122.
Package scrbase Info: activating english \contentsname on input line 122.
Package scrbase Info: activating english \listfigurename on input line 122.
Package scrbase Info: activating english \listtablename on input line 122.
Package hyperref Info: Link coloring OFF on input line 122.
 (/opt/homebrew/Cellar/texlive/20220321_1/share/texmf-dist/tex/latex/hyperref/nameref.sty
Package: nameref 2021-04-02 v2.47 Cross-referencing by name of section
 (/opt/homebrew/Cellar/texlive/20220321_1/share/texmf-dist/tex/latex/refcount/refcount.sty
Package: refcount 2019/12/15 v3.6 Data extraction from label references (HO)
) (/opt/homebrew/Cellar/texlive/20220321_1/share/texmf-dist/tex/generic/gettitlestring/gettitlestring.sty
Package: gettitlestring 2019/12/15 v1.6 Cleanup title references (HO)
)
\c@section@level=\count465
)
LaTeX Info: Redefining \ref on input line 122.
LaTeX Info: Redefining \pageref on input line 122.
LaTeX Info: Redefining \nameref on input line 122.
\@outlinefile=\write4
\openout4 = `main.out'.

Class scrreprt Info: loading recommended package `bookmark'.
(scrreprt)           Using `bookmark' together with `hyperref' is recommended,
(scrreprt)           because of handling of possible bookmark level gaps.
(scrreprt)           You can avoid loading `bookmark' with KOMA-Script option
(scrreprt)           `bookmarkpackage=false' before \begin{document} and
(scrreprt)           you can avoid this message adding:
(scrreprt)             \usepackage{bookmark}
(scrreprt)           before \begin{document} on input line 122.
 (/opt/homebrew/Cellar/texlive/20220321_1/share/texmf-dist/tex/latex/bookmark/bookmark.sty
Package: bookmark 2020-11-06 v1.29 PDF bookmarks (HO)
 (/opt/homebrew/Cellar/texlive/20220321_1/share/texmf-dist/tex/latex/bookmark/bkm-pdftex.def
File: bkm-pdftex.def 2020-11-06 v1.29 bookmark driver for pdfTeX (HO)
\BKM@id=\count466
)) (/opt/homebrew/Cellar/texlive/20220321_1/share/texmf-dist/tex/latex/translations/translations-basic-dictionary-english.trsl
File: translations-basic-dictionary-english.trsl (english translation file `translations-basic-dictionary')
)
Package translations Info: loading dictionary `translations-basic-dictionary' for `english'. on input line 122.
 (/opt/homebrew/Cellar/texlive/20220321_1/share/texmf-dist/tex/context/base/mkii/supp-pdf.mkii
[Loading MPS to PDF converter (version 2006.09.02).]
\scratchcounter=\count467
\scratchdimen=\dimen264
\scratchbox=\box70
\nofMPsegments=\count468
\nofMParguments=\count469
\everyMPshowfont=\toks33
\MPscratchCnt=\count470
\MPscratchDim=\dimen265
\MPnumerator=\count471
\makeMPintoPDFobject=\count472
\everyMPtoPDFconversion=\toks34
)
Package caption Info: Begin \AtBeginDocument code.
Package caption Info: subfig package v1.3 is loaded.
Package caption Info: float package is loaded.
Package caption Info: listings package is loaded.
Package caption Info: End \AtBeginDocument code.
LaTeX Font Info:    Redeclaring symbol font `AMSa' on input line 122.
LaTeX Font Info:    Overwriting symbol font `AMSa' in version `normal'
(Font)                  U/msa/m/n --> U/ssmsa/m/n on input line 122.
LaTeX Font Info:    Overwriting symbol font `AMSa' in version `bold'
(Font)                  U/msa/m/n --> U/ssmsa/m/n on input line 122.
LaTeX Font Info:    Redeclaring symbol font `AMSb' on input line 122.
LaTeX Font Info:    Overwriting symbol font `AMSb' in version `normal'
(Font)                  U/msb/m/n --> U/ssmsb/m/n on input line 122.
LaTeX Font Info:    Overwriting symbol font `AMSb' in version `bold'
(Font)                  U/msb/m/n --> U/ssmsb/m/n on input line 122.

*geometry* driver: auto-detecting
*geometry* detected driver: pdftex
*geometry* verbose mode - [ preamble ] result:
* driver: pdftex
* paper: <default>
* layout: <same size as paper>
* layoutoffset:(h,v)=(0.0pt,0.0pt)
* modes: 
* h-part:(L,W,R)=(71.13188pt, 455.24417pt, 71.13188pt)
* v-part:(T,H,B)=(71.13188pt, 702.78317pt, 71.13188pt)
* \paperwidth=597.50793pt
* \paperheight=845.04694pt
* \textwidth=455.24417pt
* \textheight=702.78317pt
* \oddsidemargin=-1.1381pt
* \evensidemargin=-1.1381pt
* \topmargin=-38.53812pt
* \headheight=17.0pt
* \headsep=20.40001pt
* \topskip=11.0pt
* \footskip=47.6pt
* \marginparwidth=59.7508pt
* \marginparsep=12.8401pt
* \columnsep=10.0pt
* \skip\footins=10.0pt plus 4.0pt minus 2.0pt
* \hoffset=0.0pt
* \voffset=0.0pt
* \mag=1000
* \@twocolumnfalse
* \@twosidefalse
* \@mparswitchfalse
* \@reversemarginfalse
* (1in=72.27pt=25.4mm, 1cm=28.453pt)

\c@lstlisting=\count473
(/opt/homebrew/Cellar/texlive/20220321_1/share/texmf-dist/tex/latex/pdflscape/pdflscape.sty
Package: pdflscape 2019/12/05 v0.12 Display of landscape pages in PDF (HO)
 (/opt/homebrew/Cellar/texlive/20220321_1/share/texmf-dist/tex/latex/graphics/lscape.sty
Package: lscape 2020/05/28 v3.02 Landscape Pages (DPC)
)
Package pdflscape Info: Auto-detected driver: pdftex on input line 81.
)
LaTeX Info: Redefining \celsius on input line 122.
Package gensymb Info: Faking symbols for \degree and \celsius on input line 122.


Package gensymb Warning: Not defining \perthousand.

LaTeX Info: Redefining \ohm on input line 122.
Package gensymb Info: Using \Omega for \ohm on input line 122.

Package gensymb Warning: Not defining \micro.

Package biblatex Info: Trying to load language 'english'...
Package biblatex Info: ... file 'english.lbx' found.
(/opt/homebrew/Cellar/texlive/20220321_1/share/texmf-dist/tex/latex/biblatex/lbx/english.lbx
File: english.lbx 2022/02/02 v3.17 biblatex localization (PK/MW)
)
Package biblatex Info: Input encoding 'utf8' detected.
Package biblatex Info: Automatic encoding selection.
(biblatex)             Assuming data encoding 'utf8'.
\openout3 = `main.bcf'.

Package biblatex Info: Trying to load bibliographic data...
Package biblatex Info: ... file 'main.bbl' not found.

No file main.bbl.
Package biblatex Info: Reference section=0 on input line 122.
Package biblatex Info: Reference segment=0 on input line 122.
LaTeX Font Info:    Trying to load font information for T1+lmtt on input line 131.
(/opt/homebrew/Cellar/texlive/20220321_1/share/texmf-dist/tex/latex/lm/t1lmtt.fd
File: t1lmtt.fd 2015/05/01 v1.6.1 Font defs for Latin Modern
)

LaTeX Font Warning: Font shape `T1/xcmss/b/n' in size <10.95> not available
(Font)              Font shape `T1/xcmss/bx/n' tried instead on input line 138.


LaTeX Font Warning: Font shape `T1/xcmss/b/n' in size <24.88> not available
(Font)              Font shape `T1/xcmss/bx/n' tried instead on input line 138.


LaTeX Font Warning: Font shape `T1/xcmss/b/n' in size <14.4> not available
(Font)              Font shape `T1/xcmss/bx/n' tried instead on input line 143.

[1

{/opt/homebrew/Cellar/texlive/20220321_1/share/texmf-dist/fonts/map/pdftex/updmap/pdftex.map}]

LaTeX Font Warning: Font shape `T1/xcmss/b/n' in size <20.74> not available
(Font)              Font shape `T1/xcmss/bx/n' tried instead on input line 173.

[1]
\tf@toc=\write5
\openout5 = `main.toc'.

 [1]
\tf@lof=\write6
\openout6 = `main.lof'.

\tf@lot=\write7
\openout7 = `main.lot'.

 [2]
chapter without number

Class scrreprt Warning: \float@addtolists detected!
(scrreprt)              Implementation of \float@addtolist became
(scrreprt)              deprecated in KOMA-Script v3.01 2008/11/14 and
(scrreprt)              has been replaced by several more flexible
(scrreprt)              features of package `tocbasic`.
(scrreprt)              Since Version 3.12 support for deprecated
(scrreprt)              \float@addtolist interface has been
(scrreprt)              restricted to only some of the KOMA-Script
(scrreprt)              features and been removed from others.
(scrreprt)              Loading of package `scrhack' may help to
(scrreprt)              avoid this warning, if you are using a
(scrreprt)              a package that still implements the
(scrreprt)              deprecated \float@addtolist interface.

LaTeX Font Info:    Trying to load font information for OT1+cmsmf on input line 195.
(/opt/homebrew/Cellar/texlive/20220321_1/share/texmf-dist/tex/latex/sansmathfonts/ot1cmsmf.fd
File: ot1cmsmf.fd 2021/06/22
)
LaTeX Font Info:    Trying to load font information for U+ssmsa on input line 195.
 (/opt/homebrew/Cellar/texlive/20220321_1/share/texmf-dist/tex/latex/sansmathfonts/ussmsa.fd
File: ussmsa.fd 2019/04/04
)
LaTeX Font Info:    Trying to load font information for U+ssmsb on input line 195.
 (/opt/homebrew/Cellar/texlive/20220321_1/share/texmf-dist/tex/latex/sansmathfonts/ussmsb.fd
File: ussmsb.fd 2019/04/04
)
LaTeX Font Info:    Trying to load font information for OT1+lmr on input line 195.
 (/opt/homebrew/Cellar/texlive/20220321_1/share/texmf-dist/tex/latex/lm/ot1lmr.fd
File: ot1lmr.fd 2015/05/01 v1.6.1 Font defs for Latin Modern
)
LaTeX Font Info:    Trying to load font information for OML+lmm on input line 195.
 (/opt/homebrew/Cellar/texlive/20220321_1/share/texmf-dist/tex/latex/lm/omllmm.fd
File: omllmm.fd 2015/05/01 v1.6.1 Font defs for Latin Modern
)
LaTeX Font Info:    Trying to load font information for OMS+lmsy on input line 195.
 (/opt/homebrew/Cellar/texlive/20220321_1/share/texmf-dist/tex/latex/lm/omslmsy.fd
File: omslmsy.fd 2015/05/01 v1.6.1 Font defs for Latin Modern
) [3]
\openout2 = `sections/Motivation.aux'.

 (./sections/Motivation.tex
chapter 1.

LaTeX Warning: Citation 'Gesmundo2018Robotics' on page 1 undefined on input line 2.


LaTeX Font Warning: Font shape `T1/xcmss/b/n' in size <8> not available
(Font)              Font shape `T1/xcmss/bx/n' tried instead on input line 2.


LaTeX Warning: Citation 'Li2018Robotics' on page 1 undefined on input line 2.


LaTeX Warning: Citation 'Schmitz2021' on page 1 undefined on input line 3.


LaTeX Warning: Citation 'Goerigk2017' on page 1 undefined on input line 5.


LaTeX Warning: Citation 'CCCBDB' on page 1 undefined on input line 6.


LaTeX Warning: Citation 'Katari2017' on page 1 undefined on input line 14.


LaTeX Warning: Citation 'Michalska2005' on page 1 undefined on input line 14.


LaTeX Warning: Citation 'Neto2017' on page 1 undefined on input line 14.


LaTeX Warning: Citation 'delCampo2008' on page 1 undefined on input line 15.


LaTeX Warning: Citation 'Jensen2013' on page 1 undefined on input line 17.


LaTeX Warning: Reference `eq:HessianExample' on page 1 undefined on input line 18.


LaTeX Warning: Citation 'SpicherSHP2021' on page 1 undefined on input line 30.


Underfull \hbox (badness 10000) in paragraph at lines 29--32

 []


pdfTeX warning (ext4): destination with the same identifier (name{page.1}) has been already used, duplicate ignored
<to be read again> 
                   \relax 
l.32 \newpage
              [1

] [2]

LaTeX Warning: Citation 'Lindh1995' on page 3 undefined on input line 33.


LaTeX Warning: Citation 'Sanders2015' on page 3 undefined on input line 33.


LaTeX Warning: Citation 'SpicherSHP2021' on page 3 undefined on input line 33.


LaTeX Warning: Citation 'SpicherSHP2021' on page 3 undefined on input line 38.


LaTeX Warning: Citation 'Sanders2015' on page 3 undefined on input line 44.

)
Overfull \hbox (102.54576pt too wide) in paragraph at lines 33--223
[]\T1/xcmss/m/n/10.95 There are al-ready ap-proaches for ac-cel-er-at-ing the com-pu-ta-tion of the Hes-sian in literature.$[]$
 []

[3]
\openout2 = `sections/Theory.aux'.

 (./sections/Theory.tex
chapter 2.

LaTeX Warning: Citation 'Stone2016' on page 4 undefined on input line 9.


LaTeX Warning: Reference `fig:EulerAngles' on page 4 undefined on input line 11.

Package epstopdf Info: Source file: <sections/TheoryGraphs/EulerAngle.eps>
(epstopdf)                    date: 2022-08-22 15:07:57
(epstopdf)                    size: 380692 bytes
(epstopdf)             Output file: <sections/TheoryGraphs/EulerAngle-eps-converted-to.pdf>
(epstopdf)                    date: 2022-08-22 15:07:57
(epstopdf)                    size: 475318 bytes
(epstopdf)             Command: <repstopdf --outfile=sections/TheoryGraphs/EulerAngle-eps-converted-to.pdf sections/TheoryGraphs/EulerAngle.eps>
(epstopdf)             \includegraphics on input line 22.
Package epstopdf Info: Output file is already uptodate.
<sections/TheoryGraphs/EulerAngle-eps-converted-to.pdf, id=57, 397.485pt x 397.485pt>
File: sections/TheoryGraphs/EulerAngle-eps-converted-to.pdf Graphic file (type pdf)
<use sections/TheoryGraphs/EulerAngle-eps-converted-to.pdf>
Package pdftex.def Info: sections/TheoryGraphs/EulerAngle-eps-converted-to.pdf  used on input line 22.
(pdftex.def)             Requested size: 364.19672pt x 364.20468pt.

Underfull \hbox (badness 10000) in paragraph at lines 8--27

 []

[4



]

LaTeX Warning: Reference `eq:rotMatZ' on page 5 undefined on input line 31.


LaTeX Warning: Reference `eq:rotMatX' on page 5 undefined on input line 31.


LaTeX Warning: Reference `eq:R_Euler' on page 5 undefined on input line 52.


LaTeX Warning: Citation 'Jensen2013' on page 5 undefined on input line 65.

[5 <./sections/TheoryGraphs/EulerAngle-eps-converted-to.pdf>]

LaTeX Font Warning: Font shape `T1/xcmss/b/n' in size <12> not available
(Font)              Font shape `T1/xcmss/bx/n' tried instead on input line 67.


LaTeX Warning: Reference `eq:eSGl' on page 6 undefined on input line 70.


LaTeX Warning: Reference `eq:SlaterD' on page 6 undefined on input line 76.

[6]

LaTeX Warning: Reference `eq:effHamiltonian' on page 7 undefined on input line 92.


LaTeX Warning: Reference `eq:ElectronicEnergy' on page 7 undefined on input line 109.


LaTeX Warning: Reference `eq:RayleighRitzVP' on page 7 undefined on input line 119.


LaTeX Warning: Reference `eq:Orthonormal' on page 7 undefined on input line 130.

[7]

LaTeX Warning: Reference `eq:FockEquation' on page 8 undefined on input line 139.


LaTeX Warning: Reference `eq:BasisSet' on page 8 undefined on input line 155.


LaTeX Warning: Reference `eq:FockEquation' on page 8 undefined on input line 161.


LaTeX Warning: Reference `eq:FCSCe' on page 8 undefined on input line 161.

[8]

LaTeX Warning: Reference `eq:Density' on page 9 undefined on input line 196.


LaTeX Warning: Reference `eq:EnergyDFT' on page 9 undefined on input line 206.


LaTeX Warning: Reference `eq:KSEigeneq' on page 9 undefined on input line 215.


LaTeX Warning: Reference `eq:RoothaanHallDFT' on page 9 undefined on input line 222.

[9]

LaTeX Warning: Citation 'Bannwarth2019_GFN2xTB' on page 10 undefined on input line 252.


LaTeX Warning: Reference `eq:GFN2:EnergyDFT' on page 10 undefined on input line 270.


LaTeX Warning: Reference `eq:GFN2:EnergyPerturbation' on page 10 undefined on input line 288.


LaTeX Warning: Reference `eq:GFN2:E_0' on page 10 undefined on input line 290.

[10] [11]

LaTeX Warning: Reference `eq:GFN2:E_0' on page 12 undefined on input line 328.


LaTeX Warning: Reference `eq:GFN2:E_3' on page 12 undefined on input line 328.


LaTeX Warning: Reference `eq:GFN2:EnergyPerturbation' on page 12 undefined on input line 328.


LaTeX Warning: Reference `eq:GFN2:E' on page 12 undefined on input line 328.


LaTeX Warning: Reference `eq:GFN2:E' on page 12 undefined on input line 333.


LaTeX Warning: Reference `eq:FCSCe' on page 12 undefined on input line 341.

[12]

LaTeX Warning: Citation 'Jensen2013' on page 13 undefined on input line 350.


LaTeX Warning: Reference `eq:Hess:HABBA' on page 13 undefined on input line 374.


LaTeX Warning: Reference `eq:Hess:TriangularMat' on page 13 undefined on input line 379.

[13]

LaTeX Warning: Reference `eq:RotTransMat' on page 14 undefined on input line 394.


LaTeX Warning: Reference `eq:RotTransMatFull' on page 14 undefined on input line 409.


LaTeX Warning: Reference `eq:OverlapMatProj' on page 14 undefined on input line 418.


Underfull \hbox (badness 10000) in paragraph at lines 423--431

 []

[14]

LaTeX Warning: Reference `eq:Projection' on page 15 undefined on input line 432.


LaTeX Warning: Reference `eq:MassWeightedHess' on page 15 undefined on input line 442.


LaTeX Warning: Citation 'Hastie2009' on page 15 undefined on input line 448.


LaTeX Warning: Reference `fig:ML_Split' on page 15 undefined on input line 459.

Package epstopdf Info: Source file: <sections/TheoryGraphs/ZeichnungDecisionTree_Rectangle.eps>
(epstopdf)                    date: 2022-08-22 15:07:57
(epstopdf)                    size: 30794 bytes
(epstopdf)             Output file: <sections/TheoryGraphs/ZeichnungDecisionTree_Rectangle-eps-converted-to.pdf>
(epstopdf)                    date: 2022-08-22 15:07:57
(epstopdf)                    size: 13360 bytes
(epstopdf)             Command: <repstopdf --outfile=sections/TheoryGraphs/ZeichnungDecisionTree_Rectangle-eps-converted-to.pdf sections/TheoryGraphs/ZeichnungDecisionTree_Rectangle.eps>
(epstopdf)             \includegraphics on input line 462.
Package epstopdf Info: Output file is already uptodate.
<sections/TheoryGraphs/ZeichnungDecisionTree_Rectangle-eps-converted-to.pdf, id=165, 564.1075pt x 238.8925pt>
File: sections/TheoryGraphs/ZeichnungDecisionTree_Rectangle-eps-converted-to.pdf Graphic file (type pdf)
<use sections/TheoryGraphs/ZeichnungDecisionTree_Rectangle-eps-converted-to.pdf>
Package pdftex.def Info: sections/TheoryGraphs/ZeichnungDecisionTree_Rectangle-eps-converted-to.pdf  used on input line 462.
(pdftex.def)             Requested size: 455.24417pt x 192.79105pt.

Overfull \hbox (24.1994pt too wide) in paragraph at lines 448--466
\T1/xcmss/m/n/10.95 This sec-tion deals with ba-sics of the ML al-go-rithms used in this work and is based on ref-er-ence [[]].
 []


LaTeX Warning: Reference `fig:ML_Split' on page 15 undefined on input line 469.


LaTeX Warning: Reference `fig:ML_Split' on page 15 undefined on input line 476.


LaTeX Warning: Reference `eq:DTfunc' on page 15 undefined on input line 477.

[15 <./sections/TheoryGraphs/ZeichnungDecisionTree_Rectangle-eps-converted-to.pdf>]

LaTeX Warning: Citation 'Geurts2006' on page 16 undefined on input line 485.


LaTeX Warning: Citation 'Hastie2009' on page 16 undefined on input line 487.


LaTeX Warning: Citation 'scikit-learn' on page 16 undefined on input line 489.

) [16]
\openout2 = `sections/Methods.aux'.

 (./sections/Methods.tex
chapter 3.

LaTeX Warning: Reference `eq:TransIinitCenterMass' on page 17 undefined on input line 17.


LaTeX Warning: Reference `eq:CenterOfMass' on page 17 undefined on input line 23.

[17



]

LaTeX Warning: Reference `eq:MomentOfInertia' on page 18 undefined on input line 32.


Underfull \hbox (badness 10000) in paragraph at lines 47--50

 []


LaTeX Warning: Reference `eq:rotCoord' on page 18 undefined on input line 61.


Underfull \hbox (badness 10000) in paragraph at lines 65--69

 []

[18]

LaTeX Warning: Reference `eq:rotHessian' on page 19 undefined on input line 71.


LaTeX Warning: Reference `eq:rotMatrixHessian' on page 19 undefined on input line 75.


LaTeX Warning: Reference `eq:TranslationInertiaAPF' on page 19 undefined on input line 99.


Underfull \hbox (badness 10000) in paragraph at lines 90--100

 []


LaTeX Warning: Reference `eq:x_axis' on page 19 undefined on input line 113.

[19]

LaTeX Warning: Reference `eq:EulerLL' on page 20 undefined on input line 121.


LaTeX Warning: Reference `eq:EulerAnglesDiscrete' on page 20 undefined on input line 126.


LaTeX Warning: Reference `eq:rotMatZ' on page 20 undefined on input line 157.


LaTeX Warning: Reference `eq:rotMatX' on page 20 undefined on input line 157.


Underfull \hbox (badness 10000) in paragraph at lines 155--158

 []

[20]

LaTeX Warning: Reference `eq:RotMatFull' on page 21 undefined on input line 160.


LaTeX Warning: Reference `eq:rot180' on page 21 undefined on input line 167.


LaTeX Warning: Reference `eq:rotCS' on page 21 undefined on input line 175.


LaTeX Warning: Reference `eq:xHomonuclear' on page 21 undefined on input line 190.


LaTeX Warning: Reference `eq:GammaHomonuclear' on page 21 undefined on input line 195.


LaTeX Warning: Reference `eq:GammaHomonuclearAdj' on page 21 undefined on input line 203.


LaTeX Warning: Reference `eq:RotMatFull' on page 21 undefined on input line 212.


LaTeX Warning: Reference `eq:rot180' on page 21 undefined on input line 214.


LaTeX Warning: Reference `eq:rotCS' on page 21 undefined on input line 216.


LaTeX Warning: Reference `eq:rotHessBlock' on page 21 undefined on input line 220.

[21] [22]

LaTeX Warning: Citation 'PitMA' on page 23 undefined on input line 241.


LaTeX Warning: Reference `tab:Feature' on page 23 undefined on input line 246.


LaTeX Warning: Reference `eq:Feature' on page 23 undefined on input line 248.


Underfull \hbox (badness 10000) in paragraph at lines 239--249

 []

[23]

LaTeX Warning: Reference `eq:FeatureProcess' on page 24 undefined on input line 301.


LaTeX Warning: Reference `tab:Feature' on page 24 undefined on input line 302.


LaTeX Warning: Reference `tab:Indices' on page 24 undefined on input line 321.


Underfull \hbox (badness 10000) in paragraph at lines 310--322

 []

[24]

LaTeX Warning: Reference `eq:perm_Vector' on page 25 undefined on input line 332.


LaTeX Warning: Reference `eq:perm_Matrix' on page 25 undefined on input line 346.


LaTeX Warning: Reference `eq:Feature' on page 25 undefined on input line 348.


LaTeX Warning: Reference `tab:Permutation' on page 25 undefined on input line 364.

[25]

LaTeX Warning: Reference `eq:PCC' on page 26 undefined on input line 370.


LaTeX Warning: Reference `eq:MSE' on page 26 undefined on input line 380.


LaTeX Warning: Reference `eq:NormalDistribution' on page 26 undefined on input line 387.


LaTeX Warning: Reference `eq:WN' on page 26 undefined on input line 395.


LaTeX Warning: Reference `eq:FC' on page 26 undefined on input line 396.

[26]

LaTeX Warning: Citation 'Bannwarth2019_GFN2xTB' on page 27 undefined on input line 415.


LaTeX Warning: Citation 'Bannwarth2021_xTB' on page 27 undefined on input line 415.


LaTeX Warning: Citation 'scikit-learn' on page 27 undefined on input line 419.


LaTeX Warning: Citation 'numpy' on page 27 undefined on input line 419.


LaTeX Warning: Citation 'pandas.Paper' on page 27 undefined on input line 419.


LaTeX Warning: Citation 'pandas.software' on page 27 undefined on input line 419.


LaTeX Warning: Citation 'Hunter2007' on page 27 undefined on input line 420.


LaTeX Warning: Reference `tab:Packages' on page 27 undefined on input line 421.

) [27]
\openout2 = `sections/Results.aux'.

 (./sections/Results.tex
chapter 4.

LaTeX Warning: Reference `chap:Theory' on page 28 undefined on input line 7.

[28



]

LaTeX Warning: Reference `fig:PCC' on page 29 undefined on input line 35.

Package epstopdf Info: Source file: <PearsonCorrelationCoeffiecient/PCC_diag.eps>
(epstopdf)                    date: 2022-08-22 15:07:57
(epstopdf)                    size: 27792 bytes
(epstopdf)             Output file: <PearsonCorrelationCoeffiecient/PCC_diag-eps-converted-to.pdf>
(epstopdf)                    date: 2022-08-22 15:07:57
(epstopdf)                    size: 17395 bytes
(epstopdf)             Command: <repstopdf --outfile=PearsonCorrelationCoeffiecient/PCC_diag-eps-converted-to.pdf PearsonCorrelationCoeffiecient/PCC_diag.eps>
(epstopdf)             \includegraphics on input line 39.
Package epstopdf Info: Output file is already uptodate.


pdfTeX warning: pdflatex (file ./PearsonCorrelationCoeffiecient/PCC_diag-eps-converted-to.pdf): PDF inclusion: found PDF version <1.7>, but at most version <1.5> allowed
<PearsonCorrelationCoeffiecient/PCC_diag-eps-converted-to.pdf, id=289, 371.3875pt x 652.4375pt>
File: PearsonCorrelationCoeffiecient/PCC_diag-eps-converted-to.pdf Graphic file (type pdf)
<use PearsonCorrelationCoeffiecient/PCC_diag-eps-converted-to.pdf>
Package pdftex.def Info: PearsonCorrelationCoeffiecient/PCC_diag-eps-converted-to.pdf  used on input line 39.
(pdftex.def)             Requested size: 218.51524pt x 383.88947pt.
Package epstopdf Info: Source file: <PearsonCorrelationCoeffiecient/PCC_ndiag.eps>
(epstopdf)                    date: 2022-08-22 15:07:57
(epstopdf)                    size: 32218 bytes
(epstopdf)             Output file: <PearsonCorrelationCoeffiecient/PCC_ndiag-eps-converted-to.pdf>
(epstopdf)                    date: 2022-08-22 15:07:57
(epstopdf)                    size: 19843 bytes
(epstopdf)             Command: <repstopdf --outfile=PearsonCorrelationCoeffiecient/PCC_ndiag-eps-converted-to.pdf PearsonCorrelationCoeffiecient/PCC_ndiag.eps>
(epstopdf)             \includegraphics on input line 41.
Package epstopdf Info: Output file is already uptodate.


pdfTeX warning: pdflatex (file ./PearsonCorrelationCoeffiecient/PCC_ndiag-eps-converted-to.pdf): PDF inclusion: found PDF version <1.7>, but at most version <1.5> allowed
<PearsonCorrelationCoeffiecient/PCC_ndiag-eps-converted-to.pdf, id=290, 391.4625pt x 682.55pt>
File: PearsonCorrelationCoeffiecient/PCC_ndiag-eps-converted-to.pdf Graphic file (type pdf)
<use PearsonCorrelationCoeffiecient/PCC_ndiag-eps-converted-to.pdf>
Package pdftex.def Info: PearsonCorrelationCoeffiecient/PCC_ndiag-eps-converted-to.pdf  used on input line 41.
(pdftex.def)             Requested size: 218.51524pt x 381.00685pt.
[29 <./PearsonCorrelationCoeffiecient/PCC_diag-eps-converted-to.pdf> <./PearsonCorrelationCoeffiecient/PCC_ndiag-eps-converted-to.pdf>]

LaTeX Warning: Reference `fig:PCC_elementwise' on page 30 undefined on input line 68.

Package epstopdf Info: Source file: <PearsonCorrelationCoeffiecient/PCC_element_specific_diag.eps>
(epstopdf)                    date: 2022-08-22 15:07:57
(epstopdf)                    size: 27462 bytes
(epstopdf)             Output file: <PearsonCorrelationCoeffiecient/PCC_element_specific_diag-eps-converted-to.pdf>
(epstopdf)                    date: 2022-08-22 15:07:57
(epstopdf)                    size: 15885 bytes
(epstopdf)             Command: <repstopdf --outfile=PearsonCorrelationCoeffiecient/PCC_element_specific_diag-eps-converted-to.pdf PearsonCorrelationCoeffiecient/PCC_element_specific_diag.eps>
(epstopdf)             \includegraphics on input line 74.
Package epstopdf Info: Output file is already uptodate.


pdfTeX warning: pdflatex (file ./PearsonCorrelationCoeffiecient/PCC_element_specific_diag-eps-converted-to.pdf): PDF inclusion: found PDF version <1.7>, but at most version <1.5> allowed
<PearsonCorrelationCoeffiecient/PCC_element_specific_diag-eps-converted-to.pdf, id=399, 397.485pt x 652.4375pt>
File: PearsonCorrelationCoeffiecient/PCC_element_specific_diag-eps-converted-to.pdf Graphic file (type pdf)
<use PearsonCorrelationCoeffiecient/PCC_element_specific_diag-eps-converted-to.pdf>
Package pdftex.def Info: PearsonCorrelationCoeffiecient/PCC_element_specific_diag-eps-converted-to.pdf  used on input line 74.
(pdftex.def)             Requested size: 218.51524pt x 358.68243pt.
Package epstopdf Info: Source file: <PearsonCorrelationCoeffiecient/PCC_element_specific_nondiag.eps>
(epstopdf)                    date: 2022-08-22 15:07:57
(epstopdf)                    size: 34080 bytes
(epstopdf)             Output file: <PearsonCorrelationCoeffiecient/PCC_element_specific_nondiag-eps-converted-to.pdf>
(epstopdf)                    date: 2022-08-22 15:07:57
(epstopdf)                    size: 20390 bytes
(epstopdf)             Command: <repstopdf --outfile=PearsonCorrelationCoeffiecient/PCC_element_specific_nondiag-eps-converted-to.pdf PearsonCorrelationCoeffiecient/PCC_element_specific_nondiag.eps>
(epstopdf)             \includegraphics on input line 76.
Package epstopdf Info: Output file is already uptodate.


pdfTeX warning: pdflatex (file ./PearsonCorrelationCoeffiecient/PCC_element_specific_nondiag-eps-converted-to.pdf): PDF inclusion: found PDF version <1.7>, but at most version <1.5> allowed
<PearsonCorrelationCoeffiecient/PCC_element_specific_nondiag-eps-converted-to.pdf, id=400, 415.5525pt x 682.55pt>
File: PearsonCorrelationCoeffiecient/PCC_element_specific_nondiag-eps-converted-to.pdf Graphic file (type pdf)
<use PearsonCorrelationCoeffiecient/PCC_element_specific_nondiag-eps-converted-to.pdf>
Package pdftex.def Info: PearsonCorrelationCoeffiecient/PCC_element_specific_nondiag-eps-converted-to.pdf  used on input line 76.
(pdftex.def)             Requested size: 218.51524pt x 358.91693pt.
[30 <./PearsonCorrelationCoeffiecient/PCC_element_specific_diag-eps-converted-to.pdf> <./PearsonCorrelationCoeffiecient/PCC_element_specific_nondiag-eps-converted-to.pdf>]

LaTeX Warning: Reference `fig:PCC' on page 31 undefined on input line 84.


LaTeX Warning: Reference `fig:PCC_elementwise' on page 31 undefined on input line 84.


LaTeX Warning: Reference `fig:PCC_perm' on page 31 undefined on input line 97.


LaTeX Warning: Reference `fig:PCC_elementwise_Perm' on page 31 undefined on input line 97.

[31]

LaTeX Font Warning: Font shape `T1/xcmss/b/n' in size <10> not available
(Font)              Font shape `T1/xcmss/bx/n' tried instead on input line 99.


LaTeX Font Warning: Font shape `T1/xcmss/b/n' in size <7> not available
(Font)              Font shape `T1/xcmss/bx/n' tried instead on input line 99.


Package hyperref Warning: Token not allowed in a PDF string (Unicode):
(hyperref)                removing `math shift' on input line 99.


Package hyperref Warning: Token not allowed in a PDF string (Unicode):
(hyperref)                removing `subscript' on input line 99.


Package hyperref Warning: Token not allowed in a PDF string (Unicode):
(hyperref)                removing `math shift' on input line 99.


LaTeX Warning: Reference `fig:WN_H2' on page 32 undefined on input line 103.

Package epstopdf Info: Source file: <H2_single/WN_xTB_vs_ML.eps>
(epstopdf)                    date: 2022-08-22 15:07:57
(epstopdf)                    size: 24921 bytes
(epstopdf)             Output file: <H2_single/WN_xTB_vs_ML-eps-converted-to.pdf>
(epstopdf)                    date: 2022-08-22 15:07:57
(epstopdf)                    size: 18305 bytes
(epstopdf)             Command: <repstopdf --outfile=H2_single/WN_xTB_vs_ML-eps-converted-to.pdf H2_single/WN_xTB_vs_ML.eps>
(epstopdf)             \includegraphics on input line 111.
Package epstopdf Info: Output file is already uptodate.


pdfTeX warning: pdflatex (file ./H2_single/WN_xTB_vs_ML-eps-converted-to.pdf): PDF inclusion: found PDF version <1.7>, but at most version <1.5> allowed
<H2_single/WN_xTB_vs_ML-eps-converted-to.pdf, id=510, 691.58376pt x 453.695pt>
File: H2_single/WN_xTB_vs_ML-eps-converted-to.pdf Graphic file (type pdf)
<use H2_single/WN_xTB_vs_ML-eps-converted-to.pdf>
Package pdftex.def Info: H2_single/WN_xTB_vs_ML-eps-converted-to.pdf  used on input line 111.
(pdftex.def)             Requested size: 409.71696pt x 268.78539pt.

LaTeX Warning: Reference `fig:ML_Split' on page 32 undefined on input line 127.

[32 <./H2_single/WN_xTB_vs_ML-eps-converted-to.pdf>]

LaTeX Warning: Reference `fig:Comparison_RFR_ETR' on page 33 undefined on input line 142.

Package epstopdf Info: Source file: <MSE/MSE_ETR.eps>
(epstopdf)                    date: 2022-08-22 15:07:57
(epstopdf)                    size: 28451 bytes
(epstopdf)             Output file: <MSE/MSE_ETR-eps-converted-to.pdf>
(epstopdf)                    date: 2022-08-22 15:07:57
(epstopdf)                    size: 15539 bytes
(epstopdf)             Command: <repstopdf --outfile=MSE/MSE_ETR-eps-converted-to.pdf MSE/MSE_ETR.eps>
(epstopdf)             \includegraphics on input line 147.
Package epstopdf Info: Output file is already uptodate.


pdfTeX warning: pdflatex (file ./MSE/MSE_ETR-eps-converted-to.pdf): PDF inclusion: found PDF version <1.7>, but at most version <1.5> allowed
<MSE/MSE_ETR-eps-converted-to.pdf, id=560, 649.42625pt x 455.7025pt>
File: MSE/MSE_ETR-eps-converted-to.pdf Graphic file (type pdf)
<use MSE/MSE_ETR-eps-converted-to.pdf>
Package pdftex.def Info: MSE/MSE_ETR-eps-converted-to.pdf  used on input line 147.
(pdftex.def)             Requested size: 227.62209pt x 159.72076pt.
Package epstopdf Info: Source file: <MSE/MSE_RFR.eps>
(epstopdf)                    date: 2022-08-22 15:07:57
(epstopdf)                    size: 28439 bytes
(epstopdf)             Output file: <MSE/MSE_RFR-eps-converted-to.pdf>
(epstopdf)                    date: 2022-08-22 15:07:57
(epstopdf)                    size: 15561 bytes
(epstopdf)             Command: <repstopdf --outfile=MSE/MSE_RFR-eps-converted-to.pdf MSE/MSE_RFR.eps>
(epstopdf)             \includegraphics on input line 149.
Package epstopdf Info: Output file is already uptodate.


pdfTeX warning: pdflatex (file ./MSE/MSE_RFR-eps-converted-to.pdf): PDF inclusion: found PDF version <1.7>, but at most version <1.5> allowed
<MSE/MSE_RFR-eps-converted-to.pdf, id=561, 649.42625pt x 455.7025pt>
File: MSE/MSE_RFR-eps-converted-to.pdf Graphic file (type pdf)
<use MSE/MSE_RFR-eps-converted-to.pdf>
Package pdftex.def Info: MSE/MSE_RFR-eps-converted-to.pdf  used on input line 149.
(pdftex.def)             Requested size: 227.62209pt x 159.72076pt.

LaTeX Warning: Reference `fig:MSE_sigma' on page 33 undefined on input line 174.

Package epstopdf Info: Source file: <MSE/MSE_vs_sigma.eps>
(epstopdf)                    date: 2022-08-22 15:07:57
(epstopdf)                    size: 23790 bytes
(epstopdf)             Output file: <MSE/MSE_vs_sigma-eps-converted-to.pdf>
(epstopdf)                    date: 2022-08-22 15:07:57
(epstopdf)                    size: 13291 bytes
(epstopdf)             Command: <repstopdf --outfile=MSE/MSE_vs_sigma-eps-converted-to.pdf MSE/MSE_vs_sigma.eps>
(epstopdf)             \includegraphics on input line 180.
Package epstopdf Info: Output file is already uptodate.


pdfTeX warning: pdflatex (file ./MSE/MSE_vs_sigma-eps-converted-to.pdf): PDF inclusion: found PDF version <1.7>, but at most version <1.5> allowed
<MSE/MSE_vs_sigma-eps-converted-to.pdf, id=562, 631.35875pt x 449.68pt>
File: MSE/MSE_vs_sigma-eps-converted-to.pdf Graphic file (type pdf)
<use MSE/MSE_vs_sigma-eps-converted-to.pdf>
Package pdftex.def Info: MSE/MSE_vs_sigma-eps-converted-to.pdf  used on input line 180.
(pdftex.def)             Requested size: 341.43312pt x 243.18724pt.
[33 <./MSE/MSE_ETR-eps-converted-to.pdf> <./MSE/MSE_RFR-eps-converted-to.pdf>] [34 <./MSE/MSE_vs_sigma-eps-converted-to.pdf>]

LaTeX Warning: Reference `fig:ErrorDistHess' on page 35 undefined on input line 211.

Package epstopdf Info: Source file: <ErrorDistGraphs/error_distribution_ml_hess.eps>
(epstopdf)                    date: 2022-08-22 15:07:57
(epstopdf)                    size: 39062 bytes
(epstopdf)             Output file: <ErrorDistGraphs/error_distribution_ml_hess-eps-converted-to.pdf>
(epstopdf)                    date: 2022-08-22 15:07:57
(epstopdf)                    size: 22786 bytes
(epstopdf)             Command: <repstopdf --outfile=ErrorDistGraphs/error_distribution_ml_hess-eps-converted-to.pdf ErrorDistGraphs/error_distribution_ml_hess.eps>
(epstopdf)             \includegraphics on input line 214.
Package epstopdf Info: Output file is already uptodate.


pdfTeX warning: pdflatex (file ./ErrorDistGraphs/error_distribution_ml_hess-eps-converted-to.pdf): PDF inclusion: found PDF version <1.7>, but at most version <1.5> allowed
<ErrorDistGraphs/error_distribution_ml_hess-eps-converted-to.pdf, id=677, 582.175pt x 463.7325pt>
File: ErrorDistGraphs/error_distribution_ml_hess-eps-converted-to.pdf Graphic file (type pdf)
<use ErrorDistGraphs/error_distribution_ml_hess-eps-converted-to.pdf>
Package pdftex.def Info: ErrorDistGraphs/error_distribution_ml_hess-eps-converted-to.pdf  used on input line 214.
(pdftex.def)             Requested size: 341.43312pt x 271.97232pt.

Overfull \hbox (1.11401pt too wide) in paragraph at lines 203--221
\T1/xcmss/m/n/10.95 Case and Idx/Perm are com-pared. Here, the mod-els [], [], []
 []


LaTeX Warning: Reference `sec:Methods:Measures' on page 35 undefined on input line 236.


LaTeX Warning: Reference `fig:ErrorDistWN' on page 35 undefined on input line 239.

Package epstopdf Info: Source file: <ErrorDistGraphs/error_distribution_ml_wn.eps>
(epstopdf)                    date: 2022-08-22 15:07:57
(epstopdf)                    size: 36461 bytes
(epstopdf)             Output file: <ErrorDistGraphs/error_distribution_ml_wn-eps-converted-to.pdf>
(epstopdf)                    date: 2022-08-22 15:07:57
(epstopdf)                    size: 21449 bytes
(epstopdf)             Command: <repstopdf --outfile=ErrorDistGraphs/error_distribution_ml_wn-eps-converted-to.pdf ErrorDistGraphs/error_distribution_ml_wn.eps>
(epstopdf)             \includegraphics on input line 243.
Package epstopdf Info: Output file is already uptodate.


pdfTeX warning: pdflatex (file ./ErrorDistGraphs/error_distribution_ml_wn-eps-converted-to.pdf): PDF inclusion: found PDF version <1.7>, but at most version <1.5> allowed
<ErrorDistGraphs/error_distribution_ml_wn-eps-converted-to.pdf, id=678, 649.42625pt x 451.6875pt>
File: ErrorDistGraphs/error_distribution_ml_wn-eps-converted-to.pdf Graphic file (type pdf)
<use ErrorDistGraphs/error_distribution_ml_wn-eps-converted-to.pdf>
Package pdftex.def Info: ErrorDistGraphs/error_distribution_ml_wn-eps-converted-to.pdf  used on input line 243.
(pdftex.def)             Requested size: 227.62209pt x 158.31354pt.
Package epstopdf Info: Source file: <ErrorDistGraphs/WN_xTB_vs_ML.eps>
(epstopdf)                    date: 2022-08-22 15:07:57
(epstopdf)                    size: 44307 bytes
(epstopdf)             Output file: <ErrorDistGraphs/WN_xTB_vs_ML-eps-converted-to.pdf>
(epstopdf)                    date: 2022-08-22 15:07:57
(epstopdf)                    size: 68297 bytes
(epstopdf)             Command: <repstopdf --outfile=ErrorDistGraphs/WN_xTB_vs_ML-eps-converted-to.pdf ErrorDistGraphs/WN_xTB_vs_ML.eps>
(epstopdf)             \includegraphics on input line 245.
Package epstopdf Info: Output file is already uptodate.


pdfTeX warning: pdflatex (file ./ErrorDistGraphs/WN_xTB_vs_ML-eps-converted-to.pdf): PDF inclusion: found PDF version <1.7>, but at most version <1.5> allowed
<ErrorDistGraphs/WN_xTB_vs_ML-eps-converted-to.pdf, id=679, 645.41125pt x 459.7175pt>
File: ErrorDistGraphs/WN_xTB_vs_ML-eps-converted-to.pdf Graphic file (type pdf)
<use ErrorDistGraphs/WN_xTB_vs_ML-eps-converted-to.pdf>
Package pdftex.def Info: ErrorDistGraphs/WN_xTB_vs_ML-eps-converted-to.pdf  used on input line 245.
(pdftex.def)             Requested size: 227.62209pt x 162.1311pt.
[35 <./ErrorDistGraphs/error_distribution_ml_hess-eps-converted-to.pdf>]

LaTeX Warning: Reference `fig:ErrorDistHess' on page 36 undefined on input line 255.


Underfull \hbox (badness 10000) in paragraph at lines 255--259

 []

[36 <./ErrorDistGraphs/error_distribution_ml_wn-eps-converted-to.pdf> <./ErrorDistGraphs/WN_xTB_vs_ML-eps-converted-to.pdf>]
Underfull \hbox (badness 10000) in paragraph at lines 260--269

 []

[37]

Package hyperref Warning: Token not allowed in a PDF string (Unicode):
(hyperref)                removing `math shift' on input line 270.


Package hyperref Warning: Token not allowed in a PDF string (Unicode):
(hyperref)                removing `subscript' on input line 270.


Package hyperref Warning: Token not allowed in a PDF string (Unicode):
(hyperref)                removing `math shift' on input line 270.


Package siunitx Warning: Unit macro \angstrom has been deprecated in this
(siunitx)                release.
(siunitx)                
(siunitx)                The BIPM have removed this unit from the SI Brochure.
(siunitx)                You should define it yourself using \DeclareSIUnit in
(siunitx)                your source. The current definition is
(siunitx)                
(siunitx)                \DeclareSIUnit\angstrom{\text {Å}}


LaTeX Warning: Reference `fig:FC_idx' on page 38 undefined on input line 280.

Package epstopdf Info: Source file: <ForceConstants/force_const_H3_idx.eps>
(epstopdf)                    date: 2022-08-22 15:07:57
(epstopdf)                    size: 25241 bytes
(epstopdf)             Output file: <ForceConstants/force_const_H3_idx-eps-converted-to.pdf>
(epstopdf)                    date: 2022-08-22 15:07:57
(epstopdf)                    size: 17257 bytes
(epstopdf)             Command: <repstopdf --outfile=ForceConstants/force_const_H3_idx-eps-converted-to.pdf ForceConstants/force_const_H3_idx.eps>
(epstopdf)             \includegraphics on input line 287.
Package epstopdf Info: Output file is already uptodate.


pdfTeX warning: pdflatex (file ./ForceConstants/force_const_H3_idx-eps-converted-to.pdf): PDF inclusion: found PDF version <1.7>, but at most version <1.5> allowed
<ForceConstants/force_const_H3_idx-eps-converted-to.pdf, id=845, 675.52374pt x 459.7175pt>
File: ForceConstants/force_const_H3_idx-eps-converted-to.pdf Graphic file (type pdf)
<use ForceConstants/force_const_H3_idx-eps-converted-to.pdf>
Package pdftex.def Info: ForceConstants/force_const_H3_idx-eps-converted-to.pdf  used on input line 287.
(pdftex.def)             Requested size: 364.19672pt x 247.85092pt.

Underfull \hbox (badness 10000) in paragraph at lines 271--297

 []

[38 <./ForceConstants/force_const_H3_idx-eps-converted-to.pdf>]

LaTeX Warning: Reference `fig:FC_perm' on page 39 undefined on input line 299.

Package epstopdf Info: Source file: <ForceConstants/force_const_H3_perm.eps>
(epstopdf)                    date: 2022-08-22 15:07:57
(epstopdf)                    size: 25390 bytes
(epstopdf)             Output file: <ForceConstants/force_const_H3_perm-eps-converted-to.pdf>
(epstopdf)                    date: 2022-08-22 15:07:57
(epstopdf)                    size: 17342 bytes
(epstopdf)             Command: <repstopdf --outfile=ForceConstants/force_const_H3_perm-eps-converted-to.pdf ForceConstants/force_const_H3_perm.eps>
(epstopdf)             \includegraphics on input line 307.
Package epstopdf Info: Output file is already uptodate.


pdfTeX warning: pdflatex (file ./ForceConstants/force_const_H3_perm-eps-converted-to.pdf): PDF inclusion: found PDF version <1.7>, but at most version <1.5> allowed
<ForceConstants/force_const_H3_perm-eps-converted-to.pdf, id=898, 675.52374pt x 459.7175pt>
File: ForceConstants/force_const_H3_perm-eps-converted-to.pdf Graphic file (type pdf)
<use ForceConstants/force_const_H3_perm-eps-converted-to.pdf>
Package pdftex.def Info: ForceConstants/force_const_H3_perm-eps-converted-to.pdf  used on input line 307.
(pdftex.def)             Requested size: 364.19672pt x 247.85092pt.
[39 <./ForceConstants/force_const_H3_perm-eps-converted-to.pdf>]
chapter 5.
)
Underfull \hbox (badness 10000) in paragraph at lines 329--229

 []

[40]
chapter 6.

LaTeX Warning: Empty bibliography on input line 236.

[41


]
\openout2 = `sections/Appendix.aux'.

 (./sections/Appendix.tex
chapter 7.
[42

] [43] [44]
Overfull \hbox (32.93542pt too wide) in paragraph at lines 90--114
 [][] 
 []

Package epstopdf Info: Source file: <PearsonCorrelationCoeffiecient/PCC_diag_perm.eps>
(epstopdf)                    date: 2022-08-22 15:07:57
(epstopdf)                    size: 27490 bytes
(epstopdf)             Output file: <PearsonCorrelationCoeffiecient/PCC_diag_perm-eps-converted-to.pdf>
(epstopdf)                    date: 2022-08-22 15:07:57
(epstopdf)                    size: 17246 bytes
(epstopdf)             Command: <repstopdf --outfile=PearsonCorrelationCoeffiecient/PCC_diag_perm-eps-converted-to.pdf PearsonCorrelationCoeffiecient/PCC_diag_perm.eps>
(epstopdf)             \includegraphics on input line 120.
Package epstopdf Info: Output file is already uptodate.


pdfTeX warning: pdflatex (file ./PearsonCorrelationCoeffiecient/PCC_diag_perm-eps-converted-to.pdf): PDF inclusion: found PDF version <1.7>, but at most version <1.5> allowed
<PearsonCorrelationCoeffiecient/PCC_diag_perm-eps-converted-to.pdf, id=994, 371.3875pt x 652.4375pt>
File: PearsonCorrelationCoeffiecient/PCC_diag_perm-eps-converted-to.pdf Graphic file (type pdf)
<use PearsonCorrelationCoeffiecient/PCC_diag_perm-eps-converted-to.pdf>
Package pdftex.def Info: PearsonCorrelationCoeffiecient/PCC_diag_perm-eps-converted-to.pdf  used on input line 120.
(pdftex.def)             Requested size: 218.51524pt x 383.88947pt.
Package epstopdf Info: Source file: <PearsonCorrelationCoeffiecient/PCC_ndiag_perm.eps>
(epstopdf)                    date: 2022-08-22 15:07:57
(epstopdf)                    size: 30313 bytes
(epstopdf)             Output file: <PearsonCorrelationCoeffiecient/PCC_ndiag_perm-eps-converted-to.pdf>
(epstopdf)                    date: 2022-08-22 15:07:57
(epstopdf)                    size: 18666 bytes
(epstopdf)             Command: <repstopdf --outfile=PearsonCorrelationCoeffiecient/PCC_ndiag_perm-eps-converted-to.pdf PearsonCorrelationCoeffiecient/PCC_ndiag_perm.eps>
(epstopdf)             \includegraphics on input line 122.
Package epstopdf Info: Output file is already uptodate.


pdfTeX warning: pdflatex (file ./PearsonCorrelationCoeffiecient/PCC_ndiag_perm-eps-converted-to.pdf): PDF inclusion: found PDF version <1.7>, but at most version <1.5> allowed
<PearsonCorrelationCoeffiecient/PCC_ndiag_perm-eps-converted-to.pdf, id=995, 391.4625pt x 682.55pt>
File: PearsonCorrelationCoeffiecient/PCC_ndiag_perm-eps-converted-to.pdf Graphic file (type pdf)
<use PearsonCorrelationCoeffiecient/PCC_ndiag_perm-eps-converted-to.pdf>
Package pdftex.def Info: PearsonCorrelationCoeffiecient/PCC_ndiag_perm-eps-converted-to.pdf  used on input line 122.
(pdftex.def)             Requested size: 218.51524pt x 381.00685pt.
[45]
Package epstopdf Info: Source file: <PearsonCorrelationCoeffiecient/PCC_element_specific_diag_perm.eps>
(epstopdf)                    date: 2022-08-22 15:07:57
(epstopdf)                    size: 27219 bytes
(epstopdf)             Output file: <PearsonCorrelationCoeffiecient/PCC_element_specific_diag_perm-eps-converted-to.pdf>
(epstopdf)                    date: 2022-08-22 15:07:57
(epstopdf)                    size: 16200 bytes
(epstopdf)             Command: <repstopdf --outfile=PearsonCorrelationCoeffiecient/PCC_element_specific_diag_perm-eps-converted-to.pdf PearsonCorrelationCoeffiecient/PCC_element_specific_diag_perm.eps>
(epstopdf)             \includegraphics on input line 134.
Package epstopdf Info: Output file is already uptodate.


pdfTeX warning: pdflatex (file ./PearsonCorrelationCoeffiecient/PCC_element_specific_diag_perm-eps-converted-to.pdf): PDF inclusion: found PDF version <1.7>, but at most version <1.5> allowed
<PearsonCorrelationCoeffiecient/PCC_element_specific_diag_perm-eps-converted-to.pdf, id=1002, 399.4925pt x 652.4375pt>
File: PearsonCorrelationCoeffiecient/PCC_element_specific_diag_perm-eps-converted-to.pdf Graphic file (type pdf)
<use PearsonCorrelationCoeffiecient/PCC_element_specific_diag_perm-eps-converted-to.pdf>
Package pdftex.def Info: PearsonCorrelationCoeffiecient/PCC_element_specific_diag_perm-eps-converted-to.pdf  used on input line 134.
(pdftex.def)             Requested size: 218.51524pt x 356.87056pt.
Package epstopdf Info: Source file: <PearsonCorrelationCoeffiecient/PCC_element_specific_nondiag_perm.eps>
(epstopdf)                    date: 2022-08-22 15:07:57
(epstopdf)                    size: 34358 bytes
(epstopdf)             Output file: <PearsonCorrelationCoeffiecient/PCC_element_specific_nondiag_perm-eps-converted-to.pdf>
(epstopdf)                    date: 2022-08-22 15:07:57
(epstopdf)                    size: 20850 bytes
(epstopdf)             Command: <repstopdf --outfile=PearsonCorrelationCoeffiecient/PCC_element_specific_nondiag_perm-eps-converted-to.pdf PearsonCorrelationCoeffiecient/PCC_element_specific_nondiag_perm.eps>
(epstopdf)             \includegraphics on input line 136.
Package epstopdf Info: Output file is already uptodate.


pdfTeX warning: pdflatex (file ./PearsonCorrelationCoeffiecient/PCC_element_specific_nondiag_perm-eps-converted-to.pdf): PDF inclusion: found PDF version <1.7>, but at most version <1.5> allowed
<PearsonCorrelationCoeffiecient/PCC_element_specific_nondiag_perm-eps-converted-to.pdf, id=1003, 415.5525pt x 682.55pt>
File: PearsonCorrelationCoeffiecient/PCC_element_specific_nondiag_perm-eps-converted-to.pdf Graphic file (type pdf)
<use PearsonCorrelationCoeffiecient/PCC_element_specific_nondiag_perm-eps-converted-to.pdf>
Package pdftex.def Info: PearsonCorrelationCoeffiecient/PCC_element_specific_nondiag_perm-eps-converted-to.pdf  used on input line 136.
(pdftex.def)             Requested size: 218.51524pt x 358.91693pt.
[46 <./PearsonCorrelationCoeffiecient/PCC_diag_perm-eps-converted-to.pdf> <./PearsonCorrelationCoeffiecient/PCC_ndiag_perm-eps-converted-to.pdf>]
Package epstopdf Info: Source file: <ErrorDistGraphs/error_distribution_ml_hess_w.eps>
(epstopdf)                    date: 2022-08-22 15:07:57
(epstopdf)                    size: 39676 bytes
(epstopdf)             Output file: <ErrorDistGraphs/error_distribution_ml_hess_w-eps-converted-to.pdf>
(epstopdf)                    date: 2022-08-22 15:07:57
(epstopdf)                    size: 23300 bytes
(epstopdf)             Command: <repstopdf --outfile=ErrorDistGraphs/error_distribution_ml_hess_w-eps-converted-to.pdf ErrorDistGraphs/error_distribution_ml_hess_w.eps>
(epstopdf)             \includegraphics on input line 147.
Package epstopdf Info: Output file is already uptodate.


pdfTeX warning: pdflatex (file ./ErrorDistGraphs/error_distribution_ml_hess_w-eps-converted-to.pdf): PDF inclusion: found PDF version <1.7>, but at most version <1.5> allowed
<ErrorDistGraphs/error_distribution_ml_hess_w-eps-converted-to.pdf, id=1107, 582.175pt x 465.74pt>
File: ErrorDistGraphs/error_distribution_ml_hess_w-eps-converted-to.pdf Graphic file (type pdf)
<use ErrorDistGraphs/error_distribution_ml_hess_w-eps-converted-to.pdf>
Package pdftex.def Info: ErrorDistGraphs/error_distribution_ml_hess_w-eps-converted-to.pdf  used on input line 147.
(pdftex.def)             Requested size: 455.24417pt x 364.1996pt.
[47 <./PearsonCorrelationCoeffiecient/PCC_element_specific_diag_perm-eps-converted-to.pdf> <./PearsonCorrelationCoeffiecient/PCC_element_specific_nondiag_perm-eps-converted-to.pdf>]
Package epstopdf Info: Source file: <ErrorDistGraphs/error_distribution_ml_hess_p.eps>
(epstopdf)                    date: 2022-08-22 15:07:57
(epstopdf)                    size: 40018 bytes
(epstopdf)             Output file: <ErrorDistGraphs/error_distribution_ml_hess_p-eps-converted-to.pdf>
(epstopdf)                    date: 2022-08-22 15:07:57
(epstopdf)                    size: 23593 bytes
(epstopdf)             Command: <repstopdf --outfile=ErrorDistGraphs/error_distribution_ml_hess_p-eps-converted-to.pdf ErrorDistGraphs/error_distribution_ml_hess_p.eps>
(epstopdf)             \includegraphics on input line 157.
Package epstopdf Info: Output file is already uptodate.


pdfTeX warning: pdflatex (file ./ErrorDistGraphs/error_distribution_ml_hess_p-eps-converted-to.pdf): PDF inclusion: found PDF version <1.7>, but at most version <1.5> allowed
<ErrorDistGraphs/error_distribution_ml_hess_p-eps-converted-to.pdf, id=1215, 582.175pt x 463.7325pt>
File: ErrorDistGraphs/error_distribution_ml_hess_p-eps-converted-to.pdf Graphic file (type pdf)
<use ErrorDistGraphs/error_distribution_ml_hess_p-eps-converted-to.pdf>
Package pdftex.def Info: ErrorDistGraphs/error_distribution_ml_hess_p-eps-converted-to.pdf  used on input line 157.
(pdftex.def)             Requested size: 455.24417pt x 362.62976pt.
[48 <./ErrorDistGraphs/error_distribution_ml_hess_w-eps-converted-to.pdf>]
Package epstopdf Info: Source file: <ErrorDistGraphs/error_distribution_ml_ZPE.eps>
(epstopdf)                    date: 2022-08-22 15:07:57
(epstopdf)                    size: 36902 bytes
(epstopdf)             Output file: <ErrorDistGraphs/error_distribution_ml_ZPE-eps-converted-to.pdf>
(epstopdf)                    date: 2022-08-22 15:07:57
(epstopdf)                    size: 21367 bytes
(epstopdf)             Command: <repstopdf --outfile=ErrorDistGraphs/error_distribution_ml_ZPE-eps-converted-to.pdf ErrorDistGraphs/error_distribution_ml_ZPE.eps>
(epstopdf)             \includegraphics on input line 168.
Package epstopdf Info: Output file is already uptodate.


pdfTeX warning: pdflatex (file ./ErrorDistGraphs/error_distribution_ml_ZPE-eps-converted-to.pdf): PDF inclusion: found PDF version <1.7>, but at most version <1.5> allowed
<ErrorDistGraphs/error_distribution_ml_ZPE-eps-converted-to.pdf, id=1276, 582.175pt x 445.665pt>
File: ErrorDistGraphs/error_distribution_ml_ZPE-eps-converted-to.pdf Graphic file (type pdf)
<use ErrorDistGraphs/error_distribution_ml_ZPE-eps-converted-to.pdf>
Package pdftex.def Info: ErrorDistGraphs/error_distribution_ml_ZPE-eps-converted-to.pdf  used on input line 168.
(pdftex.def)             Requested size: 455.24417pt x 348.50134pt.
) [49 <./ErrorDistGraphs/error_distribution_ml_hess_p-eps-converted-to.pdf>] [50 <./ErrorDistGraphs/error_distribution_ml_ZPE-eps-converted-to.pdf>] (./main.aux (./sections/Motivation.aux) (./sections/Theory.aux) (./sections/Methods.aux) (./sections/Results.aux) (./sections/Appendix.aux))

LaTeX Warning: There were undefined references.


LaTeX Warning: Label(s) may have changed. Rerun to get cross-references right.


Package rerunfilecheck Warning: File `main.out' has changed.
(rerunfilecheck)                Rerun to get outlines right
(rerunfilecheck)                or use package `bookmark'.

Package rerunfilecheck Info: Checksums for `main.out':
(rerunfilecheck)             Before: <no file>
(rerunfilecheck)             After:  D41D8CD98F00B204E9800998ECF8427E;0.

Package biblatex Warning: Please (re)run Biber on the file:
(biblatex)                main
(biblatex)                and rerun LaTeX afterwards.

Package logreq Info: Writing requests to 'main.run.xml'.
\openout1 = `main.run.xml'.

 ) 
Here is how much of TeX's memory you used:
 31770 strings out of 478268
 634105 string characters out of 5835367
 1446622 words of memory out of 5000000
 49249 multiletter control sequences out of 15000+600000
 537581 words of font info for 158 fonts, out of 8000000 for 9000
 1141 hyphenation exceptions out of 8191
 108i,19n,106p,10679b,1867s stack positions out of 10000i,1000n,20000p,200000b,200000s
{/opt/homebrew/Cellar/texlive/20220321_1/share/texmf-dist/fonts/enc/dvips/cm-super/cm-super-t1.enc}{/opt/homebrew/Cellar/texlive/20220321_1/share/texmf-dist/fonts/enc/dvips/lm/lm-mathit.enc}{/opt/homebrew/Cellar/texlive/20220321_1/share/texmf-dist/fonts/enc/dvips/lm/lm-ec.enc}</opt/homebrew/Cellar/texlive/20220321_1/share/texmf-dist/fonts/type1/public/sansmathfonts/cmsmfIPiXi8.pfb></opt/homebrew/Cellar/texlive/20220321_1/share/texmf-dist/fonts/type1/public/amsfonts/cm/cmss10.pfb></opt/homebrew/Cellar/texlive/20220321_1/share/texmf-dist/fonts/type1/public/amsfonts/cm/cmss8.pfb></opt/homebrew/Cellar/texlive/20220321_1/share/texmf-dist/fonts/type1/public/amsfonts/cm/cmss9.pfb></opt/homebrew/Cellar/texlive/20220321_1/share/texmf-dist/fonts/type1/public/amsfonts/cm/cmssbx10.pfb></opt/homebrew/Cellar/texlive/20220321_1/share/texmf-dist/fonts/type1/public/sansmathfonts/cmssex10.pfb></opt/homebrew/Cellar/texlive/20220321_1/share/texmf-dist/fonts/type1/public/sansmathfonts/cmssmi10.pfb></opt/homebrew/Cellar/texlive/20220321_1/share/texmf-dist/fonts/type1/public/sansmathfonts/cmssmi6.pfb></opt/homebrew/Cellar/texlive/20220321_1/share/texmf-dist/fonts/type1/public/sansmathfonts/cmssmi8.pfb></opt/homebrew/Cellar/texlive/20220321_1/share/texmf-dist/fonts/type1/public/sansmathfonts/cmssmi9.pfb></opt/homebrew/Cellar/texlive/20220321_1/share/texmf-dist/fonts/type1/public/sansmathfonts/cmsssy10.pfb></opt/homebrew/Cellar/texlive/20220321_1/share/texmf-dist/fonts/type1/public/sansmathfonts/cmsssy6.pfb></opt/homebrew/Cellar/texlive/20220321_1/share/texmf-dist/fonts/type1/public/sansmathfonts/cmsssy8.pfb></opt/homebrew/Cellar/texlive/20220321_1/share/texmf-dist/fonts/type1/public/sansmathfonts/eczz1200.pfb></opt/homebrew/Cellar/texlive/20220321_1/share/texmf-dist/fonts/type1/public/amsfonts/euler/eurb10.pfb></opt/homebrew/Cellar/texlive/20220321_1/share/texmf-dist/fonts/type1/public/lm/lmmib10.pfb></opt/homebrew/Cellar/texlive/20220321_1/share/texmf-dist/fonts/type1/public/lm/lmtt10.pfb></opt/homebrew/Cellar/texlive/20220321_1/share/texmf-dist/fonts/type1/public/cm-super/sfsi1095.pfb></opt/homebrew/Cellar/texlive/20220321_1/share/texmf-dist/fonts/type1/public/cm-super/sfss0800.pfb></opt/homebrew/Cellar/texlive/20220321_1/share/texmf-dist/fonts/type1/public/cm-super/sfss0900.pfb></opt/homebrew/Cellar/texlive/20220321_1/share/texmf-dist/fonts/type1/public/cm-super/sfss1095.pfb></opt/homebrew/Cellar/texlive/20220321_1/share/texmf-dist/fonts/type1/public/cm-super/sfss2488.pfb></opt/homebrew/Cellar/texlive/20220321_1/share/texmf-dist/fonts/type1/public/cm-super/sfsx0800.pfb></opt/homebrew/Cellar/texlive/20220321_1/share/texmf-dist/fonts/type1/public/cm-super/sfsx1000.pfb></opt/homebrew/Cellar/texlive/20220321_1/share/texmf-dist/fonts/type1/public/cm-super/sfsx1095.pfb></opt/homebrew/Cellar/texlive/20220321_1/share/texmf-dist/fonts/type1/public/cm-super/sfsx1200.pfb></opt/homebrew/Cellar/texlive/20220321_1/share/texmf-dist/fonts/type1/public/cm-super/sfsx1440.pfb></opt/homebrew/Cellar/texlive/20220321_1/share/texmf-dist/fonts/type1/public/cm-super/sfsx2074.pfb></opt/homebrew/Cellar/texlive/20220321_1/share/texmf-dist/fonts/type1/public/cm-super/sfsx2488.pfb></opt/homebrew/Cellar/texlive/20220321_1/share/texmf-dist/fonts/type1/public/sansmathfonts/ssmsam10.pfb></opt/homebrew/Cellar/texlive/20220321_1/share/texmf-dist/fonts/type1/public/sansmathfonts/ssmsbm10.pfb>
Output written on main.pdf (55 pages, 1331153 bytes).
PDF statistics:
 1650 PDF objects out of 1728 (max. 8388607)
 699 compressed objects within 7 object streams
 209 named destinations out of 1000 (max. 500000)
 327 words of extra memory for PDF output out of 10000 (max. 10000000)

