4.769544295561435332e-01
-1.639585112547982602e-06
-1.252999089553221452e-06
-4.806934909264247158e-01
1.734071408045852529e-06
3.235963983582932649e-07
-1.717151445881316812e-06
6.182124256959298236e-12
-8.292764474364759195e-09
1.730612971953352034e-06
-6.243110195480738867e-12
-1.165045575657383656e-12
-1.255827756219888061e-06
4.521239920932745038e-12
3.306621171949511555e-12
1.265672757670825926e-06
-4.565816724562581151e-12
-8.520528110498106157e-13
-4.806934909264247158e-01
1.730612971953352034e-06
1.265672757670825926e-06
4.844618644889494008e-01
-1.589680244364464847e-06
-3.359852167998035978e-07
1.734071408045852529e-06
-6.243110195480738867e-12
-4.565816724562581151e-12
-1.747665577697796728e-06
6.304595734363260817e-12
8.331938412053270549e-09
3.235963983582932649e-07
-1.165045575657383656e-12
-8.520528110498106157e-13
-3.261332167998035437e-07
1.176507291371600936e-12
2.195248540632852790e-13
2.695140497878266705e-01
-9.499551795316933272e-07
-7.528527436064298694e-07
-2.686678270875446639e-01
1.017879554548136808e-06
3.596781993939002118e-07
-9.933285128650268557e-07
3.661070253381526474e-12
-6.224760647369107517e-09
9.902096508264531420e-07
-3.751523505908516132e-12
-1.325648330071125614e-12
-7.564607436064297254e-07
2.788029879568975850e-12
2.123193644268968438e-12
7.540856011839276743e-07
-2.856945417942172344e-12
-1.009517201437234719e-12
-2.686678270875446639e-01
9.902096508264531420e-07
7.540856011839276743e-07
2.678242613651048432e-01
-9.886596069312095598e-07
-3.497792117980828563e-07
1.017879554548136808e-06
-3.751523505908516132e-12
-2.856945417942172344e-12
-1.014683606931210058e-06
3.844254016678594343e-12
6.553064746914082760e-09
3.596781993939002118e-07
-1.325648330071125614e-12
-1.009517201437234719e-12
-3.585488784647495586e-07
1.358397707739823810e-12
4.800296714392360004e-13
-8.909693593978690665e-03
3.238909087576733094e-08
4.847223152737493841e-08
8.936622136926692175e-03
-2.935843806766255808e-08
1.637792108534259030e-08
2.968792420910066745e-08
-9.891393260019754052e-14
1.718916841918936269e-10
-2.977765261602149135e-08
9.779330123471652314e-14
-5.654006927057682758e-14
4.570173152737496003e-08
-1.503312001144398245e-13
-2.344415140093931006e-13
-4.583985985100654118e-08
1.486463644835412417e-13
-8.400971572572797020e-14
8.936622136926692175e-03
-2.977765261602149135e-08
-4.583985985100654118e-08
-8.963632068355415969e-03
3.253250397004398326e-08
-1.915992150269121621e-08
-2.935843806766255808e-08
9.779330123471652314e-14
1.486463644835412417e-13
2.944717063671066307e-08
-9.670736433875504190e-14
-1.654591474225632208e-10
1.637792108534259030e-08
-5.654006927057682758e-14
-8.400971572572797020e-14
-1.642742150269124121e-08
5.593194250872608449e-14
-3.008103576080611425e-14
1.022230041396336331e+00
-4.231794150730850557e-06
-2.924864857735331791e-06
-1.028517801774443408e+00
3.714309654111753961e-06
7.648475796767856534e-07
-3.671067484064174699e-06
1.318348208378949948e-11
-8.576273765882976756e-09
3.693648304046677424e-06
-1.333888555166140577e-11
-2.746825770311156489e-12
-2.726914791068664798e-06
9.792900783909055940e-12
7.274450147091209332e-12
2.743688106353298645e-06
-9.908390270372754993e-12
-2.040245846700297315e-12
-1.028517801774443408e+00
3.693648304046677424e-06
2.743688106353298645e-06
1.034844238310531406e+00
-4.283880457870142884e-06
-6.017957746426929440e-07
3.714309654111753961e-06
-1.333888555166140577e-11
-9.908390270372754993e-12
-3.737156457870130583e-06
1.349609313194832794e-11
6.294712453673101740e-09
7.648475796767856534e-07
-2.746825770311156489e-12
-2.040245846700297315e-12
-7.695521746426935051e-07
2.779120337993105233e-12
5.723514614871635011e-13
4.893288080826951325e-01
-1.969183640511384790e-06
-7.848692431856447814e-06
-4.843893721179147738e-01
1.795336870944495638e-06
-7.162631146093611145e-05
-1.686434973844721376e-06
5.811892633822424159e-12
-3.484280358608884702e-09
1.669411578957623181e-06
-6.187675372082424019e-12
2.468547196890232744e-10
-7.827458765189778837e-06
2.697678424826766096e-11
1.252106662959665251e-10
7.748445981354540928e-06
-2.871880350661332472e-11
1.145757305220429851e-09
-4.843893721179147738e-01
1.669411578957623181e-06
7.748445981354540928e-06
4.794997963437621080e-01
-1.974993520005447205e-06
7.094059604035607718e-05
1.795336870944495638e-06
-6.187675372082424019e-12
-2.871880350661332472e-11
-1.777214186672116734e-06
6.586953205101053754e-12
4.579614131795581699e-09
-7.162631146093611145e-05
2.468547196890232744e-10
1.145757305220429851e-09
7.090329337368940488e-05
-2.627953920139729310e-10
1.048441954645058488e-08
4.320698322645093875e-02
-1.852952166329023120e-07
-1.321037197784194563e-07
-4.349483528015364586e-02
3.872726246325355537e-07
8.429152716434179840e-08
-4.044715499662346520e-07
3.786349705992009262e-12
2.839728109274184883e-08
4.071662062084781157e-07
-3.625358693803981680e-12
-7.888505387104727262e-13
-2.187727197784194497e-07
2.047759422967032616e-12
1.107697158823917061e-12
2.202302197467311514e-07
-1.961124784701645529e-12
-4.267922990117568177e-13
-4.349483528015364586e-02
4.071662062084781157e-07
2.202302197467311514e-07
4.378460505174900513e-02
-1.701026987770872041e-07
-1.716574245641507197e-07
3.872726246325355537e-07
-3.625358693803981680e-12
-1.961124784701645529e-12
-3.898526987770862436e-07
3.471199022664350764e-12
-2.839447758883929807e-08
8.429152716434179840e-08
-7.888505387104727262e-13
-4.267922990117568177e-13
-8.485309123081744238e-08
7.557444795837364726e-13
1.644342748104827244e-13
6.301303084950883315e-01
4.563435069657747686e-03
2.821780282580218201e-03
-6.475943257785348184e-01
-5.853556425838382128e-04
-4.822253001490841608e-04
1.445295070324448174e-03
3.314993442078521813e-06
6.516629021607184269e-06
-1.485351321781782849e-03
-1.342597893201191023e-06
-1.106053525243982927e-06
2.821767569246885071e-03
6.472132354939930110e-06
1.263607242414643839e-05
-2.899972659424020389e-03
-2.621263485373670488e-06
-2.159438602877816749e-06
-6.475943257785348184e-01
-1.485351321781782849e-03
-2.899972659424020389e-03
6.655423570755354401e-01
6.015983271433804824e-04
4.955329305047718926e-04
-5.853556425838382128e-04
-1.342597893201191023e-06
-2.621263485373670488e-06
6.015787331433804968e-04
5.437624944152480433e-07
4.288902022801799330e-07
-4.822253001490841608e-04
-1.106053525243982927e-06
-2.159438602877816749e-06
4.955901405047718426e-04
4.479602022794404448e-07
3.690367484515677532e-07
2.656920900962767007e-01
-5.552644274550339628e-07
-4.907897165037597080e-07
-2.409656760939190845e-01
5.828931088891511825e-07
2.712281993183521508e-07
-6.747637607883671501e-07
1.713683131335174172e-12
-4.446926822582546098e-08
6.119674309509288849e-07
-1.480329663839348615e-12
-6.887617394369397123e-13
-5.577470498370937209e-07
1.416444406319203564e-12
1.170844671216642041e-12
5.058407832340197615e-07
-1.223700286225649800e-12
-5.694073684781031375e-13
-2.409656760939190845e-01
6.119674309509288849e-07
5.058407832340197615e-07
2.185404053028418003e-01
-4.545739784815926566e-07
-2.657535097656093418e-07
5.828931088891511825e-07
-1.480329663839348615e-12
-1.223700286225649800e-12
-5.286466451482579948e-07
1.278736597038674341e-12
3.017433949326791789e-08
2.712281993183521508e-07
-6.887617394369397123e-13
-5.694073684781031375e-13
-2.459865719028363744e-07
5.950488234963121693e-13
2.769017654058458788e-13
-8.310888559732972428e-03
4.214983115074798817e-08
4.630534942813217996e-08
8.077074953615681271e-03
-2.642320762909439500e-08
1.738706004196226835e-08
2.861283115074812312e-08
-9.851841564767482851e-14
4.209506227127931546e-10
-2.780785474277943698e-08
9.098624631498353210e-14
-6.427945768316159188e-14
4.645734942813221997e-08
-1.555032158482034924e-13
-2.597364083892146834e-13
-4.515034593238727094e-08
1.432740497702444959e-13
-9.715656868116326571e-14
8.077074953615681271e-03
-2.780785474277943698e-08
-4.515034593238727094e-08
-7.849839320721413785e-03
3.921683279560943054e-08
-1.674590281420871496e-08
-2.642320762909439500e-08
9.098624631498353210e-14
1.432740497702444959e-13
2.567983279560959196e-08
-8.401959683546067481e-14
-3.721967313398614991e-10
1.738706004196226835e-08
-6.427945768316159188e-14
-9.715656868116326571e-14
-1.689790281420875497e-08
5.972138619970485856e-14
-3.639295301928930426e-14
1.010376692214860039e+00
1.662173485091004337e-03
-2.783286955344123548e-06
-1.012016966913094951e+00
-1.293048733832044160e-04
6.113074965567255950e-07
-1.410417361908988853e-03
1.968847015584165671e-06
1.305256606471418251e-08
1.412707074181982414e-03
1.805008371111264350e-07
-8.533438840465015768e-10
-3.055281622010788480e-06
4.264966064714033068e-09
9.238831921720702667e-12
3.060241654421590377e-06
3.910053341730380515e-10
-1.848743380605810671e-12
-1.012016966913094951e+00
1.412707074181982414e-03
3.060241654421590377e-06
1.013659904480640694e+00
1.299397476484776101e-04
-8.358462441321571947e-07
-1.293048733832044160e-04
1.805008371111264350e-07
3.910053341730380515e-10
1.295147906484775771e-04
1.654803668465730888e-08
-5.921833204295791903e-09
6.113074965567255950e-07
-8.533438840465015768e-10
-1.848743380605810671e-12
-6.122999107988252728e-07
-7.823320429559259021e-11
3.692601779903270653e-13
1.133258274086681033e-01
-1.590930694772305579e-07
-2.506955732854258270e-07
-1.119736984951628794e-01
1.252093292387642102e-07
4.626238207713178329e-08
-1.785765694772307468e-07
2.813471335523489581e-13
-1.036463714201553638e-09
1.764459117693376180e-07
-1.973018796769800054e-13
-7.294807322761297230e-14
-2.573539118135641982e-07
4.055498680475590201e-13
5.844422168443941246e-13
2.542833349369277551e-07
-2.843654114671701968e-13
-1.050201592356359015e-13
-1.119736984951628794e-01
1.764459117693376180e-07
2.542833349369277551e-07
1.106377022906836621e-01
-1.152510808855272627e-07
-4.698565318356484432e-08
1.252093292387642102e-07
-1.973018796769800054e-13
-2.843654114671701968e-13
-1.237154142188605148e-07
1.383068044251874837e-13
1.089425185761045854e-09
4.626238207713178329e-08
-7.294807322761297230e-14
-1.050201592356359015e-13
-4.571040989352160117e-08
5.115978543308429688e-14
1.894318035766673347e-14
-9.397069648665970845e-03
2.997828645828181335e-08
4.706673880609658248e-08
9.372060602229507348e-03
-3.167537388835518541e-08
1.572798591781589619e-08
3.237328645828201446e-08
-1.115149639296930673e-13
2.280690488957504089e-10
-3.228712928090142508e-08
1.091175760858931199e-13
-5.474147632076860424e-14
4.709523880609668097e-08
-1.616870349897146428e-13
-2.360224986167743497e-13
-4.696990111485117719e-08
1.581929716721270425e-13
-7.882917973834369777e-14
9.372060602229507348e-03
-3.228712928090142508e-08
-4.696990111485117719e-08
-9.347118114031627636e-03
2.953107411636442541e-08
-1.561962798285667265e-08
-3.167537388835518541e-08
1.091175760858931199e-13
1.581929716721270425e-13
3.159107411636459076e-08
-1.067652910524685694e-13
-2.176057283019887019e-10
1.572798591781589619e-08
-5.474147632076860424e-14
-7.882917973834369777e-14
-1.568612798285674806e-08
5.357905732598862479e-14
-2.633009052656318642e-14
2.442856046465931574e-01
-6.252636206296455721e-07
-7.508548024195834140e-07
-2.368748911356689524e-01
5.353731245940140536e-07
2.022290463267450095e-07
-7.300229539629785624e-07
2.181435587722546643e-12
-1.468465837730747029e-08
7.078767821670230219e-07
-1.600150567604430307e-12
-6.043117067686453261e-13
-8.362774294037107381e-07
2.498981999900568552e-12
2.862990187455967787e-12
8.109078933889786853e-07
-1.832584241149076046e-12
-6.923220397389385965e-13
-2.368748911356689524e-01
7.078767821670230219e-07
8.109078933889786853e-07
2.296889910140572366e-01
-5.103045688059590065e-07
-2.454767715412066574e-07
5.353731245940140536e-07
-1.600150567604430307e-12
-1.832584241149076046e-12
-5.191319021392921673e-07
1.173353081362904504e-12
4.104434778412777566e-08
2.022290463267450095e-07
-6.043117067686453261e-13
-6.923220397389385965e-13
-1.960941718298068320e-07
4.432386732304313372e-13
1.673725858302493754e-13
1.107660271663393620e-01
5.524721335568590725e-04
-3.056952287006673930e-07
-1.056274490315148168e-01
1.079177934048542570e-04
1.038963896295182093e-07
-9.837749881097996880e-04
8.737455444898789558e-06
-2.620772374174461434e-08
9.381364040347650677e-04
-9.584782325253171642e-07
-9.227619044112247653e-10
-3.636735627388507766e-07
3.229988163017293488e-09
1.193946792772056778e-12
3.468022794985466161e-07
-3.543220752135159050e-10
-3.410074927164833086e-13
-1.056274490315148168e-01
9.381364040347650677e-04
3.468022794985466161e-07
1.007272561301701258e-01
-1.028379611557303551e-04
-1.232605309890776959e-07
1.079177934048542570e-04
-9.584782325253171642e-07
-3.543220752135159050e-10
-1.029113484890636877e-04
1.051427987106001716e-07
1.607120813297472854e-08
1.038963896295182093e-07
-9.227619044112247653e-10
-3.410074927164833086e-13
-9.907650279504976877e-08
1.012247996413932863e-10
9.744319346723109213e-14
3.442137690778408754e-02
2.453563849412437273e-03
1.427817423521263477e-03
-2.571730933762541096e-02
-2.741098845884235025e-03
-1.665430081871437226e-03
2.453657706745770561e-03
1.749039894017682126e-04
1.017673588849391311e-04
-1.833205987723257428e-03
-1.953936452389306222e-04
-1.187167894642013072e-04
1.427842326835305044e-03
1.017808305182723097e-04
5.922870882717375107e-05
-1.066786575765224683e-03
-1.137042531644701353e-04
-6.908414993538926352e-05
-2.571730933762541096e-02
-1.833205987723257428e-03
-1.066786575765224683e-03
1.921422264248685494e-02
2.047858313555629868e-03
1.244322367112044286e-03
-2.741098845884235025e-03
-1.953936452389306222e-04
-1.137042531644701353e-04
2.047962437222296522e-03
2.182836236631897193e-04
1.326377101139256803e-04
-1.665430081871437226e-03
-1.187167894642013072e-04
-6.908414993538926352e-05
1.244295970798002830e-03
1.326242261472589286e-04
8.057950049563007699e-05
3.530688927152213719e+00
6.815716933008532374e-02
5.828106494585702513e-02
-3.530688942019481580e+00
6.312849274139482880e-02
-6.263072422639714976e-02
-6.312892514274764943e-02
1.128748884964114740e-03
1.120019840744504490e-03
6.312892540857405199e-02
-1.128741153602008662e-03
1.119841023352889610e-03
-6.264341987847107940e-02
1.120068022357100001e-03
1.111453921610133138e-03
6.264342014225418587e-02
-1.120060350455014163e-03
1.111228668385954134e-03
-3.530688942019481580e+00
6.312892540857405199e-02
6.264342014225418587e-02
3.530688956886748997e+00
6.815756624861193935e-02
-5.829376033420097941e-02
6.312849274139482880e-02
-1.128741153602008662e-03
-1.120060350455014163e-03
-6.312849300722103707e-02
1.128733422294136979e-03
-1.119785171393470908e-03
-6.263072422639714976e-02
1.119841023352889610e-03
1.111228668385954134e-03
6.263072449012711818e-02
-1.119833353006080296e-03
1.111003460813733907e-03
-7.231634335851380713e-02
-1.296609568485039641e-03
8.192011643473413787e-04
7.235598457926842308e-02
-3.291204398228848925e-04
-8.065333303655237941e-04
3.289699208482899009e-04
-1.496497248135164604e-06
3.668669932673038728e-06
-3.291502503374285258e-04
1.497181964779659147e-06
3.668952183132595192e-06
-8.061138848780265501e-04
3.667044108922557070e-06
-8.985791664685210530e-06
8.065557675421670090e-04
-3.668721951719863472e-06
-8.990467244541650377e-06
7.235598457926842308e-02
-3.291502503374285258e-04
8.065557675421670090e-04
-7.239564752991624330e-02
-1.296440036178888927e-03
-8.183218807707438825e-04
-3.291204398228848925e-04
1.497181964779659147e-06
-3.668721951719863472e-06
3.293008518211077719e-04
-1.497866995076035934e-06
-3.672257538210852228e-06
-8.065333303655237941e-04
3.668952183132595192e-06
-8.990467244541650377e-06
8.069754429546235333e-04
-3.670630898978980473e-06
-8.995145257069076195e-06
-1.475468515850879014e-01
6.663297439967668582e-07
3.960511769144058226e-07
1.475738467291288492e-01
-4.312076631845372986e-07
-1.056109122317802861e-07
4.239214106634343006e-07
-1.217789757923526395e-12
-1.008520432489317129e-08
-4.239989712503957616e-07
1.238918689860923905e-12
3.035275831936244651e-13
4.364340903759998422e-07
-1.253847543171173449e-12
-1.291023408250796859e-12
-4.365139402745781519e-07
1.275549781629744389e-12
3.123770340656610398e-13
1.475738467291288492e-01
-4.239989712503957616e-07
-4.365139402745781519e-07
-1.476008468121966788e-01
6.651322235059231359e-07
1.370880371350614068e-07
-4.312076631845372986e-07
1.238918689860923905e-12
1.275549781629744389e-12
4.312865568392570194e-07
-1.260248849721534725e-12
1.008280572567917787e-08
-1.056109122317802861e-07
3.035275831936244651e-13
3.123770340656610398e-13
1.056302347842883749e-07
-3.085815106231400628e-13
-7.556852171480918915e-14
-1.498565400946237358e-01
7.033217367883803343e-07
4.246301729260211517e-07
1.498845328074840944e-01
-3.978658732207916445e-07
-1.111154204052875976e-07
3.939725701217167605e-07
-1.035664609627673372e-12
4.114915945941371783e-10
-3.940461629313412720e-07
1.045996622650591235e-12
2.921632186303963470e-13
4.601085899165503430e-07
-1.209589601759138988e-12
-1.412756797581994863e-12
-4.601945367002279862e-07
1.221588665460685282e-12
3.411052479540239191e-13
1.498845328074840944e-01
-3.940461629313412720e-07
-4.601945367002279862e-07
-1.499125307492920611e-01
7.096626932677766993e-07
1.458981489494992191e-07
-3.978658732207916445e-07
1.045996622650591235e-12
1.221588665460685282e-12
3.979401932677802950e-07
-1.056363330143028634e-12
-4.129967355353704769e-10
-1.111154204052875976e-07
2.921632186303963470e-13
3.411052479540239191e-13
1.111361764034154023e-07
-2.949890449239310413e-13
-8.240520312169423800e-14
-1.052241485013963723e-01
-7.749537477416827995e-04
2.541946984931230708e-07
1.052242266264246939e-01
-5.104478714046733817e-04
-7.660823252100002777e-08
5.104417979249831813e-04
-2.476150510899497690e-06
-1.173248608018109651e-09
-5.104421769090785894e-04
2.476179973267610520e-06
3.716261259418860513e-10
2.421713096042343288e-07
-1.174771744141246612e-09
-5.573978778539157020e-13
-2.421714894079977767e-07
1.174785724917626579e-09
1.763452665143327991e-13
1.052242266264246939e-01
-5.104421769090785894e-04
-2.421714894079977767e-07
-1.052243047515111080e-01
-7.749520932733719664e-04
5.339934495547010290e-08
-5.104478714046733817e-04
2.476179973267610520e-06
1.174785724917626579e-09
5.104482503932995623e-04
-2.476209436053487201e-06
-3.731536907144646358e-10
-7.660823252100002777e-08
3.716261259418860513e-10
1.763452665143327991e-13
7.660828939991445274e-08
-3.716305545913276743e-10
-5.572430537836847719e-14
3.123392791828083936e+00
7.057879905289733691e-02
6.469456515450851264e-02
-3.123392815334153472e+00
6.927072709309071985e-02
-7.514088451592026985e-02
-6.927120992776894526e-02
1.536310302505949910e-03
1.666731037484716791e-03
6.927121044909119452e-02
-1.536299594103451849e-03
1.666489081705569992e-03
-7.515266155671279646e-02
1.666750275196137191e-03
1.808265215260578115e-03
7.515266212229740339e-02
-1.666738657601726835e-03
1.807981845213274107e-03
-3.123392815334153472e+00
6.927121044909119452e-02
7.515266212229740339e-02
3.123392838840223007e+00
7.057932583425682860e-02
-6.470634162980440363e-02
6.927072709309071985e-02
-1.536299594103451849e-03
-1.666738657601726835e-03
-6.927072761440944415e-02
1.536288885778669400e-03
-1.666458228220465965e-03
-7.514088451592026985e-02
1.666489081705569992e-03
1.807981845213274107e-03
7.514088508141693323e-02
-1.666477465931900243e-03
1.807698519574221048e-03
6.422097454732675903e-01
9.760922873612080941e-02
1.129173355727685901e-01
-6.422094309640627996e-01
1.179456487384387131e-01
-1.026556339506324439e-01
-1.179455900260459739e-01
2.166140004048029005e-02
2.403354407206161059e-02
1.179455322645841936e-01
-2.166141082335645840e-02
1.885330984331638760e-02
-1.026585304945127064e-01
1.885384181060579048e-02
1.641017433568665862e-02
1.026584802195778523e-01
-1.885385119590043262e-02
1.640971131727099810e-02
-6.422094309640627996e-01
1.179455322645841936e-01
1.026584802195778523e-01
6.422091164550128850e-01
9.760914875121771972e-02
-1.129203870164973561e-01
1.179456487384387131e-01
-2.166141082335645840e-02
-1.885385119590043262e-02
-1.179455909769490385e-01
2.166142160623901747e-02
-2.403302148972584137e-02
-1.026556339506324439e-01
1.885330984331638760e-02
1.640971131727099810e-02
1.026555836771173291e-01
-1.885331922834775423e-02
1.640924831192134420e-02
-1.429514050090094635e-01
4.736533726755413456e-07
4.657888438195342103e-07
1.429514493472076320e-01
-3.953151181491654081e-07
-7.566185497396181967e-08
4.023821226755406471e-07
-1.132677929276534864e-12
1.242516327255493470e-11
-4.023822474583391947e-07
1.112890265628878993e-12
2.130167421263617628e-13
4.054632882757262129e-07
-1.141066697044775100e-12
-1.150093908997007475e-12
-4.054634140353456546e-07
1.121455612853422450e-12
2.145783550844271304e-13
1.429514493472076320e-01
-4.023822474583391947e-07
-4.054634140353456546e-07
-1.429514936854197893e-01
4.698353241466915039e-07
1.545448956428910204e-08
-3.953151181491654081e-07
1.112890265628878993e-12
1.121455612853422450e-12
3.953152408133580012e-07
-1.093081447373366374e-12
-1.377517979415544488e-11
-7.566185497396181967e-08
2.130167421263617628e-13
2.145783550844271304e-13
7.566187844143045314e-08
-2.090523964310007826e-13
-4.009292897677596557e-14
-1.225915090501387000e-01
3.120323863165732652e-07
3.269276665939256130e-07
1.225915931895636551e-01
-3.105162042154111705e-07
-1.002791291706797715e-07
2.899152196499067937e-07
-6.856473980601242651e-13
8.519253950865674331e-12
-2.899154186442551588e-07
7.343486944552735059e-13
2.371495761007021510e-13
3.276698332706826115e-07
-7.749138705718325721e-13
-8.758461821211857384e-13
-3.276700581635128487e-07
8.300292065189358795e-13
2.680150372502046482e-13
1.225915931895636551e-01
-2.899154186442551588e-07
-3.276700581635128487e-07
-1.225916773290466333e-01
4.620202506449676898e-07
7.203203133967095795e-08
-3.105162042154111705e-07
7.343486944552735059e-13
8.300292065189358795e-13
3.105164173116355741e-07
-7.864557949921759329e-13
-9.579630125597729795e-12
-1.002791291706797715e-07
2.371495761007021510e-13
2.680150372502046482e-13
1.002791979962299335e-07
-2.539904137334572033e-13
-8.207245620396089304e-14
-9.050773672844611428e-02
2.167291061126723710e-07
-5.963998221800977430e-08
9.051110090504430050e-02
-9.101485726225019717e-07
6.073910364547397896e-07
1.873842727793384575e-07
-3.879799156887269663e-13
1.236960690886880522e-12
-1.873912378758741541e-07
1.884336679240293544e-12
-1.257504717496318865e-12
-6.050148221723003826e-08
1.252451320576193996e-13
-4.040778128766575605e-14
6.050373105982654649e-08
-6.084096030316924746e-13
4.060819063823883912e-13
9.051110090504430050e-02
-1.873912378758741541e-07
6.050373105982654649e-08
-9.051446520668919582e-02
1.074192236218274697e-06
-6.079957798726439208e-07
-9.101485726225019717e-07
1.884336679240293544e-12
-6.084096030316924746e-13
9.101824028849416880e-07
-9.152486712807600551e-12
4.996393731561184106e-12
6.073910364547397896e-07
-1.257504717496318865e-12
4.060819063823883912e-13
-6.074136132067566539e-07
6.107913303854169969e-12
-4.076133202669807165e-12
1.348169388002433466e+00
8.194188614933817227e-02
7.069007756366894879e-02
-1.348169145421595161e+00
9.933611639114582614e-02
-8.469144977773269967e-02
-9.933991626666162367e-02
7.319865776280732456e-03
6.241004750399794035e-03
9.933989839208239025e-02
-7.319585782297358817e-03
6.240492926402811495e-03
-8.469625523699847447e-02
6.240847016865254740e-03
5.320886021451722708e-03
8.469623999730439834e-02
-6.240608296693755420e-03
5.320584127335860336e-03
-1.348169145421595161e+00
9.933989839208239025e-02
8.469623999730439834e-02
1.348168902840800598e+00
8.194570389874865357e-02
-7.069489809843011729e-02
9.933611639114582614e-02
-7.319585782297358817e-03
-6.240608296693755420e-03
-9.933609851725111461e-02
7.319305799026634696e-03
-6.240411953311673920e-03
-8.469144977773269967e-02
6.240492926402811495e-03
5.320584127335860336e-03
8.469143453890400075e-02
-6.240254219777151973e-03
5.320282250350470352e-03
1.370132186819113640e+00
7.705919460976626278e-02
7.316276872180231539e-02
-1.370132185806184122e+00
9.386384300064813668e-02
-8.739801009806409671e-02
-9.386390786240014772e-02
6.430352694403868030e-03
5.987819921446741085e-03
9.386390779300637921e-02
-6.430348250906664162e-03
5.987392199176684929e-03
-8.740306846812111174e-02
5.987738733902262141e-03
5.575590772288090309e-03
8.740306840350418882e-02
-5.987734596260021157e-03
5.575268090236368268e-03
-1.370132185806184122e+00
9.386390779300637921e-02
8.740306840350418882e-02
1.370132184793255048e+00
7.705922462024408781e-02
-7.316782715647167368e-02
9.386384300064813668e-02
-6.430348250906664162e-03
-5.987734596260021157e-03
-9.386384293125568656e-02
6.430343807414154456e-03
-5.987469249319463116e-03
-8.739801009806409671e-02
5.987392199176684929e-03
5.575268090236368268e-03
8.739801003345175345e-02
-5.987388061775004988e-03
5.574945426860967133e-03
5.572081718046637683e-02
2.107437948296998417e-02
-7.124957095153811384e-03
-5.551900932879438866e-02
-6.975665112733581835e-03
6.138736899627425178e-03
6.950403665970022148e-03
8.669670253308586760e-04
8.292151565907281315e-04
-6.925230918996154450e-03
-8.701180425103594018e-04
7.657227874739609697e-04
6.645791292317325578e-03
8.289708317025779559e-04
7.926398810337928350e-04
-6.621721780576003691e-03
-8.319837505976405805e-04
7.321637818276512067e-04
-5.551900932879438866e-02
-6.925230918996154450e-03
-6.621721780576003691e-03
5.531793237826606452e-02
2.107441837800291817e-02
7.654252564568495530e-03
-6.975665112733581835e-03
-8.701180425103594018e-04
-8.319837505976405805e-04
6.950400874669622128e-03
8.732805121546977078e-04
-7.687501519420842505e-04
6.138736899627425178e-03
7.657227874739609697e-04
7.321637818276512067e-04
-6.116503821069304257e-03
-7.685058294900669676e-04
6.763018316977548574e-04
-1.313212298808958678e-01
3.008754030026188458e-07
3.042980738691777663e-07
1.313212343794121773e-01
-2.267994460855491048e-07
-1.679994550541229210e-07
2.323317363359526038e-07
-4.109299446835505814e-13
1.223847451805384637e-09
-2.323317443204728939e-07
4.013753616997897981e-13
2.972141114631715657e-13
3.146727418651089893e-07
-5.567492382421235746e-13
-7.541428016296728892e-13
-3.146727526444686990e-07
5.434643033917784185e-13
4.025071905239930505e-13
1.313212343794121773e-01
-2.323317443204728939e-07
-3.146727526444686990e-07
-1.313212388779290141e-01
3.185022871780614507e-07
1.783741288050280746e-07
-2.267994460855491048e-07
4.013753616997897981e-13
5.434643033917784185e-13
2.267994538447283496e-07
-3.915559472894824966e-13
-1.224694353281182483e-09
-1.679994550541229210e-07
2.972141114631715657e-13
4.025071905239930505e-13
1.679994608090968517e-07
-2.901522375616160798e-13
-2.149238936415473352e-13
-7.949978127164647468e-02
4.416803908242976370e-07
4.844769355823730099e-07
7.950433045327312542e-02
-5.019232040721258211e-07
-2.608062479670836239e-07
4.823507241576263800e-07
-2.926592391142359488e-12
1.007956468982549745e-09
-4.823783254856406966e-07
3.045338150063778704e-12
1.582401764171362866e-12
4.926724362616604676e-07
-2.989202654934983103e-12
-3.053174670009616010e-12
-4.927006282435756660e-07
3.110498502171183981e-12
1.616244505310386603e-12
7.950433045327312542e-02
-4.823783254856406966e-07
-4.927006282435756660e-07
-7.950887989521571164e-02
4.744225920820311323e-07
2.668655614703808458e-07
-5.019232040721258211e-07
3.045338150063778704e-12
3.110498502171183981e-12
5.019519254153594534e-07
-3.168917012037552000e-12
-9.112603883097188651e-10
-2.608062479670836239e-07
1.582401764171362866e-12
1.616244505310386603e-12
2.608211719702919525e-07
-1.646604612073450775e-12
-8.555881290993674892e-13
3.459020498248664310e+00
6.293088752103552508e-02
5.941787475918867967e-02
-3.459020264240804110e+00
5.556647782912803313e-02
-5.930627476143129212e-02
-5.569609955413085123e-02
8.968017122523985751e-04
9.532542369749806045e-04
5.569609578620737800e-02
-8.947145825266011876e-04
9.549316591126241890e-04
-5.920448454764230817e-02
9.532926639456763308e-04
1.013342069620013289e-03
5.920448054237119340e-02
-9.510740626334449749e-04
1.015084307672201817e-03
-3.459020264240804110e+00
5.569609578620737800e-02
5.920448054237119340e-02
3.459020030232962117e+00
6.306044316385936432e-02
-5.931608855755684390e-02
5.556647782912803313e-02
-8.947145825266011876e-04
-9.510740626334449749e-04
-5.556647406997369115e-02
8.926323101868804955e-04
-9.526708163913874062e-04
-5.930627476143129212e-02
9.549316591126241890e-04
1.015084307672201817e-03
5.930627074927411618e-02
-9.527092433620970103e-04
1.016829541154606062e-03
-1.486411114076652551e-01
-3.198995273662989130e-04
2.572077801876096860e-04
1.486411008983616056e-01
-1.735512505988195335e-04
-2.560742484989796553e-04
1.864344503003709090e-04
-2.338370854638614424e-07
3.160969707019582777e-07
-1.864344371190159756e-04
2.176782162646200954e-07
3.211834283966781443e-07
-2.490690401429808279e-04
3.123970828197779361e-07
-4.173501270178851527e-07
2.490690225331695408e-04
-2.908094739098978157e-07
-4.290883367621567372e-07
1.486411008983616056e-01
-1.864344371190159756e-04
2.490690225331695408e-04
-1.486410903890588997e-01
-3.328193710050211243e-04
-2.502038081033740964e-04
-1.735512505988195335e-04
2.176782162646200954e-07
-2.908094739098978157e-07
1.735512383283156659e-04
-2.026359753977718906e-07
-3.026885432217244543e-07
-2.560742484989796553e-04
3.211834283966781443e-07
-4.290883367621567372e-07
2.560742303938832944e-04
-2.989886557073054896e-07
-4.411566901383071112e-07
-1.139546661268023287e-01
4.059633392682841922e-07
1.166654705799722506e-07
1.139546661270211536e-01
-2.187261097208666959e-07
2.126015890257038549e-07
1.748091726016215909e-07
-2.681933844998924849e-13
-5.398263310635131597e-09
-1.748091725921471568e-07
3.354848525054647179e-13
-3.261270938331058862e-13
1.065288138604028301e-08
-1.641195025176102501e-14
-9.194123047310253156e-16
-1.065288138605944051e-08
2.043458183346259262e-14
-1.991720661025804102e-14
1.139546661270211536e-01
-1.748091725921471568e-07
-1.065288138605944051e-08
-1.139546661272401173e-01
4.730604430646092325e-07
-3.371503448866997138e-07
-2.187261097208666959e-07
3.354848525054647179e-13
2.043458183346259262e-14
2.187261097312797219e-07
-4.198567744812470342e-13
5.398634814083287884e-09
2.126015890257038549e-07
-3.261270938331058862e-13
-1.991720661025804102e-14
-2.126015890261120983e-07
4.080389452766619286e-13
-3.965837449735154918e-13
-1.102078750027316867e-01
3.225143516966750418e-03
-2.571694506562203879e-03
1.102078388467448017e-01
1.954322552208025490e-03
2.607302196429656972e-03
-1.954393879366502374e-03
-3.465864336477139613e-05
4.623042935846401435e-05
1.954393238186946311e-03
3.465737846995050578e-05
4.623712646881206461e-05
2.607809075090728335e-03
4.624611530513058033e-05
-6.170764268837206860e-05
-2.607808219544686772e-03
-4.624442751642128459e-05
-6.169564860200420220e-05
1.102078388467448017e-01
1.954393238186946311e-03
-2.607808219544686772e-03
-1.102078026907700181e-01
3.225236713614751307e-03
2.572145861269664602e-03
1.954322552208025490e-03
3.465737846995050578e-05
-4.624442751642128459e-05
-1.954321911051837453e-03
-3.465611362144228701e-05
-4.621975312108354849e-05
2.607302196429656972e-03
4.623712646881206461e-05
-6.169564860200420220e-05
-2.607301341049937660e-03
-4.623543900811433291e-05
-6.168365684690280907e-05
-9.032377010441686171e-02
2.292571085101898552e-07
-5.276448662678068846e-08
9.032714122601843976e-02
-8.776909030656504662e-07
6.348584241247185165e-07
2.130047751768570366e-07
-5.023245473709566983e-13
2.824723108927035635e-12
-2.130127250502919043e-07
2.069790030709098223e-12
-1.497165539663106806e-12
-6.280998662490577659e-08
1.481222912329575438e-13
-4.361048740013362401e-14
6.281233085954934090e-08
-6.103509075546185563e-13
4.415081852632979365e-13
9.032714122601843976e-02
-2.130127250502919043e-07
6.281233085954934090e-08
-9.033051247343926171e-02
1.064722660815255218e-06
-7.356989520488047814e-07
-8.776909030656504662e-07
2.069790030709098223e-12
-6.103509075546185563e-13
8.777236608152543252e-07
-8.528651619287928255e-12
3.428744631670897846e-12
6.348584241247185165e-07
-1.497165539663106806e-12
4.415081852632979365e-13
-6.348821187173695521e-07
6.169032653035208732e-12
-4.462158724113929331e-12
6.663665716027256103e-01
5.836193124330222443e-02
6.553956585823048075e-02
-6.663633201141399010e-01
6.752084192003934837e-02
-6.035715630501502227e-02
-6.754329787164228827e-02
6.846227409644023432e-03
6.119947791470386339e-03
6.754296829889459841e-02
-6.843951261510501649e-03
6.117835979061013972e-03
-6.037959901768344406e-02
6.120110785288420882e-03
5.471006699462638463e-03
6.037930439969767249e-02
-6.118076047336294676e-03
5.468973161092002822e-03
-6.663633201141399010e-01
6.754296829889459841e-02
6.037930439969767249e-02
6.663600686414197227e-01
5.838543527474700234e-02
-6.556239201421233675e-02
6.752084192003934837e-02
-6.843951261510501649e-03
-6.118076047336294676e-03
-6.752051245686419012e-02
6.841675870123575809e-03
-6.115642364015972006e-03
-6.035715630501502227e-02
6.117835979061013972e-03
5.468973161092002822e-03
6.035686179653743794e-02
-6.115801997408596390e-03
5.466940378576110558e-03
-8.873637729437464094e-02
1.066903778916820748e-02
-7.525956367772849813e-03
8.873654236352968017e-02
4.087523971144526799e-03
7.619215131419246508e-03
-4.084318294331825382e-03
-1.879911760887670313e-04
3.507095701678718930e-04
4.084325892061065402e-03
1.881387255475291953e-04
3.506938270250478488e-04
7.619661413623826825e-03
3.507143683027968604e-04
-6.542890506525460238e-04
-7.619675587867876139e-03
-3.509896350273501589e-04
-6.542507290596915161e-04
8.873654236352968017e-02
4.084325892061065402e-03
-7.619675587867876139e-03
-8.873670743299182095e-02
1.066580349599632882e-02
7.526404305896783158e-03
4.087523971144526799e-03
1.881387255475291953e-04
-3.509896350273501589e-04
-4.087531574837045302e-03
-1.882863908141962916e-04
-3.509642792282844249e-04
7.619215131419246508e-03
3.506938270250478488e-04
-6.542507290596915161e-04
-7.619229304833230638e-03
-3.509690776273036942e-04
-6.542124097118869660e-04
-6.237263967814164756e-02
9.882292701590378661e-03
-7.220553116036466240e-03
6.231071627145580438e-02
1.976744326504517330e-03
6.724439648429187538e-03
-4.338604396909638214e-03
-3.017907885572578171e-04
4.868470424288784404e-04
4.334297040897347117e-03
1.375011811397147156e-04
4.677480955747395641e-04
6.999290725766698501e-03
4.868665760300594503e-04
-7.854416762958955911e-04
-6.992341846765226521e-03
-2.218249588780983920e-04
-7.545986238534085899e-04
6.231071627145580438e-02
4.334297040897347117e-03
-6.992341846765226521e-03
-6.224885434217906910e-02
1.224614056134274570e-02
7.502110773997792276e-03
1.976744326504517330e-03
1.375011811397147156e-04
-2.218249588780983920e-04
-1.974781819490606990e-03
-6.264795193099272986e-05
-2.130947096775705511e-04
6.724439648429187538e-03
4.677480955747395641e-04
-7.545986238534085899e-04
-6.717763640916474266e-03
-2.131142435618341461e-04
-7.249667293016074515e-04
-1.296638200017785625e-02
7.669096985145617022e-04
-1.988165373682909340e-03
1.264238528989779578e-02
-2.961546082776726242e-03
5.540362019399505938e-04
-2.654794053152092353e-03
-5.435542053717325531e-04
2.933738050843732841e-04
2.588457542344469418e-03
-6.063599644513819296e-04
1.134358076232823247e-04
1.432938398704282617e-03
2.933861071933541002e-04
-1.583566221057082155e-04
-1.397132934449981517e-03
3.272858305027217911e-04
-6.122754581957927378e-05
1.264238528989779578e-02
2.588457542344469418e-03
-1.397132934449981517e-03
-1.232648442842684475e-02
6.309269567607230476e-03
2.880948429182709700e-03
-2.961546082776726242e-03
-6.063599644513819296e-04
3.272858305027217911e-04
2.887544623607243670e-03
-6.764227060630763691e-04
1.265552149934167162e-04
5.540362019399505938e-04
1.134358076232823247e-04
-6.122754581957927378e-05
-5.401922548155938582e-04
1.265429125526388102e-04
-2.367322766327287914e-05
-9.744992951521634639e-02
2.641538055083573686e-03
-2.781277530869650724e-03
9.745008225693070625e-02
1.847062261332380008e-03
2.397944965689593772e-03
-1.847416261416409081e-03
-3.502256861475791722e-05
4.546589984535374690e-05
1.847419157031867428e-03
3.501585762462081845e-05
4.545926862783990864e-05
2.398294616741455249e-03
4.546589717075080327e-05
-5.902330660780257671e-05
-2.398298375796300425e-03
-4.545718504032287611e-05
-5.901470150940311271e-05
9.745008225693070625e-02
1.847419157031867428e-03
-2.398298375796300425e-03
-9.745023499888444407e-02
2.641910322106949972e-03
2.781594763970223969e-03
1.847062261332380008e-03
3.501585762462081845e-05
-4.545718504032287611e-05
-1.847065156393047766e-03
-3.500914792049923034e-05
-4.545056044218064007e-05
2.397944965689593772e-03
4.545926862783990864e-05
-5.901470150940311271e-05
-2.397948724196429827e-03
-4.545055776757834696e-05
-5.900609766550102275e-05
3.117684044429929191e+00
-8.610179924430116146e-05
-7.856142816624484546e-05
-3.117683203486978805e+00
-1.093339263684095855e-03
-1.095644126680044711e-03
-8.646636691096774938e-05
2.398072518339233739e-09
1.869182470788524966e-07
8.646634358673430847e-05
3.032285261772571516e-08
3.038677643085437377e-08
-7.784159049957808366e-05
2.158872078827055174e-09
1.943530537843901760e-09
7.784156950310191950e-05
2.729823390455027830e-08
2.735578071054634584e-08
-3.117683203486978805e+00
8.646634358673430847e-05
7.784156950310191950e-05
3.117682362544255792e+00
1.093703536440631622e-03
1.096363668815076176e-03
-1.093339263684095855e-03
3.032285261772571516e-08
2.729823390455027830e-08
1.093338968773965251e-03
3.834226711130206411e-07
1.994657221946307193e-07
-1.095644126680044711e-03
3.038677643085437377e-08
2.735578071054634584e-08
1.095643831148409306e-03
3.842309638611837372e-07
3.850409578447550005e-07
3.516508307528386224e-02
-2.152209635735136822e-02
9.946357942471477018e-03
-3.537262512086840338e-02
3.493523131208794985e-02
-4.119225042071232579e-03
-3.489838792251799549e-02
3.463371540977691621e-02
2.006615203091039867e-03
3.510435595056266705e-02
-3.467027937576694363e-02
4.087984468871950182e-03
-2.021951966387862658e-03
2.006617300821821048e-03
1.162599202633730596e-04
2.033885396099294890e-03
-2.008735753487823125e-03
2.368507179687745316e-04
-3.537262512086840338e-02
3.510435595056266705e-02
2.033885396099294890e-03
3.558139206618066153e-02
-2.176518711749020688e-02
-8.528752578067028828e-03
3.493523131208794985e-02
-3.467027937576694363e-02
-2.008735753487823125e-03
-3.514141678743461228e-02
3.470688194355231460e-02
-4.092298063216400286e-03
-4.119225042071232579e-03
4.087984468871950182e-03
2.368507179687745316e-04
4.143536441808969364e-03
-4.092300290126445542e-03
4.825245232863916659e-04
1.425282301057644680e-03
8.573984556202067031e-04
6.285205416447938289e-04
-1.495782450041178340e-03
1.830376867432091095e-04
-4.645086929957624238e-05
2.041887181424284492e-04
2.925247341226122622e-05
-5.997034440546765617e-06
-2.142887067827023569e-04
2.622233546300395401e-05
-6.654641997962262861e-06
-4.186615408310017636e-05
-5.997826766513605511e-06
1.229773818430799223e-06
4.393702109520583962e-05
-5.376537680426119825e-06
1.364444959397365757e-06
-1.495782450041178340e-03
-2.142887067827023569e-04
4.393702109520583962e-05
1.569769817664219040e-03
4.611468013036361347e-04
-6.214986127425171578e-04
1.830376867432091095e-04
2.622233546300395401e-05
-5.376537680426119825e-06
-1.920914609852532534e-04
2.350607647583907722e-05
-5.966653076886051113e-06
-4.645086929957624238e-05
-6.654641997962262861e-06
1.364444959397365757e-06
4.874851461772451391e-05
-5.965316244238100469e-06
1.513863784770845662e-06
-2.877126171208982397e-02
-6.547302333881834142e-04
-1.137071651056246888e-04
2.876563235994954518e-02
-1.619618297583861493e-04
-6.213006327231263112e-05
8.115713086816645112e-06
-2.289256513521298331e-09
3.959832445843717274e-08
-8.114125175682431899e-06
4.568571765339868307e-08
1.752546592188311708e-08
-1.305020520031986817e-04
3.681163592298848123e-08
-5.919373903013095250e-07
1.304765181210536587e-04
-7.346341409168021948e-07
-2.818124846393535625e-07
2.876563235994954518e-02
-8.114125175682431899e-06
1.304765181210536587e-04
-2.876000410924203429e-02
-5.008731429828716230e-04
4.520774960343231424e-05
-1.619618297583861493e-04
4.568571765339868307e-08
-7.346341409168021948e-07
1.619301404921284998e-04
-9.117304121952773954e-07
-3.519904421696698373e-07
-6.213006327231263112e-05
1.752546592188311708e-08
-2.818124846393535625e-07
6.211790697523600531e-05
-3.497482603154106707e-07
-1.341666834598374593e-07
-9.233283020528469665e-02
3.311943600254757102e-07
2.692844696445232498e-07
9.233283020539800878e-02
-3.324056914151054724e-07
-5.809569640816211078e-08
3.313700266921428849e-07
-1.189265243076658342e-12
2.462884116072794842e-10
-3.313700267030093647e-07
1.192936436454632454e-12
2.084892825300444711e-13
2.702592196445232103e-07
-9.699050760238317349e-13
-7.910389736905804048e-13
-2.702592196448529179e-07
9.729717053846652966e-13
1.700351285553042269e-13
9.233283020539800878e-02
-3.313700267030093647e-07
-2.702592196448529179e-07
-9.233283020551141806e-02
3.330453580818092780e-07
5.920644640823433576e-08
-3.324056914151054724e-07
1.192936436454632454e-12
9.729717053846652966e-13
3.324056914151431654e-07
-1.196675577900003115e-12
-2.436063352477224570e-10
-5.809569640816211078e-08
2.084892825300444711e-13
1.700351285553042269e-13
5.809569640823435343e-08
-2.091296755838935392e-13
-3.656127592517599556e-14
3.160298502711059943e+00
-4.511189191718759008e-05
-4.157709190775919983e-05
-3.160298282266974290e+00
-5.356578246692999005e-04
-5.408229154467582680e-04
-4.581879091718757879e-05
6.642919547772407896e-10
-1.119140802651602540e-07
4.581878771977722473e-05
7.766100096340267100e-09
7.840985104257125471e-09
-4.093422524109254656e-05
5.934752897451822662e-10
5.302060999447244516e-10
4.093422238575997191e-05
6.938186304997207010e-09
7.005087700932919464e-09
-3.160298282266974290e+00
4.581878771977722473e-05
4.093422238575997191e-05
3.160298061822903737e+00
5.363646863048596256e-04
5.414657443887515740e-04
-5.356578246692999005e-04
7.766100096340267100e-09
6.938186304997207010e-09
5.356577873048596911e-04
9.079183654892020172e-08
2.041748542059435012e-07
-5.408229154467582680e-04
7.840985104257125471e-09
7.005087700932919464e-09
5.408228777220849479e-04
9.166729864930334148e-08
9.255120207284778244e-08
1.027334488391349776e+00
1.671010405941890375e-02
2.950219990419833838e-03
-1.027334488783114175e+00
1.584352956038967766e-02
-2.964437249775801059e-03
-1.584350763903653869e-02
2.443378832742322537e-04
4.574030025335838279e-05
1.584350764507795606e-02
-2.443382213443527629e-04
4.571742187473291127e-05
-2.968144082245568246e-03
4.577458848330642294e-05
8.575473122381453673e-06
2.968144083377424140e-03
-4.577465181782040717e-05
8.564763452891083445e-06
-1.027334488783114175e+00
1.584350764507795606e-02
2.968144083377424140e-03
1.027334489174878129e+00
1.671009127612389789e-02
-2.953926821759118599e-03
1.584352956038967766e-02
-2.443382213443527629e-04
-4.577465181782040717e-05
-1.584352956643155994e-02
2.443385594150908335e-04
-4.568308494020293189e-05
-2.964437249775801059e-03
4.571742187473291127e-05
8.564763452891083445e-06
2.964437250906279148e-03
-4.571748513015127060e-05
8.554067158398521862e-06
1.287804730872762864e-02
2.126581484496085396e-03
1.892884040212976671e-03
-1.291340826781456168e-02
-1.175264341185774703e-04
-1.416339197540831532e-03
3.724612561905296573e-04
1.077239305317251317e-05
-3.946128700622192342e-05
-3.734839723621289406e-04
-3.399121174307850879e-06
-4.096362313804613464e-05
-1.364373797348079811e-03
-3.946067026238536668e-05
1.445495434411053770e-04
1.368120139077611637e-03
1.245142088411588244e-05
1.500550543848469531e-04
-1.291340826781456168e-02
-3.734839723621289406e-04
1.368120139077611637e-03
1.294886632216737249e-02
1.871967284643902404e-03
-1.837031495298738042e-03
-1.175264341185774703e-04
-3.399121174307850879e-06
1.245142088411588244e-05
1.178491420050133826e-04
1.072558780776389220e-06
1.292640985253723507e-05
-1.416339197540831532e-03
-4.096362313804613464e-05
1.500550543848469531e-04
1.420228227548000566e-03
1.292566267224043441e-05
1.557702557227827467e-04
-9.518124431246244299e-02
-1.104678334417595880e-05
-1.255932347733530632e-04
9.518124446933634575e-02
-1.391626135804060679e-04
1.246249800479924588e-04
1.391635999169358803e-04
-2.034697873451452033e-07
-1.828585229079640998e-07
-1.391636001463092583e-04
2.034683452140084725e-07
-1.822130083181387138e-07
1.249591937941811766e-04
-1.827016591200700148e-07
-1.640533302338633344e-07
-1.249591940001337006e-04
1.827003641976357740e-07
-1.636145559615806539e-07
9.518124446933634575e-02
-1.391636001463092583e-04
-1.249591940001337006e-04
-9.518124462621053994e-02
-1.104776945134939491e-05
1.259274169808049355e-04
-1.391626135804060679e-04
2.034683452140084725e-07
1.827003641976357740e-07
1.391626138097624239e-04
-2.034669031661384686e-07
1.823697082755810683e-07
1.246249800479924588e-04
-1.822130083181387138e-07
-1.636145559615806539e-07
-1.246249802533959698e-04
1.822117168686086428e-07
-1.631769552285461402e-07
-8.443251589206748897e-02
3.025844124688595937e-07
2.383138413391297886e-07
8.443251589215686193e-02
-2.952728865280017561e-07
-5.512494117117651443e-08
3.019423013577483339e-07
-1.079805285442679563e-12
-8.132991725586163536e-11
-3.019423013634753883e-07
1.055937807895382385e-12
1.971182256558666381e-13
2.404442580057965526e-07
-8.598595358645452531e-13
-6.847400217390013705e-13
-2.404442580060611975e-07
8.408987023542584498e-13
1.569995103107336862e-13
8.443251589215686193e-02
-3.019423013634753883e-07
-2.404442580060611975e-07
-8.443251589224640141e-02
2.959149976411059786e-07
5.730413561566844030e-08
-2.952728865280017561e-07
1.055937807895382385e-12
8.408987023542584498e-13
2.952728865299947188e-07
-1.032587847150066851e-12
7.894395473255108158e-11
-5.512494117117651443e-08
1.971182256558666381e-13
1.569995103107336862e-13
5.512494117122395489e-08
-1.927696541817493820e-13
-3.599628035425619526e-14
1.620647928675956306e+00
-3.834348673925087593e-05
-3.526663605548459226e-05
-1.620646319126727741e+00
-1.120379927555607098e-03
-1.123390180395814324e-03
-3.887196807258416650e-05
9.323615892488829092e-10
1.110953191246766281e-08
3.887192946673085687e-05
2.687281557533936955e-08
2.694501780682242997e-08
-3.485399872231453866e-05
8.359888835872408830e-10
7.495776915833474163e-10
3.485396410704858991e-05
2.409512875746304406e-08
2.415986787018820081e-08
-1.620646319126727741e+00
3.887192946673085687e-05
3.485396410704858991e-05
1.620644709579097231e+00
1.120898344848384820e-03
1.123811879698831308e-03
-1.120379927555607098e-03
2.687281557533936955e-08
2.409512875746304406e-08
1.120378814848384729e-03
7.745366281213893997e-07
7.663441211464266239e-07
-1.123390180395814324e-03
2.694501780682242997e-08
2.415986787018820081e-08
1.123389064698994454e-03
7.766176643370700100e-07
7.787042917706266110e-07
1.621925464334670108e+00
-4.028905461033032982e-05
-3.736445927458550195e-05
-1.621923854926362596e+00
-1.120515435386874002e-03
-1.123045098627507453e-03
-4.071658927699695735e-05
1.022143631887462156e-09
-3.973136728299686560e-08
4.071654887440605719e-05
2.812926233435042445e-08
2.819276662124892141e-08
-3.697737260791879831e-05
9.282748146544061996e-10
8.430264680781007769e-10
3.697733591592880292e-05
2.554600559562247852e-08
2.560367798332130462e-08
-1.621923854926362596e+00
4.071654887440605719e-05
3.697733591592880292e-05
1.621922245519652694e+00
1.120973340852258896e-03
1.123441248582787797e-03
-1.120515435386874002e-03
2.812926233435042445e-08
2.554600559562247852e-08
1.120514323518925597e-03
7.741137731318015192e-07
8.165210458252469827e-07
-1.123045098627507453e-03
2.819276662124892141e-08
2.560367798332130462e-08
1.123043984249454509e-03
7.758614037275957109e-07
7.776129798825470729e-07
2.418411550759191897e-01
9.986783331585327717e-03
1.280927518622086529e-02
-2.418413836619965618e-01
1.867542559814594494e-02
-1.264827738645813750e-02
-1.867611441441467679e-02
1.442257623648822429e-03
9.763854822079458522e-04
1.867613206690932684e-02
-1.442204430008267591e-03
9.767596236486706870e-04
-1.264349876023439928e-02
9.763905955977702621e-04
6.610043722701349411e-04
1.264351071075529853e-02
-9.763545841603136783e-04
6.612541997020911352e-04
-2.418413836619965618e-01
1.867613206690932684e-02
1.264351071075529853e-02
2.418416122482899555e-01
9.987449341010238082e-03
-1.280447932995939543e-02
1.867542559814594494e-02
-1.442204430008267591e-03
-9.763545841603136783e-04
-1.867544324998975797e-02
1.442151238329990315e-03
-9.767184088294504456e-04
-1.264827738645813750e-02
9.767596236486706870e-04
6.612541997020911352e-04
1.264828934149585075e-02
-9.767235986006769267e-04
6.615041215569541057e-04
-9.312783975905480904e-02
-4.000602820550764943e-04
2.793976619112792971e-07
9.312783976165717181e-02
-2.288588970450781892e-04
-6.057251719014378644e-08
2.288581453227013247e-04
-5.624102397197572323e-07
-9.836468727484609495e-11
-2.288581453291280415e-04
5.624120870198479061e-07
1.488546570313968826e-10
2.695946357328280235e-07
-6.625186086802408960e-10
-7.804711243425036445e-13
-2.695946357404586257e-07
6.625207975842390284e-10
1.754136305292290321e-13
9.312783976165717181e-02
-2.288581453291280415e-04
-2.695946357404586257e-07
-9.312783976425975663e-02
-4.000770199929731905e-04
5.076949101347926265e-08
-2.288588970450781892e-04
5.624120870198479061e-07
6.625207975842390284e-10
2.288588970514714312e-04
-5.624139343962664128e-07
-7.130090949137151387e-10
-6.057251719014378644e-08
1.488546570313968826e-10
1.754136305292290321e-13
6.057251719193052303e-08
-1.488551735083203377e-10
-3.931616404691368379e-14
-7.509894556166568647e-02
2.387353887988229864e-07
1.990768055621956034e-07
7.509894556173897506e-02
-2.623123288662572056e-07
-4.317629218559671374e-08
2.606780999099340524e-07
-9.048047142252990671e-13
1.328033613430314864e-09
-2.606780998968855099e-07
9.105287053848276635e-13
1.498971677846751551e-13
2.111823055621956584e-07
-7.330063877744618579e-13
-5.938500150614849727e-13
-2.111823055624017521e-07
7.376576801166110829e-13
1.214178111096767813e-13
7.509894556173897506e-02
-2.606780998968855099e-07
-2.111823055624017521e-07
-7.509894556181238856e-02
2.403696177548766772e-07
5.528179218563811457e-08
-2.623123288662572056e-07
9.105287053848276635e-13
7.376576801166110829e-13
2.623123288659877962e-07
-9.162243988676543882e-13
-1.328917410167004291e-09
-4.317629218559671374e-08
1.498971677846751551e-13
1.214178111096767813e-13
4.317629218563803307e-08
-1.507903489149650234e-13
-2.480381263007626919e-14
3.427956466299266314e+00
-2.200567798995808921e-04
-2.377476993469175744e-04
-3.427944610865600428e+00
-4.198576066582113825e-03
-4.213636772408084312e-03
-2.218439032329140776e-04
1.435686730252604399e-08
-5.645670702323409701e-08
2.218431359946111041e-04
2.717153823141575098e-07
2.726900528706658732e-07
-2.369360816802509786e-04
1.533357502805205407e-08
1.637672680798729630e-08
2.369352622474446470e-04
2.902003492046326648e-07
2.912413260003354765e-07
-3.427944610865600428e+00
2.218431359946111041e-04
2.369352622474446470e-04
3.427932755472937743e+00
4.200348669328307638e-03
4.214433817400962956e-03
-4.198576066582113825e-03
2.717153823141575098e-07
2.902003492046326648e-07
4.198561545994974886e-03
5.142434322245897773e-06
5.232671022361028330e-06
-4.213636772408084312e-03
2.726900528706658732e-07
2.912413260003354765e-07
4.213622199734296143e-03
5.160880740309769284e-06
5.179393327892078958e-06
-6.347616727409645387e-02
-6.868013598770063548e-04
9.838903999977139476e-06
6.347616636551031699e-02
-2.902614947353812343e-04
-7.309699778259545629e-06
2.903757534563286297e-04
-1.328342302542306896e-06
2.859166634730870920e-08
-2.903757492998879216e-04
1.327819618743286689e-06
3.343868527255839547e-08
-7.040102974311973813e-06
3.220539759889888087e-08
-7.808134631442410203e-10
7.040102873541467812e-06
-3.219272524076819957e-08
-8.107142327999445516e-10
6.347616636551031699e-02
-2.903757492998879216e-04
7.040102873541467812e-06
-6.347616545692442991e-02
-6.868807447526370123e-04
-9.572417625414103307e-06
-2.902614947353812343e-04
1.327819618743286689e-06
-3.219272524076819957e-08
2.902614905806976927e-04
-1.327297140744920778e-06
-2.987863135779213387e-08
-7.309699778259545629e-06
3.343868527255839547e-08
-8.107142327999445516e-10
7.309699673629913475e-06
-3.342552764206011513e-08
-8.417601216195108793e-10
-8.416553456723623039e-02
-1.345393160348534864e-03
2.621133360677011073e-07
8.416553456609453254e-02
-7.695373451941755864e-04
-5.465820858888747281e-08
7.695377155959104779e-04
-7.035995182237686496e-06
-2.636396698026223289e-09
-7.695377155854552995e-04
7.035991795613372179e-06
4.997479389577966626e-10
2.640386582899233136e-07
-2.414143812023327116e-09
-8.282969014452965178e-13
-2.640386582871552099e-07
2.414142636605005376e-09
1.715633061645496459e-13
8.416553456609453254e-02
-7.695377155854552995e-04
-2.640386582871552099e-07
-8.416553456495301511e-02
-1.345420353094032044e-03
5.667553081054345591e-08
-7.695373451941755864e-04
7.035991795613372179e-06
2.414142636605005376e-09
7.695373451837466457e-04
-7.035988409016813439e-06
-3.002725814527547212e-10
-5.465820858888747281e-08
4.997479389577966626e-10
1.715633061645496459e-13
5.465820858832130408e-08
-4.997476896778531702e-10
-3.540080744270151326e-14
-8.809679177710628972e-02
-5.245096411385230658e-04
2.628092689994978723e-07
8.809679177707868680e-02
-3.325655033731495305e-04
-5.801647006574123047e-08
3.325656239170318067e-04
-1.255436117224036317e-06
-4.489033048027597235e-10
-3.325656239168765490e-04
1.255435662193783626e-06
2.190123344305649490e-10
2.666253801106089725e-07
-1.006511529910981783e-09
-8.069136247308879295e-13
-2.666253801104253781e-07
1.006511170864288051e-09
1.756384005791901404e-13
8.809679177707868680e-02
-3.325656239168765490e-04
-2.666253801104253781e-07
-8.809679177705118103e-02
-5.245099836824989974e-04
6.180958117677864578e-08
-3.325655033731495305e-04
1.255435662193783626e-06
1.006511170864288051e-09
3.325655033730558555e-04
-1.255435207134880893e-06
-7.766204787549283833e-10
-5.801647006574123047e-08
2.190123344305649490e-10
1.756384005791901404e-13
5.801647006566763786e-08
-2.190122536467063239e-10
-3.813949481755452009e-14
-8.666955039706145114e-02
2.999280026378308091e-07
2.344199844951287407e-07
8.666955039713111764e-02
-2.948915540560788102e-07
-5.457573872218321673e-08
2.976466693044980300e-07
-1.022235030997964422e-12
-5.612225091759879705e-11
-2.976466693105715209e-07
1.012757369286965137e-12
1.874407477890034607e-13
2.313509011617953397e-07
-7.945092148616535230e-13
-6.175451967401457131e-13
-2.313509011619823222e-07
7.872118240649111707e-13
1.456851559594451752e-13
8.666955039713111764e-02
-2.976466693105715209e-07
-2.313509011619823222e-07
-8.666955039720088128e-02
2.973065540666777984e-07
5.170559983333672341e-08
-2.948915540560788102e-07
1.012757369286965137e-12
7.872118240649111707e-13
2.948915540666783158e-07
-1.003332941902634889e-12
5.514206708388124583e-11
-5.457573872218321673e-08
1.874407477890034607e-13
1.456851559594451752e-13
5.457573872222561470e-08
-1.856746188558976936e-13
-3.434240454993559074e-14
8.973378023131678427e-01
2.200447321018348876e-02
1.168721026264279289e-02
-8.965719091429362742e-01
2.090564875536164366e-02
-1.199158115758869846e-02
-2.092395936686646668e-02
4.879010718790120771e-04
2.799054482266147303e-04
2.090610040947943685e-02
-4.874741083764691507e-04
2.796175043991674697e-04
-1.200459029990654999e-02
2.799208492092705746e-04
1.605974783376980719e-04
1.199434417665344414e-02
-2.796758897428546506e-04
1.604234419566032642e-04
-8.965719091429362742e-01
2.090610040947943685e-02
1.199434417665344414e-02
8.958066696756326053e-01
2.204063635298829371e-02
-1.171046353735472403e-02
2.090564875536164366e-02
-4.874741083764691507e-04
-2.796758897428546506e-04
-2.088780542639499110e-02
4.870475185108046057e-04
-2.793577767409083975e-04
-1.199158115758869846e-02
2.796175043991674697e-04
1.604234419566032642e-04
1.198134613786129912e-02
-2.793728103905677562e-04
1.602495941754895480e-04
8.484133525356518310e-03
6.845295345861305896e-04
4.976727556071992072e-04
-7.756799035504026787e-03
-6.422763505781068022e-05
-1.618100994657001865e-04
4.824524215279589901e-05
2.743478027256163188e-07
-8.854056720748095880e-07
-4.410923598499805675e-05
-3.652320884756088404e-07
-9.201372661653414282e-07
-1.557247429972406251e-04
-8.855327319221811506e-07
2.858299614135369306e-06
1.423746494176609666e-04
1.178886675508323423e-06
2.969995236202032627e-06
-7.756799035504026787e-03
-4.410923598499805675e-05
1.423746494176609666e-04
7.091818050408192978e-03
6.950749490287948468e-04
-5.054638339591820346e-04
-6.422763505781068022e-05
-3.652320884756088404e-07
1.178886675508323423e-06
5.872147770657120888e-05
4.862239723901762289e-07
1.224878318057057443e-06
-1.618100994657001865e-04
-9.201372661653414282e-07
2.969995236202032627e-06
1.479383156475505697e-04
1.224954791484595949e-06
3.086055660337052694e-06
-1.543212067891500464e-02
-1.392664433548364636e-04
-5.145321693998735360e-05
1.579294694978242847e-02
-4.654340152064314132e-05
-7.323816879317256027e-05
-7.170709181594766342e-05
-3.331951015442258246e-07
-5.645654797918249185e-07
7.338371183940813644e-05
-2.162691723137100119e-07
-3.403094236404042685e-07
-1.189482981159610217e-04
-5.527067025940269372e-07
-9.168343042002245932e-07
1.217294888368097351e-04
-3.587490348921919226e-07
-5.645079970664709674e-07
1.579294694978242847e-02
7.338371183940813644e-05
1.217294888368097351e-04
-1.616220988340403078e-02
-1.992023427191779556e-05
7.425877221486868375e-06
-4.654340152064314132e-05
-2.162691723137100119e-07
-3.587490348921919226e-07
4.763165648919322605e-05
-1.403752777004441121e-07
-2.090029968562409308e-07
-7.323816879317256027e-05
-3.403094236404042685e-07
-5.645079970664709674e-07
7.495058770698433484e-05
-2.208869129429194423e-07
-3.475756495324724779e-07
-4.959972438191860566e-02
-1.262203469534720502e-04
-1.071908011633464073e-04
4.960039910394277440e-02
-2.991002389112843167e-05
-3.162585495460001162e-05
-1.092923772201386261e-04
-2.408243970006274104e-07
-2.714088346570922926e-07
1.092938639617450263e-04
-6.590636648928782648e-08
-6.968717897379335125e-08
-1.240990644033958029e-04
-2.734507485525738714e-07
-3.104972452160330992e-07
1.241007525654054273e-04
-7.483521386400139930e-08
-7.912824228542474180e-08
4.960039910394277440e-02
1.092938639617450263e-04
1.241007525654054273e-04
-4.960107383514554547e-02
1.298110503409222617e-05
1.472000184839519892e-05
-2.991002389112843167e-05
-6.590636648928782648e-08
-7.483521386400139930e-08
2.991043076742565298e-05
-1.803658265797647431e-08
-2.158417779449575195e-08
-3.162585495460001162e-05
-6.968717897379335125e-08
-7.912824228542474180e-08
3.162628517189572592e-05
-1.907127689592659516e-08
-2.016532776765924067e-08
-9.217770905057649788e-02
3.214503357312227455e-07
2.601626710312627910e-07
9.217770905063604747e-02
-3.340143308186358451e-07
-6.174517605833108723e-08
3.272140023978903273e-07
-1.161608679300143628e-12
7.182532547538854365e-10
-3.272140024038898616e-07
1.185701230409885593e-12
2.192888169734909892e-13
2.587911154757074919e-07
-9.185706433319377089e-13
-7.265796037742022762e-13
-2.587911154748513534e-07
9.378601622599341494e-13
1.733417012358962062e-13
9.217770905063604747e-02
-3.272140024038898616e-07
-2.587911154748513534e-07
-9.217770905069569420e-02
3.286583308298202417e-07
6.037362050384262614e-08
-3.340143308186358451e-07
1.185701230409885593e-12
9.378601622599341494e-13
3.340143308298198564e-07
-1.210357336839991642e-12
-7.193954793101548857e-10
-6.174517605833108723e-08
2.192888169734909892e-13
1.733417012358962062e-13
6.174517605939792522e-08
-2.236539129375114951e-13
-4.135179611924888476e-14
3.617263370057625327e+00
-9.476652821568691253e-06
-5.511756669463023517e-05
-3.617263206233599426e+00
1.166326582887286737e-05
-7.562361835820501435e-04
-1.246346648823533938e-05
4.294431477092075511e-11
-1.711681841145933341e-07
1.246346592432598214e-05
-4.018646526660063500e-11
2.605650591160961157e-09
-5.368730469463023358e-05
1.849825520727408062e-10
7.968264557126074690e-10
5.368730226315957969e-05
-1.731059468792535026e-10
1.122403298317679149e-08
-3.617263206233599426e+00
1.246346592432598214e-05
5.368730226315957969e-05
3.617263042409582408e+00
-8.676451633994664069e-06
7.576664113324935038e-04
1.166326582887286737e-05
-4.018646526660063500e-11
-1.731059468792535026e-10
-1.166326530066130881e-05
3.760664002427915875e-11
1.689148085037979577e-07
-7.562361835820501435e-04
2.605650591160961157e-09
1.122403298317679149e-08
7.562361493324933938e-04
-2.438358162869811233e-09
1.581010584702871111e-07
1.079892669040923292e-01
-3.756700624207024363e-04
-1.661627230080103942e-04
-1.080538217759643704e-01
1.770279695088728257e-05
6.823589066063965518e-06
-3.756935220873690740e-04
1.307033806121760523e-06
5.813149774495994342e-07
3.759181078066634323e-04
-6.158784413268170112e-08
-2.373919448435965820e-08
-1.661136446646241599e-04
5.779076200934261595e-07
2.555230138538006068e-07
1.662129456910593436e-04
-2.723118886041901374e-08
-1.049633247679482295e-08
-1.080538217759643704e-01
3.759181078066634323e-04
1.662129456910593436e-04
1.081184152380741670e-01
-1.869522325006350860e-04
-6.794662309641398654e-06
1.770279695088728257e-05
-6.158784413268170112e-08
-2.723118886041901374e-08
-1.771337950063379691e-05
2.902038598861174964e-09
-2.360459888152161706e-09
6.823589066063965518e-06
-2.373919448435965820e-08
-1.049633247679482295e-08
-6.827668137350134420e-06
1.118598312881049356e-09
4.311666215034426486e-10
9.279328611810527469e-03
-2.512642337160014795e-04
-8.443205658780361276e-04
-8.599947022975054298e-03
7.598864386366901025e-04
1.367119908885588726e-03
-2.513495853826681697e-04
6.808317359491625198e-06
2.287500458709817129e-05
2.329471461746075245e-04
-2.058307764270760065e-05
-3.703123756492636767e-05
-8.444205983738966789e-04
2.287285817418639733e-05
7.684242866994441066e-05
7.825967497132836279e-04
-6.914980469527722082e-05
-1.244081613879513212e-04
-8.599947022975054298e-03
2.329471461746075245e-04
7.825967497132836279e-04
7.970306030960447666e-03
-7.041880596158926406e-04
-1.267040971265020110e-03
7.598864386366901025e-04
-2.058307764270760065e-05
-6.914980469527722082e-05
-7.042517178920830500e-04
6.222728214293725413e-05
1.119526160926292936e-04
1.367119908885588726e-03
-3.703123756492636767e-05
-1.244081613879513212e-04
-1.267026881180421038e-03
1.119537762063859809e-04
2.014172494001937068e-04
1.464017646389687401e-03
-6.228350435732822122e-04
-4.334566608034869399e-04
-1.302902070855769699e-03
-5.767976504140686191e-04
-3.806784964042811957e-04
-6.229478679066156053e-04
2.650678747530155893e-04
1.844148762218949405e-04
5.543922705660230509e-04
2.454306936976562159e-04
1.619808738492655082e-04
-4.334023780412864756e-04
1.844151865329548830e-04
1.283028396242837067e-04
3.857063179916742622e-04
1.707530465596177299e-04
1.126946563913682766e-04
-1.302902070855769699e-03
5.543922705660230509e-04
3.857063179916742622e-04
1.159517312121488911e-03
5.133604625086231202e-04
3.387742509625895422e-04
-5.767976504140686191e-04
2.454306936976562159e-04
1.707530465596177299e-04
5.133208981752897292e-04
2.272483056086505721e-04
1.499809140039888924e-04
-3.806784964042811957e-04
1.619808738492655082e-04
1.126946563913682766e-04
3.387847151422771169e-04
1.499807484087507413e-04
9.898522601963721205e-05
-2.838829547350225219e-02
1.128007612091025886e-07
8.045538562167972089e-08
2.838829547352218763e-02
-9.184114846618361678e-08
-2.441968995714942714e-08
9.316753105037243752e-08
-3.057614654088797179e-13
-3.015172263163667906e-11
-9.316753104420119369e-08
3.014153325802543248e-13
8.016873010019302378e-14
7.445124656444052319e-08
-2.443152242296359349e-13
-1.952615889313261150e-13
-7.445124656449433625e-08
2.408788906466558805e-13
6.405108520022691044e-14
2.838829547352218763e-02
-9.316753104420119369e-08
-7.445124656449433625e-08
-2.838829547354214736e-02
1.102341841828856617e-07
1.837284216976707252e-08
-9.184114846618361678e-08
3.014153325802543248e-13
2.408788906466558805e-13
9.184114846859993708e-08
-2.971184496353140858e-13
2.982842329293251687e-11
-2.441968995714942714e-08
8.016873010019302378e-14
6.405108520022691044e-14
2.441968995716498476e-08
-7.898411447380408357e-14
-2.099544003597981596e-14
3.261988018175856929e+00
-7.959969395317095323e-06
-3.929846858948529080e-06
-3.261988018177279791e+00
1.254766725557043144e-05
8.561568487328336273e-06
-1.293364206198371710e-05
5.128142355204090563e-11
6.883160708071045519e-12
1.293364206156662283e-05
-4.975092560144389608e-11
-3.394670655687548333e-11
-1.735908858948501907e-06
6.883160708071045519e-12
9.241218901223646753e-13
1.735908859015792745e-06
-6.677464137183619641e-12
-4.556521826515336215e-12
-3.261988018177279791e+00
1.293364206156662283e-05
1.735908859015792745e-06
3.261988018178704873e+00
-7.573994589086870420e-06
-6.367630487399517466e-06
1.254766725557043144e-05
-4.975092560144389608e-11
-6.677464137183619641e-12
-1.254766725575349220e-05
4.826644639521759927e-11
3.293290640193902163e-11
8.561568487328336273e-06
-3.394670655687548333e-11
-4.556521826515336215e-12
-8.561568487399544639e-06
3.293290640193902163e-11
2.247163566337917473e-11
7.902751414552251497e-01
-2.250800371552527090e-06
-8.532230318443965006e-07
-7.902751414539630481e-01
2.950387851826432925e-06
2.352656531735642941e-06
-2.844202038219198785e-06
1.023626843010827514e-11
-2.409973538439191820e-09
2.844202038236286404e-06
-1.061840415941817106e-11
-8.467046508364717283e-12
-5.878333318443977251e-07
2.115748548581208865e-12
4.372058270973866456e-13
5.878333318447204447e-07
-2.194487647155796139e-12
-1.749947409201979553e-12
-7.902751414539630481e-01
2.844202038236286404e-06
5.878333318447204447e-07
7.902751414527015017e-01
-2.365696518473488807e-06
-2.087266831733258179e-06
2.950387851826432925e-06
-1.061840415941817106e-11
-2.194487647155796139e-12
-2.950387851806827077e-06
1.101492529999303915e-11
2.447783375297829522e-09
2.352656531735642941e-06
-8.467046508364717283e-12
-1.749947409201979553e-12
-2.352656531733256849e-06
8.783375068932564034e-12
7.003939095362454736e-12
5.011669801907063515e-02
-1.008479531414381871e-05
-1.391147960724692530e-04
-4.945974407152887303e-02
7.748482179343510587e-05
9.389380513969805314e-05
-1.006567364747715383e-05
2.021637284181006266e-09
2.923123322909337851e-08
9.933727922813041230e-06
-1.556241650561211547e-08
-1.885807399316539665e-08
-1.391447635628678355e-04
2.794648958700119562e-08
3.863236405013403818e-07
1.373207866187446354e-04
-2.151300391654950746e-07
-2.606881904319152676e-07
-4.945974407152887303e-02
9.933727922813041230e-06
1.373207866187446354e-04
4.881140179447317207e-02
-7.649430733069957525e-05
-9.268313696292377029e-05
7.748482179343510587e-05
-1.556241650561211547e-08
-2.151300391654950746e-07
-7.646911322595388387e-05
1.197983475669980711e-07
1.429976303956247662e-07
9.389380513969805314e-05
-1.885807399316539665e-08
-2.606881904319152676e-07
-9.266299967217136492e-05
1.451680786204723184e-07
1.759103650713494948e-07
-2.487778309876708532e-02
8.032233391532951799e-08
6.878544244341360061e-08
2.487778309881589350e-02
-8.246723779993637285e-08
-1.567460867967527808e-08
7.918266724866294429e-08
-2.520264931255468789e-13
-4.252407383989824738e-11
-7.918266724630960883e-08
2.624941826882322856e-13
4.990595738225882212e-14
6.874873264267262638e-08
-2.188018981316156090e-13
-1.899955887063597970e-13
-6.874873264280721197e-08
2.279084344247269543e-13
4.333512715337661803e-14
2.487778309881589350e-02
-7.918266724630960883e-08
-6.874873264280721197e-08
-2.487778309886475719e-02
7.738490447042024506e-08
1.571713768367881358e-08
-8.246723779993637285e-08
2.624941826882322856e-13
2.279084344247269543e-13
8.246723780375363270e-08
-2.733774158132619099e-13
4.225332623345839301e-11
-1.567460867967527808e-08
4.990595738225882212e-14
4.333512715337661803e-14
1.567460867970598964e-08
-5.194570830823876396e-14
-9.874046025259985981e-15
-3.068130379348082276e-02
1.088220476757978569e-07
7.745987344969839039e-08
3.068130379351271739e-02
-1.067054302545011072e-07
-1.301998554392589992e-08
1.063677698980201211e-07
-3.687549465542123983e-13
-3.791776249263692368e-11
-1.063677699001007384e-07
3.699261288459855523e-13
4.513800516637664361e-14
7.907732432752434532e-08
-2.741490073539719163e-13
-2.038110679037788882e-13
-7.907732432760714279e-08
2.750269038866047587e-13
3.355405133551882746e-14
3.068130379351271739e-02
-1.063677699001007384e-07
-7.907732432760714279e-08
-3.068130379354466405e-02
1.090182080309356457e-07
1.468525864398675201e-08
-1.067054302545011072e-07
3.699261288459855523e-13
2.750269038866047587e-13
1.067054302531579247e-07
-3.711084242100266828e-13
3.759833752805077185e-11
-1.301998554392589992e-08
4.513800516637664361e-14
3.355405133551882746e-14
1.301998554393857563e-08
-4.527595723217991407e-14
-5.526449034836179500e-15
1.383146560842713146e+00
-4.523976183370063519e-05
-4.167814258565415652e-05
-1.383145682797869203e+00
-7.552394192064165387e-04
-7.576937329863989374e-04
-4.529359316703404712e-05
1.483219151665604585e-09
-4.350193007207625584e-08
4.529356441389736183e-05
2.473165724298231893e-08
2.481202851511987717e-08
-4.147178658515360251e-05
1.358067630574666396e-09
1.243475974965768671e-09
4.147176025816628651e-05
2.264483679736972732e-08
2.271842565459980534e-08
-1.383145682797869203e+00
4.529356441389736183e-05
4.147176025816628651e-05
1.383144804753583923e+00
7.552927711009523688e-04
7.578996079900817036e-04
-7.552394192064165387e-04
2.473165724298231893e-08
2.264483679736972732e-08
7.552389397676191737e-04
4.123833267713483686e-07
4.585834536136035311e-07
-7.576937329863989374e-04
2.481202851511987717e-08
2.271842565459980534e-08
7.576932519895811496e-04
4.137234559109526089e-07
4.150679394215872620e-07
1.383146560343196718e+00
-4.634442732090052273e-05
-4.288258437882186327e-05
-1.383145682652732189e+00
-7.552731549566384399e-04
-7.574925274920118936e-04
-4.634442732090052273e-05
1.552840390994791875e-09
-3.885523149060876591e-08
4.634439791192151363e-05
2.530657452343154645e-08
2.538093858694967508e-08
-4.272108837882190651e-05
1.431435178722573198e-09
1.319521256148981081e-09
4.272106126969828547e-05
2.332803523963367098e-08
2.339658443373249241e-08
-1.383145682652732189e+00
4.634439791192151363e-05
4.272106126969828547e-05
1.383144804962824770e+00
7.552726756899169700e-04
7.576535428170227265e-04
-7.552731549566384399e-04
2.530657452343154645e-08
2.332803523963367098e-08
7.552726756899169700e-04
4.124201690783313445e-07
4.539187341418005062e-07
-7.574925274920118936e-04
2.538093858694967508e-08
2.339658443373249241e-08
7.574920468170228240e-04
4.136320674724691671e-07
4.148475260534745246e-07
1.709219199346041773e-01
5.842892977888268030e-05
1.675309668545386344e-05
-1.709219426079834903e-01
1.176310542256995709e-06
5.018174428170640363e-07
5.844530344554934811e-05
1.998487669154736427e-08
5.861971233648199103e-09
-5.844531119861247288e-05
4.022294306249579690e-10
1.715922259216985189e-10
1.675651276878719530e-05
5.729747676378044098e-09
1.642742608826477935e-09
-1.675651499159616832e-05
1.153208592660427211e-10
4.919620895556253704e-11
-1.709219426079834903e-01
-5.844531119861247288e-05
-1.675651499159616832e-05
1.709219652813656343e-01
-1.196189364967313150e-06
-5.006257593848710966e-07
1.176310542256995709e-06
4.022294306249579690e-10
1.153208592660427211e-10
-1.176310698300644095e-06
8.095552288605979132e-12
-7.063029015965500117e-11
5.018174428170640363e-07
1.715922259216985189e-10
4.919620895556253704e-11
-5.018175093848709061e-07
3.453584570820822353e-12
1.473302382870578242e-12
-2.289873505901796405e-02
8.025226688622841253e-08
7.007898554085895237e-08
2.289873505907210477e-02
-7.609300836753116369e-08
-1.266482708185481129e-08
7.702582244178397709e-08
-2.590722775197562555e-13
5.611671654516878907e-11
-7.702582244402804530e-08
2.559515099864739796e-13
4.261871515526404212e-14
6.928804349642344681e-08
-2.330599585207093257e-13
-2.096615782095402057e-13
-6.928804349658748004e-08
2.302500931866370994e-13
3.832667285891962217e-14
2.289873505907210477e-02
-7.702582244402804530e-08
-6.928804349658748004e-08
-2.289873505912630100e-02
7.913100836180128074e-08
1.110695133966354115e-08
-7.609300836753116369e-08
2.559515099864739796e-13
2.302500931866370994e-13
7.609300836180130343e-08
-2.528689063696631933e-13
-5.639185194883154578e-11
-1.266482708185481129e-08
4.261871515526404212e-14
3.832667285891962217e-14
1.266482708188432344e-08
-4.207544514204738304e-14
-6.992720678359053784e-15
-2.791385556187025302e-02
1.036259449147651292e-07
8.561919301564874102e-08
2.791385556191689279e-02
-1.052088532684090928e-07
-1.760409825335114265e-08
1.058911504703207812e-07
-4.016877002227570662e-13
4.735619785435369640e-11
-1.058911504639830424e-07
3.991110408658953989e-13
6.678494650534273058e-14
8.617804056254640224e-08
-3.269119826697856474e-13
-2.660604382480075830e-13
-8.617804056269050372e-08
3.248120997789110476e-13
5.435036033968158875e-14
2.791385556191689279e-02
-1.058911504639830424e-07
-8.617804056269050372e-08
-2.791385556196355686e-02
1.031100921594745502e-07
1.816294580027776180e-08
-1.052088532684090928e-07
3.991110408658953989e-13
3.248120997789110476e-13
1.052088532705857690e-07
-3.965412587382230607e-13
-4.774945950621288057e-11
-1.760409825335114265e-08
6.678494650534273058e-14
5.435036033968158875e-14
1.760409825338010059e-08
-6.634966919105289006e-14
-1.109824580326768118e-14
3.656948540239513434e+00
-8.887911091537012705e-06
-3.803257638020301618e-06
-3.656948540242280110e+00
1.316137709013494887e-05
8.868114243107111502e-06
-1.367235942487030765e-05
5.111755463360623253e-11
-3.587852123084470422e-08
1.367235942512174430e-05
-4.920741591973865070e-11
-3.315678068103935106e-11
-2.606709304686948210e-06
9.745435822260464787e-12
1.858046968597895108e-12
2.606709304688876480e-06
-9.382740111494875922e-12
-6.322336506024342161e-12
-3.656948540242280110e+00
1.367235942512174430e-05
2.606709304688876480e-06
3.656948540245052115e+00
-8.376928756812636551e-06
-7.671565909780564003e-06
1.316137709013494887e-05
-4.920741591973865070e-11
-9.382740111494875922e-12
-1.316137709014593150e-05
4.736760983448107254e-11
3.592018175283546023e-08
8.868114243107111502e-06
-3.315678068103935106e-11
-6.322336506024342161e-12
-8.868114243113916565e-06
3.191508616934258472e-11
2.150486595305771465e-11
7.085400608628279230e-03
5.615629529572237265e-05
4.880551850600446017e-05
-5.559885961471824553e-03
3.874017466892542639e-04
6.651519330484674834e-04
5.613323596238905882e-05
4.447088250130598608e-07
3.870839656331743128e-07
-4.404752925604802499e-05
3.069143843865279608e-06
5.269586360886630027e-06
4.880285364927464516e-05
3.866347509406308164e-07
3.361445111987826414e-07
-3.829540711557754922e-05
2.668347464214785268e-06
4.581436426263329501e-06
-5.559885961471824553e-03
-4.404752925604802499e-05
-3.829540711557754922e-05
4.362820623992368953e-03
-3.039610735538217237e-04
-5.219527353942948365e-04
3.874017466892542639e-04
3.069143843865279608e-06
2.668347464214785268e-06
-3.039926253773511406e-04
2.118159884354972600e-05
3.636784814881329977e-05
6.651519330484674834e-04
5.269586360886630027e-06
4.581436426263329501e-06
-5.219421030758037089e-04
3.636788304715337690e-05
6.244207187089216831e-05
-2.002777893462942549e-02
7.305641410064404001e-08
5.738129372022087883e-08
2.000927906567063347e-02
-7.379945972103782406e-08
-1.049794705145754478e-08
7.160774743397743356e-08
-2.560070211377052374e-13
-5.152339181115315415e-11
-7.154160260702751674e-08
2.638705226543081039e-13
3.755243803997139712e-14
6.237143491362096919e-08
-2.229923081218785862e-13
-1.942492119844409576e-13
-6.231382176657934638e-08
2.298390024762422942e-13
3.270183052703000716e-14
2.000927906567063347e-02
-7.154160260702751674e-08
-6.231382176657934638e-08
-1.999079628523440719e-02
7.112995705649580572e-08
1.091914991148165552e-08
-7.379945972103782406e-08
2.638705226543081039e-13
2.298390024762422942e-13
7.373129038982915943e-08
-2.719439257115041642e-13
5.126172840891989103e-11
-1.049794705145754478e-08
3.755243803997139712e-14
3.270183052703000716e-14
1.048824998792281858e-08
-3.867109411138452767e-14
-5.489761585112265950e-15
-2.694742816906438992e-02
1.048085253315813768e-07
6.670683234264218050e-08
2.694742816913446928e-02
-9.683394487702847579e-08
-9.981085760060610879e-09
9.900885866491473362e-08
-3.637664984772887022e-13
1.887676270064548181e-10
-9.900885865553719216e-08
3.557849002390478521e-13
3.668204399930525892e-14
7.221153101724093651e-08
-2.653068238374142010e-13
-1.935212349652022256e-13
-7.221153101742920281e-08
2.594956985280553206e-13
2.674892913817773439e-14
2.694742816913446928e-02
-9.900885865553719216e-08
-7.221153101742920281e-08
-2.694742816920457640e-02
9.603961154745775912e-08
1.084927332357349388e-08
-9.683394487702847579e-08
3.557849002390478521e-13
2.594956985280553206e-13
9.683394488079104908e-08
-3.479765846130244977e-13
-1.890687960551273510e-10
-9.981085760060610879e-09
3.668204399930525892e-14
2.674892913817773439e-14
9.981085760085836579e-09
-3.586222482188382342e-14
-3.688003170731339727e-15
-3.019623228312058594e-02
1.148503457642386863e-07
7.343707310595734771e-08
3.019623228317378991e-02
-1.066917646906485010e-07
-7.247928764132418224e-09
1.119576790975719513e-07
-4.150991162076604020e-13
-3.393676659783165170e-11
-1.119576790894890997e-07
3.955771899351626818e-13
2.688426105280835996e-14
7.531074083082511907e-08
-2.792242376472734075e-13
-1.878292172404621985e-13
-7.531074083095607830e-08
2.661035946147204978e-13
1.807706545217668825e-14
3.019623228317378991e-02
-1.119576790894890997e-07
-7.531074083095607830e-08
-3.019623228322698347e-02
1.094054313576143931e-07
9.051818711236832420e-09
-1.066917646906485010e-07
3.955771899351626818e-13
2.661035946147204978e-13
1.066917646909476757e-07
-3.769771021638485602e-13
3.363193495452580087e-11
-7.247928764132418224e-09
2.688426105280835996e-14
1.807706545217668825e-14
7.247928764146845908e-09
-2.560740565857741962e-14
-1.737786347114078644e-15
8.142218265681643308e-01
-1.538160790789427306e-06
-1.036920326130164838e-06
-8.160472397623979024e-01
3.126258734511854020e-06
2.325341252450885092e-06
-3.039821179678325961e-06
1.134918548029162366e-11
1.794585496351688554e-08
3.046636189198434053e-06
-1.167169139115742382e-11
-8.681440504187075673e-12
-4.968361039079416497e-07
1.854963517079028738e-12
3.032084664169863598e-13
4.979499664326992813e-07
-1.907678076379544507e-12
-1.418967900160701201e-12
-8.160472397623979024e-01
3.046636189198434053e-06
4.979499664326992813e-07
8.178767453712791902e-01
-1.617391140775189954e-06
-1.792386239288903391e-06
3.126258734511854020e-06
-1.167169139115742382e-11
-1.907678076379544507e-12
-3.133267529664089482e-06
1.200342603091542060e-11
-2.011273847329773023e-08
2.325341252450885092e-06
-8.681440504187075673e-12
-1.418967900160701201e-12
-2.330554461511126418e-06
8.928193369350540670e-12
6.640850245850280905e-12
2.970137405280797935e-02
-1.749506971535750799e-05
-1.413054686075403276e-05
-2.791712449917795047e-02
1.070972561182199564e-04
1.049789628913109526e-04
-1.745093215980195422e-05
1.025323036717151748e-08
1.095192723021913887e-08
1.640260295248603174e-05
-6.292459561567376181e-08
-6.168000031238673736e-08
-1.419563711226918371e-05
8.340593896885773813e-09
6.784740356392757821e-09
1.334286312490981528e-05
-5.118664820013236615e-08
-5.017421953472288349e-08
-2.791712449917795047e-02
1.640260295248603174e-05
1.334286312490981528e-05
2.624006010351287790e-02
-1.006998222407117080e-04
-9.869041986449822272e-05
1.070972561182199564e-04
-6.292459561567376181e-08
-5.118664820013236615e-08
-1.006636065811878885e-04
3.861714359416207332e-07
3.790286246413952230e-07
1.049789628913109526e-04
-6.168000031238673736e-08
-5.017421953472288349e-08
-9.867256550557566906e-05
3.785332913080618750e-07
3.710462226161800838e-07
1.644181746306562150e-02
-1.949389839654906253e-04
-1.667457621378373679e-04
-1.496297885564954779e-02
5.900553743332865642e-05
1.552307681433408551e-05
-1.950422766710461879e-04
2.313703443919748470e-06
1.973252860243463437e-06
1.774994442276467627e-04
-6.999575553716386178e-07
-1.841436477189022743e-07
-1.667316208399454119e-04
1.977866193576797061e-06
1.690776183942603755e-06
1.517351547540608944e-04
-5.983577494910761454e-07
-1.574149429291118015e-07
-1.496297885564954779e-02
1.774994442276467627e-04
1.517351547540608944e-04
1.361715252815305990e-02
-5.367757523181558479e-05
-1.416077201162003004e-05
5.900553743332865642e-05
-6.999575553716386178e-07
-5.983577494910761454e-07
-5.369835852784733015e-05
2.117559968779075819e-07
5.521307553872162354e-08
1.552307681433408551e-05
-1.841436477189022743e-07
-1.574149429291118015e-07
-1.412687317988236398e-05
5.570840887205491856e-08
1.465567383596745177e-08
8.280287687775610009e-04
4.441382462888405407e-05
3.424117809124283619e-05
-7.586955265951987474e-04
2.859604049215772455e-05
1.628115235582701262e-05
4.428065759555072881e-05
2.368005449872312429e-06
1.827628698205832186e-06
-4.057291014421066588e-05
1.529236091020111377e-06
8.706703920273457635e-07
3.422101517609131674e-05
1.830043970347536238e-06
1.414296125742843002e-06
-3.135559066139232196e-05
1.181825526543946677e-06
6.728722272307156758e-07
-7.586955265951987474e-04
-4.057291014421066588e-05
-3.135559066139232196e-05
6.951677571847286611e-04
-2.616623688707036383e-05
-1.493887664833562433e-05
2.859604049215772455e-05
1.529236091020111377e-06
1.181825526543946677e-06
-2.620161136643542484e-05
9.875665709525166536e-07
5.620748520595421029e-07
1.628115235582701262e-05
8.706703920273457635e-07
6.728722272307156758e-07
-1.491788440927838629e-05
5.622709132511685042e-07
3.201288796182559179e-07
-3.017962124175121996e-02
1.047930735317140048e-07
7.800671560484406262e-08
3.017962124177727204e-02
-1.022703189327250114e-07
-1.871568339348033972e-08
1.021108401983807631e-07
-3.454735683725701501e-13
-1.002077075828812553e-11
-1.021108401938481575e-07
3.460256492009974524e-13
6.333233902595358230e-14
7.896146745669593349e-08
-2.671475698823126546e-13
-2.065899062990143919e-13
-7.896146745676278291e-08
2.675845684826328186e-13
4.897197245804618089e-14
3.017962124177727204e-02
-1.021108401938481575e-07
-7.896146745676278291e-08
-3.017962124180334146e-02
1.047661022682396371e-07
1.881437968979345071e-08
-1.022703189327250114e-07
3.460256492009974524e-13
2.675845684826328186e-13
1.022703189349063859e-07
-3.465641571734779519e-13
9.690212118603211768e-12
-1.871568339348033972e-08
6.333233902595358230e-14
4.897197245804618089e-14
1.871568339349715465e-08
-6.341106980260110277e-14
-1.159653857915778602e-14
3.286902315483329673e+00
7.403692224073929462e-02
4.915605606009673841e-03
-3.339499575307306678e+00
4.436714594146939361e-01
-4.854776124091910727e-01
-1.001316461492727378e-02
3.050393835207776405e-05
1.050370857260951585e-04
1.017339603355785216e-02
-1.351593364103426120e-03
1.478950934140937923e-03
-3.451640657854301852e-02
1.051502076439281286e-04
3.624635625708583220e-04
3.506874073111255347e-02
-4.659081107556806156e-03
5.098095728540308347e-03
-3.339499575307306678e+00
1.017339603355785216e-02
3.506874073111255347e-02
3.392938500467053586e+00
4.918124712398224685e-01
-5.333886337237851993e-01
4.436714594146939361e-01
-1.351593364103426120e-03
-4.659081107556806156e-03
-4.507711237148460670e-01
5.988750045047289139e-02
-6.553029029313400811e-02
-4.854776124091910727e-01
1.478950934140937923e-03
5.098095728540308347e-03
4.932462619362344980e-01
-6.553056347191110742e-02
7.170535949312986657e-02
9.856173751716193823e-03
1.783439523240133186e-04
2.494029006012311997e-04
-1.077064678857992709e-02
-3.778115920680049663e-05
3.565487009198086191e-04
-1.417040064537642373e-04
2.037304326771988139e-06
-3.585253042358294007e-06
1.548515519802249403e-04
5.431866135635621262e-07
-5.126165660257475665e-06
2.493710638025540280e-04
-3.585253234475449524e-06
6.309337582999230420e-06
-2.725081471947731621e-04
-9.559011552584539828e-07
9.021039104190053948e-06
-1.077064678857992709e-02
1.548515519802249403e-04
-2.725081471947731621e-04
1.176996623300676642e-02
-1.030982158549209734e-03
-3.896185302140718078e-04
-3.778115920680049663e-05
5.431866135635621262e-07
-9.559011552584539828e-07
4.128656122857001670e-05
1.448245549699744839e-07
-1.366739667163496819e-06
3.565487009198086191e-04
-5.126165660257475665e-06
9.021039104190053948e-06
-3.896299129127490913e-04
-1.366739625495438926e-06
1.289820769646843335e-05
-1.191494207239958240e-03
8.740400701533379557e-02
3.824818816325346871e-02
3.203035544485162596e-03
1.536848628681692155e-03
2.887403219413041747e-03
2.686812114450270669e-04
-6.058744805041531289e-05
-4.386728171548032185e-04
-7.222825467087558293e-04
-3.465584212268522923e-04
-6.511076513913555130e-04
1.945356655587888312e-03
-4.386767302266975088e-04
-3.176190445949758634e-03
-5.229607056992848640e-03
-2.509217997259479208e-03
-4.714273083427075739e-03
3.203035544485162596e-03
-7.222825467087558293e-04
-5.229607056992848640e-03
-8.610563640925300577e-03
3.735810521928471795e-02
3.372673380474758981e-02
1.536848628681692155e-03
-3.465584212268522923e-04
-2.509217997259479208e-03
-4.131434927881923874e-03
-1.982303978591440016e-03
-3.724321294221150103e-03
2.887403219413041747e-03
-6.511076513913555130e-04
-4.714273083427075739e-03
-7.762064714072904048e-03
-3.724316619620738483e-03
-6.997178249643437598e-03
-1.557819549375196073e-02
1.102439767642247326e-01
4.693268109379329645e-02
3.276798993270296778e-02
-3.361529378913297693e-03
-1.798942103760586917e-05
-1.278775439188629959e-02
-1.049715048529145482e-02
-4.045629809708614633e-03
2.689843039543749620e-02
-2.759396112078317878e-03
-1.476706965025664786e-05
-4.928485105897357534e-03
-4.045671212918013765e-03
-1.559228438800734640e-03
1.036683294918797071e-02
-1.063489509016309065e-03
-5.691326295347021169e-06
3.276798993270296778e-02
2.689843039543749620e-02
1.036683294918797071e-02
-6.892590124834158116e-02
1.703671321365510596e-02
1.041005993885183757e-02
-3.361529378913297693e-03
-2.759396112078317878e-03
-1.063489509016309065e-03
7.070816442821775509e-03
-7.253651278047879708e-04
-3.882908280593289074e-06
-1.798942103760586917e-05
-1.476706965025664786e-05
-5.691326295347021169e-06
3.783988766168158713e-05
-3.881833897240172249e-06
-2.077386119375690399e-08
-1.069361170194260691e-01
4.219436648820800290e-07
3.045931652155076243e-07
1.067720111222151130e-01
-3.958531264200997527e-07
-6.337321720679609359e-08
4.342441093265251980e-07
-1.763404143709942030e-12
-1.302382971043932435e-12
-4.335777112530240974e-07
1.607506289270329848e-12
2.574004687711946471e-13
3.032291226229975907e-07
-1.231337881978518393e-12
-8.599002734310441215e-13
-3.027637823000498812e-07
1.122548351281675318e-12
1.798090770139586996e-13
1.067720111222151130e-01
-4.335777112530240974e-07
-3.027637823000498812e-07
-1.066081570645721344e-01
3.880205327037121408e-07
6.724975173644294265e-08
-3.958531264200997527e-07
1.607506289270329848e-12
1.122548351281675318e-12
3.952456438148238508e-07
-1.465309836339345896e-12
-2.580056584730549088e-13
-6.337321720679609359e-08
2.574004687711946471e-13
1.798090770139586996e-13
6.327596364121946732e-08
-2.345352720592344130e-13
-3.758958105700681277e-14
2.935538832771847240e+00
8.847439211487974353e-02
7.717763252582129571e-03
-3.205400023057156655e+00
5.531555910520703501e-01
-5.938148096931051834e-01
8.580644884046483706e-03
2.508141462931323673e-05
2.259586600250607091e-05
-9.369455107222472712e-03
1.616886017467955572e-03
-1.735733812130213494e-03
7.717901791025749345e-03
2.255959749930536162e-05
2.029133710942931934e-05
-8.427400892376299413e-03
1.454315807114275882e-03
-1.561214020439877226e-03
-3.205400023057156655e+00
-9.369455107222472712e-03
-8.427400892376299413e-03
3.500069286466626739e+00
5.695410500681457044e-01
-6.185398368882780717e-01
5.531555910520703501e-01
1.616886017467955572e-03
1.454315807114275882e-03
-6.040066390940219687e-01
1.042333708879108756e-01
-1.118946974208832879e-01
-5.938148096931051834e-01
-1.735733812130213494e-03
-1.561214020439877226e-03
6.484036196123811324e-01
-1.118949537864274424e-01
1.201196946449230862e-01
7.425780539734686547e-01
3.568217861006333768e-03
-1.483632935502217712e-03
-7.397550173741603841e-01
5.022758718701005043e-02
3.169433250024420584e-02
-7.872363880993663715e-03
8.345804557966050169e-05
1.574425346505779755e-05
7.842435752576669417e-03
-5.324825330949006091e-04
-3.360041642383945759e-04
-1.484252757724439757e-03
1.573515098886660302e-05
2.966699914036530217e-06
1.478610118765120562e-03
-1.003940722423650456e-04
-6.335010867344892382e-05
-7.397550173741603841e-01
7.842435752576669417e-03
1.478610118765120562e-03
7.369427130279789795e-01
4.669750655601999367e-02
2.984656390036167367e-02
5.022758718701005043e-02
-5.324825330949006091e-04
-1.003940722423650456e-04
-5.003663848314663515e-02
3.397367456699973507e-03
2.143840511441617511e-03
3.169433250024420584e-02
-3.360041642383945759e-04
-6.335010867344892382e-05
-3.157384111195183501e-02
2.143787902796756920e-03
1.352761110109151899e-03
-5.888178958015415770e-02
-2.335799569344750005e-04
-9.381490549070336140e-08
5.898998103927529518e-02
5.511333718077630683e-05
1.033826017670973911e-07
1.291668313988581006e-04
-2.833485609680415799e-07
2.352665809996058124e-10
-1.294041670515454310e-04
-1.209001150322339952e-07
-2.267866333113382855e-10
-1.072584110462611034e-07
2.352888954922457325e-10
-1.952604744559494065e-13
1.074554914008683075e-07
1.003937736423371547e-10
1.885991363081984673e-13
5.898998103927529518e-02
-1.294041670515454310e-04
1.074554914008683075e-07
-5.909837129316698051e-02
-5.525872474256575043e-05
-8.842989382688943244e-08
5.511333718077630683e-05
-1.209001150322339952e-07
1.003937736423371547e-10
-5.521460435367686815e-05
-5.158606709263093516e-08
5.470891697481192062e-10
1.033826017670973911e-07
-2.267866333113382855e-10
1.885991363081984673e-13
-1.035725605746412225e-07
-9.676606608432171525e-11
-1.813826866481349498e-13
-1.137474705215162918e-01
-4.943911573650379421e-04
4.413676758133966904e-04
1.140218680067561219e-01
-1.188614508686186707e-04
-2.294195484693247464e-04
3.187005179682948774e-04
-8.929431106891039249e-07
1.040329247563136217e-06
-3.194693317298269984e-04
3.330289963590638003e-07
6.427934493542591075e-07
-3.717039367914912510e-04
1.041449419844674498e-06
-1.214653969845192965e-06
3.726006127794644898e-04
-3.884153996342159382e-07
-7.496971048925993756e-07
1.140218680067561219e-01
-3.194693317298269984e-04
3.726006127794644898e-04
-1.142969274318138134e-01
-2.873745704907322541e-04
-1.765580551896464990e-04
-1.188614508686186707e-04
3.330289963590638003e-07
-3.884153996342159382e-07
1.191481850092668770e-04
-1.242053510736029764e-07
-2.361698225486312530e-07
-2.294195484693247464e-04
6.427934493542591075e-07
-7.496971048925993756e-07
2.299729862457998712e-04
-2.397340376669352367e-07
-4.627208761330880979e-07
-9.955553403077531394e-02
-1.852922516036056941e-05
3.067548260478742496e-07
9.875061312214063192e-02
-1.616910277106442658e-04
-8.977469011950595482e-08
-1.850718979924945498e-05
-3.440452402975451366e-09
-2.553855420762294060e-09
1.835755648980796719e-05
-3.005806326463621453e-08
-1.668894883986135228e-11
3.047093185252760418e-07
5.664490356460522386e-11
-9.326255046016029837e-13
-3.022456995620510535e-07
4.948872112296278799e-10
2.748010152764379654e-13
9.875061312214063192e-02
1.835755648980796719e-05
-3.022456995620510535e-07
-9.795220011560784590e-02
-2.007390494896056274e-04
9.173182174357441373e-08
-1.616910277106442658e-04
-3.005806326463621453e-08
4.948872112296278799e-10
1.603837323381719832e-04
-2.626070835149615156e-07
2.464693537144633889e-09
-8.977469011950595482e-08
-1.668894883986135228e-11
2.748010152764379654e-13
8.904884875018089392e-08
-1.458056702746552733e-10
-8.089709457870242204e-14
1.590661750378696615e+00
2.394692675408417043e-02
-1.138933566756425387e-03
-1.390922126752915489e+00
1.547396535864929701e-01
-1.486178153848289329e-01
-2.731640165891571770e-02
4.691040061874998668e-04
1.960358200083986424e-05
2.388627719350747483e-02
-2.657340901623797547e-03
2.552210699575658756e-03
-1.138886158091540922e-03
1.955806866564893665e-05
8.154226886925713957e-07
9.958760602404054686e-04
-1.107909016707341043e-04
1.064077719522419155e-04
-1.390922126752915489e+00
2.388627719350747483e-02
9.958760602404054686e-04
1.216263836249448005e+00
1.808429557526233800e-01
-1.758273690304033299e-01
1.547396535864929701e-01
-2.657340901623797547e-03
-1.107909016707341043e-04
-1.353089731417093378e-01
1.505308113831805433e-02
-1.445748857425104700e-02
-1.486178153848289329e-01
2.552210699575658756e-03
1.064077719522419155e-04
1.299558550390904066e-01
-1.445754841590699696e-02
1.388557626692304633e-02
1.545509283205708240e+00
2.541981341230723640e-02
-1.508791150992051973e-03
-1.399926575745891633e+00
1.574844414196667763e-01
-1.538365057613883813e-01
-2.624148638419234597e-02
4.455590238994569519e-04
2.564386782883711080e-05
2.376961081728761957e-02
-2.673957296888015284e-03
2.612018326383653416e-03
-1.509239938325804969e-03
2.562566250585013305e-05
1.473821746627440588e-06
1.367073703017110354e-03
-1.537886645122422957e-04
1.502263370336525544e-04
-1.399926575745891633e+00
2.376961081728761957e-02
1.367073703017110354e-03
1.268057357387460282e+00
1.786882911200707857e-01
-1.768099929409623350e-01
1.574844414196667763e-01
-2.673957296888015284e-03
-1.537886645122422957e-04
-1.426498418389284817e-01
1.604736351878941966e-02
-1.567554780434553263e-02
-1.538365057613883813e-01
2.612018326383653416e-03
1.502263370336525544e-04
1.393455316480234352e-01
-1.567564584894332730e-02
1.531253856708473388e-02
1.410139626115799460e-01
2.019612342157163336e-03
1.125998811594842780e-03
-1.289006418787714547e-01
-5.621791017634157270e-04
-6.463697771574426114e-04
9.503870640238302027e-04
6.405291750815968265e-06
7.589529988228767369e-06
-8.687473234363212457e-04
-3.788899596109336777e-06
-4.356316662510944458e-06
1.125996483611545543e-03
7.588840654773216105e-06
8.991081859019423028e-06
-1.029271618233725070e-03
-4.489000097663973414e-06
-5.161262634667540539e-06
-1.289006418787714547e-01
-8.687473234363212457e-04
-1.029271618233725070e-03
1.178278744107489479e-01
5.138084969343668495e-04
5.908675344499060090e-04
-5.621791017634157270e-04
-3.788899596109336777e-06
-4.489000097663973414e-06
5.138870344899224007e-04
2.241234390035126300e-06
2.568351936043089388e-06
-6.463697771574426114e-04
-4.356316662510944458e-06
-5.161262634667540539e-06
5.908455987165727374e-04
2.576876602709759703e-06
2.962783834214999246e-06
-1.103238139504975068e-01
-6.883818038723811582e-04
2.389621770602005468e-04
1.145212067861850203e-01
8.290803103162614808e-05
-2.885169358721387917e-05
4.874388042942852297e-04
-2.153629206818553450e-06
7.403359519317565711e-07
-5.059839585245594178e-04
-3.663088690404087946e-07
1.274741556564907684e-07
-1.675875339797802536e-04
7.404445536916793528e-07
-2.545740627052373029e-07
1.739635890606234820e-04
1.259415531077817630e-07
-4.382720279055840606e-08
1.145212067861850203e-01
-5.059839585245594178e-04
1.739635890606234820e-04
-1.188782941246841196e-01
-8.610738190178049791e-05
2.995011543362059833e-05
8.290803103162614808e-05
-3.663088690404087946e-07
1.259415531077817630e-07
-8.606235975733606707e-05
-6.230514856187547597e-08
2.430796524104854393e-08
-2.885169358721387917e-05
1.274741556564907684e-07
-4.382720279055840606e-08
2.994938852381784833e-05
2.168196537818988835e-08
-7.545245116202803359e-09
-8.325455018734223556e-02
-1.443520992483128182e-05
3.458640015994472380e-07
7.491622924970357811e-02
-1.206766985403531599e-04
-8.414796966968649616e-08
-1.442400930260906027e-05
-2.498987153624414062e-09
5.999000505932729418e-11
1.297937932740870934e-05
-2.090746774237330798e-08
-1.457879674605282476e-11
3.462584571550042164e-07
5.998994260928215901e-11
-1.440073218625523032e-12
-3.115791016535953013e-07
5.018984078659722924e-10
3.500034342849427166e-13
7.491622924970357811e-02
1.297937932740870934e-05
-3.115791016535953013e-07
-6.741302898598146298e-02
-1.634940300382821681e-04
3.723272402567775547e-08
-1.206766985403531599e-04
-2.090746774237330798e-08
5.018984078659722924e-10
1.085903796561631720e-04
-1.749197556218837468e-07
-9.124596144015464197e-10
-8.414796966968649616e-08
-1.457879674605282476e-11
3.500034342849427166e-13
7.572016871820629649e-08
-1.219716927535043729e-10
-8.505036156391117780e-14
2.797198932657976034e+00
1.129294553647092747e-01
1.366942040593960642e-02
-3.203978412903935702e+00
5.576161799885290815e-01
-5.839726747055001832e-01
2.119987456854252605e-02
1.606731206958977864e-04
-4.590299783718831961e-05
-2.428284226797448528e-02
4.226153862398024375e-03
-4.425908829962243995e-03
-6.046291112558593167e-03
-4.582463252839064083e-05
1.306937300271648894e-05
6.925566135677563989e-03
-1.205316402033446144e-03
1.262287337459366832e-03
-3.203978412903935702e+00
-2.428284226797448528e-02
6.925566135677563989e-03
3.669913337411400356e+00
5.753431686495270592e-01
-6.051330508009311604e-01
5.576161799885290815e-01
4.226153862398024375e-03
-1.205316402033446144e-03
-6.387068801258070083e-01
1.111597035715814197e-01
-1.215997647472512877e-01
-5.839726747055001832e-01
-4.425908829962243995e-03
1.262287337459366832e-03
6.688962381750577224e-01
-1.164138196554888871e-01
1.219162787534213421e-01
-7.399905650059934725e-02
1.792130123583442550e-02
3.393719919963028402e-03
9.535312624755133692e-02
-2.006896744573041010e-03
-3.688933660817175319e-04
-7.646675556498784901e-03
-7.901674674174468012e-04
-1.477420229546704683e-04
9.853293463369864127e-03
-2.073822154883778884e-04
-3.811951150143808031e-05
-1.429782293336329720e-03
-1.477462258384770744e-04
-2.762572258357964827e-05
1.842377700071184910e-03
-3.877651372385070017e-05
-7.127620646737997667e-06
9.535312624755133692e-02
9.853293463369864127e-03
1.842377700071184910e-03
-1.228693866537047541e-01
2.586151716361537005e-03
4.754740972875500134e-04
-2.006896744573041010e-03
-2.073822154883778884e-04
-3.877651372385070017e-05
2.586031332028203462e-03
-5.442818778847056602e-05
-1.000351679909285141e-05
-3.688933660817175319e-04
-3.811951150143808031e-05
-7.127620646737997667e-06
4.753457323822792360e-04
-1.000459911913026412e-05
-1.838973656922981981e-06
-1.058303810149523738e-01
-2.173046087837529877e-03
1.852136517244742150e-03
1.053897287227527901e-01
1.172946812941831705e-03
-4.071844654475849845e-04
1.840233367801363948e-03
-3.199892899831120827e-05
2.438932072335552037e-05
-1.832571077975622773e-03
-2.039580546839061810e-05
7.080333954998657697e-06
-1.400097797134320678e-03
2.434562419379284262e-05
-1.852278922874484035e-05
1.394268126129701458e-03
1.551766357832579969e-05
-5.386903719262203794e-06
1.053897287227527901e-01
-1.832571077975622773e-03
1.394268126129701458e-03
-1.049509112008788908e-01
9.186477024131394550e-04
-1.043443098977048580e-06
1.172946812941831705e-03
-2.039580546839061810e-05
1.551766357832579969e-05
-1.168062944086856528e-03
-1.300008761932705417e-05
4.477428213239299792e-06
-4.071844654475849845e-04
7.080333954998657697e-06
-5.386903719262203794e-06
4.054890471156652985e-04
4.512935854990426585e-06
-1.566650212447839863e-06
-1.023930055149104013e-01
-5.662982807801398254e-04
4.456610139961272561e-04
1.031636733869590317e-01
9.870742420896483522e-04
-2.219104472704596504e-04
6.535032477754164435e-04
-4.170856131322975735e-06
2.411585023989092134e-06
-6.584218841100468542e-04
-6.299807489411033510e-06
1.416299846573437884e-06
-3.674057596886759090e-04
2.344895102937533343e-06
-1.318322394910087209e-06
3.701710639550534693e-04
3.541811864549043329e-06
-7.962572838478431891e-07
1.031636733869590317e-01
-6.584218841100468542e-04
3.701710639550534693e-04
-1.039401417428008484e-01
1.092139012789569317e-03
-1.829599422566763106e-04
9.870742420896483522e-04
-6.299807489411033510e-06
3.541811864549043329e-06
-9.945035230437592258e-04
-9.515450342570968246e-06
2.060512957129122019e-06
-2.219104472704596504e-04
1.416299846573437884e-06
-7.962572838478431891e-07
2.235806712405784713e-04
2.139228997633607578e-06
-4.809336961032052135e-07
-9.522889309014104242e-02
-5.472984157909209369e-08
2.987611775957728966e-07
9.545362425108139259e-02
-2.421152402122033442e-07
-9.082547111271020976e-08
2.284079084209095180e-07
-5.478479751708418523e-13
8.912995547499123519e-08
-2.289469294193406798e-07
5.807237181526438258e-13
2.178495640637002060e-13
2.963543896540745169e-07
-7.108100842569684611e-13
-9.222930679320888746e-13
-2.970537579232120726e-07
7.535149002412399642e-13
2.826527550127558957e-13
9.545362425108139259e-02
-2.289469294193406798e-07
-2.970537579232120726e-07
-9.567888575625936587e-02
7.173503145247902495e-08
9.163798806944081903e-08
-2.421152402122033442e-07
5.807237181526438258e-13
7.535149002412399642e-13
2.426866092302590170e-07
-6.155655551888824016e-13
-7.900989775135053158e-08
-9.082547111271020976e-08
2.178495640637002060e-13
2.826527550127558957e-13
9.103981061614632315e-08
-2.309093196123588946e-13
-8.662343022045139754e-14
7.994286978187482573e-01
8.845580033435438902e-03
-1.232745567533426656e-03
-6.857290346712798801e-01
1.433168790967095235e-02
-1.155390468163179944e-03
-1.745039674773133515e-02
3.809174570343436782e-04
2.693056239260870760e-05
1.496849406220024381e-02
-3.128404581555811205e-04
2.522053827063493875e-05
-1.233348887133426611e-03
2.692226019353465699e-05
1.902795685793101654e-06
1.057934427541232627e-03
-2.211075407024774842e-05
1.782522383864115767e-06
-6.857290346712798801e-01
1.496849406220024381e-02
1.057934427541232627e-03
5.882004364794737317e-01
1.578073167088497875e-02
-2.163537272569952602e-04
1.433168790967095235e-02
-3.128404581555811205e-04
-2.211075407024774842e-05
-1.229334716444837987e-02
2.569300788187300205e-04
-2.068245209553868855e-05
-1.155390468163179944e-03
2.522053827063493875e-05
1.782522383864115767e-06
9.910637340937308252e-04
-2.071316134723060962e-05
1.669851404512145976e-06
1.900373472138677799e-02
9.594209891629340570e-02
3.661472361109832652e-02
-2.104521155861745901e-02
-1.991445289787089484e-02
-5.314454884210454561e-03
7.940836561682651507e-03
3.318131210724287183e-03
4.464427985917399783e-03
-8.793881194570939142e-03
-8.321386190439587771e-03
-2.220680212003792176e-03
1.068409919832128199e-02
4.464421693236571981e-03
6.006712751631520034e-03
-1.183183891158412146e-02
-1.119611451962134602e-02
-2.987842337327791670e-03
-2.104521155861745901e-02
-8.793881194570939142e-03
-1.183183891158412146e-02
2.330599411327911527e-02
5.808940478896459925e-02
4.737401759716927674e-02
-1.991445289787089484e-02
-8.321386190439587771e-03
-1.119611451962134602e-02
2.205376366563127633e-02
2.086881552683397811e-02
5.569137046935445159e-03
-5.314454884210454561e-03
-2.220680212003792176e-03
-2.987842337327791670e-03
5.885360377666619403e-03
5.569140120144937603e-03
1.486204218822491027e-03
4.075490205187908466e-06
1.396523797224775432e-01
4.098205014577591815e-02
-3.684418712749195669e-05
-1.536024083620039858e-04
5.097659510657311837e-04
1.527299588668767352e-04
5.723591313459036600e-03
-1.899807291483585417e-02
-1.380744622462756407e-03
-5.756286564533001290e-03
1.910359952338962219e-02
-5.069510856615189534e-04
-1.899811177694008327e-02
6.305975240412287075e-02
4.583056203064957493e-03
1.910663595353795374e-02
-6.340989410509194346e-02
-3.684418712749195669e-05
-1.380744622462756407e-03
4.583056203064957493e-03
3.330873236838637064e-04
6.575388955461960137e-03
5.763681910929417500e-03
-1.536024083620039858e-04
-5.756286564533001290e-03
1.910663595353795374e-02
1.388631941739747362e-03
5.789168582862797875e-03
-1.921272669882408482e-02
5.097659510657311837e-04
1.910359952338962219e-02
-6.340989410509194346e-02
-4.608503798930764332e-03
-1.921272628465262033e-02
6.376197998132460132e-02
-6.394459271594854499e-02
1.184683102409692719e-04
-5.650375085998578717e-04
7.985359039422651461e-02
-4.282944232309950799e-04
-1.633627169275813599e-04
-9.506304912312523413e-04
-1.413252149209953679e-05
-8.402693109234684373e-06
1.187141158287612248e-03
-6.367227010979636947e-06
-2.428627241625133139e-06
-5.650266188356493306e-04
-8.399952355575286255e-06
-4.992682984284390222e-06
7.056015570036387784e-04
-3.784491221751049884e-06
-1.443504128685334537e-06
7.985359039422651461e-02
1.187141158287612248e-03
7.056015570036387784e-04
-9.972064295060423245e-02
1.324511316942975395e-04
2.040730115773817764e-04
-4.282944232309950799e-04
-6.367227010979636947e-06
-3.784491221751049884e-06
5.348512827776305545e-04
-2.868672786454640189e-06
-1.087209290216299999e-06
-1.633627169275813599e-04
-2.428627241625133139e-06
-1.443504128685334537e-06
2.040062955936119905e-04
-1.094186977190037902e-06
-4.173515875773352758e-07
-1.070491877560785926e-01
-4.005867052144545712e-04
3.070079034746042707e-07
1.066865015527023314e-01
4.117421258294047732e-05
-6.172083925085338550e-08
3.170575324522132169e-04
-9.390587727975407972e-07
-8.990929516513396933e-10
-3.159833310023802766e-04
-1.219494936907650207e-07
1.828043434323931147e-10
3.035623756968288453e-07
-8.990889084744030322e-10
-8.608432243186136449e-13
-3.025338962864076683e-07
-1.167588673075238488e-10
1.750454407499822647e-13
1.066865015527023314e-01
-3.159833310023802766e-04
-3.025338962864076683e-07
-1.063250441422288056e-01
-4.102752409438742117e-05
6.395139366419852738e-08
4.117421258294047732e-05
-1.219494936907650207e-07
-1.167588673075238488e-10
-4.103471298327630097e-05
-1.583679262034953794e-08
2.373799504885744829e-11
-6.172083925085338550e-08
1.828043434323931147e-10
1.750454407499822647e-13
6.151172699753227952e-08
2.373961404063365497e-11
-3.550038969297214809e-14
3.662510933209524033e-01
-4.131934692439422996e-05
-1.250568375505965756e-04
-3.589319396905847337e-01
1.177867405434789017e-03
3.670273858055319796e-06
-4.134412709106090377e-05
4.667117489351446658e-09
1.010619263513805322e-08
4.051790698299624009e-05
-1.329631518082186048e-07
-4.143175837134638329e-10
-1.250408486505965829e-04
1.411519263516507194e-08
4.268987628517793495e-08
1.225420351370405279e-04
-4.021326971198266320e-07
-1.253058833560957708e-09
-3.589319396905847337e-01
4.051790698299624009e-05
1.225420351370405279e-04
3.517590518621266371e-01
1.151621731864433881e-03
-3.633242198746986683e-06
1.177867405434789017e-03
-1.329631518082186048e-07
-4.021326971198266320e-07
-1.154328929635559109e-03
3.788034084373573251e-06
1.172790635873416365e-08
3.670273858055319796e-06
-4.143175837134638329e-10
-1.253058833560957708e-09
-3.596927187635873426e-06
1.180363969240094679e-08
3.678053456419860812e-11
-2.869894559492280894e-02
1.013620971986816487e-07
6.714673698816624617e-08
2.587195194162210041e-02
-9.458922067010018368e-08
-7.007348127279104297e-08
1.033234305320150708e-07
-3.719919085118865635e-13
-1.025141395901094730e-09
-9.314554154189400820e-08
3.405136119078774657e-13
2.523421110033412038e-13
6.904336714689647656e-08
-2.485387582438925710e-13
-1.660963033778273257e-13
-6.224224060093345978e-08
2.276194271834792035e-13
1.686255302058015104e-13
2.587195194162210041e-02
-9.314554154189400820e-08
-6.224224060093345978e-08
-2.332343169388158971e-02
9.308736291492595457e-08
4.530070394555126771e-08
-9.458922067010018368e-08
3.405136119078774657e-13
2.276194271834792035e-13
8.527169624825938117e-08
-3.117709050072050145e-13
-6.560309334408749598e-10
-7.007348127279104297e-08
2.523421110033412038e-13
1.686255302058015104e-13
6.317088319065335488e-08
-2.309334408698417995e-13
-1.710263874965534114e-13
-3.781648508091231542e-02
-4.551887256952992966e-05
-8.155087491145539432e-07
3.388733370731714101e-02
-1.934669412111150624e-04
-2.402630704713121354e-07
-4.551232306952994380e-05
-5.477430140390145835e-08
-6.256886844573095185e-10
4.078357034908402758e-05
-2.328384013824654278e-07
-2.891577689095869985e-10
-8.152265930298973555e-07
-9.811291605543726035e-10
-1.757415046821364513e-11
7.305241496137485015e-07
-4.170651886781923112e-09
-5.179436740609943968e-12
3.388733370731714101e-02
4.078357034908402758e-05
7.305241496137485015e-07
-3.036642309125393152e-02
-2.865434982526207457e-04
2.150584735086723894e-07
-1.934669412111150624e-04
-2.328384013824654278e-07
-4.170651886781923112e-09
1.733656309973781321e-04
-9.897656342424884790e-07
-1.231405255108092289e-09
-2.402630704713121354e-07
-2.891577689095869985e-10
-5.179436740609943968e-12
2.152996194422975994e-07
-1.229171921798138944e-09
-1.526518494943118753e-12
-3.737427585498257626e-02
-2.015219342025019003e-05
-3.776100072607340822e-07
3.505703446087184844e-02
-9.820791064853706383e-05
-1.138527788500414983e-07
-2.014552375358352073e-05
-1.085886266623485705e-08
-2.054372508053153525e-10
1.889648171919347557e-05
-5.293613726393299045e-08
-6.136905825462958896e-11
-3.749223448268707616e-07
-2.020910602931385804e-10
-3.760995637860665424e-12
3.516767953912938090e-07
-9.851786904112835682e-10
-1.142092175300821190e-12
3.505703446087184844e-02
1.889648171919347557e-05
3.516767953912938090e-07
-3.288346428327960924e-02
-1.378265770066605959e-04
1.081968356645068064e-07
-9.820791064853706383e-05
-5.293613726393299045e-08
-9.851786904112835682e-10
9.211892482667203251e-05
-2.580596812516413954e-07
4.054638289441497166e-10
-1.138527788500414983e-07
-6.136905825462958896e-11
-1.142092175300821190e-12
1.067937960082457841e-07
-2.991695045081816508e-10
-3.468340881135781671e-13
-2.772860881060479690e-02
4.391561662789734892e-08
2.959854320926092804e-08
2.749500219236086784e-02
-4.928917255577300608e-08
-4.652912723103510864e-09
3.957184996123072339e-08
-5.648135184476033922e-14
-1.382982670663696035e-11
-3.923846698236549899e-08
7.034925951555009764e-14
6.649261219035853485e-15
3.024536778131195042e-08
-4.316003997086241422e-14
-3.301424824268599714e-14
-2.999055809596515866e-08
5.377074371215073881e-14
5.091510606674046919e-15
2.749500219236086784e-02
-3.923846698236549899e-08
-2.999055809596515866e-08
-2.726336365165234546e-02
4.435595690048483183e-08
4.147782978492667606e-09
-4.928917255577300608e-08
7.034925951555009764e-14
5.377074371215073881e-14
4.887392356715148020e-08
-8.762252408123036724e-14
-8.270711789102817763e-15
-4.652912723103510864e-09
6.649261219035853485e-15
5.091510606674046919e-15
4.613713093131069384e-09
-8.270711789102817763e-15
-7.840740134718598778e-16
3.901471066668614207e-01
-2.638317099105944637e-04
-2.639720569700283173e-04
-3.766005980028827582e-01
4.962847479934408751e-06
4.761626557405944729e-06
-2.639593082439278034e-04
1.785852445802121879e-07
1.777422724011726296e-07
2.547942343653258933e-04
-3.357681629262421197e-09
-3.221542834580537473e-09
-2.639766116366949809e-04
1.785969514136315217e-07
1.786086591431981611e-07
2.548109369577917973e-04
-3.357901696716264484e-09
-3.221754139349792406e-09
-3.766005980028827582e-01
2.547942343653258933e-04
2.548109369577917973e-04
3.635244449915472909e-01
-4.845944435570244592e-06
-4.699251067041679634e-06
4.962847479934408751e-06
-3.357681629262421197e-09
-3.357901696716264484e-09
-4.790529768903577170e-06
6.312968897637105670e-11
5.532693439676272806e-10
4.761626557405944729e-06
-3.221542834580537473e-09
-3.221754139349792406e-09
-4.596295546839655376e-06
6.057006480576776486e-11
5.811428725396861061e-11
5.098251560018764172e-02
-1.813792085114963035e-04
-4.448172925396451979e-04
-4.850159679196871382e-02
9.753731778524437918e-05
2.593356610588959063e-04
-1.814890285114963153e-04
6.460698748142479353e-07
1.584164599416619957e-06
1.726573822300320193e-04
-3.472161551748564889e-07
-9.231905607603352771e-07
-4.448404059685893692e-04
1.583555698428964998e-06
3.881389226134698039e-06
4.231935155232862626e-04
-8.510474524982253710e-07
-2.262794987449073456e-06
-4.850159679196871382e-02
1.726573822300320193e-04
4.231935155232862626e-04
4.614140482628616841e-02
-1.046592514997977150e-04
-2.466943174859817251e-04
9.753731778524437918e-05
-3.472161551748564889e-07
-8.510474524982253710e-07
-9.279094222201992692e-05
1.866037453654434408e-07
4.965531527309969856e-07
2.593356610588959063e-04
-9.231905607603352771e-07
-2.262794987449073456e-06
-2.467158302877253445e-04
4.961486201183855360e-07
1.319177453350879438e-06
-3.769574998101300756e-02
1.331553513933409576e-07
8.738679945451306105e-08
2.826290538232923907e-02
-1.110586810929857248e-07
-4.764737512793741826e-08
1.329807323457218695e-07
-4.690980690579846122e-13
-1.517942342626382728e-11
-9.970412733253470741e-08
3.917841686448275555e-13
1.681432561882064074e-13
8.643083735735105660e-08
-3.049060517464188967e-13
-1.981505237669267672e-13
-6.480270533353782123e-08
2.546623535794275958e-13
1.092494150700673572e-13
2.826290538232923907e-02
-9.970412733253470741e-08
-6.480270533353782123e-08
-2.119050081382760006e-02
9.121509585217275656e-05
2.288230059462409949e-08
-1.110586810929857248e-07
3.917841686448275555e-13
2.546623535794275958e-13
8.326776883855999105e-08
-3.272024863182570626e-13
1.626171358657613085e-10
-4.764737512793741826e-08
1.681432561882064074e-13
1.092494150700673572e-13
3.572427277970352597e-08
-1.403573417292796547e-13
-6.020531295725106702e-14
-3.423813740289772395e-02
5.276583292961329636e-08
3.800939023757351637e-08
3.401147968562170942e-02
-5.284779433833712487e-08
-1.177417818751844407e-08
5.037561070739105785e-08
-7.409901839896381020e-14
9.138139668050139858e-12
-5.004212232394508207e-08
7.777343490133147375e-14
1.732674237986642057e-14
4.260047253786817396e-08
-6.265398274285745853e-14
-5.299780911745089833e-14
-4.231845585726782331e-08
6.576648934893751440e-14
1.463807937938004676e-14
3.401147968562170942e-02
-5.004212232394508207e-08
-4.231845585726782331e-08
-3.378632245069372597e-02
5.183894001748964142e-08
1.185381055203274652e-08
-5.284779433833712487e-08
7.777343490133147375e-14
6.576648934893751440e-14
5.249794001748967399e-08
-8.155451614759010534e-14
-1.814452665575845390e-14
-1.177417818751844407e-08
1.732674237986642057e-14
1.463807937938004676e-14
1.169623269885491142e-08
-1.814452665575845390e-14
-4.036319868137299925e-15
-2.419336202637721589e-02
4.407876222745761934e-08
3.027147656435089450e-08
2.400904319234900552e-02
-4.041481157401435374e-08
-8.637346759477028499e-09
3.661237333856875067e-08
-5.541338408736046077e-14
-2.598280704196189213e-12
-3.633343939300241228e-08
6.117177753443862988e-14
1.307010227390589361e-14
3.243097041741978001e-08
-4.907435498909765619e-14
-4.347562667277541599e-14
-3.218389278318201966e-08
5.418971291384055059e-14
1.158219510485791790e-14
2.400904319234900552e-02
-3.633343939300241228e-08
-3.218389278318201966e-08
-2.382612860435081789e-02
4.206043626240248309e-08
8.634525244310293678e-09
-4.041481157401435374e-08
6.117177753443862988e-14
5.418971291384055059e-14
4.010690848462480553e-08
-6.750692125289487164e-14
-1.461810910593613461e-10
-8.637346759477028499e-09
1.307010227390589361e-14
1.158219510485791790e-14
8.571542524328622923e-09
-1.442439269493311287e-14
-3.079756769351773238e-15
6.947329465811567795e-02
-6.640883585859673043e-04
-3.924079429518346151e-04
-6.947237452653827472e-02
6.373361351638844909e-04
5.181197775302757774e-04
-6.640872432526338017e-04
6.347933674669126169e-06
3.752621128626058844e-06
6.640784478205705773e-04
-6.092222905353106288e-06
-4.952647437085188481e-06
-3.924069986185012965e-04
3.750973424080771695e-06
2.216438033077936214e-06
3.924018014262228697e-04
-3.599874759656600948e-06
-2.926503310752903231e-06
-6.947237452653827472e-02
6.640784478205705773e-04
3.924018014262228697e-04
6.947145440714744269e-02
-6.373288093673366546e-04
-5.181130504152856118e-04
6.373361351638844909e-04
-6.092222905353106288e-06
-3.599874759656600948e-06
-6.373276940340032604e-04
5.846812810364476753e-06
4.752915352300261798e-06
5.181197775302757774e-04
-4.952647437085188481e-06
-2.926503310752903231e-06
-5.181129153486188849e-04
4.753142314421233972e-06
3.864047403986737358e-06
7.364953153598646773e-02
-1.863706410365887126e-04
-1.410992270191750773e-04
-7.364563843233074003e-02
4.787444584411922575e-04
4.370632099864547242e-04
-1.863706410365887126e-04
4.716121760662845414e-07
3.573471855497153959e-07
1.863607895112700521e-04
-1.211466111810158806e-06
-1.105991428791870679e-06
-1.410994613525083869e-04
3.570531476714683405e-07
2.703215835134220590e-07
1.410920028552544684e-04
-9.171896113895419700e-07
-8.373357198096509357e-07
-7.364563843233074003e-02
1.863607895112700521e-04
1.410920028552544684e-04
7.364174553446382887e-02
-4.787191520778953701e-04
-4.370396905546355157e-04
4.787444584411922575e-04
-1.211466111810158806e-06
-9.171896113895419700e-07
-4.787191520778953701e-04
3.111985259180642498e-06
2.840817446444349192e-06
4.370632099864547242e-04
-1.105991428791870679e-06
-8.373357198096509357e-07
-4.370401068879688840e-04
2.841044408565321366e-06
2.593692662221369627e-06
-1.720977688904662059e-02
6.748419870433359869e-08
3.850345544718420226e-08
1.760166476307312156e-02
-6.361191660786205129e-08
-4.275982360049012479e-08
6.660503759322233874e-08
-2.577556224014898589e-13
-1.917575776403632242e-10
-6.812171656304914567e-08
2.461815473697726020e-13
1.655534011837049281e-13
4.646864949480322441e-08
-1.797998625699711016e-13
-1.254399762889968050e-13
-4.752679803309058068e-08
1.717889169165089357e-13
1.155206822265225448e-13
1.760166476307312156e-02
-6.812171656304914567e-08
-4.752679803309058068e-08
-1.800247640797714502e-02
7.114708453947759564e-08
4.373451798954808930e-08
-6.361191660786205129e-08
2.461815473697726020e-13
1.717889169165089357e-13
6.506043850773203842e-08
-2.351452366156081553e-13
-2.255958669566227524e-10
-4.275982360049012479e-08
1.655534011837049281e-13
1.155206822265225448e-13
4.373351759272265503e-08
-1.580180239519539225e-13
-1.061775236210849136e-13
-3.405931776464229260e-02
4.434330849520637204e-08
4.667881607656839514e-08
3.394713157993508451e-02
-4.655385912219743235e-08
-7.285064604189900881e-09
5.216076563806344156e-08
-7.985505400550679881e-14
-2.154297114427852525e-10
-5.198895605267489026e-08
7.130403963494691811e-14
1.116871215770465104e-14
4.516443137369369296e-08
-6.914767704345542774e-14
-5.987592804976424322e-14
-4.501566664284112040e-08
6.175866406968241333e-14
9.659188997401802260e-15
3.394713157993508451e-02
-5.198895605267489026e-08
-4.501566664284112040e-08
-3.383531491936597746e-02
4.220168449300157886e-08
5.543118583067450890e-09
-4.655385912219743235e-08
7.130403963494691811e-14
6.175866406968241333e-14
4.640051782633485142e-08
-6.361414651272683925e-14
-3.907342696237766220e-11
-7.285064604189900881e-09
1.116871215770465104e-14
9.659188997401802260e-15
7.261068715342537761e-09
-9.934898881216552869e-15
-1.549700181978075706e-15
-2.181364899581838407e-02
4.621967412964766520e-08
6.207648685908346880e-08
2.164938481447427343e-02
-4.425138995451307564e-08
-1.801361240449710362e-08
4.466989635186975064e-08
-9.148060739771358111e-14
4.150598917518028302e-11
-4.433351686611001822e-08
9.061865237401148803e-14
3.688732378982136258e-14
6.474505396162522435e-08
-1.325832976007938476e-13
-1.921600649761561738e-13
-6.425750172820482110e-08
1.313496281031067023e-13
5.346698511750259100e-14
2.164938481447427343e-02
-4.433351686611001822e-08
-6.425750172820482110e-08
-2.148635759817340077e-02
4.477038419134057365e-08
1.815125738634712677e-08
-4.425138995451307564e-08
9.061865237401148803e-14
1.313496281031067023e-13
4.391816196911822623e-08
-8.976457689684189976e-14
-3.957621724670957851e-11
-1.801361240449710362e-08
3.688732378982136258e-14
5.346698511750259100e-14
1.787796378846349866e-08
-3.653473766908164970e-14
-1.487568548145712960e-14
3.748446656295751356e-01
1.083545169390740930e-04
-5.218372750514468672e-05
-3.702335939146345622e-01
-1.071669475805325854e-06
1.876387278852548146e-06
1.083702029390740953e-04
3.133058056452512172e-08
-1.093845598401635744e-08
-1.070371099985903537e-04
-3.098271112508094827e-10
5.424763244056368561e-10
-5.218987461625580065e-05
-1.508845598401635159e-08
7.266431404501227931e-09
5.154787200366628890e-05
1.492089632504174502e-10
-2.612506495858202271e-10
-3.702335939146345622e-01
-1.070371099985903537e-04
5.154787200366628890e-05
3.656792443150391203e-01
8.895985622921396485e-07
-1.958230300899087737e-06
-1.071669475805325854e-06
-3.098271112508094827e-10
1.492089632504174502e-10
1.058486562292144701e-06
3.063982727671204087e-12
-8.197632138077031279e-12
1.876387278852548146e-06
5.424763244056368561e-10
-2.612506495858202271e-10
-1.853305300899087212e-06
-5.364298804771366582e-12
9.392861488599635322e-12
-3.738974542118954358e-02
1.114632216694628176e-07
9.245545025984941340e-08
3.664322540857262861e-02
-1.047437669916711680e-07
-1.628410029313054557e-08
1.091856716694629257e-07
-3.188595221192969120e-13
3.755168272758581909e-10
-1.070056811981329240e-07
3.059011377537501630e-13
4.755036466532290896e-14
9.238260992219962895e-08
-2.697888857597307050e-13
-2.282473884314659727e-13
-9.053810773722734559e-08
2.588052739280032930e-13
4.025479234337011227e-14
3.664322540857262861e-02
-1.070056811981329240e-07
-9.053810773722734559e-08
-3.591161034176271888e-02
1.016685242703413805e-07
1.511258797669154796e-08
-1.047437669916711680e-07
3.059011377537501630e-13
2.588052739280032930e-13
1.026524631592303988e-07
-2.934076592797651983e-13
1.114397894033776561e-11
-1.628410029313054557e-08
4.755036466532290896e-14
4.025479234337011227e-14
1.595897353393169384e-08
-4.560924925036051759e-14
-7.076730528101937574e-15
-3.420927141030062624e-02
5.347003509512563439e-08
4.686741572664403733e-08
3.395258730897363769e-02
-4.686759848450881884e-08
-1.075848016032315728e-08
5.564440176179239933e-08
-9.051078769314140749e-14
-1.722908257731425688e-10
-5.522688238734342629e-08
7.626268373997722506e-14
1.751258395964019221e-14
4.762158735082885600e-08
-7.744246244944346111e-14
-6.628975561261318596e-14
-4.726426596176522823e-08
6.525659264133454985e-14
1.498056977786604726e-14
3.395258730897363769e-02
-5.522688238734342629e-08
-4.726426596176522823e-08
-3.369782919803340770e-02
4.670440676883039505e-08
1.227854162769703415e-08
-4.686759848450881884e-08
7.626268373997722506e-14
6.525659264133454985e-14
4.651593454660818485e-08
-6.420119266165599277e-14
9.398248477042626994e-13
-1.075848016032315728e-08
1.751258395964019221e-14
1.498056977786604726e-14
1.067775552861096759e-08
-1.472062273978331970e-14
-3.373029303862978916e-15
-3.115829208852478535e-02
2.049063339787117484e-08
1.156997744290371411e-08
3.105670042373159453e-02
-1.575497696764656452e-08
-4.928276917699153901e-09
1.886702228676005278e-08
-1.142004865310479175e-14
4.111170029980847212e-11
-1.880550633129237780e-08
9.554118153775216398e-15
3.009741762998151414e-15
1.363954972089692694e-08
-8.249159514375954432e-15
-5.972075970032351719e-15
-1.359507794551713554e-08
6.919883193776511604e-15
2.166771990392234994e-15
3.105670042373159453e-02
-1.880550633129237780e-08
-1.359507794551713554e-08
-3.095543999873573079e-02
2.275494117312921852e-08
7.136488805764453423e-09
-1.575497696764656452e-08
9.554118153775216398e-15
6.919883193776511604e-15
1.570360783979594076e-08
-7.962970194897218586e-15
-4.714598621458122617e-12
-4.928276917699153901e-09
3.009741762998151414e-15
2.166771990392234994e-15
4.912208262233892690e-09
-2.477303318094861902e-15
-7.757635610340482991e-16
-2.451618377192237366e-02
4.036283849522649155e-08
2.578394177152795936e-08
2.421604114461506710e-02
-3.451627690237872007e-08
-4.762069906405624466e-09
3.277656944760756092e-08
-4.382466401404725495e-14
1.561878195148680195e-11
-3.237529795864730170e-08
4.614083857399337643e-14
6.368177998770098438e-15
2.448167924478052502e-08
-3.273320005131097902e-14
-2.446028004577228846e-14
-2.418195904371734364e-08
3.447356630688802624e-14
4.760076901620590483e-15
2.421604114461506710e-02
-3.237529795864730170e-08
-2.418195904371734364e-08
-2.391957305318032773e-02
4.780974569741522202e-08
5.186718826839445050e-09
-3.451627690237872007e-08
4.614083857399337643e-14
3.447356630688802624e-14
3.409370680852651814e-08
-4.859744903409251200e-14
-1.800670501021502026e-11
-4.762069906405624466e-09
6.368177998770098438e-15
4.760076901620590483e-15
4.703769634779768031e-09
-6.705010247550263081e-15
-9.332267762394229225e-16
5.679668480394132329e-02
-1.960836986214487112e-07
-3.505988775662639942e-04
-5.362902441284550514e-02
2.256886871155836076e-07
1.767392339265232289e-04
-2.866870319547824317e-07
1.447106323659852478e-12
2.081808558529736988e-09
2.706979445963813547e-07
-1.139199845567873126e-12
-8.921092124747512328e-10
-3.505869648995973498e-04
1.769623295823349352e-09
2.164056236559673018e-06
3.310340553208003110e-04
-1.393100884402198009e-09
-1.090952259205194526e-06
-5.362902441284550514e-02
2.706979445963813547e-07
3.310340553208003110e-04
5.063803053649354458e-02
-1.624220114671122374e-07
-1.668932394844600841e-04
2.256886871155836076e-07
-1.139199845567873126e-12
-1.393100884402198009e-09
-2.131015948004456398e-07
8.968104037165858244e-13
2.807742237553485245e-10
1.767392339265232289e-04
-8.921092124747512328e-10
-1.090952259205194526e-06
-1.668821467955711743e-04
7.022953102553704439e-10
5.499750015662667013e-07
-3.583193868913968350e-02
-9.250153552159268828e-05
-7.279656404637763065e-07
3.134521397910876306e-02
-1.754683689565781474e-04
-2.165042577289125585e-07
-1.390280138259289282e-06
-5.394293144762515868e-11
-5.977635131673708635e-10
1.216195104668413524e-06
-6.808177214644075409e-09
-8.400372845246417697e-12
-7.177676551463150068e-07
-2.784940854316797498e-11
-1.437792593317333001e-11
6.278918071681140005e-07
-3.514895479273666412e-09
-4.336902365009720484e-12
3.134521397910876306e-02
1.216195104668413524e-06
6.278918071681140005e-07
-2.742029807317991966e-02
-3.063966774609342054e-04
1.844863070815185339e-07
-1.754683689565781474e-04
-6.808177214644075409e-09
-3.514895479273666412e-09
1.534969575390668448e-04
-8.592654941430273932e-07
-7.608341877525515162e-10
-2.165042577289125585e-07
-8.400372845246417697e-12
-4.336902365009720484e-12
1.893945048512120062e-07
-1.060217520981038275e-09
-1.308165381574966091e-12
-3.498224478319964664e-02
-7.319868843354529107e-05
6.120839319617325156e-09
3.196820418496163635e-02
-3.711004104856114520e-05
-2.927162310443604683e-08
4.176959051645515799e-05
-4.987383463552955533e-08
-5.970631568362819164e-10
-3.817075795528511272e-05
4.431022732187387715e-08
3.495097050318363152e-11
7.585246859299880651e-09
-9.056947032626272431e-12
-1.641048408274059511e-15
-6.931708410796710580e-09
8.046608084705253461e-12
6.356026815979021194e-15
3.196820418496163635e-02
-3.817075795528511272e-05
-6.931708410796710580e-09
-2.921385077329867463e-02
-8.105559064139823309e-05
2.608005072356614459e-08
-3.711004104856114520e-05
4.431022732187387715e-08
8.046608084705253461e-12
3.391267132526898528e-05
-3.936726061418382950e-08
-5.192258801731131079e-10
-2.927162310443604683e-08
3.495097050318363152e-11
6.356026815979021194e-15
2.674960483604718550e-08
-3.105207063702764003e-11
-2.446653990517688726e-14
-3.480222375182223660e-02
-6.415390192923978369e-05
4.300317125743435904e-08
3.305678264956025958e-02
9.032843436181947503e-06
-1.351931268683458236e-08
5.083252483742786189e-05
-7.424656536190642050e-08
-3.253571238613855922e-10
-4.828311366142423787e-05
-1.319347415438676959e-08
1.974647163842833142e-11
5.215913355902167128e-08
-7.618424741350564115e-11
-7.814929259275515960e-14
-4.954318877850712424e-08
-1.353778279483274377e-11
2.029626466892864300e-14
3.305678264956025958e-02
-4.828311366142423787e-05
-4.954318877850712424e-08
-3.139888091441445095e-02
-8.580527112983170980e-06
1.246568599628459230e-08
9.032843436181947503e-06
-1.319347415438676959e-08
-1.353778279483274377e-11
-8.579817896316500756e-06
-2.344455395748137558e-09
-9.502199387894511526e-12
-1.351931268683458236e-08
1.974647163842833142e-11
2.029626466892864300e-14
1.284127658755354349e-08
3.508911723229000276e-12
-5.209374598358351705e-15
-2.767027275030223624e-02
5.313074434544541269e-08
3.229077455108411733e-08
2.757314930301913922e-02
-4.779901398565479681e-08
4.140750751100778486e-10
3.972174434544550748e-08
-5.700651086084910633e-14
1.645570723193172181e-11
-3.958231989201211310e-08
6.860956625088784540e-14
-5.954349397459585789e-16
3.400270272568726641e-08
-4.879727257158391412e-14
-4.176904075189859795e-14
-3.388335226841296799e-08
5.874689285887076439e-14
-5.268728055734538641e-16
2.757314930301913922e-02
-3.958231989201211310e-08
-3.388335226841296799e-08
-2.747636676180873275e-02
5.314637141381346708e-08
1.061524673282746694e-09
-4.779901398565479681e-08
6.860956625088784540e-14
5.874689285887076439e-14
4.763123808048018160e-08
-8.257363590463779570e-14
7.156917456332920927e-16
4.140750751100778486e-10
-5.954349397459585789e-16
-5.268728055734538641e-16
-4.126216597757870285e-10
7.156917456332920927e-16
1.894633455554069032e-17
-4.554778035890479915e-01
-2.732266313933258139e+00
5.500495253233296244e-01
-6.374987523572439585e-02
7.366709113140670340e-01
-1.363153259316648991e-01
2.570967899439466353e-01
1.697935847945617027e+00
-3.382565579274627310e-01
-2.656104734563256020e+00
7.728424074337024940e+00
-1.090539939770064137e+00
2.200798986426211745e-01
3.508120695309410730e-01
-8.338775415638856325e-02
2.222171109136464207e+00
-6.702552579324707160e+00
1.279271364120446508e+00
4.641636780262551887e-01
-1.040071413206977935e+00
1.698630376831293531e-01
8.847613836009290966e-02
-1.457769505318716463e-01
3.344306440750677289e-02
-3.818723293919721873e-01
1.035467707328989517e+00
-2.205438448504820070e-01
-6.374987523572439585e-02
2.200798986426211745e-01
8.847613836009290966e-02
3.768552022454473294e-01
-9.095611921111339260e-02
2.994126461351866858e-02
4.442043201896550553e-02
8.294783394284629963e-02
-9.050995721891753887e-02
7.366709113140670340e-01
3.508120695309410730e-01
-1.457769505318716463e-01
-9.622449351011347352e-02
-4.948075896524568584e-01
9.273790709125578902e-02
-5.359926702755971606e-01
3.599360874777683683e-03
2.812856864505948115e-02
-1.363153259316648991e-01
-8.338775415638856325e-02
3.344306440750677289e-02
2.819510486238085284e-02
9.180555673078655277e-02
-1.670040664009893663e-02
9.831344215481918614e-02
2.041272896998470171e-02
-1.148545143886902167e-02
2.570967899439466353e-01
2.222171109136464207e+00
-3.818723293919721873e-01
4.442043201896550553e-02
-5.359926702755971606e-01
9.831344215481918614e-02
-1.223408173542847033e-01
-1.684518040945034434e+00
1.075569697224376398e-01
1.697935847945617027e+00
-6.702552579324707160e+00
1.035467707328989517e+00
8.294783394284629963e-02
3.599360874777683683e-03
2.041272896998470171e-02
-1.482645113884699883e+00
5.739386493005224743e+00
-1.270943928226820452e+00
-3.382565579274627310e-01
1.279271364120446508e+00
-2.205438448504820070e-01
-9.050995721891753887e-02
2.812856864505948115e-02
-1.148545143886902167e-02
2.955795783418905254e-01
-1.155906518900672530e+00
2.471084222940406749e-01
4.102920922494970313e-01
-4.038572357999013762e-02
-1.370923541788113612e-02
-4.365905878692240005e-01
2.072460682024861167e-02
-1.124696178450688977e-02
-1.616129381884866267e-02
-2.331984991965330156e-02
2.419586668882861558e-02
-3.521198970999021849e-02
2.224825519910721139e-01
-9.419028291178316303e-02
2.355784369571256587e-02
-4.835850217933625184e-03
6.183235541367591848e-03
-3.248158330823551487e-02
-1.290834152088528863e-01
8.597079694869845523e-02
-1.706294157730562158e-02
-8.656498593178141299e-02
1.090871597272853183e-01
2.155021670822564184e-03
1.827690769440141333e-02
-1.751229223273213786e-02
-6.825335444993491790e-03
8.467557684664327178e-02
-8.851449928280089030e-02
-4.365905878692240005e-01
2.355784369571256587e-02
2.155021670822564184e-03
4.718309853260150843e-01
-2.831364824119429746e-02
1.825927290951104981e-02
2.557113419492079015e-02
2.393038638746296937e-02
-1.591247845503528449e-02
2.072460682024861167e-02
-4.835850217933625184e-03
1.827690769440141333e-02
-2.714992447552761617e-02
5.480668782429893617e-03
-2.568774193617690688e-03
-5.512944942755979710e-03
8.278565392676604656e-03
-1.279898885863094311e-02
-1.124696178450688977e-02
6.183235541367591848e-03
-1.751229223273213786e-02
1.632956542724170457e-02
-4.535488510561094117e-03
3.886662209488295563e-03
4.221729743704993876e-03
-9.245065712226361448e-03
1.277803223144180315e-02
-1.616129381884866267e-02
-3.248158330823551487e-02
-6.825335444993491790e-03
2.557113419492079015e-02
-5.512944942755979710e-03
4.221729743704993876e-03
1.194655056048586628e-02
6.530304722249885563e-03
-3.514396462627676632e-02
-2.331984991965330156e-02
-1.290834152088528863e-01
8.467557684664327178e-02
2.393038638746296937e-02
8.278565392676604656e-03
-9.245065712226361448e-03
1.216755490224986219e-02
9.288182073890338675e-02
-8.192112171836064827e-02
2.419586668882861558e-02
8.597079694869845523e-02
-8.851449928280089030e-02
-1.591247845503528449e-02
-1.279898885863094311e-02
1.277803223144180315e-02
5.179465644806965918e-04
-7.619870608275647328e-02
7.403058601290962715e-02
4.489340332264887268e-01
4.619307436332181771e-03
1.281517261235956551e-02
-4.609062852670771093e-01
1.136309674980051296e-02
-1.779719082941251529e-02
-2.128931751483910395e-02
-7.040787287536051132e-03
8.876138826140697949e-03
-1.564779194667755523e-03
6.120455724416097587e-02
-5.683361892643145480e-02
-1.433883160618042467e-03
-1.280087880149810217e-02
1.888512131787797865e-02
3.291069634058969590e-03
-3.257657182649865979e-02
4.683827036499028929e-02
8.896524232979100694e-03
-6.136630603944697587e-02
6.176448886251285908e-02
-5.048439213464313118e-03
1.420377674555415963e-02
-2.088744920634269878e-02
-5.841613167122469349e-03
3.183977386849665830e-02
-4.617482598684870265e-02
-4.609062852670771093e-01
-1.433883160618042467e-03
-5.048439213464313118e-03
4.826090451148694060e-01
8.799098233878207154e-04
-1.008784070280139980e-03
2.112439461291042500e-03
2.654731458848078041e-03
-5.886294714979040631e-03
1.136309674980051296e-02
-1.280087880149810217e-02
1.420377674555415963e-02
-4.274007826121837520e-04
1.509313809738317518e-02
-2.143085632259895609e-02
-2.363813417721652432e-02
-4.729428564902717850e-04
-3.186913845439809292e-03
-1.779719082941251529e-02
1.888512131787797865e-02
-2.088744920634269878e-02
2.442821419539751432e-03
-2.143188352202978278e-02
3.044988575387130164e-02
3.333312340928828305e-02
2.133544668342354572e-04
5.129166233347946975e-03
-2.128931751483910395e-02
3.291069634058969590e-03
-5.841613167122469349e-03
2.112439461291042500e-03
-2.363813417721652432e-02
3.333312340928828305e-02
4.259954205687786072e-02
1.308656703396948381e-02
-1.787478290286045185e-02
-7.040787287536051132e-03
-3.257657182649865979e-02
3.183977386849665830e-02
2.654731458848078041e-03
-4.729428564902717850e-04
2.133544668342354572e-04
1.171908563530280403e-02
2.161956953966168854e-02
-3.279371515471468657e-02
8.876138826140697949e-03
4.683827036499028929e-02
-4.617482598684870265e-02
-5.886294714979040631e-03
-3.186913845439809292e-03
5.129166233347946975e-03
-9.705903804239864041e-03
-2.882205649089851496e-02
3.940255714365959588e-02
4.771718089925011119e-01
-2.414758604833077207e-03
9.728190077875330591e-03
-4.823729970153669000e-01
7.304077253376754439e-03
-1.161607385475732675e-02
-1.976905865394642040e-02
-1.215422431951644101e-02
1.866193599477537074e-02
-9.577585140833034041e-03
4.324015505098056239e-02
-5.465015799683934500e-02
1.230845001711586111e-02
-6.985079656533131620e-03
1.179160748674242670e-02
-6.238182764151356877e-03
-3.410547321932853176e-02
5.215221111722339459e-02
7.679239242751967863e-03
-5.903851863099977143e-02
8.075865956769984200e-02
-1.195485754467746214e-02
8.528828000931198278e-03
-1.444013289721488708e-02
1.050029327261415429e-02
4.716823609401381290e-02
-7.162971929176439878e-02
-4.823729970153669000e-01
1.230845001711586111e-02
-1.195485754467746214e-02
4.918572463466561739e-01
2.699667705633313278e-03
1.679094445546491093e-03
7.755075184902579521e-03
7.626350102449284789e-03
-1.511964336296068266e-02
7.304077253376754439e-03
-6.985079656533131620e-03
8.528828000931198278e-03
-1.402486791700021393e-03
1.126671604090120037e-02
-1.923092309755594642e-02
-1.785583496244816382e-02
1.234954553139234849e-03
-7.207431695315741869e-03
-1.161607385475732675e-02
1.179160748674242670e-02
-1.444013289721488708e-02
1.879969349298381016e-03
-1.864362975592533112e-02
3.085252506200209313e-02
2.943225656053794978e-02
-2.261552219504906012e-03
1.224341953163196259e-02
-1.976905865394642040e-02
-6.238182764151356877e-03
1.050029327261415429e-02
7.755075184902579521e-03
-1.785583496244816382e-02
2.943225656053794978e-02
3.622883366639707142e-02
7.829601451809435619e-03
-1.143530564591677123e-02
-1.215422431951644101e-02
-3.410547321932853176e-02
4.716823609401381290e-02
7.626350102449284789e-03
1.234954553139234849e-03
-2.261552219504906012e-03
1.325593038347609200e-02
2.933574632872343324e-02
-4.551836854958919015e-02
1.866193599477537074e-02
5.215221111722339459e-02
-7.162971929176439878e-02
-1.511964336296068266e-02
-7.207431695315741869e-03
1.224341953163196259e-02
-1.044212541742370499e-02
-4.272945462928281340e-02
6.489465132938486425e-02
-5.100089756722657741e-01
-2.908544512541749505e+00
5.824490206664468817e-01
2.994443555970341397e-02
6.462908485411833492e-01
-1.292571553906700366e-01
2.051965173879380100e-01
1.723465472752500727e+00
-4.031401084552194147e-01
-2.995656118247749244e+00
7.726829143183438831e+00
-1.305374803571723197e+00
7.934240928084304589e-02
4.027565725868714197e-01
-9.828518260910469595e-02
2.261758345651045499e+00
-7.131396829278448202e+00
1.343212045084094086e+00
5.134479503306325077e-01
-1.273897063173478283e+00
1.990539271899411933e-01
-1.197227869692905726e-02
-6.935134173974864813e-02
3.555549371827011751e-02
-3.839562645464071333e-01
1.185238413360933718e+00
-2.230512421810690038e-01
2.994443555970341397e-02
7.934240928084304589e-02
-1.197227869692905726e-02
-1.698205813405906373e-03
-2.686726336729769460e-02
2.617403151237079201e-03
-1.634641290234563338e-02
-3.495291082821228718e-02
9.558731945783105477e-03
6.462908485411833492e-01
4.027565725868714197e-01
-6.935134173974864813e-02
-2.609981926963117482e-02
-3.681179933609354249e-01
6.607886829546839869e-02
-4.025630848386817506e-01
1.298331165646054441e-01
1.368079833941969470e-02
-1.292571553906700366e-01
-9.828518260910469595e-02
3.555549371827011751e-02
2.123336054522920874e-03
6.479410424074727448e-02
-4.367310890221692138e-02
7.699244296280578770e-02
-9.219733210206089435e-03
-4.946391565083134434e-03
2.051965173879380100e-01
2.261758345651045499e+00
-3.839562645464071333e-01
-1.634641290234563338e-02
-4.025630848386817506e-01
7.699244296280578770e-02
-3.871822658892508373e-02
-1.724934322416170174e+00
-2.294806131814080413e-02
1.723465472752500727e+00
-7.131396829278448202e+00
1.185238413360933718e+00
-3.495291082821228718e-02
1.298331165646054441e-01
-9.219733210206089435e-03
-1.412902323559169560e+00
5.932387838068762242e+00
-1.218901895141045300e+00
-4.031401084552194147e-01
1.343212045084094086e+00
-2.230512421810690038e-01
9.558731945783105477e-03
1.368079833941969470e-02
-4.946391565083134434e-03
3.170663585728280554e-01
-1.166480135022980535e+00
2.252191660427850517e-01
2.736602382956072055e-01
-4.545087190534291000e-01
8.716445588922697163e-02
-3.525641696484830834e-01
9.113007741852424681e-02
-3.443996221483318354e-02
-1.516489214976266264e-01
2.641939828868407059e-01
-1.851434736407850945e-01
-5.241718596640960737e-01
1.920541405209576835e+00
-7.152719159921732128e-01
3.054368031114588003e-02
-1.389331480876007142e-03
5.590304657684421179e-04
3.190628588615300187e-01
-1.287154165963283914e+00
4.210429026063999269e-01
1.759147542309101586e-01
-5.887455596241772948e-01
1.760120023517231513e-01
5.485845313689837605e-03
-1.185835848921509839e-02
4.518418806154349612e-03
-1.019463337269553571e-01
4.011049448579471211e-01
-1.259649222479520270e-01
-3.525641696484830834e-01
3.054368031114588003e-02
5.485845313689837605e-03
4.235890841535883133e-01
-3.063136818613843015e-02
1.680141230777280198e-02
1.453902985470309217e-01
6.222521399242880030e-02
9.233781388808494361e-02
9.113007741852424681e-02
-1.389331480876007142e-03
-1.185835848921509839e-02
-3.786994359847174058e-02
-2.066724512295840463e-02
2.933802194771861077e-03
-3.267702717379318555e-02
1.488442038376357841e-03
-7.743916808900319984e-03
-3.443996221483318354e-02
5.590304657684421179e-04
4.518418806154349612e-03
1.388086431600524424e-02
7.986282759053742533e-03
-3.084924434262327660e-03
1.232528043056505158e-02
-7.149697388817510086e-04
2.845427717140695117e-03
-1.516489214976266264e-01
3.190628588615300187e-01
-1.019463337269553571e-01
1.453902985470309217e-01
-3.267702717379318555e-02
1.232528043056505158e-02
8.308579253591449887e-02
-1.757087958422643426e-01
4.893117457188532471e-02
2.641939828868407059e-01
-1.287154165963283914e+00
4.011049448579471211e-01
6.222521399242880030e-02
1.488442038376357841e-03
-7.149697388817510086e-04
-1.798331412272644036e-01
8.761878939641177810e-01
-2.891573242615441131e-01
-1.851434736407850945e-01
4.210429026063999269e-01
-1.259649222479520270e-01
9.233781388808494361e-02
-7.743916808900319984e-03
2.845427717140695117e-03
9.853365140629077867e-02
-2.655191324698196187e-01
1.096387701440830753e-01
4.698262509296533551e-01
-3.860569563836637429e-03
-6.106376774550309472e-03
-4.621392397643435124e-01
2.167722132082516504e-02
-2.749246227782627464e-02
-3.966491952196166126e-02
-2.096862329653257154e-02
2.263329532371465350e-02
6.094603184965737691e-04
1.008809034752369271e-01
-9.841697710313042358e-02
-2.673271985375927622e-03
-1.952609259123540969e-02
2.382530006440859716e-02
5.897590898293854963e-04
-6.492297951880202089e-02
7.710825645809525619e-02
7.267367505526504609e-03
-9.270903001054260628e-02
8.584644899442187005e-02
-9.286852660854284444e-03
1.552059723411552787e-02
-1.887937000986102121e-02
4.087901971115994598e-03
6.197038031523973561e-02
-7.296581463767629061e-02
-4.621392397643435124e-01
-2.673271985375927622e-03
-9.286852660854284444e-03
4.862640947515923240e-01
6.694553579770338731e-04
-2.647391441181254964e-03
-2.392480765011924249e-03
1.231327568289050742e-03
-4.498310297605243556e-03
2.167722132082516504e-02
-1.952609259123540969e-02
1.552059723411552787e-02
8.842051576437120987e-04
1.981564762102122276e-02
-2.531358369087629429e-02
-3.047889201718159344e-02
-2.671697147306974999e-03
-5.633313354828290483e-04
-2.749246227782627464e-02
2.382530006440859716e-02
-1.887937000986102121e-02
-6.472655116505815530e-04
-2.463606988479089682e-02
3.063201551894589175e-02
3.805433581505444918e-02
3.694504499556943052e-03
2.751494012184365441e-04
-3.966491952196166126e-02
5.897590898293854963e-04
4.087901971115994598e-03
-2.392480765011924249e-03
-3.047889201718159344e-02
3.805433581505444918e-02
5.750507074164065702e-02
3.290074361134765618e-02
-3.155580457160988422e-02
-2.096862329653257154e-02
-6.492297951880202089e-02
6.197038031523973561e-02
1.231327568289050742e-03
-2.671697147306974999e-03
3.694504499556943052e-03
2.847402863601434034e-02
5.626124539538843172e-02
-6.326063344258743559e-02
2.263329532371465350e-02
7.710825645809525619e-02
-7.296581463767629061e-02
-4.498310297605243556e-03
-5.633313354828290483e-04
2.751494012184365441e-04
-2.673302354722921839e-02
-6.326950304836517769e-02
7.181509758520636388e-02
4.707939223071590518e-01
-1.349202931230391797e-02
1.394250431553423902e-02
-4.656041361874677098e-01
9.740772020848383755e-03
-1.297474745847699423e-02
-2.197335477492799727e-02
-6.162914133693757693e-03
9.444054925599047398e-03
-7.512383552303970001e-03
3.345683977267546738e-02
-3.642380844347062330e-02
3.225072608682584205e-03
-7.409058462409537360e-03
1.345122792050544927e-02
2.056767722024000628e-03
-2.112630631930619007e-02
3.302246735743489398e-02
1.638975544388085459e-02
-4.176914561761424505e-02
5.275027090287515846e-02
-8.771925140261947751e-03
1.154637662850073639e-02
-2.051311456962534585e-02
-6.595695683409033734e-03
2.552717717647548512e-02
-4.024235396544478122e-02
-4.656041361874677098e-01
3.225072608682584205e-03
-8.771925140261947751e-03
4.707231176625739089e-01
2.861820186728746777e-03
-5.047276762682666000e-03
5.154224396940544455e-03
5.748295425470013875e-03
-1.029005600747089251e-02
9.740772020848383755e-03
-7.409058462409537360e-03
1.154637662850073639e-02
8.864702467287431100e-04
1.126998489386633537e-02
-1.910562237916770684e-02
-1.699192580236779868e-02
1.503252741955501872e-03
-3.827526108596063497e-03
-1.297474745847699423e-02
1.345122792050544927e-02
-2.051311456962534585e-02
-4.603307387829952239e-03
-1.872631904186553703e-02
3.118423602960509328e-02
2.781661733145163184e-02
-3.359135397007176772e-03
7.674817462486851344e-03
-2.197335477492799727e-02
2.056767722024000628e-03
-6.595695683409033734e-03
5.154224396940544455e-03
-1.699192580236779868e-02
2.781661733145163184e-02
2.865102926644769177e-02
4.718380345861146463e-03
-6.574474804874538836e-03
-6.162914133693757693e-03
-2.112630631930619007e-02
2.552717717647548512e-02
5.748295425470013875e-03
1.503252741955501872e-03
-3.359135397007176772e-03
4.290295241527814635e-03
1.453417426554041124e-02
-2.482572969691999865e-02
9.444054925599047398e-03
3.302246735743489398e-02
-4.024235396544478122e-02
-1.029005600747089251e-02
-3.827526108596063497e-03
7.674817462486851344e-03
-4.185663456425775704e-03
-2.224975775726760474e-02
3.427529818326252586e-02
1.185144335771166624e+00
-7.747117069268104617e-01
2.887099751849889762e-01
-9.340120467584415165e-01
7.080125581035658089e-02
-2.218184245712953584e-02
3.724138548992066977e-01
8.464794589055233409e-01
-1.819675257822755687e-01
-9.023096079108109402e-01
2.504871477557059745e+00
-3.605273496762070318e-01
-7.029128773460879831e-02
9.666173107096016903e-02
-1.073496502685146632e-02
5.339972509504928855e-01
-2.510125354423789368e+00
7.083624844203478821e-01
1.762020035912301996e-01
-3.295367453842757977e-01
4.364689972676658730e-02
-4.474333592615661881e-02
3.481405658322877031e-03
2.644063868076072278e-04
-4.802708539758956258e-02
3.213440456137570678e-01
-9.720152409797050419e-02
-9.340120467584415165e-01
-7.029128773460879831e-02
-4.474333592615661881e-02
1.043020415505804266e+00
-1.501245435822873009e-01
9.159202753901505428e-03
-6.005610859423646808e-01
1.491713129419953432e-01
-7.609528111699101482e-02
7.080125581035658089e-02
9.666173107096016903e-02
3.481405658322877031e-03
-1.466125988239539435e-01
-6.821281604698869322e-03
-2.590896765416944580e-02
1.299320908341901615e-01
-9.101691713562053143e-02
5.924360090819966174e-02
-2.218184245712953584e-02
-1.073496502685146632e-02
2.644063868076072278e-04
2.766032589235642089e-02
-5.140534629380539428e-03
7.357055737463707437e-04
-1.679699275977355327e-02
1.334569944400719639e-02
-3.764272508940423589e-03
3.724138548992066977e-01
5.339972509504928855e-01
-4.802708539758956258e-02
-6.005610859423646808e-01
1.299320908341901615e-01
-1.679699275977355327e-02
4.167545551635485346e-01
-5.641492678355218837e-01
9.931393662983346859e-02
8.464794589055233409e-01
-2.510125354423789368e+00
3.213440456137570678e-01
1.491713129419953432e-01
-9.101691713562053143e-02
1.334569944400719639e-02
-5.950023919685215601e-01
2.512149896242806602e+00
-8.998890217256811930e-01
-1.819675257822755687e-01
7.083624844203478821e-01
-9.720152409797050419e-02
-7.609528111699101482e-02
5.924360090819966174e-02
-3.764272508940423589e-03
1.601275403807530806e-01
-7.273654195752136120e-01
1.842177857845483935e-01
8.993797421447498053e-01
-8.046316219489910715e-01
4.075054650207792228e-01
-6.390282531334507965e-01
9.766138679544020262e-02
-1.682005451929489970e-02
2.091369345669575885e-01
9.011747671683564276e-01
-2.533087484886490381e-01
-8.631367784263246357e-01
2.873136975200048404e+00
-4.401704740290305340e-01
-1.125558655938504043e-01
1.015831484990657729e-01
-1.204165500713902208e-02
6.895816431648419398e-01
-2.852481525318062872e+00
8.362416305478103107e-01
2.682458221560009015e-01
-4.236333379269335841e-01
3.291648951081903585e-01
-2.467062948679023954e-02
1.713505142714458543e-02
1.775021004284899062e-02
-9.363420808682181018e-02
4.880612285169041442e-01
-1.639693119184173487e-01
-6.390282531334507965e-01
-1.125558655938504043e-01
-2.467062948679023954e-02
7.602107004995067863e-01
-1.266181635935752225e-01
2.294667669961881692e-02
-5.025777205227311972e-01
9.143392082075917082e-02
-4.880994953811225445e-02
9.766138679544020262e-02
1.015831484990657729e-01
1.713505142714458543e-02
-1.369577375195750735e-01
2.932382520120999786e-02
-1.644025709422237969e-02
1.063687037592576101e-01
-9.104211812121409952e-02
2.848585800206391433e-02
-1.682005451929489970e-02
-1.204165500713902208e-02
1.775021004284899062e-02
3.124666198731382294e-02
-4.181194697731040535e-03
2.482247546138982922e-03
-2.345084043918712127e-02
1.555857895753626902e-02
-6.931920812981284125e-03
2.091369345669575885e-01
6.895816431648419398e-01
-9.363420808682181018e-02
-5.025777205227311972e-01
1.063687037592576101e-01
-2.345084043918712127e-02
4.659538547770337713e-01
-6.074563916772094396e-01
1.752109311537552727e-01
9.011747671683564276e-01
-2.852481525318062872e+00
4.880612285169041442e-01
9.143392082075917082e-02
-9.104211812121409952e-02
1.555857895753626902e-02
-6.763409854392092857e-01
2.849174889850135450e+00
-9.836252713790369917e-01
-2.533087484886490381e-01
8.362416305478103107e-01
-1.639693119184173487e-01
-4.880994953811225445e-02
2.848585800206391433e-02
-6.931920812981284125e-03
2.136210853391214692e-01
-8.402242555248230493e-01
2.502600738040260397e-01
4.414072792815681434e-01
1.053671570813381536e-03
6.975535331896512425e-02
-4.322704609025974642e-01
-1.206409936013169530e-02
1.020696098293200418e-02
-5.297032405638864988e-02
8.728686549867711864e-02
-6.066210975603390787e-02
-3.342672217485326280e-02
4.056683650165511246e-01
-2.243728087757692335e-01
-1.542531004385433793e-02
-1.957152096239511002e-02
1.464180827799324569e-02
7.535707285102513642e-02
-4.330250575926302692e-01
1.192320930895089670e-01
7.869337417665252243e-02
-1.970027312404434017e-01
1.517384815110401908e-01
-1.189058007295793959e-03
-1.177669089244495239e-02
8.413748836389853616e-03
-9.313586380907080964e-02
2.330902181910647908e-01
-9.959444225922711724e-02
-4.322704609025974642e-01
-1.542531004385433793e-02
-1.189058007295793959e-03
4.887386998074576550e-01
-7.484651297080724755e-03
7.521294101630913304e-03
-1.274636860494355976e-02
-1.715953581833273497e-02
6.965285490698816528e-03
-1.206409936013169530e-02
-1.957152096239511002e-02
-1.177669089244495239e-02
-7.480833885414086767e-03
9.294112390201777346e-03
-8.799997438985730086e-03
1.826542612960161890e-02
1.294880345683271580e-02
9.952676774798070031e-03
1.020696098293200418e-02
1.464180827799324569e-02
8.413748836389853616e-03
3.793494917052076323e-03
-6.758441378139287692e-03
4.920435565224879834e-03
-1.319338624263692930e-02
-9.733264827516649106e-03
-7.170185675954381804e-03
-5.297032405638864988e-02
7.535707285102513642e-02
-9.313586380907080964e-02
-1.274636860494355976e-02
1.826542612960161890e-02
-1.319338624263692930e-02
7.172772711685229674e-02
-8.762138915628805980e-02
3.943454508463964392e-02
8.728686549867711864e-02
-4.330250575926302692e-01
2.330902181910647908e-01
-1.715953581833273497e-02
1.294880345683271580e-02
-9.733264827516649106e-03
-1.022810574766214314e-01
4.733604656817024803e-01
-1.354897905262277269e-01
-6.066210975603390787e-02
1.192320930895089670e-01
-9.959444225922711724e-02
6.965285490698816528e-03
9.952676774798070031e-03
-7.170185675954381804e-03
6.399848758767918977e-02
-1.445401337090208016e-01
6.609840436584607515e-02
4.740093926903127808e-01
-1.036969267969680558e-02
2.612707502565417630e-02
-4.708730359450555292e-01
5.854005542940530875e-03
-1.451478361431619846e-02
-5.324240273738949092e-03
4.578597852066121875e-03
-1.100114263667627788e-02
-1.049087677869690524e-02
-3.586570737306270370e-04
1.392486028137220706e-03
7.452233474722514284e-04
-4.375029943392692855e-03
1.062402731996049156e-02
9.864190289349615559e-03
5.074629061328729193e-03
-1.211919090210920869e-02
2.600711939563315686e-02
1.121144474019880556e-03
-3.335423249991710613e-03
-2.259857426640319959e-03
1.057265115350717807e-02
-2.567470832374779341e-02
-2.402824035235742034e-02
-1.253104555948576435e-02
2.992544156608769115e-02
-4.708730359450555292e-01
7.452233474722514284e-04
-2.259857426640319959e-03
4.702546940332362757e-01
-1.213097631761751206e-03
3.270529307968102293e-03
2.395778515521710273e-03
6.710038063670793231e-04
-1.496072576070433310e-03
5.854005542940530875e-03
-4.375029943392692855e-03
1.057265115350717807e-02
-1.196696129095077424e-03
3.721485484892611377e-03
-9.223349694083719796e-03
-4.891859676751050302e-03
6.055426540270880589e-04
-1.427889931617141615e-03
-1.451478361431619846e-02
1.062402731996049156e-02
-2.567470832374779341e-02
3.224649219298636547e-03
-9.028495358827739320e-03
2.190374597414261604e-02
1.186062252257772016e-02
-1.479478876091314945e-03
3.489010420619586758e-03
-5.324240273738949092e-03
9.864190289349615559e-03
-2.402824035235742034e-02
2.395778515521710273e-03
-4.891859676751050302e-03
1.186062252257772016e-02
3.355501671256882427e-03
-4.868301472413499170e-03
1.150246877746808130e-02
4.578597852066121875e-03
5.074629061328729193e-03
-1.253104555948576435e-02
6.710038063670793231e-04
6.055426540270880589e-04
-1.479478876091314945e-03
-5.121811741080168137e-03
-5.987143523286760603e-03
1.326907043638255596e-02
-1.100114263667627788e-02
-1.211919090210920869e-02
2.992544156608769115e-02
-1.496072576070433310e-03
-1.427889931617141615e-03
3.489010420619586758e-03
1.219189244506642227e-02
1.427888248954538308e-02
-3.405395463207420287e-02
-3.803440143971925647e-01
-2.927422467420249141e+00
6.523496561645721892e-01
-4.350535563893416502e-02
7.642694087336296960e-01
-1.352069895104076047e-01
2.174450415323080088e-01
1.648989323617781499e+00
-3.625836373313273686e-01
-2.843975412873914976e+00
6.893886003175613730e+00
-1.121525014569421552e+00
1.779697214200380573e-01
4.464702077125354829e-01
-8.718953632237431972e-02
2.344607377714344132e+00
-6.764745243400388297e+00
1.413848356748520274e+00
5.099369344354220956e-01
-1.057699744735440817e+00
1.680186172739735750e-01
2.944593940801900830e-02
-1.422436757800482621e-01
2.877493981162936032e-02
-4.134289320171128379e-01
1.119815461786299648e+00
-2.504475222166355208e-01
-4.350535563893416502e-02
1.779697214200380573e-01
2.944593940801900830e-02
3.707273009487065951e-01
-2.059895593830191052e-01
4.471162356554350681e-02
5.294771936469375856e-02
2.287821336467936451e-02
-1.132056169567030868e-01
7.642694087336296960e-01
4.464702077125354829e-01
-1.422436757800482621e-01
-1.883792712630190103e-01
-4.601366625007373146e-01
6.561304112978368075e-02
-5.789394691659029979e-01
1.719542818945697660e-01
2.889102949841160922e-02
-1.352069895104076047e-01
-8.718953632237431972e-02
2.877493981162936032e-02
4.699530274349746073e-02
7.609438182747992052e-02
-1.199985010017849338e-02
1.027846701360589643e-01
-1.824390095549102003e-02
-1.179301346680807459e-02
2.174450415323080088e-01
2.344607377714344132e+00
-4.134289320171128379e-01
5.294771936469375856e-02
-5.789394691659029979e-01
1.027846701360589643e-01
-1.053395729247417617e-01
-1.634982837423859747e+00
7.681489847391835546e-02
1.648989323617781499e+00
-6.764745243400388297e+00
1.119815461786299648e+00
2.287821336467936451e-02
1.719542818945697660e-01
-1.824390095549102003e-02
-1.422789906388189030e+00
5.883015261527985373e+00
-1.150560009441773612e+00
-3.625836373313273686e-01
1.413848356748520274e+00
-2.504475222166355208e-01
-1.132056169567030868e-01
2.889102949841160922e-02
-1.179301346680807459e-02
3.065296871984710125e-01
-1.294813332193357258e+00
3.163112119825316482e-01
4.424421471043868404e-01
-3.592132509595677772e-03
2.058911498233662388e-02
-4.574544331031214495e-01
4.573896301941702582e-03
-3.440885968336880162e-03
-1.428647719726857009e-02
-1.122960646391511948e-02
1.629799067317285258e-02
8.848008960737674400e-03
3.356623794640620217e-02
-4.024670023803533087e-02
1.135563594378023386e-04
-6.327938963032843540e-03
1.144237266206252907e-02
5.670513522201712717e-04
-2.350469608815788231e-02
3.449904991529322701e-02
1.076200051854000854e-02
-4.140428516338538756e-02
5.241315445102400633e-02
-2.374490349403365202e-02
6.523478761287638920e-03
-1.194509107868190444e-02
9.942073392646447964e-04
2.961967765319292734e-02
-4.263057432593817669e-02
-4.574544331031214495e-01
1.135563594378023386e-04
-2.374490349403365202e-02
4.797628595224988635e-01
4.825895808751550073e-04
-2.218447937594954927e-03
5.555712608882678628e-03
1.716280391316385477e-03
-5.679729358862174900e-03
4.573896301941702582e-03
-6.327938963032843540e-03
6.523478761287638920e-03
-2.617974297915052562e-04
1.053707943106241274e-02
-1.730412482821597209e-02
-1.431372989044368653e-02
-7.313688305616028191e-04
-3.895045219781012157e-03
-3.440885968336880162e-03
1.144237266206252907e-02
-1.194509107868190444e-02
-3.025819265459964245e-03
-1.673144657161993593e-02
2.665724340172993811e-02
2.231492157392166165e-02
2.767743224892896432e-05
7.732490248175832165e-03
-1.428647719726857009e-02
5.670513522201712717e-04
9.942073392646447964e-04
5.555712608882678628e-03
-1.431372989044368653e-02
2.231492157392166165e-02
2.166577052172502169e-02
-3.504161914620331289e-03
-8.367898152459326763e-03
-1.122960646391511948e-02
-2.350469608815788231e-02
2.961967765319292734e-02
1.716280391316385477e-03
-7.313688305616028191e-04
2.767743224892896432e-05
7.469974335046326505e-03
1.931708874716151977e-02
-2.557595958817920553e-02
1.629799067317285258e-02
3.449904991529322701e-02
-4.263057432593817669e-02
-5.679729358862174900e-03
-3.895045219781012157e-03
7.732490248175832165e-03
-3.445494380222623686e-03
-2.561905118639693640e-02
3.625453091693145447e-02
4.642318661917676503e-01
-6.028846592099628907e-03
1.698789289622630594e-02
-4.284632358550156672e-01
8.369873374128734833e-03
-1.477399291707522794e-02
-1.828422255729719725e-02
-4.732843027684674464e-03
5.160431568358278022e-03
-1.496423554976632556e-02
1.774694129458158354e-02
-1.143603296705590633e-02
-7.142537915540821125e-03
-1.067793357361086944e-02
1.943172783988125416e-02
1.421990767260730530e-02
-3.088044435623982058e-03
6.909184102447498040e-03
2.253929094247725945e-02
-1.542283336208452246e-02
2.638849081991646861e-02
-2.771920709709785671e-02
1.158472103745720148e-02
-2.296529359079127822e-02
-1.238784493778851900e-02
7.583277636454195149e-03
-1.262507070088711436e-02
-4.284632358550156672e-01
-7.142537915540821125e-03
-2.771920709709785671e-02
4.688104221038663644e-01
7.774104744522238996e-04
1.857308237118517101e-03
1.333343675267281616e-04
-1.485592812296999184e-03
-8.184142008099736312e-05
8.369873374128734833e-03
-1.067793357361086944e-02
1.158472103745720148e-02
4.179744394522230851e-04
6.846050772452575220e-03
-1.306017826405780381e-02
-8.528333134181814018e-03
2.784995436524067072e-03
-5.415317527038712372e-03
-1.477399291707522794e-02
1.943172783988125416e-02
-2.296529359079127822e-02
2.464624836473897421e-03
-1.280242562026070140e-02
2.420461875604618118e-02
1.549829145187364005e-02
-5.824041906037036483e-03
1.088066765909200852e-02
-1.828422255729719725e-02
1.421990767260730530e-02
-1.238784493778851900e-02
1.333343675267281616e-04
-8.528333134181814018e-03
1.549829145187364005e-02
1.148238057734035644e-02
-6.548807739901374783e-03
3.113188211612320788e-03
-4.732843027684674464e-03
-3.088044435623982058e-03
7.583277636454195149e-03
-1.485592812296999184e-03
2.784995436524067072e-03
-5.824041906037036483e-03
-2.331459047234705432e-03
2.654965694219580709e-03
-3.172378243425432159e-03
5.160431568358278022e-03
6.909184102447498040e-03
-1.262507070088711436e-02
-8.184142008099736312e-05
-5.415317527038712372e-03
1.088066765909200852e-02
5.327871757005752870e-03
-4.090082259454154434e-03
6.630340452366155143e-03
5.229907038671771646e-01
-7.015596464869165542e-03
2.873552741363792282e-02
-4.811185812611744606e-01
8.803322682044601930e-03
-2.092691373196229818e-02
-1.090154361336028409e-02
3.764214857577849113e-03
-8.330261523722884767e-03
-7.823825504202523012e-03
-3.886589106206633521e-04
-1.046692821758755335e-03
-3.109607625063755439e-03
-4.458980003870261291e-03
1.032720704036407117e-02
9.899915831505588792e-03
4.887944578614854783e-03
-1.143957449191602277e-02
3.064440385996096070e-02
3.580258032576363924e-04
9.314523063890289877e-04
-1.390876372483540631e-03
1.182617044047425646e-02
-2.739172399135596930e-02
-2.570741447821147524e-02
-1.214931818503288408e-02
2.841028802491653293e-02
-4.811185812611744606e-01
-3.109607625063755439e-03
-1.390876372483540631e-03
4.598416197080151258e-01
4.499332337796291357e-04
-5.258100555585172413e-04
-6.936314034853606827e-04
-8.590654874653343761e-04
8.192978879870858530e-04
8.803322682044601930e-03
-4.458980003870261291e-03
1.182617044047425646e-02
4.533549394462989615e-04
4.297277028879068796e-03
-1.007218910881295046e-02
-5.893086507525394611e-03
5.896302475230741445e-04
-1.692033900425399945e-03
-2.092691373196229818e-02
1.032720704036407117e-02
-2.739172399135596930e-02
-3.438235884863686219e-04
-9.870899041452801947e-03
2.267306641455206495e-02
1.346951839593128579e-02
-1.452859721321530205e-03
4.121164158965877865e-03
-1.090154361336028409e-02
9.899915831505588792e-03
-2.570741447821147524e-02
-6.936314034853606827e-04
-5.893086507525394611e-03
1.346951839593128579e-02
5.234191437482885872e-03
-4.881313143388646414e-03
1.456385315774140141e-02
3.764214857577849113e-03
4.887944578614854783e-03
-1.214931818503288408e-02
-8.590654874653343761e-04
5.896302475230741445e-04
-1.452859721321530205e-03
-4.942117929388647850e-03
-5.918402268612299628e-03
1.466286334370270859e-02
-8.330261523722884767e-03
-1.143957449191602277e-02
2.841028802491653293e-02
8.192978879870858530e-04
-1.692033900425399945e-03
4.121164158965877865e-03
1.224314622995547816e-02
1.417167244965028029e-02
-3.391298579411066577e-02
4.202872527862501761e-01
-2.271751233108245532e-02
4.168298961990574841e-02
-4.172929776492605436e-01
-1.505970494063131604e-02
1.203311304411647242e-02
-7.329616718820888832e-02
7.397476717808706970e-02
-5.851712436747408264e-02
-1.149780907774918329e-02
2.527068837980939175e-01
-1.006854113906899689e-01
4.599076462029046825e-02
-3.542316083419046191e-02
2.550714486091575084e-02
-3.814595638503785052e-02
-3.767476655061284818e-01
-1.086737363096004355e-01
6.590385643079421651e-02
-9.911198818463325122e-02
6.620415738691275143e-02
-4.411999254204572452e-02
-2.713263442260744132e-03
2.291165541625317034e-03
-4.427383868502627468e-02
2.420970211239354963e-01
3.694702169200034247e-02
-4.172929776492605436e-01
4.599076462029046825e-02
-4.411999254204572452e-02
4.844549451659210249e-01
-2.124333530185732594e-02
7.338834054512037922e-03
-2.382787109087293465e-02
3.760621539399283675e-02
4.980258241094548399e-02
-1.505970494063131604e-02
-3.542316083419046191e-02
-2.713263442260744132e-03
-1.670138511852395369e-02
1.656486804712934899e-02
-1.375482856051347957e-02
4.558315726337759666e-02
-1.585488235992888600e-02
1.496935020137694743e-02
1.203311304411647242e-02
2.550714486091575084e-02
2.291165541625317034e-03
1.115867732095658996e-02
-1.210131355996128116e-02
8.843513329054735611e-03
-3.346557057946539238e-02
1.234403714979761223e-02
-1.092660943101265644e-02
-7.329616718820888832e-02
-3.814595638503785052e-02
-4.427383868502627468e-02
-2.382787109087293465e-02
4.558315726337759666e-02
-3.346557057946539238e-02
1.460763676448944282e-01
-1.828211874534553250e-01
-2.553071885241896544e-01
7.397476717808706970e-02
-3.767476655061284818e-01
2.420970211239354963e-01
3.760621539399283675e-02
-1.585488235992888600e-02
1.234403714979761223e-02
-1.794974077777886090e-01
9.725807357125945130e-01
-2.551729019257778508e-01
-5.851712436747408264e-02
-1.086737363096004355e-01
3.694702169200034247e-02
4.980258241094548399e-02
1.496935020137694743e-02
-1.092660943101265644e-02
1.826315032304531849e-02
1.703300640471139549e-01
5.703715759776688959e-02
4.537288879340622971e-01
1.147651352244469410e-02
3.376658962531030404e-03
-4.679809750182193362e-01
1.180944094674326629e-02
-1.889126357471180087e-02
-1.955104108110101296e-02
-8.856053772113960457e-03
1.042651825105052332e-02
1.563449046211141946e-02
5.862771170245116570e-02
-5.376242126168125079e-02
-1.295499286378166796e-02
-1.179798492642333482e-02
1.785058696979144668e-02
1.753072635306413430e-03
-3.335790756844360383e-02
4.442782784072542984e-02
8.521179494038464905e-03
-5.679633712868080442e-02
5.709246697134789245e-02
-9.008378245123724315e-03
1.541886129165761024e-02
-2.312835267800963934e-02
-9.026166888279707132e-03
3.007260332157176905e-02
-4.148034902963824294e-02
-4.679809750182193362e-01
-1.295499286378166796e-02
-9.008378245123724315e-03
4.930316923673231377e-01
4.589148958527852285e-04
2.954078027813439658e-03
-1.748059687654057986e-03
-5.597239209610633051e-04
-2.605359044456538077e-03
1.180944094674326629e-02
-1.179798492642333482e-02
1.541886129165761024e-02
-1.595029282480541540e-03
1.531010532455146303e-02
-2.172021744707394036e-02
-2.538991921598409557e-02
-2.008031468424833176e-03
-2.638572426369115848e-03
-1.889126357471180087e-02
1.785058696979144668e-02
-2.312835267800963934e-02
4.365229297717574536e-03
-2.220967607770247057e-02
3.223996809715872630e-02
3.652349440804008446e-02
2.344683066216975229e-03
4.500212534548115803e-03
-1.955104108110101296e-02
1.753072635306413430e-03
-9.026166888279707132e-03
-1.748059687654057986e-03
-2.538991921598409557e-02
3.652349440804008446e-02
4.869550120528779585e-02
1.285785725751896307e-02
-2.205985818979543447e-02
-8.856053772113960457e-03
-3.335790756844360383e-02
3.007260332157176905e-02
-5.597239209610633051e-04
-2.008031468424833176e-03
2.344683066216975229e-03
1.609052226551898127e-02
2.509615063553985448e-02
-3.405457988493185845e-02
1.042651825105052332e-02
4.442782784072542984e-02
-4.148034902963824294e-02
-2.605359044456538077e-03
-2.638572426369115848e-03
4.500212534548115803e-03
-1.104849245822829389e-02
-2.973081972515229099e-02
3.691263973936265153e-02
4.617160465058372520e-01
2.369022732901025427e-02
-2.448740061763093195e-02
-4.663556037910053242e-01
1.270670517313489747e-02
-2.109266282305507362e-02
-1.976741796302816656e-02
-1.145571229364025605e-02
1.707954881823788365e-02
1.426044609667688132e-02
4.372471959424220622e-02
-4.059531145567455562e-02
-3.024544531273533950e-03
-1.983081997735430986e-03
5.863404673687748828e-03
-6.677020191165649807e-03
-2.972743124787402200e-02
4.426732827567670531e-02
3.722348815298221186e-03
-4.888680569556164840e-02
5.645891132269519053e-02
-1.307336141249624065e-02
5.821810447293910423e-03
-1.262438065565555864e-02
1.615357982735474152e-03
3.260526177846296420e-02
-4.940669468501464323e-02
-4.663556037910053242e-01
-3.024544531273533950e-03
-1.307336141249624065e-02
4.873773922328182295e-01
-2.008945119738828923e-03
3.022905297436281544e-03
-6.729754622650427863e-04
1.769627866148659918e-03
-5.852820181252753155e-03
1.270670517313489747e-02
-1.983081997735430986e-03
5.821810447293910423e-03
-2.128934645738823385e-03
1.009993226491687907e-02
-1.723198455159286741e-02
-1.638078242090986597e-02
-4.684114516520346857e-04
-2.015918502557834981e-03
-2.109266282305507362e-02
5.863404673687748828e-03
-1.262438065565555864e-02
4.026235763676815765e-03
-1.706267843161346151e-02
2.897200691932866681e-02
2.709334483734823426e-02
-9.389383652162219037e-04
5.946361515127474365e-03
-1.976741796302816656e-02
-6.677020191165649807e-03
1.615357982735474152e-03
-6.729754622650427863e-04
-1.638078242090986597e-02
2.709334483734823426e-02
2.887569599003876608e-02
7.459515833320952936e-03
-1.147954429455822108e-02
-1.145571229364025605e-02
-2.972743124787402200e-02
3.260526177846296420e-02
1.769627866148659918e-03
-4.684114516520346857e-04
-9.389383652162219037e-04
7.574421760320949014e-03
2.054169493752731890e-02
-3.885489038521369037e-02
1.707954881823788365e-02
4.426732827567670531e-02
-4.940669468501464323e-02
-5.852820181252753155e-03
-2.015918502557834981e-03
5.946361515127474365e-03
-6.717982123429164405e-03
-3.009084018725407400e-02
4.483270228778275107e-02
5.076305875372776333e-01
6.538652940299939306e-04
1.703548924944046916e-02
-4.710794223017425453e-01
6.927492592536099985e-04
-1.447928701382120327e-02
1.557376958229615520e-02
3.367206793344573821e-03
-1.390126308423330313e-02
1.925751032202995330e-02
3.490205871338022264e-03
2.203315529906792886e-02
-7.853224327889103684e-04
-7.497597947049960965e-03
-3.315764374128438857e-03
5.760883448219845417e-04
-1.280719283559965220e-02
1.132096188430191733e-02
3.110997447025907678e-02
-5.138196285061950863e-03
-1.597945103514019499e-02
-1.809718966158824216e-02
-6.191543137808433808e-03
-3.019230804105137861e-03
-4.822881419979659773e-03
-2.062213139462994171e-02
2.431646632965766414e-02
-4.710794223017425453e-01
-7.853224327889103684e-04
-1.809718966158824216e-02
4.660021970813687520e-01
-1.187390710210002587e-02
7.972827220360302961e-03
-5.582246689706750822e-03
-5.417215108727922029e-03
5.609263111303464458e-03
6.927492592536099985e-04
-7.497597947049960965e-03
-6.191543137808433808e-03
-1.104605697643336673e-02
3.501616529084889112e-03
1.373678751798879799e-03
-4.152486374240774158e-03
-1.309191525935300433e-03
5.600355590014597512e-03
-1.447928701382120327e-02
-3.315764374128438857e-03
-3.019230804105137861e-03
9.364308687902112016e-03
1.383672581629986215e-03
9.709822316080838484e-04
-1.950072587490938019e-03
-3.291353148643741964e-04
2.203539742442301233e-03
1.557376958229615520e-02
5.760883448219845417e-04
-4.822881419979659773e-03
-5.582246689706750822e-03
-4.152486374240774158e-03
-1.950072587490938019e-03
-5.658831724562776548e-04
-1.039061806557603843e-02
-5.784816979156098132e-03
3.367206793344573821e-03
-1.280719283559965220e-02
-2.062213139462994171e-02
-5.417215108727922029e-03
-1.309191525935300433e-03
-3.291353148643741964e-04
-8.888243597242707211e-03
-1.800153829456824922e-02
1.037822552484534734e-02
-1.390126308423330313e-02
1.132096188430191733e-02
2.431646632965766414e-02
5.609263111303464458e-03
5.600355590014597512e-03
2.203539742442301233e-03
8.903520712411473401e-03
2.591250230871425947e-02
-3.328304109670771060e-02
-9.128886542885750188e-01
1.308645769585901342e-01
3.503443017276067772e-01
4.366810562601155521e-01
1.922280099094943531e-02
1.250806141794263138e-01
-1.778831927398717982e-01
2.272557936674890200e-01
3.069642170167648509e-01
-1.596283950910795668e-01
-2.020108835433930550e-01
-3.255670312280986023e-01
1.060500330832558624e-01
2.492896410970195209e+00
4.086788359192051523e+00
3.357326148070233912e-02
-2.841658271942137937e+00
-2.886806057172790041e+00
-6.500180562162550385e-03
2.925365041641453945e-01
-2.473980981277959859e-02
1.170042793483760946e-02
2.844425270687735985e-01
-1.948610520216859793e-02
8.374343162294073384e-02
4.110768768295717912e+00
3.537456975757697020e+00
6.156331914837982061e-02
-2.399216941666191705e+00
-1.976985644338567161e+00
1.057569940544657444e-01
-1.002906521961766384e-01
-9.007860168007462975e-02
-9.618317746730814521e-02
-7.230097187544604065e-02
-6.212407022895029274e-02
4.366810562601155521e-01
3.357326148070233912e-02
6.156331914837982061e-02
-1.021454586431117112e-01
-2.857113663795994296e-01
1.506973120911321018e-01
-6.512481354741013473e-02
-7.555753102592631387e-02
-7.219452726474047486e-05
-1.850414217393603691e-02
7.784139449167466751e-02
3.857519903110342985e-02
1.922280099094943531e-02
-2.841658271942137937e+00
-2.399216941666191705e+00
-1.134085013765993716e-01
1.658851111432210423e+00
1.339678124319729546e+00
4.262230130770709724e-02
4.116205663682172278e-02
-3.494928514382667634e-02
3.149898959251408448e-02
6.905137858306213683e-02
5.325877711213369142e-02
1.250806141794263138e-01
-2.886806057172790041e+00
-1.976985644338567161e+00
-9.531026384386785677e-02
1.326439761852396648e+00
9.494191535319164155e-01
-5.791242820573840738e-02
1.207841550038955686e-01
3.468565966347403329e-02
2.051753574322940851e-02
1.557652801968092415e-01
2.808577160768523442e-02
-1.778831927398717982e-01
-6.500180562162550385e-03
1.057569940544657444e-01
-6.512481354741013473e-02
4.262230130770709724e-02
-5.791242820573840738e-02
2.789724464279652594e-01
3.997137616498257218e-02
-1.826413621624758399e-01
-4.771112990514346508e-02
-1.193752206734873672e-02
6.425426655007887046e-03
2.272557936674890200e-01
2.925365041641453945e-01
-1.002906521961766384e-01
-7.555753102592631387e-02
4.116205663682172278e-02
1.207841550038955686e-01
8.564210939982584009e-03
-1.183381294047081700e-01
-4.191204431866261959e-02
1.704241158956959143e-02
-1.661247273218625919e-02
5.460591931873291782e-02
3.069642170167648509e-01
-2.473980981277959859e-02
-9.007860168007462975e-02
-7.219452726474047486e-05
-3.494928514382667634e-02
3.468565966347403329e-02
-1.862705272908594389e-01
-4.456656503646283518e-02
1.506352681444682040e-01
-2.503923182920936297e-02
3.858560420435803995e-02
1.962017033956502121e-02
-1.596283950910795668e-01
1.170042793483760946e-02
-9.618317746730814521e-02
-1.850414217393603691e-02
3.149898959251408448e-02
2.051753574322940851e-02
-4.771112990514346508e-02
1.704241158956959143e-02
-2.503923182920936297e-02
2.941354828294776569e-01
-8.243767019473352553e-03
1.993790986008255328e-01
-2.020108835433930550e-01
2.844425270687735985e-01
-7.230097187544604065e-02
7.784139449167466751e-02
6.905137858306213683e-02
1.557652801968092415e-01
-1.193752206734873672e-02
-1.661247273218625919e-02
3.858560420435803995e-02
2.181799172526603138e-03
-9.101474516231275458e-02
-2.651758873153074736e-02
-3.255670312280986023e-01
-1.948610520216859793e-02
-6.212407022895029274e-02
3.857519903110342985e-02
5.325877711213369142e-02
2.808577160768523442e-02
6.425426655007887046e-03
5.460591931873291782e-02
1.962017033956502121e-02
1.967085354318635904e-01
-2.676185007595575233e-02
1.481572708787418924e-01
3.210973901238768358e-01
-7.202295722155138691e-02
7.840575929790363774e-02
-2.768995233980948642e-02
1.516328857138839886e-02
-5.729673629660772538e-03
-1.270254737781837950e-01
-1.145680592682407758e-03
-1.396846187091394520e-01
-1.278140550161519784e-01
8.462117232400609423e-02
1.054971453006031401e-01
-7.790221642488473486e-02
3.843789495973040649e-01
5.549868523731307096e-02
-2.132985463453634239e-02
-2.307011182554968287e-01
6.843918626190693966e-02
1.162536229850790435e-02
-4.129023495330962773e-02
8.143917673723492442e-03
1.151225320110822875e-01
-1.219164163269835233e-01
-1.250988587117911055e-01
7.102897662991436434e-02
5.391077266773127569e-02
5.886483566893578878e-01
8.474368890881945823e-03
6.399559687908612515e-02
-7.807945425005237416e-02
-1.880661114332576322e-01
-9.903041311871318281e-03
-2.934857626942198872e-01
1.379015332900679347e-01
-1.117166469260792855e-01
-2.059446916795025784e-01
-2.768995233980948642e-02
-2.132985463453634239e-02
8.474368890881945823e-03
1.933798188153417613e-02
-1.386897371227996736e-02
5.627576002750598813e-03
-1.388898242228687151e-03
1.731831634131537553e-02
-9.209547307323078663e-03
-1.804314257401435457e-03
2.389442368164886726e-02
-6.173035208629672893e-03
1.516328857138839886e-02
-2.307011182554968287e-01
6.399559687908612515e-02
-6.704379239946665729e-03
2.139037146635409947e-01
-8.464666037983635538e-02
-7.457448001238201583e-03
5.270163814842417083e-03
3.751990650373315285e-05
-7.334186094540413176e-03
-1.184174776346744347e-02
8.381370817625154179e-03
-5.729673629660772538e-03
6.843918626190693966e-02
-7.807945425005237416e-02
8.151870113713094793e-04
-7.191793160558369868e-02
9.950084246375627550e-02
-4.363655605730095560e-03
4.005322918763808832e-02
-1.716429032339815072e-02
3.440198099016695881e-05
-2.881115667253538945e-02
6.108570360785534926e-03
-1.270254737781837950e-01
1.162536229850790435e-02
-1.880661114332576322e-01
-1.388898242228687151e-03
-7.457448001238201583e-03
-4.363655605730095560e-03
1.087547160478039981e-01
-1.790575693027645493e-02
1.625130420842902657e-01
6.454259535267111401e-03
-1.263881373216035886e-03
1.429442992441527782e-02
-1.145680592682407758e-03
-4.129023495330962773e-02
-9.903041311871318281e-03
1.731831634131537553e-02
5.270163814842417083e-03
4.005322918763808832e-02
-1.527163614594310125e-02
5.049746243149634550e-02
-5.621293775151075568e-03
-1.338023947024771787e-02
5.111413682546501504e-03
-1.860091321734833048e-02
-1.396846187091394520e-01
8.143917673723492442e-03
-2.934857626942198872e-01
-9.209547307323078663e-03
3.751990650373315285e-05
-1.716429032339815072e-02
1.636474301771640438e-01
-6.414819957977613459e-03
3.304438837663924988e-01
-1.719181838525461054e-02
-4.220746390465717965e-03
-2.925345399510731123e-02
-1.278140550161519784e-01
1.151225320110822875e-01
1.379015332900679347e-01
-1.804314257401435457e-03
-7.334186094540413176e-03
3.440198099016695881e-05
6.454259535267111401e-03
-1.338023947024771787e-02
-1.719181838525461054e-02
1.229432012083981340e-01
-1.150121417624623277e-01
-1.267943477320989387e-01
8.462117232400609423e-02
-1.219164163269835233e-01
-1.117166469260792855e-01
2.389442368164886726e-02
-1.184174776346744347e-02
-2.881115667253538945e-02
-1.263881373216035886e-03
5.111413682546501504e-03
-4.220746390465717965e-03
-1.183733533227956936e-01
1.619431890935595919e-01
1.318444678860375696e-01
1.054971453006031401e-01
-1.250988587117911055e-01
-2.059446916795025784e-01
-6.173035208629672893e-03
8.381370817625154179e-03
6.108570360785534926e-03
1.429442992441527782e-02
-1.860091321734833048e-02
-2.925345399510731123e-02
-1.254987880200422457e-01
1.344539005937386011e-01
2.236742724777849300e-01
2.731049257295729005e-01
-9.831600681795973906e-02
5.580198700252189670e-02
-2.331044793754637537e-02
1.444732371306860219e-02
-4.683842838277637970e-03
-1.316048512405568749e-01
1.520750040114230220e-02
-1.451826296942780037e-01
-1.342595194797144009e-01
8.092662639333590702e-02
1.234139610128608955e-01
-1.073884151539597487e-01
2.025365332692222742e-01
9.026722489379036818e-02
-2.016253491039032147e-02
-4.332944721781543246e-02
1.883258782575353112e-04
2.530938557562337557e-02
-4.726136826331456264e-02
3.123564472259934485e-02
1.095323126971351896e-01
-1.198170208802419312e-01
-1.225853111481750718e-01
2.975757441234609668e-02
8.659464940978998937e-02
5.758486620740674855e-01
6.551885209328073452e-03
1.245600278816339727e-04
-4.458773843253764635e-02
-1.890021323600354075e-01
1.759474278248522247e-02
-3.011129588273046553e-01
1.586448409135197135e-01
-1.099927030321523336e-01
-2.319438284751906831e-01
-2.331044793754637537e-02
-2.016253491039032147e-02
6.551885209328073452e-03
1.562471859255247682e-02
-3.523331077876182271e-03
4.500842784243886535e-03
5.584279269445334253e-03
1.640776396286268771e-02
-3.852030416084189883e-03
5.424537322808701753e-03
1.614200816757471388e-02
-5.757738676548899460e-03
1.444732371306860219e-02
-4.332944721781543246e-02
1.245600278816339727e-04
-1.298397220387618664e-02
7.025561635129701221e-02
-1.287111152973181155e-02
-3.748392265373364472e-03
-2.530422409876205078e-03
6.191840549117397056e-04
-3.683417259911670773e-03
-1.650548572229499841e-02
8.206255034247062624e-03
-4.683842838277637970e-03
1.883258782575353112e-04
-4.458773843253764635e-02
1.111272722676663691e-03
5.535268011472969799e-04
4.454789022106411811e-02
5.481882016534505089e-03
3.253818316293399099e-02
-1.804311499038972755e-03
-1.850420364548556462e-03
-2.531302947841319873e-02
9.027507771219848987e-03
-1.316048512405568749e-01
2.530938557562337557e-02
-1.890021323600354075e-01
5.584279269445334253e-03
-3.748392265373364472e-03
5.481882016534505089e-03
1.200120898135119824e-01
-2.221534558658695702e-02
1.602805194436410785e-01
1.163223885321013756e-02
1.567844477801141195e-03
2.044506296989294369e-02
1.520750040114230220e-02
-4.726136826331456264e-02
1.759474278248522247e-02
1.640776396286268771e-02
-2.530422409876205078e-03
3.253818316293399099e-02
-2.476905816358696694e-02
5.584938348937436292e-02
-3.162270263252728308e-02
-8.518994448323189556e-03
1.853453566371690781e-03
-1.315658875347775446e-02
-1.451826296942780037e-01
3.123564472259934485e-02
-3.011129588273046553e-01
-3.852030416084189883e-03
6.191840549117397056e-04
-1.804311499038972755e-03
1.605460872091560021e-01
-3.079488605376101695e-02
3.303828850474785361e-01
-2.057666255084003928e-02
-2.473940901207750563e-04
-2.654375422238656329e-02
-1.342595194797144009e-01
1.095323126971351896e-01
1.586448409135197135e-01
5.424537322808701753e-03
-3.683417259911670773e-03
-1.850420364548556462e-03
1.163223885321013756e-02
-8.518994448323189556e-03
-2.057666255084003928e-02
1.275595607568437706e-01
-9.583925067773547968e-02
-1.351401147366098898e-01
8.092662639333590702e-02
-1.198170208802419312e-01
-1.099927030321523336e-01
1.614200816757471388e-02
-1.650548572229499841e-02
-2.531302947841319873e-02
1.567844477801141195e-03
1.853453566371690781e-03
-2.473940901207750563e-04
-9.956179557073545350e-02
1.291106184922562738e-01
1.275032846230165773e-01
1.234139610128608955e-01
-1.225853111481750718e-01
-2.319438284751906831e-01
-5.757738676548899460e-03
8.206255034247062624e-03
9.027507771219848987e-03
2.044506296989294369e-02
-1.315658875347775446e-02
-2.654375422238656329e-02
-1.365908344175199851e-01
1.270112629392418369e-01
2.459150158211308723e-01
2.715961914091860052e-01
-9.344317623379935767e-02
5.860136397401626007e-02
-1.886514573648360657e-02
5.755077047109305975e-03
-3.920665976804261869e-03
-1.325282225599429264e-01
2.239087890278680659e-02
-1.468838169223603551e-01
-1.332251071949553667e-01
7.596410733973384122e-02
1.270055442261977530e-01
-1.026623364374659869e-01
1.715063550803630488e-01
8.079492042890523695e-02
-9.268355130392976621e-03
-2.901102316352754257e-02
-1.381540450907747884e-03
2.954665790542132173e-02
-4.204023790131983934e-02
3.861528183687078231e-02
1.006334681856269342e-01
-1.078464907044326127e-01
-1.181014065994728385e-01
2.673762750786949985e-02
6.133569730791187807e-02
5.752420096323054288e-01
2.803308550838558809e-03
1.031021272728391324e-03
-3.513776391637499219e-02
-1.898619024213613338e-01
3.019159644455809977e-02
-3.026549733427011390e-01
1.606845999928929736e-01
-1.115532854642785066e-01
-2.357886545005088708e-01
-1.886514573648360657e-02
-9.268355130392976621e-03
2.803308550838558809e-03
1.236094871399734917e-02
-5.682892407309248980e-03
4.421998727396243833e-03
5.499918523060772120e-03
1.302691449104799969e-02
-2.515660596494918421e-03
4.835914957455537781e-03
1.366206812989287367e-02
-4.192114517954981245e-03
5.755077047109305975e-03
-2.901102316352754257e-02
1.031021272728391324e-03
-9.685432425975906354e-03
2.688797418799186018e-02
-7.895655775863678547e-03
-1.479559990036515742e-03
9.752236553926944308e-04
1.316449005094567481e-03
-4.588659362638146215e-03
-7.295522579046690402e-03
7.445109869478125884e-03
-3.920665976804261869e-03
-1.381540450907747884e-03
-3.513776391637499219e-02
2.095230457566492083e-03
3.262375996541172583e-03
3.638634125509794537e-02
6.297077799914569361e-03
2.877213267193064888e-02
1.594917132785990052e-03
-1.673697999169400027e-03
-2.041447695422230618e-02
8.348342695211456027e-03
-1.325282225599429264e-01
2.954665790542132173e-02
-1.898619024213613338e-01
5.499918523060772120e-03
-1.479559990036515742e-03
6.297077799914569361e-03
1.210972559101955864e-01
-2.785022729706812181e-02
1.590091607338814939e-01
1.142312890772448006e-02
1.970156219371458749e-03
1.957866459895279618e-02
2.239087890278680659e-02
-4.204023790131983934e-02
3.019159644455809977e-02
1.302691449104799969e-02
9.752236553926944308e-04
2.877213267193064888e-02
-2.848328498240145293e-02
5.404817614344144261e-02
-3.466101031268557786e-02
-9.070335924060788507e-03
4.001852694766343602e-03
-1.228432072453028434e-02
-1.468838169223603551e-01
3.861528183687078231e-02
-3.026549733427011390e-01
-2.515660596494918421e-03
1.316449005094567481e-03
1.594917132785990052e-03
1.604195809122895555e-01
-3.328427122177076564e-02
3.250956669388792020e-01
-2.105012298763067613e-02
1.167564414574045724e-03
-2.701165036924824472e-02
-1.332251071949553667e-01
1.006334681856269342e-01
1.606845999928929736e-01
4.835914957455537781e-03
-4.588659362638146215e-03
-1.673697999169400027e-03
1.142312890772448006e-02
-9.070335924060788507e-03
-2.105012298763067613e-02
1.274666995201514941e-01
-9.048998157733589842e-02
-1.387300609636755444e-01
7.596410733973384122e-02
-1.078464907044326127e-01
-1.115532854642785066e-01
1.366206812989287367e-02
-7.295522579046690402e-03
-2.041447695422230618e-02
1.970156219371458749e-03
4.001852694766343602e-03
1.167564414574045724e-03
-9.559487343766923106e-02
1.197458075921089410e-01
1.254864374326427334e-01
1.270055442261977530e-01
-1.181014065994728385e-01
-2.357886545005088708e-01
-4.192114517954981245e-03
7.445109869478125884e-03
8.348342695211456027e-03
1.957866459895279618e-02
-1.228432072453028434e-02
-2.701165036924824472e-02
-1.401372050499491984e-01
1.242171871754923634e-01
2.544112593747467344e-01
-1.085272973645363903e+00
2.473088010218745664e-02
1.342614668701711811e-01
4.296989586014890450e-01
-6.594677936605836122e-02
7.145715109053947522e-02
-1.675594312314876433e-01
2.504772596173536203e-01
3.226611315864796881e-01
-1.408909199225277520e-01
-3.340539399254498498e-01
-3.596960810573660017e-01
1.094659260701877218e-01
2.519827552580386598e+00
4.439868333558449010e+00
-1.665234904659793069e-03
-2.813507656575806593e+00
-2.830788665701537976e+00
-2.400725104846465618e-02
3.391513719164512275e-01
-3.651317682356913785e-02
2.133840828965603495e-02
3.747089264845384626e-01
1.452363468334665932e-02
1.571687324417108192e-02
4.403074043002783711e+00
3.717154959303851314e+00
2.672266250073152688e-02
-2.492791392344707369e+00
-2.032563989454433173e+00
1.137085104606034985e-01
-1.293533655708043184e-01
-5.944593090551445608e-02
-1.187121594880785197e-01
-1.435241519596101301e-01
-1.280109144024934587e-01
4.296989586014890450e-01
-1.665234904659793069e-03
2.672266250073152688e-02
1.998182561891492792e-02
-4.668418321696791162e-01
3.610164357201657848e-01
-1.356751484249022477e-01
-4.544824318044315969e-02
6.565207566300440556e-02
-4.767987756871818611e-02
7.074699367781768500e-02
1.855538785308382538e-02
-6.594677936605836122e-02
-2.813507656575806593e+00
-2.492791392344707369e+00
-8.044614517167952839e-02
1.739401351487188219e+00
1.599509017539029188e+00
5.637342608239700320e-02
2.764283371388082805e-02
-6.215939408105617542e-02
2.283807407120164168e-02
4.461449480503952569e-02
3.273315842732212738e-02
7.145715109053947522e-02
-2.830788665701537976e+00
-2.032563989454433173e+00
-1.105656718716702125e-02
1.411621670101030457e+00
1.085748463369993200e+00
-7.264061425944212669e-02
1.205325594421596119e-01
2.489683595801875371e-02
-5.654940211390990443e-03
1.373959888612574232e-01
1.415574213637861047e-02
-1.675594312314876433e-01
-2.400725104846465618e-02
1.137085104606034985e-01
-1.356751484249022477e-01
5.637342608239700320e-02
-7.264061425944212669e-02
2.657747705963469653e-01
1.643995715813435093e-02
-1.641849751640149235e-01
-5.047407870288504739e-02
2.446595124734275706e-02
-2.892680387718684753e-03
2.504772596173536203e-01
3.391513719164512275e-01
-1.293533655708043184e-01
-4.544824318044315969e-02
2.764283371388082805e-02
1.205325594421596119e-01
2.113154439467765464e-03
-1.164368401531633568e-01
-8.460630903893231330e-03
2.909746798036042144e-03
-5.597298128984253517e-03
7.246418227748258056e-02
3.226611315864796881e-01
-3.651317682356913785e-02
-5.944593090551445608e-02
6.565207566300440556e-02
-6.215939408105617542e-02
2.489683595801875371e-02
-1.806627085172977654e-01
-9.140437814471168848e-03
1.241956159261810994e-01
-8.055653939163203228e-03
5.810590674118135124e-02
4.195955751687608509e-02
-1.408909199225277520e-01
2.133840828965603495e-02
-1.187121594880785197e-01
-4.767987756871818611e-02
2.283807407120164168e-02
-5.654940211390990443e-03
-5.047407870288504739e-02
2.909746798036042144e-03
-8.055653939163203228e-03
2.955282402540309050e-01
-4.576060567986733017e-03
1.869838670869879149e-01
-3.340539399254498498e-01
3.747089264845384626e-01
-1.435241519596101301e-01
7.074699367781768500e-02
4.461449480503952569e-02
1.373959888612574232e-01
2.446595124734275706e-02
-5.597298128984253517e-03
5.810590674118135124e-02
1.337985895167987174e-02
-1.345501195213303358e-01
-1.063627868334963977e-02
-3.596960810573660017e-01
1.452363468334665932e-02
-1.280109144024934587e-01
1.855538785308382538e-02
3.273315842732212738e-02
1.415574213637861047e-02
-2.892680387718684753e-03
7.246418227748258056e-02
4.195955751687608509e-02
1.912409041981116553e-01
-1.764984835645654060e-02
1.288558129143212438e-01
3.607362316214167697e-01
1.262436441989194316e-02
2.878342535909091809e-02
9.863386406683244401e-02
-4.225249774976005609e-03
5.449079161334105699e-03
-2.403617004184446793e-01
3.052794943186101784e-02
1.928594611453108565e-01
-2.345491603882420562e-01
-2.622560788359623932e-02
-1.886950062478612855e-01
4.938661899439213826e-02
1.078247129377009284e+00
8.682276157180576215e-01
-3.442279912903205286e-02
-1.061260793094342514e+00
-6.930456801645560327e-01
6.783257378193398301e-02
6.829170570145112404e-03
-6.022390675391121884e-02
-1.025459907711796514e-01
-1.053251656893763183e-03
-8.870401627112796394e-02
1.990442455142431982e-02
8.894852793117239420e-01
8.748209754612307210e-01
5.426752344608391267e-03
-6.626137197452246497e-01
-3.270049910393358905e-01
1.916375115281063191e-01
-3.497000940608544634e-02
-1.565591588955113911e-01
-1.791900829027758546e-01
-2.670477629424917315e-02
-1.512846937937060987e-01
9.863386406683244401e-02
-3.442279912903205286e-02
5.426752344608391267e-03
-4.572249521776265008e-02
3.264753261816557423e-02
8.351711722209817501e-02
-3.993979677335564304e-02
2.300331718712067368e-03
1.794590231093819155e-02
-3.040732379100893196e-02
1.630586605349373941e-02
-2.388926991693926527e-02
-4.225249774976005609e-03
-1.061260793094342514e+00
-6.626137197452246497e-01
7.532463421616547583e-02
1.321652293998925254e+00
7.560398775693970563e-01
4.028138998922015102e-02
-1.591267128390579794e-02
-1.522020785139426881e-02
-7.522419284679229823e-02
-2.344437137621453032e-02
-4.876851878634690107e-02
5.449079161334105699e-03
-6.930456801645560327e-01
-3.270049910393358905e-01
-4.277761437123508981e-02
9.375309606570638721e-01
5.221905642832639360e-01
6.299416501298235604e-02
8.959852902740398847e-03
-4.693473284486870956e-02
-5.169968965171908848e-02
1.697159520059130303e-02
-2.666402418007082081e-02
-2.403617004184446793e-01
6.783257378193398301e-02
1.916375115281063191e-01
-3.993979677335564304e-02
4.028138998922015102e-02
6.299416501298235604e-02
2.289308654755962680e-01
9.374076088131195333e-03
-1.574493587262398020e-01
4.843108099851484161e-02
7.645800535643571504e-03
5.605649247986783240e-02
3.052794943186101784e-02
6.829170570145112404e-03
-3.497000940608544634e-02
2.300331718712067368e-03
-1.591267128390579794e-02
8.959852902740398847e-03
-2.889276136535575898e-03
-1.640387342917017446e-02
1.358160341869115752e-02
-3.612538225584692626e-03
1.462230151317553666e-03
1.430217445316037984e-02
1.928594611453108565e-01
-6.022390675391121884e-02
-1.565591588955113911e-01
1.794590231093819155e-02
-1.522020785139426881e-02
-4.693473284486870956e-02
-1.574079487194808835e-01
1.635803150220244834e-02
1.556782414326760566e-01
-5.783456786152064294e-02
1.022474695212414672e-02
-1.004363000071618536e-02
-2.345491603882420562e-01
-1.025459907711796514e-01
-1.791900829027758546e-01
-3.040732379100893196e-02
-7.522419284679229823e-02
-5.169968965171908848e-02
4.843108099851484161e-02
-3.612538225584692626e-03
-5.783456786152064294e-02
2.120243358304773340e-01
-2.052058672527378586e-02
1.429776042128262370e-01
-2.622560788359623932e-02
-1.053251656893763183e-03
-2.670477629424917315e-02
1.630586605349373941e-02
-2.344437137621453032e-02
1.697159520059130303e-02
7.645800535643571504e-03
1.462230151317553666e-03
1.022474695212414672e-02
9.254334241392677893e-03
-2.487848253374043937e-03
1.125265053557282166e-02
-1.886950062478612855e-01
-8.870401627112796394e-02
-1.512846937937060987e-01
-2.388926991693926527e-02
-4.876851878634690107e-02
-2.666402418007082081e-02
5.605649247986783240e-02
1.430217445316037984e-02
-1.004363000071618536e-02
1.453634599911206582e-01
1.877446719132963224e-02
1.435534199764373076e-01
3.859564913300892464e-01
-7.137531817343947815e-02
6.452423075387776763e-02
-2.500242797289024127e-02
1.841305841848051017e-02
-1.218226730154417688e-02
-1.357292031815928168e-01
6.730170607203936166e-03
-1.462194316320012122e-01
-1.249373484783799088e-01
8.107047582182841383e-02
1.034113892006498225e-01
-8.823108529510617637e-02
2.221402190767929608e-01
9.215568234818384552e-02
-1.872746113762602596e-02
-9.567012502376842642e-02
9.996628179561010616e-03
1.911471295406336202e-02
-4.236900704165523501e-02
1.660277173755413463e-02
1.150086941277928682e-01
-1.183561654901497395e-01
-1.272341991429651875e-01
1.942387631138136062e-01
1.174898282466971255e-01
5.819679385637330782e-01
-2.624652717867829738e-03
9.511185930132387903e-03
-5.310106823272818521e-02
-1.909124855582957081e-01
-2.513292982822517251e-03
-2.849277938489873097e-01
1.340029798789345306e-01
-1.087681914138878270e-01
-2.101077437432098405e-01
-2.500242797289024127e-02
-1.872746113762602596e-02
-2.624652717867829738e-03
1.510934220358014016e-02
-1.155226584741415180e-02
-3.530884945536568072e-03
-4.183343041939699934e-03
1.568439230099894985e-02
-9.993229288094301194e-03
3.037260987037351118e-03
1.808563577936071406e-02
-1.181549846159654464e-02
1.841305841848051017e-02
-9.567012502376842642e-02
9.511185930132387903e-03
-5.454112495414146014e-03
1.183393194230565187e-01
-3.118982761875176840e-02
-5.423746154272209713e-03
2.107773130249127307e-03
-2.631551508792541721e-03
-4.214422085056203186e-03
-1.310369826868292530e-02
7.081940300002920186e-03
-1.218226730154417688e-02
9.996628179561010616e-03
-5.310106823272818521e-02
-3.954144894736100896e-03
-1.982847470815756949e-02
5.611780396091395340e-02
-2.097910503099928610e-03
3.237640379187205902e-02
-9.443253723399366428e-04
-1.097049256497943139e-02
-2.853886515952736014e-02
1.305990534212272437e-02
-1.357292031815928168e-01
1.911471295406336202e-02
-1.909124855582957081e-01
-4.183343041939699934e-03
-5.423746154272209713e-03
-2.097910503099928610e-03
1.031795673576754724e-01
-2.829607236568835310e-02
1.626796285079483151e-01
1.479369371067728971e-03
-1.007305398448903868e-03
1.303161688767449054e-02
6.730170607203936166e-03
-4.236900704165523501e-02
-2.513292982822517251e-03
1.568439230099894985e-02
2.107773130249127307e-03
3.237640379187205902e-02
-2.641747129202170336e-02
5.541952027132086150e-02
-1.993758637606840578e-02
-1.397797432813797577e-02
2.196978195006481054e-03
-1.861270701119004459e-02
-1.462194316320012122e-01
1.660277173755413463e-02
-2.849277938489873097e-01
-9.993229288094301194e-03
-2.631551508792541721e-03
-9.443253723399366428e-04
1.612067964126428221e-01
-1.836880929666766249e-02
3.352898605212760730e-01
-2.493710630384395402e-02
-1.728998164676204784e-03
-2.272425107665000318e-02
-1.249373484783799088e-01
1.150086941277928682e-01
1.340029798789345306e-01
3.037260987037351118e-03
-4.214422085056203186e-03
-1.097049256497943139e-02
1.479369371067728971e-03
-1.397797432813797577e-02
-2.493710630384395402e-02
1.269054368166802060e-01
-1.065610777510884871e-01
-1.432246173908721665e-01
8.107047582182841383e-02
-1.183561654901497395e-01
-1.087681914138878270e-01
1.808563577936071406e-02
-1.310369826868292530e-02
-2.853886515952736014e-02
-1.007305398448903868e-03
2.196978195006481054e-03
-1.728998164676204784e-03
-1.068850441957551745e-01
1.474032370678374504e-01
1.278365037798424586e-01
1.034113892006498225e-01
-1.272341991429651875e-01
-2.101077437432098405e-01
-1.181549846159654464e-02
7.081940300002920186e-03
1.305990534212272437e-02
1.303161688767449054e-02
-1.861270701119004459e-02
-2.272425107665000318e-02
-1.434079729746350618e-01
1.292203897781145638e-01
2.421408860423302223e-01
2.850166630230986375e-01
-1.094194676074662087e-01
2.437432206941302082e-02
-2.085283177035658977e-02
8.821239904109882263e-03
-1.629887085006030646e-03
-1.326013813796177998e-01
2.339127601645668575e-02
-1.394781769195285459e-01
-1.327462226031255743e-01
7.302771204116004222e-02
1.205350160115679914e-01
-1.119988599701328275e-01
1.613708751573692812e-01
8.206744045169493684e-02
-1.812958950166987382e-02
-3.456763086028844488e-03
-7.973600018165676387e-03
2.928633807623585647e-02
-4.782421215001810000e-02
3.380141947039959349e-02
1.007609124150726371e-01
-1.066363905158395353e-01
-1.151206491342168237e-01
2.888160871735179908e-02
7.752400970396826352e-02
5.683784137352870802e-01
3.701163889384563328e-03
-7.192000172895865635e-03
-3.814392803691652595e-02
-1.862260513277798069e-01
2.751837732211928969e-02
-2.933829945596575506e-01
1.574108292713068957e-01
-1.029873118720074504e-01
-2.344248513577558424e-01
-2.085283177035658977e-02
-1.812958950166987382e-02
3.701163889384563328e-03
1.408968029263683169e-02
-3.772361078699468500e-03
-2.029557284962549193e-03
4.714439363444879183e-03
1.459527861592438414e-02
-2.878881676401191369e-03
4.293233535415511004e-03
1.421462681030452417e-02
-3.605192422629483612e-03
8.821239904109882263e-03
-3.456763086028844488e-03
-7.192000172895865635e-03
-7.705429827366135423e-03
1.028006631412877771e-02
1.844418848708956641e-03
-7.147488535388372326e-04
-1.043226501605016600e-03
-1.355996090305321969e-03
-2.386818220838576345e-03
-9.352684320417234409e-03
7.537121296726711703e-03
-1.629887085006030646e-03
-7.973600018165676387e-03
-3.814392803691652595e-02
2.905433229824928854e-03
4.173744875306016969e-03
3.416200713513418280e-02
3.951732334700940909e-03
2.689540752751444150e-02
3.965604090253273457e-04
-2.712713564188036844e-03
-2.081865554676686630e-02
8.705764045602248924e-03
-1.326013813796177998e-01
2.928633807623585647e-02
-1.862260513277798069e-01
4.714439363444879183e-03
-7.147488535388372326e-04
3.951732334700940909e-03
1.173080595133239729e-01
-2.871622318212413427e-02
1.590649424832452641e-01
8.770315604440578200e-03
2.552032296188827022e-03
1.773904373754507310e-02
2.339127601645668575e-02
-4.782421215001810000e-02
2.751837732211928969e-02
1.459527861592438414e-02
-1.043226501605016600e-03
2.689540752751444150e-02
-2.788621760279079778e-02
4.995267158355289061e-02
-3.093007438034437936e-02
-6.011407556475592030e-03
3.274082003395596186e-04
-1.345177487089430947e-02
-1.394781769195285459e-01
3.380141947039959349e-02
-2.933829945596575506e-01
-2.878881676401191369e-03
-1.355996090305321969e-03
3.965604090253273457e-04
1.592475781019005998e-01
-3.152011225188534882e-02
3.233813804725210739e-01
-1.935962499575372489e-02
3.240438471639298145e-04
-3.043888264578657743e-02
-1.327462226031255743e-01
1.007609124150726371e-01
1.574108292713068957e-01
4.293233535415511004e-03
-2.386818220838576345e-03
-2.712713564188036844e-03
8.770315604440578200e-03
-6.011407556475592030e-03
-1.935962499575372489e-02
1.212355149543974941e-01
-8.980066664922012332e-02
-1.376342859041336519e-01
7.302771204116004222e-02
-1.066363905158395353e-01
-1.029873118720074504e-01
1.421462681030452417e-02
-9.352684320417234409e-03
-2.081865554676686630e-02
2.552032296188827022e-03
3.274082003395596186e-04
3.240438471639298145e-04
-9.083449461722011009e-02
1.162368916905240079e-01
1.235088736276244159e-01
1.205350160115679914e-01
-1.151206491342168237e-01
-2.344248513577558424e-01
-3.605192422629483612e-03
7.537121296726711703e-03
8.705764045602248924e-03
1.773904373754507310e-02
-1.345177487089430947e-02
-3.043888264578657743e-02
-1.384498714555330301e-01
1.213852620518322822e-01
2.519738513286540194e-01
3.314716881931409342e-02
9.004727345148667850e-02
1.110821206003677480e-01
2.670951926319670156e-01
-2.074055371501802927e-02
-4.795935832330323195e-02
-5.605985790345398012e-01
-6.385820894178723117e-02
5.304588207293333690e-01
-5.138581699175380768e-01
2.347354379287579923e-02
-5.341393776663910797e-01
4.526727093615343783e-02
1.731039345296134124e+00
1.930240395298805645e+00
2.709868747891018212e-02
-1.013839832417581466e+00
-1.388684309281676299e+00
-2.203490280435522752e-01
1.070507275468319530e-01
1.445170683484959806e-01
2.055290984536315424e-01
1.065802083932157196e-01
1.514259919963224510e-01
1.889249741470131264e-02
1.754956190020473539e+00
1.665914678360059797e+00
1.328894249404161641e-02
-1.019513356295199458e+00
-9.159309504183388295e-01
3.054562108564738976e-01
1.559697618344390441e-02
-1.364301318973989985e-01
-2.908263631128467086e-01
1.407538476263542337e-02
-1.399929052278104658e-01
2.670951926319670156e-01
2.709868747891018212e-02
1.328894249404161641e-02
2.959962302255583211e-01
3.727465413315257381e-01
-8.477169587171194676e-02
-2.110820454208527097e-01
1.839678364854839543e-02
2.419125568168301599e-01
-1.816182886509559447e-01
3.003750588887536127e-02
-2.069508553406558260e-01
-2.074055371501802927e-02
-1.013839832417581466e+00
-1.019513356295199458e+00
1.644138203405260401e-01
8.703545790440159191e-01
2.492975873620660587e-01
-1.068947150775799854e-01
3.033058484301923846e-02
1.060661458543619429e-01
1.060513071114203426e-01
2.512077791715244118e-02
3.789612856048393125e-02
-4.795935832330323195e-02
-1.388684309281676299e+00
-9.159309504183388295e-01
-1.860354561950453289e-01
3.520893455083992651e-01
1.095091500742360280e+00
9.307387064045199998e-02
-9.148101064417159256e-02
-9.695911870826223744e-02
-1.172967322176054900e-01
-7.715554756561711358e-02
-1.140093039438564021e-01
-5.605985790345398012e-01
-2.203490280435522752e-01
3.054562108564738976e-01
-2.110820454208527097e-01
-1.068947150775799854e-01
9.307387064045199998e-02
3.312186015517022963e-01
1.008808286133961174e-01
-1.542053267524655102e-01
-1.468401413132993938e-01
2.315779592676787610e-02
-6.173834159799190813e-02
-6.385820894178723117e-02
1.070507275468319530e-01
1.559697618344390441e-02
1.839678364854839543e-02
3.033058484301923846e-02
-9.148101064417159256e-02
-2.813370652604278710e-03
6.834325602530326449e-03
4.702010568180341188e-02
-3.918414310939900835e-03
9.540217263913977619e-03
2.995770192204757348e-03
5.304588207293333690e-01
1.445170683484959806e-01
-1.364301318973989985e-01
2.419125568168301599e-01
1.060661458543619429e-01
-9.695911870826223744e-02
-1.734493588303252509e-01
1.260550962694459778e-02
1.191368725231768816e-01
2.693943168264054805e-02
-1.354672314786641713e-02
-1.895316814169882569e-02
-5.138581699175380768e-01
2.055290984536315424e-01
-2.908263631128467086e-01
-1.816182886509559447e-01
1.060513071114203426e-01
-1.172967322176054900e-01
-1.468401413132993938e-01
-3.918414310939900835e-03
2.693943168264054805e-02
2.221202535619681839e-01
-1.331727927433948300e-02
1.560981433527592055e-01
2.347354379287579923e-02
1.065802083932157196e-01
1.407538476263542337e-02
3.003750588887536127e-02
2.512077791715244118e-02
-7.715554756561711358e-02
2.315779592676787610e-02
9.540217263913977619e-03
-1.354672314786641713e-02
1.799937824282723739e-02
2.735032584806597333e-03
-4.140697655462258209e-02
-5.341393776663910797e-01
1.514259919963224510e-01
-1.399929052278104658e-01
-2.069508553406558260e-01
3.789612856048393125e-02
-1.140093039438564021e-01
-6.173834159799190813e-02
2.995770192204757348e-03
-1.895316814169882569e-02
1.987425195984280635e-01
2.328713494367134346e-02
1.870302579782293917e-01
5.258537901775450774e-01
-1.042033093948943612e-03
1.101882640753240605e-01
2.960741880066700693e-01
1.509519221570431585e-02
-5.162747856977180361e-02
-3.299811549331253535e-01
6.756761561957692203e-03
3.044493070939134349e-01
-3.048788742206259283e-01
-4.913622210322987627e-03
-3.005848289901031367e-01
2.964612165905102653e-02
1.747921695427277156e+00
1.729048790519935874e+00
5.398867228164211385e-02
-1.832360752412246496e+00
-1.757840094614641746e+00
-7.188762471985916946e-02
3.499941511400565808e-02
3.958631580316233911e-02
1.090302811395708199e-02
6.391059431633687449e-02
2.090493989356073667e-02
2.974475366799056442e-02
1.642110238891267615e+00
1.579076170179134486e+00
-6.449085177886867970e-02
-1.538773349130897694e+00
-1.086333653727365789e+00
2.354117997746751345e-01
2.713961629467664949e-02
-1.463142199972972124e-01
-2.187556059264756936e-01
9.854317818819985364e-03
-1.570608501436737414e-01
2.960741880066700693e-01
5.398867228164211385e-02
-6.449085177886867970e-02
1.154395634551994010e-01
-3.848034767380066612e-02
2.113004548874383159e-01
-1.559348518938500905e-01
1.256550859015451507e-02
1.791585135532813011e-01
-1.651225955303361748e-01
-1.971253645299054363e-02
-1.545116660879573556e-01
1.509519221570431585e-02
-1.832360752412246496e+00
-1.538773349130897694e+00
3.685270516153266174e-02
1.844414535533196675e+00
1.680436854601757846e+00
4.509603599245484706e-02
-4.559230714173363730e-02
-3.706758328669308017e-02
-8.235887903701416546e-02
-4.434128463209332377e-02
-8.195852617005222607e-02
-5.162747856977180361e-02
-1.757840094614641746e+00
-1.086333653727365789e+00
1.126099294694385133e-01
1.633002939331423153e+00
1.256979159134662405e+00
1.358220087131324361e-01
-6.954941901417391326e-02
-1.731894158580948861e-01
-1.730679457843683489e-01
-5.526874549030039510e-03
-1.592036990721136247e-01
-3.299811549331253535e-01
-7.188762471985916946e-02
2.354117997746751345e-01
-1.559348518938500905e-01
4.509603599245484706e-02
1.358220087131324361e-01
4.282428916922775830e-01
3.146292876725894500e-02
-3.152051398050242370e-01
-4.430511746680221297e-02
6.543461324920664575e-03
4.003916697902167726e-02
6.756761561957692203e-03
3.499941511400565808e-02
2.713961629467664949e-02
1.256550859015451507e-02
-4.559230714173363730e-02
-6.954941901417391326e-02
-1.587660674074144879e-02
5.090789048868631442e-03
2.141672648266668144e-02
4.770364547744980477e-03
4.778511330990379245e-03
1.765307734393579964e-02
3.044493070939134349e-01
3.958631580316233911e-02
-1.463142199972972124e-01
1.791585135532813011e-01
-3.706758328669308017e-02
-1.731894158580948861e-01
-3.225071098884728094e-01
2.730697375070418806e-02
3.328632177826609806e-01
-3.867991610150199600e-02
8.295677440621679333e-03
-1.953094932693149807e-02
-3.048788742206259283e-01
1.090302811395708199e-02
-2.187556059264756936e-01
-1.651225955303361748e-01
-8.235887903701416546e-02
-1.730679457843683489e-01
-4.430511746680221297e-02
4.770364547744980477e-03
-3.867991610150199600e-02
4.039044198782469342e-01
1.478399068102111483e-02
3.078767928702320633e-01
-4.913622210322987627e-03
6.391059431633687449e-02
9.854317818819985364e-03
-1.971253645299054363e-02
-4.434128463209332377e-02
-5.526874549030039510e-03
6.543461324920664575e-03
4.778511330990379245e-03
8.295677440621679333e-03
1.231679176302116416e-02
-3.148436438188333825e-03
2.562706144449658496e-02
-3.005848289901031367e-01
2.090493989356073667e-02
-1.570608501436737414e-01
-1.545116660879573556e-01
-8.195852617005222607e-02
-1.592036990721136247e-01
4.003916697902167726e-02
1.765307734393579964e-02
-1.953094932693149807e-02
3.223808437092618995e-01
1.630402307551165331e-02
3.252381948598019878e-01
4.611717194943215081e-01
-1.246269064599729026e-01
1.333992771932959731e-01
-2.045718954249292967e-02
2.101654592646856265e-02
-8.077383051322739940e-03
-1.251007527824245513e-01
-1.796398059510425716e-03
-1.497652660513543732e-01
-1.265855666309199101e-01
1.007766929628330366e-01
1.049030586111364960e-01
-9.040848825297286007e-02
4.240505897305286154e-01
4.906324128730839979e-02
-1.512411663075278502e-02
-2.839874212172219248e-01
1.077321986311134405e-01
-1.568337670499365824e-03
-2.957300786318436958e-02
-1.499654348997713979e-02
1.255295953004230691e-01
-1.295707225552283348e-01
-1.339723808307904662e-01
1.206137773713538280e-01
5.879093500285522550e-02
5.443398913425799845e-01
3.554594649678627632e-03
9.490593360753721286e-02
-8.781306544608004361e-02
-1.896649260169244178e-01
-2.161465719956198392e-02
-2.849131724923822384e-01
1.325189499256535786e-01
-1.290262010454805985e-01
-1.837080651123799702e-01
-2.045718954249292967e-02
-1.512411663075278502e-02
3.554594649678627632e-03
1.914271221811516752e-02
-9.735568053958330859e-03
-7.780110260047532790e-03
-1.251687739389250112e-02
1.950407277587467431e-02
-1.116614247385519856e-02
-1.048182771954010196e-02
1.994040382188762631e-02
-8.217009502450793590e-03
2.101654592646856265e-02
-2.839874212172219248e-01
9.490593360753721286e-02
-9.192746619582734414e-04
2.655396992538243683e-01
-9.305776810525930032e-02
-1.209260206331651960e-02
1.354506026765631491e-02
-1.189788049273391400e-02
-9.404445859704221866e-03
-2.756613707979830349e-03
6.422580595142913899e-03
-8.077383051322739940e-03
1.077321986311134405e-01
-8.781306544608004361e-02
3.473140142770825972e-03
-9.572834522233107657e-02
1.727363429381404136e-01
-2.017187681919425588e-03
3.509917384091356535e-02
-1.183777375406331461e-02
2.243660527191924416e-03
-2.939591893999025929e-02
8.941210828700616592e-03
-1.251007527824245513e-01
-1.568337670499365824e-03
-1.896649260169244178e-01
-1.251687739389250112e-02
-1.209260206331651960e-02
-2.017187681919425588e-03
1.083524913540647866e-01
-3.034156131108981316e-02
1.597749374824957713e-01
1.069814260269046427e-05
-6.817067328775862009e-03
1.331260169332727436e-02
-1.796398059510425716e-03
-2.957300786318436958e-02
-2.161465719956198392e-02
1.950407277587467431e-02
1.354506026765631491e-02
3.509917384091356535e-02
-3.341589818756529866e-03
4.359100027754080064e-02
2.106322623277579950e-02
-1.713879903850131989e-02
8.026549092934199409e-03
-2.349532484509629301e-02
-1.497652660513543732e-01
-1.499654348997713979e-02
-2.849131724923822384e-01
-1.116614247385519856e-02
-1.189788049273391400e-02
-1.183777375406331461e-02
1.656096560986635990e-01
2.224227569432834714e-02
2.921836236406900600e-01
-1.463073991672763675e-02
-5.866835268032538804e-03
-1.638770770558730522e-02
-1.265855666309199101e-01
1.255295953004230691e-01
1.325189499256535786e-01
-1.048182771954010196e-02
-9.404445859704221866e-03
2.243660527191924416e-03
1.069814260269046427e-05
-1.713879903850131989e-02
-1.463073991672763675e-02
1.209018353940548990e-01
-1.183735022826614136e-01
-1.331903717650288754e-01
1.007766929628330366e-01
-1.295707225552283348e-01
-1.290262010454805985e-01
1.994040382188762631e-02
-2.756613707979830349e-03
-2.939591893999025929e-02
-6.817067328775862009e-03
8.026549092934199409e-03
-5.866835268032538804e-03
-1.281842363633281523e-01
1.559216519494408537e-01
1.266337771659878098e-01
1.049030586111364960e-01
-1.339723808307904662e-01
-1.837080651123799702e-01
-8.217009502450793590e-03
6.422580595142913899e-03
8.941210828700616592e-03
1.331260169332727436e-02
-2.349532484509629301e-02
-1.638770770558730522e-02
-1.243427974556661070e-01
1.399173129927600845e-01
2.058976835416797546e-01
2.736476057274744855e-01
-1.080527982433602679e-01
1.335902896239270742e-02
-1.232248670824905197e-02
2.006466140540911526e-03
-1.299617850559091131e-04
-1.314041901697485248e-01
3.809286771196238042e-02
-1.401528829355295214e-01
-1.296278218354977863e-01
6.782879919015948056e-02
1.254732621059843067e-01
-1.078229803126935782e-01
9.335170725198028985e-02
5.480234999440328214e-02
-1.380914857347613663e-02
3.277343385225820610e-02
-6.202906438040460026e-03
4.061249285691270056e-02
-4.542622077468330688e-02
4.958427139291589347e-02
8.069112332955523381e-02
-8.039199572349232936e-02
-9.813782771198614752e-02
1.338123217040929243e-02
5.555754780525547915e-02
5.606860886075653028e-01
1.717225494747670091e-03
-6.486195943918079271e-03
-1.729950677776964651e-02
-1.809062439597960981e-01
5.334231736238805727e-02
-2.912380095355440179e-01
1.648914225472480621e-01
-1.010941318805081840e-01
-2.498941143156136746e-01
-1.232248670824905197e-02
-1.380914857347613663e-02
1.717225494747670091e-03
4.993609536046134979e-03
1.029827873063820327e-04
1.073495268052327155e-04
3.736883793946867323e-03
6.920154056300597406e-03
-1.146187280627136799e-04
3.561502481820666942e-03
6.625960783208054150e-03
-1.273555425575189021e-03
2.006466140540911526e-03
3.277343385225820610e-02
-6.486195943918079271e-03
3.686277566397139975e-04
-3.590337079686431454e-02
5.208835322811769704e-03
-9.533727948760428814e-04
2.053739551872003997e-03
-1.152485721080998265e-03
-1.090111272664527836e-03
2.889653009648004132e-04
1.065802798880033549e-03
-1.299617850559091131e-04
-6.202906438040460026e-03
-1.729950677776964651e-02
8.850112376841230623e-05
4.963681072897551012e-03
8.756284954381866534e-03
2.944388108549197882e-03
9.629606506691971990e-03
2.493918976154833531e-03
-1.707754124155056591e-03
-9.366761925200766184e-03
4.987955223196404581e-03
-1.314041901697485248e-01
4.061249285691270056e-02
-1.809062439597960981e-01
3.736883793946867323e-03
-9.533727948760428814e-04
2.944388108549197882e-03
1.186778683223282255e-01
-4.051728026820685530e-02
1.599569278596186528e-01
8.780249747817331016e-03
6.840594654108282484e-04
1.960877779911400498e-02
3.809286771196238042e-02
-4.542622077468330688e-02
5.334231736238805727e-02
6.920154056300597406e-03
2.053739551872003997e-03
9.629606506691971990e-03
-4.054471464354020283e-02
4.128482883420040578e-02
-5.378827493561781636e-02
-2.918726075373296105e-03
9.725209977791606647e-04
-1.100453299937398030e-02
-1.401528829355295214e-01
4.958427139291589347e-02
-2.912380095355440179e-01
-1.146187280627136799e-04
-1.152485721080998265e-03
2.493918976154833531e-03
1.585196997866915591e-01
-5.310522017682928198e-02
3.166362910510130968e-01
-1.786059099695483376e-02
3.120806909049748945e-03
-3.085186763698115689e-02
-1.296278218354977863e-01
8.069112332955523381e-02
1.648914225472480621e-01
3.561502481820666942e-03
-1.090111272664527836e-03
-1.707754124155056591e-03
8.780249747817331016e-03
-2.918726075373296105e-03
-1.786059099695483376e-02
1.174065902867697381e-01
-7.592688537064852528e-02
-1.445798486644763181e-01
6.782879919015948056e-02
-8.039199572349232936e-02
-1.010941318805081840e-01
6.625960783208054150e-03
2.889653009648004132e-04
-9.366761925200766184e-03
6.840594654108282484e-04
9.725209977791606647e-04
3.120806909049748945e-03
-7.684411838564850217e-02
8.085985043085519575e-02
1.092010641451820752e-01
1.254732621059843067e-01
-9.813782771198614752e-02
-2.498941143156136746e-01
-1.273555425575189021e-03
1.065802798880033549e-03
4.987955223196404581e-03
1.960877779911400498e-02
-1.100453299937398030e-02
-3.085186763698115689e-02
-1.446667103387383468e-01
1.094526805517675588e-01
2.777554173973170726e-01
-1.054135805459696096e+00
1.693495546566063659e-01
2.604915275661119911e-01
3.932233125174699473e-01
8.041895826176023720e-03
1.251836025154880183e-01
-2.795995037582461040e-01
2.382270514486669044e-01
4.175968557350140387e-01
-1.278882652866761283e-01
-2.943918887806767359e-01
-3.698810992956821919e-01
6.488856699760618685e-02
2.573186097469778222e+00
3.734424813585755842e+00
-8.118476667000303418e-03
-2.693499006537460438e+00
-2.618512320886277944e+00
-4.464889565422754114e-02
3.610699684078619853e-01
7.948991654348988925e-03
5.114149931257872678e-02
3.713513569272869352e-01
1.428796663421254970e-02
6.897470245977838088e-02
4.332857151994077505e+00
3.175893876262259496e+00
5.964463745004673634e-02
-2.248771045144526415e+00
-1.861751220181836253e+00
2.094751075173562627e-01
-1.645032061481292163e-01
-1.547648877835101078e-01
-1.178795293846266190e-01
-1.441861737297854551e-01
-7.551924054285943932e-02
3.932233125174699473e-01
-8.118476667000303418e-03
5.964463745004673634e-02
-6.327817667989235617e-02
-4.212224553754468359e-01
3.975495565375949392e-01
-7.278913140574656826e-02
-3.372336372776231495e-02
-8.602395466329945672e-04
2.575230380484722428e-02
8.698509556433771384e-02
5.866149294700902239e-02
8.041895826176023720e-03
-2.693499006537460438e+00
-2.248771045144526415e+00
-9.726319487044686463e-02
1.591948265187749900e+00
1.598078501411319907e+00
1.616634560475354448e-02
1.008228513183070246e-02
-2.416586118157871763e-02
2.106719606936801551e-03
5.421531095591988064e-02
3.937393863320021170e-02
1.251836025154880183e-01
-2.618512320886277944e+00
-1.861751220181836253e+00
-9.628906662507165370e-02
1.337739631731989176e+00
1.084335857466181663e+00
-7.076967279600467065e-02
6.789281930667548370e-02
2.884421006950380062e-02
1.395223975242579871e-02
1.248962467090441314e-01
3.885104951015092012e-02
-2.795995037582461040e-01
-4.464889565422754114e-02
2.094751075173562627e-01
-7.278913140574656826e-02
1.616634560475354448e-02
-7.076967279600467065e-02
2.810807441833232945e-01
5.059925582124727428e-02
-1.993205290403636532e-01
-4.633549512088531303e-02
2.167361653030823107e-02
8.419824111851558629e-03
2.382270514486669044e-01
3.610699684078619853e-01
-1.645032061481292163e-01
-3.372336372776231495e-02
1.008228513183070246e-02
6.789281930667548370e-02
1.784545998658059254e-02
-1.237548638108718208e-01
-5.157611944493757650e-02
3.715345417369371808e-03
-3.592969397179131275e-02
4.760750222048737434e-02
4.175968557350140387e-01
7.948991654348988925e-03
-1.547648877835101078e-01
-8.602395466329945672e-04
-2.416586118157871763e-02
2.884421006950380062e-02
-1.976049030488820635e-01
-4.055901277002912919e-02
1.536461552939307751e-01
-2.177517839452870058e-02
4.255305408276528756e-02
3.037702367646870349e-02
-1.278882652866761283e-01
5.114149931257872678e-02
-1.178795293846266190e-01
2.575230380484722428e-02
2.106719606936801551e-03
1.395223975242579871e-02
-4.633549512088531303e-02
3.715345417369371808e-03
-2.177517839452870058e-02
3.175632101592366641e-01
-2.442293300776662152e-02
2.121737195108500396e-01
-2.943918887806767359e-01
3.713513569272869352e-01
-1.441861737297854551e-01
8.698509556433771384e-02
5.421531095591988064e-02
1.248962467090441314e-01
2.167361653030823107e-02
-3.592969397179131275e-02
4.255305408276528756e-02
2.612617555899955646e-03
-1.373438377362912466e-01
-2.366260655569620702e-02
-3.698810992956821919e-01
1.428796663421254970e-02
-7.551924054285943932e-02
5.866149294700902239e-02
3.937393863320021170e-02
3.885104951015092012e-02
8.419824111851558629e-03
4.760750222048737434e-02
3.037702367646870349e-02
2.043387815507058392e-01
-2.488708610751999561e-02
1.449056962960975081e-01
2.679385157199797307e-01
-1.038859796980738798e-01
1.935017176477469777e-02
-1.570972580433855140e-02
6.585805418786497799e-03
-1.347054716003104769e-03
-1.303650670766827724e-01
2.032782255126536555e-02
-1.419364740318775076e-01
-1.321716356722140162e-01
7.257714213884143561e-02
1.217914243206195540e-01
-1.002529101694072389e-01
1.663915129176209429e-01
7.570819915646830045e-02
-1.801798456193028086e-02
-6.426260967703861966e-03
-3.589479895813737879e-03
3.050293518753095789e-02
-4.725435540411027091e-02
4.076136622090650169e-02
1.012371766426684028e-01
-1.075757112891840700e-01
-1.161709589523496483e-01
2.386364912711904165e-02
7.229700674411045080e-02
5.700243091597129164e-01
4.252890227799118600e-03
-6.204258457801007645e-04
-2.945933897511622893e-02
-1.856000813930009652e-01
2.388185122315552439e-02
-2.947591323313896727e-01
1.587123605288611738e-01
-1.064552164887979796e-01
-2.332374472580036606e-01
-1.570972580433855140e-02
-1.801798456193028086e-02
4.252890227799118600e-03
1.260909016108763790e-02
-7.214656200747906860e-03
3.971515848812253238e-03
1.809484367404365921e-03
1.708444223550342408e-02
-1.005044678166349889e-02
4.922620268251736743e-03
1.074739343551674338e-02
-8.464443190436323492e-04
6.585805418786497799e-03
-6.426260967703861966e-03
-6.204258457801007645e-04
-8.550886752081250305e-03
1.796312282383133105e-02
-4.635507544027471158e-03
-1.633486256387483909e-03
-3.074462619307229659e-03
6.493257706778944073e-04
-2.261200999260924108e-03
-1.236702552356210710e-02
3.606538751521564008e-03
-1.347054716003104769e-03
-3.589479895813737879e-03
-2.945933897511622893e-02
3.999784115478542679e-03
6.961464862545488699e-03
3.727081390929771337e-02
1.317449485623853247e-03
2.723839709068270887e-02
-3.586369755677802727e-03
2.082971937911064653e-03
-2.741990521595874877e-02
3.798680590687014084e-03
-1.303650670766827724e-01
3.050293518753095789e-02
-1.856000813930009652e-01
1.809484367404365921e-03
-1.633486256387483909e-03
1.317449485623853247e-03
1.197197946236646937e-01
-3.235425536906888500e-02
1.599170721950917140e-01
1.151819190394110480e-02
1.948938082131564022e-03
1.844488398750625952e-02
2.032782255126536555e-02
-4.725435540411027091e-02
2.388185122315552439e-02
1.708444223550342408e-02
-3.074462619307229659e-03
2.723839709068270887e-02
-2.834595827673554863e-02
5.193731056127905837e-02
-3.234993756939115450e-02
-6.900172194066750073e-03
1.549762881937757734e-03
-1.299387249182746423e-02
-1.419364740318775076e-01
4.076136622090650169e-02
-2.947591323313896727e-01
-1.005044678166349889e-02
6.493257706778944073e-04
-3.586369755677802727e-03
1.599486698878693491e-01
-3.264123905399027303e-02
3.215570011108616066e-01
-1.982843548844942863e-02
2.564261281322285425e-04
-2.985927968041707584e-02
-1.321716356722140162e-01
1.012371766426684028e-01
1.587123605288611738e-01
4.922620268251736743e-03
-2.261200999260924108e-03
2.082971937911064653e-03
1.151819190394110480e-02
-6.900172194066750073e-03
-1.982843548844942863e-02
1.261795995453516284e-01
-9.356479255365109104e-02
-1.385599551391611395e-01
7.257714213884143561e-02
-1.075757112891840700e-01
-1.064552164887979796e-01
1.074739343551674338e-02
-1.236702552356210710e-02
-2.741990521595874877e-02
1.948938082131564022e-03
1.549762881937757734e-03
2.564261281322285425e-04
-9.316371560031776189e-02
1.161551456307486491e-01
1.199720205177247506e-01
1.217914243206195540e-01
-1.161709589523496483e-01
-2.332374472580036606e-01
-8.464443190436323492e-04
3.606538751521564008e-03
3.798680590687014084e-03
1.844488398750625952e-02
-1.299387249182746423e-02
-2.985927968041707584e-02
-1.378009155131895980e-01
1.221661086227317505e-01
2.529038856810351121e-01
2.696949352357466689e-01
-1.014774064229941319e-01
2.452243656743511441e-02
-1.979959280804668292e-02
2.916756528826074894e-03
9.487319524111464161e-05
-1.300031023622890969e-01
2.479615296998803620e-02
-1.403506231292850903e-01
-1.329599500530752043e-01
7.058839019607725251e-02
1.245458934459361816e-01
-1.014101982846608019e-01
1.390154549210575463e-01
7.282761464831623288e-02
-2.406240795089177598e-02
1.737888966570086749e-02
-3.936556152101739099e-03
3.349803564847987636e-02
-4.737311766699989907e-02
4.142757878746261557e-02
9.606607813665643536e-02
-1.007233494977498728e-01
-1.112430810702045719e-01
1.467135410644208361e-02
7.166259156300970601e-02
5.699061010514721026e-01
5.617940430242168368e-03
-6.108525924223310796e-03
-2.201024178255213404e-02
-1.845084229455057900e-01
3.287039495426579555e-02
-2.952384876981036244e-01
1.619270711534916141e-01
-1.035664475107116733e-01
-2.398533752268975083e-01
-1.979959280804668292e-02
-2.406240795089177598e-02
5.617940430242168368e-03
1.313061924340715864e-02
-3.428744143819264720e-03
2.019684823310971804e-03
2.993676760709372900e-03
1.636664208787656435e-02
-6.857315722793506582e-03
3.808742935767085291e-03
1.279823486555885757e-02
6.691049185620356887e-04
2.916756528826074894e-03
1.737888966570086749e-02
-6.108525924223310796e-03
-7.217347132485956926e-03
4.527688717363561981e-03
7.738495072236470027e-03
-1.547431300171451000e-03
-5.665974045814729885e-04
-4.112000621763225419e-04
2.723824648849482947e-03
-1.804214963708192232e-02
-1.416071547493919641e-03
9.487319524111464161e-05
-3.936556152101739099e-03
-2.201024178255213404e-02
3.671645045728180647e-03
1.075589612512128403e-02
2.733742368226863700e-02
1.434061494811802789e-03
2.358433124145023832e-02
-2.340322134783781507e-03
2.010477382333862584e-03
-2.499303186565045992e-02
1.106016833519125929e-03
-1.300031023622890969e-01
3.349803564847987636e-02
-1.845084229455057900e-01
2.993676760709372900e-03
-1.547431300171451000e-03
1.434061494811802789e-03
1.191127447295275976e-01
-3.070740082266249296e-02
1.609588463612851017e-01
1.077107157610189721e-02
2.187681533689794094e-03
1.970926448488462962e-02
2.479615296998803620e-02
-4.737311766699989907e-02
3.287039495426579555e-02
1.636664208787656435e-02
-5.665974045814729885e-04
2.358433124145023832e-02
-3.166778621999581655e-02
4.900073593610908274e-02
-3.739357413603346808e-02
-7.073463866624605731e-03
-3.300445196382047934e-04
-1.099528086285425990e-02
-1.403506231292850903e-01
4.142757878746261557e-02
-2.952384876981036244e-01
-6.857315722793506582e-03
-4.112000621763225419e-04
-2.340322134783781507e-03
1.594572075762142604e-01
-3.805625022200257584e-02
3.196645782761692867e-01
-1.905619541021155369e-02
1.846952859992705750e-03
-3.041307458543335632e-02
-1.329599500530752043e-01
9.606607813665643536e-02
1.619270711534916141e-01
3.808742935767085291e-03
2.723824648849482947e-03
2.010477382333862584e-03
1.077107157610189721e-02
-7.073463866624605731e-03
-1.905619541021155369e-02
1.233205507698775932e-01
-8.820987464857657501e-02
-1.405387922555542679e-01
7.058839019607725251e-02
-1.007233494977498728e-01
-1.035664475107116733e-01
1.279823486555885757e-02
-1.804214963708192232e-02
-2.499303186565045992e-02
2.187681533689794094e-03
-3.300445196382047934e-04
1.846952859992705750e-03
-8.828250271957657769e-02
1.085295094576979175e-01
1.174139000760013735e-01
1.245458934459361816e-01
-1.112430810702045719e-01
-2.398533752268975083e-01
6.691049185620356887e-04
-1.416071547493919641e-03
1.106016833519125929e-03
1.970926448488462962e-02
-1.099528086285425990e-02
-3.041307458543335632e-02
-1.388444999640263688e-01
1.192910955801395195e-01
2.608363820524677856e-01
2.761535905525175361e-01
-1.071513750772744161e-01
1.456516425174062858e-02
-1.321216757308838960e-02
3.116308185820917606e-03
-4.218660246313268880e-04
-1.313040053634858262e-01
3.525869555856087773e-02
-1.403984049531933342e-01
-1.313895700043607728e-01
7.156056587265227642e-02
1.267135931027918438e-01
-1.076676585876077535e-01
9.688183589976859245e-02
5.987338175142203900e-02
-1.505504576547960806e-02
3.499177792700459283e-02
-7.038071320808756207e-03
3.904013157568264614e-02
-4.527088323266953429e-02
4.778149720184704519e-02
8.346307408708672493e-02
-8.654060633951812798e-02
-1.016595235221252475e-01
1.247567744129869823e-02
5.944087173363254983e-02
5.640053959257863569e-01
1.745658374487707963e-03
-6.893864726482670444e-03
-2.000983666791723847e-02
-1.824013324158252070e-01
4.917136827397047827e-02
-2.919152338666703983e-01
1.662356147341701174e-01
-1.058924738128265708e-01
-2.512462779774973232e-01
-1.321216757308838960e-02
-1.505504576547960806e-02
1.745658374487707963e-03
5.632396790988341249e-03
-5.952740357733630246e-04
1.366161946375215892e-04
3.911839633507422156e-03
7.634731784974274453e-03
-2.252661343546732552e-04
3.798941170835542884e-03
7.266943347803363901e-03
-1.291097585400121121e-03
3.116308185820917606e-03
3.499177792700459283e-02
-6.893864726482670444e-03
-4.454738651066968320e-04
-3.480211902593094431e-02
6.851797759562226232e-03
-1.127390699683915440e-03
1.689147562776296702e-03
-5.095736540922519682e-04
-2.256974124055714185e-03
-1.016286752179558365e-03
2.031024509128342113e-03
-4.218660246313268880e-04
-7.038071320808756207e-03
-2.000983666791723847e-02
1.689599977050769137e-04
6.468605311585237314e-03
1.191430943325989290e-02
3.116089123798908463e-03
1.258305696656468638e-02
3.348260343858139049e-03
-2.836603798040519559e-03
-1.065197846873697403e-02
5.848965926469450877e-03
-1.313040053634858262e-01
3.904013157568264614e-02
-1.824013324158252070e-01
3.911839633507422156e-03
-1.127390699683915440e-03
3.116089123798908463e-03
1.191931387246327884e-01
-3.841314660005927528e-02
1.594695431250721940e-01
8.656277314923120983e-03
8.832890711884290591e-04
1.934418878275040096e-02
3.525869555856087773e-02
-4.527088323266953429e-02
4.917136827397047827e-02
7.634731784974274453e-03
1.689147562776296702e-03
1.258305696656468638e-02
-3.874087803372595895e-02
4.324841499410584517e-02
-4.882817761640059762e-02
-4.120418647525566844e-03
1.009811740961786717e-03
-1.097214527442267294e-02
-1.403984049531933342e-01
4.778149720184704519e-02
-2.919152338666703983e-01
-2.252661343546732552e-04
-5.095736540922519682e-04
3.348260343858139049e-03
1.600041677414961172e-01
-4.895014682659847016e-02
3.179949828751524876e-01
-1.826048438156844395e-02
3.018019594644959832e-03
-3.068170963253578562e-02
-1.313895700043607728e-01
8.346307408708672493e-02
1.662356147341701174e-01
3.798941170835542884e-03
-2.256974124055714185e-03
-2.836603798040519559e-03
8.656277314923120983e-03
-4.120418647525566844e-03
-1.826048438156844395e-02
1.180986956649617003e-01
-7.901889042323571866e-02
-1.441467054217588084e-01
7.156056587265227642e-02
-8.654060633951812798e-02
-1.058924738128265708e-01
7.266943347803363901e-03
-1.016286752179558365e-03
-1.065197846873697403e-02
8.832890711884290591e-04
1.009811740961786717e-03
3.018019594644959832e-03
-7.880929345123571794e-02
8.518099607433271547e-02
1.116051840903767162e-01
1.267135931027918438e-01
-1.016595235221252475e-01
-2.512462779774973232e-01
-1.291097585400121121e-03
2.031024509128342113e-03
5.848965926469450877e-03
1.934418878275040096e-02
-1.097214527442267294e-02
-3.068170963253578562e-02
-1.439617083170462997e-01
1.121420730686502332e-01
2.755360901618232883e-01
5.304303858828477436e-01
-1.487079086931031302e-01
2.581695641135732244e-01
-4.475143596702858351e-05
2.310760323215793610e-02
-5.093922624670807128e-03
-1.004713557325212364e-01
7.096593488928182661e-03
-1.426914421161847024e-01
-1.048538362338675006e-01
1.051867082651508495e-01
9.924448071573879759e-02
-8.632369793626964993e-02
4.142453876591720707e-01
7.393585905265334657e-02
-2.001099357340831164e-02
-2.704513926075568508e-01
1.116527859266896877e-01
4.088057548959469871e-03
-2.941230426964462283e-02
-1.317168612797874928e-02
1.242158362578610897e-01
-1.180670502528792382e-01
-1.255762715906847404e-01
1.899171928709496859e-01
5.474185051500348592e-02
5.996079032677853471e-01
7.950052433555024334e-03
9.584513741572381340e-02
-9.366651441383248844e-02
-1.917046861751778297e-01
-2.092325656402117470e-02
-2.741392726215038933e-01
1.276586929168709028e-01
-1.224959134163789432e-01
-1.807260000072231088e-01
-4.475143596702858351e-05
-2.001099357340831164e-02
7.950052433555024334e-03
7.045818691176381453e-03
-2.551578628862554571e-02
-1.234161849484521206e-02
-1.219266256892732013e-02
1.031554339037661638e-02
-4.731214355098951191e-03
-1.228302178486302340e-02
1.431787465270427731e-02
-5.157192590160715115e-03
2.310760323215793610e-02
-2.704513926075568508e-01
9.584513741572381340e-02
8.544286324374501113e-03
2.412133671548060965e-01
-1.183420053823165119e-01
-1.124576363769410649e-02
1.135141552362251352e-02
-7.036964713161347404e-03
-1.008846242747658134e-02
-3.027240943017495307e-03
5.055140277830974006e-03
-5.093922624670807128e-03
1.116527859266896877e-01
-9.366651441383248844e-02
-2.536112776986955766e-03
-1.149495551352746336e-01
1.778679659749484165e-01
-8.597856470434393772e-03
3.579315634978020438e-02
-1.776442420997366087e-02
3.834985761231680945e-03
-2.625362239595260827e-02
4.553036571443511323e-03
-1.004713557325212364e-01
4.088057548959469871e-03
-1.917046861751778297e-01
-1.219266256892732013e-02
-1.124576363769410649e-02
-8.597856470434393772e-03
1.108617545244207636e-01
-2.902425108832753717e-02
1.460287739547929120e-01
2.964809412592326731e-03
-1.125567063288682168e-02
1.207562251346794811e-02
7.096593488928182661e-03
-2.941230426964462283e-02
-2.092325656402117470e-02
1.031554339037661638e-02
1.135141552362251352e-02
3.579315634978020438e-02
-2.564960330327572396e-03
3.692012411141713107e-02
1.848926013956146350e-02
-1.477883525704605343e-02
3.906361865336515672e-03
-2.262641029114236674e-02
-1.426914421161847024e-01
-1.317168612797874928e-02
-2.741392726215038933e-01
-4.731214355098951191e-03
-7.036964713161347404e-03
-1.776442420997366087e-02
1.605972768728815836e-01
2.638408716770634585e-02
2.731417845941371270e-01
-8.970201952655479372e-03
-4.463847265855388005e-03
-2.327668884036512148e-02
-1.048538362338675006e-01
1.242158362578610897e-01
1.276586929168709028e-01
-1.228302178486302340e-02
-1.008846242747658134e-02
3.834985761231680945e-03
2.964809412592326731e-03
-1.477883525704605343e-02
-8.970201952655479372e-03
1.216924581085974122e-01
-1.135720085548348746e-01
-1.214685745937837125e-01
1.051867082651508495e-01
-1.180670502528792382e-01
-1.224959134163789432e-01
1.431787465270427731e-02
-3.027240943017495307e-03
-2.625362239595260827e-02
-1.125567063288682168e-02
3.906361865336515672e-03
-4.463847265855388005e-03
-1.341336606418350175e-01
1.579438469549436508e-01
1.307652031673236792e-01
9.924448071573879759e-02
-1.255762715906847404e-01
-1.807260000072231088e-01
-5.157192590160715115e-03
5.055140277830974006e-03
4.553036571443511323e-03
1.207562251346794811e-02
-2.262641029114236674e-02
-2.327668884036512148e-02
-1.211712051646628013e-01
1.343654627906310239e-01
1.980700555023321152e-01
2.734747969728349992e-01
-1.034128092619905348e-01
2.851114203020855067e-02
-2.115907498826009869e-02
1.377411137686341235e-02
-2.904323515083376446e-03
-1.275855914607724184e-01
1.502520309632096075e-02
-1.355258764364688784e-01
-1.317709213236782084e-01
7.453346401988904246e-02
1.155977409588819782e-01
-1.004132677109905170e-01
2.017343567188976672e-01
8.854823619989933559e-02
-1.021006376952206425e-02
-5.012925500577791738e-02
-3.074172661890896925e-04
2.367765648304256954e-02
-4.655129555208657038e-02
2.680490594117042671e-02
1.058865603189215743e-01
-1.155573179966251085e-01
-1.160227513352727752e-01
3.343699686725209314e-02
7.566492505442574956e-02
5.754998740493031395e-01
2.175007506707382285e-03
9.009660679133141281e-03
-5.081954741044198559e-02
-1.819976134307146609e-01
1.509567159287087540e-02
-2.877123844468948421e-01
1.531622225028893558e-01
-1.042781037123581694e-01
-2.270739782144137742e-01
-2.115907498826009869e-02
-1.021006376952206425e-02
2.175007506707382285e-03
1.005007528481518565e-02
-1.314291218315314855e-02
4.294229790935430099e-03
4.472442425517005396e-03
1.216718988618677340e-02
-5.498495257937780455e-03
4.733873951313807664e-03
1.287198880862418932e-02
-2.848883952981080738e-03
1.377411137686341235e-02
-5.012925500577791738e-02
9.009660679133141281e-03
-1.206176037048647780e-02
6.565706120206668550e-02
-1.499759638837774682e-02
-2.800947122011440693e-03
-1.736334786357089004e-03
-2.673236031627086100e-04
-1.360396612864366939e-03
-1.565854875803966012e-02
8.829163495531972342e-03
-2.904323515083376446e-03
-3.074172661890896925e-04
-5.081954741044198559e-02
2.447792083574160029e-03
1.516782561207315801e-03
6.310449535245350738e-02
-9.447122795864556621e-04
3.610937112941645794e-02
-5.558747366376536048e-03
1.527059861744008281e-03
-3.086524841525918259e-02
5.399081287672561139e-03
-1.275855914607724184e-01
2.367765648304256954e-02
-1.819976134307146609e-01
4.472442425517005396e-03
-2.800947122011440693e-03
-9.447122795864556621e-04
1.142886365303525803e-01
-2.450644931500920928e-02
1.530131998669751747e-01
1.033910064568855855e-02
1.862978796226359311e-03
1.664156959499402122e-02
1.502520309632096075e-02
-4.655129555208657038e-02
1.509567159287087540e-02
1.216718988618677340e-02
-1.736334786357089004e-03
3.610937112941645794e-02
-2.538725817034253457e-02
5.120506627661479404e-02
-2.584209399103394242e-02
-8.317972538073007890e-03
6.600961861406106843e-03
-1.485240202835307229e-02
-1.355258764364688784e-01
2.680490594117042671e-02
-2.877123844468948421e-01
-5.498495257937780455e-03
-2.673236031627086100e-04
-5.558747366376536048e-03
1.572087217867829956e-01
-2.575669513392226176e-02
3.239240685620035087e-01
-1.903654195432925508e-02
-2.485130611719427174e-03
-3.069967095474871940e-02
-1.317709213236782084e-01
1.058865603189215743e-01
1.531622225028893558e-01
4.733873951313807664e-03
-1.360396612864366939e-03
1.527059861744008281e-03
1.033910064568855855e-02
-8.317972538073007890e-03
-1.903654195432925508e-02
1.263394126519767069e-01
-1.017801352786280589e-01
-1.350736488665553181e-01
7.453346401988904246e-02
-1.155573179966251085e-01
-1.042781037123581694e-01
1.287198880862418932e-02
-1.565854875803966012e-02
-3.086524841525918259e-02
1.862978796226359311e-03
6.600961861406106843e-03
-2.485130611719427174e-03
-1.006975664766280448e-01
1.293975987188292209e-01
1.234550672533624854e-01
1.155977409588819782e-01
-1.160227513352727752e-01
-2.270739782144137742e-01
-2.848883952981080738e-03
8.829163495531972342e-03
5.399081287672561139e-03
1.664156959499402122e-02
-1.485240202835307229e-02
-3.069967095474871940e-02
-1.347265803897920999e-01
1.230535666397908345e-01
2.404436664864867401e-01
2.770428931981374632e-01
-1.015737782469448569e-01
2.683125853404066952e-02
-1.917427184162691367e-02
1.074002713615537438e-02
-8.879597391436753161e-04
-1.261276995107256937e-01
2.116660208094224213e-02
-1.311890266326724008e-01
-1.300454746644340853e-01
7.037223520137779464e-02
1.149666587809078794e-01
-1.046703580102781583e-01
1.743821885556209317e-01
7.746618068101676635e-02
-1.892032199919009561e-02
-2.578792953846499938e-02
-7.667112038803759050e-03
2.742672085508770369e-02
-4.744685557350484389e-02
3.084738575125992727e-02
9.853535353831696653e-02
-1.069080382229724985e-01
-1.110864477727284416e-01
3.055493745239981629e-02
6.357290290354362938e-02
5.716897752019951540e-01
4.079737471036098961e-03
7.395311171812442644e-03
-4.038911500250418063e-02
-1.780889049090526033e-01
2.504830330486513754e-02
-2.813553468920700351e-01
1.550895362215628792e-01
-1.018115724870857358e-01
-2.276958597877720425e-01
-1.917427184162691367e-02
-1.892032199919009561e-02
4.079737471036098961e-03
1.199450776870658771e-02
-8.977948550896760853e-04
4.407172720892144589e-03
2.830577236489402633e-03
1.440343371169903325e-02
-3.712154761539991285e-03
3.207338385663510791e-03
1.467510763414450400e-02
-3.425677803067649074e-03
1.074002713615537438e-02
-2.578792953846499938e-02
7.395311171812442644e-03
-8.342207687756326637e-03
3.862855909933063381e-02
-4.859032775086171568e-03
1.303861132776765186e-03
-3.447921845745766014e-03
2.815858040342381421e-03
-1.327066067059367183e-03
-9.574021110244960997e-03
7.229516074377249218e-03
-8.879597391436753161e-04
-7.667112038803759050e-03
-4.038911500250418063e-02
1.595730934339440951e-03
3.630813065252023065e-03
5.090261231217879656e-02
-4.271554722188575758e-04
3.143127697639771373e-02
-5.561804309458543046e-03
2.899022460143762733e-04
-2.658358749269467552e-02
3.945845671506309667e-03
-1.261276995107256937e-01
2.742672085508770369e-02
-1.780889049090526033e-01
2.830577236489402633e-03
1.303861132776765186e-03
-4.271554722188575758e-04
1.107321375334084368e-01
-2.734645294877883701e-02
1.537139807532888480e-01
8.938730722509133017e-03
1.845474171193920527e-03
1.679555840161035124e-02
2.116660208094224213e-02
-4.744685557350484389e-02
2.504830330486513754e-02
1.440343371169903325e-02
-3.447921845745766014e-03
3.143127697639771373e-02
-2.831517014177883235e-02
4.842467645751977190e-02
-3.055303192537548590e-02
-6.409661840226050719e-03
4.872934083333347807e-03
-1.459161416568571790e-02
-1.311890266326724008e-01
3.084738575125992727e-02
-2.813553468920700351e-01
-3.712154761539991285e-03
2.815858040342381421e-03
-5.561804309458543046e-03
1.515427191634648174e-01
-2.993130040241959167e-02
3.180392254797287932e-01
-1.767189425783911166e-02
-8.183214320002611935e-04
-3.309782598551252314e-02
-1.300454746644340853e-01
9.853535353831696653e-02
1.550895362215628792e-01
3.207338385663510791e-03
-1.327066067059367183e-03
2.899022460143762733e-04
8.938730722509133017e-03
-6.409661840226050719e-03
-1.767189425783911166e-02
1.216299766845604924e-01
-9.205377281777243903e-02
-1.371559816075079985e-01
7.037223520137779464e-02
-1.069080382229724985e-01
-1.018115724870857358e-01
1.467510763414450400e-02
-9.574021110244960997e-03
-2.658358749269467552e-02
1.845474171193920527e-03
4.872934083333347807e-03
-8.183214320002611935e-04
-9.272386454810578604e-02
1.155471023805064307e-01
1.207858289019802661e-01
1.149666587809078794e-01
-1.110864477727284416e-01
-2.276958597877720425e-01
-3.425677803067649074e-03
7.229516074377249218e-03
3.945845671506309667e-03
1.679555840161035124e-02
-1.459161416568571790e-02
-3.309782598551252314e-02
-1.372674124832786169e-01
1.208741501194955520e-01
2.442722424031570638e-01
2.541398730702291719e-01
-1.190896468322151514e-01
9.068065780391848518e-03
-1.039733712712940551e-02
-3.543246609464057242e-03
-1.744428171310364022e-03
-1.229049175390537763e-01
3.367700225178558993e-02
-1.321168432074725785e-01
-1.264394520646115183e-01
5.970695603988717542e-02
1.188543630651210103e-01
-1.102244672478818188e-01
1.319940843050562973e-01
5.694726951594596305e-03
-1.529994443856832684e-02
2.875469743910062312e-02
-7.939704155123251603e-03
3.976293627615355014e-02
-4.408818367133140320e-02
4.166030068718832441e-02
8.542424037835989747e-02
-8.131966165311521610e-02
-9.943746373612735723e-02
1.153848779036559941e-02
5.621267364328446509e-02
5.853597078295237344e-01
-1.330275092560117027e-03
-8.815793040994253718e-03
-2.022885921908103984e-02
-1.759267438131207062e-01
5.692880337091580506e-02
-2.793088255797284147e-01
1.668979511095357859e-01
-1.000259455506496559e-01
-2.527861578744902138e-01
-1.039733712712940551e-02
-1.529994443856832684e-02
-1.330275092560117027e-03
4.938704239837213815e-03
1.598271411985666352e-03
1.383778836444276607e-02
2.663954708358608377e-03
1.279970091508536231e-02
-3.222318357347076900e-03
3.068265218336984918e-03
4.500173518328426728e-03
4.791816052696086493e-04
-3.543246609464057242e-03
2.875469743910062312e-02
-8.815793040994253718e-03
4.530931669856659160e-04
-3.453242064395624367e-02
4.538296690392510345e-03
4.777955566349008885e-03
-2.704587353482218806e-02
1.289219689691245563e-02
3.697888499958772168e-03
-2.870085978818888005e-03
1.862500660404876407e-03
-1.744428171310364022e-03
-7.939704155123251603e-03
-2.022885921908103984e-02
3.502649728936298949e-03
1.112278946054900963e-02
2.033137554398822822e-02
-2.383921976774295778e-03
2.421172188214749943e-02
-7.091318162672841444e-03
1.490974721233149320e-03
-1.410691704365185303e-02
-2.343990602005907586e-03
-1.229049175390537763e-01
3.976293627615355014e-02
-1.759267438131207062e-01
2.663954708358608377e-03
4.777955566349008885e-03
-2.383921976774295778e-03
1.131431771932841501e-01
-4.524856769344846874e-02
1.558562329773512112e-01
8.519136848730650066e-03
4.635450774593019227e-03
1.530741528049173357e-02
3.367700225178558993e-02
-4.408818367133140320e-02
5.692880337091580506e-02
1.279970091508536231e-02
-2.704587353482218806e-02
2.421172188214749943e-02
-4.199758835044847122e-02
3.899718900283091066e-02
-5.317131980259751783e-02
3.681695560345114079e-04
6.163143204205944956e-03
-1.170833329114828042e-02
-1.321168432074725785e-01
4.166030068718832441e-02
-2.793088255797284147e-01
-3.222318357347076900e-03
1.289219689691245563e-02
-7.091318162672841444e-03
1.560233960652328278e-01
-5.570567534133860632e-02
3.071872959416152016e-01
-1.863386710356671611e-02
2.266336567617864908e-03
-3.247472242405814030e-02
-1.264394520646115183e-01
8.542424037835989747e-02
1.668979511095357859e-01
3.068265218336984918e-03
3.697888499958772168e-03
1.490974721233149320e-03
8.519136848730650066e-03
3.681695560345114079e-04
-1.863386710356671611e-02
1.184161198089772604e-01
-7.312557813345159363e-02
-1.600725321011987334e-01
5.970695603988717542e-02
-8.131966165311521610e-02
-1.000259455506496559e-01
4.500173518328426728e-03
-2.870085978818888005e-03
-1.410691704365185303e-02
4.635450774593019227e-03
6.163143204205944956e-03
2.266336567617864908e-03
-7.285512186045159377e-02
7.073115948059656433e-02
1.285790156470511258e-01
1.188543630651210103e-01
-9.943746373612735723e-02
-2.527861578744902138e-01
4.791816052696086493e-04
1.862500660404876407e-03
-2.343990602005907586e-03
1.530741528049173357e-02
-1.170833329114828042e-02
-3.247472242405814030e-02
-1.414824002272106196e-01
1.085405259930754679e-01
2.691676181469125351e-01
