5.731363908843325472e-01
1.345058056666706804e-03
-7.089611866666660966e-04
-6.533393398570003230e-01
-4.835814710001248786e-04
2.100987000041383639e-06
1.345058056666706804e-03
-4.558977547866682745e-02
-4.410799588499999570e-03
-2.310423360001249548e-04
2.462096054899999900e-02
-4.611346000000146753e-06
-7.089611866666660966e-04
-4.410799588499999570e-03
-4.650665149333348125e-02
2.261305000041367592e-06
-4.610167000000131361e-06
2.199916399599999642e-02
-6.533393398570003230e-01
-2.310423360001249548e-04
2.261305000041367592e-06
5.732272498859991572e-01
1.345058056666782699e-03
7.089611866666655545e-04
-4.835814710001248786e-04
2.462096054899999900e-02
-4.610167000000131361e-06
1.345058056666782699e-03
-4.558974121200015661e-02
4.410799588499999570e-03
2.100987000041383639e-06
-4.611346000000146753e-06
2.199916399599999642e-02
7.089611866666655545e-04
4.410799588499999570e-03
-4.650665149333348125e-02
5.724192789516675817e-02
-7.537799883333297759e-04
4.883120129999981825e-04
-3.530773347900000025e-02
1.658999999991359171e-07
3.563610000002513278e-07
-7.537799883333297759e-04
3.077577141483335207e-02
-6.605295033333330522e-05
1.055099999913596318e-08
-3.060418738899996216e-02
-1.000000036405356314e-12
4.883120129999981825e-04
-6.605295033333330522e-05
3.059520291783335635e-02
8.509000000251539298e-09
-3.647876802953312757e-20
-3.119979050799995615e-02
-3.530773347900000025e-02
1.055099999913596318e-08
8.509000000251539298e-09
5.724192789516675817e-02
-9.391599049999952570e-04
-4.883120129999981825e-04
1.658999999991359171e-07
-3.060418738899996216e-02
-3.647876802953312757e-20
-9.391599049999952570e-04
3.074947094683334881e-02
6.605295033333323745e-05
3.563610000002513278e-07
-1.000000036405356314e-12
-3.119979050799995615e-02
-4.883120129999981825e-04
6.605295033333323745e-05
3.058061868850002127e-02
1.596435991833333734e-02
-4.814053983333339989e-04
9.312679366666708474e-05
-1.205712702699997599e-02
1.181270000032974426e-07
2.513339999988819885e-07
-4.814053983333339989e-04
3.018949073233328020e-02
-4.762964966666665561e-05
-3.661999999670266586e-08
-3.000715553799997160e-02
-1.000000019046664804e-12
9.312679366666708474e-05
-4.762964966666665561e-05
3.037846548549994266e-02
-6.248100000111811206e-08
-1.911378697287404725e-20
-3.031900179799995945e-02
-1.205712702699997599e-02
-3.661999999670266586e-08
-6.248100000111811206e-08
1.596435991833333734e-02
-6.667853150000023531e-04
-9.312679366666709829e-05
1.181270000032974426e-07
-3.000715553799997160e-02
-1.911378697287404725e-20
-6.667853150000023531e-04
3.017435448733327835e-02
4.762964966666664206e-05
2.513339999988819885e-07
-1.000000019046664804e-12
-3.031900179799995945e-02
-9.312679366666709829e-05
4.762964966666664206e-05
3.037846548549994266e-02
1.929769243166640268e-03
-2.062488996666685505e-04
9.895176400000007286e-05
1.361691645400002135e-02
5.175000007009454909e-09
2.313019999975944154e-07
-2.062488996666685505e-04
2.734155958033324466e-02
4.366312826666666450e-04
-5.438824099999315693e-05
-2.454082585499999664e-02
4.259999999340664955e-10
9.895176400000007286e-05
4.366312826666666450e-04
2.802969857699991532e-02
-2.150000000240239119e-08
2.129999999306894132e-10
-2.567268338799999147e-02
1.361691645400002135e-02
-5.438824099999315693e-05
-2.150000000240239119e-08
1.925272883833306246e-03
-2.062488996666716405e-04
-9.895176400000001865e-05
5.175000007009454909e-09
-2.454082585499999664e-02
2.129999999306894132e-10
-2.062488996666716405e-04
2.732954749966657812e-02
-4.366312826666666450e-04
2.313019999975944154e-07
4.259999999340664955e-10
-2.567268338799999147e-02
-9.895176400000001865e-05
-4.366312826666666450e-04
2.809481007599991600e-02
1.602132189277718721e+00
-2.237787004073647811e-04
-7.636746466660633559e-05
-1.391654055114001087e+00
-2.050504597000258559e-03
-9.993756039999115472e-04
-2.237787004073647811e-04
-1.307788724904555486e-02
2.762327603194856669e-10
-1.507521367000259340e-03
1.075111496000000309e-03
-3.291251554999992607e-04
-7.636746466660633559e-05
2.762327603194856669e-10
-8.898877030333341223e-03
3.107963300008609580e-05
1.903174700000085515e-05
1.281615339600000042e-02
-1.391654055114001087e+00
-1.507521367000259340e-03
3.107963300008609580e-05
1.605082846968687971e+00
-7.890144290532891721e-06
8.447123366660598705e-05
-2.050504597000258559e-03
1.075111496000000309e-03
1.903174700000085515e-05
-7.890144290532891721e-06
-1.307788734368113548e-02
-2.787318885612727880e-10
-9.993756039999115472e-04
-3.291251554999992607e-04
1.281615339600000042e-02
8.447123366660598705e-05
-2.787318885612727880e-10
-9.209690660333339635e-03
7.781591641162195760e-02
-5.779398677326167419e-05
3.634927713337129202e-04
-7.817329666099998020e-02
-6.610499999422957018e-08
-1.969060000018912159e-07
-5.779398677326167419e-05
1.089065762513782148e-01
1.502340326618837235e-11
-6.584199999422957637e-08
-1.095860391809999057e-01
1.480000000323197619e-10
3.634927713337129202e-04
1.502340326618837235e-11
1.069664345289997459e-01
-1.791900000018911650e-07
2.060000000323230254e-10
-1.090576930099999425e-01
-7.817329666099998020e-02
-6.584199999422957637e-08
-1.791900000018911650e-07
7.521942090596564490e-02
-5.779939499801891927e-05
-3.634927713337129202e-04
-6.610499999422957018e-08
-1.095860391809999057e-01
2.060000000323230254e-10
-5.779939499801891250e-05
1.088965369760344915e-01
-1.502340322999177592e-11
-1.969060000018912159e-07
1.480000000323197619e-10
-1.090576930099999425e-01
-3.634927713337129202e-04
-1.502340322999177592e-11
1.069664345289997459e-01
-1.340668755729314821e-01
3.335310597231214234e-07
1.425683334168436541e-07
1.319653355619998247e-01
-3.236969999670854544e-07
-6.489250000108806633e-07
3.335310597231214763e-07
4.204075085326500899e-02
-7.684522255436457473e-11
-3.205409999670855816e-07
-4.721282229099998257e-02
1.020000000909986012e-10
1.425683334168436541e-07
-7.684522255436457473e-11
4.352400628300003016e-02
-6.342350000108808937e-07
2.480000000910014187e-10
-4.572507605300000361e-02
1.319653355619998247e-01
-3.205409999670855816e-07
-6.342350000108808937e-07
-1.340105550562456782e-01
3.249045229347713693e-07
-1.394866667501791399e-07
-3.236969999670854544e-07
-4.721282229099998257e-02
2.480000000910014187e-10
3.249045229347713693e-07
4.178622774757923680e-02
7.684856812537889204e-11
-6.489250000108806633e-07
1.020000000909986012e-10
-4.572507605300000361e-02
-1.394866667501791399e-07
7.684856812537889204e-11
4.369054332900002696e-02
-9.956169354916652448e-02
6.132973333253816512e-07
1.889516666666669587e-07
1.062398445749999920e-01
-1.722249999748815509e-07
-3.926330000084138093e-07
6.132973333253816512e-07
3.027794664899998225e-02
-2.699999999998842963e-11
-1.775319999748815600e-07
-3.049985841500000780e-02
4.699999995934074404e-11
1.889516666666669587e-07
-2.699999999998842963e-11
2.985592351983330089e-02
-3.827450000084136614e-07
9.533999999593424556e-10
-3.116287392800000042e-02
1.062398445749999920e-01
-1.775319999748815600e-07
-3.827450000084136614e-07
-9.939343891416645149e-02
5.938776666428250813e-07
-1.826613333333338424e-07
-1.722249999748815509e-07
-3.049985841500000780e-02
9.533999999593424556e-10
5.938776666428250813e-07
3.038606380499994306e-02
2.366666666663310674e-11
-3.926330000084138093e-07
4.699999995934074404e-11
-3.116287392800000042e-02
-1.826613333333338424e-07
2.366666666663310674e-11
2.973481569966663143e-02
-7.971239677411569302e-02
6.734489592152100227e-07
2.233460000039811544e-07
7.808492116199995670e-02
-2.603143999982322482e-06
-9.519610000058878685e-07
6.734489592152100227e-07
1.755702377728225738e-02
-5.849926818281568059e-12
-4.627379999823227110e-07
-1.814703269899999721e-02
-9.249999999953038999e-10
2.233460000039811544e-07
-5.849926818281568059e-12
1.773413435783333103e-02
-9.979490000058880285e-07
9.945454550273171548e-12
-1.806794790700001416e-02
7.808492116199995670e-02
-4.627379999823227110e-07
-9.979490000058880285e-07
-7.969452218049144498e-02
7.050605080697973461e-07
-2.422190000039772762e-07
-2.603143999982322482e-06
-1.814703269899999721e-02
9.945454550273171548e-12
7.050605080697972402e-07
1.764836309065812361e-02
5.837245238995469109e-12
-9.519610000058878685e-07
-9.249999999953038999e-10
-1.806794790700001416e-02
-2.422190000039772762e-07
5.837245238995469109e-12
1.765186450900000856e-02
1.101528942336500227e+00
-7.380562876664550648e-04
-1.560194933333449647e-05
-1.186295045041999563e+00
2.435326879997674529e-04
4.353133000078346465e-06
-7.380562876664550648e-04
-5.240546869483351383e-02
-9.015939383333327044e-04
2.438945579997674380e-04
7.998666682800005534e-02
9.172000000806050457e-09
-1.560194933333449647e-05
-9.015939383333327044e-04
-4.490920880066664317e-02
4.714694000078327874e-06
8.070324200000090630e-05
9.338114359800003816e-02
-1.186295045041999563e+00
2.438945579997674380e-04
4.714694000078327874e-06
1.109060744329833703e+00
-1.022184858999928463e-03
1.961920366666793512e-05
2.435326879997674529e-04
7.998666682800005534e-02
8.070324200000090630e-05
-1.022184858999928463e-03
-5.189889990350018273e-02
9.025541259999997866e-04
4.353133000078346465e-06
9.172000000806050457e-09
9.338114359800003816e-02
1.961920366666793512e-05
9.025541259999997866e-04
-4.559471177399995745e-02
1.668188712382705774e-01
-5.179281692293224790e-07
2.178103385869864455e-07
-1.668162179230001374e-01
1.760819999800057357e-07
3.669450000066602279e-07
-5.179281692293223732e-07
5.694017703922859414e-02
2.322261739147615131e-08
1.663089999800058242e-07
-5.797394933300002023e-02
1.165999999999618986e-08
2.178103385869864455e-07
2.322261739147615131e-08
5.689460662250003103e-02
3.308860000066607122e-07
1.215799999999617883e-08
-5.803704337800000973e-02
-1.668162179230001374e-01
1.663089999800058242e-07
3.308860000066607122e-07
1.668305300662666080e-01
-5.266055315505343746e-07
-2.206153385729600871e-07
1.760819999800057357e-07
-5.797394933300002023e-02
1.215799999999617883e-08
-5.266055315505343746e-07
5.779892867689923053e-02
-2.316061675690162197e-08
3.669450000066602279e-07
1.165999999999618986e-08
-5.803704337800000973e-02
-2.206153385729600871e-07
-2.316061675690162197e-08
5.790282370883337998e-02
-9.625742075266684183e-02
6.596073333256925610e-07
2.198849999999996161e-07
9.657364040999992516e-02
-2.187029999773860960e-07
-4.465470000075423072e-07
6.596073333256925610e-07
2.857554277400006781e-02
-3.893333333333204600e-10
-2.182069999773860630e-07
-2.653046633800002635e-02
3.809999999957615033e-10
2.198849999999996161e-07
-3.893333333333204600e-10
2.832503598983333870e-02
-4.512800000075422477e-07
3.649454545412152178e-10
-2.659856406300002002e-02
9.657364040999992516e-02
-2.182069999773860630e-07
-4.512800000075422477e-07
-9.623366373833344700e-02
6.600796666437175888e-07
-2.199993333333329291e-07
-2.187029999773860960e-07
-2.653046633800002635e-02
3.649454545412152178e-10
6.600796666437175888e-07
2.871177635666673222e-02
3.859999999999601515e-10
-4.465470000075423072e-07
3.809999999957615033e-10
-2.659856406300002002e-02
-2.199993333333329291e-07
3.859999999999601515e-10
2.830016120950003267e-02
9.079871302748367956e-01
-6.708681616664841562e-04
-4.300906356666694724e-04
-1.002528738927999319e+00
-2.275178869000203056e-03
3.601787000068043676e-06
-6.708681616664841562e-04
-8.972119150400025001e-02
4.972059449999995383e-05
-1.924880014000203031e-03
1.022976503000001119e-01
-9.649999999630533546e-09
-4.300906356666694724e-04
4.972059449999995383e-05
-9.857768901466677780e-02
4.154245000068020710e-06
-6.066999999608983285e-09
1.063957896100001521e-01
-1.002528738927999319e+00
-1.924880014000203031e-03
4.154245000068020710e-06
9.091952681178366857e-01
-6.708678733332728997e-04
4.163368223333359808e-04
-2.275178869000203056e-03
1.022976503000001119e-01
-6.066999999608983285e-09
-6.708678733332728997e-04
-8.956414074933358171e-02
-1.428286149999999976e-05
3.601787000068043676e-06
-9.649999999630533546e-09
1.063957896100001521e-01
4.163368223333359808e-04
-1.428286149999999976e-05
-9.828427368400011188e-02
2.464605395448324632e-01
-1.275097333287730570e-06
-8.737150533333323040e-05
-3.171104529149999518e-01
4.254049999407892371e-07
9.377070000196521375e-07
-1.275097333287730570e-06
-1.787653811333329672e-03
5.018999999983952011e-09
4.663099999407894303e-07
5.216780843999998217e-03
1.204999999915994924e-09
-8.737150533333323040e-05
5.018999999983952011e-09
-4.317784856666673221e-04
9.495310000196518866e-07
1.416999999915999775e-09
3.842524458000000712e-03
-3.171104529149999518e-01
4.663099999407894303e-07
9.495310000196518866e-07
2.531589531691658679e-01
-1.282704999984363716e-06
8.737150533333323040e-05
4.254049999407892371e-07
5.216780843999998217e-03
1.416999999915999775e-09
-1.282704999984363716e-06
-2.197690355999992913e-03
-5.018999999994651593e-09
9.377070000196521375e-07
1.204999999915994924e-09
3.842524458000000712e-03
8.737150533333323040e-05
-5.018999999994651593e-09
-5.297701213333340505e-04
1.340691536754997359e-01
-5.464763333101432241e-07
1.950819999999994436e-07
-1.542699865600001552e-01
-9.102942000026673504e-06
4.787300000088762164e-07
-5.464763333101432241e-07
7.821379373833321769e-03
4.465333333333372094e-09
2.697589999733307181e-07
-9.091182589000011693e-03
1.340999999987067260e-09
1.950819999999994436e-07
4.465333333333372094e-09
1.098908718016662622e-02
5.445500000088757827e-07
1.144999999987653167e-09
-9.303559777000010647e-03
-1.542699865600001552e-01
2.697589999733307181e-07
5.445500000088757827e-07
1.358447243534997018e-01
-5.446053333254746489e-07
-1.951016666666660973e-07
-9.102942000026673504e-06
-9.091182589000011693e-03
1.144999999987653167e-09
-5.446053333254746489e-07
7.482453489499988307e-03
-4.522333333333348219e-09
4.787300000088762164e-07
1.340999999987067260e-09
-9.303559777000010647e-03
-1.951016666666660973e-07
-4.522333333333348219e-09
1.117023307949994645e-02
-3.103306755733327774e-02
1.934979999977124320e-07
6.676699999999975341e-08
3.193750620599998535e-02
-6.588699999301884673e-08
-1.343750000023242159e-07
1.934979999977124320e-07
6.314616449666687024e-03
-2.333333333329245110e-12
-6.590199999301882404e-08
-6.065989507000007011e-03
2.000000002624356873e-12
6.676699999999975341e-08
-2.333333333329245110e-12
6.135300127166692756e-03
-1.331950000023242014e-07
1.402597405221975066e-12
-6.022793289000006461e-03
3.193750620599998535e-02
-6.590199999301882404e-08
-1.331950000023242014e-07
-3.103306732499994114e-02
1.933506666598010273e-07
-6.677433333333307741e-08
-6.588699999301884673e-08
-6.065989507000007011e-03
1.402597405221975066e-12
1.933506666598010273e-07
6.338160217000032327e-03
2.333333333321067008e-12
-1.343750000023242159e-07
2.000000002624356873e-12
-6.022793289000006461e-03
-6.677433333333307741e-08
2.333333333321067008e-12
6.145282029166700480e-03
-2.814621530733331031e-02
1.754746666646426206e-07
5.989133333333314740e-08
2.938467347999997037e-02
-5.850699999369772653e-08
-1.180660000021048437e-07
1.754746666646426206e-07
4.897583573666691031e-03
-2.999999999996332759e-12
-5.833599999369773115e-08
-4.923385642999999340e-03
4.999999995831006987e-12
5.989133333333314740e-08
-2.999999999996332759e-12
4.864887944000022280e-03
-1.180000000021048350e-07
7.857142852973884959e-12
-4.991174613999999413e-03
2.938467347999997037e-02
-5.833599999369773115e-08
-1.180000000021048350e-07
-2.816456109333331792e-02
1.754746666605914208e-07
-5.989866666666647140e-08
-5.850699999369772653e-08
-4.923385642999999340e-03
7.857142852973884959e-12
1.754746666605914208e-07
4.903740548000026615e-03
2.999999999988996782e-12
-1.180660000021048437e-07
4.999999995831006987e-12
-4.991174613999999413e-03
-5.989866666666647140e-08
2.999999999988996782e-12
4.890417136000024811e-03
7.866268461568839618e-03
6.726868100903217099e-07
-2.198706667631115731e-07
-8.618384573600010312e-02
-1.715066284551612298e-07
4.719958977616405750e-07
6.726868100903216040e-07
9.692058483776448685e-02
1.333070512661451994e-09
-1.329742586279627180e-07
-9.262093981300004164e-02
1.795074264999980962e-03
-2.198706667631115731e-07
1.333070512661451994e-09
9.759233385416628270e-02
4.026053880034609523e-07
1.795074265000001779e-03
-9.262093981300004164e-02
-8.618384573600010312e-02
-1.329742586279627180e-07
4.026053880034609523e-07
-1.823363827766665349e-02
6.460089999788384414e-07
-2.006530000000004667e-07
-1.715066284551612298e-07
-9.262093981300004164e-02
1.795074265000001779e-03
6.460089999788384414e-07
9.696258271366650638e-02
7.086666666666297881e-10
4.719958977616405750e-07
1.795074264999980962e-03
-9.262093981300004164e-02
-2.006530000000004667e-07
7.086666666666297881e-10
9.667521891616626117e-02
-1.170852011029220735e-01
7.919224119594950710e-07
2.636596666434826442e-07
1.180907337049999090e-01
-2.929439999693284928e-07
-5.777370000102533938e-07
7.919224119594951769e-07
4.595785249075511752e-02
-8.682351791445555837e-11
-2.914399999693285344e-07
-4.888008161200005364e-02
4.399999997126622375e-11
2.636596666434826442e-07
-8.682351791445555837e-11
4.678569261599988677e-02
-5.847420000102532107e-07
1.979999999712650263e-10
-4.934789784600006335e-02
1.180907337049999090e-01
-2.914399999693285344e-07
-5.847420000102532107e-07
-1.163450625690313489e-01
8.162472127835297934e-07
-2.680039999883617894e-07
-2.929439999693284928e-07
-4.888008161200005364e-02
1.979999999712650263e-10
8.162472127835298993e-07
4.743543331819782827e-02
6.171722511219535515e-11
-5.777370000102533938e-07
4.399999997126622375e-11
-4.934789784600006335e-02
-2.680039999883617894e-07
6.171722511219535515e-11
4.697575873833332444e-02
-3.048420871333338764e-02
2.721356666633833947e-07
9.577000000000009590e-08
2.952942738399999892e-02
-8.503499999035701308e-08
-1.968280000032498477e-07
2.721356666633833947e-07
2.315697892799995633e-02
5.864221197717106771e-24
-9.551499999035701163e-08
-2.296477858599999325e-02
-3.549003088284384157e-20
9.577000000000009590e-08
5.864221197717106771e-24
2.413823469149997333e-02
-1.942980000032498112e-07
-3.549020784430638818e-20
-2.354387980600000305e-02
2.952942738399999892e-02
-9.551499999035701163e-08
-1.942980000032498112e-07
-3.489275299950009290e-02
2.964939999894399687e-07
-9.711333333334720356e-08
-8.503499999035701308e-08
-2.296477858599999325e-02
-3.549020784430638818e-20
2.964939999894399687e-07
2.259972723699995092e-02
7.500117133333334004e-05
-1.968280000032498477e-07
-3.549003088284384157e-20
-2.354387980600000305e-02
-9.711333333334720356e-08
7.500117133333334004e-05
2.278743214583329318e-02
-3.322703795349992578e-02
1.883829999970921625e-07
6.420433333333329991e-08
3.483019706200003035e-02
-5.633399999091173358e-08
-1.079870000030273217e-07
1.883829999970921625e-07
1.427650439899995176e-02
3.931381565402816824e-24
-5.765599999091173046e-08
-1.464420295299999168e-02
2.096763831539293819e-21
6.420433333333329991e-08
3.931381565402816824e-24
1.405683329366662696e-02
-1.078570000030273463e-07
2.096706762998451278e-21
-1.460969389599998947e-02
3.483019706200003035e-02
-5.765599999091173046e-08
-1.078570000030273463e-07
-3.337692600683327127e-02
1.745819999913942986e-07
-6.024900000001288983e-08
-5.633399999091173358e-08
-1.464420295299999168e-02
2.096706762998451278e-21
1.745819999913942986e-07
1.347414743866661574e-02
7.036751966666667175e-05
-1.079870000030273217e-07
2.096763831539293819e-21
-1.460969389599998947e-02
-6.024900000001288983e-08
7.036751966666667175e-05
1.468051802833329929e-02
-3.080129859749998131e-02
1.189086666640549997e-07
3.763399999999993187e-08
3.281041973900003517e-02
-2.901799999161642408e-08
-6.962000000274647526e-08
1.189086666640549997e-07
1.185345120666661881e-02
-1.333333333333310376e-10
-2.986499999161642167e-08
-1.282764926100000633e-02
4.793382835619394645e-20
3.763399999999993187e-08
-1.333333333333310376e-10
1.154422482683329504e-02
-6.910600000274646153e-08
4.793387091267027360e-20
-1.204465144200001121e-02
3.281041973900003517e-02
-2.986499999161642167e-08
-6.910600000274646153e-08
-3.102114351866665926e-02
1.102209999922823435e-07
-3.258133333333332174e-08
-2.901799999161642408e-08
-1.282764926100000633e-02
4.793387091267027360e-20
1.102209999922823435e-07
1.099224688799995027e-02
3.333333333273482495e-13
-6.962000000274647526e-08
4.793382835619394645e-20
-1.204465144200001121e-02
-3.258133333333332174e-08
3.333333333273482495e-13
1.163174726683329115e-02
-2.763786067233340790e-02
5.104133333102726249e-08
1.546233333333340515e-08
3.105545028200003971e-02
-1.039499999233967865e-08
-2.699800000249169427e-08
5.104133333102726249e-08
1.001962228233328235e-02
9.467948512008089321e-25
-9.497999992339673989e-09
-1.064536060600002054e-02
6.180652271209907468e-20
1.546233333333340515e-08
9.467948512008089321e-25
9.952115281166625665e-03
-2.007200000249162617e-08
6.180784992306761454e-20
-9.635911994000018188e-03
3.105545028200003971e-02
-9.497999992339673989e-09
-2.007200000249162617e-08
-2.919474086650004213e-02
4.270166665952390075e-08
-1.439400000000005266e-08
-1.039499999233967865e-08
-1.064536060600002054e-02
6.180784992306761454e-20
4.270166665952390075e-08
9.687582232666625687e-03
-2.644134904039059768e-24
-2.699800000249169427e-08
6.180652271209907468e-20
-9.635911994000018188e-03
-1.439400000000005266e-08
-2.644134904039059768e-24
9.925840225999963545e-03
-2.292218562136657048e-02
1.383258727776059740e-07
4.837866667342654217e-08
2.172018071899999361e-02
3.287127294208522205e-08
-9.680786809360541247e-08
1.383258727776059475e-07
5.598031773699893923e-03
-5.699426235328140133e-11
3.167909090900470751e-08
-5.838257960000002578e-03
6.137108900000154757e-05
4.837866667342654217e-08
-5.699426235328140133e-11
5.654040517666687228e-03
-9.715010777569972094e-08
6.137108900000154757e-05
-5.838257960000002578e-03
2.172018071899999361e-02
3.167909090900470751e-08
-9.715010777569972094e-08
-2.139267603783337815e-02
1.415933333283782951e-07
-4.663700000000002910e-08
3.287127294208522205e-08
-5.838257960000002578e-03
6.137108900000154757e-05
1.415933333283782951e-07
5.576425037666692987e-03
2.333333333324766299e-12
-9.680786809360541247e-08
6.137108900000154757e-05
-5.838257960000002578e-03
-4.663700000000002910e-08
2.333333333324766299e-12
5.539129795666689060e-03
-5.784161602234860755e-01
-2.549164888530179418e+00
4.114858440789009308e-01
-5.107883479560010320e-01
5.907407527616294063e-01
-8.319206442918807010e-02
7.534880825237617596e-01
2.501773660737872440e+00
-2.833190225817810437e-01
-2.549164888530179418e+00
6.534997274441187720e+00
9.712732991173773645e-01
9.316130513827777793e-02
3.396037730594977377e-01
-3.032135478051990740e-02
2.934818732757710880e+00
-8.782074707544833103e+00
1.125923108752437951e+00
4.114858440789009308e-01
9.712732991173773645e-01
1.931378040867991475e+00
-2.144183644727955945e-02
-2.772376960751984920e-02
2.990182848425212286e-02
-3.330780980345138809e-01
1.128780693192370510e+00
1.048505145843562136e+00
-5.107883479560010320e-01
9.316130513827777793e-02
-2.144183644727955945e-02
4.628521429679663957e-01
-1.870967215133420569e-02
1.246743406396771080e-02
-1.450615185698872045e+00
5.997554358431145261e-01
-6.551616605559335005e-02
5.907407527616294063e-01
3.396037730594977377e-01
-2.772376960751984920e-02
-1.870967215133416406e-02
-2.782058827969646764e-01
4.429869876237879645e-02
3.315730742706863299e-01
-9.745148226701465244e-02
2.231381525131086174e-02
-8.319206442918807010e-02
-3.032135478051990740e-02
2.990182848425212286e-02
1.246743406396771080e-02
4.429869876237879645e-02
1.068351572699999946e-02
-9.409434121385476524e-02
6.093086262996980779e-02
1.372623673766359409e-01
7.534880825237617596e-01
2.934818732757710880e+00
-3.330780980345138809e-01
-1.450615185698872045e+00
3.315730742706863299e-01
-9.409434121385476524e-02
2.904297200521459565e-01
-1.924461963021052213e+00
7.431112428890527255e-01
2.501773660737872440e+00
-8.782074707544833103e+00
1.128780693192370510e+00
5.997554358431145261e-01
-9.745148226701465244e-02
6.093086262996980779e-02
-1.924461963021052657e+00
6.642464919088684638e+00
-1.573022367585346970e+00
-2.833190225817810437e-01
1.125923108752437951e+00
1.048505145843562136e+00
-6.551616605559335005e-02
2.231381525131086174e-02
1.372623673766359409e-01
7.431112428890527255e-01
-1.573022367585346970e+00
1.344733365835002470e+00
1.575347749340987591e-01
-2.967870265035350008e-01
1.621489153143953754e-01
-3.995485630169998692e-01
3.785648836211288198e-02
-1.725001441324044635e-02
-2.430487584265620879e-02
5.345976733483410737e-01
-2.011937685658695685e-01
-2.967870265035349453e-01
2.015042250032237803e+00
-4.177289869163301472e-01
2.666836660657748159e-02
4.692653899421636750e-03
-3.232731313539852908e-03
5.504002117620243606e-01
-1.662536601113915768e+00
6.487307739444303500e-01
1.621489153143953754e-01
-4.177289869163301472e-01
2.071799594656666132e-01
-9.864268270768816044e-03
-3.674460615539849612e-03
-3.667121067671625431e-03
-2.078252019938904294e-01
6.451266874605199320e-01
-1.870480908689311217e-01
-3.995485630169998692e-01
2.666836660657748159e-02
-9.864268270768816044e-03
4.725248482783517279e-01
-5.469905310373687768e-02
1.608003330229751046e-02
-1.733832407010949261e-01
9.337542776908730469e-02
-3.498306000533599885e-02
3.785648836211288198e-02
4.692653899421636750e-03
-3.674460615539849612e-03
-5.469905310373687768e-02
-3.813132718735161297e-02
6.057265248660726603e-03
8.169969399691091871e-02
-4.712497907204553360e-02
2.520330182497638669e-02
-1.725001441324044635e-02
-3.232731313539852908e-03
-3.667121067671625431e-03
1.608003330229751046e-02
6.057265248660726603e-03
-9.446467156666647595e-04
-3.089108687147619145e-02
2.545442327060543075e-02
9.058421923640395598e-03
-2.430487584265620879e-02
5.504002117620243606e-01
-2.078252019938904294e-01
-1.733832407010949261e-01
8.169969399691091871e-02
-3.089108687147619145e-02
2.446387016000613812e+00
3.407453441682315454e-01
5.631013553397997695e-01
5.345976733483410737e-01
-1.662536601113915768e+00
6.451266874605199320e-01
9.337542776908730469e-02
-4.712497907204553360e-02
2.545442327060543075e-02
3.407453441682316564e-01
4.620859188238861104e-01
1.527806522103369868e-02
-2.011937685658695685e-01
6.487307739444303500e-01
-1.870480908689311217e-01
-3.498306000533599885e-02
2.520330182497638669e-02
9.058421923640395598e-03
5.631013553397997695e-01
1.527806522103369868e-02
2.590236970036668973e-01
3.602987859899350331e-01
3.560798274994117496e-02
-1.900218196421277206e-03
-4.466805602480005688e-01
-2.152112301614838782e-02
1.647590095159111659e-02
-5.735016551836052967e-02
8.884991828871283137e-02
-6.801155283832238663e-02
3.560798274994114720e-02
5.590631790857313321e-01
-2.123317548267389943e-01
9.186618455833442734e-03
-2.210468703101224966e-02
1.657114838091251416e-02
5.858022915077427950e-02
-2.575864598060214061e-01
1.968235627427541157e-01
-1.900218196421277206e-03
-2.123317548267389943e-01
1.927782910203330036e-01
-7.030129325984414354e-03
1.657125691391250419e-02
-1.314144600698776560e-02
-4.484117516281643095e-02
1.968236505533802472e-01
-1.511178539546185751e-01
-4.466805602480005688e-01
9.186618455833442734e-03
-7.030129325984414354e-03
4.663167073154685371e-01
-1.492295096601006787e-02
1.379883791511532162e-02
-2.332177207210239106e-02
5.359317077696612759e-03
-4.186993318165042888e-03
-2.152112301614838782e-02
-2.210468703101224966e-02
1.657125691391250419e-02
-1.492295096601006787e-02
2.264447961619923955e-02
-1.168215419221496632e-02
3.540891377647913119e-02
-4.988325003405213662e-03
4.168381520318993269e-03
1.647590095159111659e-02
1.657114838091251416e-02
-1.314144600698776560e-02
1.379883791511532162e-02
-1.168215419221496632e-02
1.897284345500005118e-02
-2.671116212214623420e-02
3.819160383070796267e-03
-3.051327618492380087e-03
-5.735016551836052967e-02
5.858022915077427950e-02
-4.484117516281643095e-02
-2.332177207210239106e-02
3.540891377647913119e-02
-2.671116212214623420e-02
4.893955007910459343e-01
6.076408169965562545e-01
2.468133925511933058e-01
8.884991828871283137e-02
-2.575864598060214061e-01
1.968236505533802472e-01
5.359317077696612759e-03
-4.988325003405213662e-03
3.819160383070796267e-03
6.076408169965563655e-01
7.949770243346209186e-01
2.493215543683723751e-02
-6.801155283832238663e-02
1.968235627427541157e-01
-1.511178539546185751e-01
-4.186993318165042888e-03
4.168381520318993269e-03
-3.051327618492380087e-03
2.468133925511933058e-01
2.493215543683723751e-02
1.716234654749998478e-01
4.819983069931045860e-01
-1.095402726163016704e-02
2.850008149424288276e-02
-4.718674773999994576e-01
8.878627257135609727e-03
-1.955036713713556931e-02
-1.130937919985564033e-02
4.218323735473984183e-03
-9.290112670775894574e-03
-1.095402726163016358e-02
2.370489866562093713e-03
-2.640542076192756594e-03
9.734828614391279446e-04
-6.041798935550086319e-03
1.332130235861599121e-02
1.239815785115524517e-02
5.267534905645314749e-03
-1.160107776523417247e-02
2.850008149424288276e-02
-2.640542076192756594e-03
4.996381781333350709e-03
-2.140019725273485315e-03
1.330641764061599522e-02
-2.933874710944995093e-02
-2.728779323000426332e-02
-1.161988129907160459e-02
2.559131532721027266e-02
-4.718674773999994576e-01
9.734828614391279446e-04
-2.140019725273485315e-03
4.693054715441867808e-01
-1.537012594806527743e-03
3.225622886470153831e-03
1.710742222867412147e-03
2.382805187597359352e-04
-5.292149968583751080e-04
8.878627257135609727e-03
-6.041798935550086319e-03
1.330641764061599522e-02
-1.537012594806528827e-03
5.642269670812627771e-03
-1.199157547254575858e-02
-8.257778919926682046e-03
4.799911318939560764e-04
-9.932995855682115460e-04
-1.955036713713556931e-02
1.332130235861599121e-02
-2.933874710944995093e-02
3.225622886470153831e-03
-1.199157547254575858e-02
2.710084348966671289e-02
1.818199606347570968e-02
-9.933338046608859891e-04
2.212242529238641307e-03
-1.130937919985564033e-02
1.239815785115524517e-02
-2.728779323000426332e-02
1.710742222867412147e-03
-8.257778919926682046e-03
1.818199606347570968e-02
9.673431366574301860e-03
-6.251311725126906284e-03
1.011581127157491766e-02
4.218323735473984183e-03
5.267534905645314749e-03
-1.161988129907160459e-02
2.382805187597359352e-04
4.799911318939560764e-04
-9.933338046608859891e-04
-6.251311725126905416e-03
-5.402979469574320862e-03
1.263587591409193363e-02
-9.290112670775894574e-03
-1.160107776523417247e-02
2.559131532721027266e-02
-5.292149968583751080e-04
-9.932995855682115460e-04
2.212242529238641307e-03
1.011581127157491766e-02
1.263587591409193363e-02
-2.801981415633324549e-02
3.252662205051762845e-01
-7.284867728190730363e-02
7.365086943261253682e-02
-2.559867561700000793e-02
2.007042042810458157e-02
-6.465417918467467225e-03
-1.271736770145792117e-01
3.480407613669119458e-03
-1.439329513306747410e-01
-1.272258303697599569e-01
8.815804485608055852e-02
1.136859717491847388e-01
-7.284867728190730363e-02
3.864193460144911829e-01
5.980876222902209438e-02
-2.160087981653768113e-02
-2.177027321946899685e-01
5.536771069962231201e-02
1.413409618460789198e-02
-4.756848234971824962e-02
9.905639081332569956e-03
1.207979168591651886e-01
-1.360530677258665888e-01
-1.319506669202382687e-01
7.365086943261253682e-02
5.980876222902209438e-02
5.777440575123327093e-01
7.157067873596574883e-03
5.519540912362227297e-02
-6.869721618531034191e-02
-1.836051182311464469e-01
-1.326422097041566640e-02
-3.011302924427022298e-01
1.389900034721378574e-01
-1.096506516753875116e-01
-2.127097554043732297e-01
-2.559867561700000793e-02
-2.160087981653768113e-02
7.157067873596574883e-03
1.471566956410644625e-02
-1.516446034387459833e-02
5.216481378318840040e-03
1.436291659390811614e-03
2.018085936899286989e-02
-9.346172556924652042e-03
1.178750623134412236e-03
2.140702200259185159e-02
-4.513644911843127730e-03
2.007042042810458157e-02
-2.177027321946899685e-01
5.519540912362227297e-02
-1.516446034387459833e-02
2.180411595997265028e-01
-8.175644649394557539e-02
-1.586354397781955267e-03
-4.352255983516858419e-03
2.548381046971449036e-03
-1.838617976777522436e-03
-2.546549143980276694e-02
7.976848434577139824e-03
-6.465417918467467225e-03
5.536771069962231201e-02
-6.869721618531034191e-02
5.216481378318840040e-03
-8.175644649394557539e-02
8.667089740199998560e-02
1.229243875605832937e-03
3.539851025860153710e-02
-1.213878544237397689e-02
2.006513636148814640e-04
-2.589118625226585757e-02
9.329255078668316492e-03
-1.271736770145792117e-01
1.413409618460789198e-02
-1.836051182311464469e-01
1.436291659390811614e-03
-1.586354397781955267e-03
1.229243875605832937e-03
1.213540092830771994e-01
-1.334363936589747987e-02
1.656858155708114955e-01
8.987499377026747852e-03
2.235881605582044473e-03
1.884448533663713246e-02
3.480407613669119458e-03
-4.756848234971824962e-02
-1.326422097041566640e-02
2.018085936899286989e-02
-4.352255983516858419e-03
3.539851025860153710e-02
-1.334363936589747987e-02
5.175461363425606226e-02
-6.930871486956603419e-03
-9.771434752697970641e-03
-1.189641057589489129e-03
-1.786960817230646981e-02
-1.439329513306747410e-01
9.905639081332569956e-03
-3.011302924427022298e-01
-9.346172556924652042e-03
2.548381046971449036e-03
-1.213878544237397689e-02
1.656858155708114955e-01
-6.930871486956603419e-03
3.272912970343336836e-01
-1.688374034895429032e-02
-2.405477579831582970e-03
-2.798559315343725554e-02
-1.272258303697599569e-01
1.207979168591651886e-01
1.389900034721378574e-01
1.178750623134412236e-03
-1.838617976777522436e-03
2.006513636148814640e-04
8.987499377026747852e-03
-9.771434752697970641e-03
-1.688374034895429032e-02
1.291789442879056893e-01
-1.157463320552761521e-01
-1.265490353745302721e-01
8.815804485608055852e-02
-1.360530677258665888e-01
-1.096506516753875116e-01
2.140702200259185159e-02
-2.546549143980276694e-02
-2.589118625226585757e-02
2.235881605582044473e-03
-1.189641057589489129e-03
-2.405477579831582970e-03
-1.157463320552761799e-01
1.554903461714275958e-01
1.334854495495587101e-01
1.136859717491847388e-01
-1.319506669202382687e-01
-2.127097554043732297e-01
-4.513644911843127730e-03
7.976848434577139824e-03
9.329255078668316492e-03
1.884448533663713246e-02
-1.786960817230646981e-02
-2.798559315343725554e-02
-1.265490353745302721e-01
1.334854495495587101e-01
2.252706399546664795e-01
3.121087255401386318e-01
-9.000087839937991052e-02
4.853961797671171863e-02
-2.151468937499996861e-02
1.171530289708827208e-02
-2.445267860344436418e-03
-1.270131472152274954e-01
1.885636689319816761e-02
-1.430889513965050430e-01
-1.280645764586317015e-01
7.396524615158529825e-02
1.228492390102103454e-01
-9.000087839937991052e-02
1.849797668018621222e-01
7.654912194112795110e-02
-2.170633389178317635e-02
-1.297094544779062782e-04
-6.912852555426888222e-03
2.845400802281701849e-02
-4.538764385513538446e-02
3.556197072363746076e-02
1.015204355750512905e-01
-1.065082085752892815e-01
-1.178773767914857995e-01
4.853961797671171863e-02
7.654912194112795110e-02
5.517516398546664647e-01
4.586245435562470718e-03
-7.379152721426904260e-03
-3.445220506452206788e-02
-1.861882927460521420e-01
2.283508014814106604e-02
-2.972566975256368815e-01
1.605646164019025601e-01
-1.055909442682312072e-01
-2.352923497710789069e-01
-2.151468937499996861e-02
-2.170633389178317635e-02
4.586245435562470718e-03
1.809024684091053645e-02
3.925567449713790978e-03
7.122865282393213340e-04
4.112071416885475054e-03
1.351241648256527872e-02
-2.837070368260501650e-03
4.185455498533645173e-03
1.349115060773614302e-02
-3.057035787663791877e-03
1.171530289708827208e-02
-1.297094544779062782e-04
-7.379152721426904260e-03
3.925567449713790111e-03
2.155876369158934644e-02
4.940629369254536871e-03
-2.096897186442663735e-03
-2.462851910995638577e-03
4.340965889810042395e-04
-3.015648466375133070e-03
-1.037690202375638436e-02
4.733966523266379921e-03
-2.445267860344436418e-03
-6.912852555426888222e-03
-3.445220506452206788e-02
7.122865282393213340e-04
4.940629369254536871e-03
3.244470528583338204e-02
3.368999135200456425e-03
2.481027810833691741e-02
1.296168651101571362e-04
-2.234651622683943729e-03
-1.958468688879209246e-02
8.732606298222712546e-03
-1.270131472152274954e-01
2.845400802281701849e-02
-1.861882927460521420e-01
4.112071416885475054e-03
-2.096897186442663735e-03
3.368999135200456425e-03
1.186245596250865286e-01
-2.909606073282769434e-02
1.598424782510621533e-01
9.110868130850758445e-03
1.434533911573619962e-03
1.877320346392743686e-02
1.885636689319816761e-02
-4.538764385513538446e-02
2.283508014814106604e-02
1.351241648256527872e-02
-2.462851910995638577e-03
2.481027810833691741e-02
-2.909606073282769781e-02
5.246790204291284371e-02
-3.714058301710905508e-02
-6.772754306786624504e-03
1.532726265879431240e-05
-1.379251442032029991e-02
-1.430889513965050430e-01
3.556197072363746076e-02
-2.972566975256368815e-01
-2.837070368260501650e-03
4.340965889810042395e-04
1.296168651101571362e-04
1.598424782510621533e-01
-3.714058301710905508e-02
3.158136102978332804e-01
-1.804995755917832706e-02
7.009397307039743567e-04
-2.914947009150955712e-02
-1.280645764586317015e-01
1.015204355750512905e-01
1.605646164019025601e-01
4.185455498533645173e-03
-3.015648466375133070e-03
-2.234651622683943729e-03
9.110868130850758445e-03
-6.772754306786624504e-03
-1.804995755917832706e-02
1.238034968495888011e-01
-9.296731428065571623e-02
-1.369932746654335398e-01
7.396524615158529825e-02
-1.065082085752892815e-01
-1.055909442682312072e-01
1.349115060773614302e-02
-1.037690202375638436e-02
-1.958468688879209246e-02
1.434533911573619962e-03
1.532726265879431240e-05
7.009397307039743567e-04
-9.296731428065573011e-02
1.169035855890773329e-01
1.182248359374656610e-01
1.228492390102103454e-01
-1.178773767914857995e-01
-2.352923497710789069e-01
-3.057035787663791877e-03
4.733966523266379921e-03
8.732606298222712546e-03
1.877320346392743686e-02
-1.379251442032029991e-02
-2.914947009150955712e-02
-1.369932746654335398e-01
1.182248359374656610e-01
2.542691038273334203e-01
2.944198694713744957e-01
-9.440105761003403373e-02
3.331758207653582465e-02
-1.854107520499996900e-02
9.228811617045140636e-03
-1.617491237927046752e-03
-1.271102452104010128e-01
2.254656991833315152e-02
-1.426549606555470029e-01
-1.279151272516422799e-01
7.170481363697167598e-02
1.245354899596004400e-01
-9.440105761003403373e-02
1.329989905769597136e-01
7.192789454763544310e-02
-1.954655424607521647e-02
1.946171036581784489e-02
-9.204548896152606879e-03
3.145429201176443146e-02
-4.633902134378614646e-02
4.017402958769883403e-02
9.564025399841472042e-02
-1.008922549480630315e-01
-1.132760919829624846e-01
3.331758207653582465e-02
7.192789454763544310e-02
5.455759544756656476e-01
3.623807956940249854e-03
-9.216680167152621270e-03
-2.946658866281780600e-02
-1.853382915193215186e-01
3.204967382518931346e-02
-2.969313333808129007e-01
1.635850546995305799e-01
-1.056094281212581060e-01
-2.415174057882948089e-01
-1.854107520499996900e-02
-1.954655424607521647e-02
3.623807956940249854e-03
1.355660135989065346e-02
5.634624698181494792e-03
7.893406617162475802e-04
4.232699368785028914e-03
1.155669964150423355e-02
-2.045833050957814297e-03
3.689671707053146336e-03
1.225297043140239489e-02
-2.109209311897145608e-03
9.228811617045140636e-03
1.946171036581784489e-02
-9.216680167152621270e-03
5.634624698181493925e-03
-1.449764900572403890e-02
6.840975304617346979e-03
-1.926472992750166615e-03
-9.505794049561425195e-04
-3.963779951252294556e-04
-2.598829945765131991e-03
-6.733602977524920374e-03
3.179582825594651045e-03
-1.617491237927046752e-03
-9.204548896152606879e-03
-2.946658866281780600e-02
7.893406617162475802e-04
6.840975304617346979e-03
2.294039515800003204e-02
3.293360875672001007e-03
2.080864923643629960e-02
1.175757748171110065e-03
-2.722723986073684755e-03
-1.705911627800588137e-02
7.277015483471770824e-03
-1.271102452104010128e-01
3.145429201176443146e-02
-1.853382915193215186e-01
4.232699368785028914e-03
-1.926472992750166615e-03
3.293360875672001007e-03
1.190185250677482931e-01
-3.275765942184043211e-02
1.579492789893818805e-01
8.651311539742502499e-03
1.455307003840323543e-03
1.915214088101731618e-02
2.254656991833315152e-02
-4.633902134378614646e-02
3.204967382518931346e-02
1.155669964150423355e-02
-9.505794049561425195e-04
2.080864923643629960e-02
-3.275765942184044599e-02
5.070595500991784826e-02
-4.007097085533464775e-02
-5.901222350095414702e-03
2.449158599927138782e-04
-1.342943585859911193e-02
-1.426549606555470029e-01
4.017402958769883403e-02
-2.969313333808129007e-01
-2.045833050957814297e-03
-3.963779951252294556e-04
1.175757748171110065e-03
1.579492789893818805e-01
-4.007097085533464775e-02
3.162557463393340096e-01
-1.841978810315607687e-02
1.111626009824821836e-03
-2.952317622773519001e-02
-1.279151272516422799e-01
9.564025399841472042e-02
1.635850546995305799e-01
3.689671707053146336e-03
-2.598829945765131991e-03
-2.722723986073684755e-03
8.651311539742502499e-03
-5.901222350095414702e-03
-1.841978810315607687e-02
1.252767544434482960e-01
-8.777525630303650850e-02
-1.407108458607545520e-01
7.170481363697167598e-02
-1.008922549480630315e-01
-1.056094281212581060e-01
1.225297043140239489e-02
-6.733602977524920374e-03
-1.705911627800588137e-02
1.455307003840323543e-03
2.449158599927138782e-04
1.111626009824821836e-03
-8.777525630303650850e-02
1.043940128072174817e-01
1.155367843190604760e-01
1.245354899596004400e-01
-1.132760919829624846e-01
-2.415174057882948089e-01
-2.109209311897145608e-03
3.179582825594651045e-03
7.277015483471770824e-03
1.915214088101731618e-02
-1.342943585859911193e-02
-2.952317622773519001e-02
-1.407108458607545520e-01
1.155367843190604760e-01
2.619686269126665912e-01
2.735537901884476097e-01
-1.087925045322867545e-01
1.370936178021605646e-02
-1.148195499400485667e-02
1.460401625023758070e-03
-1.567788973806805565e-04
-1.290218049787250076e-01
3.851680987161038017e-02
-1.382187992018000244e-01
-1.285914206987085195e-01
6.609923369642783930e-02
1.258997232640625130e-01
-1.087925045322867684e-01
1.013489856850512405e-01
5.334378780667040770e-02
-1.241717167548369270e-02
3.814259647294211686e-02
-5.869469974722598196e-03
4.103303078762151473e-02
-4.611522447720815127e-02
5.119820355841477044e-02
7.761673440313732186e-02
-7.874067229578297911e-02
-9.566408095188098926e-02
1.370936178021605646e-02
5.334378780667040770e-02
5.533142054526645204e-01
1.332372435815735133e-03
-5.863032373027540073e-03
-1.586723011493719818e-02
-1.777792222483879081e-01
5.601845419601828024e-02
-2.836180815840668168e-01
1.637447127652995604e-01
-9.894024146923774410e-02
-2.493162961185087234e-01
-1.148195499400485667e-02
-1.241717167548369270e-02
1.332372435815735133e-03
7.503676757617438325e-03
1.970300038494647923e-03
-3.718736645947140007e-04
2.205223312798010229e-03
5.604192273268687220e-03
-9.813022529812174405e-04
2.154520542431197661e-03
1.793928317154774854e-02
2.445285303448006473e-03
1.460401625023758070e-03
3.814259647294211686e-02
-5.863032373027540073e-03
1.970300038494648357e-03
-4.039536108578424545e-02
4.936230832011533239e-03
-1.651215441694851849e-03
7.510188242978939376e-04
-9.512316250923840777e-04
1.036346818053135097e-02
-5.374611470567963040e-02
-1.119844902261382322e-02
-1.567788973806805565e-04
-5.869469974722598196e-03
-1.586723011493719818e-02
-3.718736645947140007e-04
4.936230832011533239e-03
1.153633835499999830e-02
2.129243676140053082e-03
9.578386754460405106e-03
1.021924342904093150e-03
2.043298442072771868e-03
-2.150633538465988176e-02
1.498330064248430986e-03
-1.290218049787250076e-01
4.103303078762151473e-02
-1.777792222483879081e-01
2.205223312798010229e-03
-1.651215441694851849e-03
2.129243676140053082e-03
1.272787402776915378e-01
-4.837840374393806431e-02
1.506432093535657324e-01
7.278735075359284504e-03
1.640213511293979335e-03
1.820272321673984534e-02
3.851680987161038017e-02
-4.611522447720815127e-02
5.601845419601828024e-02
5.604192273268687220e-03
7.510188242978939376e-04
9.578386754460405106e-03
-4.837840374393805043e-02
4.618647282164199674e-02
-5.174192431667716530e-02
-2.657795949440798673e-03
1.990573662328119688e-03
-1.098966853660665946e-02
-1.382187992018000244e-01
5.119820355841477044e-02
-2.836180815840668168e-01
-9.813022529812174405e-04
-9.512316250923840777e-04
1.021924342904093150e-03
1.506432093535657324e-01
-5.174192431667716530e-02
3.109624832783323689e-01
-1.849862432633609527e-02
3.472577127822767257e-03
-2.965063608068740572e-02
-1.285914206987085195e-01
7.761673440313732186e-02
1.637447127652995604e-01
2.154520542431197661e-03
1.036346818053135097e-02
2.043298442072771868e-03
7.278735075359284504e-03
-2.657795949440798673e-03
-1.849862432633609527e-02
1.255887779336504473e-01
-8.095306963537329814e-02
-1.436368445676948213e-01
6.609923369642783930e-02
-7.874067229578297911e-02
-9.894024146923774410e-02
1.793928317154774854e-02
-5.374611470567963040e-02
-2.150633538465988176e-02
1.640213511293979335e-03
1.990573662328119688e-03
3.472577127822767257e-03
-8.095306963537329814e-02
8.346708241434920572e-02
1.060034446171889966e-01
1.258997232640625130e-01
-9.566408095188098926e-02
-2.493162961185087234e-01
2.445285303448006473e-03
-1.119844902261382322e-02
1.498330064248430986e-03
1.820272321673984534e-02
-1.098966853660665946e-02
-2.965063608068740572e-02
-1.436368445676948213e-01
1.060034446171889966e-01
2.768915822053328868e-01
5.572900353365001225e-01
-6.821435159999552928e-04
6.142489823333284471e-03
-5.592308203670001143e-01
1.416585999892824660e-06
2.657149000035669212e-06
-6.821435159999552928e-04
-4.698241084900015713e-02
-7.221828166666662907e-04
1.548390559998931849e-04
2.417858095500000082e-02
-6.866883200000009125e-05
6.142489823333284471e-03
-7.221828166666662907e-04
-4.561980629000015469e-02
2.628229000035665006e-06
-9.555107300000005436e-05
2.312482909500000391e-02
-5.592308203670001143e-01
1.548390559998931849e-04
2.628229000035665006e-06
5.565643606765000584e-01
-6.821307386665480428e-04
-4.664855307999964812e-03
1.416585999892824660e-06
2.417858095500000082e-02
-9.555107300000005436e-05
-6.821307386665480428e-04
-4.702091840800015632e-02
7.221828169999991529e-04
2.657149000035669212e-06
-6.866883200000009125e-05
2.312482909500000391e-02
-4.664855307999964812e-03
7.221828169999991529e-04
-4.569667377966681737e-02
-1.621151243449998891e-02
-5.765060243333359775e-04
1.549386533333350094e-05
1.708235439700001718e-02
-6.165075399999169587e-05
-1.294660000027945497e-07
-5.765060243333359775e-04
2.025088723199991447e-02
3.880700695000000641e-04
-7.852699999151984924e-08
-2.908091023699997668e-02
2.815041026938584163e-20
1.549386533333350094e-05
3.880700695000000641e-04
2.126489770299989923e-02
7.039699999720176544e-08
3.195733604246495251e-20
-2.862086927799997738e-02
1.708235439700001718e-02
-7.852699999151984924e-08
7.039699999720176544e-08
-1.620047087916665768e-02
-5.765060243333404227e-04
-1.549386533333345351e-05
-6.165075399999169587e-05
-2.908091023699997668e-02
3.195733604246495251e-20
-5.765060243333404227e-04
2.023036801033324672e-02
-3.880700695000000641e-04
-1.294660000027945497e-07
2.815041026938584163e-20
-2.862086927799997738e-02
-1.549386533333345351e-05
-3.880700695000000641e-04
2.124893847299990160e-02
2.439977047778746355e-01
1.384032549807973230e-04
3.839667892883655981e-02
-2.678683369320006835e-01
2.794239999709798054e-07
5.291670000097291160e-07
1.384032549807973230e-04
1.002447762776251805e-01
-1.393467258517727949e-05
2.446429999709797271e-07
-1.098904005990000571e-01
5.589104233056484920e-20
3.839667892883655981e-02
-1.393467258517727949e-05
1.379920337643326944e-01
4.036640000097292395e-07
5.586585808146357107e-20
-1.089789734670000565e-01
-2.678683369320006835e-01
2.446429999709797271e-07
4.036640000097292395e-07
2.397638237380526338e-01
1.803344127405744502e-04
-3.790566691494182822e-02
2.794239999709798054e-07
-1.098904005990000571e-01
5.586585808146357107e-20
1.803344127405744502e-04
1.004366394391137951e-01
3.204672467447440418e-05
5.291670000097291160e-07
5.589104233056484920e-20
-1.089789734670000565e-01
-3.790566691494182822e-02
3.204672467447440418e-05
1.382827560239993925e-01
-1.532714083944322070e-01
1.146889547817384749e-06
3.930399235472092404e-07
1.652663268159997034e-01
-3.990089999572290677e-07
-7.919970000142499740e-07
1.146889547817384749e-06
6.240364471826615606e-02
2.221345308424405271e-06
-4.037419999572290083e-07
-6.756836240499995705e-02
2.088000000006900161e-09
3.930399235472092404e-07
2.221345308424405271e-06
6.411276241483342131e-02
-8.075730000142501659e-07
1.395000000006897281e-09
-6.745370156299994313e-02
1.652663268159997034e-01
-4.037419999572290083e-07
-8.075730000142501659e-07
-1.532714050527657357e-01
1.146876668335349919e-06
-3.930255902196882751e-07
-3.990089999572290677e-07
-6.756836240499995705e-02
1.395000000006897281e-09
1.146876668335349919e-06
6.238509833959946654e-02
-2.221345308412129223e-06
-7.919970000142499740e-07
2.088000000006900161e-09
-6.745370156299994313e-02
-3.930255902196882751e-07
-2.221345308412129223e-06
6.407187455650006913e-02
-7.937133465417245404e-02
7.152664036227730865e-07
2.416406666690753674e-07
8.064575418299999021e-02
-4.873209999814330642e-07
-8.613990000061439498e-07
7.152664036227729806e-07
1.907710849583900761e-02
-3.504300724679403633e-12
-1.551349999981432593e-06
-2.042884586300000582e-02
1.600000004566360390e-11
2.416406666690753674e-07
-3.504300724679403633e-12
1.854262638716670103e-02
-8.632070000061438823e-07
1.600000004559811769e-11
-1.968206973900001738e-02
8.064575418299999021e-02
-1.551349999981432593e-06
-8.632070000061438823e-07
-7.938045448986803809e-02
7.368126950942887169e-07
-2.526586666690733555e-07
-4.873209999814330642e-07
-2.042884586300000582e-02
1.600000004559811769e-11
7.368126950942886110e-07
1.912347981986798826e-02
3.496897156806106445e-12
-8.613990000061439498e-07
1.600000004566360390e-11
-1.968206973900001738e-02
-2.526586666690733555e-07
3.496897156806106445e-12
1.871345278616671007e-02
8.624510674603338423e-01
-1.445701057999835594e-03
-9.329415166666646766e-05
-1.126116168836000853e+00
1.663305999789953383e-06
3.328294000070685122e-06
-1.445701057999835594e-03
-3.840099926266665048e-02
-1.224421148166664544e-03
1.837331999789952986e-06
1.732171235000000420e-02
1.690000000671159621e-09
-9.329415166666646766e-05
-1.224421148166664544e-03
-3.131735713316669695e-02
3.812590000070684763e-06
3.728000000671259910e-09
2.827439749300000166e-02
-1.126116168836000853e+00
1.837331999789952986e-06
3.812590000070684763e-06
8.614189133620002714e-01
-1.230221150666613176e-03
9.329415166666661673e-05
1.663305999789953383e-06
1.732171235000000420e-02
3.728000000671259910e-09
-1.230221150666613176e-03
-3.710582614466664819e-02
1.224421133499997792e-03
3.328294000070685122e-06
1.690000000671159621e-09
2.827439749300000166e-02
9.329415166666661673e-05
1.224421133499997792e-03
-3.045279404916666904e-02
4.267331805842579651e-01
6.260923772702314892e-05
-1.017508413633212916e-04
-5.492205693289994306e-01
7.389029999057119012e-07
1.501918000031360167e-06
6.260923772702314892e-05
3.056139791191005151e-02
-2.554692797706808278e-04
7.726929999057122587e-07
-3.593776940700000450e-02
1.659999999929504417e-09
-1.017508413633212916e-04
-2.554692797706808278e-04
2.664369893250008448e-02
1.516604000031359614e-06
4.186999999929511511e-09
-3.709283977299997204e-02
-5.492205693289994306e-01
7.726929999057122587e-07
1.516604000031359614e-06
4.270323433819245285e-01
6.260908660638736837e-05
1.017504660299881254e-04
7.389029999057119012e-07
-3.593776940700000450e-02
4.186999999929511511e-09
6.260908660638736837e-05
3.120286850441008827e-02
2.554692834373613395e-04
1.501918000031360167e-06
1.659999999929504417e-09
-3.709283977299997204e-02
1.017504660299881254e-04
2.554692834373613395e-04
2.755428034683342006e-02
3.882804427436092887e-02
5.775399593540745211e-08
-2.440188563846485040e-08
-1.567037954200000902e-02
-1.031589999910137125e-07
-1.736880000029029009e-07
5.775399593540743888e-08
6.051332294913914361e-02
-2.209895993901468769e-06
-7.130099999101366634e-08
-6.458959433399998062e-02
1.222400000009245478e-08
-2.440188563846485040e-08
-2.209895993901468769e-06
5.828416046533350936e-02
-9.423400000290297576e-08
1.359800000009247092e-08
-6.307900345299996547e-02
-1.567037954200000902e-02
-7.130099999101366634e-08
-9.423400000290297576e-08
3.892297296669326029e-02
5.574975798867318612e-08
2.418321899931877629e-08
-1.031589999910137125e-07
-6.458959433399998062e-02
1.359800000009247092e-08
5.574975798867318612e-08
6.047259709180678039e-02
2.210006660622786515e-06
-1.736880000029029009e-07
1.222400000009245478e-08
-6.307900345299996547e-02
2.418321899931877629e-08
2.210006660622786515e-06
5.888610768750018876e-02
8.636860128333322811e-03
2.398123333253815861e-07
-7.712433333333325943e-08
3.870840637900000575e-02
-1.635559999827442570e-07
-3.485790000057364123e-07
2.398123333253815861e-07
5.192462913666670565e-02
7.678666666666636428e-09
-1.312249999827442833e-07
-5.522706915199997180e-02
4.170000000015069859e-09
-7.712433333333325943e-08
7.678666666666636428e-09
5.083698424633341373e-02
-2.576490000057364312e-07
6.792000000015076728e-09
-5.498007294200005918e-02
3.870840637900000575e-02
-1.312249999827442833e-07
-2.576490000057364312e-07
8.305831915833322004e-03
2.396073333306498721e-07
7.706133333333326740e-08
-1.635559999827442570e-07
-5.522706915199997180e-02
6.792000000015076728e-09
2.396073333306498721e-07
5.213274379433323336e-02
-7.778666666666645595e-09
-3.485790000057364123e-07
4.170000000015069859e-09
-5.498007294200005918e-02
7.706133333333326740e-08
-7.778666666666645595e-09
5.163736339916676771e-02
1.152287931601666537e-01
-1.577316543333152985e-04
1.433776666666606242e-07
-1.329753422320000544e-01
1.668429999773124943e-07
2.885540000076154392e-07
-1.577316543333152985e-04
1.000084313633328725e-02
3.014858966666664379e-05
1.554079999773126040e-07
-9.470917260999994758e-03
2.295000000053076494e-09
1.433776666666606242e-07
3.014858966666664379e-05
1.015083751333329364e-02
3.060420000076154698e-07
7.510000000530790341e-10
-8.604819906999997339e-03
-1.329753422320000544e-01
1.554079999773126040e-07
3.060420000076154698e-07
1.137581903775000125e-01
2.257505933333972103e-05
-1.465696666666661230e-07
1.668429999773124943e-07
-9.470917260999994758e-03
7.510000000530790341e-10
2.257505933333972103e-05
9.748823876666616248e-03
-1.861000000000009393e-09
2.885540000076154392e-07
2.295000000053076494e-09
-8.604819906999997339e-03
-1.465696666666661230e-07
-1.861000000000009393e-09
1.018966085666662275e-02
-1.985593792716672246e-02
1.023046666646024665e-07
1.260138410799999109e-02
3.574739119000002949e-03
-2.532299999729974285e-08
-1.336202600000088050e-05
1.023046666646024665e-07
1.386139578633341536e-02
-1.104712702694986303e-07
-4.341699999729890881e-08
-1.112925924199999195e-02
-5.699999999934159487e-10
1.260138410799999109e-02
-1.104712702694986303e-07
3.045099431066666112e-02
-8.524200000089122746e-08
-2.440999999990978094e-09
-1.098169685299999442e-02
3.574739119000002949e-03
-4.341699999729890881e-08
-8.524200000089122746e-08
-1.989086288616668738e-02
1.030756666604706803e-07
-1.260138500766665864e-02
-2.532299999729974285e-08
-1.112925924199999195e-02
-2.440999999990978094e-09
1.030756666604706803e-07
1.384102273866670216e-02
1.104559369346220561e-07
-1.336202600000088050e-05
-5.699999999934159487e-10
-1.098169685299999442e-02
-1.260138500766665864e-02
1.104559369346220561e-07
3.159181763533330106e-02
-2.331187096450013096e-02
2.052489999976672849e-07
6.042999999999999253e-08
2.378721363400000330e-02
-4.340499999266830505e-08
-9.273500000248143884e-08
2.052489999976672849e-07
1.479758172700007188e-02
-5.649369369369325437e-10
-5.735399999266826008e-08
-1.612459860199999886e-02
6.279999999623319554e-10
6.042999999999999253e-08
-5.649369369369325437e-10
1.688293184016673859e-02
-1.129350000024813815e-07
6.999999999623274674e-10
-1.673954065299999849e-02
2.378721363400000330e-02
-5.735399999266826008e-08
-1.129350000024813815e-07
-2.327466852733342181e-02
2.072846666595387359e-07
-6.047566666666664922e-08
-4.340499999266830505e-08
-1.612459860199999886e-02
6.999999999623274674e-10
2.072846666595387359e-07
1.553196488000000743e-02
5.532702702702585761e-10
-9.273500000248143884e-08
6.279999999623319554e-10
-1.673954065299999849e-02
-6.047566666666664922e-08
5.532702702702585761e-10
1.692285758116666289e-02
-2.857934320466665526e-02
2.050976666643455238e-07
6.871066666666643146e-08
2.947430386500000249e-02
-6.768499999280364804e-08
-1.384170000024037881e-07
2.050976666643455238e-07
9.328170225833341822e-03
-7.270270270266061951e-12
-6.784999999280364985e-08
-9.700196660000015916e-03
3.999999994719591505e-12
6.871066666666643146e-08
-7.270270270266061951e-12
9.456644526333338185e-03
-1.378970000024038073e-07
3.999999994719677131e-12
-9.786084866000015203e-03
2.947430386500000249e-02
-6.784999999280364985e-08
-1.378970000024038073e-07
-2.868385446066663846e-02
2.049689999929672845e-07
-6.877266666666643559e-08
-6.768499999280364804e-08
-9.700196660000015916e-03
3.999999994719677131e-12
2.049689999929672845e-07
9.600588091166629978e-03
7.270270270257635856e-12
-1.384170000024037881e-07
3.999999994719591505e-12
-9.786084866000015203e-03
-6.877266666666643559e-08
7.270270270257635856e-12
9.547016898666634346e-03
-2.670651698883320588e-02
1.649209999980747188e-07
5.819766666666696459e-08
3.405368004700001783e-02
-2.108530299999258109e-05
-7.714442200000262890e-05
1.649209999980747188e-07
4.727782937000004314e-03
-9.160360360360006937e-11
-2.108530299999258109e-05
-6.147627533999995390e-03
2.400000003174832072e-11
5.819766666666696459e-08
-9.160360360360006937e-11
4.687632809833336411e-03
-7.714442200000262890e-05
2.400000003174832072e-11
-5.418790135999993103e-03
3.405368004700001783e-02
-2.108530299999258109e-05
-7.714442200000262890e-05
-2.673250877049987081e-02
1.641669999942181434e-07
-5.838566666666697924e-08
-2.108530299999258109e-05
-6.147627533999995390e-03
2.400000003174832072e-11
1.641669999942181434e-07
4.740047743333338295e-03
9.160360360359290909e-11
-7.714442200000262890e-05
2.400000003174832072e-11
-5.418790135999993103e-03
-5.838566666666697924e-08
9.160360360359290909e-11
4.687632823166669981e-03
3.688724311306959436e+00
-2.233251690993818162e-05
-8.223062111109746136e-03
-3.436712522772997325e+00
-5.745520643000692242e-03
1.284355900023036552e-05
-2.233251690993817823e-05
-3.556396131193066412e-01
1.426715941733978617e-03
1.631707477999308140e-03
3.330134513989997935e-01
-3.480444615000009650e-04
-8.223062111109746136e-03
1.426715941733978617e-03
-4.060562596916683087e-01
-2.732923999770152046e-06
1.033125799999947377e-05
3.186504764419998414e-01
-3.436712522772997325e+00
1.631707477999308140e-03
-2.732923999770152046e-06
3.450944366134519825e+00
-2.058719534246530511e-05
1.041778321424913223e-02
-5.745520643000692242e-03
3.330134513989997935e-01
1.033125799999947377e-05
-2.058719534246530850e-05
-2.880596657582039644e-01
-2.033487888913324947e-03
1.284355900023036552e-05
-3.480444615000009650e-04
3.186504764419998414e-01
1.041778321424913223e-02
-2.033487888913324947e-03
-2.938462078873341210e-01
-4.846607785624954153e-03
5.563427538815380502e-07
-1.731903334881342560e-07
-1.182715170299998737e-02
-3.152239999875921229e-07
1.572839999960112895e-07
5.563427538815379443e-07
9.063397776162517017e-02
1.391980739774741321e-09
-3.181029999875920258e-07
-7.937009121100004061e-02
-6.039999999999516955e-10
-1.731903334881342560e-07
1.391980739774741321e-09
8.952677433500011439e-02
1.617659999960112366e-07
-2.159999999999509416e-10
-7.696569174100006960e-02
-1.182715170299998737e-02
-3.181029999875920258e-07
1.617659999960112366e-07
-3.409775417850269968e-02
6.589573325664518829e-07
-2.300709999709908116e-07
-3.152239999875921229e-07
-7.937009121100004061e-02
-2.159999999999509416e-10
6.589573325664517771e-07
8.429724980550271085e-02
2.303623078255689937e-10
1.572839999960112895e-07
-6.039999999999516955e-10
-7.696569174100006960e-02
-2.300709999709908116e-07
2.303623078255689937e-10
8.514840396483341900e-02
-6.699515696373430779e-03
4.789524113298394421e-07
-1.655246670206554589e-07
5.953102631000009234e-03
-1.632196648599998703e-02
-5.153540000039575202e-07
4.789524113298393362e-07
7.964899273087353015e-02
1.671381609868906357e-09
-2.005155986999993239e-03
-6.606229948900002591e-02
9.791999999957525865e-08
-1.655246670206554589e-07
1.671381609868906357e-09
7.819971567516682820e-02
-5.400640000048343193e-07
9.891200000045191116e-08
-7.500252487599999573e-02
5.953102631000009234e-03
-2.005155986999993239e-03
-5.400640000048343193e-07
-6.421684345050318599e-02
7.331302957093253076e-07
-2.666179999539163641e-07
-1.632196648599998703e-02
-6.606229948900002591e-02
9.891200000045191116e-08
7.331302957093253076e-07
7.242032951666987906e-02
4.090300399517147848e-10
-5.153540000039575202e-07
9.791999999957525865e-08
-7.500252487599999573e-02
-2.666179999539163641e-07
4.090300399517147848e-10
7.376949543433336531e-02
-2.441956330488590302e-02
3.743214910990699677e-07
-1.409247323537479913e-07
9.044411165400002839e-02
-1.632204151899997041e-02
-6.186630000086871028e-07
3.743214910990699677e-07
6.360876422821923337e-02
-2.219960706125780900e-06
-2.005227192999975427e-03
-6.003856714800005073e-02
9.753199999965083989e-08
-1.409247323537479913e-07
-2.219960706125780900e-06
6.326069845050014129e-02
-6.244860000095637938e-07
9.871800000052750063e-08
-6.774403731100003823e-02
9.044411165400002839e-02
-2.005227192999975427e-03
-6.244860000095637938e-07
-9.796807312927367783e-02
5.927975994491976840e-06
-1.579653683131555171e-05
-1.632204151899997041e-02
-6.003856714800005073e-02
9.871800000052750063e-08
5.927975994491976840e-06
6.352573012277372422e-02
-1.589600363814317080e-06
-6.186630000086871028e-07
9.753199999965083989e-08
-6.774403731100003823e-02
-1.579653683131555171e-05
-1.589600363814317080e-06
6.278052305050006721e-02
-1.130672286088950235e-01
7.130464505032534379e-07
2.478809999920897128e-07
1.133007956110000103e-01
-2.557439999723112245e-07
-5.157120000092128656e-07
7.130464505032535438e-07
3.637272843156166141e-02
-4.071485029239616090e-11
-2.523349999723111971e-07
-3.743156266399998156e-02
2.200000001715794084e-11
2.478809999920897128e-07
-4.071485029239616090e-11
3.797095797483324847e-02
-4.874120000092128570e-07
2.200000001716334659e-11
-3.715005741400000810e-02
1.133007956110000103e-01
-2.523349999723111971e-07
-4.874120000092128570e-07
-1.105000908410663507e-01
7.279422172274982141e-07
-2.469489999745841378e-07
-2.557439999723112245e-07
-3.743156266399998156e-02
2.200000001716334659e-11
7.279422172274983200e-07
3.730029661373306105e-02
1.360461408302949792e-10
-5.157120000092128656e-07
2.200000001715794084e-11
-3.715005741400000810e-02
-2.469489999745841378e-07
1.360461408302949792e-10
3.750160771066660820e-02
-9.181264361031266086e-02
5.968618852804570237e-07
2.065179999994659690e-07
9.408356424699990117e-02
1.231179049851241275e-09
-4.159157992395928931e-07
5.968618852804571296e-07
2.371374122514570762e-02
-3.366302915365146412e-12
1.257564651985690262e-09
-2.268459997399999151e-02
-1.646548960000035478e-04
2.065179999994659690e-07
-3.366302915365146412e-12
2.449013347883333136e-02
-4.369563044806750539e-07
-1.646548960000035478e-04
-2.243761761999998536e-02
9.408356424699990117e-02
1.257564651985690262e-09
-4.369563044806750539e-07
-9.112688550047021163e-02
5.969901336574995383e-07
-2.097253333308130294e-07
1.231179049851241275e-09
-2.268459997399999151e-02
-1.646548960000035478e-04
5.969901336574996442e-07
2.294701848263655530e-02
8.065818690361813594e-12
-4.159157992395928931e-07
-1.646548960000035478e-04
-2.243761761999998536e-02
-2.097253333308130294e-07
8.065818690361813594e-12
2.249292186033337304e-02
8.898451475000029908e-04
1.718019999980282053e-07
5.759033333333615646e-08
-7.356651237999989150e-03
1.329842000004671867e-06
-6.952900000158096062e-08
1.718019999980282053e-07
3.309282826466655725e-02
-4.762899699999999931e-05
5.599318930000037530e-04
-3.280579545700001987e-02
-2.108030000000057132e-06
5.759033333333615646e-08
-4.762899699999999931e-05
3.308716001366658610e-02
7.700578199999856815e-05
2.098070999999990809e-06
-3.318051681399999259e-02
-7.356651237999989150e-03
5.599318930000037530e-04
7.700578199999856815e-05
-2.083064968166672623e-03
-2.770238843333356661e-04
9.123013666666653855e-06
1.329842000004671867e-06
-3.280579545700001987e-02
2.098070999999990809e-06
-2.770238843333356661e-04
3.174495188849989907e-02
-1.528195292702702721e-04
-6.952900000158096062e-08
-2.108030000000057132e-06
-3.318051681399999259e-02
9.123013666666653855e-06
-1.528195292702702721e-04
3.207757092499990276e-02
-3.603342654016657154e-02
2.778903333299120264e-07
9.624399999999998487e-08
3.750789618000002074e-02
-9.241099998938545239e-08
-1.813130000035333222e-07
2.778903333299120264e-07
1.984426663133327662e-02
5.893245326856892443e-24
-9.331999998938543757e-08
-2.027509426099997902e-02
4.768342151862678425e-21
9.624399999999998487e-08
5.893245326856892443e-24
1.990465942466662294e-02
-1.811920000035333438e-07
4.768308719005155169e-21
-2.019677070499996743e-02
3.750789618000002074e-02
-9.331999998938543757e-08
-1.811920000035333438e-07
-3.678506692366655118e-02
2.742723333229432485e-07
-9.251833333333332435e-08
-9.241099998938545239e-08
-2.027509426099997902e-02
4.768308719005155169e-21
2.742723333229432485e-07
1.977686770733328228e-02
1.427027027025327545e-11
-1.813130000035333222e-07
4.768342151862678425e-21
-2.019677070499996743e-02
-9.251833333333332435e-08
1.427027027025327545e-11
1.953426162549995113e-02
-3.601399827483318244e-02
1.760906666635761635e-07
6.024666666666676013e-08
3.609383586799998905e-02
-5.702699999070560512e-08
-8.049000000309781268e-08
1.760906666635761635e-07
1.446026092666669732e-02
3.689044374631549059e-24
-5.535499999070560841e-08
-1.450291946999998638e-02
2.998389095946174046e-22
6.024666666666676013e-08
3.689044374631549059e-24
1.406431755983326461e-02
-1.069780000030979106e-07
2.950755234045861338e-22
-1.449783661399998633e-02
3.609383586799998905e-02
-5.535499999070560841e-08
-1.069780000030979106e-07
-3.526761192399985312e-02
1.637143333242289885e-07
-5.616333333333340677e-08
-5.702699999070560512e-08
-1.450291946999998638e-02
2.950755234045861338e-22
1.637143333242289885e-07
1.429280267200003229e-02
2.702702702599532537e-13
-8.049000000309781268e-08
2.998389095946174046e-22
-1.449783661399998633e-02
-5.616333333333340677e-08
2.702702702599532537e-13
1.361063489499993347e-02
-2.182772346103366984e-02
1.401809299856523345e-07
4.727833333333301983e-08
2.191844871799999983e-02
3.209911233702370044e-08
-9.801419226228719489e-08
1.401809299856523609e-07
5.607120481700319549e-03
5.607148621116082638e-15
3.248448553277038371e-08
-5.650370996500000617e-03
-6.444193550000096651e-05
4.727833333333301983e-08
5.607148621116082638e-15
5.653360876000022156e-03
-9.826662938317080536e-08
-6.444193550000009915e-05
-5.650370996500000617e-03
2.191844871799999983e-02
3.248448553277038371e-08
-9.826662938317080536e-08
-2.171240805850003369e-02
1.453063333283005814e-07
-4.759533333333336605e-08
3.209911233702370044e-08
-5.650370996500000617e-03
-6.444193550000009915e-05
1.453063333283005814e-07
5.679772581333359521e-03
2.702702702615271889e-13
-9.801419226228719489e-08
-6.444193550000096651e-05
-5.650370996500000617e-03
-4.759533333333336605e-08
2.702702702615271889e-13
5.819274548666690354e-03
-9.818763300318875675e-01
-1.786636694512093504e+00
4.098620740834110210e-01
-2.817840151430004436e-01
4.738138305177588827e-01
-7.996791642474397610e-02
3.049284370268247613e-01
1.794980743421803915e+00
-3.076607388426311762e-01
-1.786636694512093282e+00
8.802146378709540642e+00
5.138621450316932515e-01
1.071035140581823725e-01
2.778004048532735637e-01
-4.205147495387193124e-02
2.050518434401591428e+00
-6.119099630950492141e+00
1.192342112343924843e+00
4.098620740834110210e-01
5.138621450316932515e-01
1.025221812323665826e+00
-1.465639301345430905e-02
-4.426928823787189271e-02
2.578082980826094245e-02
-3.494581268161913723e-01
1.187143824624629751e+00
6.369607681039917146e-01
-2.817840151430004436e-01
1.071035140581823725e-01
-1.465639301345430905e-02
4.695675024016670029e-01
-1.395262100644650560e-01
2.256175493704204449e-02
-2.681271937407712080e-01
1.043621464613852384e-01
-2.107122347949683117e-02
4.738138305177588827e-01
2.778004048532735637e-01
-4.426928823787189271e-02
-1.395262100644650838e-01
-3.183791703826684416e-01
4.561529863962830028e-02
-9.076311450450295915e-02
-3.253895757516213350e-02
3.433526506855662588e-03
-7.996791642474397610e-02
-4.205147495387193124e-02
2.578082980826094245e-02
2.256175493704204449e-02
4.561529863962830028e-02
-6.919623755666633180e-03
-1.635901438591974913e-02
1.946652909594279515e-02
1.403995630359981123e-02
3.049284370268247613e-01
2.050518434401591428e+00
-3.494581268161913723e-01
-2.681271937407712080e-01
-9.076311450450295915e-02
-1.635901438591974913e-02
-1.624182213676426123e-01
-4.597979122699652699e+00
6.586487880981873877e-01
1.794980743421803915e+00
-6.119099630950492141e+00
1.187143824624629751e+00
1.043621464613852384e-01
-3.253895757516213350e-02
1.946652909594279515e-02
-4.597979122699651811e+00
1.200581157464566573e+01
-1.637776510544282971e+00
-3.076607388426311762e-01
1.192342112343924843e+00
6.369607681039917146e-01
-2.107122347949683117e-02
3.433526506855662588e-03
1.403995630359981123e-02
6.586487880981873877e-01
-1.637776510544282971e+00
4.711184037529995705e-01
3.179071443597761837e-01
-1.674280336196364294e-01
1.733659388228163123e-01
-4.130995309509998825e-01
5.064901876461449376e-02
-2.143090587880689540e-02
-3.255562676558221985e-02
4.552864196004249298e-01
-1.724624461822719390e-01
-1.674280336196365404e-01
1.775713329003558494e+00
-2.858569345990084609e-01
2.745847278911165215e-02
7.973114243911448226e-03
-5.784257969763195208e-03
4.868102504865690627e-01
-1.511430132050693764e+00
5.900315609338225853e-01
1.733659388228163123e-01
-2.858569345990084609e-01
2.176195311716664638e-01
-1.003123665282426580e-02
-4.843026551763190968e-03
-3.950474343876951046e-03
-1.833011828226698281e-01
5.885075087904857449e-01
-1.695037721123934249e-01
-4.130995309509998825e-01
2.745847278911165215e-02
-1.003123665282426580e-02
4.738273364988457304e-01
-6.018696373427812052e-02
1.617231430792079663e-02
-2.155318988393921109e-01
1.199187399686441474e-01
-4.509623078153354725e-02
5.064901876461449376e-02
7.973114243911448226e-03
-4.843026551763190968e-03
-6.018696373427814827e-02
-4.725368135517911405e-02
7.427944641545957544e-03
1.081993454004078620e-01
-6.278106808169657549e-02
2.755204561982359593e-02
-2.143090587880689540e-02
-5.784257969763195208e-03
-3.950474343876951046e-03
1.617231430792079663e-02
7.427944641545957544e-03
-1.515687333333291977e-05
-4.172748503212388854e-02
2.852161256997238353e-02
-1.572710969115454177e-04
-3.255562676558221985e-02
4.868102504865690627e-01
-1.833011828226698281e-01
-2.155318988393921109e-01
1.081993454004078620e-01
-4.172748503212388854e-02
2.331699845737224663e+00
4.706165102661984401e-01
5.272293509005043788e-01
4.552864196004249298e-01
-1.511430132050693764e+00
5.885075087904857449e-01
1.199187399686441474e-01
-6.278106808169657549e-02
2.852161256997238353e-02
4.706165102661984956e-01
6.029188649691076263e-01
3.231048890284929365e-02
-1.724624461822719390e-01
5.900315609338225853e-01
-1.695037721123934249e-01
-4.509623078153354725e-02
2.755204561982359593e-02
-1.572710969115454177e-04
5.272293509005043788e-01
3.231048890284929365e-02
2.265918343899997467e-01
3.833361117089181258e-01
1.274550830715195926e-02
2.927646814639668638e-02
-4.463373318150005709e-01
-2.283996844339524629e-02
1.748539580854003780e-02
-5.625198755930523042e-02
9.144409431874450656e-02
-6.999188381609731946e-02
1.274550830715193150e-02
5.791191176354151260e-01
-1.943515397290758173e-01
7.828453341841018140e-03
-2.117625900600461630e-02
1.607828995172650918e-02
6.178447358333293005e-02
-2.682551417799123317e-01
2.051180625471544783e-01
2.927646814639668638e-02
-1.943515397290758173e-01
2.075566808853329392e-01
-5.990576876899656247e-03
1.600442516572649770e-02
-1.257625110296090726e-02
-4.729394778746613681e-02
2.051340964888266893e-01
-1.572791471597485835e-01
-4.463373318150005709e-01
7.828453341841018140e-03
-5.990576876899656247e-03
4.668437273997970705e-01
-1.394831700184976167e-02
9.340303749169510603e-03
-2.108103715797243066e-02
3.946382159336424278e-03
-3.135544399642180118e-03
-2.283996844339524629e-02
-2.117625900600461630e-02
1.600442516572649770e-02
-1.394831700184976514e-02
2.140291752270407841e-02
-1.124199950211179563e-02
3.396244113781092533e-02
-4.143829490208695600e-03
3.253521231296379289e-03
1.748539580854003780e-02
1.607828995172650918e-02
-1.257625110296090726e-02
9.340303749169510603e-03
-1.124199950211179563e-02
1.846561176333339632e-02
-2.566634452668350996e-02
2.844919171033831202e-03
-2.215663551284406240e-03
-5.625198755930523042e-02
6.178447358333293005e-02
-4.729394778746613681e-02
-2.108103715797243066e-02
3.396244113781092533e-02
-2.566634452668350996e-02
4.703289582785245559e-01
5.490407566273932671e-01
2.372051697572168383e-01
9.144409431874450656e-02
-2.682551417799123317e-01
2.051340964888266893e-01
3.946382159336424278e-03
-4.143829490208695600e-03
2.844919171033831202e-03
5.490407566273933782e-01
9.645803770731421478e-01
2.533243234443600944e-02
-6.999188381609731946e-02
2.051180625471544783e-01
-1.572791471597485835e-01
-3.135544399642180118e-03
3.253521231296379289e-03
-2.215663551284406240e-03
2.372051697572168383e-01
2.533243234443600944e-02
1.650939241343331310e-01
4.916804595690096868e-01
-1.526631415077443939e-02
2.606791363221670765e-02
-8.149636945779991093e-01
8.288710438186606272e-03
-1.517540806220171040e-02
-2.668719852119853103e-02
-6.122977633567443234e-03
1.073907728710475629e-02
-1.526631415077443765e-02
2.968033445782519708e-02
-2.366102059195761276e-02
1.014343461803261228e-03
1.019480923349202128e-03
1.860535971335349273e-02
9.328023621605119331e-03
-1.094813020507069516e-02
1.848224940405927136e-02
2.606791363221670765e-02
-2.366102059195761276e-02
5.378443158599998525e-02
-2.199742865898307240e-03
1.848080804935349139e-02
-2.027339233031469345e-02
-1.599350364024643145e-02
1.837262435172019176e-02
-3.192256547769626446e-02
-8.149636945779991093e-01
1.014343461803261228e-03
-2.199742865898307240e-03
4.686058015282400513e-01
-1.643726492937990641e-03
1.127066655853581215e-03
-9.633469711030601774e-04
-1.432853978245491222e-04
3.279687951045584613e-04
8.288710438186606272e-03
1.019480923349202128e-03
1.848080804935349139e-02
-1.643726492937989340e-03
1.194162523442778706e-02
-1.830318505763254763e-02
-1.475830747286885000e-02
-4.555286353736306276e-05
1.053158174215393551e-04
-1.517540806220171040e-02
1.860535971335349273e-02
-2.027339233031469345e-02
1.127066655853581215e-03
-1.830318505763254763e-02
3.277126683466660001e-02
2.430600180424333581e-02
-3.079048387548824007e-04
4.494483956749049198e-04
-2.668719852119853103e-02
9.328023621605119331e-03
-1.599350364024643145e-02
-9.633469711030601774e-04
-1.475830747286885000e-02
2.430600180424333581e-02
2.711883756513917137e-02
-1.286656759847723541e-03
-5.215553192749791331e-03
-6.122977633567443234e-03
-1.094813020507069516e-02
1.837262435172019176e-02
-1.432853978245491222e-04
-4.555286353736306276e-05
-3.079048387548824007e-04
-1.286656759847724842e-03
6.099430036194211993e-03
-7.106936176337948045e-03
1.073907728710475629e-02
1.848224940405927136e-02
-3.192256547769626446e-02
3.279687951045584613e-04
1.053158174215393551e-04
4.494483956749049198e-04
-5.215553192749791331e-03
-7.106936176337948045e-03
1.303927126366670984e-02
4.764075717710996027e-01
-9.696448338380514453e-03
2.595823532068559925e-02
-4.718460653749996792e-01
6.083464731753765453e-03
-1.479532947653471216e-02
-6.269611440226295976e-03
4.466216434033238453e-03
-1.086491608689090643e-02
-9.696448338380507515e-03
-5.759751864323879198e-04
1.801468940734326455e-03
9.039237762046356669e-04
-4.323746488253764515e-03
1.051865734318100515e-02
9.906347116427438246e-03
4.940606831571737849e-03
-1.201912371163830345e-02
2.595823532068559925e-02
1.801468940734326455e-03
-4.281899447666656817e-03
-2.194717519059042818e-03
1.051861579818100939e-02
-2.558931602271177080e-02
-2.409911585373699511e-02
-1.201906256165594274e-02
2.923903980768900387e-02
-4.718460653749996792e-01
9.039237762046356669e-04
-2.194717519059042818e-03
4.690731189469213858e-01
-1.156188713133499135e-03
3.201522438960364633e-03
2.270477159722931407e-03
3.768411656234378084e-04
-9.167453142288405988e-04
6.083464731753765453e-03
-4.323746488253764515e-03
1.051861579818100939e-02
-1.156188713133495666e-03
3.794872902745916130e-03
-9.125074470899703291e-03
-4.941069697445334315e-03
6.089085532446659186e-04
-1.483278006483648237e-03
-1.479532947653471216e-02
1.051865734318100515e-02
-2.558931602271177080e-02
3.201522438960364633e-03
-9.125074470899703291e-03
2.169291682000012295e-02
1.202008290376840524e-02
-1.483304770942323828e-03
3.607532201066896739e-03
-6.269611440226295976e-03
9.906347116427438246e-03
-2.409911585373699511e-02
2.270477159722931407e-03
-4.941069697445334315e-03
1.202008290376840524e-02
3.531505761412289876e-03
-5.127659407747282676e-03
1.206338112449908267e-02
4.466216434033238453e-03
4.940606831571737849e-03
-1.201906256165594274e-02
3.768411656234378084e-04
6.089085532446659186e-04
-1.483304770942323828e-03
-5.127659407747282676e-03
-5.576501786412301799e-03
1.373452653649668426e-02
-1.086491608689090643e-02
-1.201912371163830345e-02
2.923903980768900387e-02
-9.167453142288405988e-04
-1.483278006483648237e-03
3.607532201066896739e-03
1.206338112449908267e-02
1.373452653649668426e-02
-3.361991684466660024e-02
3.081781433719446572e-01
-9.932074027942415506e-02
7.294297402714575163e-02
-2.472533701500003248e-02
1.879919371180384033e-02
-4.401365364768210393e-03
-1.273420026925693449e-01
1.473750519211719165e-02
-1.449618987174431106e-01
-1.268282818000084633e-01
7.828900897440850548e-02
1.213018146847690409e-01
-9.932074027942416894e-02
1.889491139123889163e-01
9.815435277353039278e-02
-2.460389550168884040e-02
-4.505979131950567373e-02
-5.893617009445771722e-04
2.624939256283834871e-02
-4.551936384883840947e-02
2.897990203154919911e-02
1.069949357811913887e-01
-1.130471610144241079e-01
-1.230392156549037080e-01
7.294297402714575163e-02
9.815435277353039278e-02
5.639937896263335082e-01
5.585014007792629513e-03
-2.775986989446089441e-04
-4.744763094649431800e-02
-1.881989819068510261e-01
1.207518579623653721e-02
-3.000811379295922898e-01
1.557287109261991098e-01
-1.037612274014669544e-01
-2.303816995295671632e-01
-2.472533701500003248e-02
-2.460389550168884040e-02
5.585014007792629513e-03
2.428432795427125021e-02
-2.951292621525479845e-03
4.545069846328663073e-03
2.384216445811068816e-03
1.712712869744108246e-02
-3.537464364734943783e-03
1.724728036981286548e-03
1.623909315541606502e-02
-4.894591264912113299e-03
1.879919371180384033e-02
-4.505979131950567373e-02
-2.775986989446089441e-04
-2.951292621525479845e-03
5.429073287389545033e-02
-5.300438092786468811e-03
-2.569238025739673144e-03
-3.584835925848641868e-03
-7.891128733257191585e-04
-4.283532361940085159e-03
-1.613482037496469929e-02
6.851512072555612266e-03
-4.401365364768210393e-03
-5.893617009445771722e-04
-4.744763094649431800e-02
4.545069846328663073e-03
-5.300438092786468811e-03
6.966567983100013794e-02
5.022333639651065107e-03
3.094850021339858037e-02
-2.851200931962414708e-03
-3.080598346483239165e-03
-2.439758594992343446e-02
9.479930811983432876e-03
-1.273420026925693449e-01
2.624939256283834871e-02
-1.881989819068510261e-01
2.384216445811068816e-03
-2.569238025739673144e-03
5.022333639651065107e-03
1.173197032212518892e-01
-2.588244566468669849e-02
1.607618038431724572e-01
9.594525358194806730e-03
1.206126949997439945e-03
1.952824067830825905e-02
1.473750519211719165e-02
-4.551936384883840947e-02
1.207518579623653721e-02
1.712712869744108246e-02
-3.584835925848641868e-03
3.094850021339858037e-02
-2.588244566468669849e-02
5.438790433741449992e-02
-3.263588659410984749e-02
-7.810219099312046623e-03
-8.808068957617235135e-04
-1.418397942328570444e-02
-1.449618987174431106e-01
2.897990203154919911e-02
-3.000811379295922898e-01
-3.537464364734943783e-03
-7.891128733257191585e-04
-2.851200931962414708e-03
1.607618038431724572e-01
-3.263588659410984749e-02
3.200222111870008601e-01
-1.800595429487147903e-02
-1.068710564349951867e-04
-2.917883061243313481e-02
-1.268282818000084633e-01
1.069949357811913887e-01
1.557287109261991098e-01
1.724728036981286548e-03
-4.283532361940085159e-03
-3.080598346483239165e-03
9.594525358194806730e-03
-7.810219099312046623e-03
-1.800595429487147903e-02
1.245008730116127782e-01
-9.857811241107623801e-02
-1.353917865788284436e-01
7.828900897440850548e-02
-1.130471610144241079e-01
-1.037612274014669544e-01
1.623909315541606502e-02
-1.613482037496469929e-02
-2.439758594992343446e-02
1.206126949997439945e-03
-8.808068957617235135e-04
-1.068710564349951867e-04
-9.857811241107621025e-02
1.295049186340536951e-01
1.255697664854071027e-01
1.213018146847690409e-01
-1.230392156549037080e-01
-2.303816995295671632e-01
-4.894591264912113299e-03
6.851512072555612266e-03
9.479930811983432876e-03
1.952824067830825905e-02
-1.418397942328570444e-02
-2.917883061243313481e-02
-1.353917865788284436e-01
1.255697664854071027e-01
2.457835674946660387e-01
2.764569013654867291e-01
-1.054369769138445989e-01
1.402939571260033297e-02
-1.415093794099999726e-02
3.421444224820075364e-03
-4.438440986894788857e-04
-1.318921145278133256e-01
3.467220885610149822e-02
-1.411553630910795942e-01
-1.319169852396825937e-01
6.959316996044657977e-02
1.277310988068443842e-01
-1.054369769138445989e-01
9.891555325417950018e-02
5.866672311901117987e-02
-1.517443310624465649e-02
3.414560338093348274e-02
-7.289297015325194376e-03
3.869954185637606431e-02
-4.629274998103328348e-02
4.759210033083063895e-02
8.385000081138520300e-02
-8.611675265572542315e-02
-1.017345068780678569e-01
1.402939571260033297e-02
5.866672311901117987e-02
5.635626602646660599e-01
1.968371955569373204e-03
-7.289188044325202627e-03
-2.110265189293350149e-02
-1.825220760267527442e-01
4.803189864222269512e-02
-2.917203964171534714e-01
1.664684781451810924e-01
-1.023678222100928153e-01
-2.522180493795918577e-01
-1.415093794099999726e-02
-1.517443310624465649e-02
1.968371955569373204e-03
6.127681664400362258e-03
-1.762816853490445802e-04
7.738928901098628610e-05
3.585346911239773414e-03
7.955735796002852411e-03
-5.821500844193682259e-04
3.590080435501100727e-03
7.648049551197591556e-03
-1.378065139642844746e-03
3.421444224820075364e-03
3.414560338093348274e-02
-7.289188044325202627e-03
-1.762816853490443633e-04
-3.381926533523360590e-02
6.239473979813089759e-03
-1.437154450723844264e-03
1.745534556863254485e-03
-1.171935910260864114e-03
-2.294428970988321263e-03
-6.469930784131284248e-04
2.256540644318292318e-03
-4.438440986894788857e-04
-7.289297015325194376e-03
-2.110265189293350149e-02
7.738928901098628610e-05
6.239473979813089759e-03
1.242097614566671678e-02
3.138766094292264833e-03
1.242956371630339618e-02
3.077028564896981070e-03
-2.853189445195331020e-03
-1.150099642432426440e-02
5.996503999912029294e-03
-1.318921145278133256e-01
3.869954185637606431e-02
-1.825220760267527442e-01
3.585346911239773414e-03
-1.437154450723844264e-03
3.138766094292264833e-03
1.199346740270413464e-01
-3.880282341441122079e-02
1.595050867235905112e-01
8.724875515881139881e-03
8.305397559951160479e-04
1.892594555148618615e-02
3.467220885610149822e-02
-4.629274998103328348e-02
4.803189864222269512e-02
7.955735796002852411e-03
1.745534556863254485e-03
1.242956371630339618e-02
-3.880282341441122773e-02
4.281402331862504268e-02
-5.014017390052736417e-02
-4.059324682981495583e-03
7.473366314664579282e-04
-1.036614335740657089e-02
-1.411553630910795942e-01
4.759210033083063895e-02
-2.917203964171534714e-01
-5.821500844193682259e-04
-1.171935910260864114e-03
3.077028564896981070e-03
1.595050867235905112e-01
-5.014017390052736417e-02
3.185040537039988684e-01
-1.872018011405780433e-02
2.675546856317285310e-03
-3.001086453034759738e-02
-1.319169852396825937e-01
8.385000081138520300e-02
1.664684781451810924e-01
3.590080435501100727e-03
-2.294428970988321263e-03
-2.853189445195331020e-03
8.724875515881139881e-03
-4.059324682981495583e-03
-1.872018011405780433e-02
1.192768038675543485e-01
-7.839175097528561231e-02
-1.445131953524655122e-01
6.959316996044657977e-02
-8.611675265572542315e-02
-1.023678222100928153e-01
7.648049551197591556e-03
-6.469930784131284248e-04
-1.150099642432426440e-02
8.305397559951160479e-04
7.473366314664579282e-04
2.675546856317285310e-03
-7.839175097528561231e-02
8.559874805144607190e-02
1.109553005336962050e-01
1.277310988068443842e-01
-1.017345068780678569e-01
-2.522180493795918577e-01
-1.378065139642844746e-03
2.256540644318292318e-03
5.996503999912029294e-03
1.892594555148618615e-02
-1.036614335740657089e-02
-3.001086453034759738e-02
-1.445131953524655122e-01
1.109553005336962050e-01
2.762557488969998865e-01
2.734144734256607756e-01
-1.068049150763425992e-01
1.288423378001861234e-02
-1.223744134499998165e-02
1.476809428799968557e-03
-1.737521920537787228e-04
-1.318251017499534883e-01
3.768019365787848851e-02
-1.409714866633237085e-01
-1.318181396593896548e-01
6.958392633182401699e-02
1.283832612154605646e-01
-1.068049150763425992e-01
9.645294583217267625e-02
5.388842190531858284e-02
-1.351725840778699762e-02
3.195830172992663448e-02
-5.955772793089082924e-03
4.058066765940306769e-02
-4.543612524769151395e-02
5.010257479492201405e-02
8.150212161875072803e-02
-8.242279292002957503e-02
-9.957163409763662709e-02
1.288423378001861234e-02
5.388842190531858284e-02
5.605910067626660442e-01
1.589933456079059039e-03
-5.955665165089090579e-03
-1.797522455892667029e-02
-1.816833694529150778e-01
5.360563098186010150e-02
-2.903130491373550615e-01
1.671237174785022150e-01
-1.035540369586999965e-01
-2.536897469145807937e-01
-1.223744134499998165e-02
-1.351725840778699762e-02
1.589933456079059039e-03
5.192639568138747615e-03
4.270002544565018468e-04
-4.618042275652227543e-05
4.235316279194329368e-03
6.822833879722521762e-03
-9.083571155469572465e-04
4.218917715841892686e-03
7.016062339297302053e-03
-7.357772128853912403e-04
1.476809428799968557e-03
3.195830172992663448e-02
-5.955665165089090579e-03
4.270002544565019553e-04
-3.496872121280542034e-02
5.449510649062848031e-03
-9.364908414198549070e-04
2.403769482181047305e-03
-5.204354375426091051e-04
-1.491662320548017536e-03
4.537450573182163897e-04
1.157689075160092066e-03
-1.737521920537787228e-04
-5.955772793089082924e-03
-1.797522455892667029e-02
-4.618042275652227543e-05
5.449510649062848031e-03
1.004851848250002018e-02
2.220797495249867640e-03
1.040877660659757405e-02
3.125141102624632867e-03
-2.066506249154912486e-03
-9.715807148167290852e-03
5.618431156839890153e-03
-1.318251017499534883e-01
4.058066765940306769e-02
-1.816833694529150778e-01
4.235316279194329368e-03
-9.364908414198549070e-04
2.220797495249867640e-03
1.263208597650486431e-01
-3.759957073584929005e-02
1.551078804517927734e-01
8.708860939239594645e-03
7.003909856059464204e-04
1.896261547688823587e-02
3.768019365787848851e-02
-4.543612524769151395e-02
5.360563098186010150e-02
6.822833879722521762e-03
2.403769482181047305e-03
1.040877660659757405e-02
-3.759957073584929005e-02
3.753785730228416384e-02
-5.316445760271523019e-02
-3.657337025040496674e-03
1.080484717748311134e-03
-1.058462569184040816e-02
-1.409714866633237085e-01
5.010257479492201405e-02
-2.903130491373550615e-01
-9.083571155469572465e-04
-5.204354375426091051e-04
3.125141102624632867e-03
1.551078804517927734e-01
-5.316445760271523019e-02
3.170417321783323694e-01
-1.864549812887785971e-02
3.216932784109815743e-03
-2.994563576898787854e-02
-1.318181396593896548e-01
8.150212161875072803e-02
1.671237174785022150e-01
4.218917715841892686e-03
-1.491662320548017536e-03
-2.066506249154912486e-03
8.708860939239594645e-03
-3.657337025040496674e-03
-1.864549812887785971e-02
1.188061731355954664e-01
-7.718294722244181671e-02
-1.447952345263029683e-01
6.958392633182401699e-02
-8.242279292002957503e-02
-1.035540369586999965e-01
7.016062339297302053e-03
4.537450573182163897e-04
-9.715807148167290852e-03
7.003909856059464204e-04
1.080484717748311134e-03
3.216932784109815743e-03
-7.718294722244181671e-02
8.053962865207184296e-02
1.085956575527951412e-01
1.283832612154605646e-01
-9.957163409763662709e-02
-2.536897469145807937e-01
-7.357772128853912403e-04
1.157689075160092066e-03
5.618431156839890153e-03
1.896261547688823587e-02
-1.058462569184040816e-02
-2.994563576898787854e-02
-1.447952345263029683e-01
1.085956575527951412e-01
2.787149373139997111e-01
3.112301113176997980e+00
-2.025259603683331744e-01
8.334831235639978964e-01
-2.154053220786996903e+00
2.920209341999958214e-02
-1.482931692099984967e-02
-2.025259603683331744e-01
5.382779782983333067e-02
-2.117184482510556798e-01
3.559756093099960411e-02
2.014403540389999581e-01
-1.054302573000002498e-03
8.334831235639978964e-01
-2.117184482510556798e-01
1.048985037216999761e+00
-1.379902106699984650e-02
1.916844459999981533e-04
2.448034647369997374e-01
-2.154053220786996903e+00
3.559756093099960411e-02
-1.379902106699984650e-02
3.120001658505331399e+00
-1.867857437536660781e-01
-8.334831235639978964e-01
2.920209341999958214e-02
2.014403540389999581e-01
1.916844459999981533e-04
-1.867857437536660781e-01
3.186492665316661282e-02
2.105915454200555925e-01
-1.482931692099984967e-02
-1.054302573000002498e-03
2.448034647369997374e-01
-8.334831235639978964e-01
2.105915454200555925e-01
1.048985037216999761e+00
2.809002648166669114e-01
1.472531974333347957e-03
-5.310866920000015213e-04
-2.310901471559998754e-01
5.894369999582555554e-07
1.091352000014401245e-06
1.472531974333347957e-03
4.390506362999996998e-03
-3.719382986666667449e-04
5.922499999582554894e-07
-3.845142339999995783e-03
1.428000000486761701e-09
-5.310866920000015213e-04
-3.719382986666667449e-04
2.048363280500008730e-03
1.112981000014401127e-06
1.632000000486765960e-09
4.101598683000002611e-03
-2.310901471559998754e-01
5.922499999582554894e-07
1.112981000014401127e-06
2.800836912296668646e-01
1.472531974333381568e-03
5.310866920000014129e-04
5.894369999582555554e-07
-3.845142339999995783e-03
1.632000000486765960e-09
1.472531974333381568e-03
4.377383679333330356e-03
3.719382986666667991e-04
1.091352000014401245e-06
1.428000000486761701e-09
4.101598683000002611e-03
5.310866920000014129e-04
3.719382986666667991e-04
2.073166757833342505e-03
7.577382031666476643e-04
-3.279267510000025056e-04
-3.638033333333347375e-08
-6.978473606999988262e-03
1.127481200000030970e-04
2.250719999989874171e-07
-3.279267510000025056e-04
2.472481455099991357e-02
-3.833428571428593966e-10
1.460120000033388161e-07
-2.515304018900000119e-02
1.971000000106960158e-09
-3.638033333333347375e-08
-3.833428571428593966e-10
2.654432602983326436e-02
2.924199999989942747e-07
2.520000000100078084e-09
-2.340677985500000044e-02
-6.978473606999988262e-03
1.460120000033388161e-07
2.924199999989942747e-07
7.577382031666478812e-04
-3.279265796666720615e-04
3.635100000000014465e-08
1.127481200000030970e-04
-2.515304018900000119e-02
2.520000000100078084e-09
-3.279265796666720615e-04
2.472481455099991357e-02
3.833428571428638427e-10
2.250719999989874171e-07
1.971000000106960158e-09
-2.340677985500000044e-02
3.635100000000014465e-08
3.833428571428638427e-10
2.654432602983326436e-02
5.362780354233978031e+00
9.722360452533529429e-02
-5.570990529999957606e-03
-4.767049438032005426e+00
-1.822199180000099242e-02
-5.616052480999675703e-03
9.722360452533529429e-02
-6.698215269848312170e-01
2.552925624349999464e-02
-1.727443060100097849e-02
4.531604107190002617e-01
1.786307450999995595e-03
-5.570990529999957606e-03
2.552925624349999464e-02
-5.999707175853348229e-01
-5.715406502999673295e-03
1.786545793999995153e-03
3.945458382805002162e-01
-4.767049438032005426e+00
-1.727443060100097849e-02
-5.715406502999673295e-03
5.363598250510644760e+00
9.722369059666789715e-02
5.570990529999955004e-03
-1.822199180000099242e-02
4.531604107190002617e-01
1.786545793999995153e-03
9.722369059666789715e-02
-6.698215269864978838e-01
-2.440202501749999184e-02
-5.616052480999675703e-03
1.786307450999995595e-03
3.945458382805002162e-01
5.570990529999955004e-03
-2.440202501749999184e-02
-6.000022838290014482e-01
3.282901070700178003e+00
3.034529678974807153e-03
-2.643212529669115504e-02
-2.851134102093998202e+00
-7.411756146000548703e-03
-2.123329013199984003e-02
3.034529678974806719e-03
-2.866129797050085415e-01
6.732252806806922904e-05
-1.222065438800056143e-02
1.408433264089998804e-01
6.862237949999987945e-04
-2.643212529669115504e-02
6.732252806806922904e-05
-2.867813842063338114e-01
-2.214799340899984217e-02
6.944977979999981954e-04
1.559029726559998663e-01
-2.851134102093998202e+00
-1.222065438800056143e-02
-2.214799340899984217e-02
3.261215633269855640e+00
3.034610169607536000e-03
2.643214482262933387e-02
-7.411756146000548703e-03
1.408433264089998804e-01
6.944977979999981954e-04
3.034610169607536000e-03
-2.870047805553528342e-01
-5.418904027521880935e-07
-2.123329013199984003e-02
6.862237949999987945e-04
1.559029726559998663e-01
2.643214482262933387e-02
-5.418904027521880935e-07
-2.850735048306671238e-01
-8.586194791668753934e-02
1.087831028269266577e-06
3.484823351348032364e-07
1.125767304850000955e-01
-3.672579999630791760e-07
-7.130320000120759653e-07
1.087831028269266577e-06
9.139052772718746220e-02
-2.076126403100600122e-09
-3.618209999630791254e-07
-8.841319396500001149e-02
1.064000000231367842e-09
3.484823351348032364e-07
-2.076126403100600122e-09
9.037153376199970334e-02
-7.175470000120758704e-07
3.360000002313672541e-10
-8.463289470300006112e-02
1.125767304850000955e-01
-3.618209999630791254e-07
-7.175470000120758704e-07
-8.574422894068904621e-02
1.088732045764091205e-06
-3.488356684681348351e-07
-3.672579999630791760e-07
-8.841319396500001149e-02
3.360000002313672541e-10
1.088732045764090994e-06
9.134779198218889729e-02
2.076126096795817404e-09
-7.130320000120759653e-07
1.064000000231367842e-09
-8.463289470300006112e-02
-3.488356684681348351e-07
2.076126096795817404e-09
9.055324488233303104e-02
-9.403388696677375536e-02
2.400082299038077053e-05
3.235120793283219751e-07
1.174050185100000837e-01
-3.823999999657032485e-07
-7.348650000112997732e-07
2.400082299038077053e-05
7.555507723410700982e-02
3.395449456565365304e-04
-3.759699999657032101e-07
-6.929957883500005578e-02
4.350000001321172845e-10
3.235120793283219751e-07
3.395449456565365304e-04
7.879081549116639938e-02
-7.275760000112994225e-07
7.030000001321188923e-10
-6.714011160600008576e-02
1.174050185100000837e-01
-3.759699999657032101e-07
-7.275760000112994225e-07
-9.396155561112018439e-02
2.402135269393736511e-05
-3.219170801630440575e-07
-3.823999999657032485e-07
-6.929957883500005578e-02
7.030000001321188923e-10
2.402135269393736511e-05
7.517344384178656358e-02
-3.395449456560287443e-04
-7.348650000112997732e-07
4.350000001321172845e-10
-6.714011160600008576e-02
-3.219170801630440575e-07
-3.395449456560287443e-04
7.895451968449973545e-02
-8.778673000618998634e-02
8.489299160356748360e-07
2.780560001035478573e-07
8.533894455000005930e-02
-7.896299998043150445e-08
-1.461870000066333374e-07
8.489299160356747301e-07
2.151870640102355320e-02
-1.540131654534968123e-10
-9.410489999980437014e-06
-2.115834200799999315e-02
9.499999988816292735e-11
2.780560001035478573e-07
-1.540131654534968123e-10
2.238348520850005560e-02
-1.307840000066485618e-07
8.599443999999988541e-05
-2.299375199900000402e-02
8.533894455000005930e-02
-9.410489999980437014e-06
-1.307840000066485618e-07
-8.775352784111976889e-02
7.967538153672881032e-07
-2.630473334368853831e-07
-7.896299998043150445e-08
-2.115834200799999315e-02
8.599443999999988541e-05
7.967538153672879974e-07
2.141499293545333707e-02
1.540232500097943391e-10
-1.461870000066333374e-07
9.499999988816292735e-11
-2.299375199900000402e-02
-2.630473334368853831e-07
1.540232500097943391e-10
2.234574247416672155e-02
-8.426389366915917889e-02
7.841308225403257432e-07
2.435589929852315489e-07
8.450867923900005907e-02
-7.303699998036374553e-08
-1.146900000066178982e-07
7.841308225403258491e-07
2.215648288915937972e-02
1.723471733832794897e-04
-7.848899998036900122e-08
-2.235740179199999234e-02
3.619999999256375393e-10
2.435589929852315489e-07
1.723471733832794897e-04
2.427346957600001395e-02
-1.152630000066336886e-07
8.599470999999991785e-05
-2.357156734200001325e-02
8.450867923900005907e-02
-7.848899998036900122e-08
-1.152630000066336886e-07
-8.415455369348731618e-02
7.714309400178544371e-07
-2.375089929851342944e-07
-7.303699998036374553e-08
-2.235740179199999234e-02
8.599470999999991785e-05
7.714309400178544371e-07
2.203278971732080399e-02
-1.723471733820389456e-04
-1.146900000066178982e-07
3.619999999256375393e-10
-2.357156734200001325e-02
-2.375089929851342944e-07
-1.723471733820389456e-04
2.406463004933334995e-02
6.015299065414539958e-01
1.612167740174831065e-06
1.046210119699186103e-06
-7.269300405910000817e-01
9.252639998695252875e-07
2.105811000043689016e-06
1.612167740174831065e-06
1.182365616421434534e-02
8.511801329498817816e-05
1.003423999869525823e-06
-1.664962831999999490e-02
7.004000000195084145e-09
1.046210119699186103e-06
8.511801329498817816e-05
8.505351868166671769e-03
2.247321000043689123e-06
5.751000000195116700e-09
-1.346905183799999503e-02
-7.269300405910000817e-01
1.003423999869525823e-06
2.247321000043689123e-06
6.002696268647853550e-01
1.584291167849740123e-06
-1.036884119699196334e-06
9.252639998695252875e-07
-1.664962831999999490e-02
5.751000000195116700e-09
1.584291167849740123e-06
1.184830259288306015e-02
-8.511801329532998645e-05
2.105811000043689016e-06
7.004000000195084145e-09
-1.346905183799999503e-02
-1.036884119699196334e-06
-8.511801329532998645e-05
9.024012433833333499e-03
-3.961440152666662745e-02
4.793409999827284463e-07
-1.566093333333338418e-07
3.763916320199999638e-02
-1.706419999830189749e-07
-3.786160000056613369e-07
4.793409999827284463e-07
5.440266454866674734e-02
5.177333333333290226e-09
-1.637009999830189130e-07
-5.480160029499993313e-02
3.740999999998669279e-09
-1.566093333333338418e-07
5.177333333333290226e-09
5.467593445183337869e-02
-3.489940000056614704e-07
5.101999999998670680e-09
-5.482244907800001843e-02
3.763916320199999638e-02
-1.637009999830189130e-07
-3.489940000056614704e-07
-3.961440525099996918e-02
4.786466666609348760e-07
1.566653333333338524e-07
-1.706419999830189749e-07
-5.480160029499993313e-02
5.101999999998670680e-09
4.786466666609348760e-07
5.397792881066663939e-02
-5.184333333333308917e-09
-3.786160000056613369e-07
3.740999999998669279e-09
-5.482244907800001843e-02
1.566653333333338524e-07
-5.184333333333308917e-09
5.474266758950008943e-02
-9.642589696333350724e-02
6.557009999923712536e-07
2.194923333333330689e-07
9.239194236199997634e-02
-2.211629999778424981e-07
-4.293330000073614281e-07
6.557009999923712536e-07
2.821211207433337378e-02
-3.669999999999870487e-10
-2.212419999778424818e-07
-2.822782958500004782e-02
4.140000000242773036e-10
2.194923333333330689e-07
-3.669999999999870487e-10
2.850668844216663889e-02
-4.239690000073615397e-07
4.000000000242782308e-10
-2.783028863600004246e-02
9.239194236199997634e-02
-2.212419999778424818e-07
-4.239690000073615397e-07
-9.642589636133340469e-02
6.558093333104294323e-07
-2.194939999999997551e-07
-2.211629999778424981e-07
-2.822782958500004782e-02
4.000000000242782308e-10
6.558093333104294323e-07
2.827399445833338187e-02
3.686666666666268263e-10
-4.293330000073614281e-07
4.140000000242773036e-10
-2.783028863600004246e-02
-2.194939999999997551e-07
3.686666666666268263e-10
2.854999334350000195e-02
-8.473014785566647389e-02
5.502263333269336047e-07
1.822060000000000898e-07
8.432500195100001150e-02
-1.843589999808838858e-07
-3.640520000063926467e-07
5.502263333269336047e-07
1.979016045116668496e-02
-1.449999999999890561e-10
-1.832359999808839094e-07
-1.973887595300001171e-02
1.579999999796936696e-10
1.822060000000000898e-07
-1.449999999999890561e-10
2.003326448366662613e-02
-3.663780000063925843e-07
1.541666666463599618e-10
-2.006959247900002088e-02
8.432500195100001150e-02
-1.832359999808839094e-07
-3.663780000063925843e-07
-8.473015897399978347e-02
5.502263333141013732e-07
-1.822940000000001631e-07
-1.843589999808838858e-07
-1.973887595300001171e-02
1.541666666463599618e-10
5.502263333141013732e-07
1.996515059850000745e-02
1.449999999999667481e-10
-3.640520000063926467e-07
1.579999999796936696e-10
-2.006959247900002088e-02
-1.822940000000001631e-07
1.449999999999667481e-10
2.019913122999994481e-02
4.029687382751440339e+00
-6.202903100897160238e-01
-1.199271947168906616e+00
-4.380486047305002018e+00
-7.410801572000923904e-03
-2.714445267099973441e-02
-6.202903100897160238e-01
-3.409231955844593820e-02
2.454443557877276638e-01
1.512431835999908381e-02
5.457774251230005369e-01
-4.170827340000109879e-04
-1.199271947168906616e+00
2.454443557877276638e-01
1.364163571362002170e+00
-1.351368394599969380e-02
4.503000989999934194e-04
4.682402188495003448e-01
-4.380486047305002018e+00
1.512431835999908381e-02
-1.351368394599969380e-02
4.061921358186867614e+00
-5.145487620922083449e-01
1.274439898370373303e+00
-7.410801572000923904e-03
5.457774251230005369e-01
4.503000989999934194e-04
-5.145487620922082339e-01
-1.235300434118748597e-01
-2.320510647725831377e-01
-2.714445267099973441e-02
-4.170827340000109879e-04
4.682402188495003448e-01
1.274439898370373303e+00
-2.320510647725831377e-01
1.484260086481668628e+00
1.710620925238331758e+00
1.239612853336882780e-04
-9.901025000000001990e-05
-1.821724142216000430e+00
-3.069947520003936999e-04
6.613902000130930072e-06
1.239612853336882780e-04
-2.236405796396670476e-01
2.086704935000000536e-04
4.698879999606287545e-06
3.215656558129996734e-01
1.586999999664716401e-09
-9.901025000000001990e-05
2.086704935000000536e-04
-2.438502836960002584e-01
9.524205000130922221e-06
3.712999999684337021e-09
3.160749136859998254e-01
-1.821724142216000430e+00
4.698879999606287545e-06
9.524205000130922221e-06
1.710591564908665152e+00
-2.953790033321504723e-05
9.901024999999999280e-05
-3.069947520003936999e-04
3.215656558129996734e-01
3.712999999684337021e-09
-2.953790033321504723e-05
-2.235245596056670558e-01
-2.239101208333332913e-04
6.613902000130930072e-06
1.586999999664716401e-09
3.160749136859998254e-01
9.901024999999999280e-05
-2.239101208333332913e-04
-2.438668700950002710e-01
-1.549429381833337255e-02
1.107349999982447412e-07
3.808266666666656246e-08
1.885174129600000748e-02
-3.560499999366508049e-08
-6.843700000202651902e-08
1.107349999982447412e-07
1.316676160916663632e-02
-1.066666666666643079e-10
-5.298499999366512097e-08
-1.563396867399999973e-02
1.230000000850745843e-10
3.808266666666656246e-08
-1.066666666666643079e-10
1.306416541816662370e-02
-9.908300000202656726e-08
4.280000000850679476e-10
-1.424444299500000552e-02
1.885174129600000748e-02
-5.298499999366512097e-08
-9.908300000202656726e-08
-1.551172990800003468e-02
1.100703333281157707e-07
-3.780566666666657261e-08
-3.560499999366508049e-08
-1.563396867399999973e-02
4.280000000850679476e-10
1.100703333281157707e-07
1.288990779349996445e-02
1.066666666666596938e-10
-6.843700000202651902e-08
1.230000000850745843e-10
-1.424444299500000552e-02
-3.780566666666657261e-08
1.066666666666596938e-10
1.307742715149995752e-02
-2.589910605583334649e-02
1.591933333310716734e-07
5.514933333333325621e-08
2.724596342100002455e-02
-5.434699999236762785e-08
-1.080180000024692150e-07
1.591933333310716734e-07
1.102858513816668169e-02
-7.233333333332992992e-11
-4.403099999236759027e-08
-1.430282881799998553e-02
1.020000000749576692e-10
5.514933333333325621e-08
-7.233333333332992992e-11
1.107980197333334992e-02
-1.019480000024692010e-07
4.440000000749594867e-10
-1.307839734999999455e-02
2.724596342100002455e-02
-4.403099999236759027e-08
-1.019480000024692010e-07
-2.591014099850000654e-02
1.578689999932593075e-07
-5.484866666666658831e-08
-5.434699999236762785e-08
-1.430282881799998553e-02
4.440000000749594867e-10
1.578689999932593075e-07
1.078199570216667458e-02
6.766666666665655853e-11
-1.080180000024692150e-07
1.020000000749576692e-10
-1.307839734999999455e-02
-5.484866666666658831e-08
6.766666666665655853e-11
1.109307174833334617e-02
1.838818117166130417e+00
3.043421118231446482e-03
1.816843015061810583e-03
-1.766116961593000134e+00
-8.520258602000313486e-03
1.495656880001116295e-04
3.043421118231446482e-03
-6.132439177429217791e-02
1.720905904187768499e-03
-1.222871736000332886e-03
4.539367465000003488e-02
8.324790999999970217e-06
1.816843015061810583e-03
1.720905904187768499e-03
-5.705745494633312348e-02
8.451510200011092618e-05
4.072678900000040083e-05
4.331783172699999601e-02
-1.766116961593000134e+00
-1.222871736000332886e-03
8.451510200011092618e-05
1.688730879423815390e+00
5.689053039919139514e-03
-3.221487764472175542e-03
-8.520258602000313486e-03
4.539367465000003488e-02
4.072678900000040083e-05
5.689053039919140381e-03
-2.586754304097827611e-02
-1.726022207972052139e-03
1.495656880001116295e-04
8.324790999999970217e-06
4.331783172699999601e-02
-3.221487764472175542e-03
-1.726022207972052139e-03
-4.115445903516651988e-02
-2.219643810815328036e-02
6.824183072241348094e-07
-2.234346666982221969e-07
-1.538438763199997776e-02
-4.139589999880371498e-07
2.165119999960370506e-07
6.824183072241350212e-07
9.060399724865321469e-02
2.837372470736700119e-10
-3.437629999880370154e-07
-8.050651277300005515e-02
-1.389999999999391875e-10
-2.234346666982221969e-07
2.837372470736700119e-10
8.990464570516679133e-02
1.713549999960370387e-07
-1.019999999999431927e-10
-8.010217359500006185e-02
-1.538438763199997776e-02
-3.437629999880370154e-07
1.713549999960370387e-07
-2.448521819399640878e-02
6.834684605240331757e-07
-2.288039999563989677e-07
-4.139589999880371498e-07
-8.050651277300005515e-02
-1.019999999999431927e-10
6.834684605240331757e-07
8.908829153016299685e-02
3.462288149298315067e-10
2.165119999960370506e-07
-1.389999999999391875e-10
-8.010217359500006185e-02
-2.288039999563989677e-07
3.462288149298315067e-10
8.770214554533334317e-02
-6.308317779934433100e-02
7.985271508256912927e-07
-2.704593335122417623e-07
4.027538982000002793e-02
-2.310039999797339378e-07
-4.966820000067043454e-07
7.985271508256913986e-07
7.606836990717774638e-02
8.447048137733100044e-10
-2.074929999797339333e-07
-7.004801763100000633e-02
1.020000000512139667e-10
-2.704593335122417623e-07
8.447048137733100044e-10
7.731576685800015114e-02
-4.287420000067040163e-07
1.390000000512278752e-10
-6.921034776799997457e-02
4.027538982000002793e-02
-2.074929999797339333e-07
-4.287420000067040163e-07
-6.553380742430998940e-02
8.500005284732082148e-07
-2.755263332565059471e-07
-2.310039999797339378e-07
-7.004801763100000633e-02
1.390000000512278752e-10
8.500005284732083207e-07
7.404320439047684665e-02
6.818977103236931720e-10
-4.966820000067043454e-07
1.020000000512139667e-10
-6.921034776799997457e-02
-2.755263332565059471e-07
6.818977103236931720e-10
7.444154330683336318e-02
-9.153397890225510591e-02
6.859256240276328185e-07
1.892583332996183737e-07
9.003728412600009445e-02
5.224776620313707981e-08
-4.174052412640921924e-07
6.859256240276327127e-07
2.362029569608855781e-02
-3.993972463491533486e-11
-1.977214998580728881e-04
-2.126382760738460692e-02
6.294359240769254599e-04
1.892583332996183737e-07
-3.993972463491533486e-11
2.231427985033323722e-02
-2.996470879092442077e-05
6.679575190769223431e-04
-2.176267632261538049e-02
9.003728412600009445e-02
-1.977214998580728881e-04
-2.996470879092442077e-05
-9.013127502038315031e-02
6.644171628169712633e-07
-1.987683332786515658e-07
5.224776620313707981e-08
-2.126382760738460692e-02
6.679575190769223431e-04
6.644171628169712633e-07
2.125941845338292016e-02
6.018088031062748737e-11
-4.174052412640921924e-07
6.294359240769254599e-04
-2.176267632261538049e-02
-1.987683332786515658e-07
6.018088031062748737e-11
2.122439866616658219e-02
3.735213971293337987e-01
-7.726376979999787344e-04
8.587044703333338675e-04
-4.510676258829998120e-01
-1.042458684000080547e-03
9.464000000273875969e-07
-7.726376979999787344e-04
1.918814875316666654e-02
-1.525250290666666430e-03
1.331491167999919283e-03
-1.804195050700000552e-02
-7.720999999272910013e-09
8.587044703333338675e-04
-1.525250290666666430e-03
2.497367846500000294e-02
1.443326900002723014e-05
-2.225647599999912632e-05
-4.839013344999998703e-03
-4.510676258829998120e-01
1.331491167999919283e-03
1.443326900002723014e-05
3.863723162658338484e-01
-7.976185346666463984e-04
-5.973892316666663555e-04
-1.042458684000080547e-03
-1.804195050700000552e-02
-2.225647599999912632e-05
-7.976185346666463984e-04
2.668370292599997473e-02
-1.945741882999999905e-03
9.464000000273875969e-07
-7.720999999272910013e-09
-4.839013344999998703e-03
-5.973892316666663555e-04
-1.945741882999999905e-03
2.380435270816665463e-02
2.158461784841662623e-01
-1.622715890999988468e-03
1.241639969333333546e-03
-2.354274495100001363e-01
-1.720252113000038168e-03
1.369203500001296411e-05
-1.622715890999988468e-03
3.028056757516662742e-02
-7.285278176666666605e-04
1.031120293999962132e-03
-3.322809345200005565e-02
3.865752100000041799e-05
1.241639969333333546e-03
-7.285278176666666605e-04
3.193436628366662366e-02
1.543116750000127191e-04
5.849760200000061588e-05
-2.532183351600002588e-02
-2.354274495100001363e-01
1.031120293999962132e-03
1.543116750000127191e-04
2.327085075841665296e-01
-2.387760320999990967e-03
-8.090451246666651103e-04
-1.720252113000038168e-03
-3.322809345200005565e-02
5.849760200000061588e-05
-2.387760320999990967e-03
3.305770494849993163e-02
-4.461973270000000051e-04
1.369203500001296411e-05
3.865752100000041799e-05
-2.532183351600002588e-02
-8.090451246666651103e-04
-4.461973270000000051e-04
3.117560157516663377e-02
-1.338509916500002332e-02
2.554769999972323516e-07
8.418266666666860977e-08
1.727927671200001417e-02
1.019311130000088425e-04
-1.459980000028744144e-07
2.554769999972323516e-07
3.183237686766667018e-02
-3.110696266666666783e-05
3.735355980000084329e-04
-3.032615835999999745e-02
-5.406999999976137537e-09
8.418266666666860977e-08
-3.110696266666666783e-05
3.215454051799995078e-02
-5.455772140000042384e-04
-3.908700000000059664e-06
-2.956248204999999130e-02
1.727927671200001417e-02
3.735355980000084329e-04
-5.455772140000042384e-04
-1.679525100466667045e-02
-4.888346473333347788e-04
1.887014436666669304e-04
1.019311130000088425e-04
-3.032615835999999745e-02
-3.908700000000059664e-06
-4.888346473333347788e-04
2.997798312333335019e-02
-9.602999999999885018e-07
-1.459980000028744144e-07
-5.406999999976137537e-09
-2.956248204999999130e-02
1.887014436666669304e-04
-9.602999999999885018e-07
2.937407536716662992e-02
-2.185010869353351190e-02
1.394864086394594835e-07
4.648466666666639510e-08
2.156632822099999180e-02
3.345251471612941082e-08
-1.005541198202899696e-07
1.394864086394594835e-07
5.813979027366830525e-03
5.513020790419309204e-15
3.325947456486551273e-08
-5.519211348999999468e-03
-8.549813999999406056e-06
4.648466666666639510e-08
5.513020790419309204e-15
5.603759675000020979e-03
-1.001234917905473610e-07
-8.549813999998972375e-06
-5.519211348999998601e-03
2.156632822099999180e-02
3.325947456486551273e-08
-1.001234917905473610e-07
-2.209324820000004019e-02
1.416219999949112337e-07
-4.694566666666669284e-08
3.345251471612941082e-08
-5.519211348999999468e-03
-8.549813999998972375e-06
1.416219999949112337e-07
5.603818208000026918e-03
-8.623779062575793777e-24
-1.005541198202899696e-07
-8.549813999999406056e-06
-5.519211348999998601e-03
-4.694566666666669284e-08
-8.623779062575793777e-24
5.548921772666691107e-03
-6.906571494006139567e-01
-1.295344291167869422e+00
3.619286994008241720e-01
-3.533919250840004134e-01
6.128108560133458393e-01
-9.112946343061593957e-02
6.261331466574109328e-01
2.441926006911494085e+00
-2.806758504187500947e-01
-1.295344291167869422e+00
6.137621211814462185e+00
1.949108376665811937e+00
1.160675414082497497e-01
3.435376997697098256e-01
-3.721785366206266377e-02
2.912054103237273317e+00
-8.581594145543274266e+00
1.058176411827368435e+00
3.619286994008241720e-01
1.949108376665811937e+00
2.577050116542656699e+00
-1.058651106567614839e-02
-3.776060440206260166e-02
4.898211113529005178e-02
-3.306014556673630977e-01
1.047100021983863760e+00
4.965000126903547639e-01
-3.533919250840004134e-01
1.160675414082497497e-01
-1.058651106567614839e-02
4.932662354459390608e-01
-2.783997521700848354e-02
1.994346984095557093e-02
-7.053056800493424650e-01
3.038746476599498703e-01
-5.988626841738390466e-02
6.128108560133458393e-01
3.435376997697098256e-01
-3.776060440206260166e-02
-2.783997521700844191e-02
-2.865040473827706879e-01
4.921019660606294754e-02
-2.657516984784768013e-02
-1.214325930207816283e-02
2.207861541209345246e-02
-9.112946343061593957e-02
-3.721785366206266377e-02
4.898211113529005178e-02
1.994346984095557093e-02
4.921019660606294754e-02
8.727522156999994313e-03
-9.893366614712958973e-02
5.791364136365978466e-02
8.739679730292110316e-02
6.261331466574109328e-01
2.912054103237273317e+00
-3.306014556673630977e-01
-7.053056800493424650e-01
-2.657516984784768013e-02
-9.893366614712958973e-02
1.098662986773230044e-01
-2.050971783768737566e+00
8.180204156503125823e-01
2.441926006911494085e+00
-8.581594145543274266e+00
1.047100021983863760e+00
3.038746476599498703e-01
-1.214325930207816283e-02
5.791364136365978466e-02
-2.050971783768737566e+00
6.403423442776349006e+00
-1.604610298511451649e+00
-2.806758504187500947e-01
1.058176411827368435e+00
4.965000126903547639e-01
-5.988626841738390466e-02
2.207861541209345246e-02
8.739679730292110316e-02
8.180204156503125823e-01
-1.604610298511451649e+00
1.635910905921338587e+00
-3.541115841927719443e-03
-4.766806582173053197e-01
2.601456375409098021e-01
-3.701653536790004972e-01
1.808353421908609204e-01
-3.778294303814547922e-02
1.038775829238867410e-01
1.145585708648791057e+00
-2.928779812540730498e-01
-4.766806582173053197e-01
3.773871897770596728e+00
-1.873613022994436994e-01
4.950253001483022330e-02
7.625302570663654300e-02
-2.312765620600689201e-02
1.323397972706529924e+00
-3.866052660956673659e+00
1.031498933428881104e+00
2.601456375409098021e-01
-1.873613022994436994e-01
2.812566063376672476e-01
-9.400134217553439767e-03
-2.107754511400687647e-02
1.650651975363605578e-03
-3.379665119253626449e-01
1.030573789310939015e+00
-9.477005044004953305e-02
-3.701653536790004972e-01
4.950253001483022330e-02
-9.400134217553439767e-03
4.775069831309995960e-01
-8.041022336390854508e-02
1.939747460557652778e-02
-2.928543059598622267e-01
1.411979274719608601e-01
-3.789776793152657697e-02
1.808353421908609204e-01
7.625302570663654300e-02
-2.107754511400687647e-02
-8.041022336390854508e-02
-1.267221648310002946e-01
2.257589837544894673e-02
8.822246120717490425e-02
-6.643801552351182027e-02
2.426647143890258915e-02
-3.778294303814547922e-02
-2.312765620600689201e-02
1.650651975363605578e-03
1.939747460557652778e-02
2.257589837544894673e-02
-4.966713548333345080e-03
-2.157012340987636209e-02
2.246039437723611892e-02
1.769825726804097679e-02
1.038775829238867410e-01
1.323397972706529924e+00
-3.379665119253626449e-01
-2.928543059598622267e-01
8.822246120717490425e-02
-2.157012340987636209e-02
3.039548006344745978e+00
-8.383399854928658135e-01
9.183782364322340408e-01
1.145585708648791057e+00
-3.866052660956673659e+00
1.030573789310939015e+00
1.411979274719608601e-01
-6.643801552351182027e-02
2.246039437723611892e-02
-8.383399854928657025e-01
6.503525528007618739e-01
-4.560581096122078293e-01
-2.928779812540730498e-01
1.031498933428881104e+00
-9.477005044004953305e-02
-3.789776793152657697e-02
2.426647143890258915e-02
1.769825726804097679e-02
9.183782364322340408e-01
-4.560581096122078293e-01
7.026267153336681615e-01
4.699176533333517258e-01
9.873720598220114830e-03
2.859873575527700773e-02
-4.639683866469997420e-01
1.495356891317133931e-02
-2.302506900320820671e-02
-3.376424460886871814e-02
-6.253152314379812650e-03
9.632607612074819275e-03
9.873720598220109626e-03
5.500077963498263556e-02
-3.928050571598090679e-02
-1.733932421316664377e-03
-1.415125896163152257e-02
2.058354480412505697e-02
9.538635230886169727e-03
-1.447665082707145015e-02
2.273836764282579845e-02
2.859873575527700773e-02
-3.928050571598090679e-02
9.555410272466655086e-02
2.326106218233126542e-03
2.056242844512505552e-02
-3.142075005636843499e-02
-1.447230707280703840e-02
2.230281661977786406e-02
-3.313677401605977929e-02
-4.639683866469997420e-01
-1.733932421316664377e-03
2.326106218233126542e-03
4.655129736924155104e-01
3.171610147156722626e-03
5.771841663255208562e-05
2.537775742984694637e-04
-4.847159816376750462e-04
8.360777198728749178e-04
1.495356891317133931e-02
-1.415125896163152257e-02
2.056242844512505552e-02
3.171610147156721324e-03
1.714647096358437942e-02
-2.056132054277190133e-02
-1.953896661130310672e-02
-1.726867057161427974e-04
5.731053400364650996e-04
-2.302506900320820671e-02
2.058354480412505697e-02
-3.142075005636843499e-02
5.771841663255208562e-05
-2.056132054277190133e-02
3.237499955033325966e-02
2.959915466530550765e-02
8.246722869031398442e-04
-1.144284380582341219e-03
-3.376424460886871814e-02
9.538635230886169727e-03
-1.447230707280703840e-02
2.537775742984694637e-04
-1.953896661130310672e-02
2.959915466530550765e-02
3.546818103303151642e-02
4.524389322117813514e-03
-1.644408416361333239e-02
-6.253152314379812650e-03
-1.447665082707145015e-02
2.230281661977786406e-02
-4.847159816376750462e-04
-1.726867057161427974e-04
8.246722869031398442e-04
4.524389322117810044e-03
3.417377949446849528e-02
-2.813717359105576826e-02
9.632607612074819275e-03
2.273836764282579845e-02
-3.313677401605977929e-02
8.360777198728749178e-04
5.731053400364650996e-04
-1.144284380582341219e-03
-1.644408416361333239e-02
-2.813717359105576826e-02
4.807904020400001477e-02
4.742912572675706540e-01
-3.968929930686823995e-03
4.458143020899170417e-02
-7.108079785499993308e-01
9.215116952349694524e-03
-1.486296068895184841e-02
-2.481768673950593418e-02
-2.830404903092586296e-03
4.855043939607207003e-03
-3.968929930686824863e-03
3.758503039493125281e-02
-2.309881290688285335e-02
8.509574741359804276e-04
5.896995727396174905e-03
2.346404182632725460e-02
1.115403267086975160e-02
-5.680257976556244912e-03
9.117349522334854475e-03
4.458143020899170417e-02
-2.309881290688285335e-02
6.703263024399995496e-02
-1.723935670419041903e-03
2.344859124632725153e-02
-2.094355779439615456e-02
-1.913003068769752318e-02
9.118540580049521935e-03
-1.597070603093782987e-02
-7.108079785499993308e-01
8.509574741359804276e-04
-1.723935670419041903e-03
4.684303457299901496e-01
8.811974797163137779e-04
1.626101995922887150e-03
3.479940244954251270e-04
-1.941385407264827881e-03
3.314321388764747672e-03
9.215116952349694524e-03
5.896995727396174905e-03
2.344859124632725153e-02
8.811974797163141032e-04
1.265552235267540515e-02
-1.805761962623294442e-02
-1.428758722948266641e-02
-2.537588642102599733e-04
8.938676097370092674e-04
-1.486296068895184841e-02
2.346404182632725460e-02
-2.094355779439615456e-02
1.626101995922887150e-03
-1.805761962623294442e-02
3.134925746433329247e-02
2.436968049829936825e-02
9.467163902570316673e-04
-1.351829831285162372e-03
-2.481768673950593418e-02
1.115403267086975160e-02
-1.913003068769752318e-02
3.479940244954251270e-04
-1.428758722948266641e-02
2.436968049829936825e-02
2.857501003656129357e-02
-4.074484862837332577e-04
-4.669245078481880536e-03
-2.830404903092586296e-03
-5.680257976556244912e-03
9.118540580049521935e-03
-1.941385407264827881e-03
-2.537588642102599733e-04
9.467163902570316673e-04
-4.074484862837332577e-04
9.981614936105409966e-03
-9.769825483987569850e-03
4.855043939607207003e-03
9.117349522334854475e-03
-1.597070603093782987e-02
3.314321388764747672e-03
8.938676097370092674e-04
-1.351829831285162372e-03
-4.669245078481880536e-03
-9.769825483987569850e-03
2.342775323933327103e-02
-5.802320495266677369e-01
-6.914988942663352622e-01
1.409196465736657911e-01
8.465511238490002199e-01
6.935462874417893005e-03
6.766921513324321812e-03
-1.619484654680131142e-01
3.516057146306331149e-01
3.277606584793802957e-01
-1.226151411853562412e-01
-3.260515019856549679e-01
-3.577499737197814556e-01
-6.914988942663352622e-01
4.048030353564000094e+00
2.533695018694004375e+00
8.454410669213536025e-03
-4.454842606564200835e+00
-5.092248706579913353e+00
-7.093251746228567724e-04
4.129486421814017594e-01
-2.883701551072624311e-02
4.909258688408376856e-03
4.168875776372837350e-01
-3.555952640017608773e-02
1.409196465736657911e-01
2.533695018694004375e+00
2.029739703543664842e+00
5.581078206750382173e-03
-4.612475766973913593e+00
-3.278838085012809156e+00
1.879670900522832644e-01
-2.806681926898288992e-01
-6.279446034638871965e-02
-1.769374570622165854e-01
-2.739305780462389373e-01
-1.041226537099278621e-01
8.465511238490002199e-01
8.454410669213536025e-03
5.581078206750382173e-03
-3.005713600873339275e-01
2.452683435843314719e-01
2.934329595250007028e-01
-8.316093821168935030e-02
-9.004514254854049937e-02
-9.895974326977387270e-02
-4.646671043850880006e-02
1.056007387879080578e-01
2.066073988459841970e-02
6.935462874417893005e-03
-4.454842606564200835e+00
-4.612475766973913593e+00
2.452683435843314719e-01
5.073762352540319043e+00
-4.533426484673339640e-01
2.159995962372737374e-02
3.913712198306409928e-02
1.664025290839355950e-02
-6.434562952743072550e-02
9.016546038264938723e-02
-2.995295058816917211e-02
6.766921513324321812e-03
-5.092248706579913353e+00
-3.278838085012809156e+00
2.934329595250007028e-01
-4.533426484673339640e-01
2.184333958402994824e+00
1.312414938208116000e-01
6.611608258679679828e-02
7.240680571625261221e-03
-1.333856231703646755e-01
9.913062157962972132e-02
4.748050896085940359e-02
-1.619484654680131142e-01
-7.093251746228567724e-04
1.879670900522832644e-01
-8.316093821168935030e-02
2.159995962372737374e-02
1.312414938208116000e-01
3.068736213001044266e-01
-3.492803115196924102e-03
-1.990928413502859595e-01
-3.852158340985308016e-02
1.725701579457302251e-02
2.638196665922253395e-02
3.516057146306331149e-01
4.129486421814017594e-01
-2.806681926898288992e-01
-9.004514254854049937e-02
3.913712198306409928e-02
6.611608258679679828e-02
-3.492803115196924102e-03
-1.735291418187716317e-01
-6.127585020820937312e-02
-1.927672543687508622e-02
-4.638897627617168812e-02
7.987453413907109889e-02
3.277606584793802957e-01
-2.883701551072624311e-02
-6.279446034638871965e-02
-9.895974326977387270e-02
1.664025290839355950e-02
7.240680571625261221e-03
-1.990928413502859595e-01
-6.127585020820937312e-02
1.443538373483333470e-01
-3.087052796719937445e-02
8.070308057336660068e-02
3.935025453102482251e-02
-1.226151411853562412e-01
4.909258688408376856e-03
-1.769374570622165854e-01
-4.646671043850880006e-02
-6.434562952743072550e-02
-1.333856231703646755e-01
-3.852158340985308016e-02
-1.927672543687508622e-02
-3.087052796719937445e-02
2.967187569322778384e-01
-4.285130911529586029e-03
2.001090178674806153e-01
-3.260515019856549679e-01
4.168875776372837350e-01
-2.739305780462389373e-01
1.056007387879080578e-01
9.016546038264938723e-02
9.913062157962972132e-02
1.725701579457302251e-02
-4.638897627617168812e-02
8.070308057336660068e-02
-4.285130911529599906e-03
-1.758696399086112638e-01
-5.866721691954909085e-02
-3.577499737197814556e-01
-3.555952640017608773e-02
-1.041226537099278621e-01
2.066073988459841970e-02
-2.995295058816917211e-02
4.748050896085940359e-02
2.638196665922253395e-02
7.987453413907109889e-02
3.935025453102482251e-02
2.001090178674806153e-01
-5.866721691954909085e-02
1.442456895573334119e-01
2.917588916842409619e-01
-8.544567117032510206e-02
4.805976583806572527e-02
-2.522530090400001285e-02
1.998820866058209286e-02
-6.271710401489045787e-03
-1.275653053691449546e-01
3.333073646855546322e-03
-1.411229313769297444e-01
-1.281449203639179468e-01
8.669146086859637335e-02
1.110213217496917038e-01
-8.544567117032512982e-02
3.705499985002596031e-01
5.415430273415684781e-02
-2.633187980855645691e-02
-2.085276097434909659e-01
5.289443091608087705e-02
1.469629124525661384e-02
-4.711885399111505335e-02
9.619418003470740428e-03
1.230582897811429710e-01
-1.333555640721066915e-01
-1.307415092525426592e-01
4.805976583806572527e-02
5.415430273415684781e-02
5.729315613256661388e-01
8.685050725692179674e-03
5.274779851808084757e-02
-6.612315610850917624e-02
-1.868316334660283795e-01
-1.408905282175016392e-02
-2.968684124017396675e-01
1.415693137962203418e-01
-1.067683621455537135e-01
-2.103318786779752037e-01
-2.522530090400001285e-02
-2.633187980855645691e-02
8.685050725692179674e-03
1.934801057119076018e-02
-6.569888858214992418e-03
5.707039011010343367e-03
8.660245771312653730e-04
1.993968561111951129e-02
-8.577035134010637871e-03
7.200293157568972598e-04
2.142280476201003508e-02
-4.746469811724172809e-03
1.998820866058209286e-02
-2.085276097434909659e-01
5.274779851808084757e-02
-6.569888858214991550e-03
1.718717354738087399e-01
-6.955263829685084942e-02
-1.902387716743325673e-03
-3.955259614609882984e-03
1.365413328663423517e-03
-2.226867152240226497e-03
-2.493259714032938085e-02
8.010717507240918203e-03
-6.271710401489045787e-03
5.289443091608087705e-02
-6.612315610850917624e-02
5.707039011010343367e-03
-6.955263829685084942e-02
8.468282320500002125e-02
1.139519580393202544e-03
3.580204364798270783e-02
-1.155376581952139402e-02
-1.308094206786718434e-04
-2.609956502506457013e-02
8.848196463572459078e-03
-1.275653053691449546e-01
1.469629124525661384e-02
-1.868316334660283795e-01
8.660245771312653730e-04
-1.902387716743325673e-03
1.139519580393202544e-03
1.207029421940220559e-01
-1.265190659589148989e-02
1.632316608008343717e-01
8.932185802840629518e-03
2.667822045198611162e-03
1.921695704247582820e-02
3.333073646855546322e-03
-4.711885399111505335e-02
-1.408905282175016392e-02
1.993968561111951129e-02
-3.955259614609882984e-03
3.580204364798270783e-02
-1.265190659589149162e-02
5.161130982697777897e-02
-8.546874079834008639e-03
-9.720959002240125990e-03
-1.119496471864908031e-03
-1.806319792044838030e-02
-1.411229313769297444e-01
9.619418003470740428e-03
-2.968684124017396675e-01
-8.577035134010637871e-03
1.365413328663423517e-03
-1.155376581952139402e-02
1.632316608008343717e-01
-8.546874079834008639e-03
3.307774510483333930e-01
-1.702098384521328125e-02
-2.163611176864966429e-03
-2.801226819847573227e-02
-1.281449203639179468e-01
1.230582897811429710e-01
1.415693137962203418e-01
7.200293157568972598e-04
-2.226867152240226497e-03
-1.308094206786718434e-04
8.932185802840629518e-03
-9.720959002240125990e-03
-1.702098384521328125e-02
1.243596812467477608e-01
-1.110648671063659276e-01
-1.235470072222702026e-01
8.669146086859637335e-02
-1.333555640721066915e-01
-1.067683621455537135e-01
2.142280476201003508e-02
-2.493259714032938085e-02
-2.609956502506457013e-02
2.667822045198611162e-03
-1.119496471864908031e-03
-2.163611176864966429e-03
-1.110648671063659415e-01
1.605994678142524668e-01
1.348318908038999564e-01
1.110213217496917038e-01
-1.307415092525426592e-01
-2.103318786779752037e-01
-4.746469811724172809e-03
8.010717507240918203e-03
8.848196463572459078e-03
1.921695704247582820e-02
-1.806319792044838030e-02
-2.801226819847573227e-02
-1.235470072222702026e-01
1.348318908038999564e-01
2.245070402283331212e-01
2.764160947081431008e-01
-1.072593268136011607e-01
1.404535565911706023e-02
-1.365088139499999118e-02
3.330482973199873180e-03
-4.320490130363436481e-04
-1.315547230201760398e-01
3.450352411422993176e-02
-1.409512801459076037e-01
-1.314915124050087536e-01
6.982897845215438326e-02
1.273050140272604103e-01
-1.072593268136011607e-01
9.717464885818911935e-02
6.124989045065126758e-02
-1.478418305355836022e-02
3.460752645521400495e-02
-7.272528963786703549e-03
3.870918542340134189e-02
-4.521273660816012979e-02
4.770594367513858458e-02
8.385927113277021061e-02
-8.506765878978972406e-02
-1.020453556456444727e-01
1.404535565911706023e-02
6.124989045065126758e-02
5.617470043946648506e-01
1.917727621719271698e-03
-7.272436902786711885e-03
-2.051363431321400962e-02
-1.823345118443417678e-01
4.812104299649421629e-02
-2.919518182826637553e-01
1.663660747838651977e-01
-1.030984059854168772e-01
-2.522267859572014936e-01
-1.365088139499999118e-02
-1.478418305355836022e-02
1.917727621719271698e-03
5.934283909233143035e-03
-3.362019968147516745e-04
-1.741343354712485960e-04
3.830427019120237909e-03
7.636108509405346856e-03
-5.645617533708784759e-04
3.810941832536321114e-03
7.592734435627569028e-03
-1.410553123939773746e-03
3.330482973199873180e-03
3.460752645521400495e-02
-7.272436902786711885e-03
-3.362019968147517829e-04
-3.494485087156649905e-02
6.228714599486416016e-03
-1.104706412008789719e-03
2.075605539865198017e-03
-4.772873143022909122e-04
-1.989349514436229358e-03
-8.009421752319395441e-04
1.812201460732314326e-03
-4.320490130363436481e-04
-7.272528963786703549e-03
-2.051363431321400962e-02
-1.741343354712485960e-04
6.228714599486416016e-03
1.370400303766669374e-02
3.027700094592817009e-03
1.218469359894336530e-02
3.100957775014566951e-03
-2.756438855784363890e-03
-1.122402772284863438e-02
6.026205351695620299e-03
-1.315547230201760398e-01
3.870918542340134189e-02
-1.823345118443417678e-01
3.830427019120237909e-03
-1.104706412008789719e-03
3.027700094592817009e-03
1.189252018124716537e-01
-3.866803636942559019e-02
1.595394252829814563e-01
8.715055374845726704e-03
9.036001702547559944e-04
1.905697042854599330e-02
3.450352411422993176e-02
-4.521273660816012979e-02
4.812104299649421629e-02
7.636108509405346856e-03
2.075605539865198017e-03
1.218469359894336530e-02
-3.866803636942559019e-02
4.338107714352831129e-02
-4.976029176793982794e-02
-3.993397440885438493e-03
7.136789027940159021e-04
-1.072043309657090895e-02
-1.409512801459076037e-01
4.770594367513858458e-02
-2.919518182826637553e-01
-5.645617533708784759e-04
-4.772873143022909122e-04
3.100957775014566951e-03
1.595394252829814563e-01
-4.976029176793982794e-02
3.187387168899987744e-01
-1.865449088454256346e-02
2.639800203140487810e-03
-2.990814648163975242e-02
-1.314915124050087536e-01
8.385927113277021061e-02
1.663660747838651977e-01
3.810941832536321114e-03
-1.989349514436229358e-03
-2.756438855784363890e-03
8.715055374845726704e-03
-3.993397440885438493e-03
-1.865449088454256346e-02
1.187506770476344231e-01
-7.848504947255824371e-02
-1.447189196653886345e-01
6.982897845215438326e-02
-8.506765878978972406e-02
-1.030984059854168772e-01
7.592734435627569028e-03
-8.009421752319395441e-04
-1.122402772284863438e-02
9.036001702547559944e-04
7.136789027940159021e-04
2.639800203140487810e-03
-7.848504947255824371e-02
8.610084435336538833e-02
1.116171412985852013e-01
1.273050140272604103e-01
-1.020453556456444727e-01
-2.522267859572014936e-01
-1.410553123939773746e-03
1.812201460732314326e-03
6.026205351695620299e-03
1.905697042854599330e-02
-1.072043309657090895e-02
-2.990814648163975242e-02
-1.447189196653886345e-01
1.116171412985852013e-01
2.759488446949999174e-01
5.540834308252644114e+00
1.457417719433427503e-02
-1.940992671173343842e-01
-5.631945976299001622e+00
-5.830659418001163385e-03
1.345718736000386592e-03
1.457417719433427503e-02
-7.222576939766633952e-01
1.140886262485312982e-02
-1.996020329600115689e-02
6.326583786850001889e-01
-1.466975893333292297e-04
-1.940992671173343842e-01
1.140886262485312982e-02
-5.581832640536679158e-01
3.244495626000388263e-03
-8.862446179999962370e-04
6.741839145765000652e-01
-5.631945976299001622e+00
-1.996020329600115689e-02
3.244495626000388263e-03
5.538795685193644402e+00
1.457434466400017205e-02
1.996237030926677203e-01
-5.830659418001163385e-03
6.326583786850001889e-01
-8.862446179999962370e-04
1.457434466400017205e-02
-7.222576939773300841e-01
-1.140891238218648754e-02
1.345718736000386592e-03
-1.466975893333292297e-04
6.741839145765000652e-01
1.996237030926677203e-01
-1.140891238218648754e-02
-5.548747864530013674e-01
-1.479735569108168447e-01
1.108068214467188144e-06
3.704396666739986016e-07
1.482585182789999678e-01
-3.840409999624491411e-07
-6.333980000124354942e-07
1.108068214467188356e-06
5.256892441515053499e-02
-7.444479899452038226e-12
-3.815789999624491552e-07
-5.615935251200002143e-02
8.185895675690880217e-20
3.704396666739986016e-07
-7.444479899452038226e-12
5.165769974916681329e-02
-6.376820000124353756e-07
1.940000000818582867e-10
-5.482097568100004203e-02
1.482585182789999678e-01
-3.815789999624491552e-07
-6.376820000124353756e-07
-1.479734190091533674e-01
1.109205671662455611e-06
-3.706310000073311284e-07
-3.840409999624491411e-07
-5.615935251200002143e-02
1.940000000818582867e-10
1.109205671662455400e-06
5.249199649215262331e-02
7.444295870292797597e-12
-6.333980000124354942e-07
8.185895675690880217e-20
-5.482097568100004203e-02
-3.706310000073311284e-07
7.444295870292797597e-12
5.176572639783346558e-02
-9.265828209693380280e-02
9.769391639393210338e-06
2.249423334509167127e-07
9.188543669099998035e-02
9.978000021480289091e-09
-1.855080000071582978e-07
9.769391639393208644e-06
2.567035667476715716e-02
-1.675088420797039852e-10
8.314000021480261750e-09
-2.504733680300001014e-02
4.300000000155546805e-11
2.249423334509167127e-07
-1.675088420797039852e-10
2.537576306250007366e-02
-1.138080000071582844e-07
4.427777777934631259e-11
-2.502136935600001236e-02
9.188543669099998035e-02
8.314000021480261750e-09
-1.138080000071582844e-07
-9.268287968665474275e-02
9.807940331477638934e-06
-2.337576667776992512e-07
9.978000021480289091e-09
-2.504733680300001014e-02
4.427777777934631259e-11
9.807940331477638934e-06
2.608328018848813518e-02
1.581693237108379293e-10
-1.855080000071582978e-07
4.300000000155546805e-11
-2.502136935600001236e-02
-2.337576667776992512e-07
1.581693237108379293e-10
2.542934029283340849e-02
-7.879314228528877528e-02
5.538914373451770071e-07
2.005293333785317967e-07
8.743738856799994352e-02
-4.237089999802343265e-07
-8.995600000066161641e-07
5.538914373451769012e-07
1.911005610128850910e-02
-6.719859138548412321e-11
-4.553869999802343009e-07
-2.016498338299999374e-02
4.199999997368315547e-11
2.005293333785317967e-07
-6.719859138548412321e-11
2.030329720450001901e-02
-9.015530000066161211e-07
5.227777775145864025e-11
-2.059252664199998084e-02
8.743738856799994352e-02
-4.553869999802343009e-07
-9.015530000066161211e-07
-7.904167617705977478e-02
6.314385624923433201e-07
-2.223700000451933357e-07
-4.237089999802343265e-07
-2.016498338299999374e-02
5.227777775145864025e-11
6.314385624923432142e-07
1.919258700472626505e-02
6.718391575581895179e-11
-8.995600000066161641e-07
4.199999997368315547e-11
-2.059252664199998084e-02
-2.223700000451933357e-07
6.718391575581895179e-11
2.024464662800002854e-02
2.851504466064824328e+00
3.025077959472368891e-02
-3.764981974616504507e-04
-2.683103044175997987e+00
-5.144359954300052606e-02
-2.052249620999815286e-03
3.025077959472368544e-02
-1.495159887569969259e-01
3.154896235305664626e-02
-3.713324940500057486e-02
2.684887200409999397e-01
-4.076304513333318448e-04
-3.764981974616504507e-04
3.154896235305664626e-02
-1.885824167096664117e-01
-7.175782079998170972e-04
-4.076207789999972977e-04
2.653220576419997312e-01
-2.683103044175997987e+00
-3.713324940500057486e-02
-7.175782079998170972e-04
2.865849734100597956e+00
3.616061562679721147e-02
4.623615742519814054e-03
-5.144359954300052606e-02
2.684887200409999397e-01
-4.076207789999972977e-04
3.616061562679721147e-02
-1.599459017071044320e-01
-2.860781010219547865e-02
-2.052249620999815286e-03
-4.076304513333318448e-04
2.653220576419997312e-01
4.623615742519814054e-03
-2.860781010219547865e-02
-1.854296449236664257e-01
1.548698324466500020e+00
1.969419347300033207e-02
6.695899605666674748e-03
-1.976305783285999595e+00
-1.608612165000389803e-03
4.944876300012994035e-05
1.969419347300033207e-02
-1.047859160524999417e-01
4.386563807240461549e-03
-1.186919320003888714e-04
1.405258624490001995e-01
-5.499525499999977166e-05
6.695899605666674748e-03
4.386563807240461549e-03
-1.094839687513337600e-01
6.700591000129855468e-06
-5.961006399999969701e-05
1.439568563210000540e-01
-1.976305783285999595e+00
-1.186919320003888714e-04
6.700591000129855468e-06
1.546755491252166381e+00
1.969419558866679354e-02
-6.695899605666675615e-03
-1.608612165000389803e-03
1.405258624490001995e-01
-5.961006399999969701e-05
1.969419558866679354e-02
-1.047986455468332689e-01
-4.386563807240460681e-03
4.944876300012994035e-05
-5.499525499999977166e-05
1.439568563210000540e-01
-6.695899605666675615e-03
-4.386563807240460681e-03
-1.094966982490004348e-01
2.819542611279988731e-01
-1.108999021771760981e-06
3.301033352402533769e-07
-2.775588142840000327e-01
3.868879999548517045e-07
1.018593000015414406e-06
-1.108999021771760981e-06
2.813950985400104701e-02
1.242594934154892014e-08
3.777409999548536410e-07
-3.178353015200003490e-02
3.149597600000038524e-05
3.301033352402533769e-07
1.242594934154892014e-08
3.048690694150004571e-02
9.482410000154202884e-07
1.013900000037163967e-08
-2.571664632200001271e-02
-2.775588142840000327e-01
3.777409999548536410e-07
9.482410000154202884e-07
2.824937638559993358e-01
-1.107152374601297036e-06
-3.354323352231677506e-07
3.868879999548517045e-07
-3.178353015200003490e-02
1.013900000037163967e-08
-1.107152374601296824e-06
2.704764979033380187e-02
-1.231461519041447342e-08
1.018593000015414406e-06
3.149597600000038524e-05
-2.571664632200001271e-02
-3.354323352231677506e-07
-1.231461519041447342e-08
2.959058125216670193e-02
1.257836827113309464e-01
-3.813930831389285070e-07
9.080366994375381380e-08
-8.024076132999986843e-02
1.331269999943811522e-07
2.752470000022611574e-07
-3.813930831389285070e-07
5.242870229150197597e-02
1.448564612417019880e-08
1.494429999943810715e-07
-4.965406324000003202e-02
1.370000000038831688e-08
9.080366994375381380e-08
1.448564612417019880e-08
5.299876398600015387e-02
3.171050000022610813e-07
1.302300000038832677e-08
-4.331289122600000263e-02
-8.024076132999986843e-02
1.494429999943810715e-07
3.171050000022610813e-07
1.302731279383294583e-01
-3.850959167181166858e-07
-9.581600317633932926e-08
1.331269999943811522e-07
-4.965406324000003202e-02
1.302300000038832677e-08
-3.850959167181166329e-07
5.146719943800336095e-02
-1.404031165689769161e-08
2.752470000022611574e-07
1.370000000038831688e-08
-4.331289122600000263e-02
-9.581600317633932926e-08
-1.404031165689769161e-08
5.273973970666682304e-02
4.770210318599460604e-03
2.063166344084051441e-07
-7.201033128978923190e-08
-1.132729204449998799e-02
-8.008999999045273216e-08
-1.730160000031573341e-07
2.063166344084051441e-07
6.317459968756720945e-02
8.176684663747108749e-09
-8.394899999045272721e-08
-6.330014349800004714e-02
8.576000000025136528e-09
-7.201033128978923190e-08
8.176684663747108749e-09
6.339039387250004765e-02
-1.895300000031571602e-07
8.442000000025133475e-09
-6.288910151999997644e-02
-1.132729204449998799e-02
-8.394899999045272721e-08
-1.895300000031571602e-07
5.120998146599223082e-03
2.058469187717319537e-07
7.217666476641258673e-08
-8.008999999045273216e-08
-6.330014349800004714e-02
8.442000000025133475e-09
2.058469187717319802e-07
6.351453619723414212e-02
-7.603351371979928258e-09
-1.730160000031573341e-07
8.576000000025136528e-09
-6.288910151999997644e-02
7.217666476641258673e-08
-7.603351371979928258e-09
6.346107424983345180e-02
-8.403367544099994702e-02
6.287963333253898820e-07
2.234790000000002239e-07
7.139017162000003969e-02
-2.248719999793798334e-07
-4.497220000070010799e-07
6.287963333253898820e-07
4.568711349600023536e-02
-9.939999999999872617e-10
-2.126279999793798463e-07
-4.085962011699997148e-02
1.205999999871930699e-09
2.234790000000002239e-07
-9.939999999999872617e-10
4.565418955050012245e-02
-4.215500000070011106e-07
1.193999999871936324e-09
-4.295001059400006121e-02
7.139017162000003969e-02
-2.126279999793798463e-07
-4.215500000070011106e-07
-8.417352758033327942e-02
6.351866666426874016e-07
-2.237843333333335417e-07
-2.248719999793798334e-07
-4.085962011699997148e-02
1.193999999871936324e-09
6.351866666426874016e-07
4.636301926583356880e-02
9.939999999999597579e-10
-4.497220000070010799e-07
1.205999999871930699e-09
-4.295001059400006121e-02
-2.237843333333335417e-07
9.939999999999597579e-10
4.632741334016683005e-02
-8.996411558950002940e-02
6.059189999930451060e-07
2.049030000000009448e-07
8.759262674899984114e-02
2.103034470000202051e-04
-6.047747400000676995e-05
6.059189999930451060e-07
2.361893906733334922e-02
-1.736666666666547708e-10
2.103030610000202296e-04
-2.239048972699997711e-02
2.639999999609796347e-10
2.049030000000009448e-07
-1.736666666666547708e-10
2.348754209666668522e-02
-6.047743900000677428e-05
2.592777777387573943e-10
-2.263600096899997041e-02
8.759262674899984114e-02
2.103030610000202296e-04
-6.047743900000677428e-05
-8.998028609066674455e-02
6.074246666458237720e-07
-2.064086666666675630e-07
2.103034470000202051e-04
-2.239048972699997711e-02
2.592777777387573943e-10
6.074246666458237720e-07
2.348221583033334794e-02
1.743333333332960510e-10
-6.047747400000676995e-05
2.639999999609796347e-10
-2.263600096899997041e-02
-2.064086666666675630e-07
1.743333333332960510e-10
2.350486176366668040e-02
3.584465597875591936e+00
-1.682569445375705353e-01
-8.266052820744476115e-01
-2.795107825647999533e+00
-1.061224970160005304e-01
-5.956539688999795863e-03
-1.682569445375705630e-01
8.703254092739608205e-03
1.649876149331944986e-01
-1.066079825270005582e-01
3.597514794549999118e-01
-2.992641349999925621e-04
-8.266052820744476115e-01
1.649876149331944986e-01
5.538219766706663494e-01
2.265666764000205929e-03
4.239368530000088174e-04
3.775453053919997637e-01
-2.795107825647999533e+00
-1.066079825270005582e-01
2.265666764000205929e-03
3.628337433563138426e+00
1.097907835742760740e-01
8.067905424691994565e-01
-1.061224970160005304e-01
3.597514794549999118e-01
4.239368530000088174e-04
1.097907835742760740e-01
-2.412924618024739898e-01
-1.105581961980674488e-01
-5.956539688999795863e-03
-2.992641349999925621e-04
3.775453053919997637e-01
8.067905424691994565e-01
-1.105581961980674488e-01
6.186396109236670382e-01
1.048755353818334179e-01
-4.672496666490607121e-07
7.407738743333306883e-04
-9.545504205199993597e-02
1.287309999843896491e-07
2.774910000053755951e-07
-4.672496666490607121e-07
9.035451343999974239e-03
-2.385760919999999042e-04
1.468479999843882753e-07
-1.047600183100000186e-02
-2.219256199999983158e-05
7.407738743333306883e-04
-2.385760919999999042e-04
1.210769444483328870e-02
3.364220000053715585e-07
2.714000000168056151e-09
-7.732310179000001504e-03
-9.545504205199993597e-02
1.468479999843882753e-07
3.364220000053715585e-07
1.067446722371667295e-01
-4.699093333273254728e-07
-7.407749549999973013e-04
1.287309999843896491e-07
-1.047600183100000186e-02
2.714000000168056151e-09
-4.699093333273254728e-07
8.634744082666638912e-03
2.385760919999999855e-04
2.774910000053755951e-07
-2.219256199999983158e-05
-7.732310179000001504e-03
-7.407749549999973013e-04
2.385760919999999855e-04
1.217441139316659954e-02
-2.891821866200001284e-02
2.054456666642891936e-07
6.797433333333312786e-08
2.905305783400000813e-02
-6.921599999286605281e-08
-1.418050000023591901e-07
2.054456666642891936e-07
9.905927603000019843e-03
-3.333333333329170571e-12
-6.894599999286606429e-08
-9.781921654000016314e-03
1.856889464672853196e-20
6.797433333333312786e-08
-3.333333333329170571e-12
9.351940094833345596e-03
-1.403110000023592166e-07
1.856918562280806571e-20
-9.478312122000016882e-03
2.905305783400000813e-02
-6.894599999286606429e-08
-1.403110000023592166e-07
-2.891821853999999858e-02
2.058059999928847744e-07
-6.793166666666646134e-08
-6.921599999286605281e-08
-9.781921654000016314e-03
1.856918562280806571e-20
2.058059999928847744e-07
9.814216342666631787e-03
6.666666666654186660e-12
-1.418050000023591901e-07
1.856889464672853196e-20
-9.478312122000016882e-03
-6.793166666666646134e-08
6.666666666654186660e-12
9.376338309166643362e-03
-6.705993057685634418e-02
8.444117209256378905e-07
-2.612426667349099898e-07
-1.616724961600000607e-02
-3.906149999879674279e-07
2.510569999959234912e-07
8.444117209256378905e-07
8.815263353835639526e-02
6.136328367806748000e-10
-3.892519999879674441e-07
-8.166941166900006099e-02
-4.929999999999299518e-10
-2.612426667349099898e-07
6.136328367806748000e-10
8.753054633266660334e-02
2.485859999959235745e-07
-3.479999999999304008e-10
-8.274161877900007567e-02
-1.616724961600000607e-02
-3.892519999879674441e-07
2.485859999959235745e-07
-5.949049848695508319e-02
8.494167356655658860e-07
-2.598966666178892737e-07
-3.906149999879674279e-07
-8.166941166900006099e-02
-3.479999999999304008e-10
8.494167356655658860e-07
8.574119117128847778e-02
3.873353311253081982e-10
2.510569999959234912e-07
-4.929999999999299518e-10
-8.274161877900007567e-02
-2.598966666178892737e-07
3.873353311253081982e-10
8.696742130816655092e-02
-1.128325998157656690e-01
-3.285288745122932788e-05
1.091439765244331292e-05
1.186679337279999968e-01
-2.877289999672587042e-07
-5.345870000106424341e-07
-3.285288745122932788e-05
4.822707461093275055e-02
-4.952927620245513974e-05
-2.836789999672587176e-07
-5.956910753899999356e-02
3.350000002720034357e-10
1.091439765244331292e-05
-4.952927620245513974e-05
5.274160976900012926e-02
-5.532160000106425144e-07
2.330000002720002724e-10
-5.512563315199997538e-02
1.186679337279999968e-01
-2.836789999672587176e-07
-5.532160000106425144e-07
-1.100057338134916851e-01
8.898823673572880612e-07
-2.938763332886154860e-07
-2.877289999672587042e-07
-5.956910753899999356e-02
2.330000002720002724e-10
8.898823673572881670e-07
5.237817217982553702e-02
2.290573791906791425e-10
-5.345870000106424341e-07
3.350000002720034357e-10
-5.512563315199997538e-02
-2.938763332886154860e-07
2.290573791906791425e-10
5.215838614700014225e-02
-1.096875159965811364e-01
-6.314790456212470446e-05
2.525724359087970907e-07
1.124158989000000192e-01
-9.285521999997161388e-05
-4.751310000095858401e-07
-6.314790456212470446e-05
4.080745280974821393e-02
-4.952922306269402753e-05
-4.024124599997146114e-05
-4.280444359699998175e-02
3.599999999160390458e-10
2.525724359087970907e-07
-4.952922306269402753e-05
4.284691532583339429e-02
-4.845320000095890621e-07
2.089999999192589800e-10
-4.421444602599997747e-02
1.124158989000000192e-01
-4.024124599997146114e-05
-4.845320000095890621e-07
-1.079904041960634831e-01
7.289237298969840874e-07
-2.585866666301265673e-07
-9.285521999997161388e-05
-4.280444359699998175e-02
2.089999999192589800e-10
7.289237298969840874e-07
4.254241230073040059e-02
1.937154485501478348e-10
-4.751310000095858401e-07
3.599999999160390458e-10
-4.421444602599997747e-02
-2.585866666301265673e-07
1.937154485501478348e-10
4.144708308633339444e-02
-1.071087117700910002e-01
6.359442950372120415e-07
2.335466666394059808e-07
1.126427449400000391e-01
-2.236689999732733470e-07
-3.972090000088055098e-07
6.359442950372121474e-07
3.492578506125808280e-02
-1.402628420114487109e-10
-2.456419999732734869e-07
-3.285208726799995760e-02
1.300000010415313693e-11
2.335466666394059808e-07
-1.402628420114487109e-10
3.580068979166661780e-02
-4.606580000088055904e-07
5.277777881917914360e-12
-3.115019146899997149e-02
1.126427449400000391e-01
-2.456419999732734869e-07
-4.606580000088055904e-07
-1.061276451242519903e-01
6.765899060034909689e-07
-2.463006666391332722e-07
-2.236689999732733470e-07
-3.285208726799995760e-02
5.277777881917914360e-12
6.765899060034910748e-07
3.525037545475206285e-02
1.473793530267200476e-10
-3.972090000088055098e-07
1.300000010415313693e-11
-3.115019146899997149e-02
-2.463006666391332722e-07
1.473793530267200476e-10
3.576391672649999187e-02
1.304639491753334379e-01
-1.142866269999928154e-04
1.305900513333332360e-04
-1.379851884350001556e-01
-6.790806700000197489e-04
3.221330000068998411e-07
-1.142866269999928154e-04
2.991166924349995468e-02
-3.529999999920037185e-10
1.426579999803342567e-07
-3.092940978100005428e-02
-1.619999999697010969e-09
1.305900513333332360e-04
-3.529999999920037185e-10
3.132823081166660750e-02
3.991820000068580625e-07
-1.063999999655406324e-09
-2.598204474900004529e-02
-1.379851884350001556e-01
1.426579999803342567e-07
3.991820000068580625e-07
1.379428749411668598e-01
-6.603064066665975489e-05
1.097958763333333344e-04
-6.790806700000197489e-04
-3.092940978100005428e-02
-1.063999999655406324e-09
-6.603064066665975489e-05
3.080651758549995609e-02
-3.014717899999998731e-05
3.221330000068998411e-07
-1.619999999697010969e-09
-2.598204474900004529e-02
1.097958763333333344e-04
-3.014717899999998731e-05
3.181113902449994590e-02
-1.009779541900000799e-02
2.343483333307847810e-07
8.493200000000004875e-08
2.286148065999993664e-03
-3.030766959999946675e-04
-6.730930000000185276e-05
2.343483333307847810e-07
3.153900113883333772e-02
-9.999999999947994049e-13
-2.254619189999941477e-04
-3.104535278299997911e-02
2.445396999999963197e-06
8.493200000000004875e-08
-9.999999999947994049e-13
3.198127108333333191e-02
3.098951779999981233e-04
-5.135722222185658597e-09
-3.168098292299998536e-02
2.286148065999993664e-03
-2.254619189999941477e-04
3.098951779999981233e-04
-1.205525937000002240e-02
-4.887656063333306036e-04
7.352059630000015245e-04
-3.030766959999946675e-04
-3.104535278299997911e-02
-5.135722222185658597e-09
-4.887656063333306036e-04
2.903155047066665814e-02
-1.903305599999995467e-05
-6.730930000000185276e-05
2.445396999999963197e-06
-3.168098292299998536e-02
7.352059630000015245e-04
-1.903305599999995467e-05
2.791966964883331459e-02
-3.597715807983318387e-02
1.737556666635902976e-07
5.974533333333337890e-08
3.585566434299997107e-02
-5.122699999083380589e-08
-1.061000000030584015e-07
1.737556666635902976e-07
1.426510488833336587e-02
3.658346561532919513e-24
-5.631699999083382036e-08
-1.404304533799999137e-02
-2.951949509611155514e-21
5.974533333333337890e-08
3.658346561532919513e-24
1.406904538933326926e-02
-1.132860000030584104e-07
-2.953581229006328377e-21
-1.409099234899999047e-02
3.585566434299997107e-02
-5.631699999083382036e-08
-1.132860000030584104e-07
-3.488537788316652816e-02
1.618149999910208123e-07
-5.430766666666676895e-08
-5.122699999083380589e-08
-1.404304533799999137e-02
-2.953581229006328377e-21
1.618149999910208123e-07
1.399411042266669562e-02
-9.976156522874228929e-24
-1.061000000030584015e-07
-2.951949509611155514e-21
-1.409099234899999047e-02
-5.430766666666676895e-08
-9.976156522874228929e-24
1.420092383066660219e-02
-2.771116055733328226e-02
8.058433333112879584e-08
2.690333333333324601e-08
2.800295586399995790e-02
-2.938399999333987616e-08
-3.466000000223123765e-08
8.058433333112879584e-08
8.284746811000014491e-03
1.647354052653042606e-24
-2.946999999333989427e-08
-8.252961784000008641e-03
-1.126590015741884532e-20
2.690333333333324601e-08
1.647354052653042606e-24
7.926324450333357627e-03
-6.281500000223135973e-08
-1.127107741299456790e-20
-8.436873386000010716e-03
2.800295586399995790e-02
-2.946999999333989427e-08
-6.281500000223135973e-08
-2.723874405266661983e-02
1.076336666601505351e-07
-3.561400000000000378e-08
-2.938399999333987616e-08
-8.252961784000008641e-03
-1.127107741299456790e-20
1.076336666601505351e-07
8.231064860000013653e-03
-6.542185665725075614e-24
-3.466000000223123765e-08
-1.126590015741884532e-20
-8.436873386000010716e-03
-3.561400000000000378e-08
-6.542185665725075614e-24
8.244038415500023684e-03
-2.282041572120844727e-02
1.524798043535314384e-07
5.560566666666610996e-08
2.467199181600003566e-02
5.165061483736319906e-08
-1.247923260659298828e-07
1.524798043535314119e-07
6.657142422375083267e-03
7.511905926558706481e-15
4.560485185821822831e-08
-5.931734774000001383e-03
-4.862861689999995948e-04
5.560566666666610996e-08
7.511905926558706481e-15
7.287777643333357563e-03
-1.232310342930699763e-07
-4.862839619999993063e-04
-5.931732513000000442e-03
2.467199181600003566e-02
4.560485185821822831e-08
-1.232310342930699763e-07
-2.241399653316672111e-02
6.851016579999952283e-04
-4.671866666684529836e-08
5.165061483736319906e-08
-5.931734774000001383e-03
-4.862839619999993063e-04
6.851016579999952283e-04
5.686491305333348997e-03
9.733143213333333944e-04
-1.247923260659298828e-07
-4.862861689999995948e-04
-5.931732513000000442e-03
-4.671866666684529836e-08
9.733143213333333944e-04
5.713482729166680790e-03
-7.727960843755704579e-01
-1.303494230134081278e+00
3.787191212156003628e-01
-2.738934797390004672e-01
4.408240147007068122e-01
-6.942799620952254391e-02
2.117677005231911325e-01
1.873650628585494804e+00
-3.231557391069784790e-01
-1.303494230134081278e+00
7.597608821004730117e+00
8.383091602035943612e-01
9.548538702501292719e-02
3.050915297939351123e-01
-4.196919721822588850e-02
2.077752199647685316e+00
-6.312613501270047500e+00
1.222433999663308679e+00
3.787191212156003628e-01
8.383091602035943612e-01
1.177897723321334800e+00
-2.265520128145301348e-02
-4.009578218822586887e-02
6.053111541739820967e-02
-3.565476248771275447e-01
1.223905738569504686e+00
5.993226189206791732e-01
-2.738934797390004672e-01
9.548538702501292719e-02
-2.265520128145301348e-02
4.608045446077393414e-01
-1.424418344279502202e-01
2.191297498448192480e-02
-2.082420027889395620e-01
9.150914127167293632e-02
-1.906313809833899003e-02
4.408240147007068122e-01
3.050915297939351123e-01
-4.009578218822586887e-02
-1.424418344279501925e-01
-3.191300219537405169e-01
4.386777085032857182e-02
-2.408293953071347082e-01
2.135101470669916596e-02
-6.237455233343460262e-03
-6.942799620952254391e-02
-4.196919721822588850e-02
6.053111541739820967e-02
2.191297498448192480e-02
4.386777085032857182e-02
-7.388079780333312377e-03
3.206138023604941656e-02
-8.415136356812385554e-04
-1.246981417009300312e-02
2.117677005231911325e-01
2.077752199647685316e+00
-3.565476248771275447e-01
-2.082420027889395620e-01
-2.408293953071347082e-01
3.206138023604941656e-02
9.410305233672806580e-01
-4.095453507747297550e+00
1.166106964432932713e+00
1.873650628585494804e+00
-6.312613501270047500e+00
1.223905738569504686e+00
9.150914127167293632e-02
2.135101470669916596e-02
-8.415136356812385554e-04
-4.095453507747297550e+00
9.049028031789571713e+00
-1.720661893434169532e+00
-3.231557391069784790e-01
1.222433999663308679e+00
5.993226189206791732e-01
-1.906313809833899003e-02
-6.237455233343460262e-03
-1.246981417009300312e-02
1.166106964432932713e+00
-1.720661893434169532e+00
1.008514281569669713e+00
4.595880591290117390e-01
1.589583973190217964e-02
2.861194729324195718e-02
-4.473073142479996323e-01
1.449580952476697479e-02
-2.194568164465058105e-02
-3.377656085665161484e-02
-6.784304486411918238e-03
1.114991361816240235e-02
1.589583973190217964e-02
4.614834575832175989e-02
-4.488696846704996052e-02
-2.995074203701085860e-03
-1.402474749501630286e-02
2.033191010914725885e-02
9.043003678856378208e-03
-1.529268734213177008e-02
2.288334529298332101e-02
2.861194729324195718e-02
-4.488696846704996052e-02
1.015484628619998941e-01
4.765258023763012905e-03
2.012059344814725453e-02
-3.083323770298368460e-02
-1.315975059488486316e-02
2.274508592177998390e-02
-3.848593031921659219e-02
-4.473073142479996323e-01
-2.995074203701085860e-03
4.765258023763012905e-03
4.668339855357215851e-01
4.239694613666175615e-03
-6.895066107663155560e-05
-3.894905780009591794e-03
-2.276813562423000460e-03
3.397654647251229128e-03
1.449580952476697479e-02
-1.402474749501630286e-02
2.012059344814725453e-02
4.239694613666174748e-03
1.811119914661239380e-02
-2.053063156877503459e-02
-1.838610778217389732e-02
-9.890152464623357727e-04
9.832780824632754121e-05
-2.194568164465058105e-02
2.033191010914725885e-02
-3.083323770298368460e-02
-6.895066107663155560e-05
-2.053063156877503459e-02
3.126385237683326074e-02
2.820591874345772937e-02
-1.152589624645262902e-04
-9.916505365280920900e-04
-3.377656085665161484e-02
9.043003678856378208e-03
-1.315975059488486316e-02
-3.894905780009591794e-03
-1.838610778217389732e-02
2.820591874345772937e-02
4.134692009265658608e-02
4.916239166218288464e-03
-2.134221251021926891e-02
-6.784304486411918238e-03
-1.529268734213177008e-02
2.274508592177998390e-02
-2.276813562423000460e-03
-9.890152464623357727e-04
-1.152589624645262902e-04
4.916239166218283260e-03
2.527279715567664481e-02
-4.151236862392708449e-02
1.114991361816240235e-02
2.288334529298332101e-02
-3.848593031921659219e-02
3.397654647251229128e-03
9.832780824632754121e-05
-9.916505365280920900e-04
-2.134221251021926891e-02
-4.151236862392708449e-02
6.048804907499991113e-02
4.560159256126495309e-01
-2.520090767178653508e-03
3.076640022859910423e-02
-6.722435620149996849e-01
9.994487298565092603e-03
-1.741095697211839100e-02
-2.363669401737135065e-02
-4.384545651096870321e-04
8.276301029425291644e-04
-2.520090767178653941e-03
2.973245252068406827e-02
-2.422660636964351494e-02
2.789162695074897790e-03
-8.682896025096186257e-03
1.419694192965462870e-02
9.124047770137401481e-03
-4.770332130983100626e-03
4.453515509258446081e-03
3.076640022859910423e-02
-2.422660636964351494e-02
7.662969021900001287e-02
-4.778851677973855634e-03
1.400722663965462723e-02
-2.506933799990381309e-02
-1.563465352140473025e-02
4.259418192755128757e-03
-9.961533127645508592e-03
-6.722435620149996849e-01
2.789162695074897790e-03
-4.778851677973855634e-03
4.646808125820363067e-01
6.117630787753798594e-04
2.845426579139709571e-03
-2.136930987143572172e-03
-1.826089499767595071e-03
3.264067010788714810e-03
9.994487298565092603e-03
-8.682896025096186257e-03
1.400722663965462723e-02
6.117630787753809436e-04
1.428965781129730786e-02
-1.535227780720519949e-02
-1.158687387994064392e-02
-1.022714288413916102e-03
7.195993619199672143e-04
-1.741095697211839100e-02
1.419694192965462870e-02
-2.506933799990381309e-02
2.845426579139709571e-03
-1.535227780720519949e-02
2.913656656949993248e-02
2.021254459302914905e-02
4.416712416773732434e-04
-1.637402847442506401e-03
-2.363669401737135065e-02
9.124047770137401481e-03
-1.563465352140473025e-02
-2.136930987143572172e-03
-1.158687387994064392e-02
2.021254459302914905e-02
3.147465986945835459e-02
-2.140140373904520638e-03
-2.092748711305513973e-02
-4.384545651096870321e-04
-4.770332130983100626e-03
4.259418192755128757e-03
-1.826089499767595071e-03
-1.022714288413916102e-03
4.416712416773732434e-04
-2.140140373904520204e-03
9.244139502875009171e-03
-3.350261920332733845e-02
8.276301029425291644e-04
4.453515509258446081e-03
-9.961533127645508592e-03
3.264067010788714810e-03
7.195993619199672143e-04
-1.637402847442506401e-03
-2.092748711305513973e-02
-3.350261920332733845e-02
4.468720828849978566e-02
4.711815688481478803e-01
-7.406524690787324311e-03
3.172847378405679875e-02
-4.648235509369994523e-01
1.070283993150270875e-02
-2.047392274282512289e-02
-1.823944774717390846e-02
2.541922496780886238e-03
-4.828065005425354050e-03
-7.406524690787326046e-03
1.617727928668596243e-02
-1.249542300141941349e-02
2.352191535542469750e-03
-9.458281782009206329e-03
1.600848636393220961e-02
1.250499003762270064e-02
2.668826588428264458e-03
-7.523252243129502012e-03
3.172847378405679875e-02
-1.249542300141941349e-02
3.523679160966674412e-02
-4.465426159384108112e-03
1.617246686793220520e-02
-3.118917460399081576e-02
-2.375943469390603968e-02
-7.525768927685722032e-03
1.300238211274568068e-02
-4.648235509369994523e-01
2.352191535542469750e-03
-4.465426159384108112e-03
4.644362369224486753e-01
-2.182708155713284498e-03
2.644634689101624161e-03
-1.573798133741293164e-03
-1.096804058761082857e-03
2.360356870590890263e-03
1.070283993150270875e-02
-9.458281782009206329e-03
1.617246686793220520e-02
-2.182708155713286233e-03
9.622840017551216249e-03
-1.431941468192408570e-02
-9.299687370935883629e-03
1.955689905917194326e-04
-2.197604948922997987e-04
-2.047392274282512289e-02
1.600848636393220961e-02
-3.118917460399081576e-02
2.644634689101624161e-03
-1.431941468192408570e-02
3.042740814249987949e-02
1.741320791407880569e-02
-4.053293615912000785e-04
5.687575841495837690e-04
-1.823944774717390846e-02
1.250499003762270064e-02
-2.375943469390603968e-02
-1.573798133741293164e-03
-9.299687370935883629e-03
1.741320791407880569e-02
2.021697000416621676e-02
-6.318925613366010302e-03
-1.495955936995138798e-02
2.541922496780886238e-03
2.668826588428264458e-03
-7.525768927685722032e-03
-1.096804058761082857e-03
1.955689905917194326e-04
-4.053293615912000785e-04
-6.318925613366008567e-03
-2.408815760666216995e-03
-2.032627454927765989e-02
-4.828065005425354050e-03
-7.523252243129502012e-03
1.300238211274568068e-02
2.360356870590890263e-03
-2.197604948922997987e-04
5.687575841495837690e-04
-1.495955936995138798e-02
-2.032627454927765989e-02
3.578544669166709800e-03
4.674194558031030677e-01
-5.637914523221848606e-03
2.226785872078775388e-02
-4.764263220680006738e-01
5.640448989695823721e-03
-1.448685511833111561e-02
-5.691710543383776341e-03
4.358864726819812289e-03
-1.101423188900085490e-02
-5.637914523221848606e-03
2.827063073898247649e-03
-7.903849403271779803e-04
7.138366477392754390e-04
-4.066400616272133547e-03
9.660406404522059801e-03
8.898647948526617474e-03
4.378637707620033209e-03
-1.222097653599895674e-02
2.226785872078775388e-02
-7.903849403271779803e-04
6.123678814999990259e-04
-2.334967679170909909e-03
9.651584783522060979e-03
-2.466290987372784377e-02
-2.253216158058737872e-02
-1.228148608165737649e-02
3.057493412576368225e-02
-4.764263220680006738e-01
7.138366477392754390e-04
-2.334967679170909909e-03
4.615345226747979979e-01
-2.364312485457133184e-03
3.214167381329870871e-03
2.146900495273415792e-03
1.169408461067915437e-03
-2.959378827702158470e-03
5.640448989695823721e-03
-4.066400616272133547e-03
9.651584783522060979e-03
-2.364312485457133618e-03
4.823967957203215313e-03
-9.138681605099499214e-03
-3.875513973991748500e-03
5.078548818607169033e-04
-1.755601357742785779e-03
-1.448685511833111561e-02
9.660406404522059801e-03
-2.466290987372784377e-02
3.214167381329870871e-03
-9.138681605099499214e-03
2.214103646999986824e-02
9.794482934958950726e-03
-1.756756635523787835e-03
4.249665550865867371e-03
-5.691710543383776341e-03
8.898647948526617474e-03
-2.253216158058737872e-02
2.146900495273415792e-03
-3.875513973991748500e-03
9.794482934958950726e-03
9.740033706859982376e-03
-2.214550423194548440e-03
8.852497117898275314e-03
4.358864726819812289e-03
4.378637707620033209e-03
-1.228148608165737649e-02
1.169408461067915437e-03
5.078548818607169033e-04
-1.756756635523787835e-03
-2.214550423194548874e-03
-8.314200069337073298e-05
1.326744370088276184e-02
-1.101423188900085490e-02
-1.222097653599895674e-02
3.057493412576368225e-02
-2.959378827702158470e-03
-1.755601357742785779e-03
4.249665550865867371e-03
8.852497117898275314e-03
1.326744370088276184e-02
-2.912642667866672738e-02
3.774105478084984755e-01
-7.608174910700031546e-02
2.306990716266640179e-02
6.574334625133332333e-02
1.635614791848436726e-03
1.738978992222052966e-03
-2.576957181962521437e-01
2.788769424638177369e-02
1.825317135681385483e-01
-2.542453862390388619e-01
-3.037571735752676166e-02
-1.871637385515026730e-01
-7.608174910700031546e-02
1.483273199261333497e+00
6.873468671269995500e-01
-4.563957323851392531e-04
-1.314571074295421527e+00
-8.683660877442823667e-01
1.027539729760609637e-02
4.462415022265936448e-03
-2.696733061662234462e-02
-1.182851522507298754e-02
3.920674759342233917e-03
-2.956074182520129767e-02
2.306990716266640179e-02
6.873468671269995500e-01
7.080139613110005836e-01
3.739603270410786300e-04
-8.620355722532823117e-01
-4.358192083765785596e-01
1.647585217996833384e-01
-3.253716208748831662e-02
-1.433138360740138784e-01
-1.628827436249658811e-01
-3.370948903926476725e-02
-1.453414085303036118e-01
6.574334625133332333e-02
-4.563957323851392531e-04
3.739603270410786300e-04
1.115342916296666875e-01
-1.633831353656665375e-01
1.070910247675571775e-01
-4.482278606416417212e-03
1.134408701866771417e-02
1.071024771399193935e-02
-6.932908875159964242e-03
-8.160739996965173798e-03
-2.495505592800332552e-03
1.635614791848436726e-03
-1.314571074295421527e+00
-8.620355722532823117e-01
-1.633831353656665375e-01
1.097439727325003611e+00
3.070927547973341110e-01
4.154959737943289544e-03
-9.158239786722238013e-03
-4.707841761926930338e-03
-6.133324842058362168e-03
-2.750515223861620898e-03
-5.409456733180826801e-03
1.738978992222052966e-03
-8.683660877442823667e-01
-4.358192083765785596e-01
1.070910247675571775e-01
3.070927547973341110e-01
2.450971243160002533e-01
1.091047241861924956e-03
-1.197623692778355085e-02
-1.163331996386134798e-02
-3.810190081877629434e-03
-1.385696916044142600e-02
-1.592060342797841505e-02
-2.576957181962521437e-01
1.027539729760609637e-02
1.647585217996833384e-01
-4.482278606416417212e-03
4.154959737943289544e-03
1.091047241861924956e-03
2.888146089009492323e-01
-1.294557108935216749e-02
-1.905020779526852004e-01
-3.435399920694567899e-02
5.080403919624427653e-03
2.115272437348552845e-02
2.788769424638177369e-02
4.462415022265936448e-03
-3.253716208748831662e-02
1.134408701866771417e-02
-9.158239786722238013e-03
-1.197623692778355085e-02
-1.294557108935216749e-02
-1.784885003761545186e-02
1.550639656455168880e-02
-6.328350368656848052e-03
3.856616599666750061e-03
1.446061950138351031e-02
1.825317135681385483e-01
-2.696733061662234462e-02
-1.433138360740138784e-01
1.071024771399193935e-02
-4.707841761926930338e-03
-1.163331996386134798e-02
-1.905020779526852004e-01
1.550639656455168880e-02
1.737631167229997942e-01
-2.217074556176541408e-02
1.555998148596609079e-02
7.084708228278974174e-03
-2.542453862390388619e-01
-1.182851522507298754e-02
-1.628827436249658811e-01
-6.932908875159964242e-03
-6.133324842058362168e-03
-3.810190081877629434e-03
-3.435399920694567899e-02
-6.328350368656848052e-03
-2.217074556176541408e-02
2.894293751112648749e-01
1.324525564647192899e-02
1.904960900247327782e-01
-3.037571735752676166e-02
3.920674759342233917e-03
-3.370948903926476725e-02
-8.160739996965173798e-03
-2.750515223861620898e-03
-1.385696916044142600e-02
5.080403919624427653e-03
3.856616599666750061e-03
1.555998148596609079e-02
1.324525564647191858e-02
-1.455511663359798299e-02
1.746426001329669242e-02
-1.871637385515026730e-01
-2.956074182520129767e-02
-1.453414085303036118e-01
-2.495505592800332552e-03
-5.409456733180826801e-03
-1.592060342797841505e-02
2.115272437348552845e-02
1.446061950138351031e-02
7.084708228278974174e-03
1.904960900247327782e-01
1.746426001329669242e-02
1.702225676963335654e-01
3.151279265371191296e-01
-8.091725535516823553e-02
5.880400344740804863e-02
-2.551290136800001343e-02
1.980249596389769412e-02
-6.534014120887975292e-03
-1.277941713929532375e-01
3.592180844984867606e-03
-1.405043792986907236e-01
-1.276338240940560476e-01
8.586259849896694940e-02
1.099094547551119766e-01
-8.091725535516824941e-02
3.598163404910487140e-01
5.890100599047036478e-02
-2.516774491602256913e-02
-2.162918335389438784e-01
5.495328157580346706e-02
1.463520937651097663e-02
-4.674243144363005725e-02
9.576021320841829332e-03
1.221477337641954791e-01
-1.330832930200839259e-01
-1.294521488624824634e-01
5.880400344740804863e-02
5.890100599047036478e-02
5.826681119306662548e-01
8.286834513158055845e-03
5.476804230480343538e-02
-6.844414027605642825e-02
-1.866656558655874210e-01
-1.389159330432785701e-02
-2.961430101904164447e-01
1.406804994749936144e-01
-1.064188088249999053e-01
-2.087644177318598859e-01
-2.551290136800001343e-02
-2.516774491602256913e-02
8.286834513158055845e-03
1.651684040715924520e-02
-1.341138693975552770e-02
5.508523980813592215e-03
1.472310856977587529e-03
2.015481450067809280e-02
-9.170442811008594486e-03
1.265087356504412822e-03
2.127336734526045700e-02
-4.687859266215904305e-03
1.980249596389769412e-02
-2.162918335389438784e-01
5.476804230480343538e-02
-1.341138693975552770e-02
1.892378147485070661e-01
-7.273970980792976437e-02
-1.840027886106002748e-03
-4.340355260296368395e-03
1.863283210138049189e-03
-2.054265638206566151e-03
-2.503519966072602007e-02
8.110956038573842800e-03
-6.534014120887975292e-03
5.495328157580346706e-02
-6.844414027605642825e-02
5.508523980813592215e-03
-7.273970980792976437e-02
8.823873395933347352e-02
1.200731181163919173e-03
3.602741318133189513e-02
-1.170735303368123162e-02
2.591979512111576025e-04
-2.596588154236083648e-02
9.039842543221595500e-03
-1.277941713929532375e-01
1.463520937651097663e-02
-1.866656558655874210e-01
1.472310856977587529e-03
-1.840027886106002748e-03
1.200731181163919173e-03
1.216196271556647807e-01
-1.310321182821357240e-02
1.647091389590398802e-01
8.658912416697438219e-03
2.243609861369165806e-03
1.881649677522090683e-02
3.592180844984867606e-03
-4.674243144363005725e-02
-1.389159330432785701e-02
2.015481450067809280e-02
-4.340355260296368395e-03
3.602741318133189513e-02
-1.310321182821357067e-02
5.156948830166851322e-02
-7.157033871575950446e-03
-9.954006726281694126e-03
-8.104272696633879310e-04
-1.817584048269726624e-02
-1.405043792986907236e-01
9.576021320841829332e-03
-2.961430101904164447e-01
-9.170442811008594486e-03
1.863283210138049189e-03
-1.170735303368123162e-02
1.647091389590398802e-01
-7.157033871575950446e-03
3.290762729753337057e-01
-1.668506994128977905e-02
-1.836236340609192315e-03
-2.797425013303405164e-02
-1.276338240940560476e-01
1.221477337641954791e-01
1.406804994749936144e-01
1.265087356504412822e-03
-2.054265638206566151e-03
2.591979512111576025e-04
8.658912416697438219e-03
-9.954006726281694126e-03
-1.668506994128977905e-02
1.245427409023161375e-01
-1.134761889613404018e-01
-1.249992262397858767e-01
8.586259849896694940e-02
-1.330832930200839259e-01
-1.064188088249999053e-01
2.127336734526045700e-02
-2.503519966072602007e-02
-2.596588154236083648e-02
2.243609861369165806e-03
-8.104272696633879310e-04
-1.836236340609192315e-03
-1.134761889613404018e-01
1.594942960213505678e-01
1.343552466304043236e-01
1.099094547551119766e-01
-1.294521488624824634e-01
-2.087644177318598859e-01
-4.687859266215904305e-03
8.110956038573842800e-03
9.039842543221595500e-03
1.881649677522090683e-02
-1.817584048269726624e-02
-2.797425013303405164e-02
-1.249992262397858767e-01
1.343552466304043236e-01
2.214262272729999315e-01
2.813950845364089903e-01
-9.806679709484897312e-02
1.953419833303444292e-02
-1.979861009799997740e-02
1.032613282430385263e-02
-1.878125894888402550e-03
-1.322480407061616126e-01
2.386956875021963020e-02
-1.411913415287320006e-01
-1.325462107312287696e-01
7.212882246515701923e-02
1.234628632528006476e-01
-9.806679709484895924e-02
1.316901478392588642e-01
7.510290750792222858e-02
-1.934616096561351042e-02
1.589482533496597294e-02
-9.318624666982504995e-03
3.184490042995714865e-02
-4.749268890171150226e-02
3.901845318250648370e-02
9.521071497278742191e-02
-1.007151307025301173e-01
-1.122014494532231066e-01
1.953419833303444292e-02
7.510290750792222858e-02
5.600128951529981247e-01
3.518907689836810442e-03
-9.058223854982519474e-03
-3.368992452296595136e-02
-1.846864654145906615e-01
2.960426616500771643e-02
-2.958855902961269879e-01
1.620976107336480898e-01
-1.035016713008747591e-01
-2.421600660212412659e-01
-1.979861009799997740e-02
-1.934616096561351042e-02
3.518907689836810442e-03
1.114038386286814522e-02
-3.340133527350918046e-03
1.075979696920678413e-03
4.232099212457359448e-03
1.171523674453652832e-02
-1.712829673928954223e-03
4.124698192442144244e-03
1.176520288460237637e-02
-2.477790674963123701e-03
1.032613282430385263e-02
1.589482533496597294e-02
-9.058223854982519474e-03
-3.340133527350918480e-03
-1.853214736236820370e-02
5.960256849204189321e-03
-2.467238325242607222e-03
-1.162189029311992607e-03
-1.171275501689182435e-03
-3.150717287149207117e-03
-6.993765768011359248e-03
4.808884670311506203e-03
-1.878125894888402550e-03
-9.318624666982504995e-03
-3.368992452296595136e-02
1.075979696920678413e-03
5.960256849204189321e-03
2.476698359566674099e-02
3.876112411972474497e-03
2.070379654687565241e-02
2.253495355854643386e-03
-2.592347668018449638e-03
-1.727397759392563723e-02
8.115319188569222048e-03
-1.322480407061616126e-01
3.184490042995714865e-02
-1.846864654145906615e-01
4.232099212457359448e-03
-2.467238325242607222e-03
3.876112411972474497e-03
1.191159480088593015e-01
-3.132344313626747589e-02
1.602278636767502928e-01
9.068683301063164975e-03
1.482953059740580934e-03
1.918265943807604887e-02
2.386956875021963020e-02
-4.749268890171150226e-02
2.960426616500771643e-02
1.171523674453652832e-02
-1.162189029311992607e-03
2.070379654687565241e-02
-3.132344313626747589e-02
4.917102540714003711e-02
-3.842871225623700759e-02
-5.749094324974248632e-03
-1.484043868378136103e-04
-1.195110689319106231e-02
-1.411913415287320006e-01
3.901845318250648370e-02
-2.958855902961269879e-01
-1.712829673928954223e-03
-1.171275501689182435e-03
2.253495355854643386e-03
1.602278636767502928e-01
-3.842871225623700759e-02
3.216381309746677020e-01
-1.855131893676863208e-02
8.934186974241592125e-04
-2.975067826822535080e-02
-1.325462107312287696e-01
9.521071497278742191e-02
1.620976107336480898e-01
4.124698192442144244e-03
-3.150717287149207117e-03
-2.592347668018449638e-03
9.068683301063164975e-03
-5.749094324974248632e-03
-1.855131893676863208e-02
1.201182665137372901e-01
-8.542938990808277011e-02
-1.408971789765240679e-01
7.212882246515701923e-02
-1.007151307025301173e-01
-1.035016713008747591e-01
1.176520288460237637e-02
-6.993765768011359248e-03
-1.727397759392563723e-02
1.482953059740580934e-03
-1.484043868378136103e-04
8.934186974241592125e-04
-8.542938990808277011e-02
1.043727921799280506e-01
1.153206061963205492e-01
1.234628632528006476e-01
-1.122014494532231066e-01
-2.421600660212412659e-01
-2.477790674963123701e-03
4.808884670311506203e-03
8.115319188569222048e-03
1.918265943807604887e-02
-1.195110689319106231e-02
-2.975067826822535080e-02
-1.408971789765240679e-01
1.153206061963205492e-01
2.609069774826660026e-01
2.784682660164237156e-01
-1.062317765944126302e-01
1.541103511322785592e-02
-1.508595872599999624e-02
5.476421127251942036e-03
-7.887699789905404726e-04
-1.317823643725316296e-01
3.188279403392112882e-02
-1.409520851522250151e-01
-1.317812166916906835e-01
7.022713997802058905e-02
1.262638372638161255e-01
-1.062317765944126302e-01
1.035778958805776834e-01
6.737235747498845906e-02
-1.615556892244381440e-02
3.404458405107198965e-02
-8.568146074258733286e-03
3.675349678399361664e-02
-4.535083589710593027e-02
4.486020527526627527e-02
8.704934803168166979e-02
-8.862240710297988877e-02
-1.052532311311197982e-01
1.541103511322785592e-02
6.737235747498845906e-02
5.673098039296678996e-01
2.326872994209939430e-03
-8.568046464258743597e-03
-2.420997505707200501e-02
-1.833326504761299824e-01
4.299333820421704505e-02
-2.932293010873625594e-01
1.655787737843189833e-01
-1.023672867706317130e-01
-2.499839988963294402e-01
-1.508595872599999624e-02
-1.615556892244381440e-02
2.326872994209939430e-03
8.167558612877373961e-03
-1.834963370520607037e-03
2.348455943029308882e-04
3.964038142085988398e-03
8.761453416453995197e-03
-9.018843712998320669e-04
4.040964276605272729e-03
8.686111107468506148e-03
-1.708864030374746381e-03
5.476421127251942036e-03
3.404458405107198965e-02
-8.568046464258743597e-03
-1.834963370520607253e-03
-3.241054346521087676e-02
6.779413299903068284e-03
-1.650978879338986603e-03
1.187228366395314937e-03
-1.056167376536111752e-03
-2.622447595904535324e-03
-2.436372969868433845e-03
2.576893267847628864e-03
-7.887699789905404726e-04
-8.568146074258733286e-03
-2.420997505707200501e-02
2.348455943029308882e-04
6.779413299903068284e-03
1.552598382916664521e-02
3.351306290122894101e-03
1.447978541757142905e-02
3.028292150518714816e-03
-2.954290748663996290e-03
-1.287742176292196346e-02
6.766596651263180259e-03
-1.317823643725316296e-01
3.675349678399361664e-02
-1.833326504761299824e-01
3.964038142085988398e-03
-1.650978879338986603e-03
3.351306290122894101e-03
1.190978358971010176e-01
-3.632400354969006484e-02
1.604310323213788136e-01
8.828536066311200997e-03
9.697412589017989637e-04
1.924953261522641818e-02
3.188279403392112882e-02
-4.535083589710593027e-02
4.299333820421704505e-02
8.761453416453995197e-03
1.187228366395314937e-03
1.447978541757142905e-02
-3.632400354969006484e-02
4.478622070089872259e-02
-4.646382187660959978e-02
-4.491978427493421508e-03
4.230042699058186059e-04
-1.084944396506658595e-02
-1.409520851522250151e-01
4.486020527526627527e-02
-2.932293010873625594e-01
-9.018843712998320669e-04
-1.056167376536111752e-03
3.028292150518714816e-03
1.604310323213788136e-01
-4.646382187660959978e-02
3.190470914720011653e-01
-1.859798940988887511e-02
2.138944615365645421e-03
-2.996084033421694826e-02
-1.317812166916906835e-01
8.704934803168166979e-02
1.655787737843189833e-01
4.040964276605272729e-03
-2.622447595904535324e-03
-2.954290748663996290e-03
8.828536066311200997e-03
-4.491978427493421508e-03
-1.859798940988887511e-02
1.181918495640360278e-01
-7.975571638355388737e-02
-1.442622230202893485e-01
7.022713997802058905e-02
-8.862240710297988877e-02
-1.023672867706317130e-01
8.686111107468506148e-03
-2.436372969868433845e-03
-1.287742176292196346e-02
9.697412589017989637e-04
4.230042699058186059e-04
2.138944615365645421e-03
-7.975571638355390125e-02
9.187378855463058935e-02
1.127556399831221440e-01
1.262638372638161255e-01
-1.052532311311197982e-01
-2.499839988963294402e-01
-1.708864030374746381e-03
2.576893267847628864e-03
6.766596651263180259e-03
1.924953261522641818e-02
-1.084944396506658595e-02
-2.996084033421694826e-02
-1.442622230202893485e-01
1.127556399831221440e-01
2.736878204519992419e-01
5.943346892649998825e-01
3.722787296666673837e-03
7.593522704666632456e-03
-4.854194871410001388e-01
-4.529825627000093682e-03
-1.115491972999967194e-03
3.722787296666673837e-03
-5.281542574800016793e-02
-2.725270294666664889e-03
-4.475476858000093650e-03
2.749758551099996950e-02
2.491880000000012808e-05
7.593522704666632456e-03
-2.725270294666664889e-03
-4.242297964100010671e-02
-1.115510369999967192e-03
-2.533224639999999330e-04
2.753713681199997446e-02
-4.854194871410001388e-01
-4.475476858000093650e-03
-1.115510369999967192e-03
5.943346667613331746e-01
3.722787296666753201e-03
-7.593522704666633323e-03
-4.529825627000093682e-03
2.749758551099996950e-02
-2.533224639999999330e-04
3.722787296666753201e-03
-5.286406865833349900e-02
2.725270294666664022e-03
-1.115491972999967194e-03
2.491880000000012808e-05
2.753713681199997446e-02
-7.593522704666633323e-03
2.725270294666664022e-03
-4.242297964100010671e-02
-1.457356527333333700e-02
-1.572172823333365288e-04
1.170352886666650683e-04
1.117256104100001340e-02
-1.911361869999931619e-04
-5.653600000242312054e-08
-1.572172823333365288e-04
2.596287515049991099e-02
-4.858967099999999390e-05
7.430536900000695615e-05
-2.683803998499998886e-02
5.489999998879692081e-10
1.170352886666650683e-04
-4.858967099999999390e-05
2.411055539649991503e-02
-4.355000002440227429e-09
3.908436999999904385e-06
-2.859316705899998812e-02
1.117256104100001340e-02
7.430536900000695615e-05
-4.355000002440227429e-09
-1.457356527333333700e-02
-1.572175410000081612e-04
-1.170352886666650819e-04
-1.911361869999931619e-04
-2.683803998499998886e-02
3.908436999999904385e-06
-1.572175410000081612e-04
2.596287515049991099e-02
4.858967099999998034e-05
-5.653600000242312054e-08
5.489999998879692081e-10
-2.859316705899998812e-02
-1.170352886666650819e-04
4.858967099999998034e-05
2.411055539649991503e-02
-1.035451242235809061e-01
1.115088013198930300e-06
3.727683341810425594e-07
1.277329436459999634e-01
-3.881099999614483004e-07
-7.771180000129319804e-07
1.115088013198930300e-06
9.054339118324762625e-02
-9.768617551352540975e-10
-3.855469999614479618e-07
-8.213513897800001073e-02
2.499999999194105485e-10
3.727683341810425594e-07
-9.768617551352540975e-10
8.928081291683326315e-02
-7.795220000129319535e-07
1.389999999194102598e-10
-8.344931857399996711e-02
1.277329436459999634e-01
-3.855469999614479618e-07
-7.795220000129319535e-07
-1.036366608019140129e-01
1.114869456896854435e-06
-3.710340008477090506e-07
-3.881099999614483004e-07
-8.213513897800001073e-02
1.389999999194102598e-10
1.114869456896854435e-06
9.051567013258061956e-02
9.768632601977544005e-10
-7.771180000129319804e-07
2.499999999194105485e-10
-8.344931857399996711e-02
-3.710340008477090506e-07
9.768632601977544005e-10
8.913613631783326441e-02
-1.549523529597571225e-01
1.140284103607127116e-06
3.764183340635252708e-07
1.593028609319997180e-01
-3.834739999582153187e-07
-7.826180000139828203e-07
1.140284103607127327e-06
6.384797365825770066e-02
-9.303712861306784525e-10
-3.867269999582152751e-07
-6.816365339199995099e-02
2.039999999454140347e-10
3.764183340635252708e-07
-9.303712861306784525e-10
6.187305956050011269e-02
-7.813300000139828422e-07
4.659999999454140863e-10
-6.905314886199993840e-02
1.593028609319997180e-01
-3.867269999582152751e-07
-7.813300000139828422e-07
-1.547810254324376855e-01
1.149087950977253519e-06
-3.759876673968562982e-07
-3.834739999582153187e-07
-6.816365339199995099e-02
4.659999999454140863e-10
1.149087950977253731e-06
6.386050616660478296e-02
9.303716250644488104e-10
-7.826180000139828203e-07
2.039999999454140347e-10
-6.905314886199993840e-02
-3.759876673968562982e-07
9.303716250644488104e-10
6.175109199350010958e-02
-7.839802496625990214e-02
2.250206326526260237e-06
7.066113334003703095e-07
7.495426134800008133e-02
2.541700001710092872e-08
9.036499999429564556e-08
2.250206326526260237e-06
1.728609658959346859e-02
-3.268551070492948938e-10
2.238600001710093619e-08
-1.813895490800001079e-02
2.779999999959682406e-10
7.066113334003703095e-07
-3.268551070492948938e-10
1.779639927083336015e-02
7.321399999429565298e-08
2.939999999959649283e-10
-1.820504638200001399e-02
7.495426134800008133e-02
2.238600001710093619e-08
7.321399999429565298e-08
-7.846356474777999024e-02
3.518186372244237028e-06
-1.072289333400361390e-06
2.541700001710092872e-08
-1.813895490800001079e-02
2.939999999959649283e-10
3.518186372244237452e-06
1.691472191678014894e-02
3.267801235861727859e-10
9.036499999429564556e-08
2.779999999959682406e-10
-1.820504638200001399e-02
-1.072289333400361390e-06
3.267801235861727859e-10
1.796589194050002974e-02
3.120161146517772099e+00
1.743944073619746807e-02
-2.666316818697327812e-02
-3.292859846150000713e+00
-2.222887635500068321e-02
1.074613400022354894e-05
1.743944073619746807e-02
-2.935678441337743472e-01
1.074450501816821141e-02
-1.427839052700066377e-02
3.173555088600001906e-01
6.327962750000006671e-04
-2.666316818697327812e-02
1.074450501816821141e-02
-2.766873414706666479e-01
1.289567480002216341e-04
2.764481070000012462e-04
3.150054277760002130e-01
-3.292859846150000713e+00
-1.427839052700066377e-02
1.289567480002216341e-04
3.128775830242210176e+00
2.334918598519572508e-02
3.166216878603050205e-02
-2.222887635500068321e-02
3.173555088600001906e-01
2.764481070000012462e-04
2.334918598519572855e-02
-3.052429166302123575e-01
-7.803412805918561942e-03
1.074613400022354894e-05
6.327962750000006671e-04
3.150054277760002130e-01
3.166216878603050205e-02
-7.803412805918561942e-03
-2.734600493633332907e-01
6.186404409918467850e-01
-2.203962724495394461e-04
-1.822539456304807714e-04
-5.348330408339996289e-01
8.373079999059281197e-07
-4.722329599996840369e-05
-2.203962724495394190e-04
1.926136786665491943e-02
9.873043465392742682e-07
9.125209999059283049e-07
-2.273876250199999283e-02
5.210000000309791547e-09
-1.822539456304807714e-04
9.873043465392742682e-07
1.920778778816672680e-02
-4.711902299996841947e-05
5.158000000309816956e-09
-1.753699035099999179e-02
-5.348330408339996289e-01
9.125209999059283049e-07
-4.711902299996841947e-05
6.167042005905134516e-01
-2.203962140306977690e-04
1.822546939638143039e-04
8.373079999059281197e-07
-2.273876250199999283e-02
5.158000000309816956e-09
-2.203962140306977690e-04
1.891903177332157973e-02
-9.872983465667241110e-07
-4.722329599996840369e-05
5.210000000309791547e-09
-1.753699035099999179e-02
1.822546939638143039e-04
-9.872983465667241110e-07
2.008968096716673077e-02
3.131256884000585550e-02
1.571409531830274076e-08
-2.984599601321591106e-08
-4.969836433099998618e-02
-8.504999997433173251e-09
-3.482100000084740808e-08
1.571409531830273745e-08
6.315961262232748508e-02
1.624434065831987852e-08
-4.517599999743311331e-08
-6.367154687999994345e-02
6.636000000008170722e-09
-2.984599601321591106e-08
1.624434065831987852e-08
6.238237475683341277e-02
-9.220900000084728642e-08
7.045000000008160521e-09
-6.353810575099999580e-02
-4.969836433099998618e-02
-4.517599999743311331e-08
-9.220900000084728642e-08
3.025297743069015055e-02
5.177537886933527856e-08
4.142332940479675638e-08
-8.504999997433173251e-09
-6.367154687999994345e-02
7.045000000008160521e-09
5.177537886933528517e-08
6.334798782564338149e-02
-1.600701016636615365e-08
-3.482100000084740808e-08
6.636000000008170722e-09
-6.353810575099999580e-02
4.142332940479675638e-08
-1.600701016636615365e-08
6.305826881050012600e-02
-9.548763537316677652e-02
6.582293333256936984e-07
2.206353333333328562e-07
9.629244485799989817e-02
-2.196729999771797523e-07
-4.352990000075149416e-07
6.582293333256936984e-07
2.933533544850005018e-02
-3.793333333333203395e-10
-2.154639999771797442e-07
-2.793590472300004623e-02
3.390000000918624580e-10
2.206353333333328562e-07
-3.793333333333203395e-10
2.928487000066664139e-02
-4.291000000075149798e-07
3.340000000918638194e-10
-2.643458436100003597e-02
9.629244485799989817e-02
-2.154639999771797442e-07
-4.291000000075149798e-07
-9.548776706216670351e-02
6.582269999770923200e-07
-2.206353333333328562e-07
-2.196729999771797523e-07
-2.793590472300004623e-02
3.340000000918638194e-10
6.582269999770923200e-07
2.923587401216671752e-02
3.793333333332933010e-10
-4.352990000075149416e-07
3.390000000918624580e-10
-2.643458436100003597e-02
-2.206353333333328562e-07
3.793333333332933010e-10
2.930720593899999171e-02
-8.476401837833315300e-02
5.331376666602667073e-07
1.770333333333334694e-07
8.570892545000004248e-02
-1.792709999805663289e-07
-3.616140000064668034e-07
5.331376666602667073e-07
1.976188409633334794e-02
-1.403333333333227675e-10
-1.807309999805663962e-07
-2.008391382500001460e-02
1.560000000113712819e-10
1.770333333333334694e-07
-1.403333333333227675e-10
2.007107271533330531e-02
-3.652260000064668757e-07
1.560000000113705581e-10
-1.989730047200001517e-02
8.570892545000004248e-02
-1.807309999805663962e-07
-3.652260000064668757e-07
-8.476402805099984838e-02
5.333046666474531676e-07
-1.770826666666668939e-07
-1.792709999805663289e-07
-2.008391382500001460e-02
1.560000000113705581e-10
5.333046666474531676e-07
1.983195017566667662e-02
1.403333333333010798e-10
-3.616140000064668034e-07
1.560000000113712819e-10
-1.989730047200001517e-02
-1.770826666666668939e-07
1.403333333333010798e-10
2.002596378299995733e-02
3.362857751294103803e+00
4.412784009006466279e-01
-3.745083036594408776e-01
-3.050918318024000264e+00
-1.269635670850005615e-01
-6.750001506999787904e-03
4.412784009006466279e-01
-3.126784513344368910e-01
1.251725488566812206e-01
-8.811250525100063069e-02
2.783606051020000027e-01
-1.230607428999994047e-03
-3.745083036594408776e-01
1.251725488566812206e-01
3.141333816926664690e-01
-5.742003757999793005e-03
-1.794632395999991260e-03
3.003679294069998007e-01
-3.050918318024000264e+00
-8.811250525100063069e-02
-5.742003757999793005e-03
3.415388629947284649e+00
4.708271352433006096e-01
3.922486568448264044e-01
-1.269635670850005615e-01
2.783606051020000027e-01
-1.794632395999991260e-03
4.708271352433006096e-01
-3.647507385586163386e-01
-1.128019894143257318e-01
-6.750001506999787904e-03
-1.230607428999994047e-03
3.003679294069998007e-01
3.922486568448264044e-01
-1.128019894143257318e-01
3.052056686283330933e-01
4.375829544119996806e-01
-3.364833766658012211e-05
-7.669079999999693223e-07
-4.753386598440000887e-01
6.811509999073296813e-07
1.524369000031029315e-06
-3.364833766658012211e-05
-3.392077420866675130e-02
-1.810139996666666350e-04
6.902289999073292283e-07
2.913700256399999813e-02
1.059000000139697326e-09
-7.669079999999693223e-07
-1.810139996666666350e-04
-2.647434595566663593e-02
1.544253000031029733e-06
8.610000001397016284e-10
3.141455126999999348e-02
-4.753386598440000887e-01
6.902289999073292283e-07
1.544253000031029733e-06
4.441671012276662833e-01
-3.364928466663747353e-05
8.317558666666694954e-06
6.811509999073296813e-07
2.913700256399999813e-02
8.610000001397016284e-10
-3.364928466663747353e-05
-3.377208063766675566e-02
1.810138796666666808e-04
1.524369000031029315e-06
1.059000000139697326e-09
3.141455126999999348e-02
8.317558666666694954e-06
1.810138796666666808e-04
-2.679824714066665267e-02
-4.676878435166680233e-03
-9.608790000012007066e-07
3.782200000000010534e-08
-2.336743195000007094e-03
-1.720299999765061375e-08
-3.065500000067689070e-08
-9.608790000012007066e-07
1.499142186366671931e-02
-3.373333333333309277e-10
-1.196599999765060465e-08
-1.512630455899999747e-02
4.620000001062368813e-10
3.782200000000010534e-08
-3.373333333333309277e-10
1.658579451333338714e-02
-3.246700000067690058e-08
1.940000001062368503e-10
-1.339124540199999359e-02
-2.336743195000007094e-03
-1.196599999765060465e-08
-3.246700000067690058e-08
-4.660246862500012216e-03
-9.588136666702555348e-07
-3.823033333333343406e-08
-1.720299999765061375e-08
-1.512630455899999747e-02
1.940000001062368503e-10
-9.588136666702555348e-07
1.489764097266671819e-02
3.303333333333262473e-10
-3.065500000067689070e-08
4.620000001062368813e-10
-1.339124540199999359e-02
-3.823033333333343406e-08
3.303333333333262473e-10
1.642886129766672060e-02
1.753776407685734506e+00
-4.102685402990266929e-04
-2.769180554459463035e-04
-1.582518203411000357e+00
-3.430406459000296098e-03
2.066333744000096832e-03
-4.102685402990266387e-04
-8.668391594106190923e-02
8.071105971325454051e-06
-1.203000521000296584e-03
2.854750119500001557e-02
1.044527207000000429e-03
-2.769180554459463035e-04
8.071105971325454051e-06
-7.384432303999979852e-02
1.036366323000098826e-03
-8.158181999999546005e-06
2.944148341400003657e-02
-1.582518203411000357e+00
-1.203000521000296584e-03
1.036366323000098826e-03
1.579002252598900924e+00
-1.132354406148856430e-03
-2.078544286862038775e-03
-3.430406459000296098e-03
2.854750119500001557e-02
-8.158181999999546005e-06
-1.132354406148856430e-03
2.388868161460457398e-02
-3.934060110043970104e-03
2.066333744000096832e-03
1.044527207000000429e-03
2.944148341400003657e-02
-2.078544286862038775e-03
-3.934060110043970104e-03
-4.866854017999999379e-03
3.293104391223376087e-02
6.868132400570960501e-07
-2.410573333515372841e-07
-2.671793617899997572e-02
-1.695231939223029823e-07
5.061710755995392580e-07
6.868132400570961559e-07
9.619644612559966057e-02
2.516121897357692590e-10
-1.681931260668911545e-07
-9.697245977100003855e-02
2.752971499999923299e-04
-2.410573333515372841e-07
2.516121897357692590e-10
9.525781601866631365e-02
5.041452146714398154e-07
2.752971499999992688e-04
-9.697245958500005925e-02
-2.671793617899997572e-02
-1.681931260668911545e-07
5.041452146714398154e-07
3.704981709999987608e-03
7.512336666498541011e-07
-2.673119999999995550e-07
-1.695231939223029823e-07
-9.697245977100003855e-02
2.752971499999992688e-04
7.512336666498541011e-07
9.522143326849985545e-02
1.186666666666175566e-10
5.061710755995392580e-07
2.752971499999923299e-04
-9.697245958500005925e-02
-2.673119999999995550e-07
1.186666666666175566e-10
9.499984965733294928e-02
-1.028047660733102525e-01
7.746563975409843618e-07
-3.076550005595335117e-07
1.092920189100000522e-01
-3.139549999672762134e-07
-6.197460000109673524e-07
7.746563975409843618e-07
6.424676211014331006e-02
6.420282280118718931e-10
-3.155489999672761680e-07
-6.885084268500006599e-02
1.019999999408273473e-10
-3.076550005595335117e-07
6.420282280118718931e-10
6.550166561133320686e-02
-6.286480000109675469e-07
4.079999999408256573e-10
-6.981566190700007335e-02
1.092920189100000522e-01
-3.155489999672761680e-07
-6.286480000109675469e-07
-1.103407483104642123e-01
9.866082216852224139e-07
-3.232536666565483632e-07
-3.139549999672762134e-07
-6.885084268500006599e-02
4.079999999408256573e-10
9.866082216852224139e-07
6.648979514496408671e-02
9.770014888049809386e-11
-6.197460000109673524e-07
1.019999999408273473e-10
-6.981566190700007335e-02
-3.232536666565483632e-07
9.770014888049809386e-11
6.382761090466661236e-02
-9.679529114231275044e-02
5.991075472438935732e-07
2.256733333320148152e-07
9.513532840900008891e-02
1.621864827657889040e-08
-4.628110640775077446e-07
5.991075472438936790e-07
2.597259162964631399e-02
-8.332078088997137013e-12
1.558986616090296764e-09
-2.571717843399997858e-02
-3.739621369999949346e-04
2.256733333320148152e-07
-8.332078088997137013e-12
2.647474758683322077e-02
-4.657939787594924840e-07
-3.739621369999949346e-04
-2.515623520599997998e-02
9.513532840900008891e-02
1.558986616090296764e-09
-4.657939787594924840e-07
-9.636670289880762408e-02
6.256792389866316700e-07
-2.228586666662628848e-07
1.621864827657889040e-08
-2.571717843399997858e-02
-3.739621369999949346e-04
6.256792389866316700e-07
2.493274102880749937e-02
1.399168324857636509e-12
-4.628110640775077446e-07
-3.739621369999949346e-04
-2.515623520599997998e-02
-2.228586666662628848e-07
1.399168324857636509e-12
2.511939802516654704e-02
4.378754363983332065e-01
-1.128390093399997407e-02
5.003791278666669222e-03
-3.445645035100000086e-01
-2.706803990000596397e-04
1.357875000019858583e-06
-1.128390093399997407e-02
-1.214415968499997804e-03
-3.001777854999999363e-03
1.598148699994047102e-05
-2.120617853100001393e-02
3.180395200000004518e-05
5.003791278666669222e-03
-3.001777854999999363e-03
7.579768060000025747e-04
4.062908350000199887e-04
1.453400000013830756e-08
-2.043701471400002564e-02
-3.445645035100000086e-01
1.598148699994047102e-05
4.062908350000199887e-04
3.945628236129997690e-01
-1.502300449833328562e-02
1.086382633333291337e-05
-2.706803990000596397e-04
-2.120617853100001393e-02
1.453400000013830756e-08
-1.502300449833328562e-02
3.044350059066664241e-02
-1.262880399199999351e-02
1.357875000019858583e-06
3.180395200000004518e-05
-2.043701471400002564e-02
1.086382633333291337e-05
-1.262880399199999351e-02
1.012813832533335755e-02
-3.701504912883342435e-02
2.366953333300124336e-07
7.942266666666687837e-08
3.758375735099991899e-02
-7.642199999014986148e-08
-1.564590000033189513e-07
2.366953333300124336e-07
1.723282504266669332e-02
4.863235725654038633e-24
-7.803499999014987731e-08
-1.603824960500001631e-02
-3.538012538447981905e-20
7.942266666666687837e-08
4.863235725654038633e-24
1.728281587266669583e-02
-1.528200000033189278e-07
-3.320000000353795397e-10
-1.661565955900000738e-02
3.758375735099991899e-02
-7.803499999014987731e-08
-1.528200000033189278e-07
-3.744373570766675735e-02
2.275459999900332196e-07
-7.525566666666685171e-08
-7.642199999014986148e-08
-1.603824960500001631e-02
-3.320000000353795397e-10
2.275459999900332196e-07
1.681874429100001581e-02
-1.382424169515505865e-23
-1.564590000033189513e-07
-3.538012538447981905e-20
-1.661565955900000738e-02
-7.525566666666685171e-08
-1.382424169515505865e-23
1.650887543950002936e-02
-2.775338408066661128e-02
7.716299999779400939e-08
2.828666666666655865e-08
2.810451098899995406e-02
-3.147599999328717464e-08
-6.351500000222986384e-08
7.716299999779400939e-08
8.266893975666685448e-03
1.732058789594066681e-24
-3.182299999328717768e-08
-8.438402521000011591e-03
7.827135052979561612e-21
2.828666666666655865e-08
1.732058789594066681e-24
8.176395081000022158e-03
-6.378800000222985576e-08
7.827063656071206579e-21
-8.310416983000008806e-03
2.810451098899995406e-02
-3.182299999328717768e-08
-6.378800000222985576e-08
-2.759853238699995145e-02
1.011159999933607211e-07
-3.083199999999994812e-08
-3.147599999328717464e-08
-8.438402521000011591e-03
7.827063656071206579e-21
1.011159999933607211e-07
8.541062219000007671e-03
-5.663746516696668864e-24
-6.351500000222986384e-08
7.827135052979561612e-21
-8.310416983000008806e-03
-3.083199999999994812e-08
-5.663746516696668864e-24
8.508294677833346323e-03
-2.207734233569995028e-02
1.385995195646429747e-07
4.701933333333305702e-08
2.183884508799999874e-02
3.196334783499328828e-08
-9.833097610024421963e-08
1.385995195646429747e-07
5.633590264033283904e-03
5.576431559187738611e-15
3.297592474565240019e-08
-5.498713756499999487e-03
-6.665080349999800285e-05
4.701933333333305702e-08
5.576431559187738611e-15
5.645169881333352881e-03
-1.000803582768997111e-07
-6.665080349999843654e-05
-5.498713756500000355e-03
2.183884508799999874e-02
3.297592474565240019e-08
-1.000803582768997111e-07
-2.184844582900003981e-02
1.404573333282963271e-07
-4.671366666666671432e-08
3.196334783499328828e-08
-5.498713756499999487e-03
-6.665080349999843654e-05
1.404573333282963271e-07
5.566643115333358774e-03
-8.581161353965469512e-24
-9.833097610024421963e-08
-6.665080349999800285e-05
-5.498713756500000355e-03
-4.671366666666671432e-08
-8.581161353965469512e-24
5.657780109333357746e-03
-3.822260027698459184e-01
-1.653230772580040808e+00
3.681449269860254114e-01
-2.839332285140004353e-01
5.813064059678336726e-01
-9.842151686187597392e-02
2.616535568623084562e-01
1.886723710662387088e+00
-3.246822722828341390e-01
-1.653230772580040586e+00
8.186887621548825322e+00
-8.108652128985273100e-01
7.411999165092410247e-02
2.781840212139413682e-01
-4.834103316381221233e-02
2.172060524374630486e+00
-5.860727885578293161e+00
1.093358752763629926e+00
3.681449269860254114e-01
-8.108652128985273100e-01
1.183694580210000458e-01
-1.185601714131801106e-02
-4.350532113381216232e-02
2.974102438089183675e-02
-3.725551800645013900e-01
1.085588231313675767e+00
2.809785301614878272e-01
-2.839332285140004353e-01
7.411999165092410247e-02
-1.185601714131801106e-02
4.425518631452948215e-01
-1.227074294429673640e-01
2.049017146558849978e-02
-2.566907305462776678e-01
9.695923277756202108e-02
-1.621719923305132288e-02
5.813064059678336726e-01
2.781840212139413682e-01
-4.350532113381216232e-02
-1.227074294429673779e-01
-3.064052282819625939e-01
4.690151897455435009e-02
-3.335803350971704440e-01
9.249307121668176590e-02
2.922526472334986279e-04
-9.842151686187597392e-02
-4.834103316381221233e-02
2.974102438089183675e-02
2.049017146558849978e-02
4.690151897455435009e-02
-6.632655390999959294e-03
4.580096471399486974e-02
1.185212577096948251e-02
9.943657915092916910e-02
2.616535568623084562e-01
2.172060524374630486e+00
-3.725551800645013900e-01
-2.566907305462776678e-01
-3.335803350971704440e-01
4.580096471399486974e-02
8.232948234129091603e-01
-3.884247207412101499e+00
3.012823447566236323e-01
1.886723710662387088e+00
-5.860727885578293161e+00
1.085588231313675767e+00
9.695923277756202108e-02
9.249307121668176590e-02
1.185212577096948251e-02
-3.884247207412100167e+00
9.707243085528276083e+00
-1.277818417587921918e+00
-3.246822722828341390e-01
1.093358752763629926e+00
2.809785301614878272e-01
-1.621719923305132288e-02
2.922526472334986279e-04
9.943657915092916910e-02
3.012823447566236323e-01
-1.277818417587921918e+00
3.099913317753331676e-01
2.455197633937100665e-01
-2.726026647730374619e-01
1.740679663401072941e-01
-3.959975724520002904e-01
4.528921718937509167e-02
-1.782015784571654160e-02
2.968121033486720989e-02
4.506990212252092731e-01
-1.677796001286883387e-01
-2.726026647730375174e-01
1.904250283973793145e+00
-3.973829299591744024e-01
2.585982509975872506e-02
1.617821284586969457e-02
-5.653105147561661957e-03
4.953239717492023408e-01
-1.424658727198460317e+00
5.556083003100982243e-01
1.740679663401072941e-01
-3.973829299591744024e-01
2.062224310713331732e-01
-9.734618223212535698e-03
-5.984609354561657921e-03
1.336027223130294020e-03
-1.852091674144839273e-01
5.578914390633448184e-01
-1.510958897927416056e-01
-3.959975724520002904e-01
2.585982509975872506e-02
-9.734618223212535698e-03
4.692904176857722320e-01
-5.036648421979413037e-02
1.678212021671417545e-02
-5.852898475168158421e-02
2.124038367637416658e-02
-8.636557650822770243e-03
4.528921718937509167e-02
1.617821284586969457e-02
-5.984609354561657921e-03
-5.036648421979410956e-02
-3.862764969193888814e-02
6.325112689833673613e-03
-1.508496120038171386e-02
1.024425090989871355e-02
3.429318645054297513e-03
-1.782015784571654160e-02
-5.653105147561661957e-03
1.336027223130294020e-03
1.678212021671417545e-02
6.325112689833673613e-03
1.367818129333335520e-03
7.480758192169778033e-03
2.358840122111204897e-03
1.918176749078281951e-02
2.968121033486720989e-02
4.953239717492023408e-01
-1.852091674144839273e-01
-5.852898475168158421e-02
-1.508496120038171386e-02
7.480758192169778033e-03
2.550587489200921709e+00
2.852227260510939999e-01
5.220161729661331185e-01
4.506990212252092731e-01
-1.424658727198460317e+00
5.578914390633448184e-01
2.124038367637416658e-02
1.024425090989871355e-02
2.358840122111204897e-03
2.852227260510941109e-01
4.478203793462492976e-01
-9.528599572529694584e-02
-1.677796001286883387e-01
5.556083003100982243e-01
-1.510958897927416056e-01
-8.636557650822770243e-03
3.429318645054297513e-03
1.918176749078281951e-02
5.220161729661331185e-01
-9.528599572529694584e-02
1.461248555980000363e-01
4.843263763658036125e-01
-1.093596358505265903e-02
2.814221272382038536e-02
-4.715283883660004172e-01
8.609383353118518767e-03
-1.891137478250560014e-02
-1.180231390049407171e-02
3.685450198533925682e-03
-8.116524169784035750e-03
-1.093596358505264862e-02
4.161984848363848438e-03
-3.112180687239941151e-03
1.069055509623733583e-03
-6.277977119499460364e-03
1.309907762302354832e-02
1.196391943179642148e-02
4.487701159952966860e-03
-1.067145943695253785e-02
2.814221272382038536e-02
-3.112180687239941151e-03
6.404217270666706305e-03
-2.350541571761408446e-03
1.309901219702355214e-02
-2.917967343750051817e-02
-2.634861354844237821e-02
-1.067139726119670576e-02
2.314462998054105797e-02
-4.715283883660004172e-01
1.069055509623733583e-03
-2.350541571761408446e-03
4.689982202133620715e-01
-2.183703546396843082e-03
3.167055277026171317e-03
2.565396309401471626e-03
4.228065344585089881e-04
-5.812299636702239697e-04
8.609383353118518767e-03
-6.277977119499460364e-03
1.309901219702355214e-02
-2.183703546396842648e-03
5.693976043637771246e-03
-1.164733619209465040e-02
-7.729407463771639786e-03
5.890062051529390075e-04
-1.020728787071022983e-03
-1.891137478250560014e-02
1.309907762302354832e-02
-2.917967343750051817e-02
3.167055277026171317e-03
-1.164733619209465040e-02
2.620690468733317610e-02
1.703012394838779656e-02
-1.326596450531720636e-03
2.312741907445605306e-03
-1.180231390049407171e-02
1.196391943179642148e-02
-2.634861354844237821e-02
2.565396309401471626e-03
-7.729407463771639786e-03
1.703012394838779656e-02
8.852451314329774779e-03
-8.278518828607859745e-03
9.501317085207770102e-03
3.685450198533925682e-03
4.487701159952966860e-03
-1.067139726119670576e-02
4.228065344585089881e-04
5.890062051529390075e-04
-1.326596450531720636e-03
-8.278518828607859745e-03
-6.864535534163144007e-03
1.303429417577326235e-02
-8.116524169784035750e-03
-1.067145943695253785e-02
2.314462998054105797e-02
-5.812299636702239697e-04
-1.020728787071022983e-03
2.312741907445605306e-03
9.501317085207770102e-03
1.303429417577326235e-02
-2.619737905000002129e-02
4.808245705649804580e-01
-1.019115093101677361e-02
2.664660922528399797e-02
-4.718472616990006530e-01
6.990543263334834077e-03
-1.620191889112887473e-02
-8.577837283460135187e-03
4.002659849480966897e-03
-9.306689442764491671e-03
-1.019115093101677187e-02
2.797488506520800881e-03
-4.904189389648792169e-04
9.149098575523384848e-04
-5.607059732926820105e-03
1.130702490574759904e-02
1.096013026257477638e-02
4.330933139522538840e-03
-1.125349858882642579e-02
2.664660922528399797e-02
-4.904189389648792169e-04
-4.224989500000082311e-05
-2.123225516999238845e-03
1.130697407574760179e-02
-2.703537821107314387e-02
-2.548388719850808171e-02
-1.125342876856172229e-02
2.565723159993754665e-02
-4.718472616990006530e-01
9.149098575523384848e-04
-2.123225516999238845e-03
4.695069240380475017e-01
-2.233295006690942663e-03
3.244168092974659620e-03
2.482476817212976496e-03
3.683573041004112314e-04
-9.994430830107233280e-04
6.990543263334834077e-03
-5.607059732926820105e-03
1.130697407574760179e-02
-2.233295006690942663e-03
4.651831664286200201e-03
-1.025077568165731756e-02
-6.156302014194006862e-03
5.716676548354471385e-04
-1.281399523089288370e-03
-1.620191889112887473e-02
1.130702490574759904e-02
-2.703537821107314387e-02
3.244168092974659620e-03
-1.025077568165731756e-02
2.326922085333317861e-02
1.431997258346021443e-02
-1.340760734437558598e-03
3.006295121951595498e-03
-8.577837283460135187e-03
1.096013026257477638e-02
-2.548388719850808171e-02
2.482476817212976496e-03
-6.156302014194006862e-03
1.431997258346021443e-02
5.269598070996655073e-03
-6.227532539953256618e-03
1.116143676574992555e-02
4.002659849480966897e-03
4.330933139522538840e-03
-1.125342876856172229e-02
3.683573041004112314e-04
5.716676548354471385e-04
-1.340760734437558598e-03
-6.227532539953256618e-03
-6.139615288829984412e-03
1.334900254294132255e-02
-9.306689442764491671e-03
-1.125349858882642579e-02
2.565723159993754665e-02
-9.994430830107233280e-04
-1.281399523089288370e-03
3.006295121951595498e-03
1.116143676574992555e-02
1.334900254294132255e-02
-2.991879454300010177e-02
-6.707666115971697707e-01
-1.469266588513329364e-01
3.904026400766606036e-02
7.215462985780000116e-01
1.230452187481405335e-02
8.258869181252116026e-03
-1.624973480678933990e-01
3.924387267543785196e-01
3.751572482097320083e-01
-1.567841259573009016e-01
-3.669637233595437475e-01
-3.837291143846923713e-01
-1.469266588513329364e-01
4.593123606518995317e+00
2.567859234624675135e+00
1.039089502960423642e-02
-2.968519616426119168e+00
-3.520276951349461836e+00
-3.191025033548174766e-03
4.779720816702681674e-01
-3.379110114658298580e-02
-1.527994169755104688e-03
4.767629172909458868e-01
-4.287360788241001419e-02
3.904026400766606036e-02
2.567859234624675135e+00
1.881109634358000937e+00
5.200600827201458908e-03
-3.366742018534461867e+00
-2.460233859764884290e+00
2.179556178865487970e-01
-2.971676422921717409e-01
-7.391441333637487066e-02
-2.103880529561446833e-01
-3.018551890688984662e-01
-7.708711384564563562e-02
7.215462985780000116e-01
1.039089502960423642e-02
5.200600827201458908e-03
-6.291262472819981744e-01
-4.150931374400022023e-01
1.233476275983333564e-01
-7.865421835130949335e-02
-4.846274706467295496e-02
-1.072160644264547186e-01
-1.405018648208219804e-02
7.895794886999801809e-02
-8.185035356266183448e-03
1.230452187481405335e-02
-2.968519616426119168e+00
-3.366742018534461867e+00
-4.150931374400022023e-01
5.597868226552987103e+00
3.437453864876669485e-01
1.016915335276083986e-02
1.561959837579161847e-02
2.680562231986301225e-02
-2.293325511878330919e-02
8.651994776165997103e-02
-3.184779927001359350e-03
8.258869181252116026e-03
-3.520276951349461836e+00
-2.460233859764884290e+00
1.233476275983333564e-01
3.437453864876669485e-01
1.171516805312335485e+00
8.929920653807962849e-02
1.203779503442416882e-02
2.249941829301793303e-02
-1.017512862781306815e-01
5.658543520127314735e-02
3.022934023042219559e-02
-1.624973480678933990e-01
-3.191025033548174766e-03
2.179556178865487970e-01
-7.865421835130949335e-02
1.016915335276083986e-02
8.929920653807962849e-02
3.070957013788619960e-01
2.485341415200265081e-03
-2.091469557759559894e-01
-3.883052503904729086e-02
2.561594715544519840e-02
3.146600676004646102e-02
3.924387267543785196e-01
4.779720816702681674e-01
-2.971676422921717409e-01
-4.846274706467295496e-02
1.561959837579161847e-02
1.203779503442416882e-02
2.485341415200278958e-03
-1.912484739978629056e-01
-6.385937090783647130e-02
-2.205126612540341674e-02
-3.861101715510536353e-02
7.556938838051839580e-02
3.751572482097320083e-01
-3.379110114658298580e-02
-7.391441333637487066e-02
-1.072160644264547186e-01
2.680562231986301225e-02
2.249941829301793303e-02
-2.091469557759559894e-01
-6.385937090783647130e-02
1.538240414066667505e-01
-3.132975191109676344e-02
7.740291027504940524e-02
4.717274624315268700e-02
-1.567841259573009016e-01
-1.527994169755104688e-03
-2.103880529561446833e-01
-1.405018648208219804e-02
-2.293325511878330919e-02
-1.017512862781306815e-01
-3.883052503904729086e-02
-2.205126612540341674e-02
-3.132975191109676344e-02
2.884036287933300358e-01
-1.405553658387104221e-02
2.099098086412980457e-01
-3.669637233595437475e-01
4.767629172909458868e-01
-3.018551890688984662e-01
7.895794886999801809e-02
8.651994776165997103e-02
5.658543520127314735e-02
2.561594715544519840e-02
-3.861101715510536353e-02
7.740291027504940524e-02
-1.405553658387102833e-02
-2.019257301369968283e-01
-6.791223668950630010e-02
-3.837291143846923713e-01
-4.287360788241001419e-02
-7.708711384564563562e-02
-8.185035356266183448e-03
-3.184779927001359350e-03
3.022934023042219559e-02
3.146600676004646102e-02
7.556938838051839580e-02
4.717274624315268700e-02
2.099098086412980457e-01
-6.791223668950630010e-02
1.509845148620001798e-01
3.038566738849982074e-01
-1.181557333133361962e-02
4.214684955999768723e-03
1.398120410163332106e-01
4.652720771698575647e-03
4.886571720692836065e-04
-2.443261219731052702e-01
2.905998601737832046e-02
1.803043123544288140e-01
-2.499022912289401710e-01
-2.370721076694700877e-02
-1.735794850239262554e-01
-1.181557333133361962e-02
1.478755079244336690e+00
8.736444985663311957e-01
3.119040285410971339e-03
-1.071581135751248137e+00
-7.396295228467154592e-01
8.690873212458073704e-03
2.028822038710028822e-06
-2.593801886654556119e-02
-8.628514149630926028e-03
3.688748911856401958e-04
-2.568561923210736092e-02
4.214684955999768723e-03
8.736444985663311957e-01
7.382997090373337734e-01
6.390020483816282446e-05
-7.133742227747156273e-01
-3.107479809827523032e-01
1.527845393737083668e-01
-3.079562840591146961e-02
-1.448596184569335699e-01
-1.579480004351039302e-01
-2.920696193721473988e-02
-1.409987758242457756e-01
1.398120410163332106e-01
3.119040285410971339e-03
6.390020483816282446e-05
-1.047150174031667574e-01
-2.407342377466703889e-02
1.939862233280940582e-02
-1.275961089259014698e-02
1.293842578995129527e-02
1.672093583355585208e-02
-1.667494218537131367e-02
-1.051664461430228993e-02
-9.813724932340553084e-03
4.652720771698575647e-03
-1.071581135751248137e+00
-7.133742227747156273e-01
-2.407342377466703889e-02
1.381739857876340238e+00
4.967401858943329418e-01
5.189181278063273103e-03
-1.263788122925515664e-02
-8.688270642086666495e-03
-8.149508497505571214e-03
-1.004409900582233818e-02
-7.167368440251274155e-03
4.886571720692836065e-04
-7.396295228467154592e-01
-3.107479809827523032e-01
1.939862233280940582e-02
4.967401858943329418e-01
2.404421417900003133e-01
8.371668382906396338e-03
-1.586881176371342586e-02
-2.590776618115470456e-02
-1.014649134504173877e-02
-1.988970299053736610e-02
-2.613328399680635294e-02
-2.443261219731052702e-01
8.690873212458073704e-03
1.527845393737083668e-01
-1.275961089259014698e-02
5.189181278063273103e-03
8.371668382906396338e-03
2.940488450305677182e-01
-1.666889910295119015e-02
-1.890036223750240774e-01
-3.425979025697709068e-02
5.312438345443731835e-03
2.174217225660932465e-02
2.905998601737832046e-02
2.028822038710028822e-06
-3.079562840591146961e-02
1.293842578995129527e-02
-1.263788122925515664e-02
-1.586881176371342586e-02
-1.666889910295119709e-02
-2.222867080023378100e-02
1.149702910734279326e-02
-5.772539572287064234e-03
2.949237849439184309e-03
1.585165002109995003e-02
1.803043123544288140e-01
-2.593801886654556119e-02
-1.448596184569335699e-01
1.672093583355585208e-02
-8.688270642086666495e-03
-2.590776618115470456e-02
-1.890036223750240774e-01
1.149702910734279326e-02
1.704415255089997694e-01
-2.220869415753049664e-02
1.609722129566113977e-02
8.416655823537948222e-03
-2.499022912289401710e-01
-8.628514149630926028e-03
-1.579480004351039302e-01
-1.667494218537131367e-02
-8.149508497505571214e-03
-1.014649134504173877e-02
-3.425979025697709068e-02
-5.772539572287064234e-03
-2.220869415753049664e-02
2.874087434622162318e-01
6.762829475136331037e-03
1.896541313385393113e-01
-2.370721076694700877e-02
3.688748911856401958e-04
-2.920696193721473988e-02
-1.051664461430228993e-02
-1.004409900582233818e-02
-1.988970299053736610e-02
5.312438345443731835e-03
2.949237849439184309e-03
1.609722129566113977e-02
6.762829475136311955e-03
-1.692914281654943690e-02
1.236284608518189304e-02
-1.735794850239262554e-01
-2.568561923210736092e-02
-1.409987758242457756e-01
-9.813724932340553084e-03
-7.167368440251274155e-03
-2.613328399680635294e-02
2.174217225660932465e-02
1.585165002109995003e-02
8.416655823537948222e-03
1.896541313385393113e-01
1.236284608518189304e-02
1.699053287256666878e-01
5.964060334547216513e-01
9.549788989767586667e-02
3.231480974728027089e-01
-1.195792509499432263e-02
1.903182690018927203e-02
-7.359500603368985573e-03
-1.173091533593801361e-01
6.046637663087876596e-04
-1.499199846897013300e-01
-1.172900691151029795e-01
1.033693852257464851e-01
1.090627164738547927e-01
9.549788989767583891e-02
2.698531585786100861e-01
1.292833939125659914e-01
-1.976086152916202779e-02
-3.509825089959184852e-01
1.232550018634111788e-01
7.494180473642540578e-03
-3.582329172970724618e-02
-4.991593272080672994e-03
1.349908316231110128e-01
-1.482561523169700912e-01
-1.358256157038085221e-01
3.231480974728027089e-01
1.292833939125659914e-01
5.702761901750006412e-01
7.790566707400031418e-03
1.237690684836242755e-01
-8.738476135308735626e-02
-1.891242143568325207e-01
-1.619251303064434683e-02
-2.979029661979128440e-01
1.329040671062271806e-01
-1.242038819333235178e-01
-1.854966061749272199e-01
-1.195792509499432263e-02
-1.976086152916202779e-02
7.790566707400031418e-03
-1.074868840171323836e-02
5.087488169470986109e-03
7.634089071691184392e-03
-1.103028018103083957e-03
1.596282433818671520e-02
-1.232150358386924043e-02
-7.363184255313934539e-04
2.278776944323385525e-02
-2.875777998975416645e-03
1.903182690018927203e-02
-3.509825089959184852e-01
1.237690684836242755e-01
5.087488169470986976e-03
2.454448942230464947e-01
-1.174054445116524681e-01
-4.434069003481279185e-03
-6.912011893972107301e-03
1.300546160931988736e-03
1.585053640084328102e-03
-2.750272249121959653e-02
8.539334764534466105e-03
-7.359500603368985573e-03
1.232550018634111788e-01
-8.738476135308735626e-02
7.634089071691184392e-03
-1.174054445116524681e-01
1.389223365690000489e-01
-3.292954848009300214e-03
3.277492235951402766e-02
-1.640221689492479470e-02
4.678399129031010455e-03
-1.861445515295890793e-02
2.216560997750999240e-03
-1.173091533593801361e-01
7.494180473642540578e-03
-1.891242143568325207e-01
-1.103028018103083957e-03
-4.434069003481279185e-03
-3.292954848009300214e-03
2.121145403603564294e-01
-7.528327582998657619e-04
1.776248097703240769e-01
1.777704540866027489e-03
3.321593219048388657e-03
1.741475877557865232e-02
6.046637663087876596e-04
-3.582329172970724618e-02
-1.619251303064434683e-02
1.596282433818671520e-02
-6.912011893972107301e-03
3.277492235951402766e-02
-7.528327582998674966e-04
4.371778542197641421e-02
2.831604128638407630e-02
-9.912151999455259127e-03
4.299603765301128716e-04
-2.345585752858340978e-02
-1.499199846897013300e-01
-4.991593272080672994e-03
-2.979029661979128440e-01
-1.232150358386924043e-02
1.300546160931988736e-03
-1.640221689492479470e-02
1.776248097703240769e-01
2.831604128638407630e-02
2.158481208290004838e-01
-1.579109403340488507e-02
-3.716182271597189349e-03
-2.644015053639610369e-02
-1.172900691151029795e-01
1.349908316231110128e-01
1.329040671062271806e-01
-7.363184255313934539e-04
1.585053640084328102e-03
4.678399129031010455e-03
1.777704540866027489e-03
-9.912151999455259127e-03
-1.579109403340488507e-02
1.379978621320217536e-01
-1.287022841083911850e-01
-1.281709465631197808e-01
1.033693852257464851e-01
-1.482561523169700912e-01
-1.242038819333235178e-01
2.278776944323385525e-02
-2.750272249121959653e-02
-1.861445515295890793e-02
3.321593219048388657e-03
4.299603765301128716e-04
-3.716182271597189349e-03
-1.287022841083911850e-01
1.598310376393116683e-01
1.284774049362009674e-01
1.090627164738547927e-01
-1.358256157038085221e-01
-1.854966061749272199e-01
-2.875777998975416645e-03
8.539334764534466105e-03
2.216560997750999240e-03
1.741475877557865232e-02
-2.345585752858340978e-02
-2.644015053639610369e-02
-1.281709465631197808e-01
1.284774049362009674e-01
1.843334790813333235e-01
4.593525148764094901e-01
1.424432367125043342e-02
3.509492016734211961e-01
-2.622886899799997326e-02
1.871073332795940639e-02
-6.156582247845569442e-03
-1.185844223196614450e-01
4.019480710189124277e-03
-1.434144626002067935e-01
-1.186079093696460196e-01
8.903234865474743409e-02
1.128383947073690052e-01
1.424432367125042648e-02
1.806251763792582343e-01
1.215885873417546087e-01
-2.189925546711740667e-02
-2.416585602573353697e-01
6.477399452487415943e-02
1.413971845269928682e-02
-3.799400684749167090e-02
9.419760583505016119e-03
1.210249547911314977e-01
-1.267715150824830772e-01
-1.310714256022561808e-01
3.509492016734211961e-01
1.215885873417546087e-01
6.262748723793343242e-01
7.479422465591584711e-03
6.553808905387413508e-02
-6.452263125766491414e-02
-1.838491391936163954e-01
-1.030991939810645998e-02
-2.908755600508469707e-01
1.395844758101965344e-01
-1.103981956624353472e-01
-2.018084132738711678e-01
-2.622886899799997326e-02
-2.189925546711740667e-02
7.479422465591584711e-03
-4.600744999981708910e-03
-9.396533010472753189e-03
4.682643198659009603e-03
-3.656663223467073289e-05
1.800547906234214318e-02
-1.061849178654584828e-02
-2.399178899278376666e-04
2.065312694375618513e-02
-3.280631950674909886e-03
1.871073332795940639e-02
-2.416585602573353697e-01
6.553808905387413508e-02
-9.396533010472754924e-03
1.789002253683150689e-01
-7.440058019540095324e-02
-2.228028854456173304e-03
-8.111949240360081040e-03
3.122363548929259214e-03
8.145053043672489425e-04
-2.689302753066722187e-02
7.496052549793515846e-03
-6.156582247845569442e-03
6.477399452487415943e-02
-6.452263125766491414e-02
4.682643198659009603e-03
-7.440058019540095324e-02
1.296148160896666846e-01
-4.755725902304906824e-04
3.284703279758989514e-02
-1.344389404840525687e-02
2.389159977199658506e-03
-2.186852448710267446e-02
4.196841941595056899e-03
-1.185844223196614450e-01
1.413971845269928682e-02
-1.838491391936163954e-01
-3.656663223467073289e-05
-2.228028854456173304e-03
-4.755725902304906824e-04
1.897282370477165747e-01
-1.770795189654282564e-02
1.802815502226169653e-01
4.935563253535072727e-03
2.218095380422202209e-03
1.714509290434152594e-02
4.019480710189124277e-03
-3.799400684749167090e-02
-1.030991939810645998e-02
1.800547906234214318e-02
-8.111949240360081040e-03
3.284703279758989514e-02
-1.770795189654282564e-02
4.867456888944957094e-02
3.500193233611989529e-04
-9.843831130581237598e-03
1.051229774211711987e-05
-2.006814758197957710e-02
-1.434144626002067935e-01
9.419760583505016119e-03
-2.908755600508469707e-01
-1.061849178654584828e-02
3.122363548929259214e-03
-1.344389404840525687e-02
1.802815502226169653e-01
3.500193233611989529e-04
2.350334032776671134e-01
-1.663065862236112052e-02
-2.279127011068665231e-03
-2.789923054627718377e-02
-1.186079093696460196e-01
1.210249547911314977e-01
1.395844758101965344e-01
-2.399178899278376666e-04
8.145053043672489425e-04
2.389159977199658506e-03
4.935563253535072727e-03
-9.843831130581237598e-03
-1.663065862236112052e-02
1.440054954014127753e-01
-1.202653566008818620e-01
-1.352873587213509754e-01
8.903234865474743409e-02
-1.267715150824830772e-01
-1.103981956624353472e-01
2.065312694375618513e-02
-2.689302753066722187e-02
-2.186852448710267446e-02
2.218095380422202209e-03
1.051229774211711987e-05
-2.279127011068665231e-03
-1.202653566008818897e-01
1.454804091259206400e-01
1.195021272344113650e-01
1.128383947073690052e-01
-1.310714256022561808e-01
-2.018084132738711678e-01
-3.280631950674909886e-03
7.496052549793515846e-03
4.196841941595056899e-03
1.714509290434152594e-02
-2.006814758197957710e-02
-2.789923054627718377e-02
-1.352873587213509754e-01
1.195021272344113650e-01
2.050512972336669681e-01
3.937817167192437795e-01
-3.814049873257582823e-02
2.978728514214054601e-01
-2.736593381599999181e-02
1.808293583046141628e-02
-5.031676901009780357e-03
-1.264186282069711120e-01
9.227620007653364667e-03
-1.421280484329727478e-01
-1.261781761650788147e-01
8.104444799449983527e-02
1.173354973031134063e-01
-3.814049873257582129e-02
1.545159683485901880e-01
1.128747021931292283e-01
-2.370245966677204247e-02
-1.235372416559967768e-01
2.123601538359142643e-02
1.997189776141141543e-02
-4.299099668930313201e-02
2.087801565691035574e-02
1.142180478164848689e-01
-1.190008179366962154e-01
-1.260498215950085488e-01
2.978728514214054601e-01
1.128747021931292283e-01
6.479663713936675284e-01
6.568810464109185558e-03
2.179124090259140084e-02
-5.141067866400320097e-02
-1.870060889592491393e-01
1.362520366860890935e-03
-2.939238534447256024e-01
1.494828520272077910e-01
-1.066099407782868658e-01
-2.173086194792249459e-01
-2.736593381599999181e-02
-2.370245966677204247e-02
6.568810464109185558e-03
9.238024199620680291e-03
1.532291041127327620e-02
1.889237113532285127e-03
1.609940044758784161e-03
1.688164813870663902e-02
-7.920180770777527496e-03
-8.079691413059602483e-05
2.029242339212004170e-02
-1.375917659190665750e-03
1.808293583046141628e-02
-1.235372416559967768e-01
2.179124090259140084e-02
1.532291041127327620e-02
1.019294792497127955e-01
-2.801087095122865855e-02
-2.810699531125389599e-03
-7.369668715614940795e-03
1.557671904019887216e-03
-6.942731661635045308e-04
-2.813342831225494958e-02
4.852360202059307660e-03
-5.031676901009780357e-03
2.123601538359142643e-02
-5.141067866400320097e-02
1.889237113532285127e-03
-2.801087095122865855e-02
1.090543765319998276e-01
1.927107934192694725e-03
3.092160605219021821e-02
-9.354607934143867320e-03
9.838025692620734446e-04
-2.460829552619663713e-02
5.580589928385531161e-03
-1.264186282069711120e-01
1.997189776141141543e-02
-1.870060889592491393e-01
1.609940044758784161e-03
-2.810699531125389599e-03
1.927107934192694725e-03
1.617559642571400613e-01
-2.583891443888005485e-02
1.645370047776586186e-01
7.196511745460638584e-03
1.468253027606928988e-03
1.741539718991837876e-02
9.227620007653364667e-03
-4.299099668930313201e-02
1.362520366860890935e-03
1.688164813870663902e-02
-7.369668715614940795e-03
3.092160605219021821e-02
-2.583891443888005832e-02
5.543767478369267948e-02
-1.565726565758130892e-02
-9.474759229501241928e-03
-1.016420957661635406e-04
-1.748737169289686297e-02
-1.421280484329727478e-01
2.087801565691035574e-02
-2.939238534447256024e-01
-7.920180770777527496e-03
1.557671904019887216e-03
-9.354607934143867320e-03
1.645370047776586186e-01
-1.565726565758130892e-02
2.745390841323331887e-01
-1.701094119275714522e-02
-1.277582440057629422e-03
-2.864802588169450964e-02
-1.261781761650788147e-01
1.142180478164848689e-01
1.494828520272077910e-01
-8.079691413059602483e-05
-6.942731661635045308e-04
9.838025692620734446e-04
7.196511745460638584e-03
-9.474759229501241928e-03
-1.701094119275714522e-02
1.363110597232905230e-01
-1.094947734941214834e-01
-1.386050627314796280e-01
8.104444799449983527e-02
-1.190008179366962154e-01
-1.066099407782868658e-01
2.029242339212004170e-02
-2.813342831225494958e-02
-2.460829552619663713e-02
1.468253027606928988e-03
-1.016420957661635406e-04
-1.277582440057629422e-03
-1.094947734941214834e-01
1.340738997767094709e-01
1.185781034046922283e-01
1.173354973031134063e-01
-1.260498215950085488e-01
-2.173086194792249459e-01
-1.375917659190665750e-03
4.852360202059307660e-03
5.580589928385531161e-03
1.741539718991837876e-02
-1.748737169289686297e-02
-2.864802588169450964e-02
-1.386050627314796280e-01
1.185781034046922283e-01
2.256486108333336793e-01
2.888789096589093885e-01
-9.594532941933126002e-02
4.050061774086076427e-02
-2.090410523099997184e-02
1.215706010100353271e-02
-2.520335498775025905e-03
-1.332717583595606214e-01
1.908513830650938187e-02
-1.414819330361567207e-01
-1.333858703231426690e-01
7.303987343118986675e-02
1.225389421325522726e-01
-9.594532941933126002e-02
1.521856792500914379e-01
7.585008444009211370e-02
-2.166353782281540269e-02
-4.896115425356897637e-03
-7.021151663486520714e-03
2.849340700610682522e-02
-4.516958307787942439e-02
3.626236986334418350e-02
1.006272379135499384e-01
-1.052487892522804835e-01
-1.183856035628946118e-01
4.050061774086076427e-02
7.585008444009211370e-02
5.642721033859999791e-01
4.486783966470642496e-03
-6.994109086486535905e-03
-3.731128197964308363e-02
-1.869492681824965752e-01
2.114103154003761989e-02
-2.963959755315602740e-01
1.598233136327745496e-01
-1.040559412142445100e-01
-2.366208019755770275e-01
-2.090410523099997184e-02
-2.166353782281540269e-02
4.486783966470642496e-03
1.888613039447292752e-02
-1.921734748308767194e-03
2.517755372508622465e-03
3.770398282851051500e-03
1.468788813191775414e-02
-3.792806983954151792e-03
3.489437200553066522e-03
1.449275683841060383e-02
-2.105171992331273442e-03
1.215706010100353271e-02
-4.896115425356897637e-03
-6.994109086486535905e-03
-1.921734748308767194e-03
3.293073015193710099e-03
4.311387107364654352e-03
-1.727247404649543154e-03
-2.955194944782326555e-03
1.090914974462166677e-03
-2.222204187632452303e-03
-1.306383732039036009e-02
3.292653314548684394e-03
-2.520335498775025905e-03
-7.021151663486520714e-03
-3.731128197964308363e-02
2.517755372508622465e-03
4.311387107364654352e-03
3.459783893233329272e-02
3.383060252099269211e-03
2.646313449310424767e-02
-7.275132950687202699e-04
-2.253976411927156431e-03
-2.118995631978789693e-02
9.341048665837270101e-03
-1.332717583595606214e-01
2.849340700610682522e-02
-1.869492681824965752e-01
3.770398282851051500e-03
-1.727247404649543154e-03
3.383060252099269211e-03
1.192859524761337442e-01
-2.830274381525202734e-02
1.590671140454564536e-01
9.039119237012055788e-03
1.394925611329009751e-03
1.882011613443677553e-02
1.908513830650938187e-02
-4.516958307787942439e-02
2.114103154003761989e-02
1.468788813191775414e-02
-2.955194944782326555e-03
2.646313449310424767e-02
-2.830274381525202387e-02
5.110725567319902851e-02
-3.256977797296648630e-02
-6.714508586037637797e-03
-9.495832813722179973e-04
-1.321293258825377223e-02
-1.414819330361567207e-01
3.626236986334418350e-02
-2.963959755315602740e-01
-3.792806983954151792e-03
1.090914974462166677e-03
-7.275132950687202699e-04
1.590671140454564536e-01
-3.256977797296648630e-02
3.215334836793327655e-01
-1.835261922483662905e-02
1.707442821110877087e-04
-2.937381989563987369e-02
-1.333858703231426690e-01
1.006272379135499384e-01
1.598233136327745496e-01
3.489437200553066522e-03
-2.222204187632452303e-03
-2.253976411927156431e-03
9.039119237012055788e-03
-6.714508586037637797e-03
-1.835261922483662905e-02
1.176974323241389425e-01
-8.967431527512341460e-02
-1.376356650432035422e-01
7.303987343118986675e-02
-1.052487892522804835e-01
-1.040559412142445100e-01
1.449275683841060383e-02
-1.306383732039036009e-02
-2.118995631978789693e-02
1.394925611329009751e-03
-9.495832813722179973e-04
1.707442821110877087e-04
-8.967431527512342848e-02
1.189579497698609184e-01
1.214296002541002811e-01
1.225389421325522726e-01
-1.183856035628946118e-01
-2.366208019755770275e-01
-2.105171992331273442e-03
3.292653314548684394e-03
9.341048665837270101e-03
1.882011613443677553e-02
-1.321293258825377223e-02
-2.937381989563987369e-02
-1.376356650432035422e-01
1.214296002541002811e-01
2.585439691253343386e-01
2.761817387602280016e-01
-1.062965154231544224e-01
1.393778076939221344e-02
-1.384688939199999261e-02
3.362841481912601498e-03
-4.269882679675411673e-04
-1.315804645862004851e-01
3.487146210621316911e-02
-1.408932999063543245e-01
-1.315323385677163726e-01
6.992937408070375171e-02
1.271952337094106045e-01
-1.062965154231544362e-01
9.564964992793746623e-02
6.173702428900113004e-02
-1.512919769008701058e-02
3.418533859436188871e-02
-7.218524725225608334e-03
3.873836359831051013e-02
-4.553076385663876180e-02
4.761650027561224741e-02
8.399551934427736122e-02
-8.556404199297946989e-02
-1.022504813154556241e-01
1.393778076939221344e-02
6.173702428900113004e-02
5.648228008146651824e-01
1.962478884330358213e-03
-7.218439840225616619e-03
-2.052649194036187258e-02
-1.822700757035149444e-01
4.835766980101737639e-02
-2.920055345501607613e-01
1.662756371301480907e-01
-1.031571926772541503e-01
-2.521106694873039844e-01
-1.384688939199999261e-02
-1.512919769008701058e-02
1.962478884330358213e-03
6.182429667936750750e-03
-1.772809396701703253e-04
6.749209508302256126e-05
4.067613576461326895e-03
7.745769694425314565e-03
-6.298478413502407811e-04
3.868447969155831660e-03
7.622026721936694948e-03
-1.304547743009594257e-03
3.362841481912601498e-03
3.418533859436188871e-02
-7.218439840225616619e-03
-1.772809396701703795e-04
-3.335308829043672624e-02
6.146534841628998637e-03
-1.226925185972900512e-03
1.973660713884856956e-03
-7.455508173744143435e-04
-1.899682053762196060e-03
-6.974582475358507335e-04
1.708324092519323580e-03
-4.269882679675411673e-04
-7.218524725225608334e-03
-2.052649194036187258e-02
6.749209508302256126e-05
6.146534841628998637e-03
1.400835802900001793e-02
3.059050841160322175e-03
1.233020402750911737e-02
3.375454672653824088e-03
-2.780166740920137023e-03
-1.112665053734215696e-02
6.215111696380022817e-03
-1.315804645862004851e-01
3.873836359831051013e-02
-1.822700757035149444e-01
4.067613576461326895e-03
-1.226925185972900512e-03
3.059050841160322175e-03
1.189341247235698867e-01
-3.868852311400682031e-02
1.598402849445711427e-01
8.816539394593855827e-03
1.043450931486735421e-03
1.903427756704656817e-02
3.487146210621316911e-02
-4.553076385663876180e-02
4.835766980101737639e-02
7.745769694425314565e-03
1.973660713884856956e-03
1.233020402750911737e-02
-3.868852311400682031e-02
4.309891227709673756e-02
-5.012365700196679680e-02
-3.847149945965165369e-03
8.675775943208093813e-04
-1.074739553398078133e-02
-1.408932999063543245e-01
4.761650027561224741e-02
-2.920055345501607613e-01
-6.298478413502407811e-04
-7.455508173744143435e-04
3.375454672653824088e-03
1.598402849445711427e-01
-5.012365700196679680e-02
3.186596698979987652e-01
-1.866977364818735163e-02
2.611906492325810538e-03
-2.995645948591467780e-02
-1.315323385677163726e-01
8.399551934427736122e-02
1.662756371301480907e-01
3.868447969155831660e-03
-1.899682053762196060e-03
-2.780166740920137023e-03
8.816539394593855827e-03
-3.847149945965165369e-03
-1.866977364818735163e-02
1.178247346438749121e-01
-7.821955471572566987e-02
-1.448555099533636037e-01
6.992937408070375171e-02
-8.556404199297946989e-02
-1.031571926772541503e-01
7.622026721936694948e-03
-6.974582475358507335e-04
-1.112665053734215696e-02
1.043450931486735421e-03
8.675775943208093813e-04
2.611906492325810538e-03
-7.821955471572566987e-02
8.693577137079147588e-02
1.112639588118347622e-01
1.271952337094106045e-01
-1.022504813154556241e-01
-2.521106694873039844e-01
-1.304547743009594257e-03
1.708324092519323580e-03
6.215111696380022817e-03
1.903427756704656817e-02
-1.074739553398078133e-02
-2.995645948591467780e-02
-1.448555099533636037e-01
1.112639588118347622e-01
2.760465069770000057e-01
