3.620042711940009705e-01
-2.035056333309921837e-06
-6.847439999999972806e-07
-3.852265882760004256e-01
7.135679999253042945e-07
1.423245000024903149e-06
-2.035056333309921837e-06
-2.024728676399998803e-02
-4.192847739176759590e-23
7.101749999253042323e-07
2.139619918500000953e-02
4.670535551556405875e-21
-6.847439999999972806e-07
-4.192847739176759590e-23
-2.024728676399998803e-02
1.416458000024902997e-06
4.669081038553113818e-21
2.146891525900001055e-02
-3.852265882760004256e-01
7.101749999253042323e-07
1.416458000024902997e-06
3.620042711940009705e-01
-2.035056333263109290e-06
6.847439999999972806e-07
7.135679999253042945e-07
2.139619918500000953e-02
4.669081038553113818e-21
-2.035056333263109290e-06
-2.024728676399998803e-02
1.257854321753027818e-22
1.423245000024903149e-06
4.670535551556405875e-21
2.146891525900001055e-02
6.847439999999972806e-07
1.257854321753027818e-22
-2.024728676399998803e-02
2.144145162600003332e-02
-3.873479999993010741e-07
-2.208086666666663419e-07
-4.758914611200002615e-02
2.130159999924575486e-07
4.314610000025141010e-07
-3.873479999993010741e-07
9.991423699333338779e-03
-1.352063134286639040e-23
2.020189999924575461e-07
-6.533540345999999492e-03
1.329580353971018550e-21
-2.208086666666663419e-07
-1.352063134286639040e-23
9.947017295333338352e-03
4.101340000025140848e-07
1.324989275585707278e-21
-6.512919015000000200e-03
-4.758914611200002615e-02
2.020189999924575461e-07
4.101340000025140848e-07
2.144145162600003332e-02
-3.873479999978988111e-07
2.208086666666663419e-07
2.130159999924575486e-07
-6.533540345999999492e-03
1.324989275585707278e-21
-3.873479999978988111e-07
9.991423699333338779e-03
4.056189402859916531e-23
4.314610000025141010e-07
1.329580353971018550e-21
-6.512919015000000200e-03
2.208086666666663419e-07
4.056189402859916531e-23
9.947017295333338352e-03
6.346189678633329390e-02
-1.248589999994904394e-06
-5.005659999999992957e-07
-8.462347730799998913e-02
4.629279999796096682e-07
9.312850000067913952e-07
-1.248589999994904394e-06
-1.976400099066666360e-02
-3.065082748309965622e-23
4.252839999796095993e-07
2.637393181600000344e-02
-6.373362593551006678e-21
-5.005659999999992957e-07
-3.065082748309965622e-23
-1.958613355566666062e-02
8.563360000067898153e-07
-6.389435531698712554e-21
2.626747833500000032e-02
-8.462347730799998913e-02
4.252839999796095993e-07
8.563360000067898153e-07
6.346189678633329390e-02
-1.248589999984712259e-06
5.005659999999992957e-07
4.629279999796096682e-07
2.637393181600000344e-02
-6.389435531698712554e-21
-1.248589999984712259e-06
-1.976400099066666360e-02
9.195248244929896280e-23
9.312850000067913952e-07
-6.373362593551006678e-21
2.626747833500000032e-02
5.005659999999992957e-07
9.195248244929896280e-23
-1.958613355566666062e-02
9.354418426000021825e-01
-5.720999999933079258e-06
-1.906999999999994405e-06
-8.862505878420008365e-01
1.906999999809110448e-06
3.751906000062891541e-06
-5.720999999933079258e-06
-1.572096509000003861e-01
-1.167700722986997835e-22
1.906999999809110448e-06
1.528818612090001583e-01
-7.282477928212393360e-19
-1.906999999999994405e-06
-1.167700722986997835e-22
-1.572096510000003666e-01
3.585652000062892810e-06
-7.282783331855820148e-19
1.409793234780000737e-01
-8.862505878420008365e-01
1.906999999809110448e-06
3.585652000062892810e-06
9.354418426000021825e-01
-5.720999999799268381e-06
1.906999999999994405e-06
1.906999999809110448e-06
1.528818612090001583e-01
-7.282783331855820148e-19
-5.720999999799268381e-06
-1.572096509000003861e-01
3.503102168960993504e-22
3.751906000062891541e-06
-7.282477928212393360e-19
1.409793234780000737e-01
1.906999999999994405e-06
3.503102168960993504e-22
-1.572096510000003666e-01
4.459023549999996394e-03
1.275089999982058325e-07
4.502466666666655275e-08
-2.592538800000002142e-03
-4.152799999433601611e-08
-8.387700000183404199e-08
1.275089999982058325e-07
3.376324253333330694e-02
2.756965695800486318e-24
-4.268199999433601440e-08
-3.342594563199997176e-02
5.393139736376737247e-20
4.502466666666655275e-08
2.756965695800486318e-24
3.387570791333330278e-02
-8.221200000183403337e-08
5.393163255718533791e-20
-3.254497012399999029e-02
-2.592538800000002142e-03
-4.268199999433601440e-08
-8.221200000183403337e-08
4.459023549999996394e-03
1.275089999946170862e-07
-4.502466666666655275e-08
-4.152799999433601611e-08
-3.342594563199997176e-02
5.393163255718533791e-20
1.275089999946170862e-07
3.376324253333330694e-02
-8.270897087401457485e-24
-8.387700000183404199e-08
5.393139736376737247e-20
-3.254497012399999029e-02
-4.502466666666655275e-08
-8.270897087401457485e-24
3.387570791333330278e-02
-6.117723366666684252e-03
1.770759999976107750e-07
6.001400000000010316e-08
8.233072749999995402e-03
-5.761399999257164242e-08
-1.066910000024563680e-07
1.770759999976107750e-07
3.290534150600001734e-02
3.674797650201469001e-24
-5.867999999257163357e-08
-3.220491484599998649e-02
1.967766781503362649e-20
6.001400000000010316e-08
3.674797650201469001e-24
3.315215172666666904e-02
-1.132970000024563677e-07
1.967638903884616568e-20
-3.188329274999999324e-02
8.233072749999995402e-03
-5.867999999257163357e-08
-1.132970000024563677e-07
-6.117723366666684252e-03
1.770759999928318416e-07
-6.001400000000010316e-08
-5.761399999257164242e-08
-3.220491484599998649e-02
1.967638903884616568e-20
1.770759999928318416e-07
3.290534150600001734e-02
-1.102439295060440627e-23
-1.066910000024563680e-07
1.967766781503362649e-20
-3.188329274999999324e-02
-6.001400000000010316e-08
-1.102439295060440627e-23
3.315215172666666904e-02
5.096944504223331895e-01
-2.891323333298776472e-06
-9.668519999999980488e-07
-4.979566055460002416e-01
8.592859999000078755e-07
1.713740000033363614e-06
-2.891323333298776472e-06
-5.443128989066690904e-02
-5.920261035246071784e-23
8.592859999000078755e-07
4.637587542399995710e-02
3.263442507171552745e-20
-9.668519999999980488e-07
-5.920261035246071784e-23
-5.468215162466691370e-02
1.713740000033363614e-06
3.263442507171568393e-20
4.690455409699996470e-02
-4.979566055460002416e-01
8.592859999000078755e-07
1.713740000033363614e-06
5.096944504223331895e-01
-2.891323333229691194e-06
9.668519999999980488e-07
8.592859999000078755e-07
4.637587542399995710e-02
3.263442507171568393e-20
-2.891323333229691194e-06
-5.443128989066690904e-02
1.776078310573821418e-22
1.713740000033363614e-06
3.263442507171552745e-20
4.690455409699996470e-02
9.668519999999980488e-07
1.776078310573821418e-22
-5.468215162466691370e-02
1.331534278010004513e-01
-6.271766666599400562e-07
-1.760433333333327703e-07
-1.483626950909998077e-01
2.192699999751175906e-07
4.250100000083287347e-07
-6.271766666599400562e-07
2.328956671000003559e-02
-1.077954523389482567e-23
2.166229999751175538e-07
-1.291081517300001272e-02
3.535435152917898055e-20
-1.760433333333327703e-07
-1.077954523389482567e-23
2.433658745233337542e-02
4.197150000083287922e-07
3.535321677145489476e-20
-1.233449320300000762e-02
-1.483626950909998077e-01
2.166229999751175538e-07
4.197150000083287922e-07
1.331534278010004513e-01
-6.271766666464856790e-07
1.760433333333327703e-07
2.192699999751175906e-07
-1.291081517300001272e-02
3.535321677145489476e-20
-6.271766666464856790e-07
2.328956671000003559e-02
3.233863570168447849e-23
4.250100000083287347e-07
3.535435152917898055e-20
-1.233449320300000762e-02
1.760433333333327703e-07
3.233863570168447849e-23
2.433658745233337542e-02
2.039370954566684449e-02
-2.943673333323507626e-07
-1.051636666666669366e-07
-8.348276489900012531e-02
7.292599998586107525e-08
1.497820000047224312e-07
-2.943673333323507626e-07
4.365063335000000586e-03
-6.439417388496643680e-24
5.400099998586104971e-08
-6.512611424999996748e-03
8.874910339958637422e-21
-1.051636666666669366e-07
-6.439417388496643680e-24
4.145583277999997582e-03
1.121170000047224178e-07
8.866832569671470374e-21
-6.368068484999997794e-03
-8.348276489900012531e-02
5.400099998586104971e-08
1.121170000047224178e-07
2.039370954566684449e-02
-2.943673333303878167e-07
1.051636666666669366e-07
7.292599998586107525e-08
-6.512611424999996748e-03
8.866832569671470374e-21
-2.943673333303878167e-07
4.365063335000000586e-03
1.931825216548992884e-23
1.497820000047224312e-07
8.874910339958637422e-21
-6.368068484999997794e-03
1.051636666666669366e-07
1.931825216548992884e-23
4.145583277999997582e-03
3.836991856573344073e-01
-2.078289333308601022e-06
-6.927506666666638852e-07
-3.508600293560004690e-01
6.943519999311089271e-07
1.388741000022952483e-06
-2.078289333308601022e-06
-2.012045765333331585e-02
-4.241874432702624613e-23
6.895479999311089855e-07
2.416354107300000900e-02
-1.143617988572236389e-20
-6.927506666666638852e-07
-4.241874432702624613e-23
-2.018387220866665194e-02
1.379134000022952627e-06
-1.143823882315358758e-20
2.397329740700000766e-02
-3.508600293560004690e-01
6.895479999311089855e-07
1.379134000022952627e-06
3.836991856573344073e-01
-2.078289333259147427e-06
6.927506666666638852e-07
6.943519999311089271e-07
2.416354107300000900e-02
-1.143823882315358758e-20
-2.078289333259147427e-06
-2.012045765333331585e-02
1.272562329810787325e-22
1.388741000022952483e-06
-1.143617988572236389e-20
2.397329740700000766e-02
6.927506666666638852e-07
1.272562329810787325e-22
-2.018387220866665194e-02
3.408514988233332654e-02
4.833333485810533640e-12
1.855000000000001060e-08
-3.289200703100000900e-02
3.406249999892028920e-08
7.798100000038125940e-08
4.833333485810533640e-12
3.159506892133339545e-02
1.135859906209170815e-24
2.448199999892028491e-08
-2.701446458599995881e-02
2.144546145124406359e-20
1.855000000000001060e-08
1.135859906209170815e-24
3.143905714733337409e-02
5.881400000038158149e-08
2.144135389403117182e-20
-2.666444308299996749e-02
-3.289200703100000900e-02
2.448199999892028491e-08
5.881400000038158149e-08
3.408514988233332654e-02
4.833333790757501199e-12
-1.855000000000001060e-08
3.406249999892028920e-08
-2.701446458599995881e-02
2.144135389403117182e-20
4.833333790757501199e-12
3.159506892133339545e-02
-3.407579718627511893e-24
7.798100000038125940e-08
2.144546145124406359e-20
-2.666444308299996749e-02
-1.855000000000001060e-08
-3.407579718627511893e-24
3.143905714733337409e-02
1.271147460466665567e-02
1.188368333322400150e-07
5.278750000000024686e-08
-6.288467037999996220e-03
1.887500003710811582e-09
1.608099999879803067e-08
1.188368333322400150e-07
3.055958863866666333e-02
3.232302145499560661e-24
-2.679999962891822157e-10
-2.648943232999997205e-02
3.483100343445090963e-20
5.278750000000024686e-08
3.232302145499560661e-24
3.051583595066665114e-02
1.176999999879795653e-08
3.483007953028965638e-20
-2.592064738699997872e-02
-6.288467037999996220e-03
-2.679999962891822157e-10
1.176999999879795653e-08
1.271147460466665567e-02
1.188368333300542465e-07
-5.278750000000024686e-08
1.887500003710811582e-09
-2.648943232999997205e-02
3.483007953028965638e-20
1.188368333300542465e-07
3.055958863866666333e-02
-9.696906436498680881e-24
1.608099999879803067e-08
3.483100343445090963e-20
-2.592064738699997872e-02
-5.278750000000024686e-08
-9.696906436498680881e-24
3.051583595066665114e-02
9.354418426000021825e-01
-5.720999999933079258e-06
-1.906999999999994405e-06
-7.865570809180006950e-01
1.906999999831397155e-06
3.751906000055766300e-06
-5.720999999933079258e-06
-1.572096509000003861e-01
-1.167700722986997835e-22
1.683260999831398331e-06
1.312536081020000411e-01
-4.246644562001889041e-19
-1.906999999999994405e-06
-1.167700722986997835e-22
-1.572096510000003666e-01
3.213849666722436097e-06
-4.247769956076553697e-19
1.243087387660000293e-01
-7.865570809180006950e-01
1.683260999831398331e-06
3.213849666722436097e-06
9.354418426000021825e-01
-5.720999999799268381e-06
1.906999999999994405e-06
1.906999999831397155e-06
1.312536081020000411e-01
-4.247769956076553697e-19
-5.720999999799268381e-06
-1.572096509000003861e-01
3.503102168960993504e-22
3.751906000055766300e-06
-4.246644562001889041e-19
1.243087387660000293e-01
1.906999999999994405e-06
3.503102168960993504e-22
-1.572096510000003666e-01
1.589599257723338654e-01
-5.776656666582568968e-07
-1.892516666666660019e-07
-2.163492757390003129e-01
1.765249999623227577e-07
3.915283333458592231e-07
-5.776656666582568968e-07
2.161569134633335373e-02
-1.158832239083171792e-23
1.909369999623227149e-07
-1.124479491099999832e-02
-3.260488469270846231e-20
-1.892516666666660019e-07
-1.158832239083171792e-23
2.034197530266667123e-02
5.017663333458591810e-07
-3.258375182014836815e-20
-1.177825673499999400e-02
-2.163492757390003129e-01
1.909369999623227149e-07
5.017663333458591810e-07
1.589599257723338654e-01
-5.776656666414370459e-07
1.892516666666660019e-07
1.765249999623227577e-07
-1.124479491099999832e-02
-3.258375182014836815e-20
-5.776656666414370459e-07
2.161569134633335373e-02
3.476496717249515230e-23
3.915283333458592231e-07
-3.260488469270846231e-20
-1.177825673499999400e-02
1.892516666666660019e-07
3.476496717249515230e-23
2.034197530266667123e-02
2.467964732166666106e-02
3.821999999952517926e-08
2.950299999999994330e-08
-1.725658760499996711e-02
-2.712899999723354831e-08
-5.902900000092401240e-08
3.821999999952517926e-08
3.243334367000015594e-02
1.806537725762214630e-24
-2.828099999723356087e-08
-3.231656254799997879e-02
-1.821442534561642183e-21
2.950299999999994330e-08
1.806537725762214630e-24
3.242851802266682321e-02
-6.370733333425735222e-08
-1.822372470108553440e-21
-3.234616015599998951e-02
-1.725658760499996711e-02
-2.828099999723356087e-08
-6.370733333425735222e-08
2.467964732166666106e-02
3.821999999857562223e-08
-2.950299999999994330e-08
-2.712899999723354831e-08
-3.231656254799997879e-02
-1.822372470108553440e-21
3.821999999857562223e-08
3.243334367000015594e-02
-5.419613177286643522e-24
-5.902900000092401240e-08
-1.821442534561642183e-21
-3.234616015599998951e-02
-2.950299999999994330e-08
-5.419613177286643522e-24
3.242851802266682321e-02
9.062468184980038144e-01
-5.033034235092128936e-06
1.583358499998611683e-06
-1.073772486027000372e+00
1.701253999807310932e-06
3.342441000064178031e-06
-5.033034235092128936e-06
4.658367055799408213e-02
-2.452313626234181495e-12
1.788651999807310666e-06
-2.483819580599996510e-02
-1.340909139167942553e-12
1.583358499998611683e-06
-2.452313626234181495e-12
4.628098527916685995e-02
3.518550000064178381e-06
-2.500000482211494797e-13
-2.563456133599996412e-02
-1.073772486027000372e+00
1.788651999807310666e-06
3.518550000064178381e-06
9.062468184980742025e-01
-4.985604232210216916e-06
-1.569373499998615069e-06
1.701253999807310932e-06
-2.483819580599996510e-02
-2.500000482211494797e-13
-4.985604232210216916e-06
4.658367509959038949e-02
2.441939549590863197e-12
3.342441000064178031e-06
-1.340909139167942553e-12
-2.563456133599996412e-02
-1.569373499998615069e-06
2.441939549590863197e-12
4.652520755516686285e-02
3.950766152386548935e-01
1.959751154283314234e-04
-5.114343893572367879e-07
-4.556136829879998129e-01
6.602799999278978362e-07
1.144507000023810512e-06
1.959751154283314234e-04
9.593875127301060290e-02
-3.364133319709863967e-10
6.284149999278976763e-07
-6.310638431300009954e-02
-1.367171941640296074e-12
-5.114343893572367879e-07
-3.364133319709863967e-10
9.498597223116622690e-02
1.083009000023808912e-06
-2.500002244818270574e-13
-6.677503950800010857e-02
-4.556136829879998129e-01
6.284149999278976763e-07
1.083009000023808912e-06
3.950766152386548935e-01
1.959751154283016078e-04
5.114343893572367879e-07
6.602799999278978362e-07
-6.310638431300009954e-02
-2.500002244818270574e-13
1.959751154283015807e-04
9.593875127301060290e-02
3.364133319709354217e-10
1.144507000023810512e-06
-1.367171941640296074e-12
-6.677503950800010857e-02
5.114343893572367879e-07
3.364133319709354217e-10
9.498597223116622690e-02
-1.329366691884267537e-01
3.333551596390638368e-07
1.698783333332331090e-07
1.235916620079998418e-01
-3.039849999695413622e-07
-5.992505000103707900e-07
3.333551596390638368e-07
3.939458732476013719e-02
1.844261897412276420e-13
-3.102629999695413870e-07
-4.221656895500001255e-02
-1.083838601977901485e-12
1.698783333332331090e-07
1.844261897412276420e-13
3.987429333116659924e-02
-6.195240000103708424e-07
-2.181436261481873870e-19
-4.577757013999999430e-02
1.235916620079998418e-01
-3.102629999695413870e-07
-6.195240000103708424e-07
-1.329369826960759560e-01
3.253351387136025657e-07
-1.698783333332331090e-07
-3.039849999695413622e-07
-4.221656895500001255e-02
-2.181436261481873870e-19
3.253351387136025128e-07
3.939460004140937777e-02
-1.844261898374728628e-13
-5.992505000103707900e-07
-1.083838601977901485e-12
-4.577757013999999430e-02
-1.698783333332331090e-07
-1.844261898374728628e-13
3.987430346216658955e-02
-8.879285152190834196e-02
1.084273416833168564e-06
3.552579999999124021e-07
9.159876226900008633e-02
3.379800000203244096e-07
6.946079999932992234e-07
1.084273416833168564e-06
2.083389312740881183e-02
2.492569818658532976e-13
3.681630000203245681e-07
-1.904266392800000110e-02
-1.083838308944664020e-12
3.552579999999124021e-07
2.492569818658532976e-13
2.094793985816676557e-02
7.827969999932989817e-07
-1.666665917548984109e-13
-1.782127232100000694e-02
9.159876226900008633e-02
3.681630000203245681e-07
7.827969999932989817e-07
-8.880043206586529791e-02
2.478709994945013613e-06
-7.664169999998146320e-07
3.379800000203244096e-07
-1.904266392800000110e-02
-1.666665917548984109e-13
2.478709994945013189e-06
2.083404027936562597e-02
-5.377353590436022204e-13
6.946079999932992234e-07
-1.083838308944664020e-12
-1.782127232100000694e-02
-7.664169999998146320e-07
-5.377353590436022204e-13
2.094808906016675659e-02
-7.779439090654738376e-02
2.544990376064597712e-06
7.732039999999833436e-07
4.420639924900010564e-02
2.339630000096872399e-07
4.774729999968042275e-07
2.544990376064598135e-06
1.752535600604767860e-02
1.585479934537361749e-13
2.386000000096872304e-07
-8.528368424100018705e-03
-1.492929259502498964e-12
7.732039999999833436e-07
1.585479934537361749e-13
1.725175411316671320e-02
4.774729999968043333e-07
-7.666666332395892726e-13
-7.983661275100020424e-03
4.420639924900010564e-02
2.386000000096872304e-07
4.774729999968043333e-07
-7.780079491318160623e-02
4.091207031557097475e-06
-1.198347999999971073e-06
2.339630000096872399e-07
-8.528368424100018705e-03
-7.666666332395892726e-13
4.091207031557097475e-06
1.752550860668181457e-02
-2.457251532380170177e-13
4.774729999968042275e-07
-1.492929259502498964e-12
-7.983661275100020424e-03
-1.198347999999971073e-06
-2.457251532380170177e-13
1.725189410516671587e-02
3.146578289158307840e+00
-1.803697366604774241e-05
5.911966666666668605e-06
-3.136728678705993811e+00
5.766100999383963073e-06
1.154046100020535876e-05
-1.803697366604774241e-05
-2.229278241189996956e-01
-8.111111111002527709e-11
5.856329999383961968e-06
2.168444769269996242e-01
8.901317643855540743e-21
5.911966666666668605e-06
-8.111111111002527709e-11
-2.229669188119997036e-01
1.171285600020535696e-05
8.938511024397689440e-21
2.169610814229996354e-01
-3.136728678705993811e+00
5.856329999383961968e-06
1.171285600020535696e-05
3.146578289158307840e+00
-1.803697366646038976e-05
-5.911966666666668605e-06
5.766100999383963073e-06
2.168444769269996242e-01
8.938511024397689440e-21
-1.803697366646038976e-05
-2.229278241189996956e-01
8.111111111074927985e-11
1.154046100020535876e-05
8.901317643855540743e-21
2.169610814229996354e-01
-5.911966666666668605e-06
8.111111111074927985e-11
-2.229669188119997036e-01
8.668657921570610547e-01
-2.115053066731934810e-05
1.531867360986776096e-06
-9.593795912830006545e-01
1.473787999834918217e-06
2.897794000054854980e-06
-2.115053066731934810e-05
6.400238725043730370e-02
-1.681716932402487032e-10
1.440772999834918500e-06
-6.071982118600005585e-02
-1.729663244110829990e-19
1.531867360986776096e-06
-1.681716932402487032e-10
6.578756876950007937e-02
2.831762000054854644e-06
-1.729804758784025571e-19
-6.355182823900004663e-02
-9.593795912830006545e-01
1.440772999834918500e-06
2.831762000054854644e-06
8.668657921570603886e-01
-2.115102166817602007e-05
-1.531906694320109245e-06
1.473787999834918217e-06
-6.071982118600005585e-02
-1.729804758784025571e-19
-2.115102166817602007e-05
6.400238670877135549e-02
1.681717224185960138e-10
2.897794000054854980e-06
-1.729663244110829990e-19
-6.355182823900004663e-02
-1.531906694320109245e-06
1.681717224185960138e-10
6.578756186683341889e-02
-1.281734477794853888e-01
1.147189264214033600e-06
3.763192776872748525e-07
1.410821649940000866e-01
-3.787635999581059300e-07
-7.641888000140332750e-07
1.147189264214033388e-06
8.639515432831847142e-02
1.044729756501229584e-10
-3.794754666247725322e-07
-8.698184348600004889e-02
-6.801094319372892470e-20
3.763192776872748525e-07
1.044729756501229584e-10
8.589244117366626186e-02
-7.630492000140333275e-07
-6.801077744186719845e-20
-8.809063338700004464e-02
1.410821649940000866e-01
-3.794754666247725322e-07
-7.630492000140333275e-07
-1.282052188794847725e-01
1.146774359781001251e-06
-3.762179443539416337e-07
-3.787635999581059300e-07
-8.698184348600004889e-02
-6.801077744186719845e-20
1.146774359781001251e-06
8.639515432831777753e-02
-1.044728874456788473e-10
-7.641888000140332750e-07
-6.801094319372892470e-20
-8.809063338700004464e-02
-3.762179443539416337e-07
-1.044728874456788473e-10
8.589243427099960138e-02
-1.472682522434519969e-01
1.202396436314183481e-06
3.571964999785347078e-07
1.477611331420000118e-01
-3.948731332938295066e-07
-7.934566666797869686e-07
1.202396436314183693e-06
6.475324860645223501e-02
6.759332900624678897e-11
-3.955363332938295810e-07
-6.728998506400005186e-02
4.697789033281047335e-20
3.571964999785347078e-07
6.759332900624678897e-11
6.404799333149978346e-02
-7.921820000131203742e-07
4.697808387599146547e-20
-6.652079305900004957e-02
1.477611331420000118e-01
-3.955363332938295810e-07
-7.921820000131203742e-07
-1.472682174517842280e-01
1.200561814110559784e-06
-3.571553888674238383e-07
-3.948731332938295066e-07
-6.728998506400005186e-02
4.697808387599146547e-20
1.200561814110559784e-06
6.475321028245104027e-02
-6.759331506151193254e-11
-7.934566666797869686e-07
4.697789033281047335e-20
-6.652079305900004957e-02
-3.571553888674238383e-07
-6.759331506151193254e-11
6.404793700749980556e-02
-7.739636724536093360e-02
7.329720865536018628e-07
2.470306666519907895e-07
8.717312432599993999e-02
-4.497819999809866486e-07
-9.154670000063714888e-07
7.329720865536018628e-07
1.655556067469407880e-02
2.192356340959220517e-11
-4.338759999809866119e-07
-1.633193989799999746e-02
-3.332552828536792281e-20
2.470306666519907895e-07
2.192356340959220517e-11
1.606110338716668431e-02
-8.836550000063714154e-07
-3.331871055417231656e-20
-1.687387455200000524e-02
8.717312432599993999e-02
-4.338759999809866119e-07
-8.836550000063714154e-07
-7.740751944538665219e-02
7.521654898710183124e-07
-2.541916666519899363e-07
-4.497819999809866486e-07
-1.633193989799999746e-02
-3.331871055417231656e-20
7.521654898710183124e-07
1.655484382438658295e-02
-2.192837533959099470e-11
-9.154670000063714888e-07
-3.332552828536792281e-20
-1.687387455200000524e-02
-2.541916666519899363e-07
-2.192837533959099470e-11
1.606039815916670416e-02
1.904160440664672826e+00
-3.963441654094308883e-05
3.453408083276184449e-06
-1.846643509512998937e+00
3.593942999651662501e-06
7.435352500116175712e-06
-3.963441654094308205e-05
-8.083528377584325852e-02
-2.531142338723463539e-10
3.536549999651662406e-06
4.962340648500004892e-02
-1.459090903192721628e-11
3.453408083276184449e-06
-2.531142338723463539e-10
-8.223390846499978313e-02
7.320133500116176061e-06
-9.833333274376132079e-12
5.056788422150005485e-02
-1.846643509512998937e+00
3.536549999651662406e-06
7.320133500116176061e-06
1.904160440664677267e+00
-3.962493054118618505e-05
-3.453244749942851265e-06
3.593942999651662501e-06
4.962340648500004892e-02
-9.833333274376132079e-12
-3.962493054118617828e-05
-8.083528377584753288e-02
2.531141969390837620e-10
7.435352500116175712e-06
-1.459090903192721628e-11
5.056788422150005485e-02
-3.453244749942851265e-06
2.531141969390837620e-10
-8.223390846499978313e-02
1.260972753636312005e+00
-5.552526839336800377e-05
1.953648749742051620e-06
-1.119272044563001112e+00
2.252115999796914131e-06
4.626732000067780563e-06
-5.552526839336801055e-05
9.008629137355015151e-03
-3.484492172758182342e-10
2.252115999796914131e-06
-1.374150492050000942e-02
-7.090909001401560968e-12
1.953648749742051620e-06
-3.484492172758182342e-10
7.667371424833279749e-03
4.625523000067780860e-06
-3.333333243826025036e-12
-1.229136409200001084e-02
-1.119272044563001112e+00
2.252115999796914131e-06
4.625523000067780860e-06
1.260972752656993601e+00
-5.551527839335084537e-05
-1.950688416408719368e-06
2.252115999796914131e-06
-1.374150492050000942e-02
-3.333333243826025036e-12
-5.551527839335085215e-05
9.008629137340195409e-03
3.484470213006973444e-10
4.626732000067780563e-06
-7.090909001401560968e-12
-1.229136409200001084e-02
-1.950688416408719368e-06
3.484470213006973444e-10
7.667371424833279749e-03
6.021971166436878437e-02
-4.157919439513623513e-05
8.117074957567507223e-08
-6.907630846200001062e-02
1.992120000076254644e-07
3.887584999974082975e-07
-4.157919439513623513e-05
1.076534308831312708e-01
2.854540184739416234e-10
1.861500000076255292e-07
-1.105888660199999957e-01
-7.121212614351078749e-13
8.117074957567507223e-08
2.854540184739416234e-10
1.090294019274999221e-01
3.654339999974084648e-07
-4.931898012029188241e-20
-1.113952031789999658e-01
-6.907630846200001062e-02
1.861500000076255292e-07
3.654339999974084648e-07
6.021971088432596236e-02
-4.145269872962463123e-05
-1.209820829089642615e-07
1.992120000076254644e-07
-1.105888660199999957e-01
-4.931898012029188241e-20
-4.145269872962463123e-05
1.076534308835074144e-01
-2.855132101947616492e-10
3.887584999974082975e-07
-7.121212614351078749e-13
-1.113952031789999658e-01
-1.209820829089642615e-07
-2.855132101947616492e-10
1.090294019274999221e-01
-6.369412744436496465e-02
-1.904800734126187362e-05
2.835549998424401725e-07
5.930668897000007656e-02
-8.206449997050952893e-08
-2.559455000098544281e-07
-1.904800734126187362e-05
1.004064689323653087e-01
1.589479927668197523e-10
-1.002569999705095246e-07
-1.012320409960000278e-01
-7.121212363596367173e-13
2.835549998424401725e-07
1.589479927668197523e-10
9.976431665999975495e-02
-2.847770000098544438e-07
-2.424483469606052076e-20
-1.016272169280000165e-01
5.930668897000007656e-02
-1.002569999705095246e-07
-2.847770000098544438e-07
-6.369412949359282150e-02
-1.893317231646053541e-05
-3.373008331757469887e-07
-8.206449997050952893e-08
-1.012320409960000278e-01
-2.424483469606052076e-20
-1.893317231646053880e-05
1.004064689325931820e-01
-1.590013160728989918e-10
-2.559455000098544281e-07
-7.121212363596367173e-13
-1.016272169280000165e-01
-3.373008331757469887e-07
-1.590013160728989918e-10
9.976431665999975495e-02
-1.014587481213332087e-01
5.734266666588358281e-07
1.602539166666667175e-07
1.001241641699999879e-01
-2.647044999768455070e-07
-5.116390000077209367e-07
5.734266666588358281e-07
2.641109904150000173e-02
5.533333333334302319e-11
-2.668364999768454893e-07
-2.592261211399996337e-02
-7.121212151420451608e-13
1.602539166666667175e-07
5.533333333334302319e-11
2.760751349366668758e-02
-5.104770000077209425e-07
-3.020749952477469386e-21
-2.597067797800000147e-02
1.001241641699999879e-01
-2.668364999768454893e-07
-5.104770000077209425e-07
-1.014591833179997321e-01
5.839089999765089881e-07
-1.554939166666669581e-07
-2.647044999768455070e-07
-2.592261211399996337e-02
-3.020749952477469386e-21
5.839089999765089881e-07
2.641117024749993838e-02
-5.533333333336177692e-11
-5.116390000077209367e-07
-7.121212151420451608e-13
-2.597067797800000147e-02
-1.554939166666669581e-07
-5.533333333336177692e-11
2.760757441866668743e-02
3.115661871707308794e+00
-1.809833933271991105e-05
5.933211333333335132e-06
-3.136728678705993811e+00
5.732334999384541690e-06
1.153015200020511633e-05
-1.809833933271991105e-05
-2.238890094163331068e-01
-8.377777777668805714e-11
5.787853999384541725e-06
2.136936393349996577e-01
-4.004705196310855705e-20
5.933211333333335132e-06
-8.377777777668805714e-11
-2.239265011323330612e-01
1.157590100020511561e-05
-4.003524844986478487e-20
2.130108187419996468e-01
-3.136728678705993811e+00
5.787853999384541725e-06
1.157590100020511561e-05
3.115661871707308794e+00
-1.809833933312888905e-05
-5.933211333333335132e-06
5.732334999384541690e-06
2.136936393349996577e-01
-4.003524844986478487e-20
-1.809833933312888905e-05
-2.238890094163331068e-01
8.377777777741467069e-11
1.153015200020511633e-05
-4.004705196310855705e-20
2.130108187419996468e-01
-5.933211333333335132e-06
8.377777777741467069e-11
-2.239265011323330612e-01
9.988635903387974579e-01
-1.666069288266293014e-05
1.606297499914745513e-06
-8.138981167590003674e-01
1.356658999862414531e-06
2.713411000045574843e-06
-1.666069288266293014e-05
6.227253376286926573e-02
-1.155147843292920257e-10
1.331717999862414705e-06
-6.491628461200005251e-02
-2.886939856819476904e-19
1.606297499914745513e-06
-1.155147843292920257e-10
6.470188372483337558e-02
2.663527000045575559e-06
-2.887046764198772844e-19
-6.963782370700002944e-02
-8.138981167590003674e-01
1.331717999862414705e-06
2.663527000045575559e-06
9.988635903388251025e-01
-1.664206621738838836e-05
-1.600703499914746952e-06
1.356658999862414531e-06
-6.491628461200005251e-02
-2.887046764198772844e-19
-1.664206621738839175e-05
6.227253260150829306e-02
1.155106346991859299e-10
2.713411000045574843e-06
-2.886939856819476904e-19
-6.963782370700002944e-02
-1.600703499914746952e-06
1.155106346991859299e-10
6.470188232316670396e-02
-1.267965657666580981e-01
1.152139529697496564e-06
3.529077221447820679e-07
1.309158598149999797e-01
-3.780852999608929819e-07
-7.656716000131831483e-07
1.152139529697496776e-06
8.443357006465788961e-02
8.940720821890407758e-11
-3.787427999608929731e-07
-8.197580877600006699e-02
-1.472466528101872102e-19
3.529077221447820679e-07
8.940720821890407758e-11
8.252367748649963586e-02
-7.638112666798497084e-07
-1.472463513327607170e-19
-8.437861083500004800e-02
1.309158598149999797e-01
-3.787427999608929731e-07
-7.638112666798497084e-07
-1.267965423916577739e-01
1.151976045355398901e-06
-3.529077221447821208e-07
-3.780852999608929819e-07
-8.197580877600006699e-02
-1.472463513327607170e-19
1.151976045355398901e-06
8.443356658065760689e-02
-8.940720795322427601e-11
-7.656716000131831483e-07
-1.472466528101872102e-19
-8.437861083500004800e-02
-3.529077221447821208e-07
-8.940720795322427601e-11
8.271218700583297945e-02
-1.499033534801370304e-01
1.231596571659607366e-06
3.631733055395782650e-07
1.424595596259999597e-01
-3.945733332959023169e-07
-7.934566666791939397e-07
1.231596571659607577e-06
6.080154210263738479e-02
5.032755190127650876e-11
-3.944373332959023215e-07
-6.130747899600006573e-02
-5.105070715307099263e-20
3.631733055395782650e-07
5.032755190127650876e-11
6.026381653033321961e-02
-7.914990000125272325e-07
-5.105033920793975637e-20
-6.213921438100004913e-02
1.424595596259999597e-01
-3.944373332959023215e-07
-7.914990000125272325e-07
-1.499033099901360688e-01
1.229949770297335019e-06
-3.629706388729117215e-07
-3.945733332959023169e-07
-6.130747899600006573e-02
-5.105033920793975637e-20
1.229949770297334808e-06
6.080154159663633123e-02
-5.032748659356772614e-11
-7.934566666791939397e-07
-5.105070715307099263e-20
-6.213921438100004913e-02
-3.629706388729117215e-07
-5.032748659356772614e-11
6.037351602949986989e-02
-6.223239852661620330e-02
1.901123494300903572e-06
7.920071666638725008e-07
7.515428178600014331e-02
1.891463333500884137e-07
3.794579999944151235e-07
1.901123494300903572e-06
1.797524996094965188e-02
1.370785818935157623e-11
1.931783333500883799e-07
-1.605622661100001430e-02
5.744381343957120222e-23
7.920071666638725008e-07
1.370785818935157623e-11
1.893982056350004828e-02
3.794579999944151235e-07
5.769070223419745861e-23
-1.605623367800002380e-02
7.515428178600014331e-02
1.931783333500883799e-07
3.794579999944151235e-07
-6.223849758059919746e-02
3.485284212519773527e-06
-1.180790166663861325e-06
1.891463333500884137e-07
-1.605622661100001430e-02
5.769070223419745861e-23
3.485284212519773527e-06
1.797540165326603698e-02
-1.378757940788663739e-11
3.794579999944151235e-07
5.744381343957120222e-23
-1.605623367800002380e-02
-1.180790166663861325e-06
-1.378757940788663739e-11
1.893996055550004748e-02
3.280407715455749162e+00
-1.885697203711261572e-05
6.190067999995997979e-06
-2.975805795525998221e+00
6.135742999402538210e-06
1.218025300019918049e-05
-1.885697203711261572e-05
-2.735214334727498753e-01
-5.823491610978537195e-11
7.047728999402539849e-06
2.766231257189996628e-01
-3.566666662204084739e-11
6.190067999995997979e-06
-5.823491610978537195e-11
-2.734328061891671546e-01
1.361952700019918605e-05
-4.399999995505395550e-11
2.773224278669996767e-01
-2.975805795525998221e+00
7.047728999402539849e-06
1.361952700019918605e-05
3.280407715455749162e+00
-1.885697203741965838e-05
-6.190067999995997979e-06
6.135742999402538210e-06
2.766231257189996628e-01
-4.399999995505395550e-11
-1.885697203741966177e-05
-2.735214316137499213e-01
5.823491611054343128e-11
1.218025300019918049e-05
-3.566666662204084739e-11
2.773224278669996767e-01
-6.190067999995997979e-06
5.823491611054343128e-11
-2.734328012971671273e-01
-5.506866516119368615e-02
6.937989303187294605e-07
2.209736665416882735e-07
4.775857114200004333e-02
-2.359909999730661112e-07
-5.013710000092056832e-07
6.937989303187294605e-07
9.756107571269333201e-02
1.260778225494553572e-10
-2.365739999730660576e-07
-9.886388904000002753e-02
-3.888891160584632057e-13
2.209736665416882735e-07
1.260778225494553572e-10
1.012339975921664192e-01
-5.032570000092055453e-07
-2.271699563495868077e-19
-1.025725821910000446e-01
4.775857114200004333e-02
-2.365739999730660576e-07
-5.032570000092055453e-07
-5.506905402255815596e-02
7.096480008910138653e-07
-2.209216665416882940e-07
-2.359909999730661112e-07
-9.886388904000002753e-02
-2.271699563495868077e-19
7.096480008910138653e-07
9.727338282155786886e-02
-1.260777709220781436e-10
-5.013710000092056832e-07
-3.888891160584632057e-13
-1.025725821910000446e-01
-2.209216665416882940e-07
-1.260777709220781436e-10
1.011875848888330737e-01
-1.243475864347133031e-01
8.011905513144659347e-07
2.972816665573552306e-07
1.198235590999999489e-01
-3.644279999621239019e-07
-7.434850000126585534e-07
8.011905513144660406e-07
8.368817644054706018e-02
1.261165203867333875e-10
-3.667449999621238558e-07
-8.636476526299995127e-02
-3.888889222573638904e-13
2.972816665573552306e-07
1.261165203867333875e-10
8.775741584800009210e-02
-7.504170000126585787e-07
-3.336989019718245364e-20
-8.690785010399995625e-02
1.198235590999999489e-01
-3.667449999621238558e-07
-7.504170000126585787e-07
-1.243477973910575296e-01
8.073790780508074827e-07
-2.975296665573552471e-07
-3.644279999621239019e-07
-8.636476526299995127e-02
-3.336989019718245364e-20
8.073790780508073768e-07
8.391292606689131073e-02
-1.261167353383506125e-10
-7.434850000126585534e-07
-3.888889222573638904e-13
-8.690785010399995625e-02
-2.975296665573552471e-07
-1.261167353383506125e-10
8.771100314466676040e-02
-1.340910539967082038e-01
5.376514115753312310e-07
2.232626666372559584e-07
1.372644237139997725e-01
-3.251859999652879125e-07
-6.540200000111372418e-07
5.376514115753312310e-07
4.210444540704161298e-02
2.721207916237665964e-11
-3.286839999652879614e-07
-5.169948610199998074e-02
-3.888884551533935649e-13
2.232626666372559584e-07
2.721207916237665964e-11
4.279316425233323229e-02
-6.564450000111372652e-07
4.337348357223116857e-19
-4.461441453499999377e-02
1.372644237139997725e-01
-3.286839999652879614e-07
-6.564450000111372652e-07
-1.340910620456070290e-01
6.448755162426205984e-07
-2.658013333038975569e-07
-3.251859999652879125e-07
-5.169948610199998074e-02
4.337348357223116857e-19
6.448755162426204926e-07
4.159496245094048555e-02
-2.725826070937943874e-11
-6.540200000111372418e-07
-3.888884551533935649e-13
-4.461441453499999377e-02
-2.658013333038975569e-07
-2.725826070937943874e-11
4.226072464766656572e-02
-1.016881405973331653e-01
4.873763333256012646e-07
1.680423333333333063e-07
1.030519479219999673e-01
-2.486469999764023665e-07
-5.054900000078488277e-07
4.873763333256012646e-07
2.456809225550001669e-02
2.696969696970729328e-11
-2.507789999764023488e-07
-2.540706032599997222e-02
-3.888888721915725591e-13
1.680423333333333063e-07
2.696969696970729328e-11
2.445463249116669804e-02
-5.043250000078488567e-07
1.669739987899891154e-20
-2.513310676400000096e-02
1.030519479219999673e-01
-2.507789999764023488e-07
-5.043250000078488567e-07
-1.016883650183330878e-01
5.005379999767991374e-07
-1.675246666666669085e-07
-2.486469999764023665e-07
-2.540706032599997222e-02
1.669739987899891154e-20
5.005379999767991374e-07
2.460770893183326230e-02
-2.696969696972777893e-11
-5.054900000078488277e-07
-3.888888721915725591e-13
-2.513310676400000096e-02
-1.675246666666669085e-07
-2.696969696972777893e-11
2.445472161116669929e-02
1.007095222780295396e+00
-5.056009891480780927e-06
1.679518500726893770e-06
-9.294392206140008605e-01
1.828822999818922743e-06
3.555229000060343922e-06
-5.056009891480780927e-06
-3.252397595113070555e-02
1.983282733208913102e-08
2.295755999818921462e-06
5.629692663399994690e-02
1.083856426235212881e-08
1.679518500726893770e-06
1.983282733208913102e-08
-3.242251174649992546e-02
4.654551000060345592e-06
1.162155674601248645e-08
5.597038316299998012e-02
-9.294392206140008605e-01
2.295755999818921462e-06
4.654551000060345592e-06
1.007095222780295396e+00
-5.056009891618702455e-06
-1.679518500726893770e-06
1.828822999818922743e-06
5.629692663399994690e-02
1.162155674601248645e-08
-5.056009891618702455e-06
-3.252397624046404062e-02
-1.983282733208892588e-08
3.555229000060343922e-06
1.083856426235212881e-08
5.597038316299998012e-02
-1.679518500726893770e-06
-1.983282733208892588e-08
-3.242251218049992112e-02
5.190832199179036266e-01
-2.530623545290123747e-06
8.312951695007498223e-07
-4.437604478739993197e-01
1.017408999919742598e-06
1.932318000026736786e-06
-2.530623545290123747e-06
2.443082582209847933e-02
1.846753909411218530e-08
1.302632999919742452e-06
-6.856546859000009833e-03
7.701087927577027522e-09
8.312951695007498223e-07
1.846753909411218530e-08
2.383796915099998387e-02
2.660621000026738222e-06
8.482048412680309861e-09
-7.159075502999992340e-03
-4.437604478739993197e-01
1.302632999919742452e-06
2.660621000026738222e-06
5.190832199179035156e-01
-2.530623545240866240e-06
-8.312951695007497164e-07
1.017408999919742598e-06
-6.856546859000009833e-03
8.482048412680309861e-09
-2.530623545240866240e-06
2.443082582209847933e-02
-1.846753909411226471e-08
1.932318000026736786e-06
7.701087927577027522e-09
-7.159075502999992340e-03
-8.312951695007497164e-07
-1.846753909411226471e-08
2.383796900633331634e-02
-8.935947010183357964e-02
6.876782777701207386e-07
2.299707222222223089e-07
9.494086548199991149e-02
-2.252346666423417422e-07
-4.592880000080590715e-07
6.876782777701207386e-07
3.572527329333338719e-02
-4.507499999999982625e-09
-2.251366666423417634e-07
-3.747646925300000820e-02
3.818880243661204979e-09
2.299707222222223089e-07
-4.507499999999982625e-09
3.724933907100010794e-02
-4.580716666747257795e-07
2.425990452896410917e-09
-3.668151157699998943e-02
9.494086548199991149e-02
-2.251366666423417634e-07
-4.580716666747257795e-07
-8.935947010183357964e-02
6.876782777548023595e-07
-2.299707222222223089e-07
-2.252346666423417422e-07
-3.747646925300000820e-02
2.425990452896410917e-09
6.876782777548023595e-07
3.572527040000005039e-02
4.507499999999954501e-09
-4.592880000080590715e-07
3.818880243661204979e-09
-3.668151157699998943e-02
-2.299707222222223089e-07
4.507499999999954501e-09
3.724933820300010273e-02
-8.861028777133335421e-02
5.377109999932974712e-07
1.804381666666672710e-07
8.626274857600003954e-02
-1.907585666470068927e-07
-3.674310000065575469e-07
5.377109999932974712e-07
2.085128108200002064e-02
-4.588999999999986531e-09
-1.910040666470068666e-07
-2.076105808000002634e-02
3.818880243608282790e-09
1.804381666666672710e-07
-4.588999999999986531e-09
2.078510112999994858e-02
-3.691610000065575498e-07
1.910721008399044395e-09
-2.083062160400003110e-02
8.626274857600003954e-02
-1.910040666470068666e-07
-3.691610000065575498e-07
-8.861028777133335421e-02
5.377109999798923277e-07
-1.804381666666672710e-07
-1.907585666470068927e-07
-2.076105808000002634e-02
1.910721008399044395e-09
5.377109999798923277e-07
2.085126415600000935e-02
4.588999999999964197e-09
-3.674310000065575469e-07
3.818880243608282790e-09
-2.083062160400003110e-02
-1.804381666666672710e-07
4.588999999999964197e-09
2.078508159999993207e-02
2.497289840052865917e-01
-1.785679366739235527e-06
-5.251050076530220772e-07
-1.438411265559999264e-01
3.961488333068420913e-07
6.726650000087747536e-07
-1.785679366739235315e-06
-3.146747857478562893e-02
-7.849710291250020066e-09
3.957348333068421512e-07
3.713442951388942954e-04
4.629507227685503500e-09
-5.251050076530220772e-07
-7.849710291250020066e-09
-2.337342659633336733e-02
6.726650000087747536e-07
3.176517040095315355e-09
-5.134630518611124367e-04
-1.438411265559999264e-01
3.957348333068421512e-07
6.726650000087747536e-07
2.498411641936198191e-01
-1.785788759694585125e-06
5.251050076530220772e-07
3.961488333068420913e-07
3.713442951388942954e-04
3.176517040095315355e-09
-1.785788759694584914e-06
-3.146750649545221323e-02
7.849710291250084586e-09
6.726650000087747536e-07
4.629507227685503500e-09
-5.134630518611124367e-04
5.251050076530220772e-07
7.849710291250084586e-09
-2.337345567433339252e-02
3.122926908399430879e+00
-1.826687637846592237e-05
6.070500000458524076e-06
-3.122926908500003762e+00
6.070499999361499519e-06
1.214110000021286584e-05
-1.826687637846592237e-05
-3.565122280994215687e-01
2.886507022719979952e-08
6.070499999361499519e-06
3.529472968050006987e-01
1.595354545454731952e-08
6.070500000458524076e-06
2.886507022719979952e-08
-3.565127359999992196e-01
1.214110000021286584e-05
2.089300000000182365e-08
3.529471062300004180e-01
-3.122926908500003762e+00
6.070499999361499519e-06
1.214110000021286584e-05
3.122926908399430879e+00
-1.826687637889203077e-05
-6.070500000458524076e-06
6.070499999361499519e-06
3.529472968050006987e-01
2.089300000000182365e-08
-1.826687637889203077e-05
-3.565122280994215687e-01
-2.886507022719905506e-08
1.214110000021286584e-05
1.595354545454731952e-08
3.529471062300004180e-01
-6.070500000458524076e-06
-2.886507022719905506e-08
-3.565127359999992196e-01
9.692991595623032808e-01
-4.955752433136900622e-06
1.648663167717590108e-06
-8.936282775210009355e-01
1.671039799829472285e-06
3.486835000056847056e-06
-4.955752433136900622e-06
-2.453627437847127543e-02
2.867337528837883064e-08
2.039644799829470470e-06
3.467662063099995889e-02
8.268737589126716004e-09
1.648663167717590108e-06
2.867337528837883064e-08
-2.473171175099988378e-02
4.130820000056847803e-06
1.036483277310954295e-08
3.467080655800000577e-02
-8.936282775210009355e-01
2.039644799829470470e-06
4.130820000056847803e-06
9.692991595623032808e-01
-4.955752433258609939e-06
-1.648663167717590108e-06
1.671039799829472285e-06
3.467662063099995889e-02
1.036483277310954295e-08
-4.955752433258609939e-06
-2.453627437847127543e-02
-2.867337528837862881e-08
3.486835000056847056e-06
8.268737589126716004e-09
3.467080655800000577e-02
-1.648663167717590108e-06
-2.867337528837862881e-08
-2.473171175099988378e-02
2.984919194390259559e-02
1.426570560922321168e-07
-5.391266322019482678e-08
-3.416263846399994475e-02
-6.430655554987558656e-08
-1.756371785732948846e-07
1.426570560922321168e-07
6.192221967193067833e-02
1.379010871214176365e-08
-1.208099999432009066e-08
-6.508259050299998461e-02
3.463675646194647032e-09
-5.391266322019482678e-08
1.379010871214176365e-08
6.229689926416688561e-02
-5.582875000186615541e-08
6.120954201707779864e-09
-6.463970163999988028e-02
-3.416263846399994475e-02
-1.208099999432009066e-08
-5.582875000186615541e-08
2.984919194390259559e-02
1.426570540949783227e-07
5.391266322019568043e-08
-6.430655554987558656e-08
-6.508259050299998461e-02
6.120954201707779864e-09
1.426570540949783227e-07
6.192221967193067833e-02
-1.379010871213840695e-08
-1.756371785732948846e-07
3.463675646194647032e-09
-6.463970163999988028e-02
5.391266322019568043e-08
-1.379010871213840695e-08
6.229689926416688561e-02
-1.738893220666664144e-02
4.048695833200138330e-07
-1.355828333333341266e-07
-1.521975599700000487e-02
-1.432649111032291766e-07
-2.904156785740789834e-07
4.048695833200138330e-07
5.512586892783334636e-02
7.718952380952357399e-09
-3.321959999211804134e-08
-5.812688480699995663e-02
3.559465040084022674e-09
-1.355828333333341266e-07
7.718952380952357399e-09
5.568689740233352670e-02
-1.140520000026501091e-07
5.471620868324446946e-09
-5.850052796299998886e-02
-1.521975599700000487e-02
-3.321959999211804134e-08
-1.140520000026501091e-07
-1.738893220666664144e-02
4.048695833288943382e-07
1.355828333333341266e-07
-1.432649111032291766e-07
-5.812688480699995663e-02
5.471620868324446946e-09
4.048695833288943382e-07
5.512586892783334636e-02
-7.718952380952373943e-09
-2.904156785740789834e-07
3.559465040084022674e-09
-5.850052796299998886e-02
1.355828333333341266e-07
-7.718952380952373943e-09
5.568689740233352670e-02
-7.762503221133333631e-02
4.501792499942643736e-07
1.642440000000001041e-07
7.770094127800003525e-02
-1.609619999825501508e-07
-3.109360000057299123e-07
4.501792499942643736e-07
1.606482106233330515e-02
-1.788857142857135646e-09
-1.609619999825501508e-07
-1.729203919199999440e-02
3.500776728505518409e-09
1.642440000000001041e-07
-1.788857142857135646e-09
1.658172262283336140e-02
-3.109360000057299123e-07
1.790976295605083332e-09
-1.587246198100000782e-02
7.770094127800003525e-02
-1.609619999825501508e-07
-3.109360000057299123e-07
-7.762503221133333631e-02
4.501792499827906770e-07
-1.642440000000001041e-07
-1.609619999825501508e-07
-1.729203919199999440e-02
1.790976295605083332e-09
4.501792499827906770e-07
1.606482106233330515e-02
1.788857142857115587e-09
-3.109360000057299123e-07
3.500776728505518409e-09
-1.587246198100000782e-02
-1.642440000000001041e-07
1.788857142857115587e-09
1.658172262283336140e-02
1.960523781950336941e+00
-1.130452766627201205e-05
3.777025999999995641e-06
-1.858258810838003594e+00
3.224770999620948804e-06
6.217014000126358582e-06
-1.130452766627201205e-05
-1.879129083301669945e-01
3.418258333333397276e-08
4.522156999620950598e-06
2.052064500700000460e-01
1.204523409091809273e-08
3.777025999999995641e-06
3.418258333333397276e-08
-1.881336987753327583e-01
8.919223000126365967e-06
1.651475238096193839e-08
2.053391836180000485e-01
-1.858258810838003594e+00
4.522156999620950598e-06
8.919223000126365967e-06
1.960523781950336941e+00
-1.130452766653511912e-05
-3.777025999999995641e-06
3.224770999620948804e-06
2.052064500700000460e-01
1.651475238096193839e-08
-1.130452766653511912e-05
-1.879129086195003295e-01
-3.418258333333350954e-08
6.217014000126358582e-06
1.204523409091809273e-08
2.053391836180000485e-01
-3.777025999999995641e-06
-3.418258333333350954e-08
-1.881336990646660934e-01
1.167245898904503809e+00
-6.776570469571281343e-06
2.258581001194725539e-06
-1.041502842151001529e+00
1.534406999798130300e-06
3.069852000067300135e-06
-6.776570469571281343e-06
-7.495491793283838577e-02
3.259691721971590688e-08
2.357470499798129616e-06
5.742570602899995519e-02
7.854329817412432769e-09
2.258581001194725539e-06
3.259691721971590688e-08
-7.513550888483339074e-02
4.822024000067299713e-06
9.761008730166722711e-09
5.754319025199995663e-02
-1.041502842151001529e+00
2.357470499798129616e-06
4.822024000067299713e-06
1.167245898904503809e+00
-6.776570469728709193e-06
-2.258581001194725963e-06
1.534406999798130300e-06
5.742570602899995519e-02
9.761008730166722711e-09
-6.776570469728709193e-06
-7.495491807750503943e-02
-3.259691721971562895e-08
3.069852000067300135e-06
7.854329817412432769e-09
5.754319025199995663e-02
-2.258581001194725963e-06
-3.259691721971562895e-08
-7.513550931883339334e-02
2.697414853403860002e-01
-1.013202504021601111e-06
3.418558377062785757e-07
-2.609261339099996357e-01
3.453139999621403447e-07
7.241097500125755640e-07
-1.013202504021601323e-06
5.300831278861405094e-02
1.932962636572359259e-08
3.605354999621402802e-07
-5.482876835299999724e-02
4.694155536739719558e-09
3.418558377062785757e-07
1.932962636572359259e-08
5.195958146150007201e-02
7.031232500125755236e-07
4.456618253924496918e-09
-5.554519990099998639e-02
-2.609261339099996357e-01
3.605354999621402802e-07
7.031232500125755236e-07
2.697414853403860002e-01
-1.013202503951894323e-06
-3.418558377062785757e-07
3.453139999621403447e-07
-5.482876835299999724e-02
4.456618253924496918e-09
-1.013202503951894323e-06
5.300831278861405094e-02
-1.932962636572370178e-08
7.241097500125755640e-07
4.694155536739719558e-09
-5.554519990099998639e-02
-3.418558377062785757e-07
-1.932962636572370178e-08
5.195958131683340447e-02
1.230755543067336977e-01
-2.098800775502850247e-07
7.810791927201696570e-08
-1.156834968549998455e-01
2.248524999898550281e-07
5.693610000033671532e-07
-2.098800775502850247e-07
5.784718167126582516e-02
1.061561045990903608e-08
2.674789999898550690e-07
-6.045721998399998520e-02
4.092778913393135724e-09
7.810791927201696570e-08
1.061561045990903608e-08
5.739414193283354226e-02
6.387590000033673356e-07
3.836129365065666593e-09
-6.068266079899990034e-02
-1.156834968549998455e-01
2.674789999898550690e-07
6.387590000033673356e-07
1.230755543067337254e-01
-2.098800775293060303e-07
-7.810791927201697893e-08
2.248524999898550281e-07
-6.045721998399998520e-02
3.836129365065666593e-09
-2.098800775293060303e-07
5.784718167126583904e-02
-1.061561045990906089e-08
5.693610000033671532e-07
4.092778913393135724e-09
-6.068266079899990034e-02
-7.810791927201697893e-08
-1.061561045990906089e-08
5.739414164350020719e-02
-9.216092027550001897e-02
6.193071666595091649e-07
2.122717500000008764e-07
9.219792607399984741e-02
-2.126723333121426562e-07
-4.383920000071387927e-07
6.193071666595091649e-07
2.472121671016670741e-02
-2.542296296296271364e-09
-2.126723333121426562e-07
-2.315928586999997998e-02
3.386436667342611554e-09
2.122717500000008764e-07
-2.542296296296271364e-09
2.447490513616671151e-02
-4.383920000071387927e-07
1.286430390286335965e-09
-2.438199453699997632e-02
9.219792607399984741e-02
-2.126723333121426562e-07
-4.383920000071387927e-07
-9.216092027550001897e-02
6.193071666451952610e-07
-2.122717500000008764e-07
-2.126723333121426562e-07
-2.315928586999997998e-02
1.286430390286335965e-09
6.193071666451952610e-07
2.472121613150004074e-02
2.542296296296245308e-09
-4.383920000071387927e-07
3.386436667342611554e-09
-2.438199453699997632e-02
-2.122717500000008764e-07
2.542296296296245308e-09
2.447490499150004398e-02
3.122926908399430879e+00
-1.826687637846592237e-05
6.070500000462952365e-06
-3.122926908500003762e+00
6.070499999360844763e-06
1.214110000021308437e-05
-1.826687637846592237e-05
-3.565122280994215687e-01
2.914382022719978142e-08
6.070499999360844763e-06
3.565124208000006734e-01
1.507668972621133062e-08
6.070500000462952365e-06
2.914382022719978142e-08
-3.565127359999992196e-01
1.214110000021308437e-05
2.081900000000182907e-08
3.565122283000004000e-01
-3.122926908500003762e+00
6.070499999360844763e-06
1.214110000021308437e-05
3.122926908399430879e+00
-1.826687637889203077e-05
-6.070500000462952365e-06
6.070499999360844763e-06
3.565124208000006734e-01
2.081900000000182907e-08
-1.826687637889203077e-05
-3.565122280994215687e-01
-2.914382022719903695e-08
1.214110000021308437e-05
1.507668972621133062e-08
3.565122283000004000e-01
-6.070500000462952365e-06
-2.914382022719903695e-08
-3.565127359999992196e-01
9.626722530586132587e-01
-5.282845062963072902e-06
1.757087251044333810e-06
-1.015196428453001065e+00
1.866849999806154145e-06
3.966840000064613490e-06
-5.282845062963073749e-06
-3.074836770711400491e-02
2.849362131447822858e-08
2.079330999806153069e-06
4.004377557999996839e-02
9.388765067855640756e-09
1.757087251044333810e-06
2.849362131447822858e-08
-3.074812990383324687e-02
4.405949000064613693e-06
1.060643874458319705e-08
3.994192685900000567e-02
-1.015196428453001065e+00
2.079330999806153069e-06
4.405949000064613693e-06
9.626722530586132587e-01
-5.282845063084732244e-06
-1.757087251044333810e-06
1.866849999806154145e-06
4.004377557999996839e-02
1.060643874458319705e-08
-5.282845063084732244e-06
-3.074836770711400491e-02
-2.849362131447801352e-08
3.966840000064613490e-06
9.388765067855640756e-09
3.994192685900000567e-02
-1.757087251044333810e-06
-2.849362131447801352e-08
-3.074813004849991441e-02
2.334109625925580994e-02
1.832751222348573787e-07
-5.792658028914092848e-08
-5.297271609099991202e-02
-6.603381110882267390e-08
-1.225156785721792063e-07
1.832751222348574052e-07
6.145856942074409690e-02
1.218050019150474047e-08
-1.820009999771162101e-08
-6.542996846499998798e-02
3.839632528190904514e-09
-5.792658028914092848e-08
1.218050019150474047e-08
6.167048023533355100e-02
-4.662975000075050530e-08
6.926398268410442104e-09
-6.523092480199987886e-02
-5.297271609099991202e-02
-1.820009999771162101e-08
-4.662975000075050530e-08
2.334109625925580994e-02
1.832751198612034775e-07
5.792658028914168948e-08
-6.603381110882267390e-08
-6.542996846499998798e-02
6.926398268410442104e-09
1.832751198612034510e-07
6.145856942074409690e-02
-1.218050019150113231e-08
-1.225156785721792063e-07
3.839632528190904514e-09
-6.523092480199987886e-02
5.792658028914168948e-08
-1.218050019150113231e-08
6.167048023533355100e-02
-1.896625816383338756e-02
4.075219166529730942e-07
-1.381659166666675324e-07
-2.575789183899999599e-02
-1.204585666608932955e-07
-1.973633571448650967e-07
4.075219166529730942e-07
5.558501097916663386e-02
7.989342857142830857e-09
-4.986229999422667943e-08
-5.718632546229995145e-02
3.651743639206374515e-09
-1.381659166666675324e-07
7.989342857142830857e-09
5.549247566566685441e-02
-6.435825000200784521e-08
5.690895887362440687e-09
-5.854899666330000418e-02
-2.575789183899999599e-02
-4.986229999422667943e-08
-6.435825000200784521e-08
-1.896625816383338756e-02
4.075219166621030506e-07
1.381659166666675324e-07
-1.204585666608932955e-07
-5.718632546229995145e-02
5.690895887362440687e-09
4.075219166621030506e-07
5.558501097916663386e-02
-7.989342857142847400e-09
-1.973633571448650967e-07
3.651743639206374515e-09
-5.854899666330000418e-02
1.381659166666675324e-07
-7.989342857142847400e-09
5.549247566566685441e-02
-7.756938974410527987e-02
7.311790968738913460e-08
7.335080582324145461e-09
7.623531963499989572e-02
-1.120994999836455977e-07
-2.026220000054501536e-07
7.311790968738913460e-08
7.561652860771694677e-03
-2.821807151056667522e-09
-1.120994999836455977e-07
-1.279342681035001983e-02
3.643511893259190366e-09
7.335080582324145461e-09
-2.821807151056667522e-09
7.711808426999980197e-03
-2.026220000054501536e-07
2.179855039002334350e-09
-1.277515634134999099e-02
7.623531963499989572e-02
-1.120994999836455977e-07
-2.026220000054501536e-07
-7.756938974410527987e-02
7.311788344404160967e-08
-7.335080582324145461e-09
-1.120994999836455977e-07
-1.279342681035001983e-02
2.179855039002334350e-09
7.311788344404160967e-08
7.561625952771694643e-03
2.821807151056666695e-09
-2.026220000054501536e-07
3.643511893259190366e-09
-1.277515634134999099e-02
-7.335080582324145461e-09
2.821807151056666695e-09
7.711778625666642489e-03
3.446511929665351470e+00
-1.909489999929426477e-05
6.374344000000004712e-06
-3.482239733194999687e+00
6.652752999275796824e-06
1.330572300024140602e-05
-1.909489999929426477e-05
-3.955414499919999716e-01
3.139600000000108396e-08
7.766676999275800493e-06
4.601193315610004331e-01
1.876386893940042712e-08
6.374344000000004712e-06
3.139600000000108396e-08
-3.955414816399998590e-01
1.553360700024140334e-05
2.354375000000694035e-08
4.601931027560005050e-01
-3.482239733194999687e+00
7.766676999275800493e-06
1.553360700024140334e-05
3.446511929665351470e+00
-1.909489999976478141e-05
-6.374344000000004712e-06
6.652752999275796824e-06
4.601193315610004331e-01
2.354375000000694035e-08
-1.909489999976478141e-05
-3.955414499919999716e-01
-3.139600000000030310e-08
1.330572300024140602e-05
1.876386893940042712e-08
4.601931027560005050e-01
-6.374344000000004712e-06
-3.139600000000030310e-08
-3.955414816399998590e-01
1.015484370787554241e-01
-1.627877971350714932e-07
2.435572590341675901e-08
-1.124568308920001619e-01
7.637199999039884570e-08
1.091806666698526429e-07
-1.627877971350714668e-07
5.942841290757742284e-02
1.499919521294618742e-08
7.173599999039882986e-08
-6.019018273800002400e-02
2.764961277596762231e-09
2.435572590341675901e-08
1.499919521294618742e-08
5.913873741483334501e-02
9.932700000318592911e-08
2.799904761890244522e-09
-6.042745649000008656e-02
-1.124568308920001619e-01
7.173599999039882986e-08
9.932700000318592911e-08
1.015484370787554519e-01
-1.627877971215246836e-07
-2.435572590341675901e-08
7.637199999039884570e-08
-6.019018273800002400e-02
2.799904761890244522e-09
-1.627877971215246836e-07
5.942841290757743672e-02
-1.499919521294619734e-08
1.091806666698526429e-07
2.764961277596762231e-09
-6.042745649000008656e-02
-2.435572590341675901e-08
-1.499919521294619734e-08
5.913873741483334501e-02
2.279572982442708631e-02
1.921400431254205349e-07
-9.555822003638467588e-08
-3.540728866700004057e-02
-8.034433332893750093e-08
-1.821861666681458697e-07
1.921400431254205349e-07
5.844857766157288137e-02
8.746034596539030468e-09
-6.249199999560420474e-08
-5.933718874300009799e-02
1.861246725483050264e-09
-9.555822003638467588e-08
8.746034596539030468e-09
5.847174997833324422e-02
-1.465991666681453804e-07
1.948404761891092996e-09
-5.956000931200007564e-02
-3.540728866700004057e-02
-6.249199999560420474e-08
-1.465991666681453804e-07
2.279572982442708631e-02
1.921400409052439215e-07
9.555822003638521851e-08
-8.034433332893750093e-08
-5.933718874300009799e-02
1.948404761891092996e-09
1.921400409052439480e-07
5.844857766157288137e-02
-8.746034596533079731e-09
-1.821861666681458697e-07
1.861246725483050264e-09
-5.956000931200007564e-02
9.555822003638521851e-08
-8.746034596533079731e-09
5.847174997833324422e-02
-9.714274265583362766e-02
6.876666666584967462e-07
2.331437222222228893e-07
9.273396073299990106e-02
-2.315581999765012138e-07
-4.616235833411546966e-07
6.876666666584967462e-07
3.632063454850004841e-02
-3.145105952380935231e-09
-2.319921999765012295e-07
-3.518620523483634993e-02
1.503501234887022896e-09
2.331437222222228893e-07
-3.145105952380935231e-09
3.638664199450006298e-02
-4.619051666744880205e-07
9.658594239202135606e-10
-3.500887174983634276e-02
9.273396073299990106e-02
-2.319921999765012295e-07
-4.619051666744880205e-07
-9.714274265583362766e-02
6.876666666421521867e-07
-2.331437222222228893e-07
-2.315581999765012138e-07
-3.518620523483634993e-02
9.658594239202135606e-10
6.876666666421521867e-07
3.632063454850004841e-02
3.145105952380906693e-09
-4.616235833411546966e-07
1.503501234887022896e-09
-3.500887174983634276e-02
-2.331437222222228893e-07
3.145105952380906693e-09
3.638664199450006298e-02
-9.257842386383340061e-02
6.109723333261720230e-07
2.063336111111120002e-07
9.161164000099984717e-02
-2.159185333122273982e-07
-4.230333333403391258e-07
6.109723333261720230e-07
2.439625592200004092e-02
-3.145105952380936885e-09
-2.159340333122274025e-07
-2.328326671612498261e-02
1.557609568238863932e-09
2.063336111111120002e-07
-3.145105952380936885e-09
2.536787450883336986e-02
-4.239730000070057375e-07
7.295571512114481238e-10
-2.280377737812496960e-02
9.161164000099984717e-02
-2.159340333122274025e-07
-4.239730000070057375e-07
-9.257842386383340061e-02
6.109723333118466841e-07
-2.063336111111120002e-07
-2.159185333122273982e-07
-2.328326671612498261e-02
7.295571512114481238e-10
6.109723333118466841e-07
2.439625548800004179e-02
3.145105952380911656e-09
-4.230333333403391258e-07
1.557609568238863932e-09
-2.280377737812496960e-02
-2.063336111111120002e-07
3.145105952380911656e-09
2.536787421950003479e-02
8.061695124443351013e-01
-4.893147999835505622e-06
1.629090333333334122e-06
-7.961782995459995016e-01
1.662466333168714268e-06
2.942080000054869145e-06
-4.893147999835505622e-06
-8.932563532099979664e-02
2.992590393357843061e-22
2.216561999835379457e-06
9.997838813700005156e-02
-2.664180679726972936e-12
1.629090333333334122e-06
2.992590393357843061e-22
-8.927968902349979474e-02
3.955304000054866730e-06
-1.697619054857058192e-12
9.984997901000004783e-02
-7.961782995459995016e-01
2.216561999835379457e-06
3.955304000054866730e-06
8.061695124443351013e-01
-4.893147999945172672e-06
-1.629090333333334122e-06
1.662466333168714268e-06
9.997838813700005156e-02
-1.697619054857058192e-12
-4.893147999945172672e-06
-8.932563532099979664e-02
-9.975301311192811378e-23
2.942080000054869145e-06
-2.664180679726972936e-12
9.984997901000004783e-02
-1.629090333333334122e-06
-9.975301311192811378e-23
-8.927968902349979474e-02
4.716947684316657452e-01
-2.688085666572719666e-06
8.943250000000001153e-07
-4.241770788600001674e-01
9.074749999141764427e-07
1.625212000028600949e-06
-2.688085666572719666e-06
-3.978017300666680800e-02
1.642848372971185182e-22
1.216120999914177392e-06
4.303289913200000760e-02
-1.797514014137226283e-12
8.943250000000001153e-07
1.642848372971185182e-22
-3.978017300666680106e-02
2.245880000028602864e-06
-5.452381036401665332e-13
4.288985272999999709e-02
-4.241770788600001674e-01
1.216120999914177392e-06
2.245880000028602864e-06
4.716947684316657452e-01
-2.688085666635357329e-06
-8.943250000000001153e-07
9.074749999141764427e-07
4.303289913200000760e-02
-5.452381036401665332e-13
-2.688085666635357329e-06
-3.978017300666680800e-02
-5.476161243237283941e-23
1.625212000028600949e-06
-1.797514014137226283e-12
4.288985272999999709e-02
-8.943250000000001153e-07
-5.476161243237283941e-23
-3.978017300666680106e-02
-2.071452830049987440e-02
1.642396666647575977e-07
5.407955555555562785e-08
2.221346348900001336e-02
-5.199349999408016118e-08
-1.086360000019749177e-07
1.642396666647575977e-07
1.044806731333337325e-02
3.311417730521132980e-24
-5.263666666074682041e-08
-1.001258434000000877e-02
-1.114180673868794152e-12
5.407955555555562785e-08
3.311417730521132980e-24
1.031462456150003537e-02
-1.097860000019748982e-07
-2.641806738690448069e-13
-1.003843919900000714e-02
2.221346348900001336e-02
-5.263666666074682041e-08
-1.097860000019748982e-07
-2.071452830049987440e-02
1.642396666609412907e-07
-5.407955555555562785e-08
-5.199349999408016118e-08
-1.001258434000000877e-02
-2.641806738690448069e-13
1.642396666609412907e-07
1.044806731333337325e-02
-9.934253191563398939e-24
-1.086360000019749177e-07
-1.114180673868794152e-12
-1.003843919900000714e-02
-5.407955555555562785e-08
-9.934253191563398939e-24
1.031462456150003537e-02
-3.104172838666657483e-02
2.000999999977216122e-07
6.578277777777794452e-08
2.779947674200002744e-02
-6.220699999368851509e-08
-1.276110000021272607e-07
2.000999999977216122e-07
6.146276548499989348e-03
4.028033412228869652e-24
-6.213533332702185539e-08
-6.558305534083332632e-03
-1.114180695884849158e-12
6.578277777777794452e-08
4.028033412228869652e-24
6.509902017999984886e-03
-1.276110000021272607e-07
-3.475140292181782023e-13
-6.943662433083333703e-03
2.779947674200002744e-02
-6.213533332702185539e-08
-1.276110000021272607e-07
-3.104172838666657483e-02
2.000999999931674072e-07
-6.578277777777794452e-08
-6.220699999368851509e-08
-6.558305534083332632e-03
-3.475140292181782023e-13
2.000999999931674072e-07
6.146276548499989348e-03
-1.208410023668660895e-23
-1.276110000021272607e-07
-1.114180695884849158e-12
-6.943662433083333703e-03
-6.578277777777794452e-08
-1.208410023668660895e-23
6.509902017999984886e-03
-1.447176139516659701e-02
1.082269999988983479e-07
3.563111111111115047e-08
2.530045768200002085e-02
-2.464133332779170765e-08
-5.471200000186343327e-08
1.082269999988983479e-07
3.503356680000002492e-03
2.181776308614298070e-24
-2.499783332779170161e-08
-4.866822823249994032e-03
-1.030847355155852180e-12
3.563111111111115047e-08
2.181776308614298070e-24
3.426664184833335975e-03
-5.471200000186343327e-08
-5.141806884892077748e-13
-5.131580931249993954e-03
2.530045768200002085e-02
-2.499783332779170161e-08
-5.471200000186343327e-08
-1.447176139516659701e-02
1.082269999966970416e-07
-3.563111111111115047e-08
-2.464133332779170765e-08
-4.866822823249994032e-03
-5.141806884892077748e-13
1.082269999966970416e-07
3.503356680000002492e-03
-6.545328925842894210e-24
-5.471200000186343327e-08
-1.030847355155852180e-12
-5.131580931249993954e-03
-3.563111111111115047e-08
-6.545328925842894210e-24
3.426664184833335975e-03
2.855410571399598307e+00
-1.696419371024399079e-05
5.642699999999966320e-06
-2.830398540676000607e+00
5.445250999411163348e-06
1.089059500019628976e-05
-1.696419371024399079e-05
-3.788688323996228235e-01
-6.297105270340994776e-14
5.524655999411163310e-06
3.750801440759997107e-01
1.662282231830561574e-21
5.642699999999966320e-06
-6.297105270340994776e-14
-3.788688324000012431e-01
1.104940800019628956e-05
1.696317860601002604e-21
3.750801440759997107e-01
-2.830398540676000607e+00
5.524655999411163310e-06
1.104940800019628956e-05
2.855410571399599196e+00
-1.696419371207638733e-05
-5.642699999999966320e-06
5.445250999411163348e-06
3.750801440759997107e-01
1.696317860601002604e-21
-1.696419371207638394e-05
-3.788688323996229346e-01
6.297105590030357703e-14
1.089059500019628976e-05
1.662282231830561574e-21
3.750801440759997107e-01
-5.642699999999966320e-06
6.297105590030357703e-14
-3.788688324000012431e-01
7.452040008260041315e-01
-4.385376999849179829e-06
1.461825666666664331e-06
-8.101435516949987425e-01
1.590917999835777628e-06
3.222549000054745367e-06
-4.385376999849179829e-06
-7.585899780366692213e-02
2.685330185392164298e-22
1.733598999835777025e-06
8.385246628299997118e-02
2.334501331606549458e-23
1.461825666666664331e-06
2.685330185392164298e-22
-7.585899780366692213e-02
3.467151000054745164e-06
7.701436326836245939e-23
8.384491348799998078e-02
-8.101435516949987425e-01
1.733598999835777025e-06
3.467151000054745164e-06
7.452040008260041315e-01
-4.385376999949731111e-06
-1.461825666666664331e-06
1.590917999835777628e-06
8.385246628299997118e-02
7.701436326836245939e-23
-4.385376999949731111e-06
-7.585899780366692213e-02
-8.951100617973880993e-23
3.222549000054745367e-06
2.334501331606549458e-23
8.384491348799998078e-02
-1.461825666666664331e-06
-8.951100617973880993e-23
-7.585899780366692213e-02
4.024133906366673952e-02
-2.308644999943724280e-07
7.458230000000010795e-08
-6.194680003800009938e-02
5.726683332369321289e-08
1.456782000032497214e-07
-2.308644999943724280e-07
9.605188916666645982e-03
1.370054624520716419e-23
7.888749999035988906e-08
-9.468502230999995342e-03
3.647875909573567698e-20
7.458230000000010795e-08
1.370054624520716419e-23
9.740166627833321544e-03
1.797072000032496882e-07
3.648633400563628160e-20
-8.873117031999992743e-03
-6.194680003800009938e-02
7.888749999035988906e-08
1.797072000032496882e-07
4.024133906366673952e-02
-2.308644999981242810e-07
-7.458230000000010795e-08
5.726683332369321289e-08
-9.468502230999995342e-03
3.648633400563628160e-20
-2.308644999981242810e-07
9.605188916666645982e-03
-4.566848748402388800e-24
1.456782000032497214e-07
3.647875909573567698e-20
-8.873117031999992743e-03
-7.458230000000010795e-08
-4.566848748402388800e-24
9.740166627833321544e-03
1.983556552799993142e-02
-7.901916666501359486e-08
1.821076666666663649e-08
-3.608426151700006718e-02
1.646849999522409360e-08
6.620260000160489467e-08
-7.901916666501359486e-08
1.083605818199996976e-02
3.345263566252891316e-24
3.588899999522409534e-08
-1.008550388800000079e-02
1.285758210131948186e-20
1.821076666666663649e-08
3.345263566252891316e-24
1.098086074216663745e-02
1.055096000016048906e-07
1.286599184273765674e-20
-9.875686355999996682e-03
-3.608426151700006718e-02
3.588899999522409534e-08
1.055096000016048906e-07
1.983556552799993142e-02
-7.901916666611571707e-08
-1.821076666666663649e-08
1.646849999522409360e-08
-1.008550388800000079e-02
1.286599184273765674e-20
-7.901916666611571707e-08
1.083605818199996976e-02
-1.115087855417630622e-24
6.620260000160489467e-08
1.285758210131948186e-20
-9.875686355999996682e-03
-1.821076666666663649e-08
-1.115087855417630622e-24
1.098086074216663745e-02
-2.848713926450010744e-02
1.829443611090895978e-07
6.343999999999977927e-08
2.831983432399999209e-02
-6.338985713661814052e-08
-1.267594857163893279e-07
1.829443611090895978e-07
4.525810700000017055e-03
3.884579646895390955e-24
-6.336125713661814250e-08
-5.644274771000001162e-03
-2.382478988796865074e-20
6.343999999999977927e-08
3.884579646895390955e-24
4.673545219666685319e-03
-1.268151857163893354e-07
-2.382479836864770636e-20
-6.033046199999999443e-03
2.831983432399999209e-02
-6.336125713661814250e-08
-1.268151857163893354e-07
-2.848713926450010744e-02
1.829443611050466830e-07
-6.343999999999977927e-08
-6.338985713661814052e-08
-5.644274771000001162e-03
-2.382479836864770636e-20
1.829443611050466830e-07
4.525810700000017055e-03
-1.165373894068617140e-23
-1.267594857163893279e-07
-2.382478988796865074e-20
-6.033046199999999443e-03
-6.343999999999977927e-08
-1.165373894068617140e-23
4.673545219666685319e-03
1.711171688548664305e+00
-9.887139332980359867e-06
3.295728666666647186e-06
-1.847712237958000658e+00
2.957116499622905334e-06
5.785331000125698119e-06
-9.887139332980359867e-06
-2.102419316646673142e-01
-2.649999999939451245e-11
3.340804499622906090e-06
2.050953288080000769e-01
-1.840340909927066189e-11
3.295728666666647186e-06
-2.649999999939451245e-11
-2.102404037313339857e-01
6.683441000125702977e-06
-6.666666674839743859e-12
2.049447591160001025e-01
-1.847712237958000658e+00
3.340804499622906090e-06
6.683441000125702977e-06
1.711171688548664305e+00
-9.887139333215665620e-06
-3.295728666666647186e-06
2.957116499622905334e-06
2.050953288080000769e-01
-6.666666674839743859e-12
-9.887139333215665620e-06
-2.102419316646673142e-01
2.649999999979812166e-11
5.785331000125698119e-06
-1.840340909927066189e-11
2.049447591160001025e-01
-3.295728666666647186e-06
2.649999999979812166e-11
-2.102404037313339857e-01
8.607626439326717671e-01
-5.490578333155938411e-06
1.830217999999988073e-06
-9.653360260599989084e-01
1.544620499804726756e-06
2.791631000065085051e-06
-5.490578333155938411e-06
-1.049593389130002996e-01
-1.183333333299713402e-11
1.787412499804726777e-06
9.769507730000005774e-02
-1.090340910121032778e-11
1.830217999999988073e-06
-1.183333333299713402e-11
-1.049637703271669581e-01
3.576741000065086077e-06
-2.333333343475480470e-12
9.752025786600004853e-02
-9.653360260599989084e-01
1.787412499804726777e-06
3.576741000065086077e-06
8.607626439326717671e-01
-5.490578333274205386e-06
-1.830217999999988073e-06
1.544620499804726756e-06
9.769507730000005774e-02
-2.333333343475480470e-12
-5.490578333274205386e-06
-1.049593389130002996e-01
1.183333333322127089e-11
2.791631000065085051e-06
-1.090340910121032778e-11
9.752025786600004853e-02
-1.830217999999988073e-06
1.183333333322127089e-11
-1.049637703271669581e-01
2.039069030813322470e-01
-1.164079999961454368e-06
3.883031333333350850e-07
-2.036844621649999965e-01
3.694974999615660426e-07
7.727580000128102518e-07
-1.164079999961454368e-06
-5.932928669333339261e-03
7.133012840033350759e-23
4.173809999615662741e-07
5.538940358999997274e-03
-1.215700757571739372e-10
3.883031333333350850e-07
7.133012840033350759e-23
-5.886774167166674600e-03
8.594200000128101050e-07
-3.433333333291264513e-11
5.543602052999998392e-03
-2.036844621649999965e-01
4.173809999615662741e-07
8.594200000128101050e-07
2.039069030813322470e-01
-1.164079999987152289e-06
-3.883031333333350850e-07
3.694974999615660426e-07
5.538940358999997274e-03
-3.433333333291264513e-11
-1.164079999987152289e-06
-5.932928669333339261e-03
-2.377670946677783684e-23
7.727580000128102518e-07
-1.215700757571739372e-10
5.543602052999998392e-03
-3.883031333333350850e-07
-2.377670946677783684e-23
-5.886774167166674600e-03
1.149289537670003108e-01
-5.834246666464691020e-07
1.949231333333327538e-07
-1.438982146380000382e-01
1.951339999740851648e-07
4.641410000086379892e-07
-5.834246666464691020e-07
4.969697670500002225e-03
3.580679869746580352e-23
2.603569999740848218e-07
-2.825185462000003814e-03
-3.641504328935010312e-12
1.949231333333327538e-07
3.580679869746580352e-23
5.006400412833335485e-03
6.066440000086372900e-07
9.949018349958690271e-23
-2.825185462000004248e-03
-1.438982146380000382e-01
2.603569999740848218e-07
6.066440000086372900e-07
1.149289537670003108e-01
-5.834246666599352318e-07
-1.949231333333327538e-07
1.951339999740851648e-07
-2.825185462000003814e-03
9.949018349958690271e-23
-5.834246666599352318e-07
4.969697670500002225e-03
-1.193559956582193500e-23
4.641410000086379892e-07
-3.641504328935010312e-12
-2.825185462000004248e-03
-1.949231333333327538e-07
-1.193559956582193500e-23
5.006400412833335485e-03
-3.157394599866680113e-02
1.980776666642353373e-07
5.967845555555569793e-08
3.019416322300003813e-02
-5.876576362931476708e-08
-1.230653000023333113e-07
1.980776666642353373e-07
8.140998072000001431e-03
3.654251478708443440e-24
-5.865993029598143065e-08
-8.178107454999992976e-03
-2.065746736988424226e-12
5.967845555555569793e-08
3.654251478708443440e-24
8.128841354833339292e-03
-1.232151333356666513e-07
-1.339285551702636279e-13
-7.912278258999993347e-03
3.019416322300003813e-02
-5.865993029598143065e-08
-1.232151333356666513e-07
-3.157394599866680113e-02
1.980776666593716742e-07
-5.967845555555569793e-08
-5.876576362931476708e-08
-8.178107454999992976e-03
-1.339285551702636279e-13
1.980776666593716742e-07
8.140998072000001431e-03
-1.096275443612532885e-23
-1.230653000023333113e-07
-2.065746736988424226e-12
-7.912278258999993347e-03
-5.967845555555569793e-08
-1.096275443612532885e-23
8.128841354833339292e-03
2.855410571399598307e+00
-1.696419371024399079e-05
5.642699999999966320e-06
-2.855410571400000208e+00
5.513400999408831822e-06
1.102689700019720066e-05
-1.696419371024399079e-05
-3.788688323996228235e-01
-6.297105270340994776e-14
5.563294999408831382e-06
3.627534696169996686e-01
1.354951847893688567e-19
5.642699999999966320e-06
-6.297105270340994776e-14
-3.788688324000012431e-01
1.112668700019719857e-05
1.355165710413494175e-19
3.649387565149996848e-01
-2.855410571400000208e+00
5.563294999408831382e-06
1.112668700019719857e-05
2.855410571399599196e+00
-1.696419371207638733e-05
-5.642699999999966320e-06
5.513400999408831822e-06
3.627534696169996686e-01
1.355165710413494175e-19
-1.696419371207638394e-05
-3.788688323996229346e-01
6.297105590030357703e-14
1.102689700019720066e-05
1.354951847893688567e-19
3.649387565149996848e-01
-5.642699999999966320e-06
6.297105590030357703e-14
-3.788688324000012431e-01
7.417742069503381330e-01
-4.466908999849466145e-06
1.489002999999996118e-06
-7.622389351349990738e-01
1.692832999844162854e-06
3.263316000051944054e-06
-4.466908999849466145e-06
-7.772598442900029159e-02
2.735254136806202112e-22
1.631683999844163264e-06
8.610796660300003291e-02
-7.763448275898262450e-21
1.489002999999996118e-06
2.735254136806202112e-22
-7.772598442900029159e-02
3.263316000051942360e-06
-7.767192572254347729e-21
8.597302160700003026e-02
-7.622389351349990738e-01
1.631683999844163264e-06
3.263316000051942360e-06
7.417742069503381330e-01
-4.466908999949825997e-06
-1.489002999999996118e-06
1.692832999844162854e-06
8.610796660300003291e-02
-7.767192572254347729e-21
-4.466908999949825997e-06
-7.772598442900029159e-02
-9.117513789354008607e-23
3.263316000051944054e-06
-7.763448275898262450e-21
8.597302160700003026e-02
-1.489002999999996118e-06
-9.117513789354008607e-23
-7.772598442900029159e-02
4.484119981550008932e-02
-1.712373333268413776e-07
5.750316666666677265e-08
-6.219415749500009638e-02
6.175583332350884561e-08
1.289480000032806622e-07
-1.712373333268413776e-07
9.500748768166660321e-03
1.056316034987553495e-23
8.631419999017554153e-08
-8.712110143999994560e-03
5.876863153146546412e-21
5.750316666666677265e-08
1.056316034987553495e-23
9.483729888333323338e-03
1.722564000032806902e-07
5.886322543418493832e-21
-8.616434214999994443e-03
-6.219415749500009638e-02
8.631419999017554153e-08
1.722564000032806902e-07
4.484119981550008932e-02
-1.712373333311693189e-07
-5.750316666666677265e-08
6.175583332350884561e-08
-8.712110143999994560e-03
5.886322543418493832e-21
-1.712373333311693189e-07
9.500748768166660321e-03
-3.521053449958511650e-24
1.289480000032806622e-07
5.876863153146546412e-21
-8.616434214999994443e-03
-5.750316666666677265e-08
-3.521053449958511650e-24
9.483729888333323338e-03
2.585823657366660699e-02
-2.801826666383460529e-08
5.790333333333331019e-09
-4.722403791400008738e-02
2.312063332640483892e-08
4.342420000231509638e-08
-2.801826666383460529e-08
1.044120362766664221e-02
1.063666977399433051e-24
5.282839999307156506e-08
-9.507248361999998815e-03
5.597187893895084852e-21
5.790333333333331019e-09
1.063666977399433051e-24
1.028681731449998180e-02
1.028651000023151069e-07
9.650000000560992879e-11
-9.415916790999998010e-03
-4.722403791400008738e-02
5.282839999307156506e-08
1.028651000023151069e-07
2.585823657366660699e-02
-2.801826666572264835e-08
-5.790333333333331019e-09
2.312063332640483892e-08
-9.507248361999998815e-03
9.650000000560992879e-11
-2.801826666572264835e-08
1.044120362766664221e-02
-3.545556591331443963e-25
4.342420000231509638e-08
5.597187893895084852e-21
-9.415916790999998010e-03
-5.790333333333331019e-09
-3.545556591331443963e-25
1.028681731449998180e-02
-1.429378015533333199e-02
1.801186666568123752e-08
-5.258333333333488780e-09
1.243366189900001542e-02
-5.988239999681047255e-08
-1.133120000010713800e-07
1.801186666568123752e-08
1.798196761333335737e-03
-3.219800542758344729e-25
-5.988239999681047255e-08
-4.930039685999995300e-03
-8.091865212553291547e-21
-5.258333333333488780e-09
-3.219800542758344729e-25
1.620955533666668894e-03
-1.133120000010713800e-07
-8.091865212553311107e-21
-5.061909819999994842e-03
1.243366189900001542e-02
-5.988239999681047255e-08
-1.133120000010713800e-07
-1.429378015533333199e-02
1.801186666371053926e-08
5.258333333333488780e-09
-5.988239999681047255e-08
-4.930039685999995300e-03
-8.091865212553311107e-21
1.801186666371053926e-08
1.798196761333335737e-03
9.659401628275034186e-25
-1.133120000010713800e-07
-8.091865212553291547e-21
-5.061909819999994842e-03
5.258333333333488780e-09
9.659401628275034186e-25
1.620955533666668894e-03
3.201594406412017868e+00
-1.895511833266412636e-05
6.328321666666665400e-06
-2.971837072871002405e+00
6.629128999371783550e-06
1.369092900020940923e-05
-1.895511833266412636e-05
-4.416154899900009423e-01
-3.833333333217075370e-11
7.001087999371783897e-06
4.480407316666665252e-01
-4.046666666458038647e-11
6.328321666666665400e-06
-3.833333333217075370e-11
-4.416154900666686145e-01
1.421954000020940626e-05
-4.473333333112717993e-11
4.480407316266661333e-01
-2.971837072871002405e+00
7.001087999371783897e-06
1.421954000020940626e-05
3.201594406412017868e+00
-1.895511833311028910e-05
-6.328321666666665400e-06
6.629128999371783550e-06
4.480407316666665252e-01
-4.473333333112717993e-11
-1.895511833311028910e-05
-4.416154899900009423e-01
3.833333333294575085e-11
1.369092900020940923e-05
-4.046666666458038647e-11
4.480407316266661333e-01
-6.328321666666665400e-06
3.833333333294575085e-11
-4.416154900666686145e-01
1.078682868396663441e-01
-5.285721110925853157e-07
1.751579999999992448e-07
-1.136825244339998847e-01
1.649923333137130942e-07
3.531593333398280663e-07
-5.285721110925853157e-07
7.030807372666675326e-03
3.217600260675767018e-23
1.776003333137131499e-07
-6.874568087999997218e-03
-1.711331818227236312e-09
1.751579999999992448e-07
3.217600260675767018e-23
6.489839812833347356e-03
3.772953333398282237e-07
-1.244383333378746127e-09
-7.617181382999996080e-03
-1.136825244339998847e-01
1.776003333137131499e-07
3.772953333398282237e-07
1.078682868396663441e-01
-5.285721111049343149e-07
-1.751579999999992448e-07
1.649923333137130942e-07
-6.874568087999997218e-03
-1.244383333378746127e-09
-5.285721111049343149e-07
7.030807372666675326e-03
-1.072533420225255869e-23
3.531593333398280663e-07
-1.711331818227236312e-09
-7.617181382999996080e-03
-1.751579999999992448e-07
-1.072533420225255869e-23
6.489839812833347356e-03
6.091858137333330120e-02
-2.203788888795386125e-07
7.761313333333356487e-08
-7.023190074799991189e-02
1.007943666555532615e-07
1.880966666703469562e-07
-2.203788888795386125e-07
1.002175237966668186e-02
1.425730129626955412e-23
1.162663666555532693e-07
-9.733089845999987402e-03
-2.952915151539466126e-09
7.761313333333356487e-08
1.425730129626955412e-23
1.058141944133335170e-02
2.184546666703469425e-07
-2.486216666690975604e-09
-1.013063546499998885e-02
-7.023190074799991189e-02
1.162663666555532693e-07
2.184546666703469425e-07
6.091858137333330120e-02
-2.203788888857716632e-07
-7.761313333333356487e-08
1.007943666555532615e-07
-9.733089845999987402e-03
-2.486216666690975604e-09
-2.203788888857716632e-07
1.002175237966668186e-02
-4.752433765423184463e-24
1.880966666703469562e-07
-2.952915151539466126e-09
-1.013063546499998885e-02
-7.761313333333356487e-08
-4.752433765423184463e-24
1.058141944133335170e-02
-2.129234575616654676e-02
1.745551666646583466e-07
5.697773333333320660e-08
2.054882047799999958e-02
-5.734976943856370607e-08
-1.200428666686198584e-07
1.745551666646583466e-07
1.149719900316670089e-02
3.488879937466898509e-24
-5.329943332745259640e-08
-1.146461801700000144e-02
-7.484848415675843490e-13
5.697773333333320660e-08
3.488879937466898509e-24
1.124309839316669710e-02
-1.119366666686198675e-07
-4.999999308099873223e-14
-1.135134369100000012e-02
2.054882047799999958e-02
-5.329943332745259640e-08
-1.119366666686198675e-07
-2.129234575616654676e-02
1.745551666606427751e-07
-5.697773333333320660e-08
-5.734976943856370607e-08
-1.146461801700000144e-02
-4.999999308099873223e-14
1.745551666606427751e-07
1.149719900316670089e-02
-1.046663981240069406e-23
-1.200428666686198584e-07
-7.484848415675843490e-13
-1.135134369100000012e-02
-5.697773333333320660e-08
-1.046663981240069406e-23
1.124309839316669710e-02
-3.143469803900011267e-02
1.993624444420356096e-07
5.748906666666655285e-08
2.999062296500005359e-02
-5.755701943747373688e-08
-1.307558666689726986e-07
1.993624444420356096e-07
7.899525514333330389e-03
3.520190073965099509e-24
-5.807637777080707039e-08
-7.956326896999989587e-03
-6.484848311248203118e-13
5.748906666666655285e-08
3.520190073965099509e-24
7.867179345499988180e-03
-1.308666666689726813e-07
-4.999998264002389766e-14
-7.672481928999988141e-03
2.999062296500005359e-02
-5.807637777080707039e-08
-1.308666666689726813e-07
-3.143469803900011267e-02
1.993624444372185597e-07
-5.748906666666655285e-08
-5.755701943747373688e-08
-7.956326896999989587e-03
-4.999998264002389766e-14
1.993624444372185597e-07
7.899525514333330389e-03
-1.056057022189529853e-23
-1.307558666689726986e-07
-6.484848311248203118e-13
-7.672481928999988141e-03
-5.748906666666655285e-08
-1.056057022189529853e-23
7.867179345499988180e-03
9.232619929800057745e-01
-4.185203833168264792e-06
1.493977833333331991e-06
-9.865192715319992534e-01
-1.608736133511954382e-06
-3.215782666607053899e-06
-4.185203833168264792e-06
2.468565594366678093e-02
-2.555555555281115965e-12
-1.997545066845287780e-06
-1.414991450325000025e-02
-3.249999793093802393e-12
1.493977833333331991e-06
-2.555555555281115965e-12
2.773393556966675250e-02
-3.985971333273720095e-06
-2.499997932590896394e-13
-1.302101968024999175e-02
-9.865192715319992534e-01
-1.997545066845287780e-06
-3.985971333273720095e-06
9.625878809124333024e-01
-3.094448037878615892e-06
1.445830500002074262e-06
-1.608736133511954382e-06
-1.414991450325000025e-02
-2.499997932590896394e-13
-3.094448037878615892e-06
2.381497789107234891e-02
-3.301266310505660293e-12
-3.215782666607053899e-06
-3.249999793093802393e-12
-1.302101968024999175e-02
1.445830500002074262e-06
-3.301266310505660293e-12
2.839701781850007337e-02
4.172037645639984915e-01
-1.283786166603319226e-06
4.808646499999998007e-07
-4.901929321239997805e-01
5.814586999198996569e-07
1.217384666693126688e-06
-1.283786166603319226e-06
7.233089795966683722e-02
-1.444444444356110932e-12
1.120426633253233043e-06
-5.414660958216672981e-02
-3.340909329994421383e-12
4.808646499999998007e-07
-1.444444444356110932e-12
7.628263527166645463e-02
2.115733666693125649e-06
-1.666669055539688301e-13
-5.805370103416672423e-02
-4.901929321239997805e-01
1.120426633253233043e-06
2.115733666693125649e-06
4.662615415006661213e-01
-1.241979555482977321e-06
5.300143722222218962e-07
5.814586999198996569e-07
-5.414660958216672981e-02
-1.666669055539688301e-13
-1.241979555482977321e-06
7.113954246583352459e-02
-1.499999999902637722e-12
1.217384666693126688e-06
-3.340909329994421383e-12
-5.805370103416672423e-02
5.300143722222218962e-07
-1.499999999902637722e-12
7.404309454899979381e-02
-1.177180197829008346e-01
8.319983265257118470e-07
2.827404285714188223e-07
1.178588188999999120e-01
-2.839469999699466041e-07
-5.615713333432423506e-07
8.319983265257118470e-07
4.658065522123381458e-02
-7.552854499794850519e-14
-2.855524999699466114e-07
-4.574392257700011372e-02
-3.340908981799808299e-12
2.827404285714188223e-07
-7.552854499794850519e-14
4.632788041799988654e-02
-5.650120000099091247e-07
1.091085543762700212e-19
-4.396063357100008645e-02
1.178588188999999120e-01
-2.855524999699466114e-07
-5.650120000099091247e-07
-1.181638215908565048e-01
8.382674989253531386e-07
-2.792600476190431097e-07
-2.839469999699466041e-07
-4.574392257700011372e-02
1.091085543762700212e-19
8.382674989253531386e-07
4.420050152868935933e-02
5.268187753239164058e-14
-5.615713333432423506e-07
-3.340908981799808299e-12
-4.396063357100008645e-02
-2.792600476190431097e-07
5.268187753239164058e-14
4.388348478899988664e-02
-9.796148507148347284e-02
5.879577590316801992e-07
2.233254055555531702e-07
1.015888484770001016e-01
-3.463221846347477640e-10
-4.989337136632893762e-07
5.879577590316801992e-07
2.639918260581669909e-02
-3.540951537521851171e-14
-1.034136694513770590e-09
-2.762641563666362599e-02
-2.645717306727283884e-04
2.233254055555531702e-07
-3.540951537521851171e-14
2.669139820300001770e-02
-4.968369527207878234e-07
-2.645717273318192418e-04
-2.722955804733635451e-02
1.015888484770001016e-01
-1.034136694513770590e-09
-4.968369527207878234e-07
-9.801684300497599811e-02
6.229816535916621997e-07
-2.219787500000891486e-07
-3.463221846347477640e-10
-2.762641563666362599e-02
-2.645717273318192418e-04
6.229816535916620939e-07
2.379553209014257861e-02
-2.677582792265078407e-13
-4.989337136632893762e-07
-2.645717306727283884e-04
-2.722955804733635451e-02
-2.219787500000891486e-07
-2.677582792265078407e-13
2.441570802733334170e-02
-9.070280625928681117e-02
6.671901470553485057e-07
1.983028333332633416e-07
9.021847508000011007e-02
6.029319331924340376e-08
-4.390273717075787401e-07
6.671901470553485057e-07
2.368041888528657143e-02
-1.677362554771648456e-13
2.688762207702042555e-08
-2.184645532486828232e-02
-1.038277870864215803e-03
1.983028333332633416e-07
-1.677362554771648456e-13
2.408738350300011072e-02
-1.750440228984523364e-07
-1.038277868023309907e-03
-2.098122377079834899e-02
9.021847508000011007e-02
2.688762207702042555e-08
-1.750440228984523364e-07
-6.953784117600012027e-02
5.913018895081563773e-07
-1.773020000002308777e-07
6.029319331924340376e-08
-2.184645532486828232e-02
-1.038277868023309907e-03
5.913018895081564832e-07
2.262391722300024707e-02
-1.719875077609764095e-13
-4.390273717075787401e-07
-1.038277870864215803e-03
-2.098122377079834899e-02
-1.773020000002308777e-07
-1.719875077609764095e-13
2.310437300600011110e-02
3.075367914198636754e+00
-1.745738249168788821e-05
5.830299999996896368e-06
-3.028335551771000222e+00
5.768211999396026131e-06
1.147463000020132341e-05
-1.745738249168788821e-05
-2.613854446413046428e-01
-7.858393282597491594e-11
5.737217999396027355e-06
2.595210571800004584e-01
1.756570238151991102e-21
5.830299999996896368e-06
-7.858393282597491594e-11
-2.613854440423331593e-01
1.147463000020132341e-05
1.754672403007260451e-21
2.595210574769998280e-01
-3.028335551771000222e+00
5.737217999396027355e-06
1.147463000020132341e-05
3.075367914192896457e+00
-1.756042573139642994e-05
-5.830299999983680113e-06
5.768211999396026131e-06
2.595210571800004584e-01
1.754672403007260451e-21
-1.756042573139642655e-05
-2.621424824928963448e-01
7.955849726696828987e-11
1.147463000020132341e-05
1.756570238151991102e-21
2.595210574769998280e-01
-5.830299999983680113e-06
7.955849726696828987e-11
-2.621424818999998352e-01
8.969684098770029923e-01
-3.866217666509252153e-06
1.311743777777776101e-06
-8.860655276800002422e-01
-1.605758666822012367e-06
-3.369537999948479942e-06
-3.866217666509252153e-06
4.007466004266648646e-02
-9.133333333092375101e-12
-1.302688666822012234e-06
-4.039893059400005704e-02
-7.995107864718436216e-19
1.311743777777776101e-06
-9.133333333092375101e-12
4.369300049299994909e-02
-2.725776999948482414e-06
-7.993739718093641815e-19
-4.474832929200005249e-02
-8.860655276800002422e-01
-1.302688666822012234e-06
-2.725776999948482414e-06
8.295989679951083495e-01
-2.849706792561133998e-06
1.192193444448811349e-06
-1.605758666822012367e-06
-4.039893059400005704e-02
-7.993739718093641815e-19
-2.849706792561134421e-06
4.421816590672768971e-02
-7.465556811603914319e-12
-3.369537999948479942e-06
-7.995107864718436216e-19
-4.474832929200005249e-02
1.192193444448811349e-06
-7.465556811603914319e-12
4.693657617666659870e-02
-5.146125715584510402e-02
7.939334891849455874e-07
-2.430509222222205813e-07
5.287252191900004145e-02
-4.039349999746290044e-07
1.733043333247886078e-07
7.939334891849455874e-07
8.602541837384507228e-02
-2.702931173584604808e-14
-4.037429999746291043e-07
-8.524033810000007649e-02
5.655761819409274356e-23
-2.430509222222205813e-07
-2.702931173584604808e-14
8.614072637833346258e-02
1.824289999914552361e-07
5.824554887735752288e-23
-8.667251330000008691e-02
5.287252191900004145e-02
-4.037429999746291043e-07
1.824289999914552361e-07
-5.140574888180373531e-02
7.885966865125766971e-07
-2.407009777777758030e-07
-4.039349999746290044e-07
-8.524033810000007649e-02
5.824554887735752288e-23
7.885966865125766971e-07
8.749082234597037322e-02
3.031320162982810258e-14
1.733043333247886078e-07
5.655761819409274356e-23
-8.667251330000008691e-02
-2.407009777777758030e-07
3.031320162982810258e-14
8.698485235116680536e-02
-8.784592464605502082e-02
9.010065291617602127e-07
-2.790999666666599680e-07
8.463962213400007262e-02
-2.251588333030393920e-07
-5.092470000098317833e-07
9.010065291617603185e-07
7.527966793422240233e-02
-5.911113596004075951e-14
-2.364931666363727220e-07
-8.027284315600004272e-02
2.663841821236596715e-19
-2.790999666666599680e-07
-5.911113596004075951e-14
7.697151789400002997e-02
-5.015730000098318166e-07
2.663848977868383169e-19
-7.592116807000000300e-02
8.463962213400007262e-02
-2.364931666363727220e-07
-5.015730000098318166e-07
-9.080382147580219609e-02
8.842872019038594318e-07
-2.793434555555533440e-07
-2.251588333030393920e-07
-8.027284315600004272e-02
2.663848977868383169e-19
8.842872019038594318e-07
7.664067477896958913e-02
3.147373364703067597e-14
-5.092470000098317833e-07
2.663841821236596715e-19
-7.592116807000000300e-02
-2.793434555555533440e-07
3.147373364703067597e-14
7.765482696383335659e-02
-8.990418362315970302e-02
5.543295652111442686e-07
1.991489333333318704e-07
8.846344352599992689e-02
-7.376341023948359899e-09
-4.420208493781806162e-07
5.543295652111443745e-07
2.199618508082594112e-02
-3.179314681572569376e-14
-8.418572308261038017e-09
-2.161461721699997965e-02
1.125946740000013588e-04
1.991489333333318704e-07
-3.179314681572569376e-14
2.212129047500010007e-02
-4.411706963331351028e-07
1.125946740000013588e-04
-2.178350922799998299e-02
8.846344352599992689e-02
-8.418572308261038017e-09
-4.411706963331351028e-07
-8.966406015432255849e-02
5.664988619166331098e-07
-1.992223333333246692e-07
-7.376341023948359899e-09
-2.161461721699997965e-02
1.125946740000013588e-04
5.664988619166330040e-07
2.162086919865546797e-02
6.252250437510523976e-14
-4.420208493781806162e-07
1.125946740000013588e-04
-2.178350922799998299e-02
-1.992223333333246692e-07
6.252250437510523976e-14
2.212129047500009660e-02
1.880670037007613704e+00
-1.003782908314295671e-05
3.312179488887353356e-06
-1.911800444782000730e+00
3.529108499628993361e-06
7.131726333457083928e-06
-1.003782908314295671e-05
-1.068890593167859532e-01
-5.609057858739707123e-11
4.189252499628991864e-06
1.078466428849166187e-01
-1.833333325914406450e-11
3.312179488887353356e-06
-5.609057858739707123e-11
-1.057957615584997346e-01
8.948431666790418159e-06
-6.083333258769903703e-12
1.090410399069166314e-01
-1.911800444782000730e+00
4.189252499628991864e-06
8.948431666790418159e-06
1.758264112383076450e+00
-1.113440559844442701e-05
-3.176348176137233987e-06
3.529108499628993361e-06
1.078466428849166187e-01
-6.083333258769903703e-12
-1.113440559844442701e-05
-9.899310773991568113e-02
5.673035682814403838e-11
7.131726333457083928e-06
-1.833333325914406450e-11
1.090410399069166314e-01
-3.176348176137233987e-06
5.673035682814403838e-11
-9.800904170999980014e-02
8.462623049425007649e-01
-4.283528388736272171e-06
1.427392733333333815e-06
-1.066186358527000833e+00
-1.799447166862497518e-06
-3.353532333267936459e-06
-4.283528388736272171e-06
1.544822044066675344e-02
-2.166666666640447253e-11
-2.531762500195831023e-06
-1.335017759999962297e-04
-9.833332982003769514e-12
1.427392733333333815e-06
-2.166666666640447253e-11
1.636014121283343656e-02
-4.806945333267937378e-06
-4.499999648982265338e-12
1.781556901000001499e-03
-1.066186358527000833e+00
-2.531762500195831023e-06
-4.806945333267937378e-06
9.131165915267703825e-01
-3.709809246591771855e-06
1.431197900011911781e-06
-1.799447166862497518e-06
-1.335017759999962297e-04
-4.499999648982265338e-12
-3.709809246591771431e-06
1.563628441656258333e-02
-2.086501794092985423e-11
-3.353532333267936459e-06
-9.833332982003769514e-12
1.781556901000001499e-03
1.431197900011911781e-06
-2.086501794092985423e-11
1.645538449366675329e-02
1.763269549101776357e-01
-9.590842611175932476e-08
3.965654603174587823e-08
-1.783966979820003074e-01
-8.745325001609151100e-08
-1.176476666613646240e-07
-9.590842611175932476e-08
9.249582158432254064e-02
2.081966275001857833e-15
-9.867133334942486146e-08
-9.079839680399999502e-02
-3.333333518778759174e-12
3.965654603174587823e-08
2.081966275001857833e-15
9.240263188600002231e-02
-1.395619999946979072e-07
-1.854501358561774173e-19
-9.180782991199995524e-02
-1.783966979820003074e-01
-9.867133334942486146e-08
-1.395619999946979072e-07
1.816424030001674295e-01
-1.571883333170181821e-07
5.438134603174597446e-08
-8.745325001609151100e-08
-9.079839680399999502e-02
-1.854501358561774173e-19
-1.571883333170181821e-07
9.282198574899953869e-02
9.989691202665348028e-24
-1.176476666613646240e-07
-3.333333518778759174e-12
-9.180782991199995524e-02
5.438134603174597446e-08
9.989691202665348028e-24
9.284528325866671372e-02
4.394433385276230036e-02
4.896234142060123451e-07
-1.372804190476182669e-07
-6.052848138700001046e-02
-8.189858053071418027e-08
1.857507642315430713e-07
4.896234142060124510e-07
9.037575451407064975e-02
-9.931894226538814185e-15
-7.055711809056782560e-08
-9.010815704333330345e-02
8.919914333331916952e-05
-1.372804190476182669e-07
-9.931894226538814185e-15
9.070191871733321309e-02
1.668761396980258157e-07
8.919914666664426766e-05
-9.010815704666662318e-02
-6.052848138700001046e-02
-7.055711809056782560e-08
1.668761396980258157e-07
5.323401575283340237e-02
4.413806111042105084e-07
-1.224495301587297428e-07
-8.189858053071418027e-08
-9.010815704333330345e-02
8.919914666664426766e-05
4.413806111042105084e-07
9.079510843999959169e-02
-2.249361377489785025e-23
1.857507642315430713e-07
8.919914333331916952e-05
-9.010815704666662318e-02
-1.224495301587297428e-07
-2.249361377489785025e-23
9.130765217466656203e-02
-1.065543502226517086e-01
8.696554296702051931e-07
2.489719301585589546e-07
1.080688835269997816e-01
-2.513469999743822370e-07
-4.896140000086518123e-07
8.696554296702051931e-07
3.307160762881795890e-02
-2.921577251510273456e-13
-2.492984999743821773e-07
-3.138829044699998488e-02
-3.333333445970952544e-12
2.489719301585589546e-07
-2.921577251510273456e-13
3.297936180149998314e-02
-4.916180000086519671e-07
-1.126378597617023105e-19
-3.322658278799996839e-02
1.080688835269997816e-01
-2.492984999743821773e-07
-4.916180000086519671e-07
-1.070722750541968082e-01
7.775152965298269165e-07
-2.479013888888347069e-07
-2.513469999743822370e-07
-3.138829044699998488e-02
-1.126378597617023105e-19
7.775152965298268106e-07
3.293989252502977499e-02
1.645103124425717101e-13
-4.896140000086518123e-07
-3.333333445970952544e-12
-3.322658278799996839e-02
-2.479013888888347069e-07
1.645103124425717101e-13
3.264336933949998909e-02
3.075367914198642971e+00
-1.737231114543460135e-05
5.830299999996843005e-06
-3.060172582843000644e+00
5.799205999390114310e-06
1.159861000020329306e-05
-1.737231114543460135e-05
-2.621424824986446911e-01
-7.993948838153050386e-11
5.737217999390114218e-06
2.598713684530005175e-01
1.779345178372761571e-21
5.830299999996843005e-06
-7.993948838153050386e-11
-2.621424818999998352e-01
1.147463000020329531e-05
1.752774751560397489e-21
2.598713687529998762e-01
-3.060172582843000644e+00
5.737217999390114218e-06
1.147463000020329531e-05
3.075367914192897345e+00
-1.755831006472976480e-05
-5.830299999983400592e-06
5.799205999390114310e-06
2.598713684530005175e-01
1.752774751560397489e-21
-1.755831006472976141e-05
-2.621424824928972330e-01
8.091405282252385195e-11
1.159861000020329306e-05
1.779345178372761571e-21
2.598713687529998762e-01
-5.830299999983400592e-06
8.091405282252385195e-11
-2.621424818999998352e-01
8.267807868633364476e-01
-3.307453333189456396e-06
1.203085166666665059e-06
-9.009054575019999067e-01
-1.711544000159071930e-06
-3.476723999947230189e-06
-3.307453333189456396e-06
4.363196847933317052e-02
-7.433333333112332826e-12
-1.597300000159071877e-06
-3.495373362600004419e-02
-7.834826821943747029e-19
1.203085166666665059e-06
-7.433333333112332826e-12
4.216714557333327285e-02
-3.132661999947232280e-06
-7.834124836028783659e-19
-3.921587040600004598e-02
-9.009054575019999067e-01
-1.597300000159071877e-06
-3.132661999947232280e-06
7.928968999753278624e-01
-2.461183263332451324e-06
1.148445500004105964e-06
-1.711544000159071930e-06
-3.495373362600004419e-02
-7.834124836028783659e-19
-2.461183263332451324e-06
4.509907248300801946e-02
-7.012283320701800694e-12
-3.476723999947230189e-06
-7.834826821943747029e-19
-3.921587040600004598e-02
1.148445500004105964e-06
-7.012283320701800694e-12
4.723775875466660473e-02
-5.179607994518526520e-02
8.246861511662544313e-07
-2.468930222222205890e-07
5.871730549500005919e-02
-4.656729999735911971e-07
2.193531047531555700e-07
8.246861511662545372e-07
8.548631667651852839e-02
-2.745658564894540490e-14
-4.524191666402576625e-07
-8.504824605100008705e-02
6.799719585941022558e-23
-2.468930222222205890e-07
-2.745658564894540490e-14
8.548793776100012398e-02
2.144964380864890431e-07
6.791660389463638314e-23
-8.416482898200007556e-02
5.871730549500005919e-02
-4.524191666402576625e-07
2.144964380864890431e-07
-5.213090273412655795e-02
8.302947186193811105e-07
-2.433244555555535560e-07
-4.656729999735911971e-07
-8.504824605100008705e-02
6.791660389463638314e-23
8.302947186193811105e-07
8.664108164962648628e-02
3.064359501494585231e-14
2.193531047531555700e-07
6.799719585941022558e-23
-8.416482898200007556e-02
-2.433244555555535560e-07
3.064359501494585231e-14
8.624427271150013341e-02
-8.165081646973390561e-02
9.302529268766443008e-07
-2.804771333333266390e-07
8.320154831900003489e-02
-2.411340213991901280e-07
-4.833545000096685788e-07
9.302529268766443008e-07
7.460242527140110991e-02
-5.940280882208087662e-14
-2.479921047325235109e-07
-7.674241871500001033e-02
1.254630277158878030e-19
-2.804771333333266390e-07
-5.940280882208087662e-14
7.649031766316671810e-02
-4.882650000096686015e-07
1.254617057351809234e-19
-7.469224990799999686e-02
8.320154831900003489e-02
-2.479921047325235109e-07
-4.882650000096686015e-07
-8.499904436245703243e-02
9.370118198268017556e-07
-2.783150222222200613e-07
-2.411340213991901280e-07
-7.674241871500001033e-02
1.254617057351809234e-19
9.370118198268016497e-07
7.613901416112425768e-02
3.135785967123737602e-14
-4.833545000096685788e-07
1.254630277158878030e-19
-7.469224990799999686e-02
-2.783150222222200613e-07
3.135785967123737602e-14
7.761272122033338605e-02
-9.059767005196277256e-02
6.608757367429475963e-07
2.103480888888144623e-07
8.921029744200011102e-02
3.892577196018418472e-08
-3.144728170715066116e-07
6.608757367429475963e-07
2.188443824546256952e-02
-1.779248444609550039e-13
5.342840859049301628e-08
-2.070244788446152714e-02
-1.015782830768938641e-05
2.103480888888144623e-07
-1.779248444609550039e-13
2.221307926466677823e-02
-4.443019696485776511e-07
-1.015782830769139896e-05
-2.069398302753844981e-02
8.921029744200011102e-02
5.342840859049301628e-08
-4.443019696485776511e-07
-6.949242726977657159e-02
5.297664752049107527e-07
-1.693212222227595761e-07
3.892577196018418472e-08
-2.070244788446152714e-02
-1.015782830769139896e-05
5.297664752049107527e-07
1.999190841094335841e-02
-5.125833941351074679e-13
-3.144728170715066116e-07
-1.015782830768938641e-05
-2.069398302753844981e-02
-1.693212222227595761e-07
-5.125833941351074679e-13
2.024705827066677205e-02
3.227671889628839885e+00
-1.781163528700661412e-05
6.066992888888017623e-06
-3.297183300672006823e+00
6.485141666002096529e-06
1.309967966688806222e-05
-1.781163528700661412e-05
-3.109852853293473829e-01
-3.847319650304095916e-11
7.302875999335429139e-06
3.205672733870001401e-01
-3.324444456871574478e-11
6.066992888888017623e-06
-3.847319650304095916e-11
-3.092340057443335732e-01
1.491347300022139908e-05
-5.100000012388802778e-11
3.185057734449999733e-01
-3.297183300672006823e+00
7.302875999335429139e-06
1.491347300022139908e-05
3.085070027714306384e+00
-1.670809856851397711e-05
-5.754721555548039303e-06
6.485141666002096529e-06
3.205672733870001401e-01
-5.100000012388802778e-11
-1.670809856851398050e-05
-2.884832818301462654e-01
3.653914193613187240e-11
1.309967966688806222e-05
-3.324444456871574478e-11
3.185057734449999733e-01
-5.754721555548039303e-06
3.653914193613187240e-11
-2.857881317731670312e-01
2.776454215922885896e-02
7.191040346082990893e-07
-2.359954499999990813e-07
-3.427789788399993043e-02
-1.725966335487639391e-07
5.180065110527036214e-07
7.191040346082991951e-07
9.425949500243765988e-02
-1.707367928802287349e-14
-1.688293100399582454e-07
-9.370020971583335745e-02
-4.391458451666645701e-04
-2.359954499999990813e-07
-1.707367928802287349e-14
9.336838682766629427e-02
5.097237922010491781e-07
-4.391458438333239599e-04
-9.370020971716670755e-02
-3.427789788399993043e-02
-1.688293100399582454e-07
5.097237922010491781e-07
2.844742332066661078e-02
6.953550555433052060e-07
-2.320181555555553972e-07
-1.725966335487639391e-07
-9.370020971583335745e-02
-4.391458438333239599e-04
6.953550555433052060e-07
9.512207944766667977e-02
-4.262104373177753641e-23
5.180065110527036214e-07
-4.391458451666645701e-04
-9.370020971716670755e-02
-2.320181555555553972e-07
-4.262104373177753641e-23
9.386953364366627806e-02
-4.534601479452433220e-02
8.513125956706879481e-07
-2.918511333333308541e-07
4.568232937100006469e-02
-5.080993333093596921e-07
2.457424666587756668e-07
8.513125956706879481e-07
8.608200901435743291e-02
-3.245630665048088532e-14
-4.831614999760264083e-07
-8.482393606700008859e-02
7.472726800354840787e-23
-2.918511333333308541e-07
-3.245630665048088532e-14
8.411705289183296630e-02
2.408271333254423891e-07
1.944444444519795445e-12
-8.318594588300010084e-02
4.568232937100006469e-02
-4.831614999760264083e-07
2.408271333254423891e-07
-3.988296550345370867e-02
8.535796003964106541e-07
-2.876912999999970964e-07
-5.080993333093596921e-07
-8.482393606700008859e-02
1.944444444519795445e-12
8.535796003964106541e-07
8.677754451978683670e-02
3.623103015434647818e-14
2.457424666587756668e-07
7.472726800354840787e-23
-8.318594588300010084e-02
-2.876912999999970964e-07
3.623103015434647818e-14
8.461819970783296396e-02
-1.180588342765621079e-01
8.422449613932137638e-07
2.881115555555455437e-07
1.179799960239999446e-01
-2.853782499692763512e-07
-5.769283333434672079e-07
8.422449613932138697e-07
4.744263012956177750e-02
-7.696333594086398247e-14
-2.330139166359427656e-07
-4.927364594310010282e-02
-2.244444336562275823e-12
2.881115555555455437e-07
-7.696333594086398247e-14
4.743626509166661703e-02
-4.802253333434670599e-07
-9.999989209686124905e-14
-4.751029865910010030e-02
1.179799960239999446e-01
-2.330139166359427656e-07
-4.802253333434670599e-07
-1.183104814426884505e-01
8.418982322479542645e-07
-2.811849111111063781e-07
-2.853782499692763512e-07
-4.927364594310010282e-02
-9.999989209686124905e-14
8.418982322479542645e-07
4.374203237268799171e-02
5.304499937391543974e-14
-5.769283333434672079e-07
-2.244444336562275823e-12
-4.751029865910010030e-02
-2.811849111111063781e-07
5.304499937391543974e-14
4.429944206149986907e-02
-1.068236905854750979e-01
8.743844307919258319e-07
2.526167777776038832e-07
1.071675180449997988e-01
-2.442649999746092052e-07
-4.892173333418401532e-07
8.743844307919257260e-07
3.362131104647463758e-02
-2.964347952136008456e-13
-2.422869999746091858e-07
-3.105396479809996793e-02
-2.244444487824153263e-12
2.526167777776038832e-07
-2.964347952136008456e-13
3.353566340983327870e-02
-4.876920000085067490e-07
-1.000000433793080790e-13
-3.176118385009996797e-02
1.071675180449997988e-01
-2.422869999746091858e-07
-4.876920000085067490e-07
-1.067587050893373662e-01
7.965431958140670672e-07
-2.458995555555014903e-07
-2.442649999746092052e-07
-3.105396479809996793e-02
-1.000000433793080790e-13
7.965431958140669613e-07
3.122359359500366180e-02
1.631818720147035429e-13
-4.892173333418401532e-07
-2.244444487824153263e-12
-3.176118385009996797e-02
-2.458995555555014903e-07
1.631818720147035429e-13
3.152336045216667937e-02
3.943741912033321695e-02
-1.277544444415629701e-08
-5.114753535353541205e-09
-8.313166357100000570e-02
4.651499911877304937e-10
-1.205416663732026721e-09
-1.277544444415629701e-08
3.473169379499987247e-02
-3.131883272749161261e-25
6.377358332452108140e-08
-3.515992540199994187e-02
2.699999999721630829e-11
-5.114753535353541205e-09
-3.131883272749161261e-25
3.452095248599987287e-02
1.276402500029346552e-07
1.349999999724385543e-11
-3.520531906499994867e-02
-8.313166357100000570e-02
6.377358332452108140e-08
1.276402500029346552e-07
3.693602852166654599e-02
-8.018444444307144133e-09
-2.441853535353535267e-09
4.651499911877304937e-10
-3.515992540199994187e-02
1.349999999724385543e-11
-8.018444444307144133e-09
3.469377186966653842e-02
-1.495204058028677564e-25
-1.205416663732026721e-09
2.699999999721630829e-11
-3.520531906499994867e-02
-2.441853535353535267e-09
-1.495204058028677564e-25
3.459506213199986524e-02
3.792603089333353075e-03
1.751409999982384028e-07
6.258760490620503825e-08
-7.536353201200000906e-02
-4.927826667445108774e-08
-8.521933333070219711e-08
1.751409999982384028e-07
3.255855642166652353e-02
3.832385500734158777e-24
6.110233332554891136e-08
-3.298689400599994631e-02
2.700000003637769128e-11
6.258760490620503825e-08
3.832385500734158777e-24
3.250751495833319182e-02
1.058018333359644877e-07
2.700000003641954145e-11
-3.239248442499995800e-02
-7.536353201200000906e-02
6.110233332554891136e-08
1.058018333359644877e-07
3.755531246833355291e-03
1.764666666649166489e-07
6.253030995671010911e-08
-4.927826667445108774e-08
-3.298689400599994631e-02
2.700000003641954145e-11
1.764666666649166489e-07
3.233275907399985744e-02
3.828877196908845160e-24
-8.521933333070219711e-08
2.700000003637769128e-11
-3.239248442499995800e-02
6.253030995671010911e-08
3.828877196908845160e-24
3.242636141799985772e-02
-3.348407780699996089e-02
8.509199999721228740e-08
3.337497979797982271e-08
3.392615116799992114e-02
-4.328633332504303531e-08
-5.219750000279403219e-08
8.509199999721228740e-08
1.203643967133328531e-02
2.043628109060178332e-24
-4.256308332504303577e-08
-1.120415990000001027e-02
1.079999999694388836e-10
3.337497979797982271e-08
2.043628109060178332e-24
1.206153296583329856e-02
-5.077125000279402959e-08
1.079999999694391808e-10
-1.170314680600001087e-02
3.392615116799992114e-02
-4.256308332504303577e-08
-5.077125000279402959e-08
-3.320293526999994888e-02
7.849099999174893084e-08
-3.000920101010106853e-08
-4.328633332504303531e-08
-1.120415990000001027e-02
1.079999999694391808e-10
7.849099999174893084e-08
1.171191296533328867e-02
-5.512600794298468422e-24
-5.219750000279403219e-08
1.079999999694388836e-10
-1.170314680600001087e-02
-3.000920101010106853e-08
-5.512600794298468422e-24
1.194879423549996544e-02
-2.518824254683341840e-02
6.847316666472567585e-08
2.567555555555561716e-08
2.413275655500003378e-02
-2.763174999436517478e-08
-5.410725000188169328e-08
6.847316666472567585e-08
6.514972991000022445e-03
1.572174346372061521e-24
-2.763174999436517478e-08
-6.542008958000004176e-03
9.449999999664755009e-11
2.567555555555561716e-08
1.572174346372061521e-24
6.924585050666685719e-03
-5.410725000188169328e-08
9.449999999664755009e-11
-6.596623861000001574e-03
2.413275655500003378e-02
-2.763174999436517478e-08
-5.410725000188169328e-08
-2.478952628016674667e-02
7.137833332761987268e-08
-2.734633333333337115e-08
-2.763174999436517478e-08
-6.542008958000004176e-03
9.449999999664755009e-11
7.137833332761987268e-08
6.314718233000021601e-03
-5.023439937762491761e-24
-5.410725000188169328e-08
9.449999999664755009e-11
-6.596623861000001574e-03
-2.734633333333337115e-08
-5.023439937762491761e-24
6.715227796000022668e-03
-2.148839060004023582e-02
1.468649803577735007e-07
4.933586666666607191e-08
2.154690743900002786e-02
3.273055869256504954e-08
-1.000640948209149630e-07
1.468649803577735007e-07
5.727272924706859961e-03
6.664903262951187904e-15
3.273055869256505616e-08
-5.731161113500000438e-03
-1.415777284999994640e-04
4.933586666666607191e-08
6.664903262951187904e-15
5.949923640000018450e-03
-1.000640948209149498e-07
-1.415777284999991659e-04
-5.731161113500000438e-03
2.154690743900002786e-02
3.273055869256505616e-08
-1.000640948209149498e-07
-2.148839060000005963e-02
1.503909444394388618e-07
-4.933586666666652852e-08
3.273055869256504954e-08
-5.731161113500000438e-03
-1.415777284999991659e-04
1.503909444394388618e-07
5.757807357000016557e-03
-9.062851679474063019e-24
-1.000640948209149630e-07
-1.415777284999994640e-04
-5.731161113500000438e-03
-4.933586666666652852e-08
-9.062851679474063019e-24
5.985067932000018992e-03
2.622550342000000700e-01
-1.240299999985499652e-06
-4.133999999999987122e-07
-2.022226915820000692e-01
4.099689999677864733e-07
8.200370000107124782e-07
-1.240299999985499652e-06
2.541373740000007000e-02
-2.531344933837571196e-23
3.931759999677864102e-07
-2.686461580100003160e-02
-2.506731119092123361e-20
-4.133999999999987122e-07
-2.531344933837571196e-23
2.541373740000007000e-02
7.870970000107125022e-07
-2.507439044544061452e-20
-2.727606299500003051e-02
-2.022226915820000692e-01
3.931759999677864102e-07
7.870970000107125022e-07
2.622550342000000700e-01
-1.240299999985499652e-06
-4.133999999999987122e-07
4.099689999677864733e-07
-2.686461580100003160e-02
-2.507439044544061452e-20
-1.240299999985499652e-06
2.541373740000007000e-02
-2.531344933837571196e-23
8.200370000107124782e-07
-2.506731119092123361e-20
-2.727606299500003051e-02
-4.133999999999987122e-07
-2.531344933837571196e-23
2.541373740000007000e-02
4.532088339466668059e-02
-5.554183333274081792e-08
-1.116211468253969242e-08
-6.143241395999995969e-02
-2.267439683007892992e-08
-3.132833333178852750e-08
-5.554183333274081792e-08
3.564188968733315171e-02
-6.834824008843954624e-25
4.238111666198454915e-08
-3.594419246699997322e-02
-1.592589812026568232e-20
-1.116211468253969242e-08
-6.834824008843954624e-25
3.547521813966648258e-02
8.661425000154472754e-08
-1.590024891787314955e-20
-3.620414575499997234e-02
-6.143241395999995969e-02
4.238111666198454915e-08
8.661425000154472754e-08
4.524641704683336069e-02
-5.856688888830194255e-08
-1.225318373015875162e-08
-2.267439683007892992e-08
-3.594419246699997322e-02
-1.590024891787314955e-20
-5.856688888830194255e-08
3.565851491066648199e-02
-7.502911117251670379e-25
-3.132833333178852750e-08
-1.592589812026568232e-20
-3.620414575499997234e-02
-1.225318373015875162e-08
-7.502911117251670379e-25
3.554955307433315531e-02
-3.188181874599992083e-02
2.729401666632586946e-07
8.099007539682532068e-08
3.533989196500002955e-02
-8.144596665599256321e-08
-1.772261333369362144e-07
2.729401666632586946e-07
2.379476217933327101e-02
4.959211829871246773e-24
-8.173839522742112401e-08
-2.276738620099996724e-02
-4.490531441885245122e-20
8.099007539682532068e-08
4.959211829871246773e-24
2.397307604733327560e-02
-1.773346333369362183e-07
-4.490535225606457095e-20
-2.350029569899996645e-02
3.533989196500002955e-02
-8.173839522742112401e-08
-1.773346333369362183e-07
-3.231545868283325351e-02
2.714079999896915205e-07
-8.084166468253957471e-08
-8.144596665599256321e-08
-2.276738620099996724e-02
-4.490535225606457095e-20
2.714079999896915205e-07
2.380734105266660294e-02
-1.485037288368235754e-23
-1.772261333369362144e-07
-4.490531441885245122e-20
-2.350029569899996645e-02
-8.084166468253957471e-08
-1.485037288368235754e-23
2.372706600333327615e-02
-3.473878771666656651e-02
2.628968888855386338e-07
8.030755952380943149e-08
3.780756649800004476e-02
-8.144596665610995668e-08
-1.767921333368718507e-07
2.628968888855386338e-07
1.998919202533327305e-02
4.917419785908437959e-24
-8.168763332277661062e-08
-1.966061842799996656e-02
-1.970207176614071775e-20
8.030755952380943149e-08
4.917419785908437959e-24
2.042350255533327552e-02
-1.768463833368718659e-07
-1.970209652951941304e-20
-1.998192898899996475e-02
3.780756649800004476e-02
-8.168763332277661062e-08
-1.768463833368718659e-07
-3.517268365733323271e-02
2.622588888787606410e-07
-8.057636309523797543e-08
-8.144596665610995668e-08
-1.966061842799996656e-02
-1.970209652951941304e-20
2.622588888787606410e-07
1.996662660599993547e-02
-1.480163777272771594e-23
-1.767921333368718507e-07
-1.970207176614071775e-20
-1.998192898899996475e-02
-8.057636309523797543e-08
-1.480163777272771594e-23
2.029550425999994412e-02
-2.205899641736719721e-02
1.410022224156471328e-07
4.759790793650735416e-08
2.090307322200000290e-02
3.482829702478048948e-08
-1.030558753971775901e-07
1.410022224156471328e-07
5.520938245367195719e-03
5.645049751913121544e-15
3.482829702478048948e-08
-5.304460654499996292e-03
-6.099894150000126028e-05
4.759790793650735416e-08
5.645049751913121544e-15
5.453175086833364493e-03
-1.030558753971775901e-07
-6.099894150000117896e-05
-5.304460654499996292e-03
2.090307322200000290e-02
3.482829702478048948e-08
-1.030558753971775901e-07
-2.196726676783337245e-02
1.434614999949709310e-07
-4.772954682539657466e-08
3.482829702478048948e-08
-5.304460654499996292e-03
-6.099894150000117896e-05
1.434614999949709310e-07
5.407999647833363482e-03
-8.767775511671343241e-24
-1.030558753971775901e-07
-6.099894150000126028e-05
-5.304460654499996292e-03
-4.772954682539657466e-08
-8.767775511671343241e-24
5.302590290166696481e-03
1.869345053916669219e-01
-8.316553333235893317e-07
-2.739473999999988681e-07
-1.796339732290001545e-01
1.909652833055808841e-07
3.608192666760353208e-07
-8.316553333235893317e-07
2.778250648900001951e-02
-1.677444032723691212e-23
3.483870499722470755e-07
-2.855737764700003178e-02
1.179547932700603484e-19
-2.739473999999988681e-07
-1.677444032723691212e-23
2.784145400966668918e-02
7.104213333427013740e-07
1.180286534309811346e-19
-2.663176375600002574e-02
-1.796339732290001545e-01
3.483870499722470755e-07
7.104213333427013740e-07
1.895928769966670202e-01
-8.462923333234205610e-07
-2.789893166666654793e-07
1.909652833055808841e-07
-2.855737764700003178e-02
1.180286534309811346e-19
-8.462923333234205610e-07
2.768867512000003361e-02
-1.708316868260696143e-23
3.608192666760353208e-07
1.179547932700603484e-19
-2.663176375600002574e-02
-2.789893166666654793e-07
-1.708316868260696143e-23
2.774762264066669287e-02
1.266828251233329816e-01
-4.876766666607130812e-07
-1.588297333333333102e-07
-9.947968418100001931e-02
7.782614998726464759e-08
1.401956000042832587e-07
-4.876766666607130812e-07
2.944008834133329117e-02
-9.725516226804714969e-24
2.202492666539309696e-07
-3.015153060400001944e-02
3.827569488233874245e-20
-1.588297333333333102e-07
-9.725516226804714969e-24
2.900536034299996263e-02
4.260391666709495817e-07
3.833692439438258711e-20
-2.952664140700001286e-02
-9.947968418100001931e-02
2.202492666539309696e-07
4.260391666709495817e-07
1.187077103083330337e-01
-4.361773333278949166e-07
-1.413739833333333493e-07
7.782614998726464759e-08
-3.015153060400001944e-02
3.833692439438258711e-20
-4.361773333278949166e-07
2.987813144933329154e-02
-8.656659808593897332e-24
1.401956000042832587e-07
3.827569488233874245e-20
-2.952664140700001286e-02
-1.413739833333333493e-07
-8.656659808593897332e-24
2.944340345099995954e-02
-2.140733212650002687e-02
2.559428888857705647e-07
8.675626349206359482e-08
1.563613377399998908e-02
-9.257833332512576224e-08
-1.974800000027567668e-07
2.559428888857705647e-07
2.952410474633328577e-02
5.312289019577003185e-24
-9.175166665845910670e-08
-2.904381937700001651e-02
-2.079124106811320120e-20
8.675626349206359482e-08
5.312289019577003185e-24
2.893048173999989217e-02
-1.957440000027567836e-07
-2.079087155135262623e-20
-2.938286542300001802e-02
1.563613377399998908e-02
-9.175166665845910670e-08
-1.957440000027567836e-07
-2.202554735883335835e-02
2.579760555524264917e-07
8.667941507936520185e-08
-9.257833332512576224e-08
-2.904381937700001651e-02
-2.079087155135262623e-20
2.579760555524264917e-07
2.908228599399994424e-02
5.307583411445470813e-24
-1.974800000027567668e-07
-2.079124106811320120e-20
-2.938286542300001802e-02
8.667941507936520185e-08
5.307583411445470813e-24
2.851145369999991130e-02
-2.923805838533330773e-02
2.877534444410459976e-07
9.101855714285721227e-08
2.779881300399996563e-02
-9.257833332353527259e-08
-2.025500000033199429e-07
2.877534444410459976e-07
2.627663740533324119e-02
5.573279233400527685e-24
-9.257833332353527259e-08
-2.553936270100000752e-02
-5.372928359506298877e-20
9.101855714285721227e-08
5.573279233400527685e-24
2.613696147333324435e-02
-2.025500000033199429e-07
-5.372928359506298877e-20
-2.641631342000001770e-02
2.779881300399996563e-02
-9.257833332353527259e-08
-2.025500000033199429e-07
-3.037145297783330408e-02
2.891301666632044197e-07
9.102733174603179371e-08
-9.257833332353527259e-08
-2.553936270100000752e-02
-5.372928359506298877e-20
2.891301666632044197e-07
2.618400868966657899e-02
5.573816522885104413e-24
-2.025500000033199429e-07
-5.372928359506298877e-20
-2.641631342000001770e-02
9.102733174603179371e-08
5.573816522885104413e-24
2.582269044333324742e-02
-2.818243035899994225e-02
8.434133333109631593e-08
2.983820883838379361e-08
2.790668296199995402e-02
-2.825791666005184062e-08
-5.312500000220640924e-08
8.434133333109631593e-08
8.343602980000013741e-03
1.827063347310848715e-24
-2.825791666005184062e-08
-8.102798911000009402e-03
-1.472340314370408454e-21
2.983820883838379361e-08
1.827063347310848715e-24
8.146165367000022736e-03
-5.312500000220640924e-08
-1.472340314370446446e-21
-8.126712936000011350e-03
2.790668296199995402e-02
-2.825791666005184062e-08
-5.312500000220640924e-08
-2.769519093699994439e-02
9.309963332675088578e-08
-3.157652828282823901e-08
-2.825791666005184062e-08
-8.102798911000009402e-03
-1.472340314370446446e-21
9.309963332675088578e-08
8.135196540000015977e-03
-5.800514143462720362e-24
-5.312500000220640924e-08
-1.472340314370408454e-21
-8.126712936000011350e-03
-3.157652828282823901e-08
-5.800514143462720362e-24
7.970665200666695108e-03
2.613689103316667040e-01
-1.235496666652222405e-06
-4.117587333333320674e-07
-2.040770605940000204e-01
3.962449999674528505e-07
7.925850000108439801e-07
-1.235496666652222405e-06
2.544501452300006877e-02
-2.521295073988168369e-23
3.996759999674528500e-07
-2.690306452200002738e-02
-4.484936042875345483e-21
-4.117587333333320674e-07
-2.521295073988168369e-23
2.544501452300006877e-02
7.994480000108441125e-07
-4.483465242069442696e-21
-2.697828716500002763e-02
-2.040770605940000204e-01
3.996759999674528500e-07
7.994480000108441125e-07
2.613689103316667040e-01
-1.235496666652222405e-06
-4.117587333333320674e-07
3.962449999674528505e-07
-2.690306452200002738e-02
-4.483465242069442696e-21
-1.235496666652222405e-06
2.544501452300006877e-02
-2.521295073988168369e-23
7.925850000108439801e-07
-4.484936042875345483e-21
-2.697828716500002763e-02
-4.117587333333320674e-07
-2.521295073988168369e-23
2.544501452300006877e-02
4.327808315116671301e-02
-6.686133333285292162e-08
-8.114557936507947104e-09
-5.296607576099994497e-02
-1.872445873327450655e-08
-2.365066666562430516e-08
-6.686133333285292162e-08
3.542570273899981609e-02
-4.968733701720104582e-25
3.090626666355091125e-08
-3.600464307399996872e-02
3.783206858776819462e-21
-8.114557936507947104e-09
-4.968733701720104582e-25
3.548987003933314760e-02
6.731750000104234727e-08
3.802956445346434433e-21
-3.594275675899996636e-02
-5.296607576099994497e-02
3.090626666355091125e-08
6.731750000104234727e-08
4.165476811016668307e-02
-5.872199999961577262e-08
-5.117994444444443037e-09
-1.872445873327450655e-08
-3.600464307399996872e-02
3.802956445346434433e-21
-5.872199999961577262e-08
3.537582706899981139e-02
-3.133867757221411487e-25
-2.365066666562430516e-08
3.783206858776819462e-21
-3.594275675899996636e-02
-5.117994444444443037e-09
-3.133867757221411487e-25
3.542187439266648169e-02
-3.260990797333324781e-02
2.753114444410154782e-07
8.057323134920633316e-08
3.562196774200002136e-02
-8.164592737044341597e-08
-1.776106500036047495e-07
2.753114444410154782e-07
2.341076728733327075e-02
4.933687493438235264e-24
-8.164592737044341597e-08
-2.158646947099996868e-02
-1.018135857336081012e-19
8.057323134920633316e-08
4.933687493438235264e-24
2.331791337199994388e-02
-1.776106500036047495e-07
-1.018135857336082577e-19
-2.324876032299997078e-02
3.562196774200002136e-02
-8.164592737044341597e-08
-1.776106500036047495e-07
-3.276182125533326495e-02
2.750988333229965032e-07
-8.030405674603171320e-08
-8.164592737044341597e-08
-2.158646947099996868e-02
-1.018135857336082577e-19
2.750988333229965032e-07
2.351620016533327237e-02
-1.475161590788627146e-23
-1.776106500036047495e-07
-1.018135857336081012e-19
-2.324876032299997078e-02
-8.030405674603171320e-08
-1.475161590788627146e-23
2.344591166733327875e-02
-3.579407709066653037e-02
2.630016666632439179e-07
7.910631984126977432e-08
3.783232761500004981e-02
-8.164592737050540819e-08
-1.769596500035404839e-07
2.630016666632439179e-07
2.011978264999993160e-02
4.843865069296889001e-24
-8.164592737050540819e-08
-1.903863091999996246e-02
-5.820623526876673857e-20
7.910631984126977432e-08
4.843865069296889001e-24
2.015492709199994542e-02
-1.769596500035404839e-07
-5.820623526876694320e-20
-1.998876164699996474e-02
3.783232761500004981e-02
-8.164592737050540819e-08
-1.769596500035404839e-07
-3.636241340283317969e-02
2.642168333229263538e-07
-7.981016309523803571e-08
-8.164592737050540819e-08
-1.903863091999996246e-02
-5.820623526876694320e-20
2.642168333229263538e-07
2.029550411333326879e-02
-1.466088911610172096e-23
-1.769596500035404839e-07
-5.820623526876673857e-20
-1.998876164699996474e-02
-7.981016309523803571e-08
-1.466088911610172096e-23
1.994406133999994390e-02
-2.149836482870760151e-02
1.494514110647196580e-07
5.211517936507874543e-08
2.061736118100002818e-02
3.404218284601440318e-08
-1.009468587116928169e-07
1.494514110647196580e-07
5.959004473040898503e-03
7.040367433826450407e-15
3.318729074755985742e-08
-6.065511206500001119e-03
2.274728094999992252e-04
5.211517936507874543e-08
7.040367433826450407e-15
5.733049756000018274e-03
-9.838076820276681479e-08
2.274728094999999570e-04
-6.065511206500001119e-03
2.061736118100002818e-02
3.318729074755985742e-08
-9.838076820276681479e-08
-2.153057132433339182e-02
1.531038611060618569e-07
-5.216251269841256477e-08
3.404218284601440318e-08
-6.065511206500001119e-03
2.274728094999999570e-04
1.531038611060618569e-07
5.959004473000018010e-03
-9.582098131739116537e-24
-1.009468587116928169e-07
2.274728094999992252e-04
-6.065511206500001119e-03
-5.216251269841256477e-08
-9.582098131739116537e-24
5.733049756000018274e-03
3.007466347268328843e-01
-1.491322999982552199e-06
-4.971076666666692848e-07
-2.550614155080005441e-01
5.272635713851806173e-07
1.005989714300145640e-06
-1.491322999982552199e-06
1.591276298833326289e-02
-3.043906564074729532e-23
4.109629999566094655e-07
-1.885320707800001994e-02
-3.146453026276711149e-20
-4.971076666666692848e-07
-3.043906564074729532e-23
1.591276298833326289e-02
7.984320000144322625e-07
-3.150977935245984797e-20
-1.936966885900003044e-02
-2.550614155080005441e-01
4.109629999566094655e-07
7.984320000144322625e-07
2.986992676719994466e-01
-1.479575999982689783e-06
-4.931920000000022103e-07
5.272635713851806173e-07
-1.885320707800001994e-02
-3.150977935245984797e-20
-1.479575999982689783e-06
1.610890172399993131e-02
-3.019930020825420871e-23
1.005989714300145640e-06
-3.146453026276711149e-20
-1.936966885900003044e-02
-4.931920000000022103e-07
-3.019930020825420871e-23
1.610849259866659750e-02
-2.735532941933339554e-02
2.659586666633552412e-07
8.229580978835962999e-08
2.345220998499996171e-02
-8.226281189585186601e-08
-1.813766666696575012e-07
2.659586666633552412e-07
2.672994967599988739e-02
5.039165002027701682e-24
-5.956658094347086280e-08
-2.505165355299998967e-02
-2.082684504605611676e-20
8.229580978835962999e-08
5.039165002027701682e-24
2.662143710699988244e-02
-1.358181333363242371e-07
-2.081708633592355426e-20
-2.539129718099998601e-02
2.345220998499996171e-02
-5.956658094347086280e-08
-1.358181333363242371e-07
-2.735068475283339295e-02
2.718426111078038679e-07
8.241901931216914326e-08
-8.226281189585186601e-08
-2.505165355299998967e-02
-2.081708633592355426e-20
2.718426111078038679e-07
2.666801414533322839e-02
5.046709409475591782e-24
-1.813766666696575012e-07
-2.082684504605611676e-20
-2.539129718099998601e-02
8.241901931216914326e-08
5.046709409475591782e-24
2.602116432566655910e-02
-3.354207618733349994e-02
2.821224444409575298e-07
8.229580978835962999e-08
3.106431411299994533e-02
-8.226281189501981496e-08
-1.813766666699195785e-07
2.821224444409575298e-07
2.341287783366659617e-02
5.039165002027701682e-24
-7.668599522835315840e-08
-2.196907743499999441e-02
-5.546369877130539405e-21
8.229580978835962999e-08
5.039165002027701682e-24
2.280862144766661326e-02
-1.625603333365863935e-07
-5.542571891238196007e-21
-2.205918908499999304e-02
3.106431411299994533e-02
-7.668599522835315840e-08
-1.625603333365863935e-07
-3.436586498950017221e-02
2.871523333227798705e-07
-8.269690185185165233e-08
-8.226281189501981496e-08
-2.196907743499999441e-02
-5.542571891238196007e-21
2.871523333227798705e-07
2.308733998866659837e-02
-1.519117442284094195e-23
-1.813766666699195785e-07
-5.546369877130539405e-21
-2.205918908499999304e-02
-8.269690185185165233e-08
-1.519117442284094195e-23
2.288072105233327977e-02
-3.337904523649995459e-02
1.104139722194263628e-07
4.066709074074071999e-08
3.380028889399992742e-02
-5.234369165825450866e-08
-8.586500000281252816e-08
1.104139722194263628e-07
1.227854349266662218e-02
2.490141125314154564e-24
-4.766746665825448493e-08
-1.199344350700001262e-02
-8.434950499110858304e-21
4.066709074074071999e-08
2.490141125314154564e-24
1.225212120166662734e-02
-8.469150000281254747e-08
-8.434448594459135973e-21
-1.213098677500000500e-02
3.380028889399992742e-02
-4.766746665825448493e-08
-8.469150000281254747e-08
-3.298824684349994929e-02
1.031993611028635975e-07
-3.897951957671951256e-08
-5.234369165825450866e-08
-1.199344350700001262e-02
-8.434448594459135973e-21
1.031993611028635975e-07
1.190765582866662280e-02
-7.160421582289670721e-24
-8.586500000281252816e-08
-8.434950499110858304e-21
-1.213098677500000500e-02
-3.897951957671951256e-08
-7.160421582289670721e-24
1.208213102699996072e-02
-2.783674506849994484e-02
8.302149999779129539e-08
2.614902857142846095e-08
2.768523846399996088e-02
-3.205043451725159977e-08
-6.482454762124364704e-08
8.302149999779129539e-08
8.227431512666678534e-03
1.601166207040627484e-24
-3.193547618391826292e-08
-8.014539483000010858e-03
-1.008458718930269103e-20
2.614902857142846095e-08
1.601166207040627484e-24
8.194525300000022466e-03
-6.591121428791030623e-08
-1.008477976756329021e-20
-8.179070752000007494e-03
2.768523846399996088e-02
-3.193547618391826292e-08
-6.591121428791030623e-08
-2.748458879816661690e-02
8.890183332679886420e-08
-2.834089682539672351e-08
-3.205043451725159977e-08
-8.014539483000010858e-03
-1.008477976756329021e-20
8.890183332679886420e-08
8.084837632666683899e-03
-5.206138287328121508e-24
-6.482454762124364704e-08
-1.008458718930269103e-20
-8.179070752000007494e-03
-2.834089682539672351e-08
-5.206138287328121508e-24
8.029993896000025069e-03
2.696652014638419859e-01
-4.502132060705890670e-01
1.689306510835632269e-01
-4.551885453279999605e-01
6.828636444443800246e-02
-2.570856716435400771e-02
2.649945130158395251e-02
4.725686918046577700e-01
-1.779208666847389153e-01
-4.502132060705891226e-01
1.826804115432825171e+00
-5.900606292262640107e-01
3.289624379227918533e-02
3.098783899352221954e-02
-1.166743333563415204e-02
5.157228632012820224e-01
-1.523870807084999557e+00
5.737351296544224155e-01
1.689306510835632269e-01
-5.900606292262640107e-01
2.093358081156664885e-01
-1.238396732134488219e-02
-1.166750250558414546e-02
4.393007576477825533e-03
-1.941675899185491549e-01
5.737337048577801912e-01
-2.160098331405858330e-01
-4.551885453279999605e-01
3.289624379227918533e-02
-1.238396732134488219e-02
4.672247291645083567e-01
-5.307473515841918538e-02
1.635844210688041506e-02
-6.854064023382468174e-02
1.402255811391528960e-02
-5.279285792784347599e-03
6.828636444443800246e-02
3.098783899352221954e-02
-1.166750250558414546e-02
-5.307473515841920619e-02
-3.999399430484171236e-02
7.942607601739948633e-03
-5.194800508370756714e-02
1.294175893808469265e-02
-4.872648568864491360e-03
-2.570856716435400771e-02
-1.166743333563415204e-02
4.393007576477825533e-03
1.635844210688041506e-02
7.942607601739948633e-03
1.211979986000001662e-03
1.955899121208160701e-02
-4.872991110106967075e-03
1.834745589906633563e-03
2.649945130158395251e-02
5.157228632012820224e-01
-1.941675899185491549e-01
-6.854064023382468174e-02
-5.194800508370756714e-02
1.955899121208160701e-02
1.884335446781449486e+00
-8.001513311813040694e-03
3.731339777177671291e-01
4.725686918046577700e-01
-1.523870807084999557e+00
5.737337048577801912e-01
1.402255811391528960e-02
1.294175893808469265e-02
-4.872991110106967075e-03
-8.001513311813143042e-03
6.749578397988799106e-01
-3.186479459831348393e-01
-1.779208666847389153e-01
5.737351296544224155e-01
-2.160098331405858330e-01
-5.279285792784347599e-03
-4.872648568864491360e-03
1.834745589906633563e-03
3.731339777177671291e-01
-3.186479459831348393e-01
2.095603976079995767e-01
4.860855654844118412e-01
-2.390233276606716639e-02
3.366383558725791897e-02
-4.711526644329999125e-01
1.343231886253084054e-02
-2.551856841127209119e-02
-3.245771156535180030e-02
-2.084819971203570946e-02
3.961235470435772038e-02
-2.390233276606716639e-02
2.906492920325474613e-02
-1.688384332470596605e-02
6.700850339245675337e-04
-9.210217279336893603e-03
1.749986449465253113e-02
-7.147875517289500880e-03
-3.501254902055306317e-02
6.652471019614358827e-02
3.366383558725791897e-02
-1.688384332470596605e-02
2.439191311700001155e-02
-1.269674142491735575e-03
1.749977915998030681e-02
-3.325043858066312891e-02
1.358163913849916131e-02
6.652483134055829639e-02
-1.263988316270948098e-01
-4.711526644329999125e-01
6.700850339245675337e-04
-1.269674142491735575e-03
4.693844831599685574e-01
-1.116885279894306920e-03
2.469003589959370849e-03
1.302774537581993710e-03
1.322748639225982152e-04
-2.513199335204243843e-04
1.343231886253084054e-02
-9.210217279336893603e-03
1.749977915998030681e-02
-1.116885279894306920e-03
9.231453735699101174e-03
-1.652922611604829353e-02
-1.132441885123154461e-02
6.712662934887242156e-04
-1.275387273138359158e-03
-2.551856841127209119e-02
1.749986449465253113e-02
-3.325043858066312891e-02
2.469003589959370849e-03
-1.652922611604829353e-02
3.113254152666657462e-02
2.151639005971973245e-02
-1.275411184995544006e-03
2.423234799595968669e-03
-3.245771156535180030e-02
-7.147875517289500880e-03
1.358163913849916131e-02
1.302774537581993710e-03
-1.132441885123154461e-02
2.151639005971973245e-02
1.771387087588433343e-02
-2.146699568367728926e-03
3.193400430031783938e-03
-2.084819971203570946e-02
-3.501254902055306317e-02
6.652483134055829639e-02
1.322748639225982152e-04
6.712662934887242156e-04
-1.275411184995544006e-03
-2.146699568367728926e-03
-3.006278760217668579e-03
5.767038908992512709e-03
3.961235470435772038e-02
6.652471019614358827e-02
-1.263988316270948098e-01
-2.513199335204243843e-04
-1.275387273138359158e-03
2.423234799595968669e-03
3.193400430031783938e-03
5.767038908992512709e-03
-1.042320885766664061e-02
4.874867019745758867e-01
-9.550505547328926037e-03
2.730933480350333439e-02
-4.770391470359997554e-01
7.207215786079320015e-03
-1.675416709308711824e-02
3.419479503006237365e-03
-1.738439304190926224e-02
4.042129990723034028e-02
-9.550505547328931241e-03
-1.856788999076193361e-04
6.854719776069764878e-05
8.888859979796345442e-04
-5.141624641408002253e-03
1.195536484731179669e-02
-9.872709866433414944e-03
-2.177891880637515890e-02
5.063938174012232868e-02
2.730933480350333439e-02
6.854719776069764878e-05
-3.868583863333314435e-04
-2.062687011284689009e-03
1.195531162902846445e-02
-2.779862832059199623e-02
2.295535022859175253e-02
5.063923418218894273e-02
-1.177441145412977952e-01
-4.770391470359997554e-01
8.888859979796345442e-04
-2.062687011284689009e-03
4.694028281764251465e-01
-1.212988079154312575e-03
3.242250497347284356e-03
2.693512980462332319e-03
4.789253759412979484e-04
-1.113579811980812189e-03
7.207215786079320015e-03
-5.141624641408002253e-03
1.195531162902846445e-02
-1.212988079154312358e-03
4.520161362240450280e-03
-1.037024579649555717e-02
-6.585264558699978170e-03
5.542715472078928824e-04
-1.288739403304242550e-03
-1.675416709308711824e-02
1.195536484731179669e-02
-2.779862832059199623e-02
3.242250497347284356e-03
-1.037024579649555717e-02
2.414493573166666060e-02
1.531161704883953617e-02
-1.288777601942661145e-03
2.996541806329791266e-03
3.419479503006237365e-03
-9.872709866433414944e-03
2.295535022859175253e-02
2.693512980462332319e-03
-6.585264558699978170e-03
1.531161704883953617e-02
6.076134964543818476e-03
-4.943095988748332122e-03
1.102933846938255504e-02
-1.738439304190926224e-02
-2.177891880637515890e-02
5.063923418218894273e-02
4.789253759412979484e-04
5.542715472078928824e-04
-1.288777601942661145e-03
-4.943095988748332122e-03
-5.683159974877151355e-03
1.326238123932079079e-02
4.042129990723034028e-02
5.063938174012232868e-02
-1.177441145412977952e-01
-1.113579811980812189e-03
-1.288739403304242550e-03
2.996541806329791266e-03
1.102933846938255504e-02
1.326238123932079079e-02
-3.110457272000002535e-02
4.763050482600330593e-01
-9.177642096358381088e-03
2.514326602666510160e-02
-4.718749063219999096e-01
5.895277327906977595e-03
-1.433751086433319305e-02
-2.287913947329281461e-05
-1.341685484012604054e-02
3.263907989177133179e-02
-9.177642096358382823e-03
-6.900599683652767742e-04
1.590652030857470133e-03
8.259245070614220545e-04
-4.253788318072353712e-03
1.034847171123226377e-02
-9.733349222882270446e-03
-2.035037617808031774e-02
4.950651426291528823e-02
2.514326602666510160e-02
1.590652030857470133e-03
-3.893715109666670560e-03
-2.004958403148997086e-03
1.034843309803226523e-02
-2.517531648192763635e-02
2.367813381413598484e-02
4.950636094574815960e-02
-1.204344992241130480e-01
-4.718749063219999096e-01
8.259245070614220545e-04
-2.004958403148997086e-03
4.696018455329113994e-01
-1.248172216212255431e-03
3.103682531170538945e-03
2.413643946955220439e-03
3.902663978939931513e-04
-9.494070548086108686e-04
5.895277327906977595e-03
-4.253788318072353712e-03
1.034843309803226523e-02
-1.248172216212253913e-03
3.720276566756567684e-03
-8.806610227858207435e-03
-5.176544600956844121e-03
5.905780472830747226e-04
-1.436676832038950120e-03
-1.433751086433319305e-02
1.034847171123226377e-02
-2.517531648192763635e-02
3.103682531170538945e-03
-8.806610227858207435e-03
2.155622111033338867e-02
1.259291727100263734e-02
-1.436697278500713177e-03
3.494996621761716545e-03
-2.287913947329281461e-05
-9.733349222882270446e-03
2.367813381413598484e-02
2.413643946955220439e-03
-5.176544600956844121e-03
1.259291727100263734e-02
4.433119191452645526e-03
-5.051866918802574297e-03
1.157338240885338702e-02
-1.341685484012604054e-02
-2.035037617808031774e-02
4.950636094574815960e-02
3.902663978939931513e-04
5.905780472830747226e-04
-1.436697278500713177e-03
-5.051866918802575164e-03
-5.822344230785980734e-03
1.328771266453434262e-02
3.263907989177133179e-02
4.950651426291528823e-02
-1.204344992241130480e-01
-9.494070548086108686e-04
-1.436676832038950120e-03
3.494996621761716545e-03
1.157338240885338702e-02
1.328771266453434262e-02
-3.269309124833327806e-02
4.208846984188657214e-01
-2.983102694960826806e+00
6.081604419380400861e-01
-2.209365955152997607e+00
4.953521734183766179e-01
-5.602598195489204291e-02
5.018457266929262639e-01
2.267878354521383422e+00
-2.565095912296013192e-01
-2.983102694960826806e+00
7.092744734567837384e+00
-1.127243025189182069e+00
7.869397261234339913e-02
4.695240509450838151e-01
-5.311089513199121481e-02
2.698806495536751893e+00
-8.098011903150618807e+00
9.159472975519257210e-01
6.081604419380400861e-01
-1.127243025189182069e+00
2.291997785556670053e-01
-8.894786960986646174e-03
-5.311237245599117335e-02
6.007136233333188434e-03
-3.052490005673853535e-01
9.159433790655635566e-01
-1.036005321427349024e-01
-2.209365955152997607e+00
7.869397261234339913e-02
-8.894786960986646174e-03
7.540839007520946380e-01
-1.740692558073315410e-01
8.237172992529923077e-02
-2.468222731190371722e+00
1.077233787765575102e+00
-1.218390172435383501e-01
4.953521734183766179e-01
4.695240509450838151e-01
-5.311237245599117335e-02
-1.740692558073315688e-01
-1.891251191467593906e-01
-4.945891627639730989e-03
7.394726361887752342e-01
-2.492534041110869847e-01
2.819175381001235922e-02
-5.602598195489204291e-02
-5.311089513199121481e-02
6.007136233333188434e-03
8.237172992529923077e-02
-4.945891627639730989e-03
2.040708404600008116e-02
-8.363650748640795440e-02
2.819155382428740683e-02
-3.188609192543719918e-03
5.018457266929262639e-01
2.698806495536751893e+00
-3.052490005673853535e-01
-2.468222731190371722e+00
7.394726361887752342e-01
-8.363650748640795440e-02
6.604986135097014044e-01
-1.447888485403511005e+00
-4.047581085513641402e-02
2.267878354521383422e+00
-8.098011903150618807e+00
9.159433790655635566e-01
1.077233787765575102e+00
-2.492534041110869847e-01
2.819155382428740683e-02
-1.447888485403511005e+00
6.528849775060962202e+00
-1.050564634056147195e+00
-2.565095912296013192e-01
9.159472975519257210e-01
-1.036005321427349024e-01
-1.218390172435383501e-01
2.819175381001235922e-02
-3.188609192543719918e-03
-4.047581085513641402e-02
-1.050564634056147195e+00
2.368932774726676405e-01
5.574032932790280448e-01
5.811696373037441438e-02
-1.195325167330411019e-02
-4.801245871630007156e-01
1.730011434161692757e-02
-2.193130792619952391e-02
-4.890291649096699389e-02
-3.029086046716296388e-02
3.839518085014054921e-02
5.811696373037440744e-02
9.095786587030504911e-02
-8.241108331545736465e-02
-3.477123862529585014e-03
-1.726301166378693686e-02
2.188193775872649890e-02
-6.189311740305341626e-03
-6.718584563016519184e-02
8.516084451012144452e-02
-1.195325167330411019e-02
-8.241108331545736465e-02
9.642029934299975458e-02
4.404834334830584966e-03
2.188208517310348197e-02
-2.773689985621311666e-02
7.845475730957510857e-03
8.516089963340725544e-02
-1.079449706038678736e-01
-4.801245871630007156e-01
-3.477123862529585014e-03
4.404834334830584966e-03
4.661342380791611562e-01
7.692868035390518916e-03
-3.719549189510658414e-03
-9.214316044946480738e-03
-2.246703205531512017e-03
2.847775959876828501e-03
1.730011434161692757e-02
-1.726301166378693686e-02
2.188208517310348197e-02
7.692868035390518916e-03
2.401937157083792324e-02
-2.168546560507238902e-02
-2.860361393282343651e-02
-1.830209835430272229e-03
2.319892912874392879e-03
-2.193130792619952391e-02
2.188193775872649890e-02
-2.773689985621311666e-02
-3.719549189510658414e-03
-2.168546560507238902e-02
3.115844771166673827e-02
3.625611216798403647e-02
2.319839490887887386e-03
-2.940529480123243999e-03
-4.890291649096699389e-02
-6.189311740305341626e-03
7.845475730957510857e-03
-9.214316044946480738e-03
-2.860361393282343651e-02
3.625611216798403647e-02
6.860585510185532310e-02
4.965369651180134153e-02
-4.632640797324703852e-02
-3.029086046716296388e-02
-6.718584563016519184e-02
8.516089963340725544e-02
-2.246703205531512017e-03
-1.830209835430272229e-03
2.319839490887887386e-03
4.965369651180133459e-02
1.208538914638110084e-01
-6.430554579283702388e-02
3.839518085014054921e-02
8.516084451012144452e-02
-1.079449706038678736e-01
2.847775959876828501e-03
2.319892912874392879e-03
-2.940529480123243999e-03
-4.632640797324703852e-02
-6.430554579283702388e-02
8.088318142099980290e-02
5.185371694666094378e-01
2.490493932635283111e-02
2.119645660384609272e-03
-4.419766213910005792e-01
1.126282251517870744e-02
-1.693551108106497102e-02
-3.584028917046731127e-02
-2.039984257046672383e-02
3.066966973157307999e-02
2.490493932635283458e-02
7.441001142239020427e-02
-5.429896144415913284e-02
-2.177783369960862702e-03
-1.348325571783485881e-02
2.027126630867146645e-02
-5.310101652501208244e-04
-4.066686802926661876e-02
6.113910485015933149e-02
2.119645660384609272e-03
-5.429896144415913284e-02
6.740246930499999012e-02
3.271395871228869288e-03
2.027135747391868581e-02
-3.047677628166516398e-02
7.984613112368749068e-04
6.113899776415553794e-02
-9.191718461676597063e-02
-4.419766213910005792e-01
-2.177783369960862702e-03
3.271395871228869288e-03
4.670253769672942368e-01
3.820167533392019102e-03
-1.660602169830748161e-03
-5.111946446035665025e-03
-1.615249223932887666e-03
2.428370371803820812e-03
1.126282251517870744e-02
-1.348325571783485881e-02
2.027135747391868581e-02
3.820167533392019102e-03
1.997097007037259078e-02
-2.099502026349907291e-02
-2.271508039183081293e-02
-1.462947188895560467e-03
2.199451083572054062e-03
-1.693551108106497102e-02
2.027126630867146645e-02
-3.047677628166516398e-02
-1.660602169830748161e-03
-2.099502026349907291e-02
3.447344242399999481e-02
3.414995041495745565e-02
2.199357476671172894e-03
-3.306587019568760829e-03
-3.584028917046731127e-02
-5.310101652501208244e-04
7.984613112368749068e-04
-5.111946446035665025e-03
-2.271508039183081293e-02
3.414995041495745565e-02
4.725065852346294754e-02
3.260417298428078953e-02
-3.007859878245516469e-02
-2.039984257046672383e-02
-4.066686802926661876e-02
6.113899776415553794e-02
-1.615249223932887666e-03
-1.462947188895560467e-03
2.199357476671172894e-03
3.260417298428078953e-02
6.715815382686998736e-02
-3.701824295847685325e-02
3.066966973157307999e-02
6.113910485015933149e-02
-9.191718461676597063e-02
2.428370371803820812e-03
2.199451083572054062e-03
-3.306587019568760829e-03
-3.007859878245516469e-02
-3.701824295847685325e-02
4.611254364033323672e-02
4.846209384698643152e-01
-1.678338510149271490e-02
3.055954220836526805e-02
-4.716932112430001767e-01
1.142946016965847890e-02
-2.355999929468438614e-02
-1.422498682127736752e-02
2.672676941003756818e-03
-5.509927506513340352e-03
-1.678338510149271143e-02
4.409299245804657215e-03
-6.834106543137970745e-03
8.973116196835450665e-04
-7.434583926154891310e-03
1.532766344592112299e-02
1.335154038543201471e-02
5.048062160993849190e-03
-1.040732150752494110e-02
3.055954220836526805e-02
-6.834106543137970745e-03
1.166542135433329755e-02
-1.846146352905414208e-03
1.532757541600763239e-02
-3.160041230684509928e-02
-2.752573227786074203e-02
-1.040723175226180262e-02
2.145603667228346279e-02
-4.716932112430001767e-01
8.973116196835450665e-04
-1.846146352905414208e-03
4.693419671806212112e-01
-1.198845751229197371e-03
3.004000358018041154e-03
2.775801161081885293e-03
5.209281312671902977e-04
-1.073959603651531737e-03
1.142946016965847890e-02
-7.434583926154891310e-03
1.532757541600763239e-02
-1.198845751229199539e-03
7.156585968709713169e-03
-1.394090126343347155e-02
-1.003047149918250003e-02
4.200099288198834695e-04
-8.658658121271896671e-04
-2.355999929468438614e-02
1.532766344592112299e-02
-3.160041230684509928e-02
3.004000358018041154e-03
-1.394090126343347155e-02
2.864556590666661809e-02
2.067895929568631941e-02
-8.658928373069732639e-04
1.785069715098234122e-03
-1.422498682127736752e-02
1.335154038543201471e-02
-2.752573227786074203e-02
2.775801161081885293e-03
-1.003047149918250003e-02
2.067895929568631941e-02
1.316554346805198956e-02
-4.000021923883338194e-03
7.096986346480068167e-03
2.672676941003756818e-03
5.048062160993849190e-03
-1.040723175226180262e-02
5.209281312671902977e-04
4.200099288198834695e-04
-8.658928373069732639e-04
-4.000021923883338194e-03
-4.360508075718656090e-03
1.026679054240088769e-02
-5.509927506513340352e-03
-1.040732150752494110e-02
2.145603667228346279e-02
-1.073959603651531737e-03
-8.658658121271896671e-04
1.785069715098234122e-03
7.096986346480068167e-03
1.026679054240088769e-02
-2.055392285266676583e-02
6.158800982415934405e-02
-1.146160878503584168e+00
3.191112960292404876e-01
-3.520410021390006361e-01
2.780106392952353955e-01
-7.101274853615190119e-02
1.468106907679855022e-01
1.313554985535873909e+00
-3.355220800808325632e-01
-1.146160878503583946e+00
4.048845663090829383e+00
-8.227873141800156054e-01
7.298406141136599967e-02
1.423615934560558682e-01
-3.636536589268125896e-02
1.465832176258344388e+00
-4.276444046761941564e+00
1.092339438530638640e+00
3.191112960292404876e-01
-8.227873141800156054e-01
2.299527847790007740e-01
-1.864005331691435605e-02
-3.636589583501457362e-02
9.289452822444015795e-03
-3.744154031089406698e-01
1.092334273026773106e+00
-2.790167100861261629e-01
-3.520410021390006361e-01
7.298406141136599967e-02
-1.864005331691435605e-02
4.702242339874419530e-01
-5.733445646292937431e-02
1.985736282185023016e-02
-1.197403376480334625e-01
1.964879676783697418e-02
-5.018428498644591888e-03
2.780106392952353955e-01
1.423615934560558682e-01
-3.636589583501457362e-02
-5.733445646292939513e-02
-1.013587008734427863e-01
1.875477744046277415e-02
-1.547223336666350146e-01
3.669330513472072314e-03
-9.372739501153487789e-04
-7.101274853615190119e-02
-3.636536589268125896e-02
9.289452822444015795e-03
1.985736282185023016e-02
1.875477744046277415e-02
-8.022429093333312842e-04
3.952074549903960426e-02
-9.372188129015671023e-04
2.395095765613787183e-04
1.468106907679855022e-01
1.465832176258344388e+00
-3.744154031089406698e-01
-1.197403376480334625e-01
-1.547223336666350146e-01
3.952074549903960426e-02
3.293349759099862606e+00
-2.037483606108355882e+00
7.913906513827737021e-02
1.313554985535873909e+00
-4.276444046761941564e+00
1.092334273026773106e+00
1.964879676783697418e-02
3.669330513472072314e-03
-9.372188129015671023e-04
-2.037483606108356327e+00
2.778333649860480037e+00
-7.291963270767579663e-01
-3.355220800808325632e-01
1.092339438530638640e+00
-2.790167100861261629e-01
-5.018428498644591888e-03
-9.372739501153487789e-04
2.395095765613787183e-04
7.913906513827737021e-02
-7.291963270767579663e-01
2.272599696720005169e-01
3.980233000469713955e-01
5.143610837531838176e-02
3.136889835068346066e-02
-4.624146532750003091e-01
-1.520740394823787318e-02
1.164294282263994736e-02
-5.563392961802123698e-02
1.141552806661522562e-01
-8.738180061466893633e-02
5.143610837531835400e-02
5.172586829163623445e-01
-2.069419670360916341e-01
9.211441258499052792e-03
-1.607976027447937523e-02
1.230869287396780046e-02
9.035593665568505961e-02
-3.294767378501154975e-01
2.522022781327664109e-01
3.136889835068346066e-02
-2.069419670360916341e-01
1.289784002439997579e-01
-7.049206607116312653e-03
1.230879431201342862e-02
-9.422106794395633880e-03
-6.916432808609816740e-02
2.522025194543706661e-01
-1.930517179278639917e-01
-4.624146532750003091e-01
9.211441258499052792e-03
-7.049206607116312653e-03
4.734571223350405034e-01
-2.341689848615499323e-02
5.215052437804025207e-03
-2.045260956504612454e-02
4.433051601049351267e-03
-3.393107606496920201e-03
-1.520740394823787318e-02
-1.607976027447937523e-02
1.230879431201342862e-02
-2.341689848615498629e-02
3.048305554396167280e-02
-1.529137759548389840e-02
2.785776715992611952e-02
-2.499511123066662163e-03
1.913165001467168058e-03
1.164294282263994736e-02
1.230869287396780046e-02
-9.422106794395633880e-03
5.215052437804025207e-03
-1.529137759548389840e-02
1.576772851100000788e-02
-2.132378313971252173e-02
1.913093407586908493e-03
-1.464313850512257266e-03
-5.563392961802123698e-02
9.035593665568505961e-02
-6.916432808609816740e-02
-2.045260956504612454e-02
2.785776715992611952e-02
-2.132378313971252173e-02
1.657581538543682620e-01
4.257670974381269624e-01
1.287164076147341851e-01
1.141552806661522562e-01
-3.294767378501154975e-01
2.522025194543706661e-01
4.433051601049351267e-03
-2.499511123066662163e-03
1.913093407586908493e-03
4.257670974381268514e-01
1.492472539034633838e+00
9.927862357706855601e-02
-8.738180061466893633e-02
2.522022781327664109e-01
-1.930517179278639917e-01
-3.393107606496920201e-03
1.913165001467168058e-03
-1.464313850512257266e-03
1.287164076147341851e-01
9.927862357706855601e-02
9.107791300099991882e-02
4.045157283831872785e-01
-1.140079598836267194e-01
-2.322997887374276399e-02
-4.755106590239995823e-01
2.149404777554645221e-02
-2.182071016844473743e-02
-5.101919081813231782e-02
-5.544047453529298702e-02
5.627587977567328342e-02
-1.140079598836266916e-01
1.400334388404801955e-01
-6.152533450577616497e-02
-5.203634591587078320e-03
-1.803071968312899148e-02
1.830267632679360643e-02
-2.778908597038481920e-02
-1.377013998012559803e-01
1.397756811478226002e-01
-2.322997887374276399e-02
-6.152533450577616497e-02
7.879890562233322904e-02
5.279901730651574004e-03
1.830280507499797149e-02
-1.857890325441269655e-02
2.820792579885059853e-02
1.397757879899373945e-01
-1.418814562966122794e-01
-4.755106590239995823e-01
-5.203634591587078320e-03
5.279901730651574004e-03
4.698206322987292238e-01
-3.073190345240408086e-02
1.853015486944332687e-03
-1.129419847529961572e-02
-1.755493408609338753e-03
1.781843433451446362e-03
2.149404777554645221e-02
-1.803071968312899148e-02
1.830280507499797149e-02
-3.073190345240408086e-02
2.782731591627243470e-02
-2.337155562414462359e-02
-2.715152044183728047e-02
-2.426661713024046586e-03
2.463213977586493214e-03
-2.182071016844473743e-02
1.830267632679360643e-02
-1.857890325441269655e-02
1.853015486944332687e-03
-2.337155562414462359e-02
2.830364327700001653e-02
2.756026578684084294e-02
2.463077999653350263e-03
-2.500177517676372817e-03
-5.101919081813231782e-02
-2.778908597038481920e-02
2.820792579885059853e-02
-1.129419847529961572e-02
-2.715152044183728047e-02
2.756026578684084294e-02
5.504971201715293944e-02
5.892899263621279721e-02
-2.386934140549298172e-02
-5.544047453529298702e-02
-1.377013998012559803e-01
1.397757879899373945e-01
-1.755493408609338753e-03
-2.426661713024046586e-03
2.463077999653350263e-03
5.892899263621279721e-02
1.847314136958459196e-01
-2.005561807139125130e-02
5.627587977567328342e-02
1.397756811478226002e-01
-1.418814562966122794e-01
1.781843433451446362e-03
2.463213977586493214e-03
-2.500177517676372817e-03
-2.386934140549298172e-02
-2.005561807139125130e-02
5.654163284266654904e-02
4.824900760208609141e-01
-1.115828113879602408e-02
2.809942744125372427e-02
-4.719453339079999754e-01
7.360514384616780557e-03
-1.711059161624903235e-02
-8.486062920765612139e-03
4.412497307425090193e-03
-1.025962743131524080e-02
-1.115828113879602929e-02
-2.090351715258199081e-04
1.844644580740276174e-04
9.147498680311055104e-04
-5.056491951297557852e-03
1.175741596435823759e-02
1.116980189632066529e-02
5.319859249303842026e-03
-1.236958512880854781e-02
2.809942744125372427e-02
1.844644580740276174e-04
-3.656280939999994109e-04
-2.122822033914300525e-03
1.175736382540823986e-02
-2.733836391970241933e-02
-2.597138103583031959e-02
-1.236952122661862281e-02
2.876125826646169087e-02
-4.719453339079999754e-01
9.147498680311055104e-04
-2.122822033914300525e-03
4.694459342042541228e-01
-1.354497940861784395e-03
3.292056112388303760e-03
2.564215641969363416e-03
5.797140041182274059e-04
-1.347938681703587807e-03
7.360514384616780557e-03
-5.056491951297557852e-03
1.175736382540823986e-02
-1.354497940861787214e-03
4.818525603078286680e-03
-1.034284326601423928e-02
-6.473105214227488878e-03
5.407107790930335955e-04
-1.257206550444943827e-03
-1.711059161624903235e-02
1.175741596435823759e-02
-2.733836391970241933e-02
3.292056112388303760e-03
-1.034284326601423928e-02
2.449025281199985332e-02
1.505086215024498998e-02
-1.257231619585161535e-03
2.923187949737618245e-03
-8.486062920765612139e-03
1.116980189632066529e-02
-2.597138103583031959e-02
2.564215641969363416e-03
-6.473105214227488878e-03
1.505086215024498998e-02
5.785379419661075204e-03
-4.940206843761729694e-03
1.139714570949061645e-02
4.412497307425090193e-03
5.319859249303842026e-03
-1.236952122661862281e-02
5.797140041182274059e-04
5.407107790930335955e-04
-1.257231619585161535e-03
-4.940206843761728826e-03
-5.883388830994407646e-03
1.362854826430315996e-02
-1.025962743131524080e-02
-1.236958512880854781e-02
2.876125826646169087e-02
-1.347938681703587807e-03
-1.257206550444943827e-03
2.923187949737618245e-03
1.139714570949061645e-02
1.362854826430315996e-02
-3.196058308500007022e-02
2.925380725293422191e-01
-3.365186596552379950e+00
5.970032224594563619e-01
-2.296745077571996863e+00
5.355853734484252726e-01
-6.057720057069794495e-02
5.246748325378052247e-01
2.229484130617051196e+00
-2.521664277836870305e-01
-3.365186596552380394e+00
7.212798549941028980e+00
-1.247030308802597354e+00
9.848217174554467490e-02
4.365214127795169485e-01
-4.937790138339639978e-02
2.709621898591617395e+00
-8.057707200963241334e+00
9.113881201667684007e-01
5.970032224594563619e-01
-1.247030308802597354e+00
2.286039577220003172e-01
-1.113303200983620407e-02
-4.937933208539635466e-02
5.584689850566778788e-03
-3.064724759627029393e-01
9.113853476759040673e-01
-1.030846316273220792e-01
-2.296745077571996863e+00
9.848217174554467490e-02
-1.113303200983620407e-02
6.277628076706736060e-01
-1.070132873572600951e-01
5.218596055842189552e-02
-2.070821999541246239e+00
8.817336240804454217e-01
-9.972737990741363523e-02
5.355853734484252726e-01
4.365214127795169485e-01
-4.937933208539635466e-02
-1.070132873572600674e-01
-2.218262260306715916e-01
1.339254434362321770e-02
4.701307528303069194e-01
-1.378231406620663013e-01
1.558822968161172398e-02
-6.057720057069794495e-02
-4.937790138339639978e-02
5.584689850566778788e-03
5.218596055842189552e-02
1.339254434362321770e-02
1.645393546233336543e-02
-5.317324695501482457e-02
1.558795792335852803e-02
-1.763493942024443569e-03
5.246748325378052247e-01
2.709621898591617395e+00
-3.064724759627029393e-01
-2.070821999541246239e+00
4.701307528303069194e-01
-5.317324695501482457e-02
5.345311193052655341e-01
-1.400353669656936750e+00
1.119903204555741487e-02
2.229484130617051196e+00
-8.057707200963241334e+00
9.113853476759040673e-01
8.817336240804454217e-01
-1.378231406620663013e-01
1.558795792335852803e-02
-1.400353669656936750e+00
6.399396510382738157e+00
-1.048847248225686091e+00
-2.521664277836870305e-01
9.113881201667684007e-01
-1.030846316273220792e-01
-9.972737990741363523e-02
1.558822968161172398e-02
-1.763493942024443569e-03
1.119903204555741487e-02
-1.048847248225686091e+00
2.283969064016674599e-01
2.578937973138535344e-01
-4.380993114866724714e-01
1.596703598869552154e-01
-4.097071046390002302e-01
7.452534396658458404e-02
-2.805730777626461864e-02
-3.860644794526927204e-03
3.804763945230267286e-01
-1.432477040268531066e-01
-4.380993114866724158e-01
1.943247177753146371e+00
-6.213199365581539846e-01
3.087287281101457753e-02
2.856383374108049586e-02
-1.075463397509011237e-02
4.284845333881448504e-01
-1.154542446160698566e+00
4.346819464546424761e-01
1.596703598869552154e-01
-6.213199365581539846e-01
2.192679569449998145e-01
-1.162182329462017882e-02
-1.075476508084324302e-02
4.049336735969554998e-03
-1.613222850312725221e-01
4.346812393171256006e-01
-1.636562876529190913e-01
-4.097071046390002302e-01
3.087287281101457753e-02
-1.162182329462017882e-02
4.683962448832499348e-01
-5.054905254294518591e-02
1.642770053710748690e-02
-7.006101021106360405e-02
7.072510956512709050e-03
-2.662718480511871294e-03
7.452534396658458404e-02
2.856383374108049586e-02
-1.075476508084324302e-02
-5.054905254294518591e-02
-3.078805236491697142e-02
7.703210999738768598e-03
-5.938202786929273891e-02
2.704067823570307106e-03
-1.018056201146288033e-03
-2.805730777626461864e-02
-1.075463397509011237e-02
4.049336735969554998e-03
1.642770053710748690e-02
7.703210999738768598e-03
4.578753530000001645e-04
2.235748666551557948e-02
-1.018238721670892619e-03
3.833814954932441665e-04
-3.860644794526927204e-03
4.284845333881448504e-01
-1.613222850312725221e-01
-7.006101021106360405e-02
-5.938202786929273891e-02
2.235748666551557948e-02
1.499236451319876595e+00
6.881948693807710127e-02
3.066055646258775691e-01
3.804763945230267286e-01
-1.154542446160698566e+00
4.346812393171256006e-01
7.072510956512709050e-03
2.704067823570307106e-03
-1.018238721670892619e-03
6.881948693807715678e-02
9.363388140401226467e-01
-3.471040834627881488e-01
-1.432477040268531066e-01
4.346819464546424761e-01
-1.636562876529190913e-01
-2.662718480511871294e-03
-1.018056201146288033e-03
3.833814954932441665e-04
3.066055646258775691e-01
-3.471040834627881488e-01
2.060871972693329446e-01
3.152985146450000276e-01
3.724533064578026964e-02
4.806253669839593429e-02
-4.407395822290005039e-01
-2.342636780391476464e-02
1.793432928418021988e-02
-6.448925755226976586e-02
1.016911274425991440e-01
-7.784098530398270155e-02
3.724533064578029740e-02
5.606473207143337634e-01
-1.883264937977928433e-01
9.572533688362673543e-03
-2.423275044077797050e-02
1.854957438668830214e-02
7.002867874704488127e-02
-2.972139254327001434e-01
2.275063247778966458e-01
4.806253669839593429e-02
-1.883264937977928433e-01
1.350951866603332940e-01
-7.325564522249654667e-03
1.854970243639673250e-02
-1.419934092922204780e-02
-5.360459570442745181e-02
2.275066367540653500e-01
-1.741479599640307352e-01
-4.407395822290005039e-01
9.572533688362673543e-03
-7.325564522249654667e-03
4.697615133796972375e-01
-3.408350964965973541e-03
6.630666264978038113e-03
-3.443254469429097436e-02
1.374471971932537083e-02
-1.052107435667372706e-02
-2.342636780391476464e-02
-2.423275044077797050e-02
1.854970243639673250e-02
-3.408350964965971806e-03
4.348234873830460201e-02
-1.824645745872708474e-02
4.400203784684249275e-02
-8.948191318091618454e-03
6.849528909410245586e-03
1.793432928418021988e-02
1.854957438668830214e-02
-1.419934092922204780e-02
6.630666264978038113e-03
-1.824645745872708474e-02
1.780383631466671279e-02
-3.368186615247024257e-02
6.849498397494572718e-03
-5.243058905817378663e-03
-6.448925755226976586e-02
7.002867874704488127e-02
-5.360459570442745181e-02
-3.443254469429097436e-02
4.400203784684249275e-02
-3.368186615247024257e-02
3.833479362882963315e-01
1.533831729296388502e-01
1.618483179570551767e-01
1.016911274425991440e-01
-2.972139254327001434e-01
2.275066367540653500e-01
1.374471971932537083e-02
-8.948191318091618454e-03
6.849498397494572718e-03
1.533831729296389057e-01
8.655553524673696986e-01
3.374640974897138990e-02
-7.784098530398270155e-02
2.275063247778966458e-01
-1.741479599640307352e-01
-1.052107435667372706e-02
6.849528909410245586e-03
-5.243058905817378663e-03
1.618483179570551767e-01
3.374640974897138990e-02
1.230905737066665812e-01
5.288380990537764337e-01
4.752561142385031828e-02
-6.947890060152294572e-03
-4.813193971220006140e-01
2.348830270739789977e-02
-2.977551034854815371e-02
-4.864221987244422146e-02
-2.771595821761269063e-02
3.513141633584229012e-02
4.752561142385030440e-02
6.874400008055742139e-02
-8.171370302516647866e-02
-2.590718328048737147e-03
-1.808422355024589395e-02
2.292292387352296359e-02
-2.443652039937018253e-03
-6.137263389985300743e-02
7.779233211593204744e-02
-6.947890060152294572e-03
-8.171370302516647866e-02
9.200245339933282862e-02
3.281289511864468513e-03
2.292307746838962573e-02
-2.905648441075415339e-02
3.097783946526631166e-03
7.779249204057384071e-02
-9.860517615170263928e-02
-4.813193971220006140e-01
-2.590718328048737147e-03
3.281289511864468513e-03
4.696262667763967391e-01
1.013064854929269717e-02
-1.546124509217018444e-03
-7.688913541159953999e-03
-2.447606608078967995e-03
3.102460843452772930e-03
2.348830270739789977e-02
-1.808422355024589395e-02
2.292307746838962573e-02
1.013064854929269717e-02
2.323199011660336336e-02
-2.470658450356734426e-02
-2.844041321395412991e-02
-2.020704765685459817e-03
2.561374383324457188e-03
-2.977551034854815371e-02
2.292292387352296359e-02
-2.905648441075415339e-02
-1.546124509217018444e-03
-2.470658450356734426e-02
3.046133996800006599e-02
3.604926016563978625e-02
2.561317683461285417e-03
-3.246636329154597902e-03
-4.864221987244422146e-02
-2.443652039937018253e-03
3.097783946526631166e-03
-7.688913541159953999e-03
-2.844041321395412991e-02
3.604926016563978625e-02
6.171270764662874914e-02
3.689660368419830222e-02
-3.118723356737783392e-02
-2.771595821761269063e-02
-6.137263389985300743e-02
7.779249204057384071e-02
-2.447606608078967995e-03
-2.020704765685459817e-03
2.561317683461285417e-03
3.689660368419829528e-02
7.840313113303759573e-02
-3.808295414540542601e-02
3.513141633584229012e-02
7.779233211593204744e-02
-9.860517615170263928e-02
3.102460843452772930e-03
2.561374383324457188e-03
-3.246636329154597902e-03
-3.118723356737783392e-02
-3.808295414540542601e-02
5.750595533633316020e-02
-1.742116892913577464e-01
-2.272113559046802678e+00
4.731258750590547346e-01
-2.217977153270004886e-01
7.525550588836349419e-01
-1.290761176966282731e-01
9.280251912038700590e-01
1.951425206751342012e+00
-3.346967310962652431e-01
-2.272113559046802678e+00
6.375082844876327925e+00
-1.082356518049687910e+00
1.674910569214733969e-01
4.828511431764753725e-01
-8.282250951984379550e-02
2.524349226558013193e+00
-6.347135596475039776e+00
1.088641455554504311e+00
4.731258750590547346e-01
-1.082356518049687910e+00
2.311856028666671725e-01
-2.872420839780184809e-02
-8.282404905284374008e-02
1.420612284066737931e-02
-4.329580498280337642e-01
1.088632977253173983e+00
-1.867188282333162863e-01
-2.217977153270004886e-01
1.674910569214733969e-01
-2.872420839780184809e-02
4.701011300250326763e-01
-1.261837044526139262e-01
2.125619720929610920e-02
-1.802160444150258667e-01
6.324963131206604028e-02
-1.084819035875153256e-02
7.525550588836349419e-01
4.828511431764753725e-01
-8.282404905284374008e-02
-1.261837044526139817e-01
-2.912667668500341644e-01
4.319336962752319542e-02
-4.054171431730146380e-01
1.189293628938401653e-01
-2.039848896984433613e-02
-1.290761176966282731e-01
-8.282250951984379550e-02
1.420612284066737931e-02
2.125619720929610920e-02
4.319336962752319542e-02
-5.648097276666631805e-03
6.953589624200018360e-02
-2.039906717335953495e-02
3.498622361185681033e-03
9.280251912038700590e-01
2.524349226558013193e+00
-4.329580498280337642e-01
-1.802160444150258667e-01
-4.054171431730146380e-01
6.953589624200018360e-02
2.313064383700564886e+00
-2.500055214407619353e+00
-2.127576615910842794e-01
1.951425206751342012e+00
-6.347135596475039776e+00
1.088632977253173983e+00
6.324963131206604028e-02
1.189293628938401653e-01
-2.039906717335953495e-02
-2.500055214407618909e+00
6.131672686793442573e+00
-8.734953002741389083e-01
-3.346967310962652431e-01
1.088641455554504311e+00
-1.867188282333162863e-01
-1.084819035875153256e-02
-2.039848896984433613e-02
3.498622361185681033e-03
-2.127576615910842794e-01
-8.734953002741389083e-01
2.301307200766666006e-01
3.238333108854943299e-01
-1.084808833480705031e-01
-5.458436980130048494e-02
-4.657273427489994622e-01
2.113567399059351759e-02
-2.145679504366466636e-02
-6.126358902293114334e-02
-6.704349537116212343e-02
6.805382503536608341e-02
-1.084808833480705170e-01
2.533621212631725905e-01
-7.725571573649522850e-02
-4.336617653187868453e-03
-2.103999004714748877e-02
2.135734700107487505e-02
-4.198377667767792115e-02
-1.726750316465520962e-01
1.752765838451117997e-01
-5.458436980130048494e-02
-7.725571573649522850e-02
8.899044531266656066e-02
4.399849399356680485e-03
2.135748254238201832e-02
-2.167963191970967429e-02
4.261659098344513369e-02
1.752766819701171153e-01
-1.779174310763742550e-01
-4.657273427489994622e-01
-4.336617653187868453e-03
4.399849399356680485e-03
4.594080303371344542e-01
-3.442210132000519951e-02
-5.948306919871376545e-03
-1.210851230618740712e-02
-2.085353583675531378e-03
2.116704509252177822e-03
2.113567399059351759e-02
-2.103999004714748877e-02
2.135748254238201832e-02
-3.442210132000519951e-02
2.420226319786583299e-02
-2.170887923560398461e-02
-3.056196780975494950e-02
-7.905726182000783874e-04
8.024725709549280139e-04
-2.145679504366466636e-02
2.135734700107487505e-02
-2.167963191970967429e-02
-5.948306919871376545e-03
-2.170887923560398461e-02
3.085901807299991362e-02
3.102228243942609445e-02
8.024487682670092400e-04
-8.145322876125249151e-04
-6.126358902293114334e-02
-4.198377667767792115e-02
4.261659098344513369e-02
-1.210851230618740712e-02
-3.056196780975494950e-02
3.102228243942609445e-02
8.155012237122243046e-02
7.894368738661056151e-02
-7.123836963995180483e-04
-6.704349537116212343e-02
-1.726750316465520962e-01
1.752766819701171153e-01
-2.085353583675531378e-03
-7.905726182000783874e-04
8.024487682670092400e-04
7.894368738661056151e-02
2.660948144667775184e-01
7.629802129025353707e-02
6.805382503536608341e-02
1.752765838451117997e-01
-1.779174310763742550e-01
2.116704509252177822e-03
8.024725709549280139e-04
-8.145322876125249151e-04
-7.123836963995180483e-04
7.629802129025353707e-02
6.442366550666664415e-02
4.608303101273382163e-01
-7.219038358704510383e-02
-1.837919996377162385e-02
-4.805986074259996910e-01
2.097706384310970423e-02
-2.659232849725006592e-02
-5.190888712220326218e-02
-3.643205025305621542e-02
4.617929942192818688e-02
-7.219038358704510383e-02
1.188471554713296796e-01
-6.498731358394674307e-02
-1.779315586839690187e-03
-1.696073513440079367e-02
2.149881891356692290e-02
-1.548253705054551677e-02
-8.191083382548851322e-02
1.038251397936462012e-01
-1.837919996377162385e-02
-6.498731358394674307e-02
7.635647439766654609e-02
2.252862667908226129e-03
2.149895901451691696e-02
-2.725131946445638262e-02
1.962504496323558972e-02
1.038254416466715124e-01
-1.316027494781654983e-01
-4.805986074259996910e-01
-1.779315586839690187e-03
2.252862667908226129e-03
4.653719182951658317e-01
-1.479595109012085685e-02
-2.179789483600784970e-03
-7.485431919982611648e-03
-1.809693703409259030e-03
2.293815278474190152e-03
2.097706384310970423e-02
-1.696073513440079367e-02
2.149895901451691696e-02
-1.479595109012085685e-02
1.997056153450163865e-02
-2.194138969987193336e-02
-2.643244238973551513e-02
-3.728428431106883259e-04
4.726004036417261038e-04
-2.659232849725006592e-02
2.149881891356692290e-02
-2.725131946445638262e-02
-2.179789483600784970e-03
-2.194138969987193336e-02
3.167038830833326934e-02
3.350408844417659265e-02
4.725587160684329401e-04
-5.990023509067240971e-04
-5.190888712220326218e-02
-1.548253705054551677e-02
1.962504496323558972e-02
-7.485431919982611648e-03
-2.643244238973551513e-02
3.350408844417659265e-02
7.721121528200534934e-02
6.561245646944417753e-02
-9.296616757987449450e-03
-3.643205025305621542e-02
-8.191083382548851322e-02
1.038254416466715124e-01
-1.809693703409259030e-03
-3.728428431106883259e-04
4.725587160684329401e-04
6.561245646944417753e-02
1.726366071669943325e-01
2.526204810697706485e-02
4.617929942192818688e-02
1.038251397936462012e-01
-1.316027494781654983e-01
2.293815278474190152e-03
4.726004036417261038e-04
-5.990023509067240971e-04
-9.296616757987449450e-03
2.526204810697706485e-02
4.424543799433327401e-02
4.867587632494993488e-01
-5.927752802662135216e-03
2.447999546548619565e-02
-5.229758802760008374e-01
8.397038856995520453e-03
-2.121712676481005838e-02
-8.072471412634347381e-04
1.625343362830786263e-03
-4.107996208724068454e-03
-5.927752802662137818e-03
-1.797338900498248989e-03
3.092672079907420827e-03
2.879434964809313765e-03
-3.522774849902011399e-03
8.903393150645342452e-03
4.707340321133809610e-03
3.280342054214305247e-03
-8.290912922948279543e-03
2.447999546548619565e-02
3.092672079907420827e-03
-4.030487066999982951e-03
-7.271600793134319965e-03
8.903350729338201791e-03
-2.250209691495512823e-02
-1.189713340999879777e-02
-8.290984296404606962e-03
2.095510569538245813e-02
-5.229758802760008374e-01
2.879434964809313765e-03
-7.271600793134319965e-03
4.621346733359296688e-01
-5.111742342671001665e-03
1.526756813939722252e-03
-1.370812331704740830e-03
-8.543010678666429882e-04
2.158598240455107068e-03
8.397038856995520453e-03
-3.522774849902011399e-03
8.903350729338201791e-03
-5.111742342671000798e-03
3.212777458404573409e-03
-7.601095973582850177e-03
-4.615621531685810269e-03
1.582132874166681949e-03
-3.998773221905815509e-03
-2.121712676481005838e-02
8.903393150645342452e-03
-2.250209691495512823e-02
1.526756813939722252e-03
-7.601095973582850177e-03
2.208280302033320194e-02
1.166435727799517395e-02
-3.998868893318725456e-03
1.010688854487140111e-02
-8.072471412634347381e-04
4.707340321133809610e-03
-1.189713340999879777e-02
-1.370812331704740830e-03
-4.615621531685810269e-03
1.166435727799517395e-02
7.403590545553080660e-02
-1.256613110084504707e-02
-1.417717470576381660e-03
1.625343362830786263e-03
3.280342054214305247e-03
-8.290984296404606962e-03
-8.543010678666429882e-04
1.582132874166681949e-03
-3.998868893318725456e-03
-1.256613110084504707e-02
-4.163398883786394861e-02
1.036980661019002055e-02
-4.107996208724068454e-03
-8.290912922948279543e-03
2.095510569538245813e-02
2.158598240455107068e-03
-3.998773221905815509e-03
1.010688854487140111e-02
-1.417717470576381660e-03
1.036980661019002055e-02
-2.766702249933344557e-02
3.349706242679978963e-01
2.580398318666480596e-03
-2.505570700333553669e-03
1.116997984529999183e-01
5.678830663761938805e-03
3.492603816724338273e-03
-2.347319717578429943e-01
3.283988400430690874e-02
1.968488558279921641e-01
-2.422588861626309986e-01
-3.158698771547376050e-02
-1.918183560476962590e-01
2.580398318666480596e-03
1.094569666562333898e+00
8.294280234069978386e-01
8.766972375538183496e-03
-1.304142189905479920e+00
-8.428901184912100941e-01
4.387771395089549130e-03
2.588789739419061764e-02
-2.746365210685016572e-02
-7.351490601162644425e-03
2.581261784049286231e-02
-2.963579645982655775e-02
-2.505570700333553669e-03
8.294280234069978386e-01
7.670299805133334869e-01
2.305097612721373080e-03
-8.236556499117101415e-01
-4.015611359200215169e-01
1.686197143935683485e-01
-3.417227238168842052e-02
-1.318232108293476701e-01
-1.701397809116843018e-01
-3.538215770733088572e-02
-1.298243931343621149e-01
1.116997984529999183e-01
8.766972375538183496e-03
2.305097612721373080e-03
-7.472092397233338901e-02
-1.042854026333718152e-03
-2.868903170002813706e-04
-1.920991515328855995e-02
-1.046718351723847570e-02
9.188949494344981692e-03
-3.786345288408284049e-02
2.356244943239281867e-02
4.999230990797610095e-03
5.678830663761938805e-03
-1.304142189905479920e+00
-8.236556499117101415e-01
-1.042854026333718152e-03
1.500909821916672993e+00
1.146592948653666788e+00
-2.084555536677760047e-03
-2.549518190832903569e-02
1.390698552652386462e-02
1.106435253572704905e-02
-1.879498451032137266e-02
4.081215558502903663e-03
3.492603816724338273e-03
-8.428901184912100941e-01
-4.015611359200215169e-01
-2.868903170002813706e-04
1.146592948653666788e+00
7.823109808863344394e-01
1.711683168472052366e-03
1.712467343805870734e-02
-3.051326125588239499e-02
-8.899950173584192381e-03
-2.513644551728534595e-03
-1.882807112309577841e-02
-2.347319717578429943e-01
4.387771395089549130e-03
1.686197143935683485e-01
-1.920991515328855995e-02
-2.084555536677760047e-03
1.711683168472052366e-03
2.846341260688493024e-01
-1.370927058433553392e-02
-1.915028116177695805e-01
-3.393544811903170810e-02
5.902186911972020708e-03
2.111886111264000068e-02
3.283988400430690874e-02
2.588789739419061764e-02
-3.417227238168842052e-02
-1.046718351723847570e-02
-2.549518190832903569e-02
1.712467343805870734e-02
-1.370927058433554606e-02
-2.088619873418193912e-02
1.817093841936911688e-02
-3.687014372220312908e-03
3.961861358530546079e-03
1.844448621262746377e-02
1.968488558279921641e-01
-2.746365210685016572e-02
-1.318232108293476701e-01
9.188949494344981692e-03
1.390698552652386462e-02
-3.051326125588239499e-02
-1.915028116177695805e-01
1.817093841936911688e-02
1.707880457129996865e-01
-2.137073405799487860e-02
1.731026050416785075e-02
5.511429679001212008e-03
-2.422588861626309986e-01
-7.351490601162644425e-03
-1.701397809116843018e-01
-3.786345288408284049e-02
1.106435253572704905e-02
-8.899950173584192381e-03
-3.393544811903170810e-02
-3.687014372220312908e-03
-2.137073405799487860e-02
2.792010487179023559e-01
-1.397783932393702059e-03
1.900497624342505631e-01
-3.158698771547376050e-02
2.581261784049286231e-02
-3.538215770733088572e-02
2.356244943239281867e-02
-1.879498451032137266e-02
-2.513644551728534595e-03
5.902186911972020708e-03
3.961861358530546079e-03
1.731026050416785075e-02
-1.397783932393698372e-03
-6.878634368568780320e-03
1.289154055771374839e-02
-1.918183560476962590e-01
-2.963579645982655775e-02
-1.298243931343621149e-01
4.999230990797610095e-03
4.081215558502903663e-03
-1.882807112309577841e-02
2.111886111264000068e-02
1.844448621262746377e-02
5.511429679001212008e-03
1.900497624342505631e-01
1.289154055771374839e-02
1.702575188393333494e-01
2.832594125630464865e-01
-1.037350256405814991e-01
1.868287299175143065e-02
-1.713404006599998641e-02
4.221063162336687220e-03
-3.112859628740503068e-04
-1.323327104344939054e-01
2.533255800469792068e-02
-1.407084921573832637e-01
-1.321977616131035371e-01
7.282207026546469453e-02
1.231968521403021821e-01
-1.037350256405814991e-01
1.212929791486214715e-01
8.336986633484820552e-02
-2.415466080378438074e-02
-7.694499943285339205e-02
1.610849135829467774e-02
3.232774594157026421e-02
-4.823119442416573532e-02
3.774127303232413522e-02
9.562180219976236517e-02
-1.011173431578116649e-01
-1.111863042750148023e-01
1.868287299175143065e-02
8.336986633484820552e-02
5.733618678143315162e-01
4.870277050770109584e-03
1.611909753429461786e-02
-3.023861214914642589e-02
-1.861717513485567355e-01
2.989295521913541351e-02
-2.952362339358405308e-01
1.628196041844227338e-01
-1.031561170457239301e-01
-2.420058387305849268e-01
-1.713404006599998641e-02
-2.415466080378438074e-02
4.870277050770109584e-03
9.133158929134979620e-03
-3.443898505560673111e-03
1.003650059986038951e-03
3.725917773070856927e-03
1.099729887226793754e-02
-2.429522671854539382e-03
4.243705699106126682e-03
1.196043137918423489e-02
-2.207908190066493540e-03
4.221063162336687220e-03
-7.694499943285339205e-02
1.611909753429461786e-02
-3.443898505560673111e-03
-1.282841617446829098e-02
5.552801277233887327e-03
-2.536349665467983912e-03
-2.419014222121132127e-04
-1.570568277502275550e-03
-3.240730455820517875e-03
-5.589574286442100005e-03
4.532323703438126752e-03
-3.112859628740503068e-04
1.610849135829467774e-02
-3.023861214914642589e-02
1.003650059986038951e-03
5.552801277233887327e-03
2.531744343566677546e-02
3.598120561745198759e-03
2.069010645872426321e-02
1.544118388141271650e-03
-2.549837771098127735e-03
-1.695719305561780091e-02
6.940125080835976047e-03
-1.323327104344939054e-01
3.232774594157026421e-02
-1.861717513485567355e-01
3.725917773070856927e-03
-2.536349665467983912e-03
3.598120561745198759e-03
1.210391666243889608e-01
-2.965113588070567713e-02
1.619906076129726813e-01
8.980335256964563223e-03
1.480605163118560831e-03
1.932296943407598236e-02
2.533255800469792068e-02
-4.823119442416573532e-02
2.989295521913541351e-02
1.099729887226793754e-02
-2.419014222121132127e-04
2.069010645872426321e-02
-2.965113588070567366e-02
4.672571445394371747e-02
-3.806238361602681114e-02
-5.880516330754280430e-03
-3.214254338726716428e-04
-1.180579316259865522e-02
-1.407084921573832637e-01
3.774127303232413522e-02
-2.952362339358405308e-01
-2.429522671854539382e-03
-1.570568277502275550e-03
1.544118388141271650e-03
1.619906076129726813e-01
-3.806238361602681114e-02
3.233594383400010819e-01
-1.860031478622754114e-02
7.453221272115435761e-04
-2.974966041809189166e-02
-1.321977616131035371e-01
9.562180219976236517e-02
1.628196041844227338e-01
4.243705699106126682e-03
-3.240730455820517875e-03
-2.549837771098127735e-03
8.980335256964563223e-03
-5.880516330754280430e-03
-1.860031478622754114e-02
1.212947873172095514e-01
-8.527920789905769905e-02
-1.397462092523739652e-01
7.282207026546469453e-02
-1.011173431578116649e-01
-1.031561170457239301e-01
1.196043137918423489e-02
-5.589574286442100005e-03
-1.695719305561780091e-02
1.480605163118560831e-03
-3.214254338726716428e-04
7.453221272115435761e-04
-8.527920789905769905e-02
1.030432689611225083e-01
1.149681950873867736e-01
1.231968521403021821e-01
-1.111863042750148023e-01
-2.420058387305849268e-01
-2.207908190066493540e-03
4.532323703438126752e-03
6.940125080835976047e-03
1.932296943407598236e-02
-1.180579316259865522e-02
-2.974966041809189166e-02
-1.397462092523739652e-01
1.149681950873867736e-01
2.669120019806662802e-01
2.762710367951737300e-01
-1.081262181849070997e-01
1.434282534272987054e-02
-1.320799961199999387e-02
3.932493392106804070e-03
-5.003787116952738935e-04
-1.321290881845424703e-01
3.488290863367499162e-02
-1.406656176973719585e-01
-1.320380315959552298e-01
6.987734075617944851e-02
1.270015062493793367e-01
-1.081262181849070997e-01
9.600412729382604149e-02
6.160508639394000202e-02
-1.476865472632844963e-02
3.050741413092850768e-02
-6.671378000759395528e-03
3.877550030814680415e-02
-4.549658666953471792e-02
4.776611526038940930e-02
8.436162653512931098e-02
-8.587884272182838563e-02
-1.019531456853032675e-01
1.434282534272987054e-02
6.160508639394000202e-02
5.643025335099994821e-01
1.918208928071377366e-03
-6.745586056259404717e-03
-1.996318473592851445e-02
-1.830232022513794965e-01
4.873018525964304543e-02
-2.914255760259227279e-01
1.669497796805282375e-01
-1.030462762923051029e-01
-2.516346287012163341e-01
-1.320799961199999387e-02
-1.476865472632844963e-02
1.918208928071377366e-03
4.740687995695249714e-03
-1.199136091986125266e-03
-1.254212145643625244e-04
3.604458762329683374e-03
8.013133920399763757e-03
-2.151318482453956334e-04
3.574143389184419612e-03
7.875432161136159889e-03
-1.776143090233995398e-03
3.932493392106804070e-03
3.050741413092850768e-02
-6.745586056259404717e-03
-1.199136091986125483e-03
-3.411884145536184243e-02
5.308798045815992482e-03
-1.139329947943738819e-03
1.402123206065030835e-03
-5.810106859747783594e-04
-1.980343615699306503e-03
-1.581548478451995799e-03
1.863541833728317746e-03
-5.003787116952738935e-04
-6.671378000759395528e-03
-1.996318473592851445e-02
-1.254212145643625244e-04
5.308798045815992482e-03
1.146874517966671794e-02
3.310102843626014195e-03
1.262005249233737018e-02
3.050420335105292775e-03
-2.957126206291483053e-03
-1.169840907316072737e-02
6.040648887767579960e-03
-1.321290881845424703e-01
3.877550030814680415e-02
-1.830232022513794965e-01
3.604458762329683374e-03
-1.139329947943738819e-03
3.310102843626014195e-03
1.185688439906005254e-01
-3.906531395019762626e-02
1.595343147092048441e-01
1.531077362294002570e-02
-1.054752212372524894e-03
1.584770188368403443e-02
3.488290863367499162e-02
-4.549658666953471792e-02
4.873018525964304543e-02
8.013133920399763757e-03
1.402123206065030835e-03
1.262005249233737018e-02
-3.906531395019762626e-02
4.369407100439913483e-02
-4.989981968897010817e-02
-6.929999788265121634e-03
5.021790609760095649e-03
-1.310792835195392046e-02
-1.406656176973719585e-01
4.776611526038940930e-02
-2.914255760259227279e-01
-2.151318482453956334e-04
-5.810106859747783594e-04
3.050420335105292775e-03
1.595343147092048441e-01
-4.989981968897010817e-02
3.186938226639988714e-01
-2.944605710420180114e-02
6.664192737637746229e-03
-3.257472057470010840e-02
-1.320380315959552298e-01
8.436162653512931098e-02
1.669497796805282375e-01
3.574143389184419612e-03
-1.980343615699306503e-03
-2.957126206291483053e-03
1.531077362294002570e-02
-6.929999788265121634e-03
-2.944605710420180114e-02
1.173618289836372147e-01
-7.805624215087586526e-02
-1.438700634478889129e-01
6.987734075617944851e-02
-8.587884272182838563e-02
-1.030462762923051029e-01
7.875432161136159889e-03
-1.581548478451995799e-03
-1.169840907316072737e-02
-1.054752212372524894e-03
5.021790609760095649e-03
6.664192737637746229e-03
-7.805624215087586526e-02
8.710370204102983738e-02
1.106443151512838674e-01
1.270015062493793367e-01
-1.019531456853032675e-01
-2.516346287012163341e-01
-1.776143090233995398e-03
1.863541833728317746e-03
6.040648887767579960e-03
1.584770188368403443e-02
-1.310792835195392046e-02
-3.257472057470010840e-02
-1.438700634478889129e-01
1.106443151512838674e-01
2.757815312713333133e-01
2.750574335148439076e-01
-1.083326673311105909e-01
1.308356382637481871e-02
-1.233544529699998060e-02
1.689371012085808324e-03
-5.150096839046538035e-04
-1.319783546380801087e-01
3.744487719388923941e-02
-1.406260022308846169e-01
-1.318541691857170461e-01
6.966463002270387173e-02
1.278508354629202814e-01
-1.083326673311105770e-01
9.343295445715635306e-02
5.569532421085456042e-02
-1.308392458705281806e-02
2.917209045305501486e-02
-5.605266615491960591e-03
4.070957334556325052e-02
-4.465603516695338532e-02
5.023793861006778383e-02
8.195217637012923440e-02
-8.184357487821107557e-02
-9.983492032709283259e-02
1.308356382637481871e-02
5.569532421085456042e-02
5.613081668669992474e-01
1.222703796400651053e-03
-5.776666894491967220e-03
-1.770954284105504678e-02
-1.821878825090512966e-01
5.378054596985105962e-02
-2.901176651414663632e-01
1.676603676731469594e-01
-1.038787962469102655e-01
-2.533007571800718338e-01
-1.233544529699998060e-02
-1.308392458705281806e-02
1.222703796400651053e-03
-6.097217525792000478e-03
-3.001168535593858348e-04
-2.853413962518092420e-04
3.522211492557311696e-03
6.830654365467142032e-03
1.018074511044137073e-04
3.509353878262153319e-03
6.730456330420108053e-03
-1.701595501958416429e-03
1.689371012085808324e-03
2.917209045305501486e-02
-5.776666894491967220e-03
-3.001168535593858348e-04
-3.496573664687479405e-02
5.292539853406844942e-03
-6.367660647517491912e-04
2.603587948143228081e-03
-1.700397546328679836e-05
-1.285720492754820849e-03
2.633736896078337961e-04
7.818808273517674880e-04
-5.150096839046538035e-04
-5.605266615491960591e-03
-1.770954284105504678e-02
-2.853413962518092420e-04
5.292539853406844942e-03
9.233424351333356997e-03
3.197807005633819359e-03
1.050716112553744253e-02
3.235148151799454707e-03
-3.000409637039986623e-03
-9.922916581035522154e-03
5.676566614130002138e-03
-1.319783546380801087e-01
4.070957334556325052e-02
-1.821878825090512966e-01
3.522211492557311696e-03
-6.367660647517491912e-04
3.197807005633819359e-03
1.185103010481531605e-01
-4.120219310055205780e-02
1.594853583183477030e-01
1.528594503749270035e-02
-1.170661087989562175e-03
1.571783300577433984e-02
3.744487719388923941e-02
-4.465603516695338532e-02
5.378054596985105962e-02
6.830654365467142032e-03
2.603587948143228081e-03
1.050716112553744253e-02
-4.120219310055206474e-02
4.210329103617965751e-02
-5.381265010734611470e-02
-6.470873033672290033e-03
5.303678397944874140e-03
-1.287520979160835556e-02
-1.406260022308846169e-01
5.023793861006778383e-02
-2.901176651414663632e-01
1.018074511044137073e-04
-1.700397546328679836e-05
3.235148151799454707e-03
1.594853583183477030e-01
-5.381265010734611470e-02
3.175098554256656769e-01
-2.937865423237507809e-02
7.387502101233660128e-03
-3.273105830793753696e-02
-1.318541691857170461e-01
8.195217637012923440e-02
1.676603676731469594e-01
3.509353878262153319e-03
-1.285720492754820849e-03
-3.000409637039986623e-03
1.528594503749270035e-02
-6.470873033672290033e-03
-2.937865423237507809e-02
1.174359047734196138e-01
-7.692392813694530485e-02
-1.457501910367134668e-01
6.966463002270387173e-02
-8.184357487821107557e-02
-1.038787962469102655e-01
6.730456330420108053e-03
2.633736896078337961e-04
-9.922916581035522154e-03
-1.170661087989562175e-03
5.303678397944874140e-03
7.387502101233660128e-03
-7.692392813694530485e-02
8.178570421024765336e-02
1.095893292095081323e-01
1.278508354629202814e-01
-9.983492032709283259e-02
-2.533007571800718338e-01
-1.701595501958416429e-03
7.818808273517674880e-04
5.676566614130002138e-03
1.571783300577433984e-02
-1.287520979160835556e-02
-3.273105830793753696e-02
-1.457501910367134668e-01
1.095893292095081323e-01
2.782375527216666145e-01
-9.322516234996686135e-01
3.610181933233037410e-05
3.558236066563186028e-05
1.155592649243997183e+00
-1.636466087719799952e-04
-1.577482416769802214e-04
-8.249820146945809896e-01
-8.447970962741192802e-02
1.069731755713123622e+00
-8.450688273549757934e-01
9.193882959411617262e-02
-1.082618382922435618e+00
3.610181933233037410e-05
3.162410005011663916e+00
4.225181503396331806e+00
1.045430679292770441e-03
-2.959999941385996536e+00
-4.090982445158987346e+00
-2.963801247657418259e-01
4.497274251865450156e-01
1.799123045906581841e-01
2.968644109214343962e-01
4.442772985960409260e-01
1.852804274390887629e-01
3.558236066563186028e-05
4.225181503396331806e+00
2.911505071689008961e+00
6.404534231347528512e-04
-3.789798008004987118e+00
-3.321676223461018207e+00
9.153400904091896217e-01
3.824053488024823505e-02
-2.363326717229632667e-01
-9.210463088822606892e-01
4.778768960943129834e-02
-2.752737128650656895e-01
1.155592649243997183e+00
1.045430679292770441e-03
6.404534231347528512e-04
-9.080574525109970097e-01
3.178822186661003804e-04
2.142161273337940726e-04
-3.155558688132289458e-01
5.746298157860974670e-02
7.259019672732182071e-01
-3.348716580044808766e-01
-6.872764720245785885e-02
-7.867091887203302436e-01
-1.636466087719799952e-04
-2.959999941385996536e+00
-3.789798008004987118e+00
3.178822186661003804e-04
3.730729407677004783e+00
-3.774876466114014839e+00
1.679333139981460665e-01
2.265046575232123882e-01
-1.341903009207675856e-01
-1.742323098569009687e-01
2.526317638656283004e-01
-1.338959271127335149e-01
-1.577482416769802214e-04
-4.090982445158987346e+00
-3.321676223461018207e+00
2.142161273337940726e-04
-3.774876466114014839e+00
2.772345841154664203e+00
7.518854808538013579e-01
-3.662560460706764526e-02
-5.839185883814828060e-01
-7.798946062353937503e-01
-3.109156986323692931e-02
-6.277932229056475411e-01
-8.249820146945809896e-01
-2.963801247657418259e-01
9.153400904091896217e-01
-3.155558688132289458e-01
1.679333139981460665e-01
7.518854808538013579e-01
4.951707740288497916e-01
1.932659342098817512e-01
1.209835922054375013e-01
-6.576584692954827449e-02
1.768554400879360569e-02
2.389793534374942685e-02
-8.447970962741192802e-02
4.497274251865450156e-01
3.824053488024823505e-02
5.746298157860974670e-02
2.265046575232123882e-01
-3.662560460706764526e-02
1.932659342098817234e-01
3.220959297548405681e-02
1.095764954885983938e-01
-2.836675931432964919e-03
-5.911114967899656208e-02
3.401360632440376258e-02
1.069731755713123622e+00
1.799123045906581841e-01
-2.363326717229632667e-01
7.259019672732182071e-01
-1.341903009207675856e-01
-5.839185883814828060e-01
1.209835922054375013e-01
1.095764954885983938e-01
3.241951030613332008e-01
-2.782357453456099985e-02
3.608911099040601478e-02
4.087242413054495427e-02
-8.450688273549757934e-01
2.968644109214343962e-01
-9.210463088822606892e-01
-3.348716580044808766e-01
-1.742323098569009687e-01
-7.798946062353937503e-01
-6.576584692954827449e-02
-2.836675931432964919e-03
-2.782357453456099985e-02
5.228855210780520846e-01
-1.842577023793521562e-01
-1.249749851735942052e-01
9.193882959411617262e-02
4.442772985960409260e-01
4.778768960943129834e-02
-6.872764720245785885e-02
2.526317638656283004e-01
-3.109156986323692931e-02
1.768554400879360569e-02
-5.911114967899656208e-02
3.608911099040601478e-02
-1.842577023793521840e-01
-3.691836193387419782e-03
1.143370125988565772e-01
-1.082618382922435618e+00
1.852804274390887629e-01
-2.752737128650656895e-01
-7.867091887203302436e-01
-1.338959271127335149e-01
-6.277932229056475411e-01
2.389793534374942685e-02
3.401360632440376258e-02
4.087242413054495427e-02
-1.249749851735942052e-01
1.143370125988565772e-01
3.225574774913338438e-01
2.911883018401600354e-01
-9.790596701132449342e-02
3.809625356350085368e-02
-2.590542772199998234e-02
1.862846161689995714e-02
-5.753076116920248853e-03
-1.226823816993864308e-01
1.012940850823679066e-02
-1.442504127436893546e-01
-1.241389720239767097e-01
8.516477836676425439e-02
1.184782845259332862e-01
-9.790596701132449342e-02
2.809183750441737182e-01
8.314152763689382220e-02
-2.466998213344698612e-02
-1.681506378912843158e-01
3.305531298096674869e-02
2.163244040315852323e-02
-4.742721729706595585e-02
2.448817389460312965e-02
1.162578984637407803e-01
-1.257882058563730976e-01
-1.276404784807027015e-01
3.809625356350085368e-02
8.314152763689382220e-02
5.714097547660004217e-01
6.551799700092215614e-03
3.392068480546672760e-02
-5.710663426121610070e-02
-1.886483244962162409e-01
2.595455574374487193e-03
-3.019525993025479749e-01
1.523342959205528091e-01
-1.128502209608825968e-01
-2.264111031846507971e-01
-2.590542772199998234e-02
-2.466998213344698612e-02
6.551799700092215614e-03
1.968789875895467570e-02
-4.240098676703538995e-03
6.888020239662045324e-04
3.185254712438816919e-03
1.922630972868073079e-02
-6.838782756722978397e-03
3.057709604818128341e-03
1.843343160226241714e-02
-4.160927251604491610e-03
1.862846161689995714e-02
-1.681506378912843158e-01
3.392068480546672760e-02
-4.240098676703538995e-03
1.533818588150450690e-01
-1.477751249205596328e-02
-2.271266372347399091e-03
-6.011780762314141054e-03
1.516476444970246305e-03
-2.189823263249323412e-03
-2.253512148390770381e-02
7.830857372591254820e-03
-5.753076116920248853e-03
3.305531298096674869e-02
-5.710663426121610070e-02
6.888020239662045324e-04
-1.477751249205596328e-02
6.609195490800004458e-02
3.019082548227301852e-03
3.381659190037168694e-02
-6.154531343124671448e-03
-9.839180379968789393e-04
-2.512198295774786469e-02
9.914107905589572209e-03
-1.226823816993864308e-01
2.163244040315852323e-02
-1.886483244962162409e-01
3.185254712438816919e-03
-2.271266372347399091e-03
3.019082548227301852e-03
1.202375946067456847e-01
-1.994293763534328925e-02
1.665826025999067039e-01
9.045536741418629470e-03
1.353783466098065422e-03
1.925380881055552620e-02
1.012940850823679066e-02
-4.742721729706595585e-02
2.595455574374487193e-03
1.922630972868073079e-02
-6.011780762314141054e-03
3.381659190037168694e-02
-1.994293763534328925e-02
5.338549762558790490e-02
-1.779208025438105273e-02
-9.246162192142259179e-03
-5.198206402025677643e-04
-1.660969293776452804e-02
-1.442504127436893546e-01
2.448817389460312965e-02
-3.019525993025479749e-01
-6.838782756722978397e-03
1.516476444970246305e-03
-6.154531343124671448e-03
1.665826025999067039e-01
-1.779208025438105273e-02
3.315000341943344364e-01
-1.725066718695678070e-02
-4.188618824081406702e-04
-2.867541586071607057e-02
-1.241389720239767097e-01
1.162578984637407803e-01
1.523342959205528091e-01
3.057709604818128341e-03
-2.189823263249323412e-03
-9.839180379968789393e-04
9.045536741418629470e-03
-9.246162192142259179e-03
-1.725066718695678070e-02
1.269277970345175921e-01
-1.033624653545341110e-01
-1.303043071410221743e-01
8.516477836676425439e-02
-1.257882058563730976e-01
-1.128502209608825968e-01
1.843343160226241714e-02
-2.253512148390770381e-02
-2.512198295774786469e-02
1.353783466098065422e-03
-5.198206402025677643e-04
-4.188618824081406702e-04
-1.033624653545341110e-01
1.395543263838163461e-01
1.291689824193286151e-01
1.184782845259332862e-01
-1.276404784807027015e-01
-2.264111031846507971e-01
-4.160927251604491610e-03
7.830857372591254820e-03
9.914107905589572209e-03
1.925380881055552620e-02
-1.660969293776452804e-02
-2.867541586071607057e-02
-1.303043071410221743e-01
1.291689824193286151e-01
2.332755907533346218e-01
2.866436812999392791e-01
-9.920270676348014183e-02
3.388912693181708735e-02
-1.926013593450000283e-02
1.983976754588803043e-02
-4.407756378487645392e-03
-1.062661245637072510e-01
1.464030751800615877e-02
-1.438643351773723766e-01
-1.059478279873243139e-01
7.792905612985656649e-02
1.211413861477382142e-01
-9.920270676348012795e-02
2.187452110453949328e-01
8.351849218877821501e-02
-1.731370037306732140e-02
-1.267451775955395210e-01
1.813883125314386113e-02
2.644376023742156176e-02
-4.407986136227705354e-02
3.383701258459948652e-02
1.082209016302365934e-01
-1.122282431852183737e-01
-1.245020681198954621e-01
3.388912693181708735e-02
8.351849218877821501e-02
5.704165350583321192e-01
3.706140468975491816e-03
2.228293085297717094e-02
-4.475198435046062739e-02
-1.872858220924460970e-01
1.215832930954144180e-02
-3.011704775870160944e-01
1.552559700226456840e-01
-1.079931546578681012e-01
-2.331518442194576990e-01
-1.926013593450000283e-02
-1.731370037306732140e-02
3.706140468975491816e-03
1.516905640547734115e-02
-6.342068971719675395e-03
1.078408774660376799e-04
3.825555015200365720e-03
1.664462273830248640e-02
-4.438354962563109338e-03
3.299038283865760989e-03
1.543670197503014402e-02
-3.887740734428674332e-03
1.983976754588803043e-02
-1.267451775955395210e-01
2.228293085297717094e-02
-6.342068971719674528e-03
1.124076649621894297e-01
1.248396550113902055e-03
-2.854567945624294709e-03
-5.605255950071367024e-03
-1.204707746599363263e-04
-3.569258270126025347e-03
-1.727163325066203778e-02
7.101819398897681913e-03
-4.407756378487645392e-03
1.813883125314386113e-02
-4.475198435046062739e-02
1.078408774660376799e-04
1.248396550113902055e-03
5.597070891366671963e-02
3.865221386179932064e-03
2.939632998469911274e-02
-1.587021400128990796e-03
-1.960040144014116737e-03
-2.299110452352308084e-02
9.230556776296269458e-03
-1.062661245637072510e-01
2.644376023742156176e-02
-1.872858220924460970e-01
3.825555015200365720e-03
-2.854567945624294709e-03
3.865221386179932064e-03
1.191105244378040662e-01
-2.497601197546265445e-02
1.623342374379642128e-01
8.800120835059542165e-03
1.186861743453895444e-03
1.902297754070862018e-02
1.464030751800615877e-02
-4.407986136227705354e-02
1.215832930954144180e-02
1.664462273830248640e-02
-5.605255950071367024e-03
2.939632998469911274e-02
-2.497601197546265792e-02
5.459715771152891250e-02
-2.721316646560829194e-02
-7.948367345480785925e-03
-4.069971413706524144e-04
-1.544497435323471772e-02
-1.438643351773723766e-01
3.383701258459948652e-02
-3.011704775870160944e-01
-4.438354962563109338e-03
-1.204707746599363263e-04
-1.587021400128990796e-03
1.623342374379642128e-01
-2.721316646560829194e-02
3.285517234086677840e-01
-1.766410251519614366e-02
1.232486087008771204e-04
-3.043970773918892175e-02
-1.059478279873243139e-01
1.082209016302365934e-01
1.552559700226456840e-01
3.299038283865760989e-03
-3.569258270126025347e-03
-1.960040144014116737e-03
8.800120835059542165e-03
-7.948367345480785925e-03
-1.766410251519614366e-02
1.254350768791271664e-01
-9.873185292191177798e-02
-1.359956831265421162e-01
7.792905612985656649e-02
-1.122282431852183737e-01
-1.079931546578681012e-01
1.543670197503014402e-02
-1.727163325066203778e-02
-2.299110452352308084e-02
1.186861743453895444e-03
-4.069971413706524144e-04
1.232486087008771204e-04
-9.873185292191177798e-02
1.308687498842059649e-01
1.228077036273417522e-01
1.211413861477382142e-01
-1.245020681198954621e-01
-2.331518442194576990e-01
-3.887740734428674332e-03
7.101819398897681913e-03
9.230556776296269458e-03
1.902297754070862018e-02
-1.544497435323471772e-02
-3.043970773918892175e-02
-1.359956831265421162e-01
1.228077036273417522e-01
2.418473304426672077e-01
2.823368922871477560e-01
-1.054714259691369449e-01
1.713859403747794441e-02
-1.696396471700001296e-02
7.347071758473933123e-03
-1.539188040645164245e-03
-1.321047512220541176e-01
2.872403813167876893e-02
-1.408926586462183883e-01
-1.322385290758542609e-01
7.123678136948943806e-02
1.250062232674651330e-01
-1.054714259691369588e-01
1.062181632255181224e-01
7.395793154131201363e-02
-1.797826672490757810e-02
3.236136769471530117e-02
-1.030253597096817721e-02
3.450386109949725444e-02
-4.690652021600013460e-02
4.171188581320603439e-02
9.043225588560212247e-02
-9.384422518646308442e-02
-1.074100703757254888e-01
1.713859403747794441e-02
7.395793154131201363e-02
5.698109046436666825e-01
2.859908956893315868e-03
-9.388154521968186672e-03
-2.762427380871527310e-02
-1.840038552112961134e-01
3.639377311597682962e-02
-2.945498623194461874e-01
1.641579934945905650e-01
-1.018918765521681924e-01
-2.476644134061826430e-01
-1.696396471700001296e-02
-1.797826672490757810e-02
2.859908956893315868e-03
8.757286937454341127e-03
-2.338502372375899762e-03
4.648231136739192204e-06
3.982983174599998358e-03
1.026875844426199634e-02
-1.060553141933457278e-03
3.860681688575048464e-03
1.003620767752731908e-02
-2.301699969037401469e-03
7.347071758473933123e-03
3.236136769471530117e-02
-9.388154521968186672e-03
-2.338502372375899762e-03
-2.632687075512095756e-02
6.622124680431891453e-03
-2.230634495597563858e-03
3.803417292875384498e-05
-1.522334796085684540e-03
-3.039165788101275568e-03
-4.547271925310130032e-03
3.823469978693579650e-03
-1.539188040645164245e-03
-1.030253597096817721e-02
-2.762427380871527310e-02
4.648231136739192204e-06
6.622124680431891453e-03
1.956708956266663135e-02
4.026477539942894743e-03
1.758425953406816261e-02
2.981156468471267851e-03
-3.129723264556925465e-03
-1.535027031630184502e-02
7.305688372235098933e-03
-1.321047512220541176e-01
3.450386109949725444e-02
-1.840038552112961134e-01
3.982983174599998358e-03
-2.230634495597563858e-03
4.026477539942894743e-03
1.196063696663461212e-01
-3.345284038277528821e-02
1.609527784825755259e-01
8.999419412731296877e-03
1.034481805044734073e-03
1.918674913294739562e-02
2.872403813167876893e-02
-4.690652021600013460e-02
3.639377311597682962e-02
1.026875844426199634e-02
3.803417292875384498e-05
1.758425953406816261e-02
-3.345284038277528821e-02
4.663752697598688712e-02
-4.225487547890870166e-02
-5.081486800348857143e-03
-1.839039697907495407e-04
-1.137905794114388476e-02
-1.408926586462183883e-01
4.171188581320603439e-02
-2.945498623194461874e-01
-1.060553141933457278e-03
-1.522334796085684540e-03
2.981156468471267851e-03
1.609527784825755259e-01
-4.225487547890870166e-02
3.216284525983323372e-01
-1.874728997444391823e-02
1.294484986593492926e-03
-2.983697375694057199e-02
-1.322385290758542609e-01
9.043225588560212247e-02
1.641579934945905650e-01
3.860681688575048464e-03
-3.039165788101275568e-03
-3.129723264556925465e-03
8.999419412731296877e-03
-5.081486800348857143e-03
-1.874728997444391823e-02
1.202899285865427909e-01
-8.248646582948483685e-02
-1.430372092455222954e-01
7.123678136948943806e-02
-9.384422518646308442e-02
-1.018918765521681924e-01
1.003620767752731908e-02
-4.547271925310130032e-03
-1.535027031630184502e-02
1.034481805044734073e-03
-1.839039697907495407e-04
1.294484986593492926e-03
-8.248646582948483685e-02
9.823242722512380565e-02
1.143823159437836329e-01
1.250062232674651330e-01
-1.074100703757254888e-01
-2.476644134061826430e-01
-2.301699969037401469e-03
3.823469978693579650e-03
7.305688372235098933e-03
1.918674913294739562e-02
-1.137905794114388476e-02
-2.983697375694057199e-02
-1.430372092455222954e-01
1.143823159437836329e-01
2.691612115543340900e-01
-1.056443602223333111e-01
3.385947703332826270e-03
-2.242907740333774467e-03
4.429681093339998821e-01
-6.939836194523609468e-03
-1.052705985184695242e-03
-2.185547004081301592e-01
1.030139977912255256e-01
2.555701210370122101e-01
-2.182239899079332635e-01
-1.052435262059860793e-01
-2.573603079985291031e-01
3.385947703332826270e-03
1.930805832618995854e+00
1.793306200513004489e+00
-1.270359366158359954e-02
-1.892888613734237779e+00
-1.660135898450843639e+00
-1.870290737025291639e-02
1.354302394802554543e-01
-2.543905775065727348e-02
1.182683764945867584e-02
1.398935400334453960e-01
-2.324795117009966633e-02
-2.242907740333774467e-03
1.793306200513004489e+00
1.454093202710004418e+00
-6.555035978557681789e-03
-1.552900817515343812e+00
-8.037931513877651923e-01
2.007711353109589425e-01
-9.324214807546274408e-02
-1.021741716951255485e-01
-2.062257481781150092e-01
-9.179195666540092280e-02
-9.388247013351187775e-02
4.429681093339998821e-01
-1.270359366158359954e-02
-6.555035978557681789e-03
-4.083047178749996675e-01
-8.386304886673617148e-04
2.346406889996071677e-04
-4.200396649846766667e-02
-4.380174698754383394e-02
3.144267492892129957e-03
-5.062753903647081860e-02
7.355357151126977466e-02
1.599967491407902273e-02
-6.939836194523609468e-03
-1.892888613734237779e+00
-1.552900817515343812e+00
-8.386304886673617148e-04
2.428601105361992474e+00
1.605770505585330854e+00
-1.280992489737337817e-03
-1.773821728974609921e-02
6.190941896190026855e-03
1.881678812792860270e-02
-2.134681201183092833e-02
9.558254338912455794e-03
-1.052705985184695242e-03
-1.660135898450843639e+00
-8.037931513877651923e-01
2.346406889996071677e-04
1.605770505585330854e+00
1.496727212354673986e+00
9.616031427886275601e-03
6.014843035906575208e-02
-3.025337065528624012e-02
-7.971879209004082562e-03
5.497527825435691295e-02
-5.573448078369826197e-02
-2.185547004081301592e-01
-1.870290737025291639e-02
2.007711353109589425e-01
-4.200396649846766667e-02
-1.280992489737337817e-03
9.616031427886275601e-03
2.842419197350772309e-01
-4.665484050560339893e-03
-1.977946122921050154e-01
-3.545023792698679538e-02
1.252159717092206359e-02
2.266398532378550990e-02
1.030139977912255256e-01
1.354302394802554543e-01
-9.324214807546274408e-02
-4.380174698754383394e-02
-1.773821728974609921e-02
6.014843035906575208e-02
-4.665484050560339026e-03
-8.551304296074400957e-02
-1.185529104891488127e-02
-9.671261979679888002e-03
-8.623218177582311905e-03
3.093622697282783288e-02
2.555701210370122101e-01
-2.543905775065727348e-02
-1.021741716951255485e-01
3.144267492892129957e-03
6.190941896190026855e-03
-3.025337065528624012e-02
-1.977946122921050154e-01
-1.185529104891488127e-02
1.663488161220003370e-01
-2.456123989788387002e-02
3.540009045352384559e-02
9.916533795069125065e-03
-2.182239899079332635e-01
1.182683764945867584e-02
-2.062257481781150092e-01
-5.062753903647081860e-02
1.881678812792860270e-02
-7.971879209004082562e-03
-3.545023792698679538e-02
-9.671261979679888002e-03
-2.456123989788387002e-02
2.851186448253629768e-01
-2.934073589681620089e-03
1.991997511797823084e-01
-1.052435262059860793e-01
1.398935400334453960e-01
-9.179195666540092280e-02
7.355357151126977466e-02
-2.134681201183092833e-02
5.497527825435691295e-02
1.252159717092206359e-02
-8.623218177582311905e-03
3.540009045352384559e-02
-2.934073589681616620e-03
-8.600590779269622066e-02
-1.482883180728585860e-02
-2.573603079985291031e-01
-2.324795117009966633e-02
-9.388247013351187775e-02
1.599967491407902273e-02
9.558254338912455794e-03
-5.573448078369826197e-02
2.266398532378550990e-02
3.093622697282783288e-02
9.916533795069125065e-03
1.991997511797823084e-01
-1.482883180728585860e-02
1.667228084793332399e-01
5.737018328910360454e-01
6.146359122660730728e-02
3.436226867520804640e-01
-1.859647383001872614e-02
1.938110190195736077e-02
-7.961751046780268445e-03
-1.220505951661236405e-01
1.165074371307517386e-03
-1.480197260031393125e-01
-1.219541482880812377e-01
1.008387768904788345e-01
1.085529777121065631e-01
6.146359122660731422e-02
2.595679340952957714e-01
1.707141283483435412e-01
-1.864739814643128976e-02
-3.540336818399931751e-01
1.208595330050576261e-01
6.377118058596764789e-03
-3.867068858705727946e-02
-4.097836505579802516e-03
1.332808056653205786e-01
-1.520679915646939440e-01
-1.360768700569888467e-01
3.436226867520804640e-01
1.707141283483435412e-01
6.108840625696682070e-01
7.202021099552834149e-03
1.238486682499676389e-01
-9.003412694898822732e-02
-1.875314691947943257e-01
-1.377512336280759669e-02
-3.013598126923192067e-01
1.318778918562177327e-01
-1.242164327897585796e-01
-1.884834906287249090e-01
-1.859647383001872614e-02
-1.864739814643128976e-02
7.202021099552834149e-03
-1.154004453124671259e-02
-2.992978855797402693e-02
1.170938290353729832e-03
-1.232006226595393390e-03
1.911350643457875378e-02
-1.250950982242577184e-02
6.002645375481718663e-04
2.463226932404645464e-02
-4.330006641512537495e-03
1.938110190195736077e-02
-3.540336818399931751e-01
1.238486682499676389e-01
-2.992978855797403040e-02
1.792645230735799011e-01
-1.035149097183326317e-01
-2.467300678874826975e-03
-3.306410477290172307e-03
1.691675989077872462e-03
2.042273101378768926e-03
-2.674163676748924495e-02
9.353287392173906256e-03
-7.961751046780268445e-03
1.208595330050576261e-01
-9.003412694898822732e-02
1.170938290353729832e-03
-1.035149097183326317e-01
1.679654512280001621e-01
-3.296606233563503709e-03
3.432951181964066789e-02
-1.548707856111444445e-02
3.930202962068302455e-03
-2.193529516760063872e-02
5.849811966441087648e-03
-1.220505951661236405e-01
6.377118058596764789e-03
-1.875314691947943257e-01
-1.232006226595393390e-03
-2.467300678874826975e-03
-3.296606233563503709e-03
1.691068715132412192e-01
5.973508088392641933e-03
1.809667215448301503e-01
5.339842549794325544e-03
2.310055241536832730e-03
1.888637645445823826e-02
1.165074371307517386e-03
-3.867068858705727946e-02
-1.377512336280759669e-02
1.911350643457875378e-02
-3.306410477290172307e-03
3.432951181964066789e-02
5.973508088392642801e-03
4.000078392342548000e-02
3.015840609612671294e-02
-1.197220423992499498e-02
7.442581091562374632e-04
-2.323837701977009632e-02
-1.480197260031393125e-01
-4.097836505579802516e-03
-3.013598126923192067e-01
-1.250950982242577184e-02
1.691675989077872462e-03
-1.548707856111444445e-02
1.809667215448301503e-01
3.015840609612671294e-02
2.566284497433335976e-01
-1.484233195181170091e-02
-2.600461880046020524e-03
-2.670544017695054492e-02
-1.219541482880812377e-01
1.332808056653205786e-01
1.318778918562177327e-01
6.002645375481718663e-04
2.042273101378768926e-03
3.930202962068302455e-03
5.339842549794325544e-03
-1.197220423992499498e-02
-1.484233195181170091e-02
1.469264004994475514e-01
-1.195754997071627052e-01
-1.319843875976144387e-01
1.008387768904788345e-01
-1.520679915646939440e-01
-1.242164327897585796e-01
2.463226932404645464e-02
-2.674163676748924495e-02
-2.193529516760063872e-02
2.310055241536832730e-03
7.442581091562374632e-04
-2.600461880046020524e-03
-1.195754997071627052e-01
1.387055146188858334e-01
1.232154030007089340e-01
1.085529777121065631e-01
-1.360768700569888467e-01
-1.884834906287249090e-01
-4.330006641512537495e-03
9.353287392173906256e-03
5.849811966441087648e-03
1.888637645445823826e-02
-2.323837701977009632e-02
-2.670544017695054492e-02
-1.319843875976144387e-01
1.232154030007089340e-01
1.920936781736664600e-01
4.263814967028995428e-01
-3.482814411096802482e-02
1.614898968822792713e-01
-2.445494441000001240e-02
1.942164762896865515e-02
-6.951053087563907086e-03
-1.289355039770515854e-01
5.276898956501296055e-03
-1.471215403718407477e-01
-1.287567467460722370e-01
9.296674566347221114e-02
1.175869765164279518e-01
-3.482814411096805257e-02
2.148681175181010317e-01
1.139001247758314739e-01
-2.356962319364116348e-02
-2.697354849333676308e-01
7.347303197449150947e-02
1.545875720966851004e-02
-3.878678792763628341e-02
8.928637066148244553e-03
1.256505564648624507e-01
-1.389374062026280943e-01
-1.356890021163596749e-01
1.614898968822792713e-01
1.139001247758314739e-01
5.669206237600011855e-01
7.548651684021645721e-03
7.256095532682479976e-02
-7.342170396463250370e-02
-1.885717736048909687e-01
-8.104426423503207841e-03
-3.043186177203120457e-01
1.468075762640094206e-01
-1.200627636506066270e-01
-2.084463943252995444e-01
-2.445494441000001240e-02
-2.356962319364116348e-02
7.548651684021645721e-03
9.190807765114501759e-03
-1.786634878040499821e-02
-1.453863223666952481e-03
1.596478539526952544e-03
1.974344020783446937e-02
-1.005977421084897072e-02
1.999863520162039471e-03
2.126981551183099867e-02
-4.814712132431318153e-03
1.942164762896865515e-02
-2.697354849333676308e-01
7.256095532682479976e-02
-1.786634878040499474e-02
1.102138512088853550e-01
-5.355727901024193160e-02
-1.530877888811490268e-03
-5.329496911009584149e-03
1.278682329089937545e-03
-5.761827555980841625e-04
-2.482417721582576287e-02
9.307142085720301536e-03
-6.951053087563907086e-03
7.347303197449150947e-02
-7.342170396463250370e-02
-1.453863223666952481e-03
-5.355727901024193160e-02
1.228704958703337041e-01
3.117995204840093813e-05
3.540913231100495384e-02
-1.019378208951736420e-02
1.658546359638346556e-03
-2.456331146745539123e-02
8.428737090163715417e-03
-1.289355039770515854e-01
1.545875720966851004e-02
-1.885717736048909687e-01
1.596478539526952544e-03
-1.530877888811490268e-03
3.117995204840093813e-05
1.438139902749151211e-01
-6.431164636961040834e-03
1.740447568246375198e-01
7.550693087384597636e-03
2.698278179264702609e-03
1.835628946805448192e-02
5.276898956501296055e-03
-3.878678792763628341e-02
-8.104426423503207841e-03
1.974344020783446937e-02
-5.329496911009584149e-03
3.540913231100495384e-02
-6.431164636961039967e-03
4.549883512408494507e-02
2.511883848064391193e-03
-1.070465580626113987e-02
-4.272244348669356753e-04
-2.003113946721474942e-02
-1.471215403718407477e-01
8.928637066148244553e-03
-3.043186177203120457e-01
-1.005977421084897072e-02
1.278682329089937545e-03
-1.019378208951736420e-02
1.740447568246375198e-01
2.511883848064391193e-03
2.819999854143337426e-01
-1.671463463038281097e-02
-2.489489315177566449e-03
-2.753389026901767456e-02
-1.287567467460722370e-01
1.256505564648624507e-01
1.468075762640094206e-01
1.999863520162039471e-03
-5.761827555980841625e-04
1.658546359638346556e-03
7.550693087384597636e-03
-1.070465580626113987e-02
-1.671463463038281097e-02
1.413524007752955114e-01
-1.108267430794833835e-01
-1.359187612976610060e-01
9.296674566347221114e-02
-1.389374062026280943e-01
-1.200627636506066270e-01
2.126981551183099867e-02
-2.482417721582576287e-02
-2.456331146745539123e-02
2.698278179264702609e-03
-4.272244348669356753e-04
-2.489489315177566449e-03
-1.108267430794833835e-01
1.373721317447046952e-01
1.198531948698458027e-01
1.175869765164279518e-01
-1.356890021163596749e-01
-2.084463943252995444e-01
-4.814712132431318153e-03
9.307142085720301536e-03
8.428737090163715417e-03
1.835628946805448192e-02
-2.003113946721474942e-02
-2.753389026901767456e-02
-1.359187612976610060e-01
1.198531948698458027e-01
2.137560170063325937e-01
2.766469738229590525e-01
-1.070061166897361277e-01
1.377567052981487107e-02
-1.303658863599997837e-02
3.488148402857123472e-03
-4.524965401475560087e-04
-1.316497571456520799e-01
3.462835979449581381e-02
-1.408986906932977179e-01
-1.316167282192310384e-01
6.964488269793089881e-02
1.272910985733489431e-01
-1.070061166897361138e-01
9.626607953670635043e-02
6.136748206546889517e-02
-1.482122811754062360e-02
3.397023819298980452e-02
-7.019980474569910596e-03
3.852805066481043011e-02
-4.676376858666267400e-02
4.733109862066569445e-02
8.384679024724403518e-02
-8.638366386376722383e-02
-1.016643954569669134e-01
1.377567052981487107e-02
6.136748206546889517e-02
5.649614552309987214e-01
1.922538288483050060e-03
-7.205267068069918200e-03
-2.066584949398979701e-02
-1.824072656828711614e-01
4.809656622208864640e-02
-2.919594342021851197e-01
1.664909945552865422e-01
-1.025668433032930343e-01
-2.523267054240015961e-01
-1.303658863599997837e-02
-1.482122811754062360e-02
1.922538288483050060e-03
6.415065083736126716e-03
-4.201598850765388333e-04
4.705554170573115748e-05
3.935488822666997032e-03
7.864371843267247905e-03
-4.201794316193831007e-04
3.977425263192624523e-03
7.698044357015711506e-03
-1.631657046482383596e-03
3.488148402857123472e-03
3.397023819298980452e-02
-7.205267068069918200e-03
-4.201598850765386165e-04
-3.485152174840273204e-02
6.224295280595985164e-03
-1.220421643013203843e-03
1.570603932712592117e-03
-5.847541758790517118e-04
-2.049653222348594636e-03
-1.271331195275552566e-03
1.792009608132722354e-03
-4.524965401475560087e-04
-7.019980474569910596e-03
-2.066584949398979701e-02
4.705554170573115748e-05
6.224295280595985164e-03
1.143150209266668473e-02
3.259197185562689482e-03
1.245562459794717983e-02
3.355558812620415641e-03
-2.899702834220880838e-03
-1.132125762847869914e-02
6.248397268582929487e-03
-1.316497571456520799e-01
3.852805066481043011e-02
-1.824072656828711614e-01
3.935488822666997032e-03
-1.220421643013203843e-03
3.259197185562689482e-03
1.189494457632426228e-01
-3.886276685045614993e-02
1.601627942532856674e-01
8.741485385021880924e-03
9.410513573038316358e-04
1.905181779620800792e-02
3.462835979449581381e-02
-4.676376858666267400e-02
4.809656622208864640e-02
7.864371843267247905e-03
1.570603932712592117e-03
1.245562459794717983e-02
-3.886276685045614993e-02
4.323938928875738219e-02
-4.981952913047143355e-02
-3.958050406063478265e-03
7.560827458885870491e-04
-1.073213369830585719e-02
-1.408986906932977179e-01
4.733109862066569445e-02
-2.919594342021851197e-01
-4.201794316193831007e-04
-5.847541758790517118e-04
3.355558812620415641e-03
1.601627942532856674e-01
-4.981952913047143355e-02
3.186774578119987433e-01
-1.866246457955862345e-02
2.635045916186852001e-03
-2.993371241391047308e-02
-1.316167282192310384e-01
8.384679024724403518e-02
1.664909945552865422e-01
3.977425263192624523e-03
-2.049653222348594636e-03
-2.899702834220880838e-03
8.741485385021880924e-03
-3.958050406063478265e-03
-1.866246457955862345e-02
1.184222927153000954e-01
-7.824578414700340823e-02
-1.445764525125406985e-01
6.964488269793089881e-02
-8.638366386376722383e-02
-1.025668433032930343e-01
7.698044357015711506e-03
-1.271331195275552566e-03
-1.132125762847869914e-02
9.410513573038316358e-04
7.560827458885870491e-04
2.635045916186852001e-03
-7.824578414700339435e-02
8.653109572236633573e-02
1.107851626987573779e-01
1.272910985733489431e-01
-1.016643954569669134e-01
-2.523267054240015961e-01
-1.631657046482383596e-03
1.792009608132722354e-03
6.248397268582929487e-03
1.905181779620800792e-02
-1.073213369830585719e-02
-2.993371241391047308e-02
-1.445764525125406985e-01
1.107851626987573779e-01
2.761118386539999081e-01
-9.372393491380014430e-01
3.628070266565947488e-05
3.555022099896981957e-05
1.172825584515996944e+00
-2.863590772334837203e-03
-2.799738802465393146e-03
-4.659697416861854347e-01
4.135704593985362748e-02
7.149736176870449267e-01
-4.597898885933736080e-01
-5.190106105996495495e-02
-7.351578905582817347e-01
3.628070266565947488e-05
3.174689080789330653e+00
4.206340515266000502e+00
5.297655404580654207e-04
-2.999057650587354296e+00
-4.170829676938758723e+00
-1.537459979385440156e-01
4.069377430614309898e-01
1.056505426307310230e-01
1.580386307139507174e-01
4.116442235351768786e-01
1.040865344176641616e-01
3.555022099896981957e-05
4.206340515266000502e+00
2.915063012320009861e+00
-3.594705871147590819e-03
-3.833495281670759258e+00
-3.378821680659660931e+00
5.438396062108039608e-01
-3.560923009963230801e-02
-1.694128811872454565e-01
-5.367134020150439166e-01
-4.022771025109164039e-02
-1.683240589818032207e-01
1.172825584515996944e+00
5.297655404580654207e-04
-3.594705871147590819e-03
-9.068839642016632840e-01
3.718927666609937190e-05
-3.243425499953922665e-05
-2.798532857396118789e-01
3.527653645928793130e-02
5.977202215067956015e-01
-2.671370902051568019e-01
-4.562040591002979734e-02
-6.007239687483542090e-01
-2.863590772334837203e-03
-2.999057650587354296e+00
-3.833495281670759258e+00
3.718927666609937190e-05
3.724454991180005781e+00
-3.763190708195347067e+00
1.528552700262791886e-01
1.480874936345791815e-01
-1.042694742658651086e-01
-1.375678871927536462e-01
1.442023771728126735e-01
-8.860571135663043718e-02
-2.799738802465393146e-03
-4.170829676938758723e+00
-3.378821680659660931e+00
-3.243425499953922665e-05
-3.763190708195347067e+00
2.757836877639997297e+00
6.248570519409820667e-01
4.672108987855705560e-03
-5.088900728814669261e-01
-6.066105915670350068e-01
1.140212572818481533e-02
-5.333719397841558685e-01
-4.659697416861854347e-01
-1.537459979385440156e-01
5.438396062108039608e-01
-2.798532857396118789e-01
1.528552700262791886e-01
6.248570519409820667e-01
3.857290850705386576e-01
1.497373829397269374e-01
-5.012457244579904964e-02
-3.300139513752628484e-02
1.604741009878448213e-02
2.540812359484765498e-02
4.135704593985362748e-02
4.069377430614309898e-01
-3.560923009963230801e-02
3.527653645928793130e-02
1.480874936345791815e-01
4.672108987855705560e-03
1.497373829397269651e-01
-3.627943188587100243e-02
1.335536555560096032e-02
-1.060544571759699378e-02
-4.982735143138022210e-02
2.726317811341184491e-02
7.149736176870449267e-01
1.056505426307310230e-01
-1.694128811872454565e-01
5.977202215067956015e-01
-1.042694742658651086e-01
-5.088900728814669261e-01
-5.012457244579904964e-02
1.335536555560096032e-02
2.253183200590008484e-01
-2.650442727924908620e-02
3.268846601056501350e-02
4.530366767290656960e-02
-4.597898885933736080e-01
1.580386307139507174e-01
-5.367134020150439166e-01
-2.671370902051568019e-01
-1.375678871927536462e-01
-6.066105915670350068e-01
-3.300139513752628484e-02
-1.060544571759699378e-02
-2.650442727924908620e-02
4.219008694653939573e-01
-1.284697901185495317e-01
4.488352185010772988e-02
-5.190106105996495495e-02
4.116442235351768786e-01
-4.022771025109164039e-02
-4.562040591002979734e-02
1.442023771728126735e-01
1.140212572818481533e-02
1.604741009878448213e-02
-4.982735143138022210e-02
3.268846601056501350e-02
-1.284697901185495317e-01
-8.412981284439333129e-02
2.280318665256248281e-02
-7.351578905582817347e-01
1.040865344176641616e-01
-1.683240589818032207e-01
-6.007239687483542090e-01
-8.860571135663043718e-02
-5.333719397841558685e-01
2.540812359484765498e-02
2.726317811341184491e-02
4.530366767290656960e-02
4.488352185010772988e-02
2.280318665256248281e-02
2.261382401770008210e-01
3.379864257743314671e-01
5.233912947333115018e-03
-8.135009053000167092e-03
1.134258550349999534e-01
-1.632878663068094884e-04
-1.828312201527952652e-03
-2.468504942375155942e-01
2.173075454706118945e-02
1.948788718407149234e-01
-2.510545272898299096e-01
-1.856114602776572781e-02
-1.888314723456815392e-01
5.233912947333115018e-03
1.089232564628001221e+00
8.165608742973317069e-01
2.497406297680743962e-03
-1.344992466746655957e+00
-8.710463424130797661e-01
6.988680766762579363e-03
1.737703476189656968e-02
-3.134142623035426206e-02
-7.638125794822646884e-03
1.526657893245577519e-02
-3.003638253910740491e-02
-8.135009053000167092e-03
8.165608742973317069e-01
7.053297828853344331e-01
-1.217751026196775641e-03
-8.481989909280798212e-01
-4.130242350133455087e-01
1.623301814491297235e-01
-2.934425441180742861e-02
-1.435546597378810629e-01
-1.636865582934402819e-01
-2.864880930156798663e-02
-1.421177203891262342e-01
1.134258550349999534e-01
2.497406297680743962e-03
-1.217751026196775641e-03
-6.495213217766672431e-02
-1.296831800667050264e-03
-1.067268730666935282e-03
-2.379852054712642412e-02
-1.226683257422317777e-02
5.748045861849886834e-03
-3.044712658623293863e-02
1.628685425610486986e-02
7.686188286529031235e-04
-1.632878663068094884e-04
-1.344992466746655957e+00
-8.481989909280798212e-01
-1.296831800667050264e-03
1.512763910369671949e+00
1.110577752151664210e+00
-1.100170726118378023e-03
-1.628942480944447352e-02
7.217873818991956368e-03
3.126239217873427473e-03
-1.360990370787030883e-02
5.210990595410070619e-03
-1.828312201527952652e-03
-8.710463424130797661e-01
-4.130242350133455087e-01
-1.067268730666935282e-03
1.110577752151664210e+00
7.339309811766676628e-01
5.446788362390212607e-03
1.396311417889014271e-02
-2.960529269092907617e-02
-7.880094460727753505e-03
3.704659149634781032e-03
-2.465961860839674738e-02
-2.468504942375155942e-01
6.988680766762579363e-03
1.623301814491297235e-01
-2.379852054712642412e-02
-1.100170726118378023e-03
5.446788362390212607e-03
2.899026715838651236e-01
-2.249041736016340123e-02
-1.918730452381617047e-01
-3.388915355457090828e-02
7.139196148400381824e-03
2.156117969016336025e-02
2.173075454706118945e-02
1.737703476189656968e-02
-2.934425441180742861e-02
-1.226683257422317777e-02
-1.628942480944447352e-02
1.396311417889014271e-02
-2.249041736016340123e-02
-2.494357501186433845e-02
1.936451133341158051e-02
-4.968881556727883057e-03
3.186058603225374458e-03
1.654606614933467473e-02
1.948788718407149234e-01
-3.134142623035426206e-02
-1.435546597378810629e-01
5.748045861849886834e-03
7.217873818991956368e-03
-2.960529269092907617e-02
-1.918730452381617047e-01
1.936451133341158051e-02
1.704990237653331298e-01
-2.053870977868468492e-02
1.812494080596109558e-02
9.680269229845576626e-03
-2.510545272898299096e-01
-7.638125794822646884e-03
-1.636865582934402819e-01
-3.044712658623293863e-02
3.126239217873427473e-03
-7.880094460727753505e-03
-3.388915355457090828e-02
-4.968881556727883057e-03
-2.053870977868468492e-02
2.844067775592301617e-01
4.751156034387781987e-03
1.910336906312160576e-01
-1.856114602776572781e-02
1.526657893245577519e-02
-2.864880930156798663e-02
1.628685425610486986e-02
-1.360990370787030883e-02
3.704659149634781032e-03
7.139196148400381824e-03
3.186058603225374458e-03
1.812494080596109558e-02
4.751156034387775916e-03
-1.160820299989663920e-02
1.611171962215143111e-02
-1.888314723456815392e-01
-3.003638253910740491e-02
-1.421177203891262342e-01
7.686188286529031235e-04
5.210990595410070619e-03
-2.465961860839674738e-02
2.156117969016336025e-02
1.654606614933467473e-02
9.680269229845576626e-03
1.910336906312160576e-01
1.611171962215143111e-02
1.705121049933332744e-01
4.775004300843905258e-01
-4.225763430118479463e-02
1.236063000981773158e-01
-1.692576697704720537e-02
1.913129565137269839e-02
-8.183983782060795173e-03
-1.216753089810055366e-01
-2.779940514273501664e-05
-1.482623086167081106e-01
-1.228781107015729512e-01
1.021282722918814834e-01
1.072055691407969719e-01
-4.225763430118481545e-02
3.862122570182761061e-01
9.853862308088295885e-02
-2.104669953928156936e-02
-3.538103599410155065e-01
1.214274341952959052e-01
8.586318581355644949e-03
-4.329526260494964696e-02
-6.005458611606164128e-03
1.366238795920628746e-01
-1.532543153515925349e-01
-1.328322604883297176e-01
1.236063000981773158e-01
9.853862308088295885e-02
5.506667630143360359e-01
7.759392417110900012e-03
1.221428375176912134e-01
-9.568968972443783749e-02
-1.868836930585810463e-01
-2.232797346241130812e-02
-3.017473123535453494e-01
1.327567366327203069e-01
-1.205274863804930013e-01
-1.906832063328350313e-01
-1.692576697704720537e-02
-2.104669953928156936e-02
7.759392417110900012e-03
8.838240449180729749e-03
-8.428282242713677763e-03
9.625284904108652104e-03
-8.338149196743332124e-04
1.989411917893989246e-02
-1.151014379201716932e-02
7.941669250346369011e-04
2.358930658336805611e-02
-4.837097711332357004e-03
1.913129565137269839e-02
-3.538103599410155065e-01
1.221428375176912134e-01
-8.428282242713679498e-03
2.086750542444853473e-01
-6.768181975825932062e-02
-2.491592874348496321e-03
-2.605614678814721467e-03
1.268158982484877441e-03
-5.393403331307606305e-04
-2.529100921281266304e-02
7.768428026626318303e-03
-8.183983782060795173e-03
1.214274341952959052e-01
-9.568968972443783749e-02
9.625284904108652104e-03
-6.768181975825932062e-02
1.680329199836670395e-01
-1.729518084235306865e-03
3.416773548621061807e-02
-1.463926548951093032e-02
6.884542098444315639e-04
-2.328271961938318743e-02
6.013809838778051524e-03
-1.216753089810055366e-01
8.586318581355644949e-03
-1.868836930585810463e-01
-8.338149196743332124e-04
-2.491592874348496321e-03
-1.729518084235306865e-03
1.392847862459203057e-01
-7.114143775035123608e-03
1.820912224226306497e-01
6.929604602982205631e-03
2.437357752968081354e-03
1.936286576529116718e-02
-2.779940514273501664e-05
-4.329526260494964696e-02
-2.232797346241130812e-02
1.989411917893989246e-02
-2.605614678814721467e-03
3.416773548621061807e-02
-7.114143775035120139e-03
3.912541271508039598e-02
2.387597857415479571e-02
-1.057398924487758761e-02
-9.570455780758654584e-06
-2.133755624931899311e-02
-1.482623086167081106e-01
-6.005458611606164128e-03
-3.017473123535453494e-01
-1.151014379201716932e-02
1.268158982484877441e-03
-1.463926548951093032e-02
1.820912224226306497e-01
2.387597857415479571e-02
2.690895108533338242e-01
-1.574145573466187442e-02
-2.916554101733691371e-03
-2.695002903020141116e-02
-1.228781107015729512e-01
1.366238795920628746e-01
1.327567366327203069e-01
7.941669250346369011e-04
-5.393403331307606305e-04
6.884542098444315639e-04
6.929604602982205631e-03
-1.057398924487758761e-02
-1.574145573466187442e-02
1.382575731892242143e-01
-1.176531480469566321e-01
-1.250774535250064046e-01
1.021282722918814834e-01
-1.532543153515925349e-01
-1.205274863804930013e-01
2.358930658336805611e-02
-2.529100921281266304e-02
-2.328271961938318743e-02
2.437357752968081354e-03
-9.570455780758654584e-06
-2.916554101733691371e-03
-1.176531480469566460e-01
1.500118626287767210e-01
1.344797941249768758e-01
1.072055691407969719e-01
-1.328322604883297176e-01
-1.906832063328350313e-01
-4.837097711332357004e-03
7.768428026626318303e-03
6.013809838778051524e-03
1.936286576529116718e-02
-2.133755624931899311e-02
-2.695002903020141116e-02
-1.250774535250064046e-01
1.344797941249768758e-01
1.971476277076671946e-01
2.928273525434865743e-01
-1.038809437087758192e-01
3.075881701377417010e-02
-2.601667919399997669e-02
1.903471771902913098e-02
-5.832884963351884361e-03
-1.327823995302685467e-01
1.054318795680493116e-02
-1.428599526268449493e-01
-1.330451056985653135e-01
8.191101114900993518e-02
1.178317451703261853e-01
-1.038809437087758192e-01
2.642569138175133725e-01
9.859321548705504701e-02
-2.488171305866005920e-02
-1.096431790025863690e-01
1.516743212457161150e-02
2.171207300969478157e-02
-4.909395380737183873e-02
2.008761080439004990e-02
1.165148730633725344e-01
-1.257158795738396451e-01
-1.261506810705508297e-01
3.075881701377417010e-02
9.859321548705504701e-02
5.760219551956674566e-01
6.899924342292544123e-03
1.618284319732158152e-02
-5.804182212491377363e-02
-1.904652763962358941e-01
1.781296289647031758e-03
-2.997922295753597255e-01
1.518177602417184469e-01
-1.063098540020825794e-01
-2.227932196540954313e-01
-2.601667919399997669e-02
-2.488171305866005920e-02
6.899924342292544123e-03
1.899014799470784623e-02
-1.059350288279919602e-02
2.048018543200176653e-03
3.146572074844236969e-03
1.860343803583659403e-02
-6.980326590027279877e-03
3.340427061148877174e-03
1.886616505814019476e-02
-4.481847962439884474e-03
1.903471771902913098e-02
-1.096431790025863690e-01
1.618284319732158152e-02
-1.059350288279919602e-02
1.100643210966256863e-01
-8.578696187749569602e-03
-3.091125817991356196e-03
-4.268672689242612034e-03
-3.382389534014411652e-04
-4.289676202756413301e-03
-1.967794874684984305e-02
9.429558673344887870e-03
-5.832884963351884361e-03
1.516743212457161150e-02
-5.804182212491377363e-02
2.048018543200176653e-03
-8.578696187749569602e-03
6.395353797266643825e-02
3.655403209316285002e-03
3.409336801029657499e-02
-5.261405235601636539e-03
-9.227391876286631517e-04
-2.593087938195647382e-02
9.927510791700934478e-03
-1.327823995302685467e-01
2.171207300969478157e-02
-1.904652763962358941e-01
3.146572074844236969e-03
-3.091125817991356196e-03
3.655403209316285002e-03
1.215475897269155808e-01
-1.977108319409795478e-02
1.617799262547824635e-01
9.577493693630707849e-03
1.532575108854688931e-03
1.936884584449989968e-02
1.054318795680493116e-02
-4.909395380737183873e-02
1.781296289647031758e-03
1.860343803583659403e-02
-4.268672689242612034e-03
3.409336801029657499e-02
-1.977108319409795131e-02
5.371643395141782740e-02
-1.882410836239031132e-02
-8.613224708780412020e-03
-1.246474228810388841e-03
-1.605836871229757157e-02
-1.428599526268449493e-01
2.008761080439004990e-02
-2.997922295753597255e-01
-6.980326590027279877e-03
-3.382389534014411652e-04
-5.261405235601636539e-03
1.617799262547824635e-01
-1.882410836239031132e-02
3.282949601836666620e-01
-1.742635205951361191e-02
-6.593694283801368461e-04
-2.863664406182034675e-02
-1.330451056985653135e-01
1.165148730633725344e-01
1.518177602417184469e-01
3.340427061148877174e-03
-4.289676202756413301e-03
-9.227391876286631517e-04
9.577493693630707849e-03
-8.613224708780412020e-03
-1.742635205951361191e-02
1.262539814818317840e-01
-1.030876358577039464e-01
-1.312237713965175023e-01
8.191101114900993518e-02
-1.257158795738396451e-01
-1.063098540020825794e-01
1.886616505814019476e-02
-1.967794874684984305e-02
-2.593087938195647382e-02
1.532575108854688931e-03
-1.246474228810388841e-03
-6.593694283801368461e-04
-1.030876358577039326e-01
1.406742311771688736e-01
1.290105098048745236e-01
1.178317451703261853e-01
-1.261506810705508297e-01
-2.227932196540954313e-01
-4.481847962439884474e-03
9.429558673344887870e-03
9.927510791700934478e-03
1.936884584449989968e-02
-1.605836871229757157e-02
-2.863664406182034675e-02
-1.312237713965175023e-01
1.290105098048745236e-01
2.378240377700013564e-01
-1.047996772523002829e+00
3.533752366576179923e-05
3.805339499897775684e-05
7.404168585490001897e-01
-2.262357705546960696e-03
-9.222701932724300389e-03
-1.677671232995349149e-01
3.076243573419286670e-01
3.395075971715380558e-01
-1.552890776696102260e-01
-2.931329568306663691e-01
-3.762634556439801714e-01
3.533752366576179923e-05
2.646235872018675384e+00
4.172944769510335661e+00
1.055781191477125208e-02
-2.368732186910946336e+00
-2.817243437878027112e+00
1.503917168257647673e-02
4.482224432916724344e-01
-3.840102796011082842e-02
-1.688919935437108513e-02
4.369340388793292451e-01
-4.947456922710423421e-02
3.805339499897775684e-05
4.172944769510335661e+00
3.045608939565657369e+00
-2.677955979546324788e-03
-2.672526166014026927e+00
-1.854817526456062682e+00
2.194801033624470821e-01
-2.529636102305210521e-01
-5.860586910513754938e-02
-1.870308520986613543e-01
-2.418853656421299236e-01
-7.252261836071956236e-02
7.404168585490001897e-01
1.055781191477125208e-02
-2.677955979546324788e-03
-6.252122364496631723e-01
5.699108836658255952e-04
4.616603266649578821e-05
-4.097077039260899750e-02
-7.373896702160402661e-02
-3.897567646113866188e-03
3.801135187798215104e-02
8.937754953033381911e-02
-2.391112306055178521e-02
-2.262357705546960696e-03
-2.368732186910946336e+00
-2.672526166014026927e+00
5.699108836658255952e-04
2.790707484046006215e+00
6.988193521789980434e-01
1.656602635655695039e-03
2.065690472158020902e-02
5.534319459609837732e-02
3.097042671415006429e-02
4.350166741511755225e-02
3.038440480655591955e-02
-9.222701932724300389e-03
-2.817243437878027112e+00
-1.854817526456062682e+00
4.616603266649578821e-05
6.988193521789980434e-01
1.847745465659000219e+00
7.585730438572794998e-02
8.838320950467383474e-02
4.837815497302879603e-02
-4.362148180427486560e-02
9.375503383809138946e-02
-1.348385529659967136e-02
-1.677671232995349149e-01
1.503917168257647673e-02
2.194801033624470821e-01
-4.097077039260899750e-02
1.656602635655695039e-03
7.585730438572794998e-02
3.013439615056801579e-01
1.188756670609283049e-02
-2.085977258189865846e-01
-3.863919683599451038e-02
2.296625326752819996e-02
2.752379179607076717e-02
3.076243573419286670e-01
4.482224432916724344e-01
-2.529636102305210521e-01
-7.373896702160402661e-02
2.065690472158020902e-02
8.838320950467383474e-02
1.188756670609283222e-02
-1.568504374136806545e-01
-5.672602070662086798e-02
-1.917890140680407474e-02
-3.688664817120547446e-02
5.924718387253664897e-02
3.395075971715380558e-01
-3.840102796011082842e-02
-5.860586910513754938e-02
-3.897567646113866188e-03
5.534319459609837732e-02
4.837815497302879603e-02
-2.085977258189865846e-01
-5.672602070662086798e-02
1.488689377950001003e-01
-2.942538938522904976e-02
6.224250133698868565e-02
3.504189896169997848e-02
-1.552890776696102260e-01
-1.688919935437108513e-02
-1.870308520986613543e-01
3.801135187798215104e-02
3.097042671415006429e-02
-4.362148180427486560e-02
-3.863919683599451038e-02
-1.917890140680407474e-02
-2.942538938522904976e-02
3.108411242295524013e-01
-1.462916192438877376e-02
2.055737309551168013e-01
-2.931329568306663691e-01
4.369340388793292451e-01
-2.418853656421299236e-01
8.937754953033381911e-02
4.350166741511755225e-02
9.375503383809138946e-02
2.296625326752819996e-02
-3.688664817120547446e-02
6.224250133698868565e-02
-1.462916192438875641e-02
-1.766812215085524218e-01
-5.816278866615944010e-02
-3.762634556439801714e-01
-4.947456922710423421e-02
-7.252261836071956236e-02
-2.391112306055178521e-02
3.038440480655591955e-02
-1.348385529659967136e-02
2.752379179607076717e-02
5.924718387253664897e-02
3.504189896169997848e-02
2.055737309551168013e-01
-5.816278866615944010e-02
1.401837084136666189e-01
3.165676309206982841e-01
-4.594987567162198833e-02
6.943813322522762732e-02
-2.491439916399997706e-02
1.801408138788932259e-02
-5.904086087807413480e-03
-1.263282495904943792e-01
5.325987393216191287e-03
-1.449213048202316612e-01
-1.272867953972465216e-01
9.053543590408684449e-02
1.130878326633250608e-01
-4.594987567162200914e-02
3.540058104119685467e-01
4.259341774317173396e-02
-2.278960187660133627e-02
-2.852858984166484202e-01
7.729978820587045385e-02
1.445782407562026632e-02
-4.458768442913590285e-02
9.348504476501595661e-03
1.232022519176458747e-01
-1.361989771786726033e-01
-1.296197988231387876e-01
6.943813322522762732e-02
4.259341774317173396e-02
5.713649931286647332e-01
7.534715493037744301e-03
7.826961854762043425e-02
-7.257077136985146115e-02
-1.874178011010647626e-01
-7.863405010127902384e-03
-2.983449481433694261e-01
1.420272460253692581e-01
-1.128490379575302072e-01
-2.071730309065807352e-01
-2.491439916399997706e-02
-2.278960187660133627e-02
7.534715493037744301e-03
-1.636924990632489555e-03
-2.832995065166861101e-02
-1.674778933766012351e-04
5.649688642750424865e-04
2.057062861288949315e-02
-1.083907676610753636e-02
6.510158101978679021e-04
2.121429580478306764e-02
-3.778079709217066744e-03
1.801408138788932259e-02
-2.852858984166484202e-01
7.826961854762043425e-02
-2.832995065166861448e-02
2.164809153586322588e-01
-8.916438543854979248e-02
-8.439920945222337961e-04
-6.600687662975657927e-03
2.867127400045027183e-03
-5.841871117787483759e-04
-2.701705517450898181e-02
7.822988230644804808e-03
-5.904086087807413480e-03
7.729978820587045385e-02
-7.257077136985146115e-02
-1.674778933766012351e-04
-8.916438543854979248e-02
1.235310100206664929e-01
-1.765860646903028713e-04
3.506612007040221107e-02
-1.224930573779936527e-02
8.830073337165230546e-04
-2.574819475527027890e-02
7.887938528311126338e-03
-1.263282495904943792e-01
1.445782407562026632e-02
-1.874178011010647626e-01
5.649688642750424865e-04
-8.439920945222337961e-04
-1.765860646903028713e-04
1.206407448047314840e-01
-1.209741375470740725e-02
1.652829748379667507e-01
8.521553465027680713e-03
2.354707619263513019e-03
1.868930804936429907e-02
5.325987393216191287e-03
-4.458768442913590285e-02
-7.863405010127902384e-03
2.057062861288949315e-02
-6.600687662975657927e-03
3.506612007040221107e-02
-1.209741375470740898e-02
4.954644534793488375e-02
-8.269580489338238666e-03
-1.056019915457368820e-02
-3.683727835601468908e-04
-1.937020072687245520e-02
-1.449213048202316612e-01
9.348504476501595661e-03
-2.983449481433694261e-01
-1.083907676610753636e-02
2.867127400045027183e-03
-1.224930573779936527e-02
1.652829748379667507e-01
-8.269580489338238666e-03
3.303116846043326893e-01
-1.618107208121275301e-02
-1.647698078192039606e-03
-2.795789763996751540e-02
-1.272867953972465216e-01
1.232022519176458747e-01
1.420272460253692581e-01
6.510158101978679021e-04
-5.841871117787483759e-04
8.830073337165230546e-04
8.521553465027680713e-03
-1.056019915457368820e-02
-1.618107208121275301e-02
1.313953973809349474e-01
-1.147024084989208409e-01
-1.275608643102287554e-01
9.053543590408684449e-02
-1.361989771786726033e-01
-1.128490379575302072e-01
2.121429580478306764e-02
-2.701705517450898181e-02
-2.574819475527027890e-02
2.354707619263513019e-03
-3.683727835601468908e-04
-1.647698078192039606e-03
-1.147024084989208409e-01
1.520927621260651230e-01
1.267358552146516937e-01
1.130878326633250608e-01
-1.296197988231387876e-01
-2.071730309065807352e-01
-3.778079709217066744e-03
7.822988230644804808e-03
7.887938528311126338e-03
1.868930804936429907e-02
-1.937020072687245520e-02
-2.795789763996751540e-02
-1.275608643102287554e-01
1.267358552146516937e-01
2.214619335016674573e-01
3.638036541631826104e-01
-4.064662416391440214e-02
1.532901051296503281e-01
-2.499061661399997955e-02
1.808385174224472897e-02
-4.876416238345939944e-03
-1.297317116023602723e-01
1.097574581125397575e-02
-1.447258587257062024e-01
-1.311678308741303922e-01
8.561951324853067646e-02
1.193542588191331966e-01
-4.064662416391440214e-02
2.071258086931510589e-01
8.325504846068201847e-02
-2.304929589847900043e-02
-1.999786633901554644e-01
4.256228349018943702e-02
2.009793850895826711e-02
-4.652781807360883981e-02
2.011192693981222329e-02
1.162670774107220917e-01
-1.262671680638226268e-01
-1.272592541450048853e-01
1.532901051296503281e-01
8.325504846068201847e-02
6.283883552329991851e-01
6.457321575597199485e-03
4.239769599268940897e-02
-5.999494055334458203e-02
-1.884909701730514697e-01
3.972367175411577710e-03
-2.992578303545306850e-01
1.520292321572866145e-01
-1.111857043685769708e-01
-2.231200629175468797e-01
-2.499061661399997955e-02
-2.304929589847900043e-02
6.457321575597199485e-03
-1.703051332372548018e-03
-2.651903973839710854e-02
5.610159412284107034e-05
2.572857954421639819e-03
1.926200225324028320e-02
-7.726970490645182141e-03
2.070734316135119674e-03
1.865824692678134250e-02
-3.534709348725340733e-03
1.808385174224472897e-02
-1.999786633901554644e-01
4.239769599268940897e-02
-2.651903973839710854e-02
1.395624942170397009e-01
-3.549124729879295920e-02
-1.379493679167590522e-03
-6.132918330312399184e-03
1.153691601708630929e-03
-1.817244697146874711e-03
-2.207937724404344937e-02
6.914435654549371327e-03
-4.876416238345939944e-03
4.256228349018943702e-02
-5.999494055334458203e-02
5.610159412284107034e-05
-3.549124729879295920e-02
8.699803468299972808e-02
1.957251811125718804e-03
3.304935648759188549e-02
-6.547863480109256291e-03
-2.212571776435360432e-04
-2.550347118062155916e-02
8.863018547908314490e-03
-1.297317116023602723e-01
2.009793850895826711e-02
-1.884909701730514697e-01
2.572857954421639819e-03
-1.379493679167590522e-03
1.957251811125718804e-03
1.237845632402908014e-01
-1.718949773499308872e-02
1.628358521905171052e-01
8.694602479925919378e-03
1.954574197256898471e-03
1.866982823544244621e-02
1.097574581125397575e-02
-4.652781807360883981e-02
3.972367175411577710e-03
1.926200225324028320e-02
-6.132918330312399184e-03
3.304935648759188549e-02
-1.718949773499309219e-02
5.038090928137539670e-02
-1.831940409627189070e-02
-9.402589294638526510e-03
-4.541201908189010676e-04
-1.695191568956724501e-02
-1.447258587257062024e-01
2.011192693981222329e-02
-2.992578303545306850e-01
-7.726970490645182141e-03
1.153691601708630929e-03
-6.547863480109256291e-03
1.628358521905171052e-01
-1.831940409627189070e-02
3.282702118336658925e-01
-1.643079136500725027e-02
-4.753960402690420614e-04
-2.878636226660702055e-02
-1.311678308741303922e-01
1.162670774107220917e-01
1.520292321572866145e-01
2.070734316135119674e-03
-1.817244697146874711e-03
-2.212571776435360432e-04
8.694602479925919378e-03
-9.402589294638526510e-03
-1.643079136500725027e-02
1.323232895519552144e-01
-1.056633413911047259e-01
-1.316864426822570988e-01
8.561951324853067646e-02
-1.262671680638226268e-01
-1.111857043685769708e-01
1.865824692678134250e-02
-2.207937724404344937e-02
-2.550347118062155916e-02
1.954574197256898471e-03
-4.541201908189010676e-04
-4.753960402690420614e-04
-1.056633413911047259e-01
1.354458352000446897e-01
1.226987613035401825e-01
1.193542588191331966e-01
-1.272592541450048853e-01
-2.231200629175468797e-01
-3.534709348725340733e-03
6.914435654549371327e-03
8.863018547908314490e-03
1.866982823544244621e-02
-1.695191568956724501e-02
-2.878636226660702055e-02
-1.316864426822570988e-01
1.226987613035401825e-01
2.351578947096672201e-01
2.595471433321756560e-01
-1.092085511366535228e-01
1.451277466729127344e-02
-1.445364734875001674e-02
1.120778778899716001e-03
-3.184775250777832894e-03
-1.203310275351839737e-01
3.903967673792665266e-02
-1.344857850019173240e-01
-1.315106676161343635e-01
6.694172655548143169e-02
1.299255864776649727e-01
-1.092085511366535089e-01
1.033568401288233185e-01
5.498683231234889612e-02
-1.385710603800682263e-02
2.992657375369188466e-02
-4.944954423469530812e-03
4.496800956883760525e-02
-4.256249657517199858e-02
5.625287355208190287e-02
7.557208000323037411e-02
-8.033318246653618766e-02
-9.586239036738922192e-02
1.451277466729127344e-02
5.498683231234889612e-02
5.594612753056642518e-01
-1.471823611323745239e-03
-6.567790969493774757e-03
-1.526850260094180130e-02
-1.822182870130274190e-01
5.968647540466926610e-02
-2.879857082186440542e-01
1.647341994927017661e-01
-1.038231353868287882e-01
-2.512580820633299461e-01
-1.445364734875001674e-02
-1.385710603800682263e-02
-1.471823611323745239e-03
-2.589458361556382787e-02
-6.140649113941665758e-03
-7.466832551461946924e-03
-2.242491472033392077e-03
4.605785883930988561e-03
-1.041658557886776916e-03
1.311818518792870611e-03
6.335387973424818665e-03
-1.878145306084610467e-03
1.120778778899716001e-03
2.992657375369188466e-02
-6.567790969493774757e-03
-6.140649113941665758e-03
2.627720748889705166e-02
6.701653529386809860e-02
-1.529949068755120803e-03
-5.006040511679318503e-04
-4.298746260169671713e-04
-1.618133414949214860e-03
-2.560675550265253606e-03
4.196295357180541497e-04
-3.184775250777832894e-03
-4.944954423469530812e-03
-1.526850260094180130e-02
-7.466832551461946924e-03
6.701653529386809860e-02
1.132150002413329082e-01
7.539144239370322402e-04
1.008758340855127680e-02
-2.696055457986708172e-04
-3.221818650968840455e-03
-7.087693981927476773e-03
-1.856583075027612570e-03
-1.203310275351839737e-01
4.496800956883760525e-02
-1.822182870130274190e-01
-2.242491472033392077e-03
-1.529949068755120803e-03
7.539144239370322402e-04
1.145109360612008159e-01
-3.891735620731103656e-02
1.541971197131529192e-01
6.178735354282549781e-03
7.385062001979170480e-04
1.761252656384451262e-02
3.903967673792665266e-02
-4.256249657517199858e-02
5.968647540466926610e-02
4.605785883930988561e-03
-5.006040511679318503e-04
1.008758340855127680e-02
-3.891735620731104350e-02
3.929094665713236956e-02
-5.280893501143415353e-02
-2.769106420055840716e-03
1.813790132788520217e-03
-1.108522461024927588e-02
-1.344857850019173240e-01
5.625287355208190287e-02
-2.879857082186440542e-01
-1.041658557886776916e-03
-4.298746260169671713e-04
-2.696055457986708172e-04
1.541971197131529192e-01
-5.280893501143415353e-02
3.129206297329990560e-01
-1.681459309533966592e-02
4.724720368297258971e-03
-2.886976634557107332e-02
-1.315106676161343635e-01
7.557208000323037411e-02
1.647341994927017661e-01
1.311818518792870611e-03
-1.618133414949214860e-03
-3.221818650968840455e-03
6.178735354282549781e-03
-2.769106420055840716e-03
-1.681459309533966592e-02
1.187916003677740723e-01
-7.298137977762879369e-02
-1.408539038253046605e-01
6.694172655548143169e-02
-8.033318246653618766e-02
-1.038231353868287882e-01
6.335387973424818665e-03
-2.560675550265253606e-03
-7.087693981927476773e-03
7.385062001979170480e-04
1.813790132788520217e-03
4.724720368297258971e-03
-7.298137977762879369e-02
7.410148709055895677e-02
1.060075839971749978e-01
1.299255864776649727e-01
-9.586239036738922192e-02
-2.512580820633299461e-01
-1.878145306084610467e-03
4.196295357180541497e-04
-1.856583075027612570e-03
1.761252656384451262e-02
-1.108522461024927588e-02
-2.886976634557107332e-02
-1.408539038253046605e-01
1.060075839971749978e-01
2.757684101016662503e-01
