9.487584762806685612e-01
-6.490738334666610633e-03
2.434568003233345684e-02
-8.618873300220007971e-01
6.285270710999807560e-03
1.755094169000062003e-03
-4.073335606000007096e-03
1.831061355099998858e-02
2.158328841999996792e-03
5.562541500666737075e-03
-1.272130115725002564e-01
-1.850192431236109608e-03
-3.299237242000177713e-03
1.383979272810000882e-01
3.543280950000004875e-04
1.133350267300000519e-02
-3.955131179999997297e-03
3.159161994999999667e-03
2.621787347766678725e-02
-1.674027164333331905e-03
-1.161333043283330341e-01
-1.097528247999938035e-03
1.101567979999999248e-03
1.382089775660000353e-01
1.893680324500000497e-02
-1.882517000699999651e-02
-6.411766033000001336e-03
-8.618873300220007971e-01
-3.299237242000177713e-03
-1.097528247999938035e-03
9.507760448496687111e-01
-8.967011753331243949e-04
-3.308786449666671712e-03
-3.728750194159999864e-01
3.023826800999926401e-03
3.268015554000022489e-03
6.285270710999807560e-03
1.383979272810000882e-01
1.101567979999999248e-03
-5.966521666464800008e-06
-1.480790193005003252e-01
9.475745833272553970e-08
1.891707396599992194e-02
1.274332993800000001e-02
3.033355499999975942e-04
1.755094169000062003e-03
3.543280950000004875e-04
1.382089775660000353e-01
-7.858506107999997312e-03
4.958800916666522308e-05
-1.517643873806668875e-01
1.434340015800002720e-02
-1.571995195099999687e-02
-3.193910797999998004e-03
-4.073335606000007096e-03
1.133350267300000519e-02
1.893680324500000497e-02
-3.728750194159999864e-01
1.891707396599992194e-02
1.434340015800002720e-02
1.127866746048333119e-01
-1.402324168333119348e-04
-6.946270766666626717e-05
1.831061355099998858e-02
-3.955131179999997297e-03
-1.882517000699999651e-02
3.023826800999926401e-03
1.274332993800000001e-02
-1.571995195099999687e-02
-6.291076663333125887e-04
-4.970252290999994590e-03
-1.512774633333332129e-05
2.158328841999996792e-03
3.159161994999999667e-03
-6.411766033000001336e-03
3.268015554000022489e-03
3.033355499999975942e-04
-3.193910797999998004e-03
-9.406301633333318836e-05
3.421348183333335654e-05
2.967734806333333954e-03
4.033423093030006346e-01
2.281012675000277745e-04
2.287740171666670429e-04
-1.107067875799999934e-01
-7.516187800001891521e-05
-2.278896179999937354e-04
2.084833088200001641e-02
6.561074926999999404e-03
4.921166201000000753e-03
-6.083291918333048930e-04
-9.219433685666694397e-03
-3.806921116666665616e-05
-3.276903530000188657e-04
-7.615769869000001829e-03
-2.053150320000001925e-04
-9.827518089999965744e-04
2.760373667000003400e-03
4.956360421000000419e-03
2.255496233333338608e-04
-1.115004980000000020e-04
-8.549448961666705760e-03
8.648700000061402359e-07
-4.760000001867227990e-10
-1.074294442000000085e-02
1.062572879999998344e-03
-4.789844880000001170e-04
3.081289062999995922e-03
-1.107067875799999934e-01
-3.276903530000188657e-04
8.648700000061402359e-07
1.090707259498333026e-01
2.268600381666854490e-04
-2.014868011666662545e-04
-3.781784403899998148e-01
9.988062752999933916e-03
-1.638201210999976976e-03
-7.516187800001891521e-05
-7.615769869000001829e-03
-4.760000001867227990e-10
-3.914540024999856884e-04
1.957374473066665274e-02
-3.897790335000001199e-04
1.625195702599992187e-02
7.211627810000005405e-03
-1.465853997000001905e-03
-2.278896179999937354e-04
-2.053150320000001925e-04
-1.074294442000000085e-02
-2.506728438333338436e-04
-6.084899266666671822e-05
2.271466184716668460e-02
6.351730897000028818e-03
-4.775580958000000265e-03
-9.261517139999995898e-04
2.084833088200001641e-02
-9.827518089999965744e-04
1.062572879999998344e-03
-3.781784403899998148e-01
1.625195702599992187e-02
6.351730897000028818e-03
1.128826300108333180e-01
-6.625677216664474945e-05
-4.018175999999166620e-06
6.561074926999999404e-03
2.760373667000003400e-03
-4.789844880000001170e-04
9.988062752999933916e-03
7.211627810000005405e-03
-4.775580958000000265e-03
-3.547815883333122204e-04
-6.426691849333337168e-03
1.365408321666666748e-04
4.921166201000000753e-03
4.956360421000000419e-03
3.081289062999995922e-03
-1.638201210999976976e-03
-1.465853997000001905e-03
-9.261517139999995898e-04
4.490743758333337913e-04
1.838916310000001265e-04
1.912225249000000559e-03
1.828237847981666608e-01
-3.756131349998918095e-05
5.516685383333338880e-05
-2.511672771999983855e-03
-7.637460709999988918e-04
-3.955281530000004982e-04
3.032746549899999547e-02
2.033515328000005690e-03
6.787616189999981248e-04
1.465542333334422926e-05
4.982836850500002059e-03
-2.164999999996622073e-09
-5.989004899999924604e-05
-6.849157293999997773e-03
-2.307562130000002172e-04
-8.608939199999433595e-05
-6.594968140000005176e-04
6.526956700000000446e-04
6.039924516666683675e-05
-1.992223499999996055e-06
4.003307792499995535e-03
5.364949489999995590e-04
-2.721102359999998653e-04
-8.319004865999998777e-03
-1.275829560000019526e-04
-5.667090370000002703e-04
-3.047788482000000736e-03
-2.511672771999983855e-03
-5.989004899999924604e-05
5.364949489999995590e-04
8.957417822499996740e-02
2.554192435000143704e-04
-2.245073124999999816e-04
-2.688914983629999145e-01
1.285094231999948195e-03
-7.594589309999833426e-04
-7.637460709999988918e-04
-6.849157293999997773e-03
-2.721102359999998653e-04
-2.657741563333196420e-04
1.347603565416666954e-02
-2.749490438333333656e-04
4.841702867999949506e-03
1.238167492800000026e-02
-6.098610970000013006e-04
-3.955281530000004982e-04
-2.307562130000002172e-04
-8.319004865999998777e-03
-1.495299113333332583e-04
-1.640824653333333813e-04
1.385116074766667288e-02
-2.060367109999983095e-03
5.957742199999890566e-05
2.032433549000000131e-03
3.032746549899999547e-02
-8.608939199999433595e-05
-1.275829560000019526e-04
-2.688914983629999145e-01
4.841702867999949506e-03
-2.060367109999983095e-03
1.911223371286666917e-01
-8.032113683329604231e-05
-3.923860999998620832e-06
2.033515328000005690e-03
-6.594968140000005176e-04
-5.667090370000002703e-04
1.285094231999948195e-03
1.238167492800000026e-02
5.957742199999890566e-05
-3.551532159999632831e-04
-1.201284118949999709e-02
1.365414273333333576e-04
6.787616189999981248e-04
6.526956700000000446e-04
-3.047788482000000736e-03
-7.594589309999833426e-04
-6.098610970000013006e-04
2.032433549000000131e-03
4.336225523333340072e-04
1.882168223333334283e-04
-3.194419719333333341e-03
1.815118531313335004e-01
1.856187910000107956e-04
2.336953910000002718e-04
3.386131683000000864e-02
-1.224337029999909550e-04
-2.633200000340392149e-08
3.925344913999999352e-02
1.758485830000006828e-03
2.268282540999994306e-03
-2.009096844999888728e-04
1.882805941166664550e-03
-3.726265299999998945e-05
2.718109440000091178e-04
-1.514610074599999356e-02
-3.664669280000002740e-04
-3.431464269999925584e-04
-4.645901039999981432e-04
1.065941070000000525e-03
2.610835956666667152e-04
-4.568661049999998239e-05
1.436621405333321283e-03
5.367538979999966851e-04
-2.721128850000000682e-04
-1.898448068499999225e-02
1.710554099999755338e-05
-4.209587670000002188e-04
-2.292901330999999945e-03
3.386131683000000864e-02
2.718109440000091178e-04
5.367538979999966851e-04
-3.770096572100006815e-02
-1.050921658333438588e-04
-2.118187098333333446e-04
-2.377466095249999301e-01
7.292739199999567594e-04
9.988907010000146539e-04
-1.224337029999909550e-04
-1.514610074599999356e-02
-2.721128850000000682e-04
5.081256516665598846e-05
2.062863892183334005e-02
-1.769214883333333473e-04
1.759379360999956858e-03
6.506641999999830155e-06
-9.061592170000004566e-04
-2.633200000340392149e-08
-3.664669280000002740e-04
-1.898448068499999225e-02
-1.808449231666667462e-04
2.181229999999997071e-05
2.278024967850003982e-02
-1.993619129999860563e-04
7.014810199999942293e-05
-8.391279693999999581e-03
3.925344913999999352e-02
-3.431464269999925584e-04
1.710554099999755338e-05
-2.377466095249999301e-01
1.759379360999956858e-03
-1.993619129999860563e-04
1.768974409835000206e-01
-8.023132816663121011e-05
-1.136071629999984932e-04
1.758485830000006828e-03
-4.645901039999981432e-04
-4.209587670000002188e-04
7.292739199999567594e-04
6.506641999999830155e-06
7.014810199999942293e-05
-3.480937451666314729e-04
-1.612846237133335262e-02
1.390796545000000286e-04
2.268282540999994306e-03
1.065941070000000525e-03
-2.292901330999999945e-03
9.988907010000146539e-04
-9.061592170000004566e-04
-8.391279693999999581e-03
4.021129808333340824e-04
1.910692731666667867e-04
-6.116290829666673826e-03
1.794287542201666863e-01
-1.302714533332207854e-05
7.444458008333296010e-04
3.704437640300000528e-02
-3.114642599999073848e-05
5.004535709999965130e-04
4.682957469299998954e-02
-2.767860369999929700e-04
1.702149724999996042e-03
-3.728880686666561674e-04
-4.909040972833333787e-03
-9.313949049999996842e-05
3.902994690000091151e-04
-1.272810105500000143e-02
-1.135087092999999747e-03
-1.202966799999930154e-04
8.827179119999995285e-03
-1.097805080000000206e-03
1.994504305000000921e-04
-1.228866864999999967e-04
-2.171402556166661130e-03
5.746234889999964372e-04
-5.316703000000172939e-06
-1.725108860099999405e-02
8.686091149999974849e-04
1.802916915789465137e-05
4.670333013999999547e-03
3.704437640300000528e-02
3.902994690000091151e-04
5.746234889999964372e-04
-6.003004529566675906e-02
-5.830301683334858560e-05
-2.077796023333317618e-04
-5.372339936399999488e-02
3.636725709999929449e-04
9.603907780000030562e-04
-3.114642599999073848e-05
-1.272810105500000143e-02
-5.316703000000172939e-06
-3.556147366666821642e-04
2.361384633566664462e-02
-5.624261666666669976e-05
9.937627299999293783e-05
-1.578442876500000050e-02
-9.186542739999996408e-04
5.004535709999965130e-04
-1.135087092999999747e-03
-1.725108860099999405e-02
4.114886010000002019e-04
1.080779276666667658e-04
2.573931303150001765e-02
5.367484920000021318e-04
-4.892577000000002336e-05
-1.764990569200000636e-02
4.682957469299998954e-02
-1.202966799999930154e-04
8.686091149999974849e-04
-5.372339936399999488e-02
9.937627299999293783e-05
5.367484920000021318e-04
1.779950435631666716e-01
-5.535394949996385282e-05
-1.186053919999984407e-04
-2.767860369999929700e-04
8.827179119999995285e-03
1.802916915789465137e-05
3.636725709999929449e-04
-1.578442876500000050e-02
-4.892577000000002336e-05
-3.643224166666310338e-04
-1.860500723700004438e-02
1.340046366666666658e-04
1.702149724999996042e-03
-1.097805080000000206e-03
4.670333013999999547e-03
9.603907780000030562e-04
-9.186542739999996408e-04
-1.764990569200000636e-02
3.891229795000004693e-04
1.041794568333334571e-04
-1.042731315266666979e-02
1.779950435631666716e-01
-5.535394949998792888e-05
1.186053919999984272e-04
1.806093137000003507e-03
3.591040120000021842e-04
7.013267229999997675e-04
4.376498655399999049e-02
-1.743496189999936444e-04
1.914585259999995823e-03
-3.643224166666551031e-04
-1.860500723700004438e-02
-1.340046366666666929e-04
2.302742830000020519e-04
-9.647463137000000105e-03
-5.239150949999997432e-04
-2.879960389999937712e-04
9.787451755999994341e-03
-5.669078290000001148e-04
-3.891229795000004693e-04
-1.041794568333334164e-04
-1.042731315266666979e-02
5.745734819999990389e-04
-1.103628950000002979e-04
-1.527002461999999762e-02
8.686057729999972863e-04
3.384444181578945689e-04
6.406685984000005246e-03
1.806093137000003507e-03
2.302742830000020519e-04
5.745734819999990389e-04
-6.003004529566675906e-02
-5.830301683333833989e-05
2.077796023333317618e-04
4.378361296300001260e-02
5.345035410000119076e-04
1.464040605999996063e-03
3.591040120000021842e-04
-9.647463137000000105e-03
-1.103628950000002979e-04
-3.556147366666719727e-04
2.361384633566664462e-02
5.624261666666667265e-05
2.839316740000114719e-04
-1.976086463599999871e-02
-9.143059709999992865e-04
7.013267229999997675e-04
-5.239150949999997432e-04
-1.527002461999999762e-02
-4.114886010000002019e-04
-1.080779276666667116e-04
2.573931303150001765e-02
5.724257789999957985e-04
1.004745000000053007e-06
-2.004351431199999367e-02
4.376498655399999049e-02
-2.879960389999937712e-04
8.686057729999972863e-04
4.378361296300001260e-02
2.839316740000114719e-04
5.724257789999957985e-04
1.794287542201666863e-01
-1.302714533329950342e-05
-7.444458008333296010e-04
-1.743496189999936444e-04
9.787451755999994341e-03
3.384444181578945689e-04
5.345035410000119076e-04
-1.976086463599999871e-02
1.004745000000053007e-06
-3.728880686666336160e-04
-4.909040972833333787e-03
9.313949049999987356e-05
1.914585259999995823e-03
-5.669078290000001148e-04
6.406685984000005246e-03
1.464040605999996063e-03
-9.143059709999992865e-04
-2.004351431199999367e-02
-1.994504305000001192e-04
1.228866864999999696e-04
-2.171402556166661130e-03
1.768974409835000206e-01
-8.023132816665485927e-05
1.136071629999984797e-04
1.047788327999997189e-03
1.842638247000002874e-03
1.845218643999998760e-03
3.408001549299998628e-02
-2.553288399999388138e-05
-1.162853240000021363e-04
-3.480937451666551085e-04
-1.612846237133335262e-02
-1.390796545000000557e-04
5.136104750000015278e-04
-7.701171545000003171e-03
6.196025800000010651e-04
-2.240639809999939245e-04
1.043549743000002188e-03
-9.585989300000017721e-05
-4.021129808333341366e-04
-1.910692731666667325e-04
-6.116290829666673826e-03
-1.930485390000008267e-04
-2.837169860000003890e-04
-1.366982375299999504e-02
1.702271699999790818e-05
-4.121324730000002282e-04
-1.521148065999999898e-03
1.047788327999997189e-03
5.136104750000015278e-04
-1.930485390000008267e-04
-3.770096572100006815e-02
-1.050921658333367031e-04
2.118187098333333717e-04
3.319140017600001602e-02
-8.623688299999018913e-05
-7.859755000003395688e-06
1.842638247000002874e-03
-7.701171545000003171e-03
-2.837169860000003890e-04
5.081256516666313064e-05
2.062863892183334005e-02
1.769214883333333202e-04
2.852044340000097064e-04
-1.969374983199998624e-02
-3.742600740000000953e-04
1.845218643999998760e-03
6.196025800000010651e-04
-1.366982375299999504e-02
1.808449231666667462e-04
-2.181229999999999443e-05
2.278024967850003982e-02
5.345935409999961942e-04
-2.721009579999999128e-04
-2.006486919199999483e-02
3.408001549299998628e-02
-2.240639809999939245e-04
1.702271699999790818e-05
3.319140017600001602e-02
2.852044340000097064e-04
5.345935409999961942e-04
1.815118531313335004e-01
1.856187910000327778e-04
-2.336953910000002718e-04
-2.553288399999388138e-05
1.043549743000002188e-03
-4.121324730000002282e-04
-8.623688299999018913e-05
-1.969374983199998624e-02
-2.721009579999999128e-04
-2.009096844999668906e-04
1.882805941166664550e-03
3.726265299999996234e-05
-1.162853240000021363e-04
-9.585989300000017721e-05
-1.521148065999999898e-03
-7.859755000003395688e-06
-3.742600740000000953e-04
-2.006486919199999483e-02
-2.610835956666667152e-04
4.568661049999994851e-05
1.436621405333321283e-03
1.911223371286666917e-01
-8.032113683332092475e-05
3.923860999998603891e-06
-3.194607807900001067e-02
5.496428396999991292e-03
4.762672810999999708e-03
2.724813119599999237e-02
-1.593472149999952691e-04
-6.202827490000014472e-04
-3.551532159999881656e-04
-1.201284118949999709e-02
-1.365414273333333576e-04
9.839026329999940416e-04
2.953441300000009002e-04
4.884060745999997850e-03
-1.006143799999955230e-04
2.182429219000000913e-03
-5.806905600000002816e-04
-4.336225523333340614e-04
-1.882168223333333741e-04
-3.194419719333333341e-03
4.332556270000018973e-04
-3.275363650000006179e-04
-4.763669954999999109e-03
-5.272154300000155610e-05
-3.376544390000001464e-04
1.351210979999983711e-04
-3.194607807900001067e-02
9.839026329999940416e-04
4.332556270000018973e-04
8.957417822499996740e-02
2.554192435000050463e-04
2.245073125000000087e-04
9.529444136000007892e-03
-8.311365059999961408e-04
-3.954117070000012129e-04
5.496428396999991292e-03
2.953441300000009002e-04
-3.275363650000006179e-04
-2.657741563333289661e-04
1.347603565416666954e-02
2.749490438333333114e-04
7.414382000003362336e-06
-9.169402868999998804e-03
-2.307560579999999692e-04
4.762672810999999708e-03
4.884060745999997850e-03
-4.763669954999999109e-03
1.495299113333332854e-04
1.640824653333333542e-04
1.385116074766667288e-02
5.345422639999987749e-04
-2.721102729999997174e-04
-7.752896034999994662e-03
2.724813119599999237e-02
-1.006143799999955230e-04
-5.272154300000155610e-05
9.529444136000007892e-03
7.414382000003362336e-06
5.345422639999987749e-04
1.828237847981666608e-01
-3.756131349996740204e-05
-5.516685383333338880e-05
-1.593472149999952691e-04
2.182429219000000913e-03
-3.376544390000001464e-04
-8.311365059999961408e-04
-9.169402868999998804e-03
-2.721102729999997174e-04
1.465542333336600987e-05
4.982836850500002059e-03
2.164999999989866075e-09
-6.202827490000014472e-04
-5.806905600000002816e-04
1.351210979999983711e-04
-3.954117070000012129e-04
-2.307560579999999692e-04
-7.752896034999994662e-03
-6.039924516666683675e-05
1.992223499999988855e-06
4.003307792499995535e-03
1.128826300108333180e-01
-6.625677216665935908e-05
4.018175999999149679e-06
-4.954421074200003605e-02
1.237782734300000090e-02
4.728567911999995849e-03
-1.278957829999999816e-02
-6.301151530000024181e-04
-7.510760429999990048e-04
-3.547815883333268572e-04
-6.426691849333337168e-03
-1.365408321666666748e-04
6.521907818999992355e-03
-1.313279602399999857e-02
4.102530452000003464e-03
-1.154594050000003159e-03
2.306696564999998617e-03
-1.480900549000000680e-03
-4.490743758333338455e-04
-1.838916310000000723e-04
1.912225249000000559e-03
1.128535150599999960e-02
-7.700731685000000888e-03
-1.466961892299999820e-02
8.658308020000005318e-04
4.285243400000011813e-05
5.373047710000001219e-04
-4.954421074200003605e-02
6.521907818999992355e-03
1.128535150599999960e-02
1.090707259498333026e-01
2.268600381666744986e-04
2.014868011666663087e-04
-9.526991693499997638e-02
-8.167002600001566689e-05
-2.342281149999945610e-04
1.237782734300000090e-02
-1.313279602399999857e-02
-7.700731685000000888e-03
-3.914540024999966930e-04
1.957374473066665274e-02
3.897790335000000657e-04
-3.213192900000156780e-04
-9.841376158000002608e-03
-2.117598159999998868e-04
4.728567911999995849e-03
4.102530452000003464e-03
-1.466961892299999820e-02
2.506728438333338436e-04
6.084899266666668433e-05
2.271466184716668460e-02
7.081850000053261017e-07
-3.675999999918981922e-09
-8.602036176000003170e-03
-1.278957829999999816e-02
-1.154594050000003159e-03
8.658308020000005318e-04
-9.526991693499997638e-02
-3.213192900000156780e-04
7.081850000053261017e-07
4.033423093030006346e-01
2.281012675000782983e-04
-2.287740171666670429e-04
-6.301151530000024181e-04
2.306696564999998617e-03
4.285243400000011813e-05
-8.167002600001566689e-05
-9.841376158000002608e-03
-3.675999999918981922e-09
-6.083291918332543692e-04
-9.219433685666694397e-03
3.806921116666662906e-05
-7.510760429999990048e-04
-1.480900549000000680e-03
5.373047710000001219e-04
-2.342281149999945610e-04
-2.117598159999998868e-04
-8.602036176000003170e-03
-2.255496233333338879e-04
1.115004979999999749e-04
-8.549448961666705760e-03
1.127866746048333119e-01
-1.402324168333263547e-04
6.946270766666626717e-05
-2.959625317300002001e-01
1.616371968199993570e-02
2.700330827000020032e-03
-2.856765713710002208e-01
1.675971906499994918e-02
9.909006760000179694e-04
-6.291076663333269002e-04
-4.970252290999994590e-03
1.512774633333331282e-05
-1.337770632000006253e-02
1.046389226900000524e-02
6.072861050000036591e-04
-2.597533353000052326e-03
3.973246854000002382e-03
-1.068504499999996769e-03
9.406301633333318836e-05
-3.421348183333337010e-05
2.967734806333333954e-03
8.123448478000025105e-03
-6.478633932999997708e-03
2.941306995100001140e-02
1.515240290900002514e-02
-1.471809451499999852e-02
1.796567186600001378e-02
-2.959625317300002001e-01
-1.337770632000006253e-02
8.123448478000025105e-03
9.507760448496687111e-01
-8.967011753332589444e-04
3.308786449666671712e-03
-8.825746153970008834e-01
-1.428090690000186676e-03
1.274154923000060061e-03
1.616371968199993570e-02
1.046389226900000524e-02
-6.478633932999997708e-03
-5.966521666599370673e-06
-1.480790193005003252e-01
-9.475745833313075232e-08
4.414243561999819064e-03
1.301866846750000528e-01
-1.618392680000001963e-04
2.700330827000020032e-03
6.072861050000036591e-04
2.941306995100001140e-02
7.858506107999997312e-03
-4.958800916666618531e-05
-1.517643873806668875e-01
5.835179712000075451e-03
-5.831214217000000796e-03
1.282794674859999984e-01
-2.856765713710002208e-01
-2.597533353000052326e-03
1.515240290900002514e-02
-8.825746153970008834e-01
4.414243561999819064e-03
5.835179712000075451e-03
9.487584762806685612e-01
-6.490738334666478794e-03
-2.434568003233345684e-02
1.675971906499994918e-02
3.973246854000002382e-03
-1.471809451499999852e-02
-1.428090690000186676e-03
1.301866846750000528e-01
-5.831214217000000796e-03
5.562541500666868914e-03
-1.272130115725002564e-01
1.850192431236106572e-03
9.909006760000179694e-04
-1.068504499999996769e-03
1.796567186600001378e-02
1.274154923000060061e-03
-1.618392680000001963e-04
1.282794674859999984e-01
-2.621787347766678725e-02
1.674027164333328653e-03
-1.161333043283330341e-01
9.742143281603358185e-01
-1.218280143999994278e-02
-4.485455916666684678e-04
-8.861854464500008577e-01
5.277129781999811454e-03
1.211316380000617061e-04
-9.894779951400002604e-02
8.022077063999984853e-03
8.470229450000029553e-04
1.153745306533340495e-02
-1.075427438635001703e-01
-7.289946548555553685e-03
-1.731436640000180932e-03
1.241632862659999975e-01
-2.223552549999998566e-04
-3.740786622000014279e-03
-1.764090253899999738e-02
-1.482110776999999305e-03
-4.059226028999989890e-03
-5.302871389666666789e-03
-1.244245974839998103e-01
1.722855143000060277e-03
-1.042021923999999957e-03
1.238258898499999955e-01
8.899268749000004489e-03
-4.845933071999999897e-03
-2.828057156099999733e-02
-8.861854464500008577e-01
-1.731436640000180932e-03
1.722855143000060277e-03
9.979375905793363977e-01
-1.363375703666458655e-03
7.272874486666726802e-04
-3.200537791049999359e-01
2.830089469999942219e-03
-1.509879799999827446e-04
5.277129781999811454e-03
1.241632862659999975e-01
-1.042021923999999957e-03
5.927797137666891182e-03
-1.377372708103335730e-01
5.031523864888889225e-03
5.615826149999482431e-04
-1.984327690100000374e-02
-2.459461112000000012e-03
1.211316380000617061e-04
-2.223552549999998566e-04
1.238258898499999955e-01
-1.236698643000005071e-03
3.309264360749999880e-03
-1.444040108356668406e-01
8.932013519000017374e-03
-4.811560720999998736e-03
-3.272153792499998826e-02
-9.894779951400002604e-02
-3.740786622000014279e-03
8.899268749000004489e-03
-3.200537791049999359e-01
5.615826149999482431e-04
8.932013519000017374e-03
9.245390737866664155e-02
4.834069633333515923e-04
-3.228556849999998494e-05
8.022077063999984853e-03
-1.764090253899999738e-02
-4.845933071999999897e-03
2.830089469999942219e-03
-1.984327690100000374e-02
-4.811560720999998736e-03
-3.389273359999827630e-04
-4.820796941333332052e-03
-3.301309990000004385e-04
8.470229450000029553e-04
-1.482110776999999305e-03
-2.828057156099999733e-02
-1.509879799999827446e-04
-2.459461112000000012e-03
-3.272153792499998826e-02
-7.751957266666655683e-05
-4.158957900000001518e-04
-1.210409018100000803e-02
3.981948182005005665e-01
7.243239755000230144e-04
3.089297051666666460e-04
-1.060216779600000048e-01
8.638658149999832014e-04
1.217722380000055803e-04
-1.469220329999996978e-03
5.675699479999992206e-04
3.802254679999998504e-04
-9.306254036666418081e-04
-1.750591143450000095e-02
2.173541451666665086e-04
7.976352459999813335e-04
-7.558376406000016923e-03
7.994190999999961557e-05
6.204004589999983924e-04
7.527123678999999602e-03
3.870897229999998418e-04
1.949672351666665410e-04
5.310256616666661923e-04
-3.237182889149992776e-02
-4.037649999994387772e-06
3.992087699999957614e-05
-1.348262416500000359e-02
9.256552900000056174e-05
-2.818918770000000619e-04
5.722125898999999224e-03
-1.060216779600000048e-01
7.976352459999813335e-04
-4.037649999994387772e-06
1.376193771088332074e-01
9.724093003333526223e-04
-6.342053108333333463e-04
-4.216179372749999654e-01
2.200770666999922638e-03
6.590858750000248107e-04
8.638658149999832014e-04
-7.558376406000016923e-03
3.992087699999957614e-05
-2.859513383331191845e-05
1.859191355083331804e-02
-3.640616243333334549e-04
7.117688249999232957e-04
-3.304017142000006610e-03
6.603836699999996633e-04
1.217722380000055803e-04
7.994190999999961557e-05
-1.348262416500000359e-02
-2.739461046666665108e-04
-6.762044578333332220e-04
1.744267419166666694e-02
-5.290792699999745342e-04
-9.578753600000038874e-05
-6.903825481999998660e-03
-1.469220329999996978e-03
6.204004589999983924e-04
9.256552900000056174e-05
-4.216179372749999654e-01
7.117688249999232957e-04
-5.290792699999745342e-04
1.017002973794999959e-01
4.833797103333530997e-04
-3.229577983333333375e-05
5.675699479999992206e-04
7.527123678999999602e-03
-2.818918770000000619e-04
2.200770666999922638e-03
-3.304017142000006610e-03
-9.578753600000038874e-05
-3.389072863333143716e-04
-4.669817732166663821e-03
-3.301309746666671301e-04
3.802254679999998504e-04
3.870897229999998418e-04
5.722125898999999224e-03
6.590858750000248107e-04
6.603836699999996633e-04
-6.903825481999998660e-03
-7.752144066666656012e-05
-4.158957580000001712e-04
-1.310907882083334371e-02
1.848879714259998863e-01
4.318311806666798921e-04
3.169857086666666782e-04
8.354857632999996425e-03
-6.734079199999656667e-05
3.200906999998577101e-06
9.013260252000009770e-03
1.669645100000169519e-05
1.945447549999994492e-04
-8.003646601666558483e-04
-7.155427331666746162e-04
2.029265181017176169e-04
-3.953944999996531539e-06
-1.032991270299998647e-02
-4.975813300000030235e-05
2.869627910000014282e-04
3.889120590000005157e-04
2.064783479999999214e-04
2.120681343333334276e-04
3.492638961666664761e-04
-1.081926762599999883e-02
-4.555477000001412265e-06
6.481269999999736269e-06
-1.467161392499999502e-02
-4.364438000000690201e-06
-9.346148300000017590e-05
-2.266246672999999451e-03
8.354857632999996425e-03
-3.953944999996531539e-06
-4.555477000001412265e-06
1.072781736943332759e-01
1.198086103333516908e-04
-3.016633379999997082e-04
-3.051547810910000269e-01
1.273143466999944375e-03
4.092205200000178329e-04
-6.734079199999656667e-05
-1.032991270299998647e-02
6.481269999999736269e-06
-6.227857274999828302e-04
6.879534140000009498e-03
-1.977808332683843263e-04
4.042531059999449668e-04
-3.866451798000000196e-03
4.147714429999994532e-04
3.200906999998577101e-06
-4.975813300000030235e-05
-1.467161392499999502e-02
-1.871799453333333600e-04
-1.636338978333333385e-04
1.773258601333328396e-03
2.228829510000179771e-04
1.683521449999994784e-04
-1.059402668500000234e-02
9.013260252000009770e-03
2.869627910000014282e-04
-4.364438000000690201e-06
-3.051547810910000269e-01
4.042531059999449668e-04
2.228829510000179771e-04
1.263139133018332805e-01
5.253769581666932649e-04
-6.306925183333329593e-05
1.669645100000169519e-05
3.889120590000005157e-04
-9.346148300000017590e-05
1.273143466999944375e-03
-3.866451798000000196e-03
1.683521449999994784e-04
-3.807328036666408856e-04
-1.488468958100001155e-02
-2.322671491666670595e-04
1.945447549999994492e-04
2.064783479999999214e-04
-2.266246672999999451e-03
4.092205200000178329e-04
4.147714429999994532e-04
-1.059402668500000234e-02
-1.082235239999999768e-04
-4.266160241666662771e-04
-2.299624670250000058e-02
1.385509670056666309e-01
2.529482576666756120e-04
3.330016996666668671e-04
2.593893807000012715e-03
2.119319240000030850e-04
6.592618319999986971e-04
1.545713622600000323e-02
3.746682900000105487e-05
-1.016824190000005279e-04
-3.783953438333260803e-04
-4.243336786166668553e-03
-5.575725064948988723e-06
-5.617683899999687674e-05
-1.444427526299998585e-02
-1.279538749999999862e-04
2.750914360000009540e-04
9.629736155000004003e-03
-1.006657740000003624e-04
1.797254811666668312e-04
3.086367779999998635e-04
-8.471634718000001923e-03
4.512470999998933838e-06
-5.777426350000000772e-04
-1.657897593299998903e-02
-4.179671000000641865e-06
-9.164034200000028359e-05
4.925765642000001256e-03
2.593893807000012715e-03
-5.617683899999687674e-05
4.512470999998933838e-06
-4.099176773933341927e-02
1.230566966665484504e-05
-3.505901506666667675e-04
-2.029795763700000255e-01
1.940763845999965691e-03
1.805592177000009228e-03
2.119319240000030850e-04
-1.444427526299998585e-02
-5.777426350000000772e-04
-9.531357133334513636e-05
2.323565288833334339e-02
-4.875002683843895970e-07
-1.351077560000349593e-04
-1.134068052699998934e-02
1.738056268000001941e-03
6.592618319999986971e-04
-1.279538749999999862e-04
-1.657897593299998903e-02
1.876788333333345086e-04
-1.248966478333333292e-04
2.186755328400004014e-02
2.226020450000113339e-04
-3.274768460000004617e-04
-1.777990086800000299e-02
1.545713622600000323e-02
2.750914360000009540e-04
-4.179671000000641865e-06
-2.029795763700000255e-01
-1.351077560000349593e-04
2.226020450000113339e-04
1.628714109098333140e-01
3.468983336666996826e-04
-9.858821583333339566e-05
3.746682900000105487e-05
9.629736155000004003e-03
-9.164034200000028359e-05
1.940763845999965691e-03
-1.134068052699998934e-02
-3.274768460000004617e-04
-4.113023119999666068e-04
-1.773452837050002590e-02
-2.390635205000000865e-04
-1.016824190000005279e-04
-1.006657740000003624e-04
4.925765642000001256e-03
1.805592177000009228e-03
1.738056268000001941e-03
-1.777990086800000299e-02
-1.802655508333335182e-04
-3.559100730000002767e-04
-2.584308705699999570e-02
1.465540210008332012e-01
-2.115730533332388553e-05
1.515645785000001560e-04
1.424132528300001317e-02
2.416320134000005549e-03
2.257772924999995774e-03
1.504978642100001339e-02
2.495481300000103938e-05
5.517139999993878198e-07
3.743832516667610629e-05
-7.615401601499999056e-03
-4.430366043209868220e-06
-4.403101359999950291e-04
-1.196711516999999537e-02
2.228028887000001613e-03
2.558867000000107988e-05
9.214760014000001470e-03
-1.093000300000024759e-05
6.938732800000000896e-05
5.258394350000001233e-05
-1.804493219549998390e-02
1.733126655999998010e-03
-5.526927290000000414e-04
-1.707630790400000223e-02
5.930914899999948340e-05
-5.256945310000000994e-04
5.046893444000000173e-03
1.424132528300001317e-02
-4.403101359999950291e-04
1.733126655999998010e-03
-5.282828844366672244e-02
-7.683486950001428277e-05
-1.797972429999998556e-04
-5.897470027799998210e-02
1.627065962999994005e-03
1.511414076999999896e-03
2.416320134000005549e-03
-1.196711516999999537e-02
-5.526927290000000414e-04
1.199916818333191177e-04
2.513006629616667750e-02
-1.347289919478715005e-04
-9.390681340000075301e-04
-1.981849403599999018e-02
1.471348631000001525e-03
2.257772924999995774e-03
2.228028887000001613e-03
-1.707630790400000223e-02
-2.477939146666667926e-04
-2.161466101666667994e-04
2.372805005300004585e-02
5.959840300000011047e-04
-1.196186445000000298e-03
-2.461566401399999451e-02
1.504978642100001339e-02
2.558867000000107988e-05
5.930914899999948340e-05
-5.897470027799998210e-02
-9.390681340000075301e-04
5.959840300000011047e-04
1.579911046083332937e-01
-3.986445016663416334e-05
-1.591670300000001131e-04
2.495481300000103938e-05
9.214760014000001470e-03
-5.256945310000000994e-04
1.627065962999994005e-03
-1.981849403599999018e-02
-1.196186445000000298e-03
3.053646150003248486e-05
-1.910699851666668170e-02
-2.406114365000000218e-04
5.517139999993878198e-07
-1.093000300000024759e-05
5.046893444000000173e-03
1.511414076999999896e-03
1.471348631000001525e-03
-2.461566401399999451e-02
-1.802704183333335300e-04
-3.586427263333333759e-04
-2.715492959716667501e-02
1.579911046083332937e-01
-3.986445016665584738e-05
1.591670300000001402e-04
-3.305016572999999042e-03
1.586820226999999814e-03
1.730598955999999725e-03
1.428596851000000362e-02
6.868842370000010234e-04
4.355329999996599292e-07
3.053646150001080082e-05
-1.910699851666668170e-02
2.406114364999999947e-04
-4.074515079999995685e-04
-4.037631348999997163e-03
1.684592521999999162e-03
2.565747500000019771e-05
1.329209068900000408e-02
-1.249535000000023435e-05
1.802704183333335571e-04
3.586427263333333217e-04
-2.715492959716667501e-02
9.089346359999987820e-04
-8.391673500000033014e-05
-1.233669911800000518e-02
5.943799299999968488e-05
3.847600099999974078e-05
9.384484594000003926e-03
-3.305016572999999042e-03
-4.074515079999995685e-04
9.089346359999987820e-04
-5.282828844366672244e-02
-7.683486950000474180e-05
1.797972429999998827e-04
2.920707466200001337e-02
3.234437854000005424e-03
2.343461059999995232e-03
1.586820226999999814e-03
-4.037631348999997163e-03
-8.391673500000033014e-05
1.199916818333286587e-04
2.513006629616667750e-02
1.347289919478714734e-04
-8.836477989999912694e-04
-1.745566697099999037e-02
2.303469187000001250e-03
1.730598955999999725e-03
1.684592521999999162e-03
-1.233669911800000518e-02
2.477939146666668468e-04
2.161466101666667723e-04
2.372805005300004585e-02
1.723190856999996454e-03
-1.048172059000000407e-03
-2.361337532199999506e-02
1.428596851000000362e-02
2.565747500000019771e-05
5.943799299999968488e-05
2.920707466200001337e-02
-8.836477989999912694e-04
1.723190856999996454e-03
1.465540210008332012e-01
-2.115730533330500686e-05
-1.515645785000001560e-04
6.868842370000010234e-04
1.329209068900000408e-02
3.847600099999974078e-05
3.234437854000005424e-03
-1.745566697099999037e-02
-1.048172059000000407e-03
3.743832516669498496e-05
-7.615401601499999056e-03
4.430366043209849586e-06
4.355329999996599292e-07
-1.249535000000023435e-05
9.384484594000003926e-03
2.343461059999995232e-03
2.303469187000001250e-03
-2.361337532199999506e-02
-6.938732799999999541e-05
-5.258394350000001910e-05
-1.804493219549998390e-02
1.628714109098333140e-01
3.468983336666775648e-04
9.858821583333342276e-05
-1.860321529400000423e-02
3.470187202999995731e-03
3.395590556000002095e-03
1.253977704700001347e-02
5.024602040000001983e-04
-8.666169000000033544e-05
-4.113023119999887245e-04
-1.773452837050002590e-02
2.390635205000000594e-04
-3.961753400000300637e-05
-5.205503929999999967e-04
3.322212288999999014e-03
-9.489179899999960934e-05
1.036411326300000491e-02
-9.978617600000030952e-05
1.802655508333335453e-04
3.559100730000002225e-04
-2.584308705699999570e-02
6.070805900000003207e-04
8.269451569999995266e-04
-9.045245815999995373e-03
4.136997199999960229e-05
-9.021209600000029021e-05
5.789996345000000301e-03
-1.860321529400000423e-02
-3.961753400000300637e-05
6.070805900000003207e-04
-4.099176773933341927e-02
1.230566966666271059e-05
3.505901506666667675e-04
1.442870863500001800e-02
3.600461530000063155e-04
7.525470499999977435e-04
3.470187202999995731e-03
-5.205503929999999967e-04
8.269451569999995266e-04
-9.531357133333726234e-05
2.323565288833334339e-02
4.875002683843467160e-07
-4.111998829999938200e-04
-1.957627743699997744e-02
-5.251593199999999727e-05
3.395590556000002095e-03
3.322212288999999014e-03
-9.045245815999995373e-03
-1.876788333333344815e-04
1.248966478333333563e-04
2.186755328400004014e-02
4.276538999997905780e-06
-5.023093369999999998e-04
-2.171187033099999941e-02
1.253977704700001347e-02
-9.489179899999960934e-05
4.136997199999960229e-05
1.442870863500001800e-02
-4.111998829999938200e-04
4.276538999997905780e-06
1.385509670056666309e-01
2.529482576666930676e-04
-3.330016996666668671e-04
5.024602040000001983e-04
1.036411326300000491e-02
-9.021209600000029021e-05
3.600461530000063155e-04
-1.957627743699997744e-02
-5.023093369999999998e-04
-3.783953438333086247e-04
-4.243336786166668553e-03
5.575725064948948065e-06
-8.666169000000033544e-05
-9.978617600000030952e-05
5.789996345000000301e-03
7.525470499999977435e-04
-5.251593199999999727e-05
-2.171187033099999941e-02
-1.797254811666668041e-04
-3.086367779999999177e-04
-8.471634718000001923e-03
1.263139133018332805e-01
5.253769581666759177e-04
6.306925183333332303e-05
-1.247807544680000352e-01
4.603986402999976288e-03
4.331191197000007313e-03
-9.688346987999999979e-03
4.996288489999972660e-04
-1.264072849999991436e-04
-3.807328036666581244e-04
-1.488468958100001155e-02
2.322671491666670595e-04
2.265689559999764643e-04
4.848532256000002462e-03
4.282682693000000596e-03
-6.962976700000270212e-05
4.983789887000000113e-03
-1.268287960000002068e-04
1.082235240000000310e-04
4.266160241666662771e-04
-2.299624670250000058e-02
-2.345510529999923050e-04
2.782380419999993864e-04
-2.890987102999999399e-03
-4.146030999999251643e-06
-7.909531200000024490e-05
2.215152664999997089e-03
-1.247807544680000352e-01
2.265689559999764643e-04
-2.345510529999923050e-04
1.072781736943332759e-01
1.198086103333393987e-04
3.016633379999997624e-04
5.409365151999997838e-03
4.432955000002940031e-06
3.228018999998818119e-06
4.603986402999976288e-03
4.848532256000002462e-03
2.782380419999993864e-04
-6.227857274999950817e-04
6.879534140000009498e-03
1.977808332683842992e-04
-9.298306599999716195e-05
-1.046415872899999003e-02
-4.975812100000021477e-05
4.331191197000007313e-03
4.282682693000000596e-03
-2.890987102999999399e-03
1.871799453333333871e-04
1.636338978333333114e-04
1.773258601333328396e-03
-4.572518000001165434e-06
6.481161999999801050e-06
-1.369646331499999557e-02
-9.688346987999999979e-03
-6.962976700000270212e-05
-4.146030999999251643e-06
5.409365151999997838e-03
-9.298306599999716195e-05
-4.572518000001165434e-06
1.848879714259998863e-01
4.318311806667026061e-04
-3.169857086666666240e-04
4.996288489999972660e-04
4.983789887000000113e-03
-7.909531200000024490e-05
4.432955000002940031e-06
-1.046415872899999003e-02
6.481161999999801050e-06
-8.003646601666330801e-04
-7.155427331666746162e-04
-2.029265181017176440e-04
-1.264072849999991436e-04
-1.268287960000002068e-04
2.215152664999997089e-03
3.228018999998818119e-06
-4.975812100000021477e-05
-1.369646331499999557e-02
-2.120681343333334005e-04
-3.492638961666665303e-04
-1.081926762599999883e-02
1.017002973794999959e-01
4.833797103333400350e-04
3.229577983333337441e-05
-1.101082468110000240e-01
3.026985856999982096e-03
2.554465457000005234e-03
-7.514384972400001139e-02
8.167472749999857198e-04
3.133713100000490602e-05
-3.389072863333274363e-04
-4.669817732166663821e-03
3.301309746666671301e-04
7.443609349999810937e-04
-6.542807659000006784e-03
2.538625125000000451e-03
1.666570309999848196e-04
7.561694939000000032e-03
1.198090249999999045e-04
7.752144066666661433e-05
4.158957580000001712e-04
-1.310907882083334371e-02
1.135019900000591139e-05
-1.650479220000005787e-04
-1.287760695899999898e-02
2.584390240000050644e-04
-4.268644700000000713e-04
6.292243514999995221e-03
-1.101082468110000240e-01
7.443609349999810937e-04
1.135019900000591139e-05
1.376193771088332074e-01
9.724093003333380940e-04
6.342053108333334547e-04
-1.514219489160000542e-01
8.071321489999750201e-04
1.414193340000083647e-04
3.026985856999982096e-03
-6.542807659000006784e-03
-1.650479220000005787e-04
-2.859513383332649419e-05
1.859191355083331804e-02
3.640616243333334007e-04
7.966292559999732601e-04
-8.937876336000016853e-03
7.994225699999965204e-05
2.554465457000005234e-03
2.538625125000000451e-03
-1.287760695899999898e-02
2.739461046666665650e-04
6.762044578333332220e-04
1.744267419166666694e-02
-4.007903999991629085e-06
-1.783492500000037541e-05
-1.397858215400000700e-02
-7.514384972400001139e-02
1.666570309999848196e-04
2.584390240000050644e-04
-1.514219489160000542e-01
7.966292559999732601e-04
-4.007903999991629085e-06
3.981948182005005665e-01
7.243239755000739719e-04
-3.089297051666665917e-04
8.167472749999857198e-04
7.561694939000000032e-03
-4.268644700000000713e-04
8.071321489999750201e-04
-8.937876336000016853e-03
-1.783492500000037541e-05
-9.306254036665908506e-04
-1.750591143450000095e-02
-2.173541451666665357e-04
3.133713100000490602e-05
1.198090249999999045e-04
6.292243514999995221e-03
1.414193340000083647e-04
7.994225699999965204e-05
-1.397858215400000700e-02
-1.949672351666664597e-04
-5.310256616666661923e-04
-3.237182889149992776e-02
9.245390737866664155e-02
4.834069633333396660e-04
3.228556850000002560e-05
-3.436734592949999834e-01
1.384686174399993655e-02
1.199558466000001655e-02
-2.686756147230000003e-01
1.262480269399995046e-02
1.043435584600001416e-02
-3.389273359999946892e-04
-4.820796941333332052e-03
3.301309990000004385e-04
-1.594359314700007080e-02
-4.946855330999994776e-03
7.104321677000002312e-03
-1.186664008400006506e-02
-8.155136707999995765e-03
5.537943318000002231e-03
7.751957266666661104e-05
4.158957900000001518e-04
-1.210409018100000803e-02
5.640482793000021165e-03
-9.860130007000001209e-03
-1.016686568799999961e-02
1.046772977800001711e-02
-1.482929461099999693e-02
-1.117393247900000039e-02
-3.436734592949999834e-01
-1.594359314700007080e-02
5.640482793000021165e-03
9.979375905793363977e-01
-1.363375703666597650e-03
-7.272874486666733307e-04
-8.923451077510007323e-01
-1.159018120000180523e-03
1.211048720000620536e-04
1.384686174399993655e-02
-4.946855330999994776e-03
-9.860130007000001209e-03
5.927797137666752404e-03
-1.377372708103335730e-01
-5.031523864888889225e-03
4.467207187999817052e-03
1.066109709569999647e-01
-2.223752309999996440e-04
1.199558466000001655e-02
7.104321677000002312e-03
-1.016686568799999961e-02
1.236698643000004637e-03
-3.309264360750000314e-03
-1.444040108356668406e-01
7.683893821000065474e-03
-7.232462778999999321e-03
1.165769225619999877e-01
-2.686756147230000003e-01
-1.186664008400006506e-02
1.046772977800001711e-02
-8.923451077510007323e-01
4.467207187999817052e-03
7.683893821000065474e-03
9.742143281603358185e-01
-1.218280143999981094e-02
4.485455916666675463e-04
1.262480269399995046e-02
-8.155136707999995765e-03
-1.482929461099999693e-02
-1.159018120000180523e-03
1.066109709569999647e-01
-7.232462778999999321e-03
1.153745306533353679e-02
-1.075427438635001703e-01
7.289946548555553685e-03
1.043435584600001416e-02
5.537943318000002231e-03
-1.117393247900000039e-02
1.211048720000620536e-04
-2.223752309999996440e-04
1.165769225619999877e-01
4.059226028999989022e-03
5.302871389666667656e-03
-1.244245974839998103e-01
9.520538624163352726e-01
-1.181613520066662239e-02
-5.332619719666619948e-03
-8.880371485210009075e-01
-5.033529698000195098e-03
-3.084526549999380435e-04
-2.576366912199999637e-02
1.462332786349999220e-02
1.343609442600000869e-02
1.339172735900009438e-02
-1.364816591948335989e-01
-6.250451575722220515e-03
-3.107072118000177557e-03
1.259358442860000482e-01
-2.005597430000005297e-04
-3.946614537999997181e-03
-1.426433146600000063e-02
-1.800697760999996934e-03
-8.341441210000011958e-03
-6.622247990000001625e-03
-1.386723924800001007e-01
-1.918752542999942017e-03
2.391336854000000040e-03
1.145112112579999702e-01
8.649495260000004265e-03
-8.834874603000001866e-03
-1.883868204700000701e-02
-8.880371485210009075e-01
-3.107072118000177557e-03
-1.918752542999942017e-03
9.993784813030036629e-01
-1.206440285366648137e-02
5.427134372333284988e-03
-2.666138910850000543e-01
1.739623783199995347e-02
1.475129220100002310e-02
-5.033529698000195098e-03
1.259358442860000482e-01
2.391336854000000040e-03
1.381558077566691009e-02
-1.474074115171669364e-01
5.877578692888889983e-03
-6.912218030000455817e-04
-1.398732073599999980e-02
-3.812502419999968888e-04
-3.084526549999380435e-04
-2.005597430000005297e-04
1.145112112579999702e-01
8.434616004666675715e-03
5.869930238333335472e-03
-1.526581310303336270e-01
9.272175715000018081e-03
-8.629590751000002988e-03
-1.969303516400000911e-02
-2.576366912199999637e-02
-3.946614537999997181e-03
8.649495260000004265e-03
-2.666138910850000543e-01
-6.912218030000455817e-04
9.272175715000018081e-03
9.434047311483333143e-02
1.891435990333347784e-03
-3.069572780000004702e-04
1.462332786349999220e-02
-1.426433146600000063e-02
-8.834874603000001866e-03
1.739623783199995347e-02
-1.398732073599999980e-02
-8.629590751000002988e-03
-2.021827438333312268e-03
-5.235995079166664776e-03
-1.183214621666665444e-04
1.343609442600000869e-02
-1.800697760999996934e-03
-1.883868204700000701e-02
1.475129220100002310e-02
-3.812502419999968888e-04
-1.969303516400000911e-02
-3.069598679999999873e-04
-1.919720503333333648e-04
3.592191068333327932e-04
3.960212725095003661e-01
4.324043221666894329e-04
1.993493731666663824e-04
-1.374738394590001300e-01
2.885589129999761968e-04
-4.644494569999925069e-04
-2.250448833500002729e-02
2.583193283999994649e-03
-2.511401289999985742e-04
-6.317472891666400629e-04
-4.074880013833352341e-03
3.211068650000000385e-05
-8.143351500000235938e-04
-9.767513851000001607e-03
-3.367795240000001243e-04
-2.024690059000003664e-03
4.087120599000001152e-03
-3.440659940000001548e-04
9.393436683333333456e-05
3.249579844999997652e-04
-1.319308191633336742e-02
-2.015224999992251178e-06
6.490065999999858793e-06
-1.177427602199999229e-02
-2.969988669999981939e-04
-9.213228737209328966e-05
2.462999436999997391e-03
-1.374738394590001300e-01
-8.143351500000235938e-04
-2.015224999992251178e-06
1.357403361378332063e-01
9.915644235000237953e-04
-3.033184110000003214e-04
-3.100349753999999680e-01
3.823111582999942290e-03
-5.145505979999809255e-04
2.885589129999761968e-04
-9.767513851000001607e-03
6.490065999999858793e-06
-1.897078106999986521e-03
2.455953715216665015e-02
-6.128967075000000273e-04
-4.137308477000055905e-03
1.016788810999999819e-03
-6.627089099999997502e-04
-4.644494569999925069e-04
-3.367795240000001243e-04
-1.177427602199999229e-02
-3.761539775000001615e-04
-1.098699498333333222e-03
2.620848543016669405e-02
-3.626378689999804994e-04
-1.325147488999999608e-03
1.049062221999999892e-02
-2.250448833500002729e-02
-2.024690059000003664e-03
-2.969988669999981939e-04
-3.100349753999999680e-01
-4.137308477000055905e-03
-3.626378689999804994e-04
9.519000502649997697e-02
1.891427818333347912e-03
-3.069633685000003657e-04
2.583193283999994649e-03
4.087120599000001152e-03
-9.213228737209328966e-05
3.823111582999942290e-03
1.016788810999999819e-03
-1.325147488999999608e-03
-1.898524468499979655e-03
-4.749750782666665484e-03
-1.901813851666665875e-04
-2.511401289999985742e-04
-3.440659940000001548e-04
2.462999436999997391e-03
-5.145505979999809255e-04
-6.627089099999997502e-04
1.049062221999999892e-02
-3.069718981666665959e-04
-1.919720453333333577e-04
4.096622643333321686e-04
1.326100202813333684e-01
1.579591988333405223e-04
9.861935733333364361e-05
-1.985256224899996369e-02
4.944422249999972513e-04
-3.987582229999995760e-04
-1.378609988300001817e-02
1.809447932999996974e-03
4.975914730000003056e-04
-1.582469101666582573e-04
5.643715350999996098e-03
-4.898931333333332052e-05
-1.032706915000002187e-03
-5.863187044999991319e-03
-2.038979710000004869e-04
-9.307680100000025655e-04
1.270346783000000229e-03
4.638291429999997747e-04
1.142424978333333085e-04
-4.898952049999998157e-05
3.205733193666660940e-03
-2.428434099999951149e-05
-2.448284400000044298e-05
-1.261686717399999533e-02
-8.102867999999460361e-06
6.421249062790644016e-05
-5.715929663000001056e-03
-1.985256224899996369e-02
-1.032706915000002187e-03
-2.428434099999951149e-05
4.426615745983331074e-02
4.498917661666713996e-04
-1.583082294999994788e-04
-2.700295490360000716e-01
3.662020462999948048e-03
-2.792521739999832744e-04
4.944422249999972513e-04
-5.863187044999991319e-03
-2.448284400000044298e-05
-4.021029564999947618e-04
1.676674529333333982e-02
-2.287463868333333185e-04
-6.803356300000512700e-04
8.264713341999995952e-03
-1.955135970000002673e-04
-3.987582229999995760e-04
-2.038979710000004869e-04
-1.261686717399999533e-02
-3.536518019999996339e-04
-2.000995848333333960e-04
1.551552653433335358e-02
-3.338997299998319821e-05
-7.601953000000050305e-05
3.866398007999998290e-03
-1.378609988300001817e-02
-9.307680100000025655e-04
-8.102867999999460361e-06
-2.700295490360000716e-01
-6.803356300000512700e-04
-3.338997299998319821e-05
1.516911013203333658e-01
1.892706629333361324e-03
-3.318675621666670171e-04
1.809447932999996974e-03
1.270346783000000229e-03
6.421249062790644016e-05
3.662020462999948048e-03
8.264713341999995952e-03
-7.601953000000050305e-05
-1.958896779666636709e-03
-8.982560614333329543e-03
-1.380647294999999292e-04
4.975914730000003056e-04
4.638291429999997747e-04
-5.715929663000001056e-03
-2.792521739999832744e-04
-1.955135970000002673e-04
3.866398007999998290e-03
-3.068931323333332333e-04
-1.919714311666666424e-04
-5.159850305166665055e-03
1.128556263693332729e-01
-8.712625499993630299e-06
8.747041466666694433e-05
9.544071747000008182e-03
6.750112730000050812e-04
-3.915410590000024450e-04
9.612624447000001418e-03
1.338754852999999570e-03
3.187227579999993721e-04
1.459498266667311637e-05
8.837022627000000463e-03
-1.038078066666666210e-05
-1.272995329999994634e-03
-1.787934096999999056e-02
-3.046486330000003177e-04
-6.873055870000003989e-04
1.000214451600000241e-02
-2.460490080000005391e-04
8.249888500000024003e-05
-3.982787833333330783e-06
1.743612566833332728e-03
-7.588764930000014078e-04
-8.707463700000005148e-04
-2.313883488400000910e-02
-7.955674000000499365e-06
3.663518562790634049e-05
8.495586659999978130e-04
9.544071747000008182e-03
-1.272995329999994634e-03
-7.588764930000014078e-04
-4.153237032183342697e-02
1.299706668333207435e-04
-2.279237566666667350e-04
-1.628392840810000408e-01
2.230821779999968713e-03
-3.606307969999901150e-04
6.750112730000050812e-04
-1.787934096999999056e-02
-8.707463700000005148e-04
-6.010237966667815706e-05
2.269194750100002322e-02
5.472034399999995823e-05
-8.568181760000311399e-04
6.968159092999999006e-03
-8.582351790000005299e-04
-3.915410590000024450e-04
-3.046486330000003177e-04
-2.313883488400000910e-02
-3.545052533333333368e-04
5.405446599999995518e-05
2.212874224866670861e-02
-3.144840499999028519e-05
4.498257799999915812e-05
-4.407970754000001962e-03
9.612624447000001418e-03
-6.873055870000003989e-04
-7.955674000000499365e-06
-1.628392840810000408e-01
-8.568181760000311399e-04
-3.144840499999028519e-05
1.602525846514999686e-01
-4.578294866663428555e-05
-1.510260755000002002e-04
1.338754852999999570e-03
1.000214451600000241e-02
3.663518562790634049e-05
2.230821779999968713e-03
6.968159092999999006e-03
4.498257799999915812e-05
-2.041520216663429748e-05
-1.609263529000002496e-02
3.950083383333331073e-05
3.187227579999993721e-04
-2.460490080000005391e-04
8.495586659999978130e-04
-3.606307969999901150e-04
-8.582351790000005299e-04
-4.407970754000001962e-03
-1.260394359999999017e-04
1.052644966666663619e-05
-1.415692382600000805e-02
1.223721967463333449e-01
-9.511722166658967986e-06
1.185468396666669388e-04
1.779652830500001032e-02
4.326129000000624564e-05
-6.895533810000021397e-04
1.650546397100001103e-02
4.989831570000012595e-04
3.242071259999990845e-04
2.348748783334103179e-05
-3.397643643166669333e-03
-2.859252833333327148e-06
-1.170027864999993424e-03
-1.629519176000000097e-02
-6.213362040000002711e-04
-4.880647079999983853e-04
8.788999194999997516e-03
3.171596649999997995e-04
1.120951490000001398e-04
-4.558225199999998745e-05
-6.103636691500003916e-03
2.941461899999763156e-05
5.782758966279068517e-04
-2.011753271800000020e-02
2.353935399999916429e-05
5.860115962790654544e-05
2.584586960999999457e-03
1.779652830500001032e-02
-1.170027864999993424e-03
2.941461899999763156e-05
-5.654446692500010585e-02
2.060382731666514030e-04
-2.076607326666668658e-04
3.236312245999998453e-03
1.025512191000002181e-03
-4.953806040000011818e-04
4.326129000000624564e-05
-1.629519176000000097e-02
5.782758966279068517e-04
-1.363882720000138033e-04
2.276456260116666713e-02
7.401335933333332267e-05
-1.358045992999997549e-03
-9.311182800999994943e-03
-8.675522520000004609e-04
-6.895533810000021397e-04
-6.213362040000002711e-04
-2.011753271800000020e-02
-1.530573079999999434e-04
7.772323333333334169e-05
2.386953422816670209e-02
-7.361339230000011171e-04
-1.231438120000008854e-04
-1.793111313399999712e-02
1.650546397100001103e-02
-4.880647079999983853e-04
2.353935399999916429e-05
3.236312245999998453e-03
-1.358045992999997549e-03
-7.361339230000011171e-04
1.507183737743332808e-01
-3.585385899996895818e-05
-1.418373491666668432e-04
4.989831570000012595e-04
8.788999194999997516e-03
5.860115962790654544e-05
1.025512191000002181e-03
-9.311182800999994943e-03
-1.231438120000008854e-04
4.007789366669763255e-05
-1.799443528450003077e-02
1.009163816666664524e-05
3.242071259999990845e-04
3.171596649999997995e-04
2.584586960999999457e-03
-4.953806040000011818e-04
-8.675522520000004609e-04
-1.793111313399999712e-02
-1.260567166666666994e-04
6.156558999999978810e-06
-1.511091471933335116e-02
1.507183737743332808e-01
-3.585385899998961900e-05
1.418373491666668432e-04
-1.982836058299999177e-02
7.562834959999993828e-04
-1.472535549999999993e-04
9.885072572000004609e-03
5.934384600000072344e-05
-8.131397700000048601e-05
4.007789366667697173e-05
-1.799443528450003077e-02
-1.009163816666666219e-05
-1.442224177000001007e-03
-1.384340141300000743e-02
-6.052812100000000764e-04
-4.137662339999989385e-04
4.825819152999997509e-03
-2.193591900000015904e-05
1.260567166666666994e-04
-6.156558999999994057e-06
-1.511091471933335116e-02
-6.601945219999994473e-04
-1.107572380000003198e-04
-1.541817420299999679e-02
2.350264599999959690e-05
-3.154106290000001605e-04
2.074433248999999965e-03
-1.982836058299999177e-02
-1.442224177000001007e-03
-6.601945219999994473e-04
-5.654446692500010585e-02
2.060382731666611067e-04
2.076607326666668387e-04
4.221164866800000692e-02
3.222908490000101931e-04
-9.372129830000036459e-04
7.562834959999993828e-04
-1.384340141300000743e-02
-1.107572380000003198e-04
-1.363882720000040997e-04
2.276456260116666713e-02
-7.401335933333334977e-05
-9.610839989999896658e-04
-1.313846426099999840e-02
-8.082202970000004500e-04
-1.472535549999999993e-04
-6.052812100000000764e-04
-1.541817420299999679e-02
1.530573079999999163e-04
-7.772323333333335524e-05
2.386953422816670209e-02
1.683964499999619880e-05
3.824132029999996896e-04
-1.979220911900000587e-02
9.885072572000004609e-03
-4.137662339999989385e-04
2.350264599999959690e-05
4.221164866800000692e-02
-9.610839989999896658e-04
1.683964499999619880e-05
1.223721967463333449e-01
-9.511722166643565539e-06
-1.185468396666669388e-04
5.934384600000072344e-05
4.825819152999997509e-03
-3.154106290000001605e-04
3.222908490000101931e-04
-1.313846426099999840e-02
3.824132029999996896e-04
2.348748783335643424e-05
-3.397643643166669333e-03
2.859252833333312749e-06
-8.131397700000048601e-05
-2.193591900000015904e-05
2.074433248999999965e-03
-9.372129830000036459e-04
-8.082202970000004500e-04
-1.979220911900000587e-02
-1.120951490000001534e-04
4.558225199999997389e-05
-6.103636691500003916e-03
1.602525846514999686e-01
-4.578294866665588150e-05
1.510260755000002002e-04
-3.716670611000000291e-02
2.267750423999993336e-03
1.333905483000000702e-03
5.564607384999999823e-03
1.190781737000001089e-03
-1.932260320000002613e-04
-2.041520216665589682e-05
-1.609263529000002496e-02
-3.950083383333333106e-05
-9.609942770000061115e-04
-3.304274192999999069e-03
8.767300370000001130e-04
-7.332958719999994619e-04
2.223195458999998892e-03
-6.722628770000000416e-04
1.260394359999999017e-04
-1.052644966666665144e-05
-1.415692382600000805e-02
5.404796880000019808e-04
-4.155233323720933345e-04
-6.684929143000004244e-03
5.176901999999766209e-06
-4.473044220000003588e-04
-3.308069349999976229e-04
-3.716670611000000291e-02
-9.609942770000061115e-04
5.404796880000019808e-04
-4.153237032183342697e-02
1.299706668333286039e-04
2.279237566666667350e-04
3.623081427400001719e-02
8.307967360000099262e-04
-4.137465970000038409e-04
2.267750423999993336e-03
-3.304274192999999069e-03
-4.155233323720933345e-04
-6.010237966667028982e-05
2.269194750100002322e-02
-5.472034399999998534e-05
-9.604312379999899217e-04
-1.771593000599998996e-02
-2.356466240000003797e-04
1.333905483000000702e-03
8.767300370000001130e-04
-6.684929143000004244e-03
3.545052533333333368e-04
-5.405446600000000262e-05
2.212874224866670861e-02
-7.539493120000030505e-04
-8.035169020000006200e-04
-2.374176678900000517e-02
5.564607384999999823e-03
-7.332958719999994619e-04
5.176901999999766209e-06
3.623081427400001719e-02
-9.604312379999899217e-04
-7.539493120000030505e-04
1.128556263693332729e-01
-8.712625499980890923e-06
-8.747041466666694433e-05
1.190781737000001089e-03
2.223195458999998892e-03
-4.473044220000003588e-04
8.307967360000099262e-04
-1.771593000599998996e-02
-8.035169020000006200e-04
1.459498266668585574e-05
8.837022627000000463e-03
1.038078066666665194e-05
-1.932260320000002613e-04
-6.722628770000000416e-04
-3.308069349999976229e-04
-4.137465970000038409e-04
-2.356466240000003797e-04
-2.374176678900000517e-02
-8.249888500000024003e-05
3.982787833333320619e-06
1.743612566833332728e-03
1.516911013203333658e-01
1.892706629333341592e-03
3.318675621666670171e-04
-9.047385644699998397e-02
4.353858250999982464e-03
2.737442885000003056e-03
-2.117211634900000722e-02
1.022903518999996111e-03
-2.692511869999985761e-04
-1.958896779666656658e-03
-8.982560614333329543e-03
1.380647294999999021e-04
-8.244989360000170827e-04
5.776707128999998900e-03
2.281095665000000289e-03
-8.704381150000037315e-04
-3.770732049999989772e-04
-8.027413249999999388e-04
3.068931323333332875e-04
1.919714311666666153e-04
-5.159850305166665055e-03
7.250404090000053424e-04
-3.780812253720937095e-04
-8.905918660000011321e-04
3.163020000012980737e-07
-4.473073640000003125e-04
-2.182047106999999032e-03
-9.047385644699998397e-02
-8.244989360000170827e-04
7.250404090000053424e-04
4.426615745983331074e-02
4.498917661666680386e-04
1.583082294999995060e-04
-1.585043836799998260e-02
6.541123369999982074e-04
-3.987655489999996847e-04
4.353858250999982464e-03
5.776707128999998900e-03
-3.780812253720937095e-04
-4.021029564999981229e-04
1.676674529333333982e-02
2.287463868333332914e-04
-8.721847170000016037e-04
-5.455854243999993386e-03
-2.039004820000005094e-04
2.737442885000003056e-03
2.281095665000000289e-03
-8.905918660000011321e-04
3.536518019999996881e-04
2.000995848333333689e-04
1.551552653433335358e-02
-2.426144799999974502e-05
-2.008157100000046585e-05
-1.236569721899999537e-02
-2.117211634900000722e-02
-8.704381150000037315e-04
3.163020000012980737e-07
-1.585043836799998260e-02
-8.721847170000016037e-04
-2.426144799999974502e-05
1.326100202813333684e-01
1.579591988333560806e-04
-9.861935733333365716e-05
1.022903518999996111e-03
-3.770732049999989772e-04
-4.473073640000003125e-04
6.541123369999982074e-04
-5.455854243999993386e-03
-2.008157100000046585e-05
-1.582469101666426989e-04
5.643715350999996098e-03
4.898931333333330696e-05
-2.692511869999985761e-04
-8.027413249999999388e-04
-2.182047106999999032e-03
-3.987655489999996847e-04
-2.039004820000005094e-04
-1.236569721899999537e-02
-1.142424978333333221e-04
4.898952049999996802e-05
3.205733193666660940e-03
9.519000502649997697e-02
1.891427818333335552e-03
3.069633685000004199e-04
-1.178392953119999781e-01
4.633042053999977643e-03
2.706661222000005147e-03
-6.964882982899996133e-02
1.846359986999986840e-03
-6.945682169999956718e-04
-1.898524468499992015e-03
-4.749750782666665484e-03
1.901813851666665604e-04
-4.321956637000019634e-03
-7.575965147999998150e-03
1.612721462000001093e-03
-1.747357230000013556e-03
8.446501715000002269e-03
-8.381594180000000605e-04
3.069718981666666501e-04
1.919720453333333306e-04
4.096622643333321686e-04
-6.066960999999327118e-05
-5.535856993720932170e-04
-6.552584073000000328e-03
-3.085877199999947701e-04
-6.099499420000002855e-04
9.047326685999999493e-03
-1.178392953119999781e-01
-4.321956637000019634e-03
-6.066960999999327118e-05
1.357403361378332063e-01
9.915644235000101343e-04
3.033184110000003756e-04
-9.733878590899996963e-02
2.886902209999821244e-04
-4.647182839999945063e-04
4.633042053999977643e-03
-7.575965147999998150e-03
-5.535856993720932170e-04
-1.897078107000000182e-03
2.455953715216665015e-02
6.128967074999999189e-04
-8.142159040000174989e-04
-2.048404180000006417e-03
-3.367786290000001227e-04
2.706661222000005147e-03
1.612721462000001093e-03
-6.552584073000000328e-03
3.761539775000003242e-04
1.098699498333333222e-03
2.620848543016669405e-02
-1.744385999994188309e-06
6.496523999999905344e-06
-3.283327681000003297e-03
-6.964882982899996133e-02
-1.747357230000013556e-03
-3.085877199999947701e-04
-9.733878590899996963e-02
-8.142159040000174989e-04
-1.744385999994188309e-06
3.960212725095003661e-01
4.324043221667384388e-04
-1.993493731666663824e-04
1.846359986999986840e-03
8.446501715000002269e-03
-6.099499420000002855e-04
2.886902209999821244e-04
-2.048404180000006417e-03
6.496523999999905344e-06
-6.317472891665910570e-04
-4.074880013833352341e-03
-3.211068650000002418e-05
-6.945682169999956718e-04
-8.381594180000000605e-04
9.047326685999999493e-03
-4.647182839999945063e-04
-3.367786290000001227e-04
-3.283327681000003297e-03
-9.393436683333329391e-05
-3.249579844999997652e-04
-1.319308191633336742e-02
9.434047311483333143e-02
1.891435990333335641e-03
3.069572780000004702e-04
-4.263627697170001563e-01
1.288691465799992816e-02
1.660726123000024401e-03
-3.363013512880001499e-01
1.676636978799994279e-02
7.025349850000193672e-04
-2.021827438333324411e-03
-5.235995079166664776e-03
1.183214621666665037e-04
-1.895503067700008912e-02
-9.149696716000004643e-03
1.678214463000002191e-03
-1.700811938500007212e-02
-1.276268097600000498e-02
8.266318730000023467e-04
3.069598680000000415e-04
1.919720503333333377e-04
3.592191068333327932e-04
8.311881937000034984e-03
-1.654652645300000099e-02
6.612047409000005108e-03
8.549386199000030828e-03
-1.512034496500000089e-02
5.795171309999997897e-03
-4.263627697170001563e-01
-1.895503067700008912e-02
8.311881937000034984e-03
9.993784813030036629e-01
-1.206440285366662361e-02
-5.427134372333285856e-03
-8.676146838950009599e-01
-4.657940594500191434e-03
1.900985031000057774e-03
1.288691465799992816e-02
-9.149696716000004643e-03
-1.654652645300000099e-02
1.381558077566676784e-02
-1.474074115171669364e-01
-5.877578692888889116e-03
-2.646555286000177188e-03
1.250560248700000321e-01
7.473735519999991648e-04
1.660726123000024401e-03
1.678214463000002191e-03
6.612047409000005108e-03
-8.434616004666677450e-03
-5.869930238333334604e-03
-1.526581310303336270e-01
-1.827860250999943864e-03
2.266473631999999395e-03
1.083532720779999542e-01
-3.363013512880001499e-01
-1.700811938500007212e-02
8.549386199000030828e-03
-8.676146838950009599e-01
-2.646555286000177188e-03
-1.827860250999943864e-03
9.520538624163352726e-01
-1.181613520066649055e-02
5.332619719666619081e-03
1.676636978799994279e-02
-1.276268097600000498e-02
-1.512034496500000089e-02
-4.657940594500191434e-03
1.250560248700000321e-01
2.266473631999999395e-03
1.339172735900022622e-02
-1.364816591948335989e-01
6.250451575722221383e-03
7.025349850000193672e-04
8.266318730000023467e-04
5.795171309999997897e-03
1.900985031000057774e-03
7.473735519999991648e-04
1.083532720779999542e-01
8.341441210000010223e-03
6.622247990000002492e-03
-1.386723924800001007e-01
9.592027257893354086e-01
-5.875240139666620606e-03
1.041146536433332041e-02
-8.832063796120007693e-01
6.366995502499800744e-03
-7.982411979999376158e-04
-4.722818708899999274e-02
1.950081189049998262e-02
2.195549104999999779e-03
5.875290027333420276e-03
-1.273703677603335582e-01
-1.422786799944443688e-03
1.159567663999814136e-03
1.250452361290000369e-01
8.491447999999867204e-05
1.032404379199998966e-02
-1.126450591099999697e-02
-4.058695430000001068e-04
3.969651908666698564e-03
-1.322791817833332984e-03
-1.192798508213330638e-01
-1.836045049999390820e-04
1.475007676999998563e-03
1.065234317479999832e-01
1.883273019300000378e-02
-1.838560393800000095e-02
-2.127989563799999317e-02
-8.832063796120007693e-01
1.159567663999814136e-03
-1.836045049999390820e-04
9.638259536063353838e-01
5.742828333538566909e-06
-1.039884138100000306e-02
-3.863680081549999423e-01
8.398419696999927242e-03
4.550773612000020250e-03
6.366995502499800744e-03
1.250452361290000369e-01
1.475007676999998563e-03
-5.672079333128077914e-06
-1.534748607003336707e-01
-1.001097233333524533e-05
1.258264644799992477e-02
-7.739385811999994688e-03
1.487838605000001277e-03
-7.982411979999376158e-04
8.491447999999867204e-05
1.065234317479999832e-01
-3.959471576333380323e-03
5.583229446666659488e-04
-1.433502326690001272e-01
2.063634957900003022e-02
-1.791374841500000328e-02
-1.740583440299999646e-02
-4.722818708899999274e-02
1.032404379199998966e-02
1.883273019300000378e-02
-3.863680081549999423e-01
1.258264644799992477e-02
2.063634957900003022e-02
1.112819727806666492e-01
1.900368468000020183e-03
-1.160749736666667428e-04
1.950081189049998262e-02
-1.126450591099999697e-02
-1.838560393800000095e-02
8.398419696999927242e-03
-7.739385811999994688e-03
-1.791374841500000328e-02
2.390685200001992064e-05
2.745852912500003091e-03
-1.726583031666666969e-04
2.195549104999999779e-03
-4.058695430000001068e-04
-2.127989563799999317e-02
4.550773612000020250e-03
1.487838605000001277e-03
-1.740583440299999646e-02
-2.323386461666670318e-04
-1.989125986666666780e-04
-5.378231441333332537e-03
3.694201401775005222e-01
1.704414235500025746e-03
4.823033411666665391e-04
-1.084277638059999715e-01
8.609573539999808896e-04
1.868255610000071378e-04
1.867462031200000858e-02
-8.833143999996844505e-06
2.906075700000013929e-05
-9.224997913333095540e-04
-9.576978972666677983e-03
1.939748676666666204e-04
6.491898049999806231e-04
-2.770977091999998754e-03
-1.558218059999995418e-04
-3.503182889999975603e-04
5.357950863000000667e-03
-1.065109318999999657e-03
3.793136508333342120e-04
-9.356765316666664802e-05
-1.647710644933335355e-02
6.145617020000062073e-04
-3.105140839999994090e-04
4.422245374999991992e-03
6.556595099999952027e-05
-1.105850989999993596e-04
1.385216635500000418e-02
-1.084277638059999715e-01
6.491898049999806231e-04
6.145617020000062073e-04
1.331595323669999831e-01
1.129463298166688643e-03
-3.613280461666666882e-04
-3.217897917099999394e-01
4.041554135999942364e-03
1.011866000000195338e-04
8.609573539999808896e-04
-2.770977091999998754e-03
-3.105140839999994090e-04
-8.243832456666479788e-04
2.168331786599998409e-02
1.238756461666666304e-04
2.917791441999944332e-03
-4.783336470999996828e-03
-1.009265553000000685e-03
1.868255610000071378e-04
-1.558218059999995418e-04
4.422245374999991992e-03
-2.437059878333334008e-04
-6.130960590000000213e-04
1.711744312533332313e-02
2.704658988000023349e-03
-2.834978568000000049e-03
-4.522354100000001466e-03
1.867462031200000858e-02
-3.503182889999975603e-04
6.556595099999952027e-05
-3.217897917099999394e-01
2.917791441999944332e-03
2.704658988000023349e-03
1.113779151825000230e-01
1.898812027166687242e-03
-1.225035645000000916e-04
-8.833143999996844505e-06
5.357950863000000667e-03
-1.105850989999993596e-04
4.041554135999942364e-03
-4.783336470999996828e-03
-2.834978568000000049e-03
2.573566300002022076e-05
1.279217111666668127e-03
-1.983743293333333315e-04
2.906075700000013929e-05
-1.065109318999999657e-03
1.385216635500000418e-02
1.011866000000195338e-04
-1.009265553000000685e-03
-4.522354100000001466e-03
-2.478372783333335867e-04
-1.989124273333333606e-04
-7.800029452000004256e-03
1.901728695518331569e-01
2.552223445000113529e-04
4.002377916666667210e-05
2.057300016800001422e-02
7.309627130000044548e-04
2.458568379999992253e-04
2.473129587800000639e-02
-3.043470289999959319e-04
-2.969777660000007063e-04
4.629793666677888744e-06
6.868163458999993441e-03
-6.345251666666641028e-07
5.995396670000045520e-04
-3.518348758000000142e-03
-9.911321999999947116e-05
-1.361636599999587590e-05
2.234664562000002880e-03
-1.166427106000000056e-03
1.193138489999999967e-04
-1.999555433333332597e-05
-9.284329389166665059e-03
6.092786789999986860e-04
-3.401916859999994233e-04
5.412772779000004850e-03
2.457904499999905750e-05
-2.388064399999955621e-05
9.165738047000004246e-03
2.057300016800001422e-02
5.995396670000045520e-04
6.092786789999986860e-04
9.435135327249993820e-02
1.854477036666810367e-04
-8.957657233333337948e-05
-2.835714542860000575e-01
1.118338149999947764e-03
2.200338800001760874e-05
7.309627130000044548e-04
-3.518348758000000142e-03
-3.401916859999994233e-04
1.161532065000139445e-04
1.726912839250001330e-02
8.349809666666651559e-06
9.950790909999474368e-04
-3.392958710000001346e-04
-1.150951407000000426e-03
2.458568379999992253e-04
-9.911321999999947116e-05
5.412772779000004850e-03
-2.406269646666665579e-04
-1.443349230000000837e-04
4.127314767166661777e-03
1.695471520000176968e-04
-4.429792579999998654e-04
1.752413153999996757e-03
2.473129587800000639e-02
-1.361636599999587590e-05
2.457904499999905750e-05
-2.835714542860000575e-01
9.950790909999474368e-04
1.695471520000176968e-04
1.466279356216666496e-01
-4.001124649997137494e-05
-1.224445296666666551e-04
-3.043470289999959319e-04
2.234664562000002880e-03
-2.388064399999955621e-05
1.118338149999947764e-03
-3.392958710000001346e-04
-4.429792579999998654e-04
2.587069333336194625e-05
-9.090118201333336617e-03
4.755956666666642889e-06
-2.969777660000007063e-04
-1.166427106000000056e-03
9.165738047000004246e-03
2.200338800001760874e-05
-1.150951407000000426e-03
1.752413153999996757e-03
-6.695664183333338950e-05
3.585742333333320136e-06
-1.533702881933335718e-02
1.513703034020000004e-01
-1.464110266665774186e-05
6.163690100000003601e-05
4.198999569700003626e-02
2.893693311000007998e-03
1.518474645999996243e-03
3.644670495699999652e-02
-2.032664999999932469e-04
6.623190399999857988e-05
1.888865883334227177e-05
5.516351434833329133e-03
-3.585332333333330417e-06
2.311240027000012031e-03
-1.164725019599999363e-02
-1.010386062999999368e-03
-2.106566979999934810e-04
3.234984979999992825e-04
-1.129659115999999625e-03
3.848534983333337146e-05
-1.922658833333330217e-06
-1.017689383183333594e-02
1.365027425999995473e-03
-1.834531573999998496e-03
-3.484925971000001153e-03
3.273603099999981207e-04
9.317121030000002522e-04
8.842786014999997821e-03
4.198999569700003626e-02
2.311240027000012031e-03
1.365027425999995473e-03
-4.130205012966672862e-02
-1.060115670000115836e-04
-1.630283656666667172e-04
-2.084329567679999995e-01
1.027565303099997086e-02
-9.311719979999883746e-04
2.893693311000007998e-03
-1.164725019599999363e-02
-1.834531573999998496e-03
1.008879914999881081e-04
2.272430823716667728e-02
1.507175749999996850e-05
9.561424784999959792e-03
-9.662130309999997571e-03
-1.472857639000001075e-03
1.518474645999996243e-03
-1.010386062999999368e-03
-3.484925971000001153e-03
-1.760871450000000540e-04
1.635070366666663310e-05
2.124260552050003664e-02
9.035436622000011381e-03
-7.996054112999997215e-03
-1.272987468700000242e-02
3.644670495699999652e-02
-2.106566979999934810e-04
3.273603099999981207e-04
-2.084329567679999995e-01
9.561424784999959792e-03
9.035436622000011381e-03
2.012323048405000592e-01
-4.001960233329396403e-05
-1.224665566666667039e-04
-2.032664999999932469e-04
3.234984979999992825e-04
9.317121030000002522e-04
1.027565303099997086e-02
-9.662130309999997571e-03
-7.996054112999997215e-03
2.776675966670602046e-05
-1.303928348516667293e-02
5.715993333333310271e-06
6.623190399999857988e-05
-1.129659115999999625e-03
8.842786014999997821e-03
-9.311719979999883746e-04
-1.472857639000001075e-03
-1.272987468700000242e-02
-6.699719866666669070e-05
3.913637999999987177e-06
-1.969185651033334220e-02
1.878734074766666984e-01
-2.639063583332168286e-05
7.993901883333336578e-05
5.722144524500001606e-02
1.017011575900001429e-02
1.262959796999993910e-03
3.827788150100000508e-02
2.999552830000051275e-04
-2.604311600000100475e-05
1.488031733334498863e-05
-2.425321470166664963e-03
-4.217317166666664121e-06
9.296438150000011294e-03
-6.372797499999847059e-05
-6.957729030000002870e-04
2.420561300000498701e-05
1.078602351700001100e-02
-9.404982319999995134e-04
4.888515916666670075e-05
-2.226905999999997852e-06
-1.643170279683333138e-02
9.253064025999997375e-03
-7.993968205999997176e-03
-1.123561233999998982e-03
2.458154399999867056e-05
9.317161670000002763e-04
1.944835835000000707e-02
5.722144524500001606e-02
9.296438150000011294e-03
9.253064025999997375e-03
-5.733278000600010305e-02
1.911050764166649738e-03
-1.017282355000000339e-04
-3.534835665599998095e-02
1.496754229899999872e-02
-2.736790144999996614e-03
1.017011575900001429e-02
-6.372797499999847059e-05
-7.993968205999997176e-03
-8.404257866668182525e-05
2.468627218283332356e-02
-1.054689135000000231e-04
1.441754349499998859e-02
-1.911892157399998696e-02
-2.153630684000001731e-03
1.262959796999993910e-03
-6.957729030000002870e-04
-1.123561233999998982e-03
-2.527592121666667464e-04
-1.314676816666670217e-05
2.020322862800000979e-02
1.400917294500000042e-02
-1.287449306199999789e-02
-1.807940430800000775e-02
3.827788150100000508e-02
2.420561300000498701e-05
2.458154399999867056e-05
-3.534835665599998095e-02
1.441754349499998859e-02
1.400917294500000042e-02
2.139498833660001265e-01
-3.542722466662422403e-05
-1.226931168333333445e-04
2.999552830000051275e-04
1.078602351700001100e-02
9.317161670000002763e-04
1.496754229899999872e-02
-1.911892157399998696e-02
-1.287449306199999789e-02
2.541216900004244204e-05
-1.713760288450001668e-02
5.716078666666645112e-06
-2.604311600000100475e-05
-9.404982319999995134e-04
1.944835835000000707e-02
-2.736790144999996614e-03
-2.153630684000001731e-03
-1.807940430800000775e-02
-6.695312183333334654e-05
3.913768333333320932e-06
-2.242476067283335345e-02
2.139498833660001265e-01
-3.542722466665252848e-05
1.226931168333333445e-04
3.518717230999999362e-02
1.594432339000001128e-02
3.306709589999968493e-04
3.419278796099999712e-02
1.043684930000043329e-04
-9.572159000000595409e-06
2.541216900001414436e-05
-1.713760288450001668e-02
-5.716078666666660359e-06
1.426930261200000556e-02
-4.852283476999993093e-03
-4.805576670000004792e-04
6.310987400000422757e-05
1.078604198500000486e-02
-9.287172739999994663e-04
6.695312183333334654e-05
-3.913768333333329402e-06
-2.242476067283335345e-02
1.409424598299998874e-02
-1.294244022199999775e-02
-3.431079778000001301e-03
1.279337099999908947e-05
8.361765390000003382e-04
2.171449127899998874e-02
3.518717230999999362e-02
1.426930261200000556e-02
1.409424598299998874e-02
-5.733278000600010305e-02
1.911050764166659930e-03
1.017282355000000474e-04
4.960146141700001732e-02
9.974497035000005202e-03
-8.128994760000040178e-04
1.594432339000001128e-02
-4.852283476999993093e-03
-1.294244022199999775e-02
-8.404257866667178283e-05
2.468627218283332356e-02
1.054689135000000096e-04
9.246330149000010767e-03
-1.363268833899998478e-02
-1.392583919000000637e-03
3.306709589999968493e-04
-4.805576670000004792e-04
-3.431079778000001301e-03
2.527592121666667464e-04
1.314676816666667168e-05
2.020322862800000979e-02
9.241112110999994897e-03
-8.091611103999999874e-03
-1.570600901000000077e-02
3.419278796099999712e-02
6.310987400000422757e-05
1.279337099999908947e-05
4.960146141700001732e-02
9.246330149000010767e-03
9.241112110999994897e-03
1.878734074766666984e-01
-2.639063583329837929e-05
-7.993901883333336578e-05
1.043684930000043329e-04
1.078604198500000486e-02
8.361765390000003382e-04
9.974497035000005202e-03
-1.363268833899998478e-02
-8.091611103999999874e-03
1.488031733336829220e-05
-2.425321470166664963e-03
4.217317166666654804e-06
-9.572159000000595409e-06
-9.287172739999994663e-04
2.171449127899998874e-02
-8.128994760000040178e-04
-1.392583919000000637e-03
-1.570600901000000077e-02
-4.888515916666670075e-05
2.226905999999991923e-06
-1.643170279683333138e-02
2.012323048405000592e-01
-4.001960233332020172e-05
1.224665566666667039e-04
-4.808728387000007522e-03
5.558957652300001995e-02
4.687507679000003924e-02
2.298789504200000194e-02
-3.178568719999965569e-04
1.210981129999997365e-04
2.776675966667978276e-05
-1.303928348516667293e-02
-5.715993333333325517e-06
9.723172278000000168e-03
2.164338500000016242e-03
4.530760756900002739e-02
-1.543683619999967069e-04
4.523495771000002330e-03
-1.026520491999999285e-03
6.699719866666669070e-05
-3.913637999999995647e-06
-1.969185651033334220e-02
9.393860830000010098e-03
-8.320875456000003528e-03
3.110722326999995884e-03
2.365678239999994181e-04
8.407871480000003424e-04
1.384029285500000019e-02
-4.808728387000007522e-03
9.723172278000000168e-03
9.393860830000010098e-03
-4.130205012966672862e-02
-1.060115670000037503e-04
1.630283656666667172e-04
2.974545425500002213e-02
2.945162784000008444e-03
1.518632195999997060e-03
5.558957652300001995e-02
2.164338500000016242e-03
-8.320875456000003528e-03
1.008879914999959415e-04
2.272430823716667728e-02
-1.507175749999998883e-05
2.001166176000011409e-03
-1.887790632099997992e-02
-1.007627235999999796e-03
4.687507679000003924e-02
4.530760756900002739e-02
3.110722326999995884e-03
1.760871450000000540e-04
-1.635070366666665682e-05
2.124260552050003664e-02
1.449287922999995936e-03
-1.816650454999999649e-03
-1.667516772199999567e-02
2.298789504200000194e-02
-1.543683619999967069e-04
2.365678239999994181e-04
2.974545425500002213e-02
2.001166176000011409e-03
1.449287922999995936e-03
1.513703034020000004e-01
-1.464110266663987963e-05
-6.163690100000003601e-05
-3.178568719999965569e-04
4.523495771000002330e-03
8.407871480000003424e-04
2.945162784000008444e-03
-1.887790632099997992e-02
-1.816650454999999649e-03
1.888865883336013400e-05
5.516351434833329133e-03
3.585332333333322794e-06
1.210981129999997365e-04
-1.026520491999999285e-03
1.384029285500000019e-02
1.518632195999997060e-03
-1.007627235999999796e-03
-1.667516772199999567e-02
-3.848534983333337146e-05
1.922658833333325558e-06
-1.017689383183333594e-02
1.466279356216666496e-01
-4.001124649999044335e-05
1.224445296666666551e-04
-7.243786683999994987e-03
2.684757694999997512e-03
1.876967325000000438e-03
2.772011953099998843e-02
-1.102623039999959349e-04
-2.632462510000008605e-04
2.587069333334287446e-05
-9.090118201333336617e-03
-4.755956666666658136e-06
8.782755389999970632e-04
6.588632342000002619e-03
1.870924003000000793e-03
-1.124721549999955486e-04
4.070074804000001038e-03
-1.826282619999994414e-04
6.695664183333338950e-05
-3.585742333333328182e-06
-1.533702881933335718e-02
9.890436700000012227e-04
-7.864437199999987005e-05
1.027998837299999753e-02
-7.740870000011282363e-07
9.570180260000004562e-04
1.205550444600000416e-02
-7.243786683999994987e-03
8.782755389999970632e-04
9.890436700000012227e-04
9.435135327249993820e-02
1.854477036666716042e-04
8.957657233333337948e-05
1.739434874100001527e-02
7.810112030000050101e-04
2.460957209999990107e-04
2.684757694999997512e-03
6.588632342000002619e-03
-7.864437199999987005e-05
1.161532065000044984e-04
1.726912839250001330e-02
-8.349809666666663417e-06
6.340982630000054944e-04
-1.095885422399998574e-02
-9.635474799999941609e-05
1.876967325000000438e-03
1.870924003000000793e-03
1.027998837299999753e-02
2.406269646666665850e-04
1.443349230000000565e-04
4.127314767166661777e-03
6.139958479999984469e-04
-3.105152469999992613e-04
-9.474120369999997592e-04
2.772011953099998843e-02
-1.124721549999955486e-04
-7.740870000011282363e-07
1.739434874100001527e-02
6.340982630000054944e-04
6.139958479999984469e-04
1.901728695518331569e-01
2.552223445000337959e-04
-4.002377916666667210e-05
-1.102623039999959349e-04
4.070074804000001038e-03
9.570180260000004562e-04
7.810112030000050101e-04
-1.095885422399998574e-02
-3.105152469999992613e-04
4.629793666700336812e-06
6.868163458999993441e-03
6.345251666666592324e-07
-2.632462510000008605e-04
-1.826282619999994414e-04
1.205550444600000416e-02
2.460957209999990107e-04
-9.635474799999941609e-05
-9.474120369999997592e-04
-1.193138489999999967e-04
1.999555433333331241e-05
-9.284329389166665059e-03
1.113779151825000230e-01
1.898812027166673798e-03
1.225035645000001187e-04
-2.275185955000001356e-02
3.976746488999997366e-03
8.558632030000012502e-04
5.906108143000004390e-03
1.597484450000008808e-04
2.987697560000001761e-04
2.573566300000673600e-05
1.279217111666667911e-03
1.983743293333333044e-04
2.994579468999997076e-03
-3.148559246999996404e-03
8.933699910000003543e-04
-7.758837909999991142e-04
1.306747311999999000e-03
1.406312240000008964e-04
2.478372783333336409e-04
1.989124273333333335e-04
-7.800029452000004256e-03
3.112513850000001286e-03
-2.552656966999998240e-03
5.625365200000106573e-05
-2.822483159999997389e-04
8.280342150000005036e-04
1.421839136000000413e-02
-2.275185955000001356e-02
2.994579468999997076e-03
3.112513850000001286e-03
1.331595323669999831e-01
1.129463298166674982e-03
3.613280461666666882e-04
-1.050987971959999601e-01
8.608624459999824957e-04
1.870638950000065690e-04
3.976746488999997366e-03
-3.148559246999996404e-03
-2.552656966999998240e-03
-8.243832456666616397e-04
2.168331786599998409e-02
-1.238756461666666575e-04
6.447406199999824354e-04
-1.004053897599999773e-02
-1.558216049999994234e-04
8.558632030000012502e-04
8.933699910000003543e-04
5.625365200000106573e-05
2.437059878333334821e-04
6.130960590000000213e-04
1.711744312533332313e-02
6.142941000000058183e-04
-3.105141479999993159e-04
-6.792290720000018246e-04
5.906108143000004390e-03
-7.758837909999991142e-04
-2.822483159999997389e-04
-1.050987971959999601e-01
6.447406199999824354e-04
6.142941000000058183e-04
3.694201401775005222e-01
1.704414235500072150e-03
-4.823033411666664849e-04
1.597484450000008808e-04
1.306747311999999000e-03
8.280342150000005036e-04
8.608624459999824957e-04
-1.004053897599999773e-02
-3.105141479999993159e-04
-9.224997913332631501e-04
-9.576978972666677983e-03
-1.939748676666666746e-04
2.987697560000001761e-04
1.406312240000008964e-04
1.421839136000000413e-02
1.870638950000065690e-04
-1.558216049999994234e-04
-6.792290720000018246e-04
-3.793136508333342120e-04
9.356765316666660736e-05
-1.647710644933335355e-02
1.112819727806666492e-01
1.900368468000006739e-03
1.160749736666667563e-04
-3.969739612050001698e-01
1.027207578949999034e-01
8.041023931499999278e-02
-3.068258705170001654e-01
1.371851638699994082e-02
-8.062932292999978531e-03
2.390685200000662900e-05
2.745852912500002657e-03
1.726583031666666698e-04
-6.947399227000065382e-03
-7.003793111999974744e-03
8.266596237800000191e-02
-5.225963546000049996e-03
-2.145167858099999991e-02
-5.860518159000001857e-03
2.323386461666670589e-04
1.989125986666666508e-04
-5.378231441333332537e-03
2.763610532400001887e-02
-2.234271591800000498e-02
2.023500352999992643e-03
3.296453513500002819e-02
-2.832806146000000150e-02
-6.392464438999993087e-03
-3.969739612050001698e-01
-6.947399227000065382e-03
2.763610532400001887e-02
9.638259536063353838e-01
5.742828333401737207e-06
1.039884138100000306e-02
-8.822320646820008827e-01
1.496483494998175157e-04
3.046439900000603952e-04
1.027207578949999034e-01
-7.003793111999974744e-03
-2.234271591800000498e-02
-5.672079333264907617e-06
-1.534748607003336707e-01
1.001097233333397139e-05
6.037755445999832236e-03
1.211169977440000184e-01
4.531146779999984417e-04
8.041023931499999278e-02
8.266596237800000191e-02
2.023500352999992643e-03
3.959471576333380323e-03
-5.583229446666664909e-04
-1.433502326690001272e-01
4.704716605000052940e-03
-4.514858497000001115e-03
9.962636719099995930e-02
-3.068258705170001654e-01
-5.225963546000049996e-03
3.296453513500002819e-02
-8.822320646820008827e-01
6.037755445999832236e-03
4.704716605000052940e-03
9.592027257893354086e-01
-5.875240139666487900e-03
-1.041146536433332041e-02
1.371851638699994082e-02
-2.145167858099999991e-02
-2.832806146000000150e-02
1.496483494998175157e-04
1.211169977440000184e-01
-4.514858497000001115e-03
5.875290027333552982e-03
-1.273703677603335582e-01
1.422786799944442387e-03
-8.062932292999978531e-03
-5.860518159000001857e-03
-6.392464438999993087e-03
3.046439900000603952e-04
4.531146779999984417e-04
9.962636719099995930e-02
-3.969651908666698564e-03
1.322791817833332551e-03
-1.192798508213330638e-01
9.455237935996682053e-01
-5.232433738333293685e-03
6.725983893333618282e-04
-9.078341571170008839e-01
2.011180187999807994e-03
2.576897300006355415e-05
-7.121536116699994645e-02
3.155550858249996787e-02
3.333658863000000649e-03
6.323350517666750763e-03
-1.360752364276669180e-01
-3.049890478599999455e-03
-2.478184863000188701e-03
1.299015681640000308e-01
-6.903137510000005930e-04
1.371113814599998759e-02
-2.026914180599998991e-02
2.657096099999973931e-05
-9.906130623333390083e-04
-1.312623961499999803e-03
-1.372283581073333592e-01
2.382898563000055477e-03
-8.233508030000005144e-04
1.193411832610000167e-01
2.286983731000001227e-02
-1.956846972000000212e-02
-3.108419686599997803e-02
-9.078341571170008839e-01
-2.478184863000188701e-03
2.382898563000055477e-03
9.532548268223350885e-01
-2.580589371666490439e-03
2.810103166666676981e-03
-2.658808211939999167e-01
2.618480949849995298e-02
4.348773406000012477e-03
2.011180187999807994e-03
1.299015681640000308e-01
-8.233508030000005144e-04
2.987082069333554801e-03
-1.510821536655002628e-01
1.767762238433333603e-03
1.843979296199995538e-02
-2.352389715599998571e-02
6.096609289999999071e-04
2.576897300006355415e-05
-6.903137510000005930e-04
1.193411832610000167e-01
-8.227880203333357879e-04
3.049565649999984865e-05
-1.546546826623335924e-01
2.191620554500002191e-02
-1.738429999299999709e-02
-2.104258897200000575e-02
-7.121536116699994645e-02
1.371113814599998759e-02
2.286983731000001227e-02
-2.658808211939999167e-01
1.843979296199995538e-02
2.191620554500002191e-02
5.645646092866660887e-02
-1.117553522166655263e-03
7.581592633333331425e-05
3.155550858249996787e-02
-2.026914180599998991e-02
-1.956846972000000212e-02
2.618480949849995298e-02
-2.352389715599998571e-02
-1.738429999299999709e-02
7.202358761666780062e-04
-4.810875004999996991e-03
3.604944161904765265e-05
3.333658863000000649e-03
2.657096099999973931e-05
-3.108419686599997803e-02
4.348773406000012477e-03
6.096609289999999071e-04
-2.104258897200000575e-02
-7.507351950000008345e-05
1.850949103333333055e-04
1.135954188833331133e-03
3.418643153425003356e-01
6.174352591666877306e-04
1.290436368333333183e-04
-9.965542983299999213e-02
9.104063689999831272e-04
2.925113990000055802e-04
2.174343104500001123e-02
1.161474977000003699e-03
-3.760201670000009808e-04
-1.088664054499979654e-03
-1.518840561283335035e-02
-1.706549238333333288e-04
-9.645191600001665709e-05
-8.717745808999999638e-03
2.813477050000001527e-04
-3.568368499999970069e-04
5.480821473999995808e-03
6.146888299999990219e-05
2.265561558333335865e-04
-1.710048386666666496e-04
-1.142201007400001946e-02
2.129711970000057225e-04
-1.625383799999989234e-05
-6.791136750000001041e-03
-9.291131010000011885e-04
7.483375219999992842e-04
5.576104655999994907e-03
-9.965542983299999213e-02
-9.645191600001665709e-05
2.129711970000057225e-04
1.237231212469999952e-01
8.359750476666862225e-04
-8.276623224999999631e-04
-4.162300203409997623e-01
2.413089851999922642e-03
-6.785223189999734427e-04
9.104063689999831272e-04
-8.717745808999999638e-03
-1.625383799999989234e-05
-1.718657307833322155e-03
1.993838514766664918e-02
-5.349685828333333856e-04
2.378218224999921991e-03
1.384653492300001038e-02
1.433763089999999757e-04
2.925113990000055802e-04
2.813477050000001527e-04
-6.791136750000001041e-03
-6.246719180000004888e-04
-1.421832208333334623e-04
2.441563820350001190e-02
-3.882714759999736321e-04
1.718053160000000375e-04
1.761644780000001104e-02
2.174343104500001123e-02
-3.568368499999970069e-04
-9.291131010000011885e-04
-4.162300203409997623e-01
2.378218224999921991e-03
-3.882714759999736321e-04
6.648020182749996010e-02
-9.020959224999876421e-04
7.580832083333327890e-05
1.161474977000003699e-03
5.480821473999995808e-03
7.483375219999992842e-04
2.413089851999922642e-03
1.384653492300001038e-02
1.718053160000000375e-04
7.202546261666798464e-04
-4.853300737499997332e-03
1.549247616190476643e-04
-3.760201670000009808e-04
6.146888299999990219e-05
5.576104655999994907e-03
-6.785223189999734427e-04
1.433763089999999757e-04
1.761644780000001104e-02
-1.695215451666668338e-04
3.039702413333334493e-04
-1.900906216666662155e-04
1.116141730406666061e-01
-2.924743483332641278e-05
5.157785550000002834e-05
1.097352656200002198e-02
4.070365360000038728e-04
1.626169119999987440e-04
3.082047063999997921e-02
7.856418360000063175e-04
-2.701450570000017335e-04
2.926265800000694430e-05
-1.584564667000003301e-03
-1.105612349999999833e-05
-3.954110209999961477e-04
-1.078180253899998879e-02
1.810252420000002212e-04
-1.746311969999941058e-04
-1.144570600000000341e-03
-2.361030889999999824e-04
-2.987761666666656404e-07
-2.272000000000018624e-09
-1.265883301166668409e-03
3.036060999999988345e-04
2.083234000000220128e-06
-7.682540892999999323e-03
-8.317220620000022628e-04
8.355158229999999631e-04
-3.237966999999311679e-06
1.097352656200002198e-02
-3.954110209999961477e-04
3.036060999999988345e-04
4.641860535666659376e-02
9.591771783333934306e-05
-2.170739690000000313e-04
-3.200638894839999415e-01
5.286481489999397170e-04
-5.034503629999796974e-04
4.070365360000038728e-04
-1.078180253899998879e-02
2.083234000000220128e-06
4.187084050000584770e-05
1.383707304883333850e-02
4.170082649999995401e-05
1.966014676999939485e-03
9.381479462999995841e-03
-8.798067010000002472e-04
1.626169119999987440e-04
1.810252420000002212e-04
-7.682540892999999323e-03
-1.271022356666664697e-04
2.238342966666664511e-05
1.198459369583335273e-02
-9.379670999998013540e-05
-3.141842000000016124e-05
7.883103748000001160e-03
3.082047063999997921e-02
-1.746311969999941058e-04
-8.317220620000022628e-04
-3.200638894839999415e-01
1.966014676999939485e-03
-9.379670999998013540e-05
9.187926637350003756e-02
-9.020286958333136344e-04
7.584807516666658834e-05
7.856418360000063175e-04
-1.144570600000000341e-03
8.355158229999999631e-04
5.286481489999397170e-04
9.381479462999995841e-03
-3.141842000000016124e-05
7.203297923333541134e-04
-1.995298182900001951e-02
1.549255036190476267e-04
-2.701450570000017335e-04
-2.361030889999999824e-04
-3.237966999999311679e-06
-5.034503629999796974e-04
-8.798067010000002472e-04
7.883103748000001160e-03
-1.693953416666670996e-04
3.058772716666667817e-04
-1.271008195416667430e-02
1.065496480279998770e-01
-4.827375299999317964e-05
6.452871716666682160e-05
3.133037599900000830e-02
2.717412586000008713e-03
-7.750678030000026980e-04
3.983513533299998938e-02
6.993365840000076959e-04
2.770914089999974243e-04
3.434741383334031210e-05
-6.222782295499984344e-03
-1.164601749999999611e-05
-8.755243699999910693e-04
-1.353852495399998461e-02
-4.995912699999987259e-05
9.154033500000766815e-05
-1.985309982999999747e-03
3.111034860000000835e-04
1.521360966666669755e-05
-2.058499999999068465e-09
-3.542328067500009892e-03
-8.182369730000027975e-04
1.080698089999999802e-03
-8.775919752000000545e-03
-8.317683910000027566e-04
3.385964579999999405e-04
-7.950457739999993757e-04
3.133037599900000830e-02
-8.755243699999910693e-04
-8.182369730000027975e-04
-4.440734776616675483e-02
-4.154611300001201509e-05
-2.232333766666667787e-04
-2.356525676770000743e-01
4.389000099999957639e-03
8.315910830000132351e-04
2.717412586000008713e-03
-1.353852495399998461e-02
1.080698089999999802e-03
5.475482499998781766e-05
2.114425072216669782e-02
9.273778533333333380e-05
-3.110162230000412895e-04
-1.134025179699999636e-02
-3.048969999999957359e-05
-7.750678030000026980e-04
-4.995912699999987259e-05
-8.775919752000000545e-03
-2.914637076666669086e-04
8.176470233333329465e-05
2.038283661666669480e-02
-8.176693399999864246e-04
5.438933269999999317e-04
-6.349310444000001198e-03
3.983513533299998938e-02
9.154033500000766815e-05
-8.317683910000027566e-04
-2.356525676770000743e-01
-3.110162230000412895e-04
-8.176693399999864246e-04
1.182786671118332550e-01
1.706674173333586780e-04
-6.688142000000002821e-05
6.993365840000076959e-04
-1.985309982999999747e-03
3.385964579999999405e-04
4.389000099999957639e-03
-1.134025179699999636e-02
5.438933269999999317e-04
4.174165933335940651e-05
-2.360745499716668597e-02
-2.691240571428572730e-05
2.770914089999974243e-04
3.111034860000000835e-04
-7.950457739999993757e-04
8.315910830000132351e-04
-3.048969999999957359e-05
-6.349310444000001198e-03
-1.587058913333337260e-04
1.240391871666667370e-04
-1.600709759766666754e-02
1.133446464913332868e-01
-3.770073199999236715e-05
1.031990711666668376e-04
3.734131899599999610e-02
3.369670869000006459e-03
2.059730882999996106e-03
3.777170384399999858e-02
3.474068250000061637e-04
-3.472615600000175434e-05
3.273180750000769218e-05
-1.216152925700000713e-02
-6.020119166666663670e-06
-1.904858348999993343e-03
1.159908085999999299e-03
8.127699399999999000e-04
1.621131330000058902e-04
4.770432264999999172e-03
-1.616312354999999189e-03
6.433040983333345093e-05
-2.858878166666664116e-06
-7.358890976666671024e-03
1.345920689999975846e-04
8.146143999999977143e-05
-5.378874848999999278e-03
-8.317288980000021609e-04
8.645130529999995933e-04
4.620891820999998255e-03
3.734131899599999610e-02
-1.904858348999993343e-03
1.345920689999975846e-04
-5.820181536083344348e-02
-2.998038016668180009e-05
-1.039976976666667210e-04
-7.029991464000000245e-02
1.403731495999988987e-03
1.694994832000002545e-03
3.369670869000006459e-03
1.159908085999999299e-03
8.146143999999977143e-05
-1.252505266666819001e-04
2.436508681700001386e-02
3.057300589333333536e-04
-2.747336680000101112e-04
-1.602988826799999281e-02
-7.358655719999998178e-04
2.059730882999996106e-03
8.127699399999999000e-04
-5.378874848999999278e-03
-6.250144709999987851e-04
6.240852199999989572e-05
2.256139818850001061e-02
-7.175846799999750628e-05
2.330011260999999279e-03
-1.789365807299999819e-02
3.777170384399999858e-02
1.621131330000058902e-04
-8.317288980000021609e-04
-7.029991464000000245e-02
-2.747336680000101112e-04
-7.175846799999750628e-05
1.194090590758332127e-01
-4.479752049997342216e-05
-6.689570500000000431e-05
3.474068250000061637e-04
4.770432264999999172e-03
8.645130529999995933e-04
1.403731495999988987e-03
-1.602988826799999281e-02
2.330011260999999279e-03
3.767520766669322298e-05
-2.519109412266670386e-02
4.124098285714276265e-06
-3.472615600000175434e-05
-1.616312354999999189e-03
4.620891820999998255e-03
1.694994832000002545e-03
-7.358655719999998178e-04
-1.789365807299999819e-02
-6.426794616666670307e-05
2.531327833333322152e-06
-1.845423349466666224e-02
1.194090590758332127e-01
-4.479752049999112854e-05
6.689570500000000431e-05
1.880448567800000609e-02
-1.437213228999996602e-03
2.248225321999997809e-03
3.676957115800000286e-02
-5.884846479999941704e-04
-1.895872020000016723e-04
3.767520766667551660e-05
-2.519109412266670386e-02
-4.124098285714284736e-06
-2.152371277999997300e-03
3.357570573999996231e-03
7.876627349999999446e-04
-6.042123999999419906e-05
4.552689008000000356e-03
-1.016522967000000211e-03
6.426794616666670307e-05
-2.531327833333330199e-06
-1.845423349466666224e-02
1.345568649999980655e-04
1.383206015000000696e-03
-3.823532241999999613e-03
-8.317710680000020345e-04
2.804969299999997864e-04
4.582241293999998744e-03
1.880448567800000609e-02
-2.152371277999997300e-03
1.345568649999980655e-04
-5.820181536083344348e-02
-2.998038016667168651e-05
1.039976976666666804e-04
4.499388842000001665e-02
3.178679006000009744e-03
2.660590779999959699e-04
-1.437213228999996602e-03
3.357570573999996231e-03
1.383206015000000696e-03
-1.252505266666717899e-04
2.436508681700001386e-02
-3.057300589333333536e-04
-3.145652719999900713e-04
-8.147413345999998668e-03
-5.480928810000006233e-04
2.248225321999997809e-03
7.876627349999999446e-04
-3.823532241999999613e-03
6.250144709999987851e-04
-6.240852199999996348e-05
2.256139818850001061e-02
1.712908085999996586e-03
-1.875894060999999235e-03
-1.706782009000000142e-02
3.676957115800000286e-02
-6.042123999999419906e-05
-8.317710680000020345e-04
4.499388842000001665e-02
-3.145652719999900713e-04
1.712908085999996586e-03
1.133446464913332868e-01
-3.770073199997699180e-05
-1.031990711666668376e-04
-5.884846479999941704e-04
4.552689008000000356e-03
2.804969299999997864e-04
3.178679006000009744e-03
-8.147413345999998668e-03
-1.875894060999999235e-03
3.273180750002306752e-05
-1.216152925700000713e-02
6.020119166666650964e-06
-1.895872020000016723e-04
-1.016522967000000211e-03
4.582241293999998744e-03
2.660590779999959699e-04
-5.480928810000006233e-04
-1.706782009000000142e-02
-6.433040983333345093e-05
2.858878166666656069e-06
-7.358890976666671024e-03
1.182786671118332550e-01
1.706674173333412765e-04
6.688142000000002821e-05
-3.979360434199997326e-02
3.241822180999992010e-03
1.232927990000018197e-04
3.157655647499998941e-02
-4.370851169999944710e-04
-2.175043440000016442e-04
4.174165933334203217e-05
-2.360745499716668597e-02
2.691240571428571714e-05
-1.558135085000008106e-03
4.013220591999998137e-03
8.234962359999996578e-04
-5.049963999999446671e-05
1.299974714000000147e-03
-6.383126599999994601e-05
1.587058913333336989e-04
-1.240391871666667641e-04
-1.600709759766666754e-02
9.667511590000018185e-04
-2.280733499999999261e-04
-5.281860794999999192e-03
-4.500522750000012797e-04
-9.411844860000004092e-04
2.797047910999995914e-03
-3.979360434199997326e-02
-1.558135085000008106e-03
9.667511590000018185e-04
-4.440734776616675483e-02
-4.154611300000398522e-05
2.232333766666667516e-04
3.651079134500002238e-02
2.853900568000009800e-03
-7.750989920000032982e-04
3.241822180999992010e-03
4.013220591999998137e-03
-2.280733499999999261e-04
5.475482499999584753e-05
2.114425072216669782e-02
-9.273778533333336090e-05
-8.616603139999897331e-04
-1.599247608399998605e-02
-4.995887300000013536e-05
1.232927990000018197e-04
8.234962359999996578e-04
-5.281860794999999192e-03
2.914637076666669086e-04
-8.176470233333333530e-05
2.038283661666669480e-02
-8.176904740000036755e-04
1.080698121999999458e-03
-1.655488920699998978e-02
3.157655647499998941e-02
-5.049963999999446671e-05
-4.500522750000012797e-04
3.651079134500002238e-02
-8.616603139999897331e-04
-8.176904740000036755e-04
1.065496480279998770e-01
-4.827375299997936961e-05
-6.452871716666682160e-05
-4.370851169999944710e-04
1.299974714000000147e-03
-9.411844860000004092e-04
2.853900568000009800e-03
-1.599247608399998605e-02
1.080698121999999458e-03
3.434741383335412212e-05
-6.222782295499984344e-03
1.164601749999998764e-05
-2.175043440000016442e-04
-6.383126599999994601e-05
2.797047910999995914e-03
-7.750989920000032982e-04
-4.995887300000013536e-05
-1.655488920699998978e-02
-1.521360966666669755e-05
2.058499999997205241e-09
-3.542328067500009892e-03
9.187926637350003756e-02
-9.020286958333274038e-04
-7.584807516666660190e-05
-4.199800720999997961e-02
3.032530108999990752e-03
2.181334900000003827e-03
2.229156538399999082e-02
-3.282198279999947767e-04
-4.424390860000014828e-04
7.203297923333403440e-04
-1.995298182900001951e-02
-1.549255036190475996e-04
-3.828208020000082581e-04
4.266749959999999869e-03
2.648111847000000386e-03
-3.923985719999954574e-04
-3.088167709000000372e-03
-3.068257709999998913e-04
1.693953416666670725e-04
-3.058772716666668359e-04
-1.271008195416667430e-02
1.445339500000029464e-04
2.424520459999998049e-04
4.279795337999997215e-03
-4.882278870000014291e-04
-9.411954550000002726e-04
-3.739837789999993678e-04
-4.199800720999997961e-02
-3.828208020000082581e-04
1.445339500000029464e-04
4.641860535666659376e-02
9.591771783333535861e-05
2.170739690000000313e-04
8.149179670000004580e-03
5.774885390000039425e-04
1.582851139999989277e-04
3.032530108999990752e-03
4.266749959999999869e-03
2.424520459999998049e-04
4.187084050000185648e-05
1.383707304883333850e-02
-4.170082649999998112e-05
-3.910772889999961717e-04
-1.287944811799999340e-02
1.766734310000002775e-04
2.181334900000003827e-03
2.648111847000000386e-03
4.279795337999997215e-03
1.271022356666664697e-04
-2.238342966666666205e-05
1.198459369583335273e-02
3.041986679999990014e-04
3.980118400000028859e-05
-8.414259339999998963e-03
2.229156538399999082e-02
-3.923985719999954574e-04
-4.882278870000014291e-04
8.149179670000004580e-03
-3.910772889999961717e-04
3.041986679999990014e-04
1.116141730406666061e-01
-2.924743483331255193e-05
-5.157785550000002834e-05
-3.282198279999947767e-04
-3.088167709000000372e-03
-9.411954550000002726e-04
5.774885390000039425e-04
-1.287944811799999340e-02
3.980118400000028859e-05
2.926265800002080515e-05
-1.584564667000003301e-03
1.105612349999999155e-05
-4.424390860000014828e-04
-3.068257709999998913e-04
-3.739837789999993678e-04
1.582851139999989277e-04
1.766734310000002775e-04
-8.414259339999998963e-03
2.987761666666656404e-07
2.272000000000055434e-09
-1.265883301166668409e-03
6.648020182749996010e-02
-9.020959224999963158e-04
-7.580832083333329246e-05
-7.316889275299996720e-02
2.215687183999987594e-03
-1.213154363999995218e-03
7.915242318999999444e-03
-7.471369099999864945e-05
-6.252727730000001228e-04
7.202546261666711728e-04
-4.853300737499997332e-03
-1.549247616190476372e-04
-9.892572600001210746e-05
-5.507896198999997876e-03
-4.618102819999994136e-04
-7.410537699999859807e-05
1.968752362000002285e-03
-6.698204299999979097e-05
1.695215451666668067e-04
-3.039702413333335036e-04
-1.900906216666662155e-04
8.084789300000436705e-05
2.949203529999999468e-04
-8.700122999999981550e-05
-3.960803700000002994e-04
-1.243355559000000176e-03
6.251050936999997740e-03
-7.316889275299996720e-02
-9.892572600001210746e-05
8.084789300000436705e-05
1.237231212469999952e-01
8.359750476666735373e-04
8.276623225000000715e-04
-1.000933217849999807e-01
9.104149839999828558e-04
2.924981220000057777e-04
2.215687183999987594e-03
-5.507896198999997876e-03
2.949203529999999468e-04
-1.718657307833334948e-03
1.993838514766664918e-02
5.349685828333332772e-04
-9.644856000001692106e-05
-7.708581754000013407e-03
2.813465120000003118e-04
-1.213154363999995218e-03
-4.618102819999994136e-04
-8.700122999999981550e-05
6.246719180000004888e-04
1.421832208333333810e-04
2.441563820350001190e-02
2.129522890000058960e-04
-1.625394199999978171e-05
-3.932218467000000647e-03
7.915242318999999444e-03
-7.410537699999859807e-05
-3.960803700000002994e-04
-1.000933217849999807e-01
-9.644856000001692106e-05
2.129522890000058960e-04
3.418643153425003356e-01
6.174352591667314240e-04
-1.290436368333333454e-04
-7.471369099999864945e-05
1.968752362000002285e-03
-1.243355559000000176e-03
9.104149839999828558e-04
-7.708581754000013407e-03
-1.625394199999978171e-05
-1.088664054499935852e-03
-1.518840561283335035e-02
1.706549238333333017e-04
-6.252727730000001228e-04
-6.698204299999979097e-05
6.251050936999997740e-03
2.924981220000057777e-04
2.813465120000003118e-04
-3.932218467000000647e-03
-2.265561558333336137e-04
1.710048386666666225e-04
-1.142201007400001946e-02
5.645646092866660887e-02
-1.117553522166662852e-03
-7.581592633333331425e-05
-4.382803042949998118e-01
3.302671514899990085e-02
7.484494967000024715e-03
-4.510842334599997616e-01
3.453084194699991560e-02
6.340292752000025595e-03
7.202358761666705252e-04
-4.810875004999996991e-03
-3.604944161904764587e-05
2.869885676999923106e-03
-1.201747058499993666e-03
5.914664647000002218e-03
7.376180760999922342e-03
-7.091671695499989110e-03
4.582085527000004030e-03
7.507351950000005635e-05
-1.850949103333333326e-04
1.135954188833331133e-03
2.566191310500003098e-02
-2.040181137650000018e-02
6.945403728500004412e-03
2.863360773000003107e-02
-2.522270458349998301e-02
-2.962731350499998514e-03
-4.382803042949998118e-01
2.869885676999923106e-03
2.566191310500003098e-02
9.532548268223350885e-01
-2.580589371666625748e-03
-2.810103166666677414e-03
-9.038380827280008134e-01
3.216944599981213132e-05
3.796637490000637672e-04
3.302671514899990085e-02
-1.201747058499993666e-03
-2.040181137650000018e-02
2.987082069333419493e-03
-1.510821536655002628e-01
-1.767762238433333386e-03
-2.303972670000185158e-03
1.142159656840000120e-01
-3.967124739999996976e-04
7.484494967000024715e-03
5.914664647000002218e-03
6.945403728500004412e-03
8.227880203333357879e-04
-3.049565649999995030e-05
-1.546546826623335924e-01
2.565114142000055227e-03
-2.694956241999999121e-03
1.133109659620000070e-01
-4.510842334599997616e-01
7.376180760999922342e-03
2.863360773000003107e-02
-9.038380827280008134e-01
-2.303972670000185158e-03
2.565114142000055227e-03
9.455237935996682053e-01
-5.232433738333161846e-03
-6.725983893333621535e-04
3.453084194699991560e-02
-7.091671695499989110e-03
-2.522270458349998301e-02
3.216944599981213132e-05
1.142159656840000120e-01
-2.694956241999999121e-03
6.323350517666882602e-03
-1.360752364276669180e-01
3.049890478599999455e-03
6.340292752000025595e-03
4.582085527000004030e-03
-2.962731350499998514e-03
3.796637490000637672e-04
-3.967124739999996976e-04
1.133109659620000070e-01
9.906130623333387914e-04
1.312623961500000019e-03
-1.372283581073333592e-01
