2.982815506582520279e-04
-6.965479313528039786e-06
7.964196540384033371e-06
-2.982798398052326607e-04
-8.228405478939097416e-06
-9.334374094871895257e-06
7.912435850032373670e-06
2.098910943125547937e-07
-4.085274286265749476e-07
-7.912390466686534368e-06
-2.182727371387032174e-07
-2.476104742746657366e-07
-8.723742959055847096e-06
-2.314124235420540035e-07
2.551404572214939909e-07
8.723692922297087023e-06
2.406534839407095067e-07
2.729993863436125393e-07
-2.982798398052326607e-04
-7.912390466686534368e-06
8.723692922297087023e-06
2.982781289620262989e-04
-6.649556880273602765e-06
-7.353618943722701207e-06
-8.228405478939097416e-06
-2.182727371387032174e-07
2.406534839407095067e-07
8.228358283286807303e-06
2.269890865741724167e-07
4.346133812838657093e-07
-9.334374094871895257e-06
-2.476104742746657366e-07
2.729993863436125393e-07
9.334320555717172483e-06
2.574983761993466181e-07
2.921083773057468939e-07
3.585737497597041887e-05
-2.840130851055125458e-07
1.893754767275240294e-07
-3.585737046741077589e-05
2.594153125821901141e-07
9.285113993188458199e-08
-2.593775902608349849e-07
1.876231441238404403e-09
-3.213172492533817613e-08
2.593775576477578744e-07
-1.876504309040457101e-09
-6.716471837719867126e-10
9.755625051271114449e-08
-7.056820304899351819e-10
2.654188160955049692e-10
-9.755623824638720021e-08
7.057846606611600802e-10
2.526177410788998057e-10
-3.585737046741077589e-05
2.593775576477578744e-07
-9.755623824638720021e-08
3.585736595885168857e-05
-2.840507748090450095e-07
-1.846703544719751878e-07
2.594153125821901141e-07
-1.876504309040457101e-09
7.057846606611600802e-10
-2.594152799643675015e-07
1.876777216654660982e-09
3.209778775896995811e-08
9.285113993188458199e-08
-6.716471837719867126e-10
2.526177410788998057e-10
-9.285112825716240880e-08
6.717448641217163330e-10
2.404340583352694535e-10
1.986524694204169542e-05
-1.471159448979590701e-06
6.697705552550119176e-07
-1.986517568425050351e-05
1.047257929479389388e-06
2.218463329644290668e-07
-1.047274137380169780e-06
5.521114950267283583e-08
-5.341646168508873599e-08
1.047270380747188339e-06
-5.521029503988621979e-08
-1.169549654557440849e-08
2.324055604871978817e-07
-1.225216749586304303e-08
2.718936477487634679e-09
-2.324047268349934402e-07
1.225197787795972033e-08
2.595402992223517977e-09
-1.986517568425050351e-05
1.047270380747188339e-06
-2.324047268349934402e-07
1.986510442671490548e-05
-1.471139484503969633e-06
-6.592105319565996818e-07
1.047257929479389388e-06
-5.521029503988621979e-08
1.225197787795972033e-08
-1.047254172904548712e-06
5.520944059020477839e-08
5.285960973206630613e-08
2.218463329644290668e-07
-1.169549654557440849e-08
2.595402992223517977e-09
-2.218455371887856459e-07
1.169531554284072897e-08
2.477482187570654960e-09
1.070203621755209329e-05
1.447600129852519243e-06
2.641256588946626114e-07
-1.070195848082931168e-05
-1.285386176020408249e-06
7.248940781301246665e-08
1.285064694042466448e-06
1.543062679199376235e-07
1.366971677299776725e-07
-1.285055359676946555e-06
-1.543448704000073140e-07
8.704285500340139717e-09
7.114337883989836086e-08
8.542658845812573918e-09
4.729362010928499849e-10
-7.114286207346196930e-08
-8.544795945108505554e-09
4.818841290704872070e-10
-1.070195848082931168e-05
-1.285055359676946555e-06
-7.114286207346196930e-08
1.070188074467118595e-05
1.447912275129778676e-06
-2.654711613241463637e-07
-1.285386176020408249e-06
-1.543448704000073140e-07
-8.544795945108505554e-09
1.285376839319725670e-06
1.543834825371343116e-07
-1.368609719176162270e-07
7.248940781301246665e-08
8.704285500340139717e-09
4.818841290704872070e-10
-7.248888126938204695e-08
-8.706463033451115176e-09
4.910013513542023786e-10
4.749012938561326090e-05
3.076935467402304271e-07
2.260563637351591808e-07
-4.749017239944614677e-05
2.300587690692588315e-07
-2.058565865073318879e-07
-2.020243866230455733e-07
8.594175951734393579e-10
7.190708107376503769e-10
2.020245696051400930e-07
-9.786766704918943548e-10
8.757198845204793207e-10
-1.689710917894105902e-07
7.188079210864328316e-10
6.012034549036690660e-10
1.689712448337241503e-07
-8.185549689634591922e-10
7.324429860248871870e-10
-4.749017239944614677e-05
2.020245696051400930e-07
1.689712448337241503e-07
4.749021541331799616e-05
2.796589559199903553e-07
-1.891706825641583849e-07
2.300587690692588315e-07
-9.786766704918943548e-10
-8.185549689634591922e-10
-2.300589774432856186e-07
1.114485007948122497e-09
-9.975040744900638059e-10
-2.058565865073318879e-07
8.757198845204793207e-10
7.324429860248871870e-10
2.058567729604114126e-07
-9.972411848388885502e-10
8.923314119506255087e-10
1.741544181410156476e-06
-2.354081602408578526e-08
7.437470537134424144e-09
-1.741544100857718122e-06
4.132542383647383153e-09
-4.702169031676064922e-09
-4.131961473742744946e-09
9.803429517203768695e-12
4.864794642541187454e-09
4.131961282625726639e-09
-9.804807771465011370e-12
1.115629541677289860e-11
-4.707953842440985385e-09
1.117002027208443861e-11
1.272711289135502065e-11
4.707953624681810480e-09
-1.117159065697839699e-11
1.271147467302307512e-11
-1.741544100857718122e-06
4.131961282625726639e-09
4.707953624681810480e-09
1.741544020305287178e-06
-2.354139674284584929e-08
-7.443255565390947263e-09
4.132542383647383153e-09
-9.804807771465011370e-12
-1.117159065697839699e-11
-4.132542192502804841e-09
9.806186223024023121e-12
-4.864782486143570200e-09
-4.702169031676064922e-09
1.115629541677289860e-11
1.271147467302307512e-11
4.702168814184459785e-09
-1.115786387446694722e-11
1.269585568721419731e-11
-5.250565202832114948e-06
3.836170849750791431e-09
-3.102158780906583242e-09
5.250565205618893155e-06
2.321426969691067751e-09
3.041285212445829052e-09
-2.321411817310265065e-09
-1.026356705285733384e-12
1.345080923282853917e-12
2.321411818542537116e-09
1.026363406344055876e-12
1.344631512709340270e-12
3.056893693336135500e-09
1.351532429541320300e-12
-1.779732026198595298e-12
-3.056893694958601055e-09
-1.351541251892855035e-12
-1.770644727048875807e-12
5.250565205618893155e-06
2.321411818542537116e-09
-3.056893694958601055e-09
-5.250565208405673056e-06
3.836155696138363135e-09
3.117767260182694702e-09
2.321426969691067751e-09
1.026363406344055876e-12
-1.351541251892855035e-12
-2.321426970922690879e-09
-1.026370106043578309e-12
-1.338188782383679180e-12
3.041285212445829052e-09
1.344631512709340270e-12
-1.770644727048875807e-12
-3.041285214060023214e-09
-1.344640288645634019e-12
-1.761603824210412558e-12
-4.050103027885993556e-06
3.766291331983232684e-09
-3.091307114879942819e-09
4.050103029846503829e-06
2.391655143329380306e-09
3.057935018617901586e-09
-2.391656683400956487e-09
-1.412315108394804998e-12
1.811286441757107654e-12
2.391656684557368218e-09
1.412314196552457688e-12
1.805764119563368884e-12
3.067441440945463833e-09
1.811377826162319682e-12
-2.323199412721035443e-12
-3.067441442430295632e-09
-1.811376661229526506e-12
-2.315999500578043284e-12
4.050103029846503829e-06
2.391656684557368218e-09
-3.067441442430295632e-09
-4.050103031807017489e-06
3.766292870896463599e-09
3.100813535727250057e-09
2.391655143329380306e-09
1.412314196552457688e-12
-1.811376661229526506e-12
-2.391655144487723917e-09
-1.412313289663790934e-12
-1.805671570851005047e-12
3.057935018617901586e-09
1.805764119563368884e-12
-2.315999500578043284e-12
-3.057935020098156595e-09
-1.805762955256971959e-12
-2.308821898815095011e-12
-3.067067821928141313e-06
2.411075159649905393e-11
-4.382083504521198320e-10
3.067067822764513080e-06
-2.330690426589243007e-11
4.422978840608902191e-10
2.383261663292841384e-11
-1.851918523251351945e-16
-4.224479061090916276e-15
-2.383261663945965747e-11
1.811054416428610442e-16
-3.436870831409925596e-15
4.670565887118475003e-10
-3.629258073578354005e-15
-7.112390991064794085e-14
-4.670565888392095332e-10
3.549201981110175198e-15
-6.735362691576956777e-14
3.067067822764513080e-06
-2.383261663945965747e-11
-4.670565888392095332e-10
-3.067067823600889082e-06
2.358503923581488345e-11
4.629670549824620307e-10
-2.330690426589243007e-11
1.811054416428610442e-16
3.549201981110175198e-15
2.330690427224424014e-11
-1.771117977261318639e-16
3.956280322967893132e-15
4.422978840608902191e-10
-3.436870831409925596e-15
-6.735362691576956777e-14
-4.422978841815053534e-10
3.361058518041078217e-15
-6.378320550246568982e-14
4.569896991037965392e-05
9.323150825364293012e-08
2.683837272624474664e-08
-4.569896991047695428e-05
7.544929570873569509e-08
-1.578042362121055440e-08
-7.546824578221933597e-08
1.246298577997065857e-10
-9.117143079737887435e-09
7.546824578239530707e-08
-1.245985632450977182e-10
2.606012544193811170e-11
-1.588743920935710643e-08
2.623685324946674223e-11
5.523335096068177266e-12
1.588743920939067672e-08
-2.623026517742259059e-11
5.486130679288864587e-12
-4.569896991047695428e-05
7.546824578239530707e-08
1.588743920939067672e-08
4.569896991057429531e-05
9.325045832696591267e-08
-2.694538831435738425e-08
7.544929570873569509e-08
-1.245985632450977182e-10
-2.623026517742259059e-11
-7.544929570889634019e-08
1.245672765522041350e-10
9.117326351242185877e-09
-1.578042362121055440e-08
2.606012544193811170e-11
5.486130679288864587e-12
1.578042362124446881e-08
-2.605358174516854582e-11
5.449176861762575569e-12
5.816481425030211954e-06
5.680292103618105250e-08
1.036795072624977844e-07
-5.816481781813401508e-06
1.130376907143093529e-07
-8.437162722635239573e-08
-1.153732772076914554e-07
2.288495762465820691e-09
1.808869279944618891e-09
1.153732842846927314e-07
-2.242168051902988268e-09
1.673560083000106020e-09
-8.788392406605129531e-08
1.743228524678307529e-09
1.327879098180526795e-09
8.788392945685417028e-08
-1.707939061678965866e-09
1.274810171071426366e-09
-5.816481781813401508e-06
1.153732842846927314e-07
8.788392945685417028e-08
5.816482138596611390e-06
5.913850059582615316e-08
-1.071917989268375391e-07
1.130376907143093529e-07
-2.242168051902988268e-09
-1.707939061678965866e-09
-1.130376976480463746e-07
2.196778187415384778e-09
-1.705321725006221218e-09
-8.437162722635239573e-08
1.673560083000106020e-09
1.274810171071426366e-09
8.437163240171152735e-08
-1.639680969739847610e-09
1.223862153191311621e-09
-3.264363652142643633e-06
-1.284627303146036606e-09
1.044408576370640008e-09
3.264363651249722252e-06
-8.171085899224661995e-10
-1.066121091476021841e-09
8.169792840372666380e-10
-2.044671564500383743e-13
2.972135343972187391e-13
-8.169792838138706938e-10
2.044995168583730798e-13
2.668204100923328569e-13
-1.057407050222596642e-09
2.646395264522658651e-13
-3.425199446088257301e-13
1.057407049933358465e-09
-2.646814133501871253e-13
-3.453426361791131033e-13
3.264363651249722252e-06
-8.169792838138706938e-10
1.057407049933358465e-09
-3.264363650356807648e-06
-1.284497997484628381e-09
-1.035694535408830302e-09
-8.171085899224661995e-10
2.044995168583730798e-13
-2.646814133501871253e-13
8.171085896986747595e-10
-2.045318859731651120e-13
-2.994366476183912327e-13
-1.066121091476021841e-09
2.668204100923328569e-13
-3.453426361791131033e-13
1.066121091184406554e-09
-2.668626396731769365e-13
-3.481885883448451859e-13
2.911420599168420620e-05
-6.334732207994731868e-08
-5.735375338340291489e-08
-2.911420598500831942e-05
-2.909714241572397700e-08
3.175842073501974903e-08
2.910036586201930902e-08
2.908653230918250429e-11
5.104279034494140612e-09
-2.910036585534101671e-08
-2.908331040059313316e-11
3.174332361302735567e-11
3.169317956722901887e-08
3.167811346042620023e-11
3.450060191113803755e-11
-3.169317955996160853e-08
-3.167460447554344647e-11
3.457162222954320403e-11
-2.911420598500831942e-05
-2.910036585534101671e-08
-3.169317955996160853e-08
2.911420597833243941e-05
-6.335054553291452408e-08
5.728851222289417992e-08
-2.909714241572397700e-08
-2.908331040059313316e-11
-3.167460447554344647e-11
2.909714240905212677e-08
2.908008884705131042e-11
-5.104340728439749925e-09
3.175842073501974903e-08
3.174332361302735567e-11
3.457162222954320403e-11
-3.175842072773776707e-08
-3.173980740602429536e-11
3.464278873543363228e-11
9.829381340392201599e-06
-8.081602315490902952e-08
-4.219485492714058673e-08
-9.829381339970667182e-06
-5.483638748929508669e-09
-3.135654940117918180e-08
5.458021046872074480e-09
3.030708925494894631e-12
-1.528424052186449114e-09
-5.458021046637127061e-09
-3.044933823007995421e-12
-1.741154409019884424e-11
-3.140183004620154209e-08
-1.743668735276189041e-11
1.003191244812430505e-10
3.140183004485471339e-08
1.751852797902247806e-11
1.001744668380454565e-10
-9.829381339970667182e-06
-5.458021046637127061e-09
3.140183004485471339e-08
9.829381339549132766e-06
-8.079040545308673548e-08
4.214957428077366089e-08
-5.483638748929508669e-09
-3.044933823007995421e-12
1.751852797902247806e-11
5.483638748694357765e-09
3.059225488581686782e-12
1.528480631538485622e-09
-3.135654940117918180e-08
-1.741154409019884424e-11
1.001744668380454565e-10
3.135654939983460964e-08
1.749326670479977160e-11
1.000300177915550351e-10
5.524789272875158750e-06
6.743556064323795951e-08
1.286178102406718815e-08
-5.524790135704944363e-06
8.507580840090223443e-08
-2.038379963366511412e-08
-8.579357210090895708e-08
1.332274707738083180e-09
-1.141817347862212790e-09
8.579358549965495224e-08
-1.321128669634738793e-09
3.165367758272773209e-10
-2.377826925075642709e-08
3.692489535148709736e-10
1.023398469404316103e-10
2.377827296430963206e-08
-3.661597536064042055e-10
8.773031008090640809e-11
-5.524790135704944363e-06
8.579358549965495224e-08
2.377827296430963206e-08
5.524790998534870583e-06
6.815331105659421992e-08
-1.625624745773396047e-08
8.507580840090223443e-08
-1.321128669634738793e-09
-3.661597536064042055e-10
-8.507582168755270991e-08
1.310075881192975119e-09
1.197177726363177824e-09
-2.038379963366511412e-08
3.165367758272773209e-10
8.773031008090640809e-11
2.038380281708965643e-08
-3.138885750139091447e-10
7.520635937135553985e-11
-8.726242197898244408e-07
3.416698304952655464e-12
2.017724558046592684e-12
8.726242197903481189e-07
-3.377519360287408554e-12
-5.738118035316126979e-14
3.390334789236946496e-12
-1.317233997032650028e-17
-7.265274598173566450e-17
-3.390334789012305164e-12
1.312244947505454964e-17
2.231083930505072765e-19
1.977365952206513745e-12
-7.682416999974594121e-18
-4.480166927670084103e-18
-1.977365952207706048e-12
7.653366138416926457e-18
1.296867697889172398e-19
8.726242197903481189e-07
-3.390334789012305164e-12
-1.977365952207706048e-12
-8.726242197908729617e-07
3.403882876133326171e-12
1.702257451310457630e-14
-3.377519360287408554e-12
1.312244947505454964e-17
7.653366138416926457e-18
3.377519360417616395e-12
-1.307300373054750569e-17
6.474841639816865610e-17
-5.738118035316126979e-14
2.231083930505072765e-19
1.296867697889172398e-19
5.738118035318340839e-14
-2.219125835875679181e-19
-3.457624452637576810e-21
-8.281862809477221477e-07
3.093734587462432963e-12
1.817843251494591689e-12
8.281862809483938449e-07
-3.076446099126492076e-12
2.501236416795512351e-15
3.154267683605591192e-12
-1.201364471947044344e-17
2.205668990654813433e-10
-3.154267683280924014e-12
1.171724669613810065e-17
-8.931565554862139678e-21
1.819753860428364934e-12
-6.929963085323202119e-18
-3.998191478135577111e-18
-1.819753860429799171e-12
6.760745128028373357e-18
-5.328294443888898921e-21
8.281862809483938449e-07
-3.154267683280924014e-12
-1.819753860429799171e-12
-8.281862809490655420e-07
3.015913003034318545e-12
-5.906274830819353480e-16
-3.076446099126492076e-12
1.171724669613810065e-17
6.760745128028373357e-18
3.076446099177475967e-12
-1.142782735453069471e-17
-2.205669059853645430e-10
2.501236416795512351e-15
-8.931565554862139678e-21
-5.328294443888898921e-21
-2.501236416882455078e-15
1.007991336625255474e-20
3.067579475528234664e-22
4.031823123214089490e-06
1.115042244510325332e-07
1.044012094093294394e-07
-2.599687725143462936e-06
-3.576949964810637066e-08
-3.333035417949596452e-08
1.204407809154568335e-07
3.597871549471069886e-09
3.491689679938446789e-09
-7.765926484964482518e-08
-1.068525661693404080e-09
-9.956622011707291223e-10
1.168898939122088292e-07
3.491797550054397385e-09
3.388850869998808328e-09
-7.536968093844495119e-08
-1.037022927695489523e-09
-9.663076590989371292e-10
-2.599687725143462936e-06
-7.765926484964482518e-08
-7.536968093844495119e-08
1.676258124853928299e-06
1.377099608705456761e-07
1.330451727731670948e-07
-3.576949964810637066e-08
-1.068525661693404080e-09
-1.037022927695489523e-09
2.306389103090759259e-08
3.173395920375536735e-10
2.956794827349499792e-10
-3.333035417949596452e-08
-9.956622011707291223e-10
-9.663076590989371292e-10
2.149114928584575846e-08
2.956999986451969836e-10
2.755360232324597734e-10
-5.273473105202933582e-06
1.651913191949225191e-10
1.634782669720200489e-10
4.598240488245932406e-06
7.930167392003490671e-10
8.059944359489545570e-10
1.659952585345480852e-10
-5.225098640109919772e-15
-4.994781351428927688e-15
-1.447406867193930635e-10
-2.496210906762779017e-14
-2.537061829826476079e-14
1.635151404537915235e-10
-5.147035140323433169e-15
-5.070128837832426798e-15
-1.425781310108158266e-10
-2.458915830779702792e-14
-2.499155483989816468e-14
4.598240488245932406e-06
-1.447406867193930635e-10
-1.425781310108158266e-10
-4.009466847737071997e-06
1.276380454851749332e-09
1.266510929341149825e-09
7.930167392003490671e-10
-2.496210906762779017e-14
-2.458915830779702792e-14
-6.914763013488614363e-10
-1.192526332642476238e-13
6.949701133315140460e-11
8.059944359489545570e-10
-2.537061829826476079e-14
-2.499155483989816468e-14
-7.027922916729607698e-10
-1.212041962974411331e-13
-1.231877017482937211e-13
-1.945555044201495196e-05
5.670279236177296791e-08
3.186188467092326375e-08
3.378048668832237435e-06
3.173161005204505662e-08
2.243882954104546982e-08
3.154299657405851305e-08
-5.114019447656914928e-11
-2.346095985329617119e-08
-5.476780413154869492e-09
-5.144599070258182758e-11
-3.637974291677927946e-11
2.799293162383415317e-08
-4.538452660240931695e-11
-4.027664101823973488e-11
-4.860386021481779562e-09
-4.565590643197344784e-11
-3.228531739093632729e-11
3.378048668832237435e-06
-5.476780413154869492e-09
-4.860386021481779562e-09
-5.865273687839938766e-07
4.465056283471592513e-09
1.351596575395487614e-08
3.173161005204505662e-08
-5.144599070258182758e-11
-4.565590643197344784e-11
-5.509529191460662004e-09
-5.175361547789782974e-11
-3.654368474273414886e-11
2.243882954104546982e-08
-3.637974291677927946e-11
-3.228531739093632729e-11
-3.896032573696406193e-09
-3.659727804522210040e-11
-2.587955928844029921e-11
-1.907424673834578953e-05
-5.174357404161894386e-08
9.973246090814412151e-08
4.402089940183614820e-06
6.130666132117917596e-09
-6.906058703644216187e-10
3.847174919816425605e-08
-7.759548811423885311e-11
-8.435642398752673239e-09
-8.878783128355777844e-09
-1.236523009214858365e-11
1.392915602145470200e-12
-5.184082648572621775e-08
1.045602115890281388e-10
-1.408952776813090758e-10
1.196419360062288947e-08
1.666219398371656230e-11
-1.876959002392318554e-12
4.402089940183614820e-06
-8.878783128355777844e-09
1.196419360062288947e-08
-1.015945536790638653e-06
1.111456566973218782e-09
8.855220459203217379e-10
6.130666132117917596e-09
-1.236523009214858365e-11
1.666219398371656230e-11
-1.414878609731159466e-09
-1.970461414257128394e-12
2.219777102564382583e-13
-6.906058703644216187e-10
1.392915602145470200e-12
-1.876959002392318554e-12
1.593829206608284671e-10
2.219680850204663563e-13
-2.500421061194866470e-14
-1.723820653463522279e-05
-6.974679917177963951e-08
9.904547038597988640e-08
4.027046813194623639e-06
3.245321609388829802e-09
-7.982947941632031018e-09
3.895551279757663718e-08
-8.803305461339849488e-11
-7.680715606252031007e-09
-9.100463749093261343e-09
-7.333893303459536551e-12
1.804014994853842759e-11
-7.579227713465456829e-08
1.712780860413555109e-10
-3.332405411071558715e-10
1.770596305866413011e-08
1.426890403861961382e-11
-3.509911553276745156e-11
4.027046813194623639e-06
-9.100463749093261343e-09
1.770596305866413011e-08
-9.407652706258843646e-07
-1.041243465516637616e-09
-2.234118492128005081e-09
3.245321609388829802e-09
-7.333893303459536551e-12
1.426890403861961382e-11
-7.581451132181462201e-10
-6.109749486949194243e-13
1.502896105381849069e-12
-7.982947941632031018e-09
1.804014994853842759e-11
-3.509911553276745156e-11
1.864910076559083199e-09
1.502896105381849069e-12
-3.696872857315247082e-12
-1.457300583968572544e-05
-1.264849530949960691e-09
2.386996000567338084e-07
3.494437579831608055e-06
7.771105316787655358e-10
-1.152505524259094247e-08
-1.206148996810437579e-08
-9.982809438929666203e-12
-5.251429999987632751e-09
2.892205237339002338e-09
6.431830869592612262e-13
-9.538824023209461584e-12
-1.642380460788067272e-07
-1.359332156279873435e-10
-1.850965825206974219e-09
3.938237633124223525e-08
8.758050103387775839e-12
-1.298875863244996383e-10
3.494437579831608055e-06
2.892205237339002338e-09
3.938237633124223525e-08
-8.379255545266944092e-07
-8.565322007155043194e-10
-1.722383678023979519e-09
7.771105316787655358e-10
6.431830869592612262e-13
8.758050103387775839e-12
-1.863420817539984499e-10
-4.143968497973077873e-14
6.145775212844119004e-13
-1.152505524259094247e-08
-9.538824023209461584e-12
-1.298875863244996383e-10
2.763574419195723237e-09
6.145775212844119004e-13
-9.114584857350304402e-12
-1.190083864632850421e-05
5.353307554990218962e-09
3.075358175718133500e-11
2.724264939379927615e-06
-1.198158834901867022e-10
2.595421534498475729e-13
-4.352349485824167866e-09
-1.591732033669050206e-12
1.145660581926572646e-14
9.963123995310452395e-10
-4.381881176929012680e-14
9.491907915151702715e-17
3.132652797494429440e-11
1.145667356393815161e-14
-8.246192358887001930e-17
-7.171071247230915128e-12
3.153911016672360094e-16
-6.815646895217485220e-19
2.724264939379927615e-06
9.963123995310452395e-10
-7.171071247230915128e-12
-6.236215514294326644e-07
2.737783031426932242e-11
-3.859337220041645053e-14
-1.198158834901867022e-10
-4.381881176929012680e-14
3.153911016672360094e-16
2.742749652131316314e-11
-1.206288878812616948e-15
1.223822347764127549e-17
2.595421534498475729e-13
9.491907915151702715e-17
-6.815646895217485220e-19
-5.941275317636871146e-14
2.612981244317959495e-18
-5.219153208450439538e-21
-2.920008736873412947e-05
-4.630881799080209169e-05
4.491366373820755856e-07
-4.058144549207948833e-05
3.751841647014704029e-05
-1.467757443145311687e-05
5.259006987451877680e-06
3.840366429412928506e-04
-5.369420727911230877e-05
-6.773712002205431243e-05
2.626382364789243756e-04
-1.430996461814890879e-05
-1.773428183787299265e-05
1.548345311517886576e-05
5.871523858917063476e-07
2.641181792426354718e-04
-1.075795594940656902e-03
1.445947688239636179e-04
2.986801763282901884e-06
-9.285972665342347802e-06
4.873688036160596425e-06
-5.567976514149107472e-06
-4.345079344331404761e-06
4.646793797412621483e-06
-1.543485468493326827e-05
4.070101635252119341e-05
-2.524462560248262328e-05
-4.058144549207948833e-05
-1.773428183787299265e-05
-5.567976514149107472e-06
-3.243230730232549012e-05
5.556281667253816292e-05
-1.847712744914921886e-05
6.084083446422840918e-05
1.697900433482390733e-04
4.601984167893704463e-06
3.751841647014704029e-05
1.548345311517886576e-05
-4.345079344331404761e-06
4.398130341719578510e-05
-3.366034952552860300e-05
2.542656702713798562e-06
-4.598497203226574595e-05
-1.611054011521272870e-04
3.772752670923074135e-05
-1.467757443145311687e-05
5.871523858917063476e-07
4.646793797412621483e-06
-2.075855654145043389e-05
9.733947734892705632e-06
-1.050977849486329113e-07
1.834226979030586743e-05
3.472228018524616981e-05
-2.481140015481715945e-05
5.259006987451877680e-06
2.641181792426354718e-04
-1.543485468493326827e-05
6.084083446422840918e-05
-4.598497203226574595e-05
1.834226979030586743e-05
1.560989357002433027e-04
-1.003993518500079793e-03
-1.014466724447509550e-04
3.840366429412928506e-04
-1.075795594940656902e-03
4.070101635252119341e-05
1.697900433482390733e-04
-1.611054011521272870e-04
3.472228018524616981e-05
-1.253983054825196647e-03
4.166736739857202290e-03
-4.242449289636608233e-04
-5.369420727911230877e-05
1.445947688239636179e-04
-2.524462560248262328e-05
4.601984167893704463e-06
3.772752670923074135e-05
-2.481140015481715945e-05
1.942768366635620346e-04
-5.727634450768758585e-04
1.647134752437034197e-04
1.283128855305147309e-05
-1.351433269990694916e-05
6.585781131998086836e-06
-4.533182602009121123e-05
4.511385723788911773e-06
-2.728787966897099158e-06
2.896826472646096831e-05
4.244899319002405630e-05
-7.905874965797414296e-06
-8.364052975213049414e-06
6.358644806685005897e-05
-1.729106091162227753e-05
-8.174926179458234723e-07
1.239245500342261044e-06
-3.337456714204051104e-07
6.884279983949024239e-05
-1.527995970839779482e-04
7.640842305826217335e-05
4.661712671702793076e-06
-1.605843537457903771e-05
4.411420822887821140e-06
-8.115555348579706893e-06
4.354617377259458924e-07
2.506983294708612362e-07
-1.002592299547720448e-05
4.319298500195660912e-05
-1.853341380913802475e-05
-4.533182602009121123e-05
-8.174926179458234723e-07
-8.115555348579706893e-06
1.638422164957669595e-04
-7.132421071986817509e-06
8.319764011125965181e-06
-1.410848661762716919e-04
-8.262371928565879695e-05
-1.161846364215471126e-05
4.511385723788911773e-06
1.239245500342261044e-06
4.354617377259458924e-07
-1.602544988699780972e-05
1.525724754496442906e-06
-9.406315415925690077e-07
1.527319478663724669e-05
5.586285554492718320e-06
2.744730131806385411e-06
-2.728787966897099158e-06
-3.337456714204051104e-07
2.506983294708612362e-07
4.715905748242827533e-06
-7.325006701364273846e-08
-2.327938803160176073e-06
-5.841636035004729475e-06
-3.498784535271832123e-06
-2.061042101967391653e-06
2.896826472646096831e-05
6.884279983949024239e-05
-1.002592299547720448e-05
-1.410848661762716919e-04
1.527319478663724669e-05
-5.841636035004729475e-06
1.936594449199873511e-04
-1.671918312115168448e-04
7.899161975384981905e-05
4.244899319002405630e-05
-1.527995970839779482e-04
4.319298500195660912e-05
-8.262371928565879695e-05
5.586285554492718320e-06
-3.498784535271832123e-06
-9.414150755485253602e-05
4.094388765330437717e-04
-1.164967067243115632e-04
-7.905874965797414296e-06
7.640842305826217335e-05
-1.853341380913802475e-05
-1.161846364215471126e-05
2.744730131806385411e-06
-2.061042101967391653e-06
9.103106715289063246e-05
-1.791456730398748563e-04
9.176260380145374808e-05
1.366163134807458929e-05
-7.260105461249367735e-07
2.171299807011989072e-07
-5.735806308731342443e-05
-1.309032544090600530e-06
1.199359216711101499e-06
-4.058912974328683574e-06
9.246576276316064027e-06
-5.459824486366963369e-06
4.871410249980593837e-09
1.270962159434065762e-05
-7.877664892230480309e-06
-6.800652772139310823e-06
4.156367160759681949e-07
-3.117867797715143255e-07
1.421259450416195742e-05
-4.617807739814500573e-05
2.785981980878229032e-05
4.881187390989330622e-07
-6.506620389760765018e-06
6.445779076431009422e-06
-1.848815540700935674e-06
4.039960145343294006e-06
-3.378622968263655550e-06
-4.266807529145054451e-06
2.475942550542302873e-05
-1.780915579741070695e-05
-5.735806308731342443e-05
-6.800652772139310823e-06
-1.848815540700935674e-06
2.478874835734533820e-04
-1.457429080787246867e-06
-1.924224616348534494e-07
6.126523825109789071e-06
-1.501533272867529635e-05
1.159723375754505645e-05
-1.309032544090600530e-06
4.156367160759681949e-07
4.039960145343294006e-06
7.333275610313781861e-07
6.108420426083304861e-06
-5.509731658298467534e-06
5.234662530841977288e-06
-1.306563092106132872e-06
-3.215519877557585656e-06
1.199359216711101499e-06
-3.117867797715143255e-07
-3.378622968263655550e-06
-1.086979148667885574e-06
-5.097094356490417825e-06
4.254155237044819907e-06
-4.353977134762891667e-06
1.037200431964733229e-06
2.709988781739640347e-06
-4.058912974328683574e-06
1.421259450416195742e-05
-4.266807529145054451e-06
6.126523825109789071e-06
5.234662530841977288e-06
-4.353977134762891667e-06
2.031683236429558158e-05
-4.711497603140344130e-05
2.837008205502530202e-05
9.246576276316064027e-06
-4.617807739814500573e-05
2.475942550542302873e-05
-1.501533272867529635e-05
-1.306563092106132872e-06
1.037200431964733229e-06
-5.359413326119680487e-05
1.742614281114117901e-04
-9.768166443793791268e-05
-5.459824486366963369e-06
2.785981980878229032e-05
-1.780915579741070695e-05
1.159723375754505645e-05
-3.215519877557585656e-06
2.709988781739640347e-06
2.936902023530895545e-05
-1.057835267877144293e-04
6.688354795851978916e-05
1.655609862602798731e-05
-4.937910651762725610e-07
9.939126266979551295e-07
-6.444613675989838131e-05
1.274684519712986500e-06
-2.816904029431484706e-06
-1.639780640374231043e-06
5.755795265765292673e-07
-1.248053828130732943e-06
-4.295707024228562710e-07
3.521177667712750104e-08
-6.549409778580017963e-08
3.920182838254228779e-08
-8.313163801672394618e-07
1.822536035467047909e-06
1.662597891714106424e-06
7.036699211793386647e-07
-1.545968457055889067e-06
9.986744725358260589e-07
-6.610439141904534050e-08
1.199186941573304193e-07
-2.705737260744732378e-07
1.828862972385895837e-06
-4.008790590520182006e-06
-3.686201915010440765e-06
-1.594643150667385077e-06
3.500875710762884030e-06
-6.444613675989838131e-05
3.920182838254228779e-08
-2.705737260744732378e-07
2.553707276587089932e-04
-6.958971423787790388e-07
1.778200053301785830e-06
1.788695169840706532e-06
2.797681362231135981e-07
-3.676324029066371157e-07
1.274684519712986500e-06
-8.313163801672394618e-07
1.828862972385895837e-06
-8.366749015732368305e-07
3.019174288144279509e-06
-6.676205159684118336e-06
-4.276118889552172981e-06
3.493632697980409316e-07
-6.202870054268837398e-07
-2.816904029431484706e-06
1.822536035467047909e-06
-4.008790590520182006e-06
1.829707604785439975e-06
-6.663205062805635001e-06
1.470468323563590603e-05
9.467663851556265439e-06
-7.208558138787251776e-07
1.261252056491171789e-06
-1.639780640374231043e-06
1.662597891714106424e-06
-3.686201915010440765e-06
1.788695169840706532e-06
-4.276118889552172981e-06
9.467663851556265439e-06
4.841022077877286679e-06
-2.549437403539996150e-06
5.297384755189141778e-06
5.755795265765292673e-07
7.036699211793386647e-07
-1.594643150667385077e-06
2.797681362231135981e-07
3.493632697980409316e-07
-7.208558138787251776e-07
-2.498675703041158133e-06
-3.262086391852692339e-06
7.161386174895222965e-06
-1.248053828130732943e-06
-1.545968457055889067e-06
3.500875710762884030e-06
-3.676324029066371157e-07
-6.202870054268837398e-07
1.261252056491171789e-06
5.179578537233208390e-06
7.016014986560759718e-06
-1.508396486340163003e-05
1.232576870813724580e-05
-2.905900813156943643e-06
1.499217678503684272e-06
-3.952164966021235337e-06
2.660792037738587553e-06
-9.323314734077300900e-07
-1.861745395031752647e-05
1.890892497309771614e-07
-2.048464570425126652e-05
-1.869235311079660771e-05
1.249865389859450164e-05
1.553784822655077634e-05
-3.296782011744904915e-06
1.445743951824491306e-05
2.120963762059702002e-06
-4.128638759941568013e-06
-3.118016238480311682e-05
8.272101775180488477e-06
1.957892149666648948e-06
-6.370069791917551412e-06
1.349745275443658479e-06
1.758770493717245060e-05
-1.884195797653907654e-05
-1.826035719698642732e-05
2.129255117620070699e-06
2.283503968884346681e-06
2.216764978694592926e-05
1.377079109992760139e-06
7.989070789699491778e-06
-1.042730986753734203e-05
-2.722963040643982494e-05
-1.442123759515818107e-06
-4.250120639643344421e-05
2.019221593787866464e-05
-1.564403541455312055e-05
-2.973622737973693084e-05
-3.952164966021235337e-06
-4.128638759941568013e-06
1.377079109992760139e-06
8.667625026425481347e-06
-8.217620934583594498e-06
-1.009905850535532030e-06
-4.419156674857694060e-07
9.011994444264270925e-06
-4.981963257555462104e-06
-7.932474416032645090e-07
1.008275262825266140e-05
-2.406254765869001452e-06
2.660792037738587553e-06
-3.118016238480311682e-05
7.989070789699491778e-06
-1.909089810206868477e-06
1.247962468489959313e-04
-3.517018378399132514e-05
-2.705911536484515262e-06
7.482948222038997374e-07
1.583800506520251359e-06
-1.041699549391435811e-06
-1.095847027164514141e-05
4.768263745527924119e-06
-9.323314734077300900e-07
8.272101775180488477e-06
-1.042730986753734203e-05
7.247838862875140283e-07
-3.427506480401499808e-05
4.289215768198517388e-05
-3.232889513374230240e-07
2.048602701501346982e-05
-6.014216403836065828e-06
5.309422347153272309e-07
-1.425520208017116443e-05
3.307723233703722599e-06
-1.861745395031752647e-05
1.957892149666648948e-06
-2.722963040643982494e-05
-4.419156674857694060e-07
-2.705911536484515262e-06
-3.232889513374230240e-07
6.107162560614228777e-05
-9.914945969406926409e-06
9.003712264726727984e-05
3.683163552656645856e-06
-6.286552300043413886e-07
1.035695735495739138e-05
1.890892497309771614e-07
-6.370069791917551412e-06
-1.442123759515818107e-06
9.011994444264270925e-06
7.482948222038997374e-07
2.048602701501346982e-05
-9.243337265963533914e-06
2.844243623034502206e-05
-4.692372489047927459e-06
-7.521876224522663454e-06
1.757504824746079362e-06
-9.716144803001671224e-06
-2.048464570425126652e-05
1.349745275443658479e-06
-4.250120639643344421e-05
-4.981963257555462104e-06
1.583800506520251359e-06
-6.014216403836065828e-06
8.891614910643482763e-05
-4.343502870344276156e-06
1.791721558408439034e-04
-9.478436457826350272e-06
-1.797233720375236921e-06
-1.454160843045779348e-05
-1.869235311079660771e-05
1.758770493717245060e-05
2.019221593787866464e-05
-7.932474416032645090e-07
-1.041699549391435811e-06
5.309422347153272309e-07
3.683163552656645856e-06
-7.521876224522663454e-06
-9.478436457826350272e-06
6.856212475851352283e-05
-6.007162989373217955e-05
-7.069878279237878894e-05
1.249865389859450164e-05
-1.884195797653907654e-05
-1.564403541455312055e-05
1.008275262825266140e-05
-1.095847027164514141e-05
-1.425520208017116443e-05
-6.286552300043413886e-07
1.757504824746079362e-06
-1.797233720375236921e-06
-6.593417668303335269e-05
8.651097050229760897e-05
7.049311982614159418e-05
1.553784822655077634e-05
-1.826035719698642732e-05
-2.973622737973693084e-05
-2.406254765869001452e-06
4.768263745527924119e-06
3.307723233703722599e-06
1.035695735495739138e-05
-9.716144803001671224e-06
-1.454160843045779348e-05
-6.834849698807089931e-05
7.267917348513999059e-05
1.214374685258730969e-04
1.115761675842098864e-05
-3.487996432299459684e-06
7.841808985831088098e-07
-3.418376387591648872e-06
9.653000506377421877e-07
-2.491127947419731835e-07
-1.927712904487075194e-05
2.636147251813795836e-06
-2.077160860010757081e-05
-1.896455765738591637e-05
1.036687375255449602e-05
1.803467146131974648e-05
-3.208692697739512660e-06
6.095927321772808988e-06
3.154589893568210363e-06
-3.382527044050116046e-06
-2.244543586979083046e-06
-7.481063988446554350e-07
3.925289526249210480e-06
-6.486312220822607817e-06
5.345375295677124442e-06
1.415839814098524529e-05
-1.551923412191387401e-05
-1.697490656824760297e-05
9.429034080762186521e-07
2.976332213287220036e-06
2.201038066126986411e-05
6.091677771784674373e-07
-5.416669935901828620e-07
-5.039905638497348242e-06
-2.691451589621268874e-05
3.991013032013694235e-06
-4.315456112979744685e-05
2.298617916884233622e-05
-1.555141927113409464e-05
-3.382646317201861298e-05
-3.418376387591648872e-06
-3.382527044050116046e-06
6.091677771784674373e-07
5.906769961685703362e-06
-1.259287407415061509e-06
1.652269176846418994e-07
2.490943914571933163e-06
7.242925246675874726e-06
-1.804580808654493355e-06
1.910409814974830505e-06
6.388102676208512248e-06
-8.655880140127462108e-07
9.653000506377421877e-07
-2.244543586979083046e-06
-5.416669935901828620e-07
-7.811662165464726079e-07
1.447907571364919177e-05
2.084535801887572227e-06
-2.168338105413911657e-06
3.717722343561829168e-07
-5.568882177058189460e-07
-2.284582559641174353e-06
-4.737711207295684030e-06
3.328741711380746181e-06
-2.491127947419731835e-07
-7.481063988446554350e-07
-5.039905638497348242e-06
7.726557716463652273e-07
3.801503097625633839e-06
1.736855958055820778e-05
1.975823922129016200e-06
1.378675599910518373e-05
-8.056502897123083938e-07
-1.439383120259582462e-06
-1.071557369433687011e-05
4.644795654814164355e-06
-1.927712904487075194e-05
3.925289526249210480e-06
-2.691451589621268874e-05
2.490943914571933163e-06
-2.168338105413911657e-06
1.975823922129016200e-06
6.475075512367496253e-05
-1.804334986601506188e-05
8.469830098415613139e-05
5.991897467347344908e-06
2.724673444317635084e-07
1.039961044168209149e-05
2.636147251813795836e-06
-6.486312220822607817e-06
3.991013032013694235e-06
7.242925246675874726e-06
3.717722343561829168e-07
1.378675599910518373e-05
-1.661722473170554535e-05
2.851424023824786233e-05
-1.770038420211666105e-05
-4.987135837139042524e-06
1.626464218890860148e-06
-7.167725290539836169e-06
-2.077160860010757081e-05
5.345375295677124442e-06
-4.315456112979744685e-05
-1.804580808654493355e-06
-5.568882177058189460e-07
-8.056502897123083938e-07
8.605699404992507378e-05
-1.911505341352830932e-05
1.753421635846620543e-04
-1.050086846784961786e-05
1.182904099014845606e-06
-1.588376422188150040e-05
-1.896455765738591637e-05
1.415839814098524529e-05
2.298617916884233622e-05
1.910409814974830505e-06
-2.284582559641174353e-06
-1.439383120259582462e-06
5.991897467347344908e-06
-4.987135837139042524e-06
-1.050086846784961786e-05
6.653665371016683698e-05
-5.066573772124772753e-05
-7.446329788776479745e-05
1.036687375255449602e-05
-1.551923412191387401e-05
-1.555141927113409464e-05
6.388102676208512248e-06
-4.737711207295684030e-06
-1.071557369433687011e-05
2.724673444317635084e-07
1.626464218890860148e-06
1.182904099014845606e-06
-5.059402737784747013e-05
6.094994020243871963e-05
6.577588029552816238e-05
1.803467146131974648e-05
-1.697490656824760297e-05
-3.382646317201861298e-05
-8.655880140127462108e-07
3.328741711380746181e-06
4.644795654814164355e-06
1.039961044168209149e-05
-7.167725290539836169e-06
-1.588376422188150040e-05
-7.500397250518318123e-05
6.635642169595582342e-05
1.386487685612984837e-04
1.119690446059293406e-05
-4.728368523029889857e-06
6.325033585146004519e-07
-2.712056147433962613e-06
9.713659297864856539e-07
-2.896879975271815360e-07
-1.941587069548272662e-05
3.418197569752217474e-06
-2.071458031402784812e-05
-1.917842827938702358e-05
1.031384040721189628e-05
1.801647254910522484e-05
-3.430494073034609356e-06
6.367637748497820697e-06
3.008131338822669752e-06
-2.886996287503916240e-06
4.885665085639015160e-07
-5.195902753737149077e-07
4.638399187619111673e-06
-7.045066546097332646e-06
6.308341556350675657e-06
1.346566788688670656e-05
-1.528090836206521237e-05
-1.591535153523492815e-05
8.839478678113994516e-07
1.855636232215786304e-06
2.227456515672995814e-05
6.120814886897518563e-07
-7.468290213874605245e-07
-4.408826710558368086e-06
-2.703111141395513474e-05
5.286964156695670221e-06
-4.316193988963588311e-05
2.338687978698943508e-05
-1.502058646987135440e-05
-3.486688960569287056e-05
-2.712056147433962613e-06
-2.886996287503916240e-06
6.120814886897518563e-07
3.507636163433305302e-06
-4.285211176791023694e-07
8.063185406515223188e-07
2.657915249865990118e-06
4.830061596415241550e-06
-5.549288704141798252e-07
1.917476039428082265e-06
4.222868281351863705e-06
-2.937949087137460150e-07
9.713659297864856539e-07
4.885665085639015160e-07
-7.468290213874605245e-07
-4.829876823673824038e-07
-1.205125524442601563e-06
4.331211033397037197e-06
-6.884748471227600384e-07
1.384851467218404789e-06
-5.837653252027550451e-07
-1.623368894479659533e-06
-2.590195959505905726e-06
1.736681281244626926e-06
-2.896879975271815360e-07
-5.195902753737149077e-07
-4.408826710558368086e-06
5.722098161988313833e-07
3.661392996918789986e-06
1.290710220945471473e-05
1.843351447623073578e-06
1.255960845990087997e-05
3.144031593970067452e-08
-1.958659357795850387e-06
-8.527665236175315701e-06
3.765679167167890960e-06
-1.941587069548272662e-05
4.638399187619111673e-06
-2.703111141395513474e-05
2.657915249865990118e-06
-6.884748471227600384e-07
1.843351447623073578e-06
6.396186040241465915e-05
-1.775938037147792713e-05
8.631457087607464400e-05
5.283473901513487028e-06
1.139062285854216330e-06
9.900145002333226853e-06
3.418197569752217474e-06
-7.045066546097332646e-06
5.286964156695670221e-06
4.830061596415241550e-06
1.384851467218404789e-06
1.255960845990087997e-05
-1.667032687752584511e-05
2.578497212344916487e-05
-1.928637824376478485e-05
-4.614877445637578519e-06
-5.693633173705186010e-07
-4.924852377386371112e-06
-2.071458031402784812e-05
6.308341556350675657e-06
-4.316193988963588311e-05
-5.549288704141798252e-07
-5.837653252027550451e-07
3.144031593970067452e-08
8.609139985052858212e-05
-2.058960525820936833e-05
1.752176283804879429e-04
-1.034314850893799191e-05
2.877250901409300348e-06
-1.636785985955590666e-05
-1.917842827938702358e-05
1.346566788688670656e-05
2.338687978698943508e-05
1.917476039428082265e-06
-1.623368894479659533e-06
-1.958659357795850387e-06
5.283473901513487028e-06
-4.614877445637578519e-06
-1.034314850893799191e-05
6.652724401587801475e-05
-4.814729641712868784e-05
-7.609708535795411694e-05
1.031384040721189628e-05
-1.528090836206521237e-05
-1.502058646987135440e-05
4.222868281351863705e-06
-2.590195959505905726e-06
-8.527665236175315701e-06
1.139062285854216330e-06
-5.693633173705186010e-07
2.877250901409300348e-06
-4.823207388395800828e-05
5.474545415050254921e-05
6.561498874839923512e-05
1.801647254910522484e-05
-1.591535153523492815e-05
-3.486688960569287056e-05
-2.937949087137460150e-07
1.736681281244626926e-06
3.765679167167890960e-06
9.900145002333226853e-06
-4.924852377386371112e-06
-1.636785985955590666e-05
-7.737207128897850849e-05
6.611073258022707392e-05
1.419307968379130000e-04
1.042116626636723504e-05
-4.772025533319892566e-06
2.174861736045974386e-07
-1.564165427262766817e-06
4.702657737638388080e-07
-4.016921049748884824e-08
-1.897862241064781890e-05
6.083825680131440107e-06
-2.089358971576240950e-05
-1.890473127904953966e-05
1.003362904914833048e-05
1.921305703001320280e-05
-4.124268842625458339e-06
5.441079427466188618e-06
1.513431665360254307e-06
-2.018329418624355186e-06
5.062300463710178991e-06
-9.774571409077450071e-07
6.167120504813847518e-06
-7.391302668930872064e-06
7.661924515340841354e-06
1.151591804685075625e-05
-1.273786620892996242e-05
-1.442017760895077638e-05
4.995677539833380924e-07
2.083905741443124902e-06
2.222582218482990074e-05
5.043615967991994784e-08
6.871369699862406026e-07
-2.260640721141245093e-06
-2.589983245127549477e-05
8.237065781783157076e-06
-4.216797664314004271e-05
2.415654042432692250e-05
-1.493197251952952210e-05
-3.722489228784489721e-05
-1.564165427262766817e-06
-2.018329418624355186e-06
5.043615967991994784e-08
1.761334647212606731e-06
2.773912741245684638e-07
2.432832886783348558e-07
2.070262254436830966e-06
2.067556611083288916e-06
-9.768145254469978942e-07
2.251488976377326275e-06
2.461490292014624448e-06
2.903859791909239464e-07
4.702657737638388080e-07
5.062300463710178991e-06
6.871369699862406026e-07
-4.426066373620424164e-07
-1.560778849682082286e-05
2.097564534684111169e-06
-9.135116238230763575e-07
-1.658294899775412121e-07
-1.516432359027058006e-06
7.711648056133292426e-08
-2.572743486534681409e-08
4.002312803669869395e-07
-4.016921049748884824e-08
-9.774571409077450071e-07
-2.260640721141245093e-06
6.954610002120092857e-08
1.969055695863928957e-06
3.753602851941476499e-06
5.483141701668681940e-07
4.699627035491044264e-06
1.869465677767822832e-06
-9.529070333171642987e-08
-4.998723978388165177e-06
1.866081871321675164e-06
-1.897862241064781890e-05
6.167120504813847518e-06
-2.589983245127549477e-05
2.070262254436830966e-06
-9.135116238230763575e-07
5.483141701668681940e-07
6.419178952414381241e-05
-2.416968731645200151e-05
8.416225717912417283e-05
5.469537181916052565e-06
8.457524314913040343e-07
1.061706744416149744e-05
6.083825680131440107e-06
-7.391302668930872064e-06
8.237065781783157076e-06
2.067556611083288916e-06
-1.658294899775412121e-07
4.699627035491044264e-06
-2.463335525989651908e-05
2.119169769673532710e-05
-2.904300162982602430e-05
-5.357454520708243778e-07
-1.433041357149987802e-06
-6.567393855282647537e-06
-2.089358971576240950e-05
7.661924515340841354e-06
-4.216797664314004271e-05
-9.768145254469978942e-07
-1.516432359027058006e-06
1.869465677767822832e-06
8.420549154432383702e-05
-3.008564385704523214e-05
1.674766723612393913e-04
-1.073310319325729455e-05
1.170656276472676220e-06
-1.548039528777612147e-05
-1.890473127904953966e-05
1.151591804685075625e-05
2.415654042432692250e-05
2.251488976377326275e-06
7.711648056133292426e-08
-9.529070333171642987e-08
5.469537181916052565e-06
-5.357454520708243778e-07
-1.073310319325729455e-05
6.465236519433429014e-05
-4.046207578256836473e-05
-7.851728056239466735e-05
1.003362904914833048e-05
-1.273786620892996242e-05
-1.493197251952952210e-05
2.461490292014624448e-06
-2.572743486534681409e-08
-4.998723978388165177e-06
8.457524314913040343e-07
-1.433041357149987802e-06
1.170656276472676220e-06
-4.168648328062121743e-05
4.260103135459300869e-05
5.626185141039197944e-05
1.921305703001320280e-05
-1.442017760895077638e-05
-3.722489228784489721e-05
2.903859791909239464e-07
4.002312803669869395e-07
1.866081871321675164e-06
1.061706744416149744e-05
-6.567393855282647537e-06
-1.548039528777612147e-05
-7.802290449706710809e-05
5.818768713179660849e-05
1.518324570639791591e-04
2.986322959853753250e-04
-3.359670131735707896e-07
2.130156216065751299e-06
-2.986313852000189030e-04
-1.391028987956540875e-06
-1.721670909691570002e-06
1.794765384045392662e-06
1.078645152277686626e-08
9.239158088547373649e-07
-1.794759910270304098e-06
-8.360015675879603713e-09
-1.034715733341852403e-08
-2.077543645744861975e-06
-1.248593494183222181e-08
1.445318426028760106e-08
2.077537309536909343e-06
9.677196585366133742e-09
1.197742677717898923e-08
-2.986313852000189030e-04
-1.794759910270304098e-06
2.077537309536909343e-06
2.986304744174402069e-04
-7.397076516998301618e-07
-2.486034202966526615e-06
-1.391028987956540875e-06
-8.360015675879603713e-09
9.677196585366133742e-09
1.391024745519133131e-06
6.479411876676970389e-09
-9.283822021216241898e-07
-1.721670909691570002e-06
-1.034715733341852403e-08
1.197742677717898923e-08
1.721665658844085600e-06
8.019541674943441438e-09
9.925754049819114650e-09
1.368623574756683922e-05
1.803098745435828461e-06
1.598985333457434384e-07
-1.368594671714233337e-05
-2.162015917458133273e-06
-1.842403259848716263e-07
2.180067699772510913e-06
3.472609461981585846e-07
-3.775937964370056990e-08
-2.180021660386350887e-06
-3.443854946662370354e-07
-2.934746931760054101e-08
-3.443288559603866442e-07
-5.484782162343467384e-08
8.662890456794155695e-09
3.443215843104439056e-07
5.439366098593199873e-08
4.635259967613603421e-09
-1.368594671714233337e-05
-2.180021660386350887e-06
3.443215843104439056e-07
1.368565769282168416e-05
1.785001304958758209e-06
-3.199909541690120458e-07
-2.162015917458133273e-06
-3.443854946662370354e-07
5.439366098593199873e-08
2.161970259295440873e-06
3.415338529568491926e-07
1.201601922960814688e-08
-1.842403259848716263e-07
-2.934746931760054101e-08
4.635259967613603421e-09
1.842364351371181162e-07
2.910446120934231203e-08
2.480192387817519099e-09
8.841425088280040225e-06
-2.189133323093200967e-08
-8.984677319939815425e-08
-8.841425172891130332e-06
1.458456715209212645e-08
9.590968252681275143e-08
-1.458571220254162489e-08
2.406207124433806886e-11
-1.601311116191399019e-09
1.458571234211531358e-08
-2.406018225735882073e-11
-1.582223467949930967e-10
9.589047447495139055e-08
-1.581906593059747784e-10
1.039988803090228765e-09
-9.589047539260809207e-08
1.581782405582509172e-10
1.040197125720693619e-09
-8.841425172891130332e-06
1.458571234211531358e-08
-9.589047539260809207e-08
8.841425257502211969e-06
-2.189018832005018136e-08
8.982756422969527987e-08
1.458456715209212645e-08
-2.406018225735882073e-11
1.581782405582509172e-10
-1.458456729165979657e-08
2.405829342582629691e-11
1.601330382450769817e-09
9.590968252681275143e-08
-1.582223467949930967e-10
1.040197125720693619e-09
-9.590968344465430465e-08
1.582099255653644207e-10
1.040405490159885428e-09
-5.922145761739341916e-06
-1.097061465632105767e-08
-1.044366135272666473e-09
5.922147715984364083e-06
-5.984349865998736669e-09
-2.930595576533421348e-10
3.961602139326546840e-09
-2.650102197880273187e-12
2.258226736347532639e-09
-3.961603446613128330e-09
4.003213390895570558e-12
1.960413352471073933e-13
-1.709682505189644107e-09
1.143687125961170041e-12
-4.935735034617898266e-13
1.709683069366731472e-09
-1.727640399388856028e-12
-8.460425832207574292e-14
5.922147715984364083e-06
-3.961603446613128330e-09
1.709683069366731472e-09
-5.922149670230046090e-06
-8.947864954877668261e-09
-3.722567155629470840e-10
-5.984349865998736669e-09
4.003213390895570558e-12
-1.727640399388856028e-12
5.984351840769935419e-09
-6.047207341470111628e-12
-2.257379186970821816e-09
-2.930595576533421348e-10
1.960413352471073933e-13
-8.460425832207574292e-14
2.930596543599363614e-10
-2.961377509907612353e-13
-1.450215768327553447e-14
-3.128372768724966059e-06
1.416378554683535895e-09
2.168750218708880799e-10
3.128372768454524956e-06
-1.874424582756300588e-10
-2.032016230443579158e-10
1.860511934765099065e-10
-1.106487433149905530e-14
1.114356947533546216e-14
-1.860511934590807974e-10
1.114761475355607338e-14
1.208484699699345119e-14
-1.835093378823635308e-10
1.091370341255830589e-14
-1.076459864202983385e-14
1.835093378665013086e-10
-1.099531386233878649e-14
-1.191974183325534690e-14
3.128372768454524956e-06
-1.860511934590807974e-10
1.835093378665013086e-10
-3.128372768184080465e-06
1.417769819466760479e-09
-1.971827367264576604e-10
-1.874424582756300588e-10
1.114761475355607338e-14
-1.099531386233878649e-14
1.874424582597343099e-10
-1.123097482878611136e-14
-1.240508111510404978e-14
-2.032016230443579158e-10
1.208484699699345119e-14
-1.191974183325534690e-14
2.032016230267939762e-10
-1.217521469079753052e-14
-1.319884263751474897e-14
4.078539170342689285e-05
5.583522124731195938e-08
1.357718579125776178e-07
-4.078539170456573203e-05
9.042094245132774252e-08
-5.619200375223415351e-08
-9.042812419542481511e-08
2.004944737407279481e-10
-1.517373569608763840e-08
9.042812419795130263e-08
-2.004785505798632434e-10
1.245871936367219224e-10
-5.627282604054392139e-08
1.247663903562447141e-10
7.764130289279828329e-11
5.627282604211483664e-08
-1.247564814807353178e-10
7.752978995017306749e-11
-4.078539170456573203e-05
9.042812419795130263e-08
5.627282604211483664e-08
4.078539170570455089e-05
5.584240298888366279e-08
-1.358526801993178601e-07
9.042094245132774252e-08
-2.004785505798632434e-10
-1.247564814807353178e-10
-9.042094245385307861e-08
2.004626287236535726e-10
1.517392478743067951e-08
-5.619200375223415351e-08
1.245871936367219224e-10
7.752978995017306749e-11
5.619200375380365924e-08
-1.245772990132276222e-10
7.741843719377675053e-11
2.086711371460113257e-05
-3.009731727163320244e-08
4.699401787953688958e-08
-2.086711373118110117e-05
2.457255512429077067e-08
-1.101959816146828565e-08
-2.483032183879260484e-08
2.954624637083152627e-11
4.759982614855100397e-09
2.483032185852578583e-08
-2.923952303225858654e-11
1.311250674541716897e-11
-1.079141877811903625e-08
1.284099011438085065e-11
5.580777532861299733e-12
1.079141878669330097e-08
-1.270768616708632770e-11
5.698780389720878465e-12
-2.086711373118110117e-05
2.483032185852578583e-08
1.079141878669330097e-08
2.086711374776106299e-05
-2.983955057665607658e-08
-4.676583848743194994e-08
2.457255512429077067e-08
-2.923952303225858654e-11
-1.270768616708632770e-11
-2.457255514381548229e-08
2.893598385610188102e-11
-4.760118008897471977e-09
-1.101959816146828565e-08
1.311250674541716897e-11
5.698780389720878465e-12
1.101959817022396928e-08
-1.297638415676221934e-11
5.819278384570819859e-12
5.400067803258523526e-07
-1.360334211873150594e-08
2.933795367938009436e-10
-5.400067659990532265e-07
2.431961896076887632e-09
-1.580173281543747185e-09
-2.431825073385343805e-09
1.095129432705453726e-11
1.605790003216496252e-09
2.431825008866321848e-09
-1.095191048301014422e-11
7.116031033111167598e-12
-1.582104355801096929e-09
7.124727283153876057e-12
4.635227337223352018e-12
1.582104313826664812e-09
-7.125128143291445776e-12
4.629569707188574199e-12
-5.400067659990532265e-07
2.431825008866321848e-09
1.582104313826664812e-09
5.400067516722549474e-07
-1.360347887690010118e-08
-2.953106529742719636e-10
2.431961896076887632e-09
-1.095191048301014422e-11
-7.125128143291445776e-12
-2.431961831553940703e-09
1.095252667560601045e-11
-1.605781707338677051e-09
-1.580173281543747185e-09
7.116031033111167598e-12
4.629569707188574199e-12
1.580173239620526440e-09
-7.116431405217935478e-12
4.623918976943863701e-12
-8.467609046186339445e-07
2.940431734886323798e-09
4.414136341832962394e-10
8.467627480882523190e-07
7.312711529894461951e-10
1.700741532589718092e-09
8.372159402778804061e-10
-8.277785655480024428e-13
-1.953593124543357675e-12
-8.372177629677213572e-10
-7.230280252834628111e-13
-1.681570223988211498e-12
1.957370069506132576e-09
-1.935305962188096618e-12
-4.524651018192985233e-12
-1.957374330865199786e-09
-1.690404293242401709e-12
-3.931429232486146807e-12
8.467627480882523190e-07
-8.372177629677213572e-10
-1.957374330865199786e-09
-8.467645915618879589e-07
1.371943049580791132e-09
-1.847887999240758780e-10
7.312711529894461951e-10
-7.230280252834628111e-13
-1.690404293242401709e-12
-7.312727450276523635e-10
-6.315330530965094051e-13
-1.450490170679313262e-12
1.700741532589718092e-09
-1.681570223988211498e-12
-3.931429232486146807e-12
-1.700745235246912292e-09
-1.468777333034400038e-12
-3.415984067015644873e-12
3.667154036571544733e-06
2.869689712917227538e-08
4.125842515865184958e-08
-3.667154025351350326e-06
5.729817735263731392e-08
-4.071002815265125957e-08
-5.728222846622895990e-08
8.947684404128474792e-10
6.358139502820026391e-10
5.728222829096580598e-08
-8.950175675953575329e-10
6.359048761660455411e-10
-4.070172519367042175e-08
6.357751810428984437e-10
4.517482541559424196e-10
4.070172506913733498e-08
-6.359521976573795680e-10
4.518404086572960582e-10
-3.667154025351350326e-06
5.728222829096580598e-08
4.070172506913733498e-08
3.667154014131158037e-06
2.868094841807572011e-08
-4.125012232422911249e-08
5.729817735263731392e-08
-8.950175675953575329e-10
-6.359521976573795680e-10
-5.729817717732551516e-08
8.952667641424262009e-10
-6.361206981298330268e-10
-4.071002815265125957e-08
6.359048761660455411e-10
4.518404086572960582e-10
4.071002802809316547e-08
-6.360819288907381372e-10
4.519325819595163991e-10
5.385243993726793198e-08
-3.893378370631128414e-08
7.863491912094332114e-09
-5.314387861205534378e-08
4.964196043286898137e-10
8.001013381669147516e-10
-3.603709100297722444e-09
2.411537767770501047e-10
-1.459701648589783142e-09
3.556293441902758135e-09
-3.321951331752480635e-11
-5.354135257105041909e-11
7.758418010764310545e-10
-5.191794767722570917e-11
1.117740442165900836e-11
-7.656336936002681193e-10
7.151822282453626165e-12
1.152690693289085719e-11
-5.314387861205534378e-08
3.556293441902758135e-09
-7.656336936002681193e-10
5.244464015414788168e-08
-3.581996258924707270e-08
-7.877224147819607634e-09
4.964196043286898137e-10
-3.321951331752480635e-11
7.151822282453626165e-12
-4.898879832335075873e-10
4.576067933845121779e-12
1.415159151127540481e-09
8.001013381669147516e-10
-5.354135257105041909e-11
1.152690693289085719e-11
-7.895740368017054373e-10
7.375450214983937514e-12
1.188733791962755333e-11
-4.571403706167575062e-07
-5.430492562820815094e-09
5.040196514655171060e-09
4.571403690317657384e-07
-6.433647117338354267e-10
-1.100286186293191625e-09
6.430402406690065344e-10
-9.045378129124929695e-13
-1.258569087614069909e-09
-6.430402384393256837e-10
9.049942330417928440e-13
1.547726563035222353e-12
-1.099432380363462800e-09
1.546525549965654971e-12
-2.644158417637228829e-12
1.099432376551533917e-09
-1.547305907576227458e-12
-2.646211838820909837e-12
4.571403690317657384e-07
-6.430402384393256837e-10
1.099432376551533917e-09
-4.571403674467741293e-07
-5.430168093986735563e-09
-5.039342712540319190e-09
-6.433647117338354267e-10
9.049942330417928440e-13
-1.547305907576227458e-12
6.433647095030873061e-10
-9.054508834911556471e-13
1.258567105637435053e-09
-1.100286186293191625e-09
1.547726563035222353e-12
-2.646211838820909837e-12
1.100286182478314670e-09
-1.548507526599775400e-12
-2.648266855679510320e-12
-8.546604099949336937e-07
3.251743947143311857e-12
2.041901585587403046e-12
8.546604099963345804e-07
-2.995586566116248044e-12
2.026884842378008329e-13
3.192510257579785773e-12
-1.192490874915203035e-17
8.050382054355525536e-17
-3.192510257410120851e-12
1.118961989513698065e-17
-7.565722169697529022e-19
1.961362440734824110e-12
-7.326439005870743687e-18
-4.501027825807913767e-18
-1.961362440738044783e-12
6.874822790141723987e-18
-4.649256762827942884e-19
8.546604099963345804e-07
-3.192510257410120851e-12
-1.961362440738044783e-12
-8.546604099977365258e-07
3.054820255699743997e-12
-2.832276290907272459e-13
-2.995586566116248044e-12
1.118961989513698065e-17
6.874822790141723987e-18
2.995586566136217913e-12
-1.049953417677760501e-17
-8.711958338486685497e-17
2.026884842378008329e-13
-7.565722169697529022e-19
-4.649256762827942884e-19
-2.026884842381484114e-13
7.106761645690320914e-19
-4.762905444099590391e-20
-8.659649705340518737e-07
-5.335875642853485202e-11
6.561273526707317653e-11
8.659649605520651577e-07
6.357080106052767174e-11
6.653007657600987608e-11
7.132027186295750889e-12
-5.873930819674197663e-17
3.386107652282056148e-10
-7.132027103837882365e-12
-5.235645043466093390e-16
-5.479373660665698875e-16
5.694470191230050789e-12
-4.689944217432538534e-17
-3.744614310056647075e-17
-5.694470125589693888e-12
-4.180334133543301851e-16
-4.374927898551790670e-16
8.659649605520651577e-07
-7.132027103837882365e-12
-5.694470125589693888e-12
-8.659649505700783359e-07
-1.240615839425105525e-10
-1.264483408849596549e-10
6.357080106052767174e-11
-5.235645043466093390e-16
-4.180334133543301851e-16
-6.357080032767996409e-11
-4.666755367802359905e-15
-3.386156961248313381e-10
6.653007657600987608e-11
-5.479373660665698875e-16
-4.374927898551790670e-16
-6.653007580911657764e-11
-4.883997183559942500e-15
-5.111351048841270938e-15
1.775860389233176705e-04
8.861195003339366870e-07
6.886944100687147183e-07
-1.354224284102254047e-04
1.802909017139221640e-06
-2.517966957483865202e-06
4.880668887167249515e-08
1.341373957900183832e-11
3.010982979806251632e-08
-3.721869337105005713e-08
4.955007724642993741e-10
-6.920230364248031270e-10
-2.403286130369127760e-07
-6.605048411537972938e-11
3.252386426143466637e-10
1.832682602260944685e-07
-2.439891255806911632e-09
3.407584910580044365e-09
-1.354224284102254047e-04
-3.721869337105005713e-08
1.832682602260944685e-07
1.032695713453104895e-04
3.308556473777563056e-06
-2.054709212181330227e-06
1.802909017139221640e-06
4.955007724642993741e-10
-2.439891255806911632e-09
-1.374850854177312564e-06
1.830369630287203772e-08
-7.411113405671691163e-09
-2.517966957483865202e-06
-6.920230364248031270e-10
3.407584910580044365e-09
1.920135175639643132e-06
-2.556318818771126166e-08
3.570189209364688697e-08
3.160689583966366427e-06
1.237087576958720644e-08
-8.164885821177210019e-08
-2.540827137114210917e-06
-2.501833696078483059e-08
3.513896158512909471e-08
3.691626244352279822e-08
4.311750320940398688e-10
8.179486437587801242e-09
-2.967638514492357607e-08
-2.922094905503563176e-10
4.104164908947452349e-10
-8.867436092302837212e-08
-1.035699929682990423e-09
2.487793273019188594e-09
7.128388176505198669e-08
7.018990579108138903e-10
-9.858370710826821828e-10
-2.540827137114210917e-06
-2.967638514492357607e-08
7.128388176505198669e-08
2.042529761051240616e-06
-1.713470826022926011e-09
-4.801865949752464253e-08
-2.501833696078483059e-08
-2.922094905503563176e-10
7.018990579108138903e-10
2.011183565697087908e-08
1.980318432627988197e-10
-2.781434388325963863e-10
3.513896158512909471e-08
4.104164908947452349e-10
-9.858370710826821828e-10
-2.824764178628037329e-08
-2.781413226597321236e-10
3.906573513367584629e-10
2.279053015372672310e-06
3.914024680736311746e-07
2.051151855977795564e-07
-1.471082591403404778e-06
-1.642717103792220871e-07
-1.511140030901662834e-08
1.726953404369149878e-07
1.308599686249893100e-08
3.711049867893239182e-09
-1.114713467478010296e-07
-1.244769593191499116e-08
-1.145067009517089865e-09
1.438365095871742357e-07
1.089921771141338062e-08
9.077867583883334813e-09
-9.284355556218597898e-08
-1.036758218676204608e-08
-9.537167677793068543e-10
-1.471082591403404778e-06
-1.114713467478010296e-07
-9.284355556218597898e-08
9.495540367569165880e-07
1.982525501010526757e-07
1.485512218934961973e-07
-1.642717103792220871e-07
-1.244769593191499116e-08
-1.036758218676204608e-08
1.060340640471762567e-07
1.184052966249682440e-08
-4.303162765491442135e-09
-1.511140030901662834e-08
-1.145067009517089865e-09
-9.537167677793068543e-10
9.754103031555137713e-09
1.089213615585035565e-09
1.001970633191762388e-10
-1.757201893683431362e-06
2.311255554896030445e-07
4.498574583144342305e-08
2.524442416723272587e-06
5.953281052287682657e-08
5.316510824388830875e-08
-3.127985219760369289e-08
-5.568108918092876020e-10
3.422659562370398518e-11
4.493745764804568831e-08
1.059740215824395008e-09
9.463891052657707737e-10
1.740013525707627659e-08
3.097388302447902127e-10
-1.722993288594700362e-10
-2.499749155608383644e-08
-5.895048025291227772e-10
-5.264506473104485811e-10
2.524442416723272587e-06
4.493745764804568831e-08
-2.499749155608383644e-08
-3.626680313889846642e-06
5.105381209471052054e-08
5.110382073339201041e-08
5.953281052287682657e-08
1.059740215824395008e-09
-5.895048025291227772e-10
-8.552640001751349422e-08
-2.016931316485450684e-09
-7.396403699832061820e-09
5.316510824388830875e-08
9.463891052657707737e-10
-5.264506473104485811e-10
-7.637839159120328144e-08
-1.801197874241726106e-09
-1.608539545019954543e-09
-5.258539008235410544e-06
-9.159636419765686406e-09
1.352533691831443997e-11
4.463594793699486569e-06
9.355143463170564392e-10
-4.739526449735933162e-13
7.334408700366882009e-09
-1.022975220245559931e-11
-1.882266341638835401e-14
-6.225650972361044661e-09
-1.304819562814031605e-12
6.610509213047378701e-16
1.320049402763218436e-11
-1.841154163983233619e-14
-3.313661036230092553e-17
-1.120494805187055497e-11
-2.348419926048624539e-15
1.195637228062597067e-18
4.463594793699486569e-06
-6.225650972361044661e-09
-1.120494805187055497e-11
-3.788823939717604364e-06
-7.946882127522000501e-10
2.008882945553756033e-13
9.355143463170564392e-10
-1.304819562814031605e-12
-2.348419926048624539e-15
-7.940907082959419227e-10
-1.664316097187680117e-13
9.578506681470654771e-17
-4.739526449735933162e-13
6.610509213047378701e-16
1.195637228062597067e-18
4.023042436787265949e-13
8.431795707016187613e-17
-4.144591690157913801e-20
-4.210089600246467218e-06
-4.520737961520234152e-09
4.079450062632514572e-09
3.624990654624655247e-06
-2.631357008015317864e-09
-3.271810989777339276e-09
3.032966473188857272e-09
-2.184961959401616426e-12
2.900256059054442724e-12
-2.611458701605602232e-09
1.895640789118353664e-12
2.357026566451261385e-12
-4.027669589959037647e-09
2.901550320807574891e-12
-3.853153699899561887e-12
3.467922540808423772e-09
-2.517342292389897541e-12
-3.130045883777028110e-12
3.624990654624655247e-06
-2.611458701605602232e-09
3.467922540808423772e-09
-3.121206077264206720e-06
-1.362815208668754979e-09
1.206533254783106515e-09
-2.631357008015317864e-09
1.895640789118353664e-12
-2.517342292389897541e-12
2.265663078162799476e-09
-1.644630011048495367e-12
-2.044450345521676513e-12
-3.271810989777339276e-09
2.357026566451261385e-12
-3.130045883777028110e-12
2.817109702593247112e-09
-2.044921508826109822e-12
-2.542641170742813630e-12
8.491003505985151841e-06
1.145896887847060417e-06
-1.136788800820483221e-06
-2.079854900567825126e-06
-2.311972163823658776e-08
6.423415520385400107e-08
1.883999425020758462e-06
4.180252464831378572e-07
-2.744014136789949637e-07
-4.614820184721809931e-07
-5.129846223994105836e-09
1.425239212131914935e-08
-1.373585009933108654e-06
-3.047735602873477667e-07
2.222040985123717192e-07
3.364569938337831095e-07
3.740064770172668532e-09
-1.039112428248633001e-08
-2.079854900567825126e-06
-4.614820184721809931e-07
3.364569938337831095e-07
5.094564387315155534e-07
1.416485243555022365e-07
-8.775890737890641674e-08
-2.311972163823658776e-08
-5.129846223994105836e-09
3.740064770172668532e-09
5.663131138168449012e-09
6.295151430044552549e-11
-1.668529642704370724e-09
6.423415520385400107e-08
1.425239212131914935e-08
-1.039112428248633001e-08
-1.573403218952797697e-08
-1.748999145904371789e-10
4.859292181243196078e-10
-1.971742646808398943e-05
-1.556458315778660055e-07
-1.501511395139083625e-08
4.533140858872563832e-06
-4.540246314683983542e-10
-7.420998231318115501e-10
1.065904125649598213e-08
-5.762169850978590397e-12
3.445933820302046002e-10
-2.450570084002804420e-09
2.454411228864258080e-13
4.011716521323938078e-13
-1.303464308400804829e-09
7.046396155291365068e-13
-8.616840967712687663e-14
2.996733536224301733e-10
-3.001431014104888836e-14
-4.905815968467170810e-14
4.533140858872563832e-06
-2.450570084002804420e-09
2.996733536224301733e-10
-1.042193111745216463e-06
9.165525541327718637e-10
1.162998430845739084e-09
-4.540246314683983542e-10
2.454411228864258080e-13
-3.001431014104888836e-14
1.043826693698250866e-10
-1.045462790177498794e-14
-2.590472596730789059e-14
-7.420998231318115501e-10
4.011716521323938078e-13
-4.905815968467170810e-14
1.706126828998698100e-10
-1.708801169390475681e-14
-2.793022397082163942e-14
-1.980556492668773632e-05
-1.574456565477705511e-08
1.829047782694677539e-08
4.507670614135345251e-06
1.689792096661361385e-09
1.233654692531301385e-10
1.375868043744506510e-08
-9.557984744271604972e-12
8.583283063322746539e-12
-3.131422896883642146e-09
-1.173877619540184355e-12
-8.570045976900671791e-14
-1.235560129862702268e-08
8.583283063322746539e-12
-7.707979246643926317e-12
2.812087466323361733e-09
1.054168236904062749e-12
7.696092122170448467e-14
4.507670614135345251e-06
-3.131422896883642146e-09
2.812087466323361733e-09
-1.025928542849066654e-06
1.319229611295719827e-09
1.349773101804630721e-09
1.689792096661361385e-09
-1.173877619540184355e-12
1.054168236904062749e-12
-3.845902000932259167e-10
-1.441714654120305207e-13
-4.248831640306912715e-10
1.233654692531301385e-10
-8.570045976900671791e-14
7.696092122170448467e-14
-2.807750764038493883e-11
-1.052542456861774424e-14
-7.684225945400538572e-16
-1.207881675730499792e-05
4.330818798461409001e-08
-3.989162410278007968e-08
2.740980273023002458e-06
-2.251869515969866953e-10
1.428834366907383028e-10
-8.230585336221214519e-09
-5.608375085903356403e-12
3.662718185539292891e-12
1.867722020731719566e-09
-1.534438728816398688e-13
9.736171643644923114e-14
5.489631537044594544e-09
3.740671111809279036e-12
-2.494950870634552789e-12
-1.245732264305136911e-09
1.023439151330050832e-13
-6.493826437915374693e-14
2.740980273023002458e-06
1.867722020731719566e-09
-1.245732264305136911e-09
-6.219957639938184833e-07
5.110748772693009819e-11
-3.244678568625361295e-11
-2.251869515969866953e-10
-1.534438728816398688e-13
1.023439151330050832e-13
5.110045168093221602e-11
-4.198189811191967765e-15
2.663794785305864416e-15
1.428834366907383028e-10
9.736171643644923114e-14
-6.493826437915374693e-14
-3.242376212670926128e-11
2.663794785305864416e-15
-1.690205099109090472e-15
-2.213515659713072371e-05
-6.593816489827678700e-05
2.320527395087916529e-05
-2.295710549511297821e-05
7.354121026358683495e-05
-2.047758676784074394e-05
4.018796162010878416e-05
2.074578168641020789e-04
-6.294357519396458504e-05
-6.725079043256435344e-05
2.021804945149360453e-04
-1.570092010982624664e-05
2.369832873651255893e-05
3.073527724738064183e-05
-6.757341031676941060e-06
2.579996296745016345e-04
-8.770522277853319559e-04
1.576707748535766194e-04
1.639099279669855398e-05
-1.478659498606071219e-05
-1.803597259731927404e-06
5.935151922981704650e-06
-2.466444257796378235e-05
6.644846554620145425e-06
-5.405316093234729496e-05
8.958398378600669165e-05
-1.101473357121915166e-05
-2.295710549511297821e-05
2.369832873651255893e-05
5.935151922981704650e-06
1.952333494015548411e-04
-2.308950157308970858e-07
8.306868590843387976e-06
-6.820746255129780727e-05
6.273491480905625181e-05
-9.944006942027939025e-05
7.354121026358683495e-05
3.073527724738064183e-05
-2.466444257796378235e-05
-1.103514001182513884e-05
-1.436221658859879039e-04
3.883691363699599288e-05
-1.672171509804004045e-04
-1.696473866802028353e-05
6.862561114536394461e-05
-2.047758676784074394e-05
-6.757341031676941060e-06
6.644846554620145425e-06
6.785261495094146701e-06
3.841985843429226381e-05
-1.019730732149329881e-05
4.480746556182101456e-05
1.286309035822588346e-06
-1.947255815966906039e-05
4.018796162010878416e-05
2.579996296745016345e-04
-5.405316093234729496e-05
-6.820746255129780727e-05
-1.672171509804004045e-04
4.480746556182101456e-05
7.328577370624059619e-05
-1.108337070413844714e-03
-7.143723638353661966e-05
2.074578168641020789e-04
-8.770522277853319559e-04
8.958398378600669165e-05
6.273491480905625181e-05
-1.696473866802028353e-05
1.286309035822588346e-06
-1.019232788830025729e-03
3.835706800633480879e-03
-5.986258721995639650e-04
-6.294357519396458504e-05
1.576707748535766194e-04
-1.101473357121915166e-05
-9.944006942027939025e-05
6.862561114536394461e-05
-1.947255815966906039e-05
3.126214589500360842e-04
-8.162008155067870981e-04
1.866879619935404605e-04
1.399867107239850063e-05
-1.044756134853140275e-05
6.930275354384571292e-06
-5.271819496105537581e-05
5.147060548912728673e-06
-3.755741603913722529e-06
2.380878887486763436e-05
4.409319024666365742e-05
-6.222880077222766915e-06
-7.544410962059595424e-06
6.146804839858617943e-05
-1.527879732071687761e-05
-5.860066533349169487e-06
1.315761864565131392e-06
-3.671291912335701916e-07
5.612218915375731629e-05
-1.444270383332953102e-04
7.036832304665417974e-05
5.275681416667998642e-06
-1.550202931235743393e-05
4.215835235126398025e-06
-7.989129909567496251e-06
5.181267874155944884e-09
2.592064762858991147e-07
-8.955309422916796406e-06
4.221317490966535504e-05
-1.513572503962365392e-05
-5.271819496105537581e-05
-5.860066533349169487e-06
-7.989129909567496251e-06
1.858943744002847882e-04
-1.207778447986030165e-06
5.119329112567899159e-06
-1.099791734879118063e-04
-8.624283205690854001e-05
-3.180632179563639561e-05
5.147060548912728673e-06
1.315761864565131392e-06
5.181267874155944884e-09
-1.391400549904981807e-05
2.930464695500945325e-07
4.874527969236294801e-08
8.683087438141770753e-06
5.758957791773543661e-06
6.126597210692407684e-06
-3.755741603913722529e-06
-3.671291912335701916e-07
2.592064762858991147e-07
6.782376559380291376e-06
5.493542650272252192e-07
-1.226501880266464569e-06
-3.723430680714602008e-06
-4.740857463869399876e-06
-5.166141548353480315e-06
2.380878887486763436e-05
5.612218915375731629e-05
-8.955309422916796406e-06
-1.099791734879118063e-04
8.683087438141770753e-06
-3.723430680714602008e-06
1.101878359247801547e-04
-1.601721902337199549e-04
4.434203506043124618e-05
4.409319024666365742e-05
-1.444270383332953102e-04
4.221317490966535504e-05
-8.624283205690854001e-05
5.758957791773543661e-06
-4.740857463869399876e-06
-7.484569993109633698e-05
3.907066003836560356e-04
-1.070699245483672821e-04
-6.222880077222766915e-06
7.036832304665417974e-05
-1.513572503962365392e-05
-3.180632179563639561e-05
6.126597210692407684e-06
-5.166141548353480315e-06
7.951103692281500301e-05
-1.568967617639387222e-04
7.399541651149037615e-05
1.389786881713152243e-05
-7.240427950845301736e-07
-2.330497638316834922e-07
-5.788761610450904088e-05
-1.634253478879030652e-06
1.507707863824678923e-06
-4.501343828541717971e-06
9.303903461897434517e-06
-5.945321711373490015e-06
-1.315247521055763721e-08
1.344511965003531804e-05
-7.193024835394909611e-06
-6.646377592447033114e-06
6.174285064789612096e-08
-1.061892880557958714e-07
1.418207103207670400e-05
-4.609266863699908569e-05
2.958838314988247628e-05
4.171314822140783192e-07
-7.054427718801464824e-06
6.403056467765177694e-06
-2.330934759897085798e-06
4.213238097482870804e-06
-3.523045586918854526e-06
-3.797632272868242688e-06
2.503573512691168232e-05
-1.742955669183529442e-05
-5.788761610450904088e-05
-6.646377592447033114e-06
-2.330934759897085798e-06
2.507326235774817898e-04
-1.488591294723375242e-06
-6.941568060391115058e-07
5.913725747591619618e-06
-1.666784327563145403e-05
1.266299800286023892e-05
-1.634253478879030652e-06
6.174285064789612096e-08
4.213238097482870804e-06
2.166772340784656684e-07
7.047465411270087326e-06
-6.249437850536919486e-06
6.620923664799383824e-06
-3.769917016639361538e-07
-1.930957427046000306e-06
1.507707863824678923e-06
-1.061892880557958714e-07
-3.523045586918854526e-06
-6.919567723816081424e-07
-5.962179500604170842e-06
5.045398655504153057e-06
-5.685469363830662302e-06
5.892412736893792705e-07
1.455589903488009342e-06
-4.501343828541717971e-06
1.418207103207670400e-05
-3.797632272868242688e-06
5.913725747591619618e-06
6.620923664799383824e-06
-5.685469363830662302e-06
2.170935905105548049e-05
-4.091062139603209599e-05
2.833827036310646735e-05
9.303903461897434517e-06
-4.609266863699908569e-05
2.503573512691168232e-05
-1.666784327563145403e-05
-3.769917016639361538e-07
5.892412736893792705e-07
-5.079666538755909692e-05
1.643079063901381129e-04
-1.017222239029184628e-04
-5.945321711373490015e-06
2.958838314988247628e-05
-1.742955669183529442e-05
1.266299800286023892e-05
-1.930957427046000306e-06
1.455589903488009342e-06
3.069122497399899915e-05
-1.057487684488447226e-04
6.874641121505336411e-05
1.858279865726249200e-05
-5.147198166432588565e-07
6.070996985562224421e-07
-7.389750959627270548e-05
3.253423916817144744e-07
-5.475377254203593676e-07
-2.164086092965044657e-06
-6.083790715665125135e-08
1.605373848089231021e-07
-2.145930439794618817e-07
5.426979911014320107e-07
-6.411362503150034912e-07
3.703987310388707495e-07
-1.427978415987054561e-06
2.469600848911930644e-06
1.509822479146380471e-06
-8.118319349879093614e-07
1.546649860064800526e-06
5.379599594477013731e-07
-9.080659319792107589e-07
1.521697489410651603e-06
-1.325054733831075098e-06
2.424263423496393289e-06
-4.191580159474122825e-06
-2.613153777835317806e-06
1.331096908711725636e-06
-2.522365032206290618e-06
-7.389750959627270548e-05
3.703987310388707495e-07
-1.325054733831075098e-06
2.944119597278931424e-04
1.251261099167030674e-06
-1.766041334621725332e-07
6.244501736680709177e-06
6.280015689106435686e-07
-1.185142177484006583e-06
3.253423916817144744e-07
-1.427978415987054561e-06
2.424263423496393289e-06
5.162372070338046635e-07
6.270785476656949011e-06
-1.058697092740978577e-05
-8.787868675207817992e-06
5.492722554156552884e-07
-1.619583987013342951e-07
-5.475377254203593676e-07
2.469600848911930644e-06
-4.191580159474122825e-06
-9.402852357102805740e-07
-1.078523909232064646e-05
1.855060382783496560e-05
1.508142761754455394e-05
-9.882242263335142678e-07
3.742012302322703745e-07
-2.164086092965044657e-06
1.509822479146380471e-06
-2.613153777835317806e-06
6.244501736680709177e-06
-8.787868675207817992e-06
1.508142761754455394e-05
1.364724712402267657e-05
1.072090374873486521e-06
-7.403933472164508026e-06
-6.083790715665125135e-08
-8.118319349879093614e-07
1.331096908711725636e-06
6.280015689106435686e-07
5.492722554156552884e-07
-9.882242263335142678e-07
8.399482454431274969e-07
2.231694043423978791e-06
-1.070093796091471677e-05
1.605373848089231021e-07
1.546649860064800526e-06
-2.522365032206290618e-06
-1.185142177484006583e-06
-1.619583987013342951e-07
3.742012302322703745e-07
-3.308811111068794481e-06
-4.813822521741333646e-06
1.055409400085657703e-05
1.630037265498290121e-05
-2.036471519808188521e-07
8.431640568632509648e-07
-6.435523899346487324e-05
8.292859320434568632e-07
-1.990871501921846846e-06
-8.894439925149430173e-07
5.758511958603126820e-07
-1.430631678670076798e-06
-2.607656634254451832e-07
-4.826603432849208356e-08
8.583903787280624784e-08
-1.090881279978607570e-07
-5.263894533257084327e-07
1.285842353697806326e-06
1.228732594140679525e-06
6.515083423379482618e-07
-1.601829390280232329e-06
8.272200638019034904e-07
8.389995306338620690e-08
-1.132043139545686069e-07
-3.476355690247321727e-07
1.408374546064239751e-06
-3.441956774272872871e-06
-3.159166040253255036e-06
-1.557428744254583786e-06
3.830893711884614723e-06
-6.435523899346487324e-05
-1.090881279978607570e-07
-3.476355690247321727e-07
2.558206220093478642e-04
-5.987408883678897737e-07
1.783527556123574231e-06
1.614972554570997577e-06
2.090735070377486271e-07
-3.940283524378541930e-07
8.292859320434568632e-07
-5.263894533257084327e-07
1.408374546064239751e-06
-8.170739194015322881e-07
2.008906240773881620e-06
-4.974120387742401398e-06
-2.686517102126860145e-06
3.982756683611107909e-07
-9.480392992209281188e-07
-1.990871501921846846e-06
1.285842353697806326e-06
-3.441956774272872871e-06
1.792697056557986891e-06
-4.939938632362859891e-06
1.214716833126766403e-05
6.630627105201881889e-06
-9.438794200422765452e-07
2.244276372064254753e-06
-8.894439925149430173e-07
1.228732594140679525e-06
-3.159166040253255036e-06
1.614972554570997577e-06
-2.686517102126860145e-06
6.630627105201881889e-06
2.114156140322742158e-06
-2.607243667000495838e-06
6.523847843358909167e-06
5.758511958603126820e-07
6.515083423379482618e-07
-1.557428744254583786e-06
2.090735070377486271e-07
3.982756683611107909e-07
-9.438794200422765452e-07
-2.661601637062843458e-06
-2.986067969075938457e-06
7.310201136490403917e-06
-1.430631678670076798e-06
-1.601829390280232329e-06
3.830893711884614723e-06
-3.940283524378541930e-07
-9.480392992209281188e-07
2.244276372064254753e-06
6.479035716409892476e-06
7.314267942936175086e-06
-1.791560868771827452e-05
1.133613926828475333e-05
-3.839549020833244719e-06
7.929870483930887151e-07
-3.276022432052604250e-06
1.880501259952376369e-06
-2.518104525742404558e-07
-2.000285456006767017e-05
2.415212580195463097e-06
-2.186865317936292062e-05
-1.947305696823735952e-05
1.108893152867339273e-05
1.741888015876600114e-05
-3.848217810280415208e-06
7.785227036656872191e-06
3.536981619430805299e-06
-2.825602536746424052e-06
-4.807043685792833701e-06
-4.399059250192189802e-07
3.668381528499729336e-06
-7.618978714311042247e-06
4.434424165641623798e-06
1.557784116230864036e-05
-1.702831586756950021e-05
-1.744464761885180636e-05
1.252261122037322030e-06
3.481064861898849680e-06
2.258302538168309066e-05
9.110622850595406298e-07
-3.184554345188778395e-07
-6.477829328170216064e-06
-2.809040473834820386e-05
3.009698631688405667e-06
-4.555030844362874086e-05
2.268158308274490032e-05
-1.540647273932076048e-05
-3.277815304010005975e-05
-3.276022432052604250e-06
-2.825602536746424052e-06
9.110622850595406298e-07
5.602055789253404030e-06
-1.420433847611124372e-06
1.992589256052273558e-06
2.917498131119343252e-06
6.276277411900461941e-06
-1.876141875130453757e-06
2.527484452461969097e-06
7.132587463457239457e-06
-1.081765780229753369e-06
1.880501259952376369e-06
-4.807043685792833701e-06
-3.184554345188778395e-07
-4.990729447870725426e-06
3.774218300726592257e-05
-3.378327552446042373e-06
-1.870201798036132376e-06
-1.848250690047263179e-06
-3.285428008739004038e-07
-8.071400238223161989e-07
-9.118360121064338387e-06
3.548399231654632007e-06
-2.518104525742404558e-07
-4.399059250192189802e-07
-6.477829328170216064e-06
1.035893021552523503e-06
-5.795573003171019813e-06
3.396500617008289509e-05
2.481153212796594846e-06
1.885459307965993000e-05
-2.397352876150085199e-06
-3.857292566214539929e-07
-1.473150139275283894e-05
6.241355947297143016e-06
-2.000285456006767017e-05
3.668381528499729336e-06
-2.809040473834820386e-05
2.917498131119343252e-06
-1.870201798036132376e-06
2.481153212796594846e-06
6.667716790522837530e-05
-1.311565923884570501e-05
8.954769174464468056e-05
6.084843440452469531e-06
5.280005154245852491e-07
1.169235868008263494e-05
2.415212580195463097e-06
-7.618978714311042247e-06
3.009698631688405667e-06
6.276277411900461941e-06
-1.848250690047263179e-06
1.885459307965993000e-05
-1.368693155305010770e-05
2.695230797694792515e-05
-1.515079753478243780e-05
-4.330650715539513338e-06
1.057785213812988255e-06
-8.042763216839871147e-06
-2.186865317936292062e-05
4.434424165641623798e-06
-4.555030844362874086e-05
-1.876141875130453757e-06
-3.285428008739004038e-07
-2.397352876150085199e-06
8.919659555787079204e-05
-1.421464300153332991e-05
1.759974191602299380e-04
-9.786750245833683581e-06
-8.784866461173504689e-07
-1.431363626100422393e-05
-1.947305696823735952e-05
1.557784116230864036e-05
2.268158308274490032e-05
2.527484452461969097e-06
-8.071400238223161989e-07
-3.857292566214539929e-07
6.084843440452469531e-06
-4.330650715539513338e-06
-9.786750245833683581e-06
6.730829124141717273e-05
-5.289433607480956151e-05
-7.104185481834791470e-05
1.108893152867339273e-05
-1.702831586756950021e-05
-1.540647273932076048e-05
7.132587463457239457e-06
-9.118360121064338387e-06
-1.473150139275283894e-05
5.280005154245852491e-07
1.057785213812988255e-06
-8.784866461173504689e-07
-5.351737331271587330e-05
6.893074179695362117e-05
6.779559614831023873e-05
1.741888015876600114e-05
-1.744464761885180636e-05
-3.277815304010005975e-05
-1.081765780229753369e-06
3.548399231654632007e-06
6.241355947297143016e-06
1.169235868008263494e-05
-8.042763216839871147e-06
-1.431363626100422393e-05
-7.310035739372632284e-05
6.882882550111734537e-05
1.358266983280535019e-04
1.079297634797628563e-05
-4.167304305999375793e-06
5.460963412034718339e-07
-1.980889310504344523e-06
3.821209805487993611e-07
-4.305038877955217124e-08
-1.915399991322525562e-05
4.984054433556933101e-06
-2.055535204249697969e-05
-1.914644274968340496e-05
1.006371931705913854e-05
1.860665948090136721e-05
-3.857067366920085603e-06
3.836528798857049209e-06
2.369701697870310325e-06
-2.232725930647662635e-06
5.008221454019695921e-06
-1.009448903867841020e-06
5.614444626836894677e-06
-6.754053436604918236e-06
7.043081107562613398e-06
1.205015764430436216e-05
-1.256654130026772274e-05
-1.481319587143392212e-05
5.084231521768082758e-07
2.188045306417014094e-06
2.206844057510533175e-05
2.780553650707349385e-07
-9.952856351448020910e-07
-2.958400444299892694e-06
-2.654349139629432169e-05
7.250611070102106655e-06
-4.256363972274182646e-05
2.427281430373213106e-05
-1.497827764259548642e-05
-3.677741187806551177e-05
-1.980889310504344523e-06
-2.232725930647662635e-06
2.780553650707349385e-07
2.762406346811767529e-06
-6.745954136169583137e-07
2.025960452478350120e-07
2.107765404453141277e-06
4.002330736283914746e-06
-8.336313304109406430e-08
2.012755223755144604e-06
3.638152678279310203e-06
-6.815433409286970277e-07
3.821209805487993611e-07
5.008221454019695921e-06
-9.952856351448020910e-07
-1.093670261516413481e-07
-1.761806401015245368e-05
3.377933289651444820e-06
-1.025976016467731627e-06
8.044199604912317416e-07
-6.237952697552545498e-07
-1.684040847849556615e-06
-6.721645400085820415e-07
1.550458584893355194e-06
-4.305038877955217124e-08
-1.009448903867841020e-06
-2.958400444299892694e-06
1.938429070195479099e-07
3.180223968285098769e-06
6.628272721585487137e-06
1.700064240382213155e-06
6.877760171217912855e-06
1.523809076421459051e-06
-1.547065911689973225e-06
-6.091902626406972291e-06
3.174771326142277433e-06
-1.915399991322525562e-05
5.614444626836894677e-06
-2.654349139629432169e-05
2.107765404453141277e-06
-1.025976016467731627e-06
1.700064240382213155e-06
6.467288903079896365e-05
-2.114123124689896218e-05
8.633734498968088965e-05
4.921834802203723146e-06
3.431338693170567491e-07
1.059196417456192953e-05
4.984054433556933101e-06
-6.754053436604918236e-06
7.250611070102106655e-06
4.002330736283914746e-06
8.044199604912317416e-07
6.877760171217912855e-06
-2.117662888965734575e-05
2.343466400658507736e-05
-2.677998923391514927e-05
-2.583425029790484352e-06
4.778924910919562093e-07
-5.713424608742354621e-06
-2.055535204249697969e-05
7.043081107562613398e-06
-4.256363972274182646e-05
-8.336313304109406430e-08
-6.237952697552545498e-07
1.523809076421459051e-06
8.661373014675672775e-05
-2.695633846834276368e-05
1.733700880046878761e-04
-1.031959161020459245e-05
1.693321025237407967e-06
-1.631780615162597666e-05
-1.914644274968340496e-05
1.205015764430436216e-05
2.427281430373213106e-05
2.012755223755144604e-06
-1.684040847849556615e-06
-1.547065911689973225e-06
4.921834802203723146e-06
-2.583425029790484352e-06
-1.031959161020459245e-05
6.484476989783766643e-05
-4.297027356405984995e-05
-7.860720448363716403e-05
1.006371931705913854e-05
-1.256654130026772274e-05
-1.497827764259548642e-05
3.638152678279310203e-06
-6.721645400085820415e-07
-6.091902626406972291e-06
3.431338693170567491e-07
4.778924910919562093e-07
1.693321025237407967e-06
-4.265413471206802029e-05
4.657749336788567394e-05
6.132648617144965811e-05
1.860665948090136721e-05
-1.481319587143392212e-05
-3.677741187806551177e-05
-6.815433409286970277e-07
1.550458584893355194e-06
3.174771326142277433e-06
1.059196417456192953e-05
-5.713424608742354621e-06
-1.631780615162597666e-05
-7.875438021896338163e-05
6.080157037885250290e-05
1.502523489241412865e-04
1.107287046205495815e-05
-4.217597730667758522e-06
4.919126838047684985e-07
-1.836375833781746621e-06
3.083021181794856278e-07
-1.770378149781306589e-08
-1.919476312435884643e-05
5.384387758238743352e-06
-2.034775721057128372e-05
-1.919769027763400861e-05
1.000346750372192151e-05
1.854184977092658966e-05
-4.191457999176479546e-06
3.703469704462761621e-06
2.137108272597495541e-06
-1.963942076621837071e-06
4.819861187426359255e-06
-8.517456692802866958e-07
5.936603708506766629e-06
-6.697731253129764627e-06
7.330083000328817005e-06
1.186133144592057052e-05
-1.198020883447818033e-05
-1.444637836300504223e-05
4.934565459846771114e-07
1.999180586983527165e-06
2.199030209738104757e-05
2.377105639302696109e-07
-8.229652264163246976e-07
-2.527004904566005320e-06
-2.631564798209664802e-05
7.912112515867901084e-06
-4.218182754346972590e-05
2.424121942917767549e-05
-1.497081842315242221e-05
-3.687633707098851587e-05
-1.836375833781746621e-06
-1.963942076621837071e-06
2.377105639302696109e-07
2.426660657982436140e-06
1.626617120849370942e-07
7.138617956995985654e-08
1.946427366924892289e-06
3.567325420052399593e-06
1.110799592371337917e-07
1.778723474446169772e-06
3.342657651628240100e-06
-7.082085147261550157e-07
3.083021181794856278e-07
4.819861187426359255e-06
-8.229652264163246976e-07
1.355162728461713440e-07
-1.803040410549076427e-05
2.826493641578499441e-06
-2.908296837981285794e-07
1.199288449779078061e-06
-2.259953496701702991e-07
-8.036095547653053364e-07
-4.713995512194019928e-08
9.146175323599816582e-07
-1.770378149781306589e-08
-8.517456692802866958e-07
-2.527004904566005320e-06
5.537322947145340244e-08
2.771134822872622164e-06
5.145481447220516819e-06
1.385482554795977338e-06
5.643051469397017311e-06
1.402665844121652260e-06
-1.331867664116369539e-06
-5.127936068356241341e-06
2.615514765410245029e-06
-1.919476312435884643e-05
5.936603708506766629e-06
-2.631564798209664802e-05
1.946427366924892289e-06
-2.908296837981285794e-07
1.385482554795977338e-06
6.362925885661823897e-05
-2.216138152176835746e-05
8.614657118364909627e-05
4.419746704222080414e-06
5.252060340413506023e-07
1.027393072194858030e-05
5.384387758238743352e-06
-6.697731253129764627e-06
7.912112515867901084e-06
3.567325420052399593e-06
1.199288449779078061e-06
5.643051469397017311e-06
-2.192411601854098825e-05
2.270989786318342881e-05
-2.881033638345987499e-05
-2.056760754599632501e-06
5.817572873843883638e-07
-5.601531227454010881e-06
-2.034775721057128372e-05
7.330083000328817005e-06
-4.218182754346972590e-05
1.110799592371337917e-07
-2.259953496701702991e-07
1.402665844121652260e-06
8.589829572025010961e-05
-2.884284885507324727e-05
1.723163625207937066e-04
-1.010640895703930202e-05
2.003020983719106108e-06
-1.672625818207722779e-05
-1.919769027763400861e-05
1.186133144592057052e-05
2.424121942917767549e-05
1.778723474446169772e-06
-8.036095547653053364e-07
-1.331867664116369539e-06
4.419746704222080414e-06
-2.056760754599632501e-06
-1.010640895703930202e-05
6.396835697769417137e-05
-4.222505854335786130e-05
-7.857807836066465590e-05
1.000346750372192151e-05
-1.198020883447818033e-05
-1.497081842315242221e-05
3.342657651628240100e-06
-4.713995512194019928e-08
-5.127936068356241341e-06
5.252060340413506023e-07
5.817572873843883638e-07
2.003020983719106108e-06
-4.174089349940952756e-05
4.370042459955693522e-05
6.034614154535942576e-05
1.854184977092658966e-05
-1.444637836300504223e-05
-3.687633707098851587e-05
-7.082085147261550157e-07
9.146175323599816582e-07
2.615514765410245029e-06
1.027393072194858030e-05
-5.601531227454010881e-06
-1.672625818207722779e-05
-7.886024941080572949e-05
5.967992479489201470e-05
1.507049501033202771e-04
8.636724589996774663e-04
-2.905693431899264716e-04
2.520988035477527756e-04
-8.635717481799700616e-04
1.344447590274207250e-04
7.397567902289903404e-05
-1.384520139241392212e-04
2.219471045985719926e-05
-4.112808710337089249e-05
1.384358693595335926e-04
-2.155232282206953493e-05
-1.185875691114255389e-05
5.707648435566774306e-05
-9.149711935824465054e-06
3.771945061413860008e-06
-5.706982880069930679e-05
8.884889294973554014e-06
4.888741840096052303e-06
-8.635717481799700616e-04
1.384358693595335926e-04
-5.706982880069930679e-05
8.634710491039150398e-04
-2.865464110051972602e-04
-2.689893720845626737e-04
1.344447590274207250e-04
-2.155232282206953493e-05
8.884889294973554014e-06
-1.344290817394099555e-04
2.092852798719254119e-05
4.349390080054233820e-05
7.397567902289903404e-05
-1.185875691114255389e-05
4.888741840096052303e-06
-7.396705289247764792e-05
1.151552563299596667e-05
6.336199597284040343e-06
1.477464315234934024e-04
-2.160331507881876001e-06
7.129960801467322187e-07
-1.477457622804296037e-04
1.117189505211711668e-06
6.716084346300842518e-07
-8.463943636038850940e-07
4.848735846617939168e-09
3.794203079878505277e-07
8.463905297139267064e-07
-6.400038840430861382e-09
-3.847440427204269897e-09
4.864241527138656673e-07
-2.786576006838272836e-09
1.601449550448821529e-09
-4.864219493713738797e-07
3.678112241969851509e-09
2.211129977226163458e-09
-1.477457622804296037e-04
8.463905297139267064e-07
-4.864219493713738797e-07
1.477450930403972614e-04
-2.431121588986250717e-06
-8.981773198961673455e-07
1.117189505211711668e-06
-6.400038840430861382e-09
3.678112241969851509e-09
-1.117184444708258433e-06
8.447665217255617650e-09
-3.771284947094596881e-07
6.716084346300842518e-07
-3.847440427204269897e-09
2.211129977226163458e-09
-6.716053924633010058e-07
5.078389285229250104e-09
3.052919010067642462e-09
-1.541498749125519054e-06
3.782977096427318763e-07
-3.033701748416980611e-07
1.541498332991388607e-06
1.551100566900403290e-08
8.042303216561085136e-08
-1.549001886839267388e-08
-1.556541545297806775e-10
-2.172410455875409469e-08
1.549001468679170716e-08
1.558650440632657806e-10
8.081448567268961551e-10
8.041631171545569637e-08
8.080773250474397806e-10
-4.195127108312229278e-09
-8.041629000672982570e-08
-8.091721563603630301e-10
-4.195477698222568944e-09
1.541498332991388607e-06
1.549001468679170716e-08
-8.041629000672982570e-08
-1.541497916857369969e-06
3.782767270293886638e-07
3.033634761020828699e-07
1.551100566900403290e-08
1.558650440632657806e-10
-8.091721563603630301e-10
-1.551100148173588305e-08
-1.560762193215910077e-10
2.172294210428126692e-08
8.042303216561085136e-08
8.081448567268961551e-10
-4.195477698222568944e-09
-8.042301045507083463e-08
-8.092397795203838700e-10
-4.195828317300788415e-09
1.809651429328846845e-04
5.240584353965730799e-06
5.044605736908976893e-06
-1.809481645718197707e-04
4.100899546913070000e-06
-7.523525910919939843e-06
-5.016884594180438350e-06
1.390827571731350638e-07
-1.026699912953091796e-06
5.016413904208428959e-06
-1.136889647682404419e-07
2.085742073014258413e-07
-6.353337427177896549e-06
1.761331499727730998e-07
2.230534334369266344e-07
6.352741349640178327e-06
-1.439746801745409800e-07
2.641364960096237530e-07
-1.809481645718197707e-04
5.016413904208428959e-06
6.352741349640178327e-06
1.809311878036843940e-04
6.156954152418132103e-06
-3.875123119154823301e-06
4.100899546913070000e-06
-1.136889647682404419e-07
-1.439746801745409800e-07
-4.100514795728037893e-06
9.293158241042004100e-08
1.032340428271164213e-06
-7.523525910919939843e-06
2.085742073014258413e-07
2.641364960096237530e-07
7.522820044932047600e-06
-1.704926346547017147e-07
3.127864361883425660e-07
9.584983422067204365e-05
1.595034404489092120e-06
1.389475857454374074e-06
-9.584966361161682640e-05
1.266009469257407567e-06
-1.646660465043292167e-06
-1.305160770070705026e-06
1.777201441801357164e-08
2.178426765357646278e-08
1.305158446934231227e-06
-1.723890194747007874e-08
2.242212162468177867e-08
-1.599944457181487966e-06
2.178600262363300819e-08
2.670659043782977255e-08
1.599941609341269341e-06
-2.113248133966759166e-08
2.748638331329319629e-08
-9.584966361161682640e-05
1.305158446934231227e-06
1.599941609341269341e-06
9.584949300286528062e-05
1.634187958751035423e-06
-1.342762780585490522e-06
1.266009469257407567e-06
-1.723890194747007874e-08
-2.113248133966759166e-08
-1.266007215808761723e-06
1.672178141238296218e-08
-2.174778351734993408e-08
-1.646660465043292167e-06
2.242212162468177867e-08
2.748638331329319629e-08
1.646657534050372153e-06
-2.174951848740688646e-08
2.828894498548187686e-08
-3.240140810181325324e-06
-9.280312358469312509e-11
7.408779459496859590e-11
3.240140810037259419e-06
-3.954988717134130785e-11
-6.058419025724860906e-11
3.995384728954550607e-11
-4.926726347912647376e-16
-7.766138757448568556e-14
-3.995384728830364948e-11
4.876820339706402508e-16
7.470586029765068049e-16
-5.168364800239975623e-11
6.373069892142310801e-16
-8.244067205617686747e-16
5.168364800010175802e-11
-6.308625182525282401e-16
-9.663697636337088920e-16
3.240140810037259419e-06
-3.995384728830364948e-11
5.168364800010175802e-11
-3.240140809893205373e-06
-9.320708370346804562e-11
-6.518725234281266187e-11
-3.954988717134130785e-11
4.876820339706402508e-16
-6.308625182525282401e-16
3.954988717077055969e-11
-4.827593731524747373e-16
7.755918967469371178e-14
-6.058419025724860906e-11
7.470586029765068049e-16
-9.663697636337088920e-16
6.058419025455563210e-11
-7.395049836915796002e-16
-1.132797463586832060e-15
-3.823304775054630608e-06
1.644982248637815285e-07
-1.183809800814726052e-07
3.823305004039693907e-06
6.601145782658537145e-08
1.121084927798391455e-07
-6.601165924042471986e-08
-1.139731047370668776e-09
1.935733428070623216e-09
6.601166319398925000e-08
1.139727569829575237e-09
1.935620636793754411e-09
1.121206426310018927e-07
1.935830411287429169e-09
-3.288003244199924958e-09
-1.121206493461226622e-07
-1.935824504712786502e-09
-3.287646942737476412e-09
3.823305004039693907e-06
6.601166319398925000e-08
-1.121206493461226622e-07
-3.823305233024785158e-06
1.644984223240665906e-07
1.183931232182414299e-07
6.601145782658537145e-08
1.139727569829575237e-09
-1.935824504712786502e-09
-6.601146178013963132e-08
-1.139724092318375386e-09
-1.935517748203879517e-09
1.121084927798391455e-07
1.935620636793754411e-09
-3.287646942737476412e-09
-1.121084994942330812e-07
-1.935614730854029941e-09
-3.287290679871065143e-09
-3.277929950655209209e-06
-1.054988802441841794e-10
1.473830066597782068e-10
3.277929950635396261e-06
-9.303247767038621646e-11
-5.623580543101922757e-11
9.353527645441360274e-11
-2.669015085167013517e-15
-1.923838345093826269e-14
-9.353527645371272226e-11
2.654667987790617315e-15
1.604681326806928338e-15
-5.263825175653345941e-11
1.502025039867214376e-15
-8.452814864047736516e-16
5.263825175621522752e-11
-1.493951357267964553e-15
-9.030538035929104367e-16
3.277929950635396261e-06
-9.353527645371272226e-11
5.263825175621522752e-11
-3.277929950615590090e-06
-1.060016790288989657e-10
-1.437854529856318799e-10
-9.303247767038621646e-11
2.654667987790617315e-15
-1.493951357267964553e-15
9.303247766969876475e-11
-2.640399654805680025e-15
1.914435365117606036e-14
-5.623580543101922757e-11
1.604681326806928338e-15
-9.030538035929104367e-16
5.623580543067982502e-11
-1.596054659014501630e-15
-9.647727751627944537e-16
-3.085018828995676863e-06
-2.102218964480301494e-09
2.821829445713534138e-09
3.085018898995664200e-06
5.856347720777585058e-10
7.487267974410493308e-10
-3.181405240648306083e-10
-3.280803129490786393e-14
-2.468251389682901548e-11
3.181405312835659690e-10
6.039319722902088063e-14
7.721195511012906056e-14
9.536773412415756610e-10
9.834734293862663165e-14
-2.948119649765529095e-13
-9.536773628808047399e-10
-1.810383163535627668e-13
-2.314552406627351519e-13
3.085018898995664200e-06
3.181405312835659690e-10
-9.536773628808047399e-10
-3.085018968995656619e-06
-2.369713225781930393e-09
-2.616878918901846921e-09
5.856347720777585058e-10
6.039319722902088063e-14
-1.810383163535627668e-13
-5.856347853664575429e-10
-1.111721209544009093e-13
2.463872906168855625e-11
7.487267974410493308e-10
7.721195511012906056e-14
-2.314552406627351519e-13
-7.487268144298891684e-10
-1.421321780780361103e-13
-1.817142262641272405e-13
2.482209940252804887e-05
-1.706821883551780338e-08
6.314540351059481984e-10
-2.482209940212802909e-05
7.861958754480746828e-09
-2.745522610672782896e-09
-7.783006768693460234e-09
2.440373548839270983e-12
5.609158777206338555e-09
7.783006768572265039e-09
-2.465129039876021650e-12
8.608627606902800877e-13
-2.720374962211606701e-09
8.529776807402573599e-13
2.981391675048103036e-13
2.720374962167752066e-09
-8.616304118783354710e-13
3.008952144342518240e-13
-2.482209940212802909e-05
7.783006768572265039e-09
2.720374962167752066e-09
2.482209940172801948e-05
-1.714717082117858263e-08
-6.063063866889992825e-10
7.861958754480746828e-09
-2.465129039876021650e-12
-8.616304118783354710e-13
-7.861958754354236171e-09
2.490135691337853151e-12
-5.609175395010238553e-09
-2.745522610672782896e-09
8.608627606902800877e-13
3.008952144342518240e-13
2.745522610628555617e-09
-8.695954846413405137e-13
3.036767521326948393e-13
-6.999524948375756245e-07
2.505404213149035637e-09
-7.267602281988613879e-11
6.999526988346708297e-07
7.936378965882087920e-10
-5.463385080048070619e-12
-6.880846290356631364e-10
-6.764179768398318417e-13
8.181549007708261856e-14
6.880848295738896690e-10
7.801815661224699835e-13
-5.370752410224565343e-15
8.339632406204439286e-12
8.198232121731851339e-15
-9.936434359528134740e-17
-8.339634836740021394e-12
-9.455854041652056246e-15
6.509475490552904566e-17
6.999526988346708297e-07
6.880848295738896690e-10
-8.339634836740021394e-12
-6.999529028318245861e-07
2.399850714294990780e-09
8.647904189840884147e-11
7.936378965882087920e-10
7.801815661224699835e-13
-9.455854041652056246e-15
-7.936381278897086137e-10
-8.998626495020888485e-13
-6.742262416979070955e-14
-5.463385080048070619e-12
-5.370752410224565343e-15
6.509475490552904566e-17
5.463386672318256934e-12
6.194633785560057668e-15
-4.264331591027933952e-17
-3.255000377964706743e-06
4.149399427328830012e-10
7.952991320507172925e-12
3.255000377967743779e-06
-1.291460599781044015e-11
-7.092194922067895458e-13
1.293052103829345191e-11
-5.136493229887753676e-17
-8.905277688075256396e-17
-1.293052103689426298e-11
5.130420969072115006e-17
2.819532589046072618e-18
8.031963288189542199e-12
-3.190539452136738548e-17
-1.982056673719864368e-17
-8.031963288197030445e-12
3.186967353195936743e-17
1.750241954882519594e-18
3.255000377967743779e-06
-1.293052103689426298e-11
-8.031963288197030445e-12
-3.255000377970785898e-06
4.149240276926701156e-10
7.881914598897849603e-13
-1.291460599781044015e-11
5.130420969072115006e-17
3.186967353195936743e-17
1.291460599808042738e-11
-5.124121937159529259e-17
5.433419130874687545e-17
-7.092194922067895458e-13
2.819532589046072618e-18
1.750241954882519594e-18
7.092194922074178072e-13
-2.813191050666669279e-18
-1.533085970226517963e-19
-2.886122019307841555e-06
1.987303433715746318e-09
-1.969600578649447739e-09
2.886122019310804053e-06
-1.063747410208255064e-11
-3.222844390176637248e-13
1.087768469359247807e-11
-4.099669431615298973e-17
-2.378068201936732501e-14
-1.087768469381482648e-11
4.009240563608173918e-17
1.216923277196251711e-18
6.750638756618069816e-12
-2.544041580249863032e-17
-1.579047669437695020e-17
-6.750638756622117669e-12
2.488397798845507555e-17
7.543614891135617989e-19
2.886122019310804053e-06
-1.087768469381482648e-11
-6.750638756622117669e-12
-2.886122019313772056e-06
1.987063223124273410e-09
1.976673501845086160e-09
-1.063747410208255064e-11
4.009240563608173918e-17
2.488397798845507555e-17
1.063747410211986424e-11
-3.920670388796315843e-17
2.375405583088595395e-14
-3.222844390176637248e-13
1.216923277196251711e-18
7.543614891135617989e-19
3.222844390208185626e-13
-1.185772918480699641e-18
-3.655661609561577415e-20
1.089501809093915987e-04
-1.514662151013062122e-05
-1.691964262619127614e-05
-1.089501687354253636e-04
1.413160595942223624e-05
-1.232243679786330734e-05
-1.428917804700064714e-05
1.874073154855008614e-06
-4.605071698536479117e-06
1.428917645034453090e-05
-1.853407052276139594e-06
1.616128508533816410e-06
-1.248824306103842857e-05
1.637874550587503352e-06
1.431445211470361805e-06
1.248824166561666791e-05
-1.619813097977779373e-06
1.412439929438719148e-06
-1.089501687354253636e-04
1.428917645034453090e-05
1.248824166561666791e-05
1.089501565614605516e-04
-1.498904784350311046e-05
1.675383498612148831e-05
1.413160595942223624e-05
-1.853407052276139594e-06
-1.619813097977779373e-06
-1.413160438037313468e-05
1.832968842506653515e-06
4.644639391495945228e-06
-1.232243679786330734e-05
1.616128508533816410e-06
1.412439929438719148e-06
1.232243542096863905e-05
-1.598306857628037665e-06
1.393686980323831586e-06
6.222943034365349744e-05
-3.781347382665004344e-07
-1.991556180479072081e-07
-6.222942894892877544e-05
1.248157639395229179e-08
-2.735066738364850646e-08
-1.888064417880057639e-08
5.728458755951709601e-12
-7.615823426078476973e-08
1.888064375561747640e-08
-3.786957411722328219e-12
8.298295774838891103e-12
-2.212771248968066446e-08
6.713631531222588551e-12
7.868233028102776709e-12
2.212771199374053127e-08
-4.438233361025362024e-12
9.725425733915827672e-12
-6.222942894892877544e-05
1.888064375561747640e-08
2.212771199374053127e-08
6.222942755420409410e-05
-3.717356702019097665e-07
2.043785723288749305e-07
1.248157639395229179e-08
-3.786957411722328219e-12
-4.438233361025362024e-12
-1.248157611420987707e-08
2.503473817468717444e-12
7.615946207247020231e-08
-2.735066738364850646e-08
8.298295774838891103e-12
9.725425733915827672e-12
2.735066677064840010e-08
-5.485819845758048241e-12
1.202098430988302834e-11
-4.663466303592104682e-07
-6.874197035606912577e-09
6.425288636044613378e-09
4.663470091381553020e-07
-2.341653667999746983e-10
-4.151441721526445806e-10
6.387705574692224029e-11
-8.749453500129178706e-15
-1.678281405699171385e-09
-6.387710762960049107e-11
3.207441203424312357e-14
5.686368427767972292e-14
-5.121062410521600943e-10
7.014490305318276721e-14
-5.623559482116058530e-13
5.121066569982614525e-10
-2.571425154838702254e-13
-4.558796123352996267e-13
4.663470091381553020e-07
-6.387710762960049107e-11
5.121066569982614525e-10
-4.663473879174099382e-07
-6.703908534358780396e-09
-6.522250367753154620e-09
-2.341653667999746983e-10
3.207441203424312357e-14
-2.571425154838702254e-13
2.341655569950551320e-10
-1.175808198945284322e-13
1.678143095386827076e-09
-4.151441721526445806e-10
5.686368427767972292e-14
-4.558796123352996267e-13
4.151445093436185416e-10
-2.084552153968678049e-13
-3.695634791607351208e-13
-7.557343988396351440e-07
-8.072880276438545282e-10
4.668673042619130579e-09
7.557343988401318230e-07
-2.572352188079488578e-12
7.340557280239422602e-14
2.452881212389776808e-12
-7.960718938291210385e-18
-4.024563386693963172e-16
-2.452881212398014283e-12
8.349277600320387471e-18
-2.375543355563160249e-19
1.702526732723330999e-12
-5.525201061642857597e-18
-3.836248944294243986e-18
-1.702526732724451812e-12
5.795187315624973019e-18
-1.646997841069789485e-19
7.557343988401318230e-07
-2.452881212398014283e-12
-1.702526732724451812e-12
-7.557343988406314665e-07
-8.071685566683102714e-10
-4.667043921459210432e-09
-2.572352188079488578e-12
8.349277600320387471e-18
5.795187315624973019e-18
2.572352187933954873e-12
-8.756169699284291292e-18
3.971817510715705666e-16
7.340557280239422602e-14
-2.375543355563160249e-19
-1.646997841069789485e-19
-7.340557280245835726e-14
2.506140353548861342e-19
-6.571473277720174195e-21
8.838937182369031008e-05
5.258641288784776864e-07
3.836083000620895327e-07
-6.999479800447141640e-05
5.834831337704969729e-07
-9.817328314433828268e-07
8.734719040072466551e-08
8.631729712798719003e-11
-4.518640146254945769e-07
-6.916950332614737650e-08
5.766034007211197238e-10
-9.701574157775953234e-10
2.591320923887678305e-08
2.560767176621712580e-11
7.597004021486954187e-12
-2.052045182469107613e-08
1.710603913207433680e-10
-2.878156926889824253e-10
-6.999479800447141640e-05
-6.916950332614737650e-08
-2.052045182469107613e-08
5.542829015075814117e-05
5.485828227592568013e-07
-9.098429686042835413e-07
5.834831337704969729e-07
5.766034007211197238e-10
1.710603913207433680e-10
-4.620553720954914141e-07
3.851736474312724882e-09
-1.929632118405013735e-07
-9.817328314433828268e-07
-9.701574157775953234e-10
-2.878156926889824253e-10
7.774259485439669536e-07
-6.480694875381482656e-09
1.090401857653643682e-08
3.891903099664629776e-06
-2.358540039736567759e-07
2.142351581630646450e-08
-3.371159990465148497e-06
2.063013242879816725e-07
-1.427117219106854993e-09
-2.445347241980127089e-07
1.536452213924068110e-08
-1.456993207266073964e-09
2.118155712989905613e-07
-1.296225423516194948e-08
8.966814091671510537e-11
1.778762443464828926e-08
-1.117625933602765163e-09
8.129688097488380676e-11
-1.540761069428327343e-08
9.428833099989128939e-10
-6.522522382415179940e-12
-3.371159990465148497e-06
2.118155712989905613e-07
-1.540761069428327343e-08
2.920093175570652152e-06
-1.636080400872869085e-07
1.411098732172451146e-08
2.063013242879816725e-07
-1.296225423516194948e-08
9.428833099989128939e-10
-1.786978639009665616e-07
1.093558480595965048e-08
-3.999113028667608500e-10
-1.427117219106854993e-09
8.966814091671510537e-11
-6.522522382415179940e-12
1.236166561077027272e-09
-7.564838195429509326e-11
5.233078748937542481e-13
8.806527536160232879e-08
-3.131461328884060923e-08
-4.037323056972242117e-08
-7.274101167970070463e-08
-5.559084505178666780e-10
-7.716429745091288479e-10
-1.497279443526206236e-09
2.545663682925240451e-11
2.887473681463747831e-11
1.236737420533431712e-09
9.451515281524834799e-12
1.311941804967249377e-11
-1.704167057876137111e-09
2.897412508111780705e-11
3.297764470276958114e-11
1.407624462106212936e-09
1.075748488185840317e-11
1.493220264784902066e-11
-7.274101167970070463e-08
1.236737420533431712e-09
1.407624462106212936e-09
6.008332749155254663e-08
-9.318313396536673296e-08
-9.518475255808094714e-08
-5.559084505178666780e-10
9.451515281524834799e-12
1.075748488185840317e-11
4.591746624972944110e-10
3.509149369224176930e-12
-6.466704903902952586e-11
-7.716429745091288479e-10
1.311941804967249377e-11
1.493220264784902066e-11
6.373691604420900113e-10
4.870964726879585763e-12
6.761267458501541878e-12
-4.102797098376641015e-06
-1.326164584748613766e-09
7.774211699449352383e-10
3.487051949850434747e-06
2.624078230474782723e-10
-2.571482934240944164e-10
1.061627909599566600e-09
-2.747037676445401939e-13
-2.850857251290276729e-11
-9.022994760452550089e-10
-6.789989001185751400e-14
6.653895048619913338e-14
-1.373996166552278647e-09
3.555312762749117380e-13
-4.601410721057715860e-13
1.167787705991954959e-09
8.787842540762411943e-14
-8.611704609646258528e-14
3.487051949850434747e-06
-9.022994760452550089e-10
1.167787705991954959e-09
-2.963717437005820531e-06
-1.363751102349056692e-08
-2.161419243934935080e-09
2.624078230474782723e-10
-6.789989001185751400e-14
8.787842540762411943e-14
-2.230258258145432749e-10
-1.678315280464153062e-14
-7.237656735784035392e-15
-2.571482934240944164e-10
6.653895048619913338e-14
-8.611704609646258528e-14
2.185556430125506737e-10
1.644676283499692830e-14
-1.611711200219579841e-14
1.918118330844924605e-04
-4.489670507124546805e-07
4.024914257277729653e-07
-4.782369470652016050e-05
6.061195439058367939e-07
-5.531293718427008752e-07
-1.375477343510102169e-06
9.863509941356372855e-09
-1.068264066522331010e-07
3.429423904352629808e-07
-4.346466465049599461e-09
3.966475408555144353e-09
1.127839453297797402e-06
-8.087705488139779940e-09
6.631612930017189266e-09
-2.811998030836975789e-07
3.563938282842922767e-09
-3.252359973363389366e-09
-4.782369470652016050e-05
3.429423904352629808e-07
-2.811998030836975789e-07
1.192369489725372649e-05
-9.037549246408474435e-08
7.038094599844510166e-08
6.061195439058367939e-07
-4.346466465049599461e-09
3.563938282842922767e-09
-1.511214170537622906e-07
1.915319277215946277e-09
-1.754964462314099721e-08
-5.531293718427008752e-07
3.966475408555144353e-09
-3.252359973363389366e-09
1.379095845487405227e-07
-1.747871949248464728e-09
1.595063751151582472e-09
1.150515404478514632e-04
-8.844566921437149000e-07
7.092729306308078676e-07
-2.725425582023424561e-05
3.488798284722325638e-07
-3.186346144525130023e-07
-3.432427887781591602e-07
1.024024637907996886e-09
-3.986415205109414801e-07
8.130987848919449415e-08
-1.040842085272124408e-09
9.506090334831065051e-10
3.714632647883942862e-07
-1.108217121109720402e-09
1.199331678239093023e-09
-8.799495258345560317e-08
1.126417252637053319e-09
-1.028765488047194827e-09
-2.725425582023424561e-05
8.130987848919449415e-08
-8.799495258345560317e-08
6.456188743091647744e-06
-6.677774694547512556e-08
7.996652702875039803e-08
3.488798284722325638e-07
-1.040842085272124408e-09
1.126417252637053319e-09
-8.264522194738908413e-08
1.057935723773964736e-09
-7.676031182079237973e-08
-3.186346144525130023e-07
9.506090334831065051e-10
-1.028765488047194827e-09
7.548051300892169843e-08
-9.662207842054757347e-10
8.824568287578378807e-10
3.130743557771547330e-09
-1.802843681908081074e-07
1.662658259004267165e-07
-1.518652149891411230e-09
4.542634777936826358e-08
-2.088145889475958504e-08
-2.169844914184512566e-07
1.503868606520638409e-05
-6.571533892629455819e-06
1.052542178252386344e-07
-3.148393596597420661e-06
1.447244929114324798e-06
9.580365372763375432e-08
-6.639926489175255778e-06
2.931680573055903293e-06
-4.647216292732842763e-08
1.390088332834014964e-06
-6.389919903563682532e-07
-1.518652149891411230e-09
1.052542178252386344e-07
-4.647216292732842763e-08
7.366634506448973866e-10
5.859257057872814337e-08
3.047764364770637845e-09
4.542634777936826358e-08
-3.148393596597420661e-06
1.390088332834014964e-06
-2.203528313437829564e-08
6.591255510033508702e-07
-2.717718706432331788e-07
-2.088145889475958504e-08
1.447244929114324798e-06
-6.389919903563682532e-07
1.012911848515132281e-08
-3.029850246075392426e-07
1.392753247036013829e-07
-1.147870597231447788e-05
3.764941448739417769e-09
-2.392123928576912414e-09
2.691386353851245368e-06
-2.997797353913479171e-10
2.913375719976918750e-10
-1.056496007068468385e-08
-9.723951593227548900e-12
1.413931071900165913e-09
2.477142408893046403e-09
-2.759162000489586790e-13
2.681460642996813919e-13
1.063142627261503069e-08
9.785126859646732702e-12
-9.846686971550776188e-12
-2.492726589661167220e-09
2.776520431368390441e-13
-2.698330210091660613e-13
2.691386353851245368e-06
2.477142408893046403e-09
-2.492726589661167220e-09
-6.310433008012818633e-07
7.030346419304406557e-11
-6.830986154834105090e-11
-2.997797353913479171e-10
-2.759162000489586790e-13
2.776520431368390441e-13
7.028867983373797414e-11
-7.829095925089658083e-15
7.610915762092826881e-15
2.913375719976918750e-10
2.681460642996813919e-13
-2.698330210091660613e-13
-6.830926478383777943e-11
7.608619211091445380e-15
-7.394351140087250907e-15
-2.472175427758529579e-05
-4.318345015038819329e-05
-1.267076324407692410e-05
-5.728396782093708744e-05
5.758587393939026191e-05
-3.028747016927917085e-05
6.792131456895397681e-05
3.208129713224938087e-04
-6.518156393964964215e-05
-5.670959649114236341e-05
2.459089480405501210e-04
-6.364202879794547345e-06
-1.217790232827159761e-05
9.061194121903247894e-06
-1.963001031122344297e-06
2.694102794185596170e-04
-1.009444919422059070e-03
1.400543445013620325e-04
-2.095016106535875855e-06
6.004280322746019007e-06
2.808210460979447807e-06
2.591044863566102839e-05
-8.760656769172725289e-06
8.698788471085106317e-06
-2.486228462683035136e-05
-3.608467723022982382e-05
1.720952519819425797e-05
-5.728396782093708744e-05
-1.217790232827159761e-05
2.591044863566102839e-05
1.844460423203139765e-04
-1.118118517935301740e-05
4.007419261140001082e-05
-1.528790343524794363e-04
5.613341984748735562e-05
8.803054137357420729e-05
5.758587393939026191e-05
9.061194121903247894e-06
-8.760656769172725289e-06
-8.831872158687920454e-06
-5.571702211790870965e-05
-1.175974131080325529e-06
-6.740564141349345418e-05
-1.267127659691958828e-04
2.655930965514399555e-06
-3.028747016927917085e-05
-1.963001031122344297e-06
8.698788471085106317e-06
4.651990145987252125e-05
1.323961311837343373e-05
7.519766509052432972e-06
-1.450321144790319634e-05
3.400668531389420803e-05
2.236306684898348767e-05
6.792131456895397681e-05
2.694102794185596170e-04
-2.486228462683035136e-05
-1.528790343524794363e-04
-6.740564141349345418e-05
-1.450321144790319634e-05
2.769383981284799555e-04
-8.630465526149839551e-04
2.962084753251748574e-05
3.208129713224938087e-04
-1.009444919422059070e-03
-3.608467723022982382e-05
5.613341984748735562e-05
-1.267127659691958828e-04
3.400668531389420803e-05
-1.242926386397631222e-03
4.002821562245096991e-03
-3.295052739281945369e-04
-6.518156393964964215e-05
1.400543445013620325e-04
1.720952519819425797e-05
8.803054137357420729e-05
2.655930965514399555e-06
2.236306684898348767e-05
8.406716755368927297e-05
-5.688561635260383758e-04
1.287631257569600487e-04
1.214678455838876906e-05
-2.588993766135436916e-05
1.568025250598348785e-05
-3.769212097610356269e-05
1.477640915207948118e-05
-7.595296555482960652e-06
2.569478715801653857e-05
1.075324507816585826e-04
-2.422723985274391858e-05
-2.066680789202842759e-05
1.133034096593314775e-04
-1.769888465533926803e-05
-7.571508262328526767e-06
8.308119482087222653e-06
-3.511491948072255489e-06
1.795339525588420296e-04
-4.175599909183024547e-04
1.249662206586663700e-04
1.190594238471986474e-05
-1.682445074063707556e-05
3.758392527338379480e-06
-1.186938036170002661e-05
-8.940255355001818286e-06
3.068537470102824408e-06
-1.029410199671279292e-05
8.563249282651932233e-05
-1.510191041041841612e-05
-3.769212097610356269e-05
-7.571508262328526767e-06
-1.186938036170002661e-05
8.394106819288254888e-05
2.728098016262884236e-05
-1.280480536862983399e-06
-1.260449867568560090e-04
-8.528210044746688712e-05
-1.905244151967308314e-05
1.477640915207948118e-05
8.308119482087222653e-06
-8.940255355001818286e-06
1.060301167969004690e-05
-4.456609059434807004e-05
1.802689207332759812e-05
-1.300334934614294501e-05
1.172138096138164508e-06
2.170969360704325210e-05
-7.595296555482960652e-06
-3.511491948072255489e-06
3.068537470102824408e-06
-6.843758181234676664e-07
1.841518112765351740e-05
-7.451055214245250840e-06
8.848715805964708830e-08
-4.712410204406404861e-06
-9.384596144151577705e-06
2.569478715801653857e-05
1.795339525588420296e-04
-1.029410199671279292e-05
-1.260449867568560090e-04
-1.300334934614294501e-05
8.848715805964708830e-08
4.378176879693111982e-04
-7.412489830927221530e-04
7.545827818108542080e-05
1.075324507816585826e-04
-4.175599909183024547e-04
8.563249282651932233e-05
-8.528210044746688712e-05
1.172138096138164508e-06
-4.712410204406404861e-06
-4.959510583974811957e-04
1.645200627051772359e-03
-3.527077197745683533e-04
-2.422723985274391858e-05
1.249662206586663700e-04
-1.510191041041841612e-05
-1.905244151967308314e-05
2.170969360704325210e-05
-9.384596144151577705e-06
2.159115637822464737e-04
-4.600791418369962605e-04
1.350156733671735920e-04
1.456196697601382965e-05
-3.459783345290825307e-07
4.310664391998222798e-07
-5.850035024044569407e-05
2.097941588579852016e-06
-3.249682508313436983e-06
-4.507856622493705914e-06
-1.578442948669580542e-06
2.222939242542814899e-06
1.328793108163107921e-07
1.799298071002517133e-06
-1.609766052813783853e-06
-9.551790727595211852e-07
-1.809908594496068307e-06
2.527289006409076747e-06
1.231349863571908021e-07
-4.504772902425392449e-06
6.402789616521234799e-06
5.745512707226436386e-07
-1.984701054341887527e-06
2.262478750730238684e-06
-1.001080893417047337e-06
2.573084908081686030e-06
-3.623914930507979945e-06
-1.195832263753928659e-06
4.613553725015997834e-06
-6.547861153094341289e-06
-5.850035024044569407e-05
-9.551790727595211852e-07
-1.001080893417047337e-06
2.539469833536710719e-04
2.762329052343353423e-06
-2.818723315052313799e-06
-6.585424849709935494e-07
8.155122357512413386e-07
-8.400185785444910465e-07
2.097941588579852016e-06
-1.809908594496068307e-06
2.573084908081686030e-06
2.440606810431118075e-06
7.950467225532153908e-06
-1.159376048832692136e-05
-1.119963362549904957e-05
6.937347857542502276e-07
-8.580409534438249242e-07
-3.249682508313436983e-06
2.527289006409076747e-06
-3.623914930507979945e-06
-2.460281658445815606e-06
-1.133819072246330684e-05
1.617551343490046103e-05
1.607424860064191914e-05
-8.232522849878507355e-07
9.876060290298304179e-07
-4.507856622493705914e-06
1.231349863571908021e-07
-1.195832263753928659e-06
-6.585424849709935494e-07
-1.119963362549904957e-05
1.607424860064191914e-05
2.003777061946366591e-05
8.026242447350591006e-06
-7.714925380533794850e-06
-1.578442948669580542e-06
-4.504772902425392449e-06
4.613553725015997834e-06
8.155122357512413386e-07
6.937347857542502276e-07
-8.232522849878507355e-07
6.620342296929722916e-06
1.368246582986244503e-05
-2.521342429067173322e-05
2.222939242542814899e-06
6.402789616521234799e-06
-6.547861153094341289e-06
-8.400185785444910465e-07
-8.580409534438249242e-07
9.876060290298304179e-07
-9.638607753493591500e-06
-1.952822860126663280e-05
2.787408585713596013e-05
1.508300982531364255e-05
-4.896440902394869150e-07
5.503869999476625922e-07
-6.051792532683320614e-05
1.283573300741208256e-06
-2.113070726846555692e-06
-3.142076937776259151e-06
-2.911112055539625595e-07
7.240626871567609626e-07
-2.478313107359834376e-07
1.155419602033678815e-06
-8.235227959743611957e-07
-1.832969206789651706e-08
-1.250388779171870588e-06
2.096357206974413933e-06
7.299903108550152801e-07
-1.933933002277301108e-06
3.711828322998661811e-06
6.568366324768582767e-07
-1.246614664931583453e-06
1.406696108785311648e-06
-8.610343727232630690e-07
1.818687338127090167e-06
-3.065933222023221587e-06
-1.688997176685211720e-06
1.933167390689278196e-06
-3.565032357967909335e-06
-6.051792532683320614e-05
-1.832969206789651706e-08
-8.610343727232630690e-07
2.528659605645117874e-04
3.232259997966457819e-06
-3.491795026562924255e-06
1.032386227615352039e-06
1.073254553687575770e-06
-8.466478236540907188e-07
1.283573300741208256e-06
-1.250388779171870588e-06
1.818687338127090167e-06
1.836894789445679290e-06
5.230340313186528241e-06
-9.766088081568915439e-06
-8.071324464206343084e-06
8.843596824243444719e-07
-4.744333366063176436e-07
-2.113070726846555692e-06
2.096357206974413933e-06
-3.065933222023221587e-06
-3.473480216244313195e-06
-8.919261612836883342e-06
1.521187404707738110e-05
1.380856358223706552e-05
-1.437913952753227045e-06
6.612704433602572576e-07
-3.142076937776259151e-06
7.299903108550152801e-07
-1.688997176685211720e-06
1.032386227615352039e-06
-8.071324464206343084e-06
1.380856358223706552e-05
1.421434371640157597e-05
1.610114259292948675e-06
-7.716724073721555743e-06
-2.911112055539625595e-07
-1.933933002277301108e-06
1.933167390689278196e-06
1.073254553687575770e-06
8.843596824243444719e-07
-1.437913952753227045e-06
1.076220750234455390e-06
3.623979836032454561e-06
-1.652595277059593450e-05
7.240626871567609626e-07
3.711828322998661811e-06
-3.565032357967909335e-06
-8.466478236540907188e-07
-4.744333366063176436e-07
6.612704433602572576e-07
-4.350953393752186598e-06
-7.332668259420951935e-06
1.518485372000659322e-05
-2.591218602883130819e-05
8.825310011879874974e-06
1.855180722785650791e-05
7.229873128789928642e-05
2.993019862167235203e-05
5.803696808955840554e-05
-2.571431932250577948e-05
2.805082243366883708e-05
4.944154391987331702e-05
-1.680604614395969415e-05
-3.723406639805161745e-05
-4.977233171375157028e-05
-9.089260445570462220e-06
1.606388739404127162e-04
1.383916931198730981e-04
-6.805161901412015723e-05
-5.222277976850278397e-04
-4.650221493813500029e-04
-5.612124668315356437e-06
2.900302075051361544e-05
-6.877821261724018746e-06
1.548948578650396977e-05
4.009386626706374821e-05
1.322419285171702521e-05
6.207465957794768826e-06
1.500005855999775133e-04
1.081255393535513219e-04
-1.274901960990804189e-05
-4.847233487253645580e-04
-3.672189552684817690e-04
2.767792927241746192e-05
-3.283739229269313939e-05
-1.017044328696148210e-05
-2.487085401381611383e-05
-2.516559633469045014e-05
-1.298713175845374447e-05
7.229873128789928642e-05
-6.805161901412015723e-05
-1.274901960990804189e-05
9.670917243749238416e-05
-1.376197670866154577e-04
2.716063562959655786e-04
1.975798570623462305e-06
-2.108280255216157738e-05
3.424791364954305844e-05
-6.525410692625700163e-05
1.144685003617281681e-05
-4.443763246293379261e-05
2.993019862167235203e-05
-5.222277976850278397e-04
-4.847233487253645580e-04
9.781287255728982695e-05
1.719837131683777049e-03
9.675219825207359353e-04
3.161865398167445254e-05
-7.523806468116182118e-05
-3.817292633417427710e-05
3.559778931185504143e-06
-4.984228241929649408e-05
3.364421339532769258e-05
5.803696808955840554e-05
-4.650221493813500029e-04
-3.672189552684817690e-04
1.041845895170748492e-04
1.440771600011027170e-03
1.169028456492204405e-03
-2.670965866352262348e-05
-1.234042409675742935e-05
1.392022883970231509e-05
9.884185783654800882e-07
2.385087963664964973e-05
1.671305870101266920e-05
-2.571431932250577948e-05
-5.612124668315356437e-06
2.767792927241746192e-05
1.975798570623462305e-06
3.161865398167445254e-05
-2.670965866352262348e-05
1.533199910969046192e-04
2.869851983303131144e-05
-9.200264955577244167e-05
-5.446027266040981115e-05
5.066299141101141078e-06
-2.173306848150895312e-05
2.805082243366883708e-05
2.900302075051361544e-05
-3.283739229269313939e-05
-2.108280255216157738e-05
-7.523806468116182118e-05
-1.234042409675742935e-05
8.054514119054848558e-06
-7.700567183823424106e-05
-2.040945536569898914e-05
-1.449396382412555708e-06
-3.649093738645336230e-05
2.543367680113666466e-05
4.944154391987331702e-05
-6.877821261724018746e-06
-1.017044328696148210e-05
3.424791364954305844e-05
-3.817292633417427710e-05
1.392022883970231509e-05
-9.537327477360649285e-05
-1.678982663698854019e-05
9.959069113089453952e-05
-4.474995305163875198e-06
9.632531091855538763e-06
1.581416746986141533e-05
-1.680604614395969415e-05
1.548948578650396977e-05
-2.487085401381611383e-05
-6.525410692625700163e-05
3.559778931185504143e-06
9.884185783654800882e-07
-5.446027266040981115e-05
-1.449396382412555708e-06
-4.474995305163875198e-06
6.359956616922124548e-05
-7.014926208081667262e-06
3.644648838737964722e-05
-3.723406639805161745e-05
4.009386626706374821e-05
-2.516559633469045014e-05
1.144685003617281681e-05
-4.984228241929649408e-05
2.385087963664964973e-05
5.066299141101141078e-06
-3.649093738645336230e-05
9.632531091855538763e-06
6.192207616908776222e-07
-7.871634647468465961e-05
-2.358493487483451401e-06
-4.977233171375157028e-05
1.322419285171702521e-05
-1.298713175845374447e-05
-4.443763246293379261e-05
3.364421339532769258e-05
1.671305870101266920e-05
-2.173306848150895312e-05
2.543367680113666466e-05
1.581416746986141533e-05
3.811525082311442481e-05
-3.961143096363183713e-06
3.661017307962698229e-05
1.196054482233327893e-05
-3.037416692774283737e-06
1.537291265872232872e-06
-4.022840655607572957e-06
2.507631816354436846e-06
-1.108963609705357701e-06
-1.877145619911256455e-05
2.961236985554850025e-07
-2.039477457545761522e-05
-1.876048286097207901e-05
1.199798816749157145e-05
1.555993401004798887e-05
-3.229852772257666976e-06
1.418607781469062894e-05
2.004331441910172095e-06
-4.095036839576838842e-06
-2.907378017426790601e-05
7.935254947919659471e-06
1.833687969351987713e-06
-6.386308364695135810e-06
1.525671735905668508e-06
1.728142071433316242e-05
-1.847599518818368049e-05
-1.821885396555205112e-05
1.687670499919509726e-06
2.286412201801520531e-06
2.182358422113424623e-05
1.291857732119373895e-06
7.426330329162231118e-06
-1.036647550383478692e-05
-2.716972238984890478e-05
-1.157116756208582617e-06
-4.288028529968153986e-05
2.033060464711751420e-05
-1.552052563474018855e-05
-2.954233581191489938e-05
-4.022840655607572957e-06
-4.095036839576838842e-06
1.291857732119373895e-06
1.068532958896433449e-05
-4.047358410324804209e-06
7.156894428650683027e-07
-3.683886276089897703e-07
1.065070922530444254e-05
-5.014929131270660853e-06
-1.027097536075208096e-06
1.180161493225734064e-05
-2.482911883575300110e-06
2.507631816354436846e-06
-2.907378017426790601e-05
7.426330329162231118e-06
-4.570572586509258437e-06
1.113449846674003339e-04
-3.452472461283068595e-05
-2.362736614890005780e-06
-1.343430152084516076e-07
1.042179406789305529e-06
-2.061054731812268868e-06
-1.026153963794133612e-05
4.622134014348820985e-06
-1.108963609705357701e-06
7.935254947919659471e-06
-1.036647550383478692e-05
3.454651203847744300e-06
-3.559310135368267205e-05
4.745662356221403794e-05
1.545080491418234201e-08
2.218872442938004107e-05
-7.744942022191862626e-06
3.988723339411667529e-07
-1.323482502505614848e-05
4.317565770914767727e-06
-1.877145619911256455e-05
1.833687969351987713e-06
-2.716972238984890478e-05
-3.683886276089897703e-07
-2.362736614890005780e-06
1.545080491418234201e-08
6.279866590850125062e-05
-9.834730105665303177e-06
8.981515494446102254e-05
4.240122010829809669e-06
-3.955877928168086361e-07
1.068987159329279272e-05
2.961236985554850025e-07
-6.386308364695135810e-06
-1.157116756208582617e-06
1.065070922530444254e-05
-1.343430152084516076e-07
2.218872442938004107e-05
-9.022431855518037137e-06
2.796156087694541163e-05
-2.952477052757573435e-06
-6.876983902637929968e-06
1.685317637265809431e-06
-9.361548255759761757e-06
-2.039477457545761522e-05
1.525671735905668508e-06
-4.288028529968153986e-05
-5.014929131270660853e-06
1.042179406789305529e-06
-7.744942022191862626e-06
8.998308556390247569e-05
-5.261828461972451392e-06
1.799005670048829414e-04
-9.400699423561347974e-06
-1.490917074578688555e-06
-1.446466817791678002e-05
-1.876048286097207901e-05
1.728142071433316242e-05
2.033060464711751420e-05
-1.027097536075208096e-06
-2.061054731812268868e-06
3.988723339411667529e-07
4.240122010829809669e-06
-6.876983902637929968e-06
-9.400699423561347974e-06
6.786606542451194897e-05
-6.163297802758331361e-05
-6.882689227949147183e-05
1.199798816749157145e-05
-1.847599518818368049e-05
-1.552052563474018855e-05
1.180161493225734064e-05
-1.026153963794133612e-05
-1.323482502505614848e-05
-3.955877928168086361e-07
1.685317637265809431e-06
-1.490917074578688555e-06
-6.421584511418896473e-05
8.643807878889680856e-05
7.199814232731281531e-05
1.555993401004798887e-05
-1.821885396555205112e-05
-2.954233581191489938e-05
-2.482911883575300110e-06
4.622134014348820985e-06
4.317565770914767727e-06
1.068987159329279272e-05
-9.361548255759761757e-06
-1.446466817791678002e-05
-6.853920352280553090e-05
7.292542115854699913e-05
1.231195965010528008e-04
1.082727241453776742e-05
-4.182863985594676757e-06
5.507730636571392727e-07
-1.993635082991571765e-06
4.932164661151847386e-07
-6.959110816158660817e-08
-1.922596350038534448e-05
5.126695916247753309e-06
-2.060901765786223502e-05
-1.921646573857816665e-05
1.018723693637280017e-05
1.864035611447086997e-05
-4.182003704308944927e-06
3.837928444096733257e-06
2.362302827309828990e-06
-2.221877748699398941e-06
4.996906859429228828e-06
-1.137004184466001331e-06
5.682119836512906980e-06
-6.758259960904653815e-06
6.980196596426556934e-06
1.224224566646194438e-05
-1.261950971826264452e-05
-1.496665844251052880e-05
5.494971936079675054e-07
2.407713455300122452e-06
2.212868237029594123e-05
3.046383461540652766e-07
-1.046629819735561851e-06
-2.949217965727779090e-06
-2.658956607648601533e-05
7.152707315027796760e-06
-4.263622525575009085e-05
2.433032214885376526e-05
-1.501588924102137480e-05
-3.683943212021996818e-05
-1.993635082991571765e-06
-2.221877748699398941e-06
3.046383461540652766e-07
3.127568809894439437e-06
-3.172864867975554921e-07
1.016910437555795454e-07
2.165853584876018904e-06
4.181908570634830969e-06
-2.105524839062327650e-07
2.190171609219872009e-06
4.081593101128333414e-06
-8.333577377348251584e-07
4.932164661151847386e-07
4.996906859429228828e-06
-1.046629819735561851e-06
-2.955819088526094315e-07
-1.787681405734351013e-05
3.302551309490868960e-06
-8.587450131248097211e-07
8.089646126714751650e-07
-6.339270062082322549e-07
-1.086394387351425666e-06
-4.675462485569078272e-07
1.064376510373762233e-06
-6.959110816158660817e-08
-1.137004184466001331e-06
-2.949217965727779090e-06
9.910376847897629074e-08
3.290647451790190432e-06
6.393207322842353227e-06
1.758561379844372806e-06
6.842612584831153881e-06
1.785819681916658043e-06
-1.515959285631006701e-06
-6.035820836949573559e-06
3.201020532233778423e-06
-1.922596350038534448e-05
5.682119836512906980e-06
-2.658956607648601533e-05
2.165853584876018904e-06
-8.587450131248097211e-07
1.758561379844372806e-06
6.461960632549427379e-05
-2.100868619504238312e-05
8.697914727839731793e-05
4.862540627671373265e-06
3.966978685865922270e-07
1.059183881474521656e-05
5.126695916247753309e-06
-6.758259960904653815e-06
7.152707315027796760e-06
4.181908570634830969e-06
8.089646126714751650e-07
6.842612584831153881e-06
-2.102343051075638612e-05
2.361065899717844377e-05
-2.706191129345585813e-05
-2.239664963654418061e-06
4.060001694987033931e-07
-5.832997022401266073e-06
-2.060901765786223502e-05
6.980196596426556934e-06
-4.263622525575009085e-05
-2.105524839062327650e-07
-6.339270062082322549e-07
1.785819681916658043e-06
8.648910333812405990e-05
-2.678794353441156436e-05
1.734499613840967880e-04
-1.025853459987673580e-05
1.317613879712826235e-06
-1.629745348706697634e-05
-1.921646573857816665e-05
1.224224566646194438e-05
2.433032214885376526e-05
2.190171609219872009e-06
-1.086394387351425666e-06
-1.515959285631006701e-06
4.862540627671373265e-06
-2.239664963654418061e-06
-1.025853459987673580e-05
6.483152277640063610e-05
-4.247506181418577115e-05
-7.909451951947522180e-05
1.018723693637280017e-05
-1.261950971826264452e-05
-1.501588924102137480e-05
4.081593101128333414e-06
-4.675462485569078272e-07
-6.035820836949573559e-06
3.966978685865922270e-07
4.060001694987033931e-07
1.317613879712826235e-06
-4.248470174678433406e-05
4.662512611378670594e-05
6.032262671110919265e-05
1.864035611447086997e-05
-1.496665844251052880e-05
-3.683943212021996818e-05
-8.333577377348251584e-07
1.064376510373762233e-06
3.201020532233778423e-06
1.059183881474521656e-05
-5.832997022401266073e-06
-1.629745348706697634e-05
-7.887933600509328428e-05
6.053630948151295815e-05
1.498326306360334094e-04
2.005566529684669845e-04
2.362104079532904726e-06
-6.885229002934238714e-07
-2.005572838894004021e-04
5.708657637890868210e-06
-5.791218587069512932e-06
-5.689206455430379881e-06
1.613861700095726051e-07
4.846864418231711174e-07
5.689224352814445813e-06
-1.619379432425583754e-07
1.642799562253777443e-07
-5.941132467537774334e-06
1.685325751432042187e-07
1.759954330828587922e-07
5.941151157442996253e-06
-1.691087816661211974e-07
1.715545022565345127e-07
-2.005572838894004021e-04
5.689224352814445813e-06
5.941151157442996253e-06
2.005579148123188041e-04
2.342634938497844594e-06
5.386272381240338264e-07
5.708657637890868210e-06
-1.619379432425583754e-07
-1.691087816661211974e-07
-5.708675596465439590e-06
1.624916029675490951e-07
-4.809954898843956504e-07
-5.791218587069512932e-06
1.642799562253777443e-07
1.715545022565345127e-07
5.791236805368385772e-06
-1.648416232044293871e-07
1.672256303982821437e-07
-5.729735480913593983e-06
2.121625095919605882e-11
1.541262519745276030e-11
5.729735480919136967e-06
-2.335437101326226607e-11
-1.429091714251711156e-12
2.339313844912613229e-11
-9.550652257666059836e-17
4.190289455868863507e-14
-2.339313844842154566e-11
9.535053233101485295e-17
5.835376942434646750e-18
1.525536573201101183e-11
-6.228088883014847606e-17
-4.061361695221443049e-17
-1.525536573202571690e-11
6.218460827186766089e-17
3.804691620791685059e-18
5.729735480919136967e-06
-2.339313844842154566e-11
-1.525536573202571690e-11
-5.729735480924695197e-06
2.117748352347323660e-11
1.271832248811321195e-12
-2.335437101326226607e-11
9.535053233101485295e-17
6.218460827186766089e-17
2.335437101340331329e-11
-9.519019392521174033e-17
-4.197099748609780673e-14
-1.429091714251711156e-12
5.835376942434646750e-18
3.804691620791685059e-18
1.429091714253069460e-12
-5.822038579025676523e-18
-3.546779134266902316e-19
-3.525771864752141736e-06
-7.558326450843555068e-08
7.564924414069577540e-08
3.525771864745426883e-06
2.118356265207841094e-10
2.762357463188474501e-10
-2.135652870938425731e-10
-1.293621052941197394e-14
6.719862467829717913e-14
2.135652870930790596e-10
1.283144123855591110e-14
1.673232719380672796e-14
2.772936580311700894e-10
1.679640733886915054e-14
-2.180849358962321681e-14
-2.772936580306415727e-10
-1.666037380237243674e-14
-2.172529110340187573e-14
3.525771864745426883e-06
2.135652870930790596e-10
-2.772936580306415727e-10
-3.525771864738710335e-06
-7.558153484786221744e-08
-7.564823288072158963e-08
2.118356265207841094e-10
1.283144123855591110e-14
-1.666037380237243674e-14
-2.118356265205086841e-10
-1.272751962152370520e-14
-6.701211675287502148e-14
2.762357463188474501e-10
1.673232719380672796e-14
-2.172529110340187573e-14
-2.762357463183218802e-10
-1.659681179080585421e-14
-2.164240671227204600e-14
-3.052910464861649640e-06
1.735522133702262515e-09
-2.942671586746675679e-10
3.052910465305474575e-06
1.148935863447911231e-09
2.928566953484247291e-10
-1.149292722806419078e-09
-4.326604972914296807e-13
1.175510713204208647e-13
1.149292722974455029e-09
4.325261550809097321e-13
1.102482610887017427e-13
3.133051965730296481e-10
1.179462633249100114e-13
-3.215297342187272275e-14
-3.133051966185758670e-10
-1.179096416082609144e-13
-3.005444242210074337e-14
3.052910465305474575e-06
1.149292722974455029e-09
-3.133051966185758670e-10
-3.052910465749302476e-06
1.735878992894040323e-09
3.147156598566963634e-10
1.148935863447911231e-09
4.325261550809097321e-13
-1.179096416082609144e-13
-1.148935863614641064e-09
-4.323918548496044776e-13
-1.098188351762924965e-13
2.928566953484247291e-10
1.102482610887017427e-13
-3.005444242210074337e-14
-2.928566953910009043e-10
-1.102140277293938491e-13
-2.809287974116104774e-14
9.250284327028721976e-05
1.984633363328899956e-06
2.370927125105780931e-06
-9.250139774177563252e-05
3.664326310759495638e-06
-3.840343504987862069e-06
-3.652497870036011049e-06
1.442197906461759546e-07
-1.992774073351716642e-07
3.652440792981671927e-06
-1.446868395823949486e-07
1.516369224585862100e-07
-3.296432704780731814e-06
1.301604686652544084e-07
1.174717251165603127e-07
3.296381191905075417e-06
-1.305819871555952177e-07
1.368545385188194413e-07
-9.250139774177563252e-05
3.652440792981671927e-06
3.296381191905075417e-06
9.249995223585318071e-05
1.972862184501031668e-06
-1.827076337389431735e-06
3.664326310759495638e-06
-1.446868395823949486e-07
-1.305819871555952177e-07
-3.664269048863877219e-06
1.451554010344394900e-07
1.773098845768175723e-07
-3.840343504987862069e-06
1.516369224585862100e-07
1.368545385188194413e-07
3.840283492497080586e-06
-1.521279914236088709e-07
1.594355126275324346e-07
6.484624023956212587e-05
2.941909520284138542e-07
3.244047871720278590e-07
-6.484628768664704246e-05
7.934718871437964291e-08
-1.755987300220115106e-07
-6.160384636612828165e-08
5.852357626917695786e-11
-4.075791105100884173e-08
6.160389144081531031e-08
-7.537972910373411728e-11
1.668185718481387143e-10
-6.752458166482662415e-08
6.414826733744880339e-11
7.031354650772063506e-11
6.752463107161580419e-08
-8.262446218220702713e-11
1.828514766871458556e-10
-6.484628768664704246e-05
6.160389144081531031e-08
6.752463107161580419e-08
6.484633513376666708e-05
2.764475516229373322e-07
-2.163305103317132984e-07
7.934718871437964291e-08
-7.537972910373411728e-11
-8.262446218220702713e-11
-7.934724677160480365e-08
9.709084649045635686e-11
4.060719311303591772e-08
-1.755987300220115106e-07
1.668185718481387143e-10
1.828514766871458556e-10
1.755988585051412510e-07
-2.148662053104182433e-10
4.755081230836666081e-10
1.278121499462067153e-05
-2.424174029489723320e-09
-3.132834029977433881e-09
-1.278121503153110969e-05
-4.660293319088467382e-09
4.021677643325403731e-09
5.500827986220707587e-09
2.367467302360839571e-12
2.082479592797809088e-12
-5.500828002108609631e-09
-2.005714786243986703e-12
1.730864942029651920e-12
4.170759882334395983e-09
1.795027521148953485e-12
1.361000345120325410e-12
-4.170759894378973710e-09
-1.520744655751600560e-12
1.312351897599927216e-12
-1.278121503153110969e-05
-5.500828002108609631e-09
-4.170759894378973710e-09
1.278121506844155123e-05
-3.264708683163161309e-09
3.281916257372338426e-09
-4.660293319088467382e-09
-2.005714786243986703e-12
-1.520744655751600560e-12
4.660293332547267530e-09
1.699238597058182171e-12
-1.753838286224774210e-12
4.021677643325403731e-09
1.730864942029651920e-12
1.312351897599927216e-12
-4.021677654939490197e-09
-1.466386214576383290e-12
1.265442377374865291e-12
4.687062223872373057e-06
6.441126350385463210e-10
1.872814870322096530e-09
-4.687067762200426772e-06
2.007054381896718364e-08
-4.238154208407270171e-09
-2.246579410047756083e-08
1.076819296314388595e-10
4.272365904176130653e-11
2.246582064651883425e-08
-9.620113482483005924e-11
2.031411047413448558e-11
-8.865944935757640214e-09
4.249580737737560067e-11
1.677062856289550338e-11
8.865955411938496403e-09
-3.796500405345927155e-11
8.016800299624950839e-12
-4.687067762200426772e-06
2.246582064651883425e-08
8.865955411938496403e-09
4.687073300535027205e-06
3.039339200785428386e-09
-6.500600589783234851e-09
2.007054381896718364e-08
-9.620113482483005924e-11
-3.796500405345927155e-11
-2.007056753473067452e-08
8.594439543558289321e-11
-1.837611931960080178e-11
-4.238154208407270171e-09
2.031411047413448558e-11
8.016800299624950839e-12
4.238159216296502721e-09
-1.814826765521167087e-11
3.832240799961422095e-12
2.824129407582316242e-07
-2.414688990371445776e-09
3.325246409982318810e-09
-2.824128755501340810e-07
1.491142272859321346e-12
-4.508298663532017024e-09
-1.098035843328806799e-12
4.267638731484400212e-18
3.717514942320006625e-14
1.098035589915576518e-12
-5.796774825995759094e-18
1.752849464764683751e-14
-4.509049623178406575e-09
1.753141424696527246e-14
7.199219856062099191e-11
4.509048582055512532e-09
-2.380781348212506899e-14
7.198020860241871883e-11
-2.824128755501340810e-07
1.098035589915576518e-12
4.509048582055512532e-09
2.824128103420512019e-07
-2.415082096456341863e-09
-3.325998410578035096e-09
1.491142272859321346e-12
-5.796774825995759094e-18
-2.380781348212506899e-14
-1.491141928225019432e-12
7.872183905258647011e-18
-4.344758425045036846e-14
-4.508298663532017024e-09
1.752849464764683751e-14
7.198020860241871883e-11
4.508297622582687807e-09
-2.380384858635765871e-14
7.196822067442870179e-11
-2.233326430355455915e-06
4.017094361957898268e-09
-1.345937192559894506e-10
2.233330195432308908e-06
1.481427182954807406e-09
2.179152431055558290e-09
6.275671736161528543e-10
-1.763470640295784967e-13
-8.023063303731164995e-13
-6.275682316066038587e-10
-4.162826637440333865e-13
-6.123442221007542778e-13
3.310193073389927958e-09
-9.301678836636922797e-13
-4.906303904446304643e-12
-3.310198653913750876e-09
-2.195742609079730129e-12
-3.229897420733708078e-12
2.233330195432308908e-06
-6.275682316066038587e-10
-3.310198653913750876e-09
-2.233333960515516341e-06
1.908097507907845091e-09
1.265630687843289171e-09
1.481427182954807406e-09
-4.162826637440333865e-13
-2.195742609079730129e-12
-1.481429680433900840e-09
-9.826716204339408258e-13
-1.573353625527611002e-12
2.179152431055558290e-09
-6.123442221007542778e-13
-3.229897420733708078e-12
-2.179156104802628987e-09
-1.445492072237456183e-12
-2.126292532001459929e-12
-3.095208402325350239e-06
-2.812819888524332057e-09
2.832050696212451823e-09
3.095208402328253021e-06
-1.186431511653341595e-11
-3.967965565997908883e-13
1.200727546457622446e-11
-4.657853657393674076e-17
-2.110609698428165507e-16
-1.200727546418336375e-11
4.602576443365656378e-17
1.539734531427747468e-18
7.266289895024590276e-12
-2.818934646600078017e-17
-1.705928328715162225e-17
-7.266289895030975884e-12
2.785159738046218239e-17
9.331333234669475667e-19
3.095208402328253021e-06
-1.200727546418336375e-11
-7.266289895030975884e-12
-3.095208402331156226e-06
-2.812962848872216423e-09
-2.824387609760826420e-09
-1.186431511653341595e-11
4.602576443365656378e-17
2.785159738046218239e-17
1.186431511669207953e-11
-4.547808919643845013e-17
1.813498525764788621e-16
-3.967965565997908883e-13
1.539734531427747468e-18
9.331333234669475667e-19
3.967965566005510220e-13
-1.521770454538553296e-18
-5.079114937777500289e-20
8.658229389498642357e-05
9.313356971391713280e-06
8.410127556018899599e-06
-8.657992501563396761e-05
1.685523629623272691e-05
-1.454098469663183381e-05
-1.685728585010566532e-05
3.282057721603392536e-06
1.568821018473281488e-06
1.685682463714171329e-05
-3.281658680252646524e-06
2.831081558897487845e-06
-1.442734313971368436e-05
2.808955924160383054e-06
2.404050767279242424e-06
1.442694840963965180e-05
-2.808614403790797515e-06
2.422987037766336772e-06
-8.657992501563396761e-05
1.685682463714171329e-05
1.442694840963965180e-05
8.657755620109389779e-05
9.315867682152960923e-06
-8.296883838391620763e-06
1.685523629623272691e-05
-3.281658680252646524e-06
-2.808614403790797515e-06
-1.685477513934442276e-05
3.281259687418566219e-06
-1.590602442747020624e-06
-1.454098469663183381e-05
2.831081558897487845e-06
2.422987037766336772e-06
1.454058685734096489e-05
-2.830737348434135954e-06
2.442072465810786552e-06
2.806413050355583632e-06
-1.833059478976628065e-08
1.959680625606728906e-08
-2.806415083755168105e-06
-1.263529804812568462e-09
-1.703831668364647399e-08
-9.309798645702557281e-10
3.088367592293543878e-13
-1.620514088902665965e-09
9.309805391156714964e-10
4.191545522520783688e-13
5.652172176301217890e-12
-1.948057480175075853e-08
6.462349827502555501e-12
1.352234285535749739e-10
1.948058891649147061e-08
8.770728483010958736e-12
1.182706168677682868e-10
-2.806415083755168105e-06
9.309805391156714964e-10
1.948058891649147061e-08
2.806417117156226416e-06
-1.613608420488703938e-08
-2.203905202898017983e-08
-1.263529804812568462e-09
4.191545522520783688e-13
8.770728483010958736e-12
1.263530720308981925e-09
5.688783298459760625e-13
1.634647590683754476e-09
-1.703831668364647399e-08
5.652172176301217890e-12
1.182706168677682868e-10
1.703832902883787106e-08
7.671151953581228781e-12
1.034431604342089031e-10
-8.737986071009862643e-07
3.234349555043644917e-12
2.078185717236611481e-12
8.737986071025219350e-07
-3.100528553380705630e-12
1.506984451661308251e-13
3.287076586475068911e-12
-1.236518608198951264e-17
-1.138023205019219182e-16
-3.287076586669711214e-12
1.166366175203649256e-17
-5.666035131349425220e-19
2.106782287222511745e-12
-7.924747346453612605e-18
-5.079874163781361930e-18
-2.106782287226219518e-12
7.475707483503697834e-18
-3.632140003650574436e-19
8.737986071025219350e-07
-3.287076586669711214e-12
-2.106782287226219518e-12
-8.737986071040592998e-07
3.047801521998872486e-12
-1.221018751805087696e-13
-3.100528553380705630e-12
1.166366175203649256e-17
7.475707483503697834e-18
3.100528553430296481e-12
-1.100224123969303479e-17
1.064125046094638752e-16
1.506984451661308251e-13
-5.666035131349425220e-19
-3.632140003650574436e-19
-1.506984451664089080e-13
5.349314539921299467e-19
-2.562016413171788073e-20
5.470422775846123544e-07
-4.712663410748085427e-09
-1.113173749863013337e-08
-4.474605023762704374e-07
6.911858203686982631e-09
-7.204381021240767287e-10
6.039694818886154799e-09
6.668207376108276554e-11
-4.335349930083873509e-12
-4.940248658276645711e-09
7.631131247128903686e-11
-7.954095049452517278e-12
-3.925639365858094488e-10
-4.334155643431891996e-12
2.817084827749274521e-13
3.211028899907155269e-10
-4.960030282260064451e-12
5.169948081404445991e-13
-4.474605023762704374e-07
-4.940248658276645711e-09
3.211028899907155269e-10
3.660062656781534078e-07
-5.215907989577668022e-09
1.745244313133203856e-09
6.911858203686982631e-09
7.631131247128903686e-11
-4.960030282260064451e-12
-5.653646291892873408e-09
8.733106339719942213e-11
-9.104396355618659221e-12
-7.204381021240767287e-10
-7.954095049452517278e-12
5.169948081404445991e-13
5.892919218800238622e-10
-9.102707798907664821e-12
9.487951528734156069e-13
-4.978348212087006615e-06
1.683311418560928007e-08
-3.264522173826500293e-08
4.429778708467417110e-06
-1.575823402654534350e-09
2.353794942211538587e-09
-2.274710696170734064e-08
-1.039362561762946668e-10
3.188433343045993535e-11
2.024057896423505341e-08
-7.200264413548551169e-12
1.075497796515015170e-11
6.973545001255115713e-09
3.186357548713289503e-11
-9.768366497733033485e-12
-6.205122633667479474e-09
2.207373801989772348e-12
-3.297136771724882146e-12
4.429778708467417110e-06
2.024057896423505341e-08
-6.205122633667479474e-09
-3.941656664021304806e-06
1.675809363510309704e-08
9.293786035145486424e-09
-1.575823402654534350e-09
-7.200264413548551169e-12
2.207373801989772348e-12
1.402181739805413937e-09
-4.988038747359006482e-13
5.052402016400312167e-10
2.353794942211538587e-09
1.075497796515015170e-11
-3.297136771724882146e-12
-2.094427764974713962e-09
7.450594067518248084e-13
-1.112889336703977336e-12
-5.037512010389322383e-06
-6.154627293598348987e-09
-1.521908557154905269e-10
4.360139378139293184e-06
-9.542571414693006244e-09
-7.292797040995394750e-10
9.310457359968638222e-10
-1.720782314985490925e-13
1.343522332407036095e-12
-8.058520094842947882e-10
1.763682230905253788e-12
1.347873233121307353e-13
-7.298530742480684064e-09
1.348932947139333858e-12
-1.057437696786184439e-11
6.317128619687564510e-09
-1.382562476918034429e-11
-1.056606973479817879e-12
4.360139378139293184e-06
-8.058520094842947882e-10
6.317128619687564510e-09
-3.773850138241495610e-06
-1.183699149238955884e-08
4.747969072025284612e-10
-9.542571414693006244e-09
1.763682230905253788e-12
-1.382562476918034429e-11
8.259422768243117323e-09
-1.807651654616861030e-11
-1.402431350231988099e-12
-7.292797040995394750e-10
1.347873233121307353e-13
-1.056606973479817879e-12
6.312165904447231373e-10
-1.381476339706559004e-12
-1.055776879744875469e-13
-5.045014474946144874e-06
-2.772712112637278154e-09
1.401830769115477288e-10
4.164431040344376745e-06
1.806642555959314015e-09
4.759042123917707367e-10
4.033766742030274462e-09
-3.225218521521805106e-12
5.276060229967810647e-12
-3.329691820199513635e-09
-1.444510157601953768e-12
-3.805116108472870102e-13
-6.651560071753147926e-09
5.318288369338904954e-12
-8.769697613447509863e-12
5.490561695528078217e-09
2.381953818056852885e-12
6.274522028019125391e-13
4.164431040344376745e-06
-3.329691820199513635e-09
5.490561695528078217e-09
-3.437549282743912572e-06
4.245908705357123022e-09
5.342573383144533975e-09
1.806642555959314015e-09
-1.444510157601953768e-12
2.381953818056852885e-12
-1.491301635745147202e-09
-6.469668895929112817e-13
-1.712893494245841293e-13
4.759042123917707367e-10
-3.805116108472870102e-13
6.274522028019125391e-13
-3.928373811724667613e-10
-1.704234554358629016e-13
-4.489279897665021525e-14
8.623814936306112766e-05
-6.608085924138874299e-07
4.941433251194834146e-07
-1.973395518350900161e-05
1.425342895812076053e-07
-1.406237511767548641e-07
-6.587507444952333685e-07
5.032025229899104741e-09
7.380952126300867337e-08
1.507425398734389981e-07
-1.088782285689864477e-09
1.074188180828827269e-09
6.251401475284853512e-07
-4.775282640533566908e-09
4.531639499926517951e-09
-1.430513959988046599e-07
1.033230739252367637e-09
-1.019381250705780934e-09
-1.973395518350900161e-05
1.507425398734389981e-07
-1.430513959988046599e-07
4.515739148636560449e-06
-2.020143124529195036e-09
1.095656889083641170e-09
1.425342895812076053e-07
-1.088782285689864477e-09
1.033230739252367637e-09
-3.261625282410881444e-08
2.355804693914111206e-10
3.298391478296737054e-08
-1.406237511767548641e-07
1.074188180828827269e-09
-1.019381250705780934e-09
3.217906256053861758e-08
-2.324227342633922451e-10
2.293073255992334766e-10
-6.914037051258389982e-06
1.504899029029893865e-06
-1.033629530881544789e-06
1.207019599300363487e-06
2.586967747663962092e-07
-5.430409494275609887e-08
4.011321444896838696e-07
-2.327251013408678990e-08
-4.146855031510957178e-08
-7.002773585373045168e-08
-1.500882787657902483e-08
3.150564264766611198e-09
1.487317440172850663e-07
-8.628979421005832203e-09
-3.199452290230295164e-09
-2.596487822325441486e-08
-5.564971983430199089e-09
1.168165962700595708e-09
1.207019599300363487e-06
-7.002773585373045168e-08
-2.596487822325441486e-08
-2.107157225647300377e-07
1.257892137621466610e-07
-5.641688759128717305e-08
2.586967747663962092e-07
-1.500882787657902483e-08
-5.564971983430199089e-09
-4.516204861268473854e-08
-9.679442094160014374e-09
5.190428075765214073e-08
-5.430409494275609887e-08
3.150564264766611198e-09
1.168165962700595708e-09
9.480149792695200397e-09
2.031851162230192221e-09
-4.265141632438736937e-10
-1.970936014524190020e-05
-6.652004607912558031e-08
-3.653453891592604864e-08
4.507510182852090077e-06
3.640095820809195663e-08
3.537086190588216095e-08
-4.078402224206672690e-08
-8.439322524917470432e-11
-3.905781847138789189e-09
9.327263503182618131e-09
7.532347464566313627e-11
7.319192545990779461e-11
-6.233928890365144754e-08
-1.289969297074364979e-10
-1.971746881931221624e-10
1.425693058801924928e-08
1.151336133343651758e-10
1.118754928043667655e-10
4.507510182852090077e-06
9.327263503182618131e-09
1.425693058801924928e-08
-1.030862894522747466e-06
-9.064744700180977313e-09
-8.829202922088477866e-09
3.640095820809195663e-08
7.532347464566313627e-11
1.151336133343651758e-10
-8.324861313580542663e-09
-6.722845128879272810e-11
-6.532524845042743031e-11
3.537086190588216095e-08
7.319192545990779461e-11
1.118754928043667655e-10
-8.089279359761647131e-09
-6.532597996820554398e-11
-6.347734592786889702e-11
-1.553079834211905190e-05
3.029984265764046636e-11
1.160123284532454563e-11
3.554565761094394643e-06
-7.028425941348803787e-12
5.053665867487276939e-13
2.047548415067311084e-11
-2.700319802333654468e-17
6.073996538135155701e-14
-4.686266171696988849e-12
9.266260316872860117e-18
-6.655655015840131845e-19
1.969441566834657187e-11
-2.595815767844077995e-17
-2.498461056770957451e-17
-4.507501422487389961e-12
8.913559296074210366e-18
-6.401463826376190273e-19
3.554565761094394643e-06
-4.686266171696988849e-12
-4.507501422487389961e-12
-8.135407769527868373e-07
2.017937658015396512e-09
2.016194676781410878e-09
-7.028425941348803787e-12
9.266260316872860117e-18
8.913559296074210366e-18
1.608610301677130422e-12
-3.180836513683657097e-18
2.289083154401852978e-19
5.053665867487276939e-13
-6.655655015840131845e-19
-6.401463826376190273e-19
-1.156642901728210031e-13
2.289079450489668452e-19
-1.652691489257448130e-20
-1.600655738516610410e-05
7.897610341545924311e-09
5.893290560286825082e-08
3.435380952647707150e-06
1.423838017850479761e-09
2.424225879192300589e-09
-2.545342280740785448e-08
-4.047570735032706339e-11
2.121933540191626053e-11
5.462898847524544424e-09
2.264169002255283164e-12
3.854972982835655541e-12
1.333993544995613208e-08
2.121299470880519257e-11
-1.111756097420595942e-11
-2.863061622282403084e-09
-1.186632877684007023e-12
-2.020360529352080321e-12
3.435380952647707150e-06
5.462898847524544424e-09
-2.863061622282403084e-09
-7.373129652945803093e-07
2.161669799106919748e-10
1.354128997849523505e-12
1.423838017850479761e-09
2.264169002255283164e-12
-1.186632877684007023e-12
-3.055888838851720057e-10
-1.266552607365881116e-13
6.691215645508998679e-10
2.424225879192300589e-09
3.854972982835655541e-12
-2.020360529352080321e-12
-5.202954770281191218e-10
-2.156431822175811644e-13
-3.671539715916380593e-13
-1.404974444645830581e-05
-5.685047050088151384e-05
1.949556313341964145e-05
-3.065903940995129423e-05
6.223673592086946896e-05
-1.908208261806958636e-05
2.881539911970371851e-05
2.132183129498869695e-04
-6.900185884888456053e-05
-5.660261464815994920e-05
1.837902724696195125e-04
-2.046989300004671165e-05
3.488090486039567567e-06
2.703576168016070364e-05
-9.378582604068484604e-06
2.687778972486236438e-04
-8.836375169677973974e-04
1.841083033642520604e-04
1.291281264534501969e-05
-9.492043145736674765e-06
-2.658875082228834524e-06
6.777152180735535308e-06
-2.270491839767702476e-05
7.084300049780831129e-06
-4.779984801320041958e-05
6.370947621719688441e-05
-5.475987621233218294e-06
-3.065903940995129423e-05
3.488090486039567567e-06
6.777152180735535308e-06
2.580119993606392118e-04
-3.857808864805556653e-05
2.370939439587627808e-05
-6.530889736294888729e-05
1.055133779970466714e-06
-2.325207383179222923e-05
6.223673592086946896e-05
2.703576168016070364e-05
-2.270491839767702476e-05
-6.036473260782063361e-05
-9.756924062551288303e-05
2.786702192478784787e-05
-1.325657280275529181e-04
-3.050308116381681651e-05
6.141400195542948950e-05
-1.908208261806958636e-05
-9.378582604068484604e-06
7.084300049780831129e-06
2.285694137189759478e-05
2.842166207220016890e-05
-8.176606461764206069e-06
3.736780271944477799e-05
1.516168395166688762e-05
-2.030105746935839499e-05
2.881539911970371851e-05
2.687778972486236438e-04
-4.779984801320041958e-05
-6.530889736294888729e-05
-1.325657280275529181e-04
3.736780271944477799e-05
1.050265418352357572e-04
-1.179080143955514711e-03
-2.511134704602355536e-05
2.132183129498869695e-04
-8.836375169677973974e-04
6.370947621719688441e-05
1.055133779970466714e-06
-3.050308116381681651e-05
1.516168395166688762e-05
-1.128296218023990992e-03
4.156883958789295459e-03
-5.782883514177184284e-04
-6.900185884888456053e-05
1.841083033642520604e-04
-5.475987621233218294e-06
-2.325207383179222923e-05
6.141400195542948950e-05
-2.030105746935839499e-05
3.221618789720637069e-04
-9.120786333540184055e-04
1.804273214682412807e-04
1.506038140448475667e-05
1.403411595343166353e-07
4.690732004238850043e-08
-5.996363240378303576e-05
1.959680710503241932e-06
-2.964737481928944082e-06
-4.791382842802706654e-06
-2.188577370401164931e-06
3.293400068854042911e-06
3.104673446250035894e-07
1.703783610352924265e-06
-1.989816582220809845e-06
-3.635733471283958323e-07
-1.219276857814075243e-06
1.773176548071814707e-06
-1.115964257464908041e-06
-5.596179920503888778e-06
8.078371332058063476e-06
2.249128616576448199e-07
-2.322356233378530069e-06
3.223540394727597409e-06
-1.389807710943128021e-06
2.183388858865322670e-06
-3.184752032873612040e-06
5.267777688694359225e-07
7.429080841313741860e-06
-1.069857135836145438e-05
-5.996363240378303576e-05
-3.635733471283958323e-07
-1.389807710943128021e-06
2.555986168760350638e-04
3.779184112658900713e-06
-3.543097412304717924e-06
-4.993554741326089232e-08
2.393784751105614541e-06
-3.525926223403224878e-06
1.959680710503241932e-06
-1.219276857814075243e-06
2.183388858865322670e-06
1.532291487103560219e-06
7.265234823070979799e-06
-1.158181839485710780e-05
-1.119125605706818790e-05
1.725052190868539122e-06
-2.187773295027867646e-06
-2.964737481928944082e-06
1.773176548071814707e-06
-3.184752032873612040e-06
-1.875759820784525348e-06
-1.064673671411773255e-05
1.560276732480131814e-05
1.643025328738856081e-05
-2.477439904359938290e-06
3.132473789377240282e-06
-4.791382842802706654e-06
-1.115964257464908041e-06
5.267777688694359225e-07
-4.993554741326089232e-08
-1.119125605706818790e-05
1.643025328738856081e-05
2.323592806427044312e-05
6.792890278907314056e-06
-1.051028568136819932e-05
-2.188577370401164931e-06
-5.596179920503888778e-06
7.429080841313741860e-06
2.393784751105614541e-06
1.725052190868539122e-06
-2.477439904359938290e-06
7.954823403152412495e-06
1.920468878722430978e-05
-3.568001884835120816e-05
3.293400068854042911e-06
8.078371332058063476e-06
-1.069857135836145438e-05
-3.525926223403224878e-06
-2.187773295027867646e-06
3.132473789377240282e-06
-1.205148798757583956e-05
-2.783164461921422715e-05
4.034768210471949377e-05
1.806968234317061275e-05
-3.643126568728658217e-07
2.433626401762556163e-07
-7.382534757032112186e-05
3.706156472877146506e-07
-4.401915947230319145e-07
-1.722573086866027472e-06
-6.130663415475897388e-07
8.742193272944397131e-07
7.436357346075739178e-08
1.799311868692977278e-06
-4.343534722558021666e-07
-1.779999532706254126e-08
-7.711117005485698770e-07
7.837162102372856349e-07
-4.356845964977180325e-07
-3.582722016468902454e-06
4.473919130050331753e-06
4.731274220940585297e-07
-9.557123167307952611e-07
2.557437588390828461e-06
-1.763391550014380688e-06
8.665171822473879908e-07
-1.753760515146390657e-06
1.451073752685701534e-07
3.966050895567389558e-06
-8.056683450253160551e-06
-7.382534757032112186e-05
-1.779999532706254126e-08
-1.763391550014380688e-06
3.017166171074638667e-04
2.108915843991217247e-06
1.725695497211979443e-06
6.963588843637155964e-06
2.263886985261748162e-06
-3.762398868886118744e-06
3.706156472877146506e-07
-7.711117005485698770e-07
8.665171822473879908e-07
-1.566566677888636765e-06
4.369571011059944560e-07
-6.539906313885116800e-07
1.404369821823634569e-07
1.979543084426388623e-06
-3.149688067750283267e-06
-4.401915947230319145e-07
7.837162102372856349e-07
-1.753760515146390657e-06
1.713933860240917368e-06
-6.362366838475324019e-07
1.215123481857875147e-06
-1.204967978005550600e-07
-2.899096587191759280e-06
5.638825092025519494e-06
-1.722573086866027472e-06
-4.356845964977180325e-07
1.451073752685701534e-07
6.963588843637155964e-06
1.404369821823634569e-07
-1.204967978005550600e-07
2.670280180077413912e-07
1.733439510555004110e-06
-8.064952820813261138e-06
-6.130663415475897388e-07
-3.582722016468902454e-06
3.966050895567389558e-06
2.263886985261748162e-06
1.979543084426388623e-06
-2.899096587191759280e-06
8.726836293782387893e-07
9.263846694259655738e-06
-2.912408718597623677e-05
8.742193272944397131e-07
4.473919130050331753e-06
-8.056683450253160551e-06
-3.762398868886118744e-06
-3.149688067750283267e-06
5.638825092025519494e-06
-1.042088064635995801e-06
-1.474077896525557462e-05
2.711352127349759213e-05
1.552175768083707691e-05
-4.673104649096115918e-07
6.861915610109908647e-07
-6.132719971527256285e-05
1.309297692580557649e-06
-2.627073841934106758e-06
-2.496750264352778176e-06
2.221914444165270259e-07
-2.985409578242348462e-07
-4.327458478526574348e-07
3.687076908383520861e-07
-3.918541479110345053e-07
-9.102528883730243985e-08
-9.578662490558237452e-07
1.763170436202429253e-06
1.070972791690203606e-06
-5.644477276170546764e-07
9.835439417678241768e-07
9.344901280950954227e-07
-6.602307985735834608e-07
1.189343770464626316e-06
-4.200965574788043398e-07
1.812316081382766555e-06
-3.373658783529179256e-06
-2.117570676928826888e-06
9.761794169412119426e-07
-1.653185582234887858e-06
-6.132719971527256285e-05
-9.102528883730243985e-08
-4.200965574788043398e-07
2.523054110031210540e-04
2.276529556879661710e-06
-1.237830481833285773e-06
2.390761410122577560e-06
1.553936899473296578e-06
-2.463410202687828392e-06
1.309297692580557649e-06
-9.578662490558237452e-07
1.812316081382766555e-06
7.115779703304738397e-07
4.167581134213504909e-06
-8.504414905721477692e-06
-6.087362754310178105e-06
9.343597276898884560e-07
-8.011564905018116281e-07
-2.627073841934106758e-06
1.763170436202429253e-06
-3.373658783529179256e-06
-8.800515834235663103e-07
-8.297539240344250079e-06
1.666105350163502591e-05
1.244629750187068708e-05
-1.517741119312362318e-06
8.140977232264009643e-07
-2.496750264352778176e-06
1.070972791690203606e-06
-2.117570676928826888e-06
2.390761410122577560e-06
-6.087362754310178105e-06
1.244629750187068708e-05
9.667393831171793673e-06
2.565858929531439649e-07
-3.920217692130788219e-06
2.221914444165270259e-07
-5.644477276170546764e-07
9.761794169412119426e-07
1.553936899473296578e-06
9.343597276898884560e-07
-1.517741119312362318e-06
-5.700620023168276647e-07
1.042383040084458989e-06
-6.427064552591368760e-06
-2.985409578242348462e-07
9.835439417678241768e-07
-1.653185582234887858e-06
-2.463410202687828392e-06
-8.011564905018116281e-07
8.140977232264009643e-07
-6.342374132377601161e-07
-2.078290008562840939e-06
4.485106233892554727e-06
1.651239615623875117e-05
-3.980247042796073532e-07
1.076241306134947681e-06
-6.709792050687605710e-05
6.653989505986742237e-07
-1.526733183513166354e-06
6.274403839029613401e-08
1.100697545705418135e-06
-2.665753179246940222e-06
-2.718800377519585267e-07
1.392946494790580732e-08
-8.778091101268348965e-08
-3.840775140955283928e-07
-4.998723715314607776e-07
1.257396479609578969e-06
1.117056586018121134e-06
5.153470491000614394e-07
-1.330814015927952065e-06
9.607877026217203218e-07
-1.348232863278172362e-08
-2.717180258290444652e-08
2.945690735926034097e-07
1.317441826588351603e-06
-3.300570102507094029e-06
-3.003935213143158193e-06
-1.450217284097902523e-06
3.741847833244080259e-06
-6.709792050687605710e-05
-3.840775140955283928e-07
2.945690735926034097e-07
2.578377981479102496e-04
-2.293846156525270219e-06
2.440529157364624353e-06
2.925011441006141675e-06
1.371717364223586017e-06
-3.946279434303272056e-06
6.653989505986742237e-07
-4.998723715314607776e-07
1.317441826588351603e-06
-2.105731511695545841e-06
1.897391826462672721e-06
-4.943424819306782948e-06
-2.881480346384747275e-06
-5.533746597963012729e-09
1.075442065786113226e-07
-1.526733183513166354e-06
1.257396479609578969e-06
-3.300570102507094029e-06
4.087927302132467064e-06
-4.962582060368299527e-06
1.296223994820018165e-05
7.700568308393365737e-06
2.432965094292008625e-07
-8.598244530258232677e-07
6.274403839029613401e-08
1.117056586018121134e-06
-3.003935213143158193e-06
2.925011441006141675e-06
-2.881480346384747275e-06
7.700568308393365737e-06
3.325277695853572715e-06
-5.089798083473146771e-07
3.190472983422009736e-06
1.100697545705418135e-06
5.153470491000614394e-07
-1.450217284097902523e-06
1.371717364223586017e-06
-5.533746597963012729e-09
2.432965094292008625e-07
-1.521018421056246522e-06
-2.214103586436064623e-06
4.993817519455614012e-06
-2.665753179246940222e-06
-1.330814015927952065e-06
3.741847833244080259e-06
-3.946279434303272056e-06
1.075442065786113226e-07
-8.598244530258232677e-07
3.717433607256307317e-06
5.615297374891782809e-06
-1.423610903519182396e-05
1.710017330658116172e-05
-2.104112426488055168e-06
2.644134617828120733e-06
1.001065376312571983e-05
-1.768192998101170756e-06
2.288702033518294235e-06
-3.557967574986885511e-05
2.276598711400489910e-06
2.665189313073376432e-05
-3.447055708147056703e-05
-3.434818854187413366e-06
-2.783402582511804315e-05
-2.318999426770468774e-06
4.692136968483456372e-05
2.639033205841107146e-05
2.401329579008632144e-05
-1.567081569514457411e-04
-6.708344388786939474e-05
4.185347657897192495e-06
1.757065246617420113e-06
-4.405291142309283323e-06
1.011392730802629213e-06
1.178164642990315837e-06
-3.561064530867424485e-07
1.048587673890172200e-06
2.620399240590430386e-05
2.668818223138097863e-05
4.703447863786207747e-06
-8.550448923288227383e-05
-4.184043295887537509e-05
2.384944334989378949e-05
-3.766412741084217103e-06
-1.893773146234828042e-05
-2.561506581678440700e-05
-3.456565467902465598e-06
-2.105850410601343682e-05
1.001065376312571983e-05
2.401329579008632144e-05
4.703447863786207747e-06
3.480363807085890432e-05
-1.128344814153171811e-04
1.182226489216106627e-06
-5.479803691805429291e-05
3.420212806149284858e-06
3.373357124231725335e-05
1.408620099758389966e-05
1.664177514728801810e-06
3.757419448412170515e-06
-1.768192998101170756e-06
-1.567081569514457411e-04
-8.550448923288227383e-05
-9.032206220658876405e-05
5.299455503274848453e-04
1.312596496725405349e-04
1.456693434105437801e-05
-8.018212608659085384e-06
-7.459848115310328596e-06
7.276631130670462133e-06
-3.764783171097768336e-06
8.955910980011171205e-06
2.288702033518294235e-06
-6.708344388786939474e-05
-4.184043295887537509e-05
-3.750406647123996932e-05
2.246248195899771399e-04
1.039641612831725500e-04
-3.509139635674061078e-06
1.528138162872920789e-06
8.335648938574054278e-06
-8.661368663247528572e-06
-2.279167987446570748e-07
-9.679379624648005842e-07
-3.557967574986885511e-05
4.185347657897192495e-06
2.384944334989378949e-05
-5.479803691805429291e-05
1.456693434105437801e-05
-3.509139635674061078e-06
1.521988023807331809e-04
-4.726108756684280172e-06
-1.003146895072165427e-04
-6.458726347224080510e-06
1.228208507437855042e-06
1.230376451679810861e-05
2.276598711400489910e-06
1.757065246617420113e-06
-3.766412741084217103e-06
3.420212806149284858e-06
-8.018212608659085384e-06
1.528138162872920789e-06
-1.144221912860732034e-05
-4.626897587625176749e-06
1.004522064492240184e-05
-2.756579437050588461e-06
9.004203876212657143e-06
7.177030090101604726e-06
2.665189313073376432e-05
-4.405291142309283323e-06
-1.893773146234828042e-05
3.373357124231725335e-05
-7.459848115310328596e-06
8.335648938574054278e-06
-9.900590399846965995e-05
9.611217252396472290e-06
9.076638719620156533e-05
-1.509399280956001614e-05
8.585936762589080478e-06
6.465105547546302423e-06
-3.447055708147056703e-05
1.011392730802629213e-06
-2.561506581678440700e-05
1.408620099758389966e-05
7.276631130670462133e-06
-8.661368663247528572e-06
-6.458726347224080510e-06
-2.756579437050588461e-06
-1.509399280956001614e-05
1.581426609406548587e-04
-3.508203726755663819e-06
1.052028646517303280e-04
-3.434818854187413366e-06
1.178164642990315837e-06
-3.456565467902465598e-06
1.664177514728801810e-06
-3.764783171097768336e-06
-2.279167987446570748e-07
1.228208507437855042e-06
9.004203876212657143e-06
8.585936762589080478e-06
1.097705881544285900e-05
-2.660587009152745219e-06
8.128754658071770428e-06
-2.783402582511804315e-05
-3.561064530867424485e-07
-2.105850410601343682e-05
3.757419448412170515e-06
8.955910980011171205e-06
-9.679379624648005842e-07
1.230376451679810861e-05
7.177030090101604726e-06
6.465105547546302423e-06
1.045812488779329993e-04
1.108087977579229268e-05
9.326905682753726845e-05
1.187303765634867591e-05
-3.514716606520263610e-06
1.791390846589821176e-06
-3.697847467150231363e-06
2.309634595805251044e-06
-9.862018470834310576e-07
-1.906759345844765265e-05
2.777295545243851369e-07
-2.052276886327968145e-05
-1.899371287254599663e-05
1.271016286952304938e-05
1.604884218930046209e-05
-3.272272558672344869e-06
1.398076288843768404e-05
2.537343771007238640e-06
-3.999701049973093369e-06
-2.746513899361461064e-05
7.883272805196854592e-06
1.985350038609498127e-06
-6.532178758713104471e-06
1.606777670342509747e-06
1.755254504142113916e-05
-1.927223441432330105e-05
-1.860021711561915203e-05
1.694080330533949048e-06
2.388714174376009844e-06
2.255306015666245007e-05
1.564045506642508672e-06
7.148974910176018013e-06
-1.026257845609056772e-05
-2.759291782121765769e-05
-9.095780281240465617e-07
-4.306331489565535890e-05
2.070071042854292355e-05
-1.610205319513418622e-05
-3.037887099711042042e-05
-3.697847467150231363e-06
-3.999701049973093369e-06
1.564045506642508672e-06
9.282493682629045011e-06
-6.293164122157142640e-06
2.255336544138771348e-06
9.612517112340562676e-08
9.017098178645116795e-06
-4.492570475261495723e-06
-6.897783223530194842e-07
1.138279378922630085e-05
-2.450881539160080927e-06
2.309634595805251044e-06
-2.746513899361461064e-05
7.148974910176018013e-06
-4.719230158941904010e-06
1.095283329730211975e-04
-3.820142797684945092e-05
-2.535679217635518256e-06
-6.019506173885237708e-07
1.737714907886723932e-06
-1.896858403092055101e-06
-1.067279801905474483e-05
5.673625352389471510e-06
-9.862018470834310576e-07
7.883272805196854592e-06
-1.026257845609056772e-05
1.982720711245867348e-06
-3.611962888395445833e-05
4.651734727731067688e-05
-8.816862341999303743e-07
2.186414459106032239e-05
-7.143398927428806300e-06
-6.074407512390033854e-08
-1.315433294604967368e-05
3.325956775023577175e-06
-1.906759345844765265e-05
1.985350038609498127e-06
-2.759291782121765769e-05
9.612517112340562676e-08
-2.535679217635518256e-06
-8.816862341999303743e-07
6.390368626608763252e-05
-8.936311363122094003e-06
9.079238652272999502e-05
4.664782387878405733e-06
2.920119922525550016e-07
1.045326895044515452e-05
2.777295545243851369e-07
-6.532178758713104471e-06
-9.095780281240465617e-07
9.017098178645116795e-06
-6.019506173885237708e-07
2.186414459106032239e-05
-9.451138693425755700e-06
2.750891448249817478e-05
-4.519572927299208083e-06
-6.988362944916760828e-06
1.454884407228963925e-06
-8.944824595416585905e-06
-2.052276886327968145e-05
1.606777670342509747e-06
-4.306331489565535890e-05
-4.492570475261495723e-06
1.737714907886723932e-06
-7.143398927428806300e-06
8.986109084221086856e-05
-5.037973117376756528e-06
1.801619991627027146e-04
-9.752099131354677794e-06
-1.014606647219479012e-06
-1.487574864212718686e-05
-1.899371287254599663e-05
1.755254504142113916e-05
2.070071042854292355e-05
-6.897783223530194842e-07
-1.896858403092055101e-06
-6.074407512390033854e-08
4.664782387878405733e-06
-6.988362944916760828e-06
-9.752099131354677794e-06
6.821869254563926082e-05
-6.024481032012394947e-05
-6.906507926318625526e-05
1.271016286952304938e-05
-1.927223441432330105e-05
-1.610205319513418622e-05
1.138279378922630085e-05
-1.067279801905474483e-05
-1.315433294604967368e-05
2.920119922525550016e-07
1.454884407228963925e-06
-1.014606647219479012e-06
-6.488410166270750597e-05
8.777340949113364356e-05
7.264346669366566220e-05
1.604884218930046209e-05
-1.860021711561915203e-05
-3.037887099711042042e-05
-2.450881539160080927e-06
5.673625352389471510e-06
3.325956775023577175e-06
1.045326895044515452e-05
-8.944824595416585905e-06
-1.487574864212718686e-05
-6.857220278073813079e-05
7.346702109469737947e-05
1.222637068150242391e-04
1.111275140386591473e-05
-3.992132315430916028e-06
6.807792740702394649e-07
-2.864322758907086327e-06
9.654563061256586194e-07
-1.576226548489111074e-07
-1.936777740855530854e-05
3.384581343595874488e-06
-2.049283566105000479e-05
-1.937121526496622364e-05
1.026735894474237132e-05
1.809367594470128151e-05
-3.949109524599558134e-06
4.927681168566875674e-06
3.195216284609415761e-06
-2.894818340641415955e-06
2.127175556410159604e-06
-1.234765300719582582e-06
4.712364678100887514e-06
-6.647764400254682205e-06
5.822878174077137173e-06
1.358665362401723901e-05
-1.455321565796702046e-05
-1.630914396474397453e-05
7.591022129983872975e-07
2.596340339181049831e-06
2.225780606243862915e-05
6.229216136273422966e-07
-1.029798448767185009e-06
-4.636570291174048029e-06
-2.702536535303593754e-05
4.559163439903846356e-06
-4.322891120223132404e-05
2.371418563781523976e-05
-1.480121108513796317e-05
-3.533584675928526760e-05
-2.864322758907086327e-06
-2.894818340641415955e-06
6.229216136273422966e-07
5.741711504694179741e-06
-2.619107985076684118e-06
9.793643967898594025e-07
2.439543838107148919e-06
7.181017818270568147e-06
-1.129223896095822502e-06
2.038809610230123385e-06
7.004344523128224530e-06
-6.528068977341684016e-07
9.654563061256586194e-07
2.127175556410159604e-06
-1.029798448767185009e-06
-2.792321021768674621e-06
-6.306449606172527947e-07
3.409711808690162655e-06
-1.577463258355084051e-07
-1.129468713391106510e-06
1.732215607880858449e-06
-1.577118229256135416e-06
-5.426436370909605652e-06
1.821074401276874335e-06
-1.576226548489111074e-07
-1.234765300719582582e-06
-4.636570291174048029e-06
8.164875880805974213e-07
3.927633661435186382e-06
1.426402056876890115e-05
1.301109536499041524e-06
1.364475162693227735e-05
-6.567665831286558510e-07
-1.622246480006259733e-06
-1.040273613615730011e-05
3.509984137726602028e-06
-1.936777740855530854e-05
4.712364678100887514e-06
-2.702536535303593754e-05
2.439543838107148919e-06
-1.577463258355084051e-07
1.301109536499041524e-06
6.510434257378302646e-05
-1.741684268236026628e-05
8.771407403089749512e-05
5.211442573706529605e-06
9.354159217550663661e-07
1.060881561910196666e-05
3.384581343595874488e-06
-6.647764400254682205e-06
4.559163439903846356e-06
7.181017818270568147e-06
-1.129468713391106510e-06
1.364475162693227735e-05
-1.728024696501400163e-05
2.854718020790372054e-05
-2.061026597933617911e-05
-4.034099262687274190e-06
7.115613303793385248e-07
-5.797035157256434237e-06
-2.049283566105000479e-05
5.822878174077137173e-06
-4.322891120223132404e-05
-1.129223896095822502e-06
1.732215607880858449e-06
-6.567665831286558510e-07
8.734698579402364136e-05
-2.101608617866013501e-05
1.753662821034658733e-04
-9.907092292191494639e-06
9.413031846148917103e-07
-1.646056686084471722e-05
-1.937121526496622364e-05
1.358665362401723901e-05
2.371418563781523976e-05
2.038809610230123385e-06
-1.577118229256135416e-06
-1.622246480006259733e-06
5.211442573706529605e-06
-4.034099262687274190e-06
-9.907092292191494639e-06
6.520181151264073805e-05
-4.802116582389024990e-05
-7.632640375833407253e-05
1.026735894474237132e-05
-1.455321565796702046e-05
-1.480121108513796317e-05
7.004344523128224530e-06
-5.426436370909605652e-06
-1.040273613615730011e-05
9.354159217550663661e-07
7.115613303793385248e-07
9.413031846148917103e-07
-4.633204999116353513e-05
5.812239707743448777e-05
6.429004444492362178e-05
1.809367594470128151e-05
-1.630914396474397453e-05
-3.533584675928526760e-05
-6.528068977341684016e-07
1.821074401276874335e-06
3.509984137726602028e-06
1.060881561910196666e-05
-5.797035157256434237e-06
-1.646056686084471722e-05
-7.636593476230028399e-05
6.450717297941507746e-05
1.430697316451504792e-04
1.092179272274940123e-05
-4.177685091448847056e-06
5.889127802402406428e-07
-2.322070427479173898e-06
8.092679885467424566e-07
-1.312374422804078892e-07
-1.913114870689357059e-05
4.602096091088954405e-06
-2.036216745905412991e-05
-1.923660622579470559e-05
1.025789634297084814e-05
1.840159629965648817e-05
-4.140330547427392433e-06
3.933569699880751851e-06
2.617341896464105292e-06
-2.391282623234644691e-06
5.025945097746379206e-06
-1.247872599528280865e-06
5.346729283520560628e-06
-6.722755329986178740e-06
6.552299924697028572e-06
1.271432702271594481e-05
-1.311830619347422681e-05
-1.532978510760902986e-05
5.611675854126667917e-07
2.599609508867548758e-06
2.220765355269013880e-05
3.471588646291386995e-07
-1.188362759506422402e-06
-3.515927413071691913e-06
-2.658397776124196262e-05
6.224428134861664441e-06
-4.255706038697016995e-05
2.410996692953370379e-05
-1.494022189993759056e-05
-3.655528296294419810e-05
-2.322070427479173898e-06
-2.391282623234644691e-06
3.471588646291386995e-07
3.752625180212246279e-06
-5.092996093796337072e-07
1.361372349507854556e-07
2.376169256588330109e-06
4.640903615373826970e-06
-3.188374684984972481e-07
2.273294429427572830e-06
4.815395130235369707e-06
-8.438836474911624881e-07
8.092679885467424566e-07
5.025945097746379206e-06
-1.188362759506422402e-06
-6.822224188768809195e-07
-1.739063643626426964e-05
3.733218915679869091e-06
-7.277836836424266749e-07
6.648240956081355880e-07
-3.905879789140891869e-07
-1.587677362752478765e-06
-1.494709440032776577e-06
1.574484908768504116e-06
-1.312374422804078892e-07
-1.247872599528280865e-06
-3.515927413071691913e-06
8.925911687735290453e-08
3.703929620977056421e-06
8.521179093357047376e-06
1.526668567230184738e-06
8.593335596714337095e-06
1.301775990399876962e-06
-1.453141956407764045e-06
-7.318530254340941088e-06
3.504196026177035003e-06
-1.913114870689357059e-05
5.346729283520560628e-06
-2.658397776124196262e-05
2.376169256588330109e-06
-7.277836836424266749e-07
1.526668567230184738e-06
6.438812065168843604e-05
-1.989309320325804284e-05
8.703385292480706760e-05
4.748492496035831433e-06
5.954961023905327991e-07
1.022120748888402936e-05
4.602096091088954405e-06
-6.722755329986178740e-06
6.224428134861664441e-06
4.640903615373826970e-06
6.648240956081355880e-07
8.593335596714337095e-06
-2.002482276464368416e-05
2.453796339145500601e-05
-2.527026600266604766e-05
-2.519758508457993514e-06
2.020852884169817056e-07
-5.811570922798069098e-06
-2.036216745905412991e-05
6.552299924697028572e-06
-4.255706038697016995e-05
-3.188374684984972481e-07
-3.905879789140891869e-07
1.301775990399876962e-06
8.701085675022111020e-05
-2.512236102467258766e-05
1.739932446827564773e-04
-1.003751998602991075e-05
1.320108930932096512e-06
-1.654284304397317458e-05
-1.923660622579470559e-05
1.271432702271594481e-05
2.410996692953370379e-05
2.273294429427572830e-06
-1.587677362752478765e-06
-1.453141956407764045e-06
4.748492496035831433e-06
-2.519758508457993514e-06
-1.003751998602991075e-05
6.468809255326259491e-05
-4.368131611302192546e-05
-7.807235419666163192e-05
1.025789634297084814e-05
-1.311830619347422681e-05
-1.494022189993759056e-05
4.815395130235369707e-06
-1.494709440032776577e-06
-7.318530254340941088e-06
5.954961023905327991e-07
2.020852884169817056e-07
1.320108930932096512e-06
-4.380424733866201915e-05
4.991830478010586243e-05
6.170349090313170456e-05
1.840159629965648817e-05
-1.532978510760902986e-05
-3.655528296294419810e-05
-8.438836474911624881e-07
1.574484908768504116e-06
3.504196026177035003e-06
1.022120748888402936e-05
-5.811570922798069098e-06
-1.654284304397317458e-05
-7.829174370312778105e-05
6.161944332980763225e-05
1.484223316993066083e-04
3.120416659006589846e-04
-1.926422268962913602e-06
8.982633525636085045e-07
-3.120399081383918097e-04
8.066834969537478726e-07
-1.907232552828062220e-06
-1.028725215942928599e-06
3.391455967496548039e-09
-2.085671316390258490e-06
1.028719421029652327e-06
-2.659438611155945079e-09
6.287680249692723518e-09
-7.804328162031578931e-07
2.572896523497264089e-09
1.951904015300946969e-09
7.804284199461534210e-07
-2.017558365142947424e-09
4.770090135410684315e-09
-3.120399081383918097e-04
1.028719421029652327e-06
7.804284199461534210e-07
3.120381503860259484e-04
-1.704376005844013731e-06
2.285256404274157720e-07
8.066834969537478726e-07
-2.659438611155945079e-09
-2.017558365142947424e-09
-8.066789528240286222e-07
2.085421068359661173e-09
2.083313675766501477e-06
-1.907232552828062220e-06
6.287680249692723518e-09
4.770090135410684315e-09
1.907221809194181826e-06
-4.930537147255093095e-09
1.165721250743862647e-08
2.581264988591832305e-06
-2.386365460111290490e-07
-3.068340515925073481e-08
-2.583822627987148884e-06
-2.901509286189123687e-08
-4.644033435683450452e-08
-2.912975118999092621e-08
3.287312260164300642e-10
2.844006024649904284e-07
2.915861432475469112e-08
3.274372989712792880e-10
5.240823359465862780e-10
-2.369826167744902550e-08
2.674364969388889788e-10
2.175706907301688983e-10
2.372174303559445830e-08
2.663838335847810189e-10
4.263627333254280096e-10
-2.583822627987148884e-06
2.915861432475469112e-08
2.372174303559445830e-08
2.586382801612507417e-06
-1.804629524333814203e-07
5.347149311765834022e-08
-2.901509286189123687e-08
3.274372989712792880e-10
2.663838335847810189e-10
2.904384238775672564e-08
3.261484649988588966e-10
-2.836111464854375048e-07
-4.644033435683450452e-08
5.240823359465862780e-10
4.263627333254280096e-10
4.648634963585660113e-08
5.220194826140500530e-10
8.355223755431426698e-10
-4.478403326489662727e-06
6.190366681031505901e-10
-1.663032556643876765e-11
4.478403327605789571e-06
2.146578938495709995e-10
4.169596178803426889e-10
-2.135003514838173346e-10
-1.017827710870164058e-14
-3.179153463291660438e-10
2.135003515374654773e-10
1.023344982589850221e-14
1.987785067503181873e-14
4.299660620343984908e-10
2.049790658695984134e-14
-4.128051966852649437e-14
-4.299660621415550345e-10
-2.060904302557094711e-14
-4.003178516823740046e-14
4.478403327605789571e-06
2.135003515374654773e-10
-4.299660621415550345e-10
-4.478403328721933356e-06
6.178791256845304939e-10
2.963676961681440739e-11
2.146578938495709995e-10
1.023344982589850221e-14
-2.060904302557094711e-14
-2.146578939024374566e-10
-1.028894593750707019e-14
3.179158586156206398e-10
4.169596178803426889e-10
1.987785067503181873e-14
-4.003178516823740046e-14
-4.169596179842620096e-10
-1.998561979640088993e-14
-3.882082671137240021e-14
-5.746339870723999230e-06
1.179320728988140523e-09
-1.147527128247433723e-09
5.746339870719426946e-06
-3.172557605363205349e-11
-1.529394456097672264e-11
3.293679092431495186e-11
-1.887857001127070643e-16
-2.697837850767941562e-15
-3.293679092447378346e-11
1.818416883413829482e-16
8.766334140994623829e-17
-6.478344915120957161e-13
3.712043752943478649e-18
-7.288986817400840666e-20
6.478344915119314311e-13
-3.575710792559970976e-18
-1.721822057919215757e-18
5.746339870719426946e-06
-3.293679092447378346e-11
6.478344915119314311e-13
-5.746339870714869062e-06
1.178109514116926989e-09
1.162173238316886482e-09
-3.172557605363205349e-11
1.818416883413829482e-16
-3.575710792559970976e-18
3.172557605310136542e-11
-1.751558485794028422e-16
2.617110412499977878e-15
-1.529394456097672264e-11
8.766334140994623829e-17
-1.721822057919215757e-18
1.529394456096498701e-11
-8.443648101678464030e-17
-4.070176416562412272e-17
-2.958815386671897516e-06
-1.405841315672452077e-09
1.130183660633133231e-09
2.958815387080976737e-06
-1.028465088195297160e-09
-1.108570536000521101e-09
1.028313202193879983e-09
-3.573822314303598194e-13
5.970828656491883228e-13
-1.028313202336171178e-09
3.574350161883377550e-13
3.852750407918328126e-13
-1.112801829842696312e-09
3.867455935667477621e-13
-4.185215181427626796e-13
1.112801829996547563e-09
-3.868027177397611292e-13
-4.169301405231756034e-13
2.958815387080976737e-06
-1.028313202336171178e-09
1.112801829996547563e-09
-2.958815387490061886e-06
-1.405689429528736673e-09
-1.134414954322030840e-09
-1.028465088195297160e-09
3.574350161883377550e-13
-3.868027177397611292e-13
1.028465088337594973e-09
-3.574878119964792212e-13
-5.956692189080095499e-13
-1.108570536000521101e-09
3.852750407918328126e-13
-4.169301405231756034e-13
1.108570536153798496e-09
-3.853319468242979259e-13
-4.153448142662639860e-13
1.173159685763982825e-04
1.868770235473274077e-06
1.902265720696752294e-06
-1.173157753931444378e-04
2.649195639405840949e-06
-3.318253776207874263e-06
-2.689857778949471219e-06
6.167391326834598243e-08
8.915956662291287299e-08
2.689853349582442659e-06
-6.074159882139549643e-08
7.608197622857452575e-08
-3.271361646073994391e-06
7.500681857917393772e-08
9.122208297189537188e-08
3.271356259149291219e-06
-7.387295278609526661e-08
9.252967236387743642e-08
-1.173157753931444378e-04
2.689853349582442659e-06
3.271356259149291219e-06
1.173155822102086980e-04
1.909436737425861960e-06
-1.855379054704434624e-06
2.649195639405840949e-06
-6.074159882139549643e-08
-7.387295278609526661e-08
-2.649191276996884607e-06
5.982337801931057818e-08
-8.908460549713256016e-08
-3.318253776207874263e-06
7.608197622857452575e-08
9.252967236387743642e-08
3.318248312066311426e-06
-7.493185745339423369e-08
9.385600491503991707e-08
2.217514889446120372e-05
6.571361902454413919e-08
1.079940544272519532e-08
-2.217514889303278091e-05
7.969877508352644394e-08
-2.696557609962336508e-08
-7.970079925302300085e-08
2.864565839843246215e-10
-1.026535674638956699e-10
7.970079924789407077e-08
-2.864493088119574566e-10
9.691831056836755394e-11
-2.702021118267894806e-08
9.711467722237050507e-11
3.292387419006059932e-11
2.702021118093835822e-08
-9.711221079035655829e-11
3.285730185099945553e-11
-2.217514889303278091e-05
7.970079924789407077e-08
2.702021118093835822e-08
2.217514889160438182e-05
6.571564319917392752e-08
-1.085404052751762598e-08
7.969877508352644394e-08
-2.864493088119574566e-10
-9.711221079035655829e-11
-7.969877507839321252e-08
2.864420338326654653e-10
1.028523955620325639e-10
-2.696557609962336508e-08
9.691831056836755394e-11
3.285730185099945553e-11
2.696557609788651078e-08
-9.691584912423825104e-11
3.279086412673162289e-11
1.631750466236333925e-06
1.902863817757087031e-08
3.044258736493824329e-08
-1.631750525964778132e-06
-1.199164008959383979e-08
-4.083419837016072064e-08
1.199258262167303984e-08
8.813972535139819720e-11
9.078391401404747222e-09
-1.199258306064779527e-08
-8.813279819072985475e-11
-3.001117559788588311e-10
-4.083211911692849065e-08
-3.000964744651403020e-10
1.021762816117862244e-09
4.083212061154348413e-08
3.000728890110930974e-10
1.021814846320107242e-09
-1.631750525964778132e-06
-1.199258306064779527e-08
4.083212061154348413e-08
1.631750585693220858e-06
1.902769608443176352e-08
-3.044050661701470745e-08
-1.199164008959383979e-08
-8.813279819072985475e-11
3.000728890110930974e-10
1.199164052853393470e-08
8.812587158489975825e-11
-9.078399706547703967e-09
-4.083419837016072064e-08
-3.001117559788588311e-10
1.021814846320107242e-09
4.083419986485202649e-08
3.000881693222045981e-10
1.021866879176632552e-09
-3.286191707774315240e-06
1.307052712228188087e-11
8.186617920223971952e-12
3.286191707777292561e-06
-1.304804464403708121e-11
-7.120339045610690265e-13
1.301055665923399038e-11
-5.150944135805922667e-17
-2.858330236014806762e-14
-1.301055665795178288e-11
5.166016267376881280e-17
2.818357305021972349e-18
8.200647602593185802e-12
-3.247013342207812178e-17
-2.046551156030689318e-17
-8.200647602600050432e-12
3.255949081455834372e-17
1.777937445893387695e-18
3.286191707777292561e-06
-1.301055665795178288e-11
-8.200647602600050432e-12
-3.286191707780272846e-06
1.310801510765084564e-11
7.260635869314396365e-13
-1.304804464403708121e-11
5.166016267376881280e-17
3.255949081455834372e-17
1.304804464460295515e-11
-5.180808068460945287e-17
2.854800308885878991e-14
-7.120339045610690265e-13
2.818357305021972349e-18
1.777937445893387695e-18
7.120339045622266957e-13
-2.829137867200478718e-18
-1.541894756883876502e-19
-2.867946619172294462e-06
2.434139368792485690e-10
-2.261465290143159276e-09
2.867946619513170166e-06
4.007590703594405951e-10
5.109467586770885157e-10
-4.002906463081150519e-10
-5.587014889232042122e-14
3.488037071666246011e-09
4.002906463541493590e-10
5.593552757564929959e-14
7.131485879733879703e-14
5.182094755951528840e-10
7.232854500005645362e-14
-9.363530405242031724e-14
-5.182094756567523004e-10
-7.241318470849006358e-14
-9.232300435064880494e-14
2.867946619513170166e-06
4.002906463541493590e-10
-5.182094756567523004e-10
-2.867946619854046717e-06
2.429455127799950437e-10
2.268728007000482118e-09
4.007590703594405951e-10
5.593552757564929959e-14
-7.241318470849006358e-14
-4.007590704073690942e-10
-5.600098478433965381e-14
-3.488036141433171943e-09
5.109467586770885157e-10
7.131485879733879703e-14
-9.232300435064880494e-14
-5.109467587378296289e-10
-7.139831192630894822e-14
-9.102909428108712313e-14
9.779195106462563992e-05
-2.904306295568230304e-06
-2.158414108982933761e-06
-9.778424671053113871e-05
9.958196859969586275e-06
-8.208196480270240326e-06
-1.023313978129647901e-05
1.070815630975063386e-06
7.256307618357521370e-07
1.023233358271346550e-05
-1.042045069439175833e-06
8.589216292396273653e-07
-7.865928315386174022e-06
8.231060233966387843e-07
6.326985768174844315e-07
7.865308613085851563e-06
-8.009908974947940306e-07
6.602290312189394968e-07
-9.778424671053113871e-05
1.023233358271346550e-05
7.865308613085851563e-06
9.777654296340968680e-05
-2.628578836517019180e-06
2.500035606616098289e-06
9.958196859969586275e-06
-1.042045069439175833e-06
-8.009908974947940306e-07
-9.957412322245263648e-06
1.014047512319041027e-06
-7.383689518532020140e-07
-8.208196480270240326e-06
8.589216292396273653e-07
6.602290312189394968e-07
8.207549813019336009e-06
-8.358442134140918376e-07
6.889574113742666711e-07
1.102619867954223022e-05
-5.653909854659197457e-08
-5.688885490092118387e-08
-1.102619867362870527e-05
-1.573246551919992347e-08
2.064949134340625095e-08
1.573189061606147486e-08
2.244584825190398552e-11
-2.496935338435561358e-10
-1.573189060762485135e-08
-2.244666850750460263e-11
2.946215178376803032e-11
2.062027241983748465e-08
2.942046299127290460e-11
3.856230483374090370e-11
-2.062027240877839088e-08
-2.942153812700151414e-11
3.861694761417648022e-11
-1.102619867362870527e-05
-1.573189060762485135e-08
-2.062027240877839088e-08
1.102619866771519219e-05
-5.653852365189125791e-08
5.685963598842693330e-08
-1.573246551919992347e-08
-2.244666850750460263e-11
-2.942153812700151414e-11
1.573246551076217168e-08
2.244748879696697933e-11
2.496507683922702326e-10
2.064949134340625095e-08
2.946215178376803032e-11
3.861694761417648022e-11
-2.064949133233173853e-08
-2.946322844254627729e-11
3.867166782516987869e-11
-4.690384604750023609e-08
-6.049393087084615007e-09
5.915055748041077421e-09
4.690366866520645370e-08
-2.907908895533832039e-11
-1.394882494502930259e-10
5.872158410248705930e-11
-7.351687938853121090e-14
1.794477095278434015e-13
-5.872136202742104019e-11
3.640575974363744019e-14
1.746332492767684518e-13
-1.394205312532396882e-10
1.745484654605514265e-13
-4.144241064754768563e-13
1.394200039887320657e-10
-8.643687658828114576e-14
-4.146253996084051971e-13
4.690366866520645370e-08
-5.872136202742104019e-11
1.394200039887320657e-10
-4.690349128358360081e-08
-6.079035692204031180e-09
-5.914988557364646263e-09
-2.907908895533832039e-11
3.640575974363744019e-14
-8.643687658828114576e-14
2.907897898307120914e-11
-1.802823159436124709e-14
-9.137810746243854673e-14
-1.394882494502930259e-10
1.746332492767684518e-13
-4.146253996084051971e-13
1.394877219296717000e-10
-8.647886339440535804e-14
-4.148267855963507760e-13
8.438747346467800328e-05
6.048121438702753383e-07
1.638475806494990250e-07
-6.631628626560562799e-05
2.879097502682312816e-07
-2.406181736436324738e-07
1.019641448935417780e-08
1.232017786801130701e-12
-2.316426706749232035e-08
-8.012899478968980649e-09
3.478771230979897977e-11
-2.907354055130009169e-11
5.117994153435120801e-08
6.183997170275452402e-12
3.103999097908003187e-11
-4.021999373247776954e-08
1.746136432438395786e-10
-1.459318966834497508e-10
-6.631628626560562799e-05
-8.012899478968980649e-09
-4.021999373247776954e-08
5.211496023639755333e-05
9.364402810323746050e-07
-5.302632726566585823e-07
2.879097502682312816e-07
3.478771230979897977e-11
1.746136432438395786e-10
-2.262552086648136579e-07
9.822787778557710293e-10
-1.451753891785920492e-08
-2.406181736436324738e-07
-2.907354055130009169e-11
-1.459318966834497508e-10
1.890909044781089694e-07
-8.209312998706671866e-10
6.860864902266800927e-10
3.769646848911495950e-06
4.673225649211879043e-08
4.422145506178260187e-08
-2.779995959626032645e-06
-3.195153893927343113e-08
-3.045892055818794519e-08
3.385472487909432794e-08
3.040450319621253394e-10
2.884642448103060753e-10
-2.496679454344803904e-08
-2.869527580751030665e-10
-2.735477398705520396e-10
3.211853507944750685e-08
2.884525294258979032e-10
2.736596654869098078e-10
-2.368640918598375462e-08
-2.722368076966444875e-10
-2.595192461395497025e-10
-2.779995959626032645e-06
-2.496679454344803904e-08
-2.368640918598375462e-08
2.050159562763460371e-06
2.502054882208450271e-08
2.928181220643183892e-08
-3.195153893927343113e-08
-2.869527580751030665e-10
-2.722368076966444875e-10
2.356325478623051904e-08
2.708213478698642021e-10
2.581699324678989381e-10
-3.045892055818794519e-08
-2.735477398705520396e-10
-2.595192461395497025e-10
2.246249568730396254e-08
2.581699096088965584e-10
2.461094841998680614e-10
-4.214519093773594093e-06
-4.383665869952361456e-09
4.396699634073533781e-09
3.848479333785080928e-06
-2.883189220225717000e-09
-3.138792243491588638e-09
1.382354173004395728e-08
-4.534095152855247037e-11
-5.729880794520735300e-12
-1.262293834340029413e-08
9.456805302459399896e-12
1.029517830444972560e-11
1.289884238671986304e-08
-4.230795544334897148e-11
-3.947784580378566907e-11
-1.177855106372165659e-08
8.824210419292169291e-12
9.606502081270690523e-12
3.848479333785080928e-06
-1.262293834340029413e-08
-1.177855106372165659e-08
-3.514230889225759147e-06
-1.366648591099785010e-08
-1.454035163991432106e-08
-2.883189220225717000e-09
9.456805302459399896e-12
8.824210419292169291e-12
2.632778232235737111e-09
-1.972414862155728129e-12
-6.750952802021705054e-11
-3.138792243491588638e-09
1.029517830444972560e-11
9.606502081270690523e-12
2.866181600640523807e-09
-2.147275113418195643e-12
-2.337637234365930742e-12
-4.423004676917331032e-06
-1.000933635919438974e-10
-3.262305391479317417e-10
3.837900392044323402e-06
-8.442682224885395298e-10
-2.503937609951510096e-09
-1.003452207387723383e-10
-2.276542658493086369e-15
-7.575701604767275901e-15
8.707089188192070500e-11
-1.915401099207422576e-14
-5.680712368353451350e-14
-3.265740623698741941e-10
-7.409024604685039197e-15
-2.411270879015423564e-14
2.833726874723396523e-10
-6.233683330834962082e-14
-1.848790911647736905e-13
3.837900392044323402e-06
8.707089188192070500e-11
2.833726874723396523e-10
-3.330197568210547371e-06
7.327547769001306988e-10
2.172641078488979982e-09
-8.442682224885395298e-10
-1.915401099207422576e-14
-6.233683330834962082e-14
7.325828432855643946e-10
-1.611548858765668622e-13
-4.780236879953438872e-13
-2.503937609951510096e-09
-5.680712368353451350e-14
-1.848790911647736905e-13
2.172700197456051330e-09
-4.779544936316545742e-13
-1.417521348803849350e-12
2.279995957088514120e-04
-2.401071711205637402e-05
1.793484488064778196e-05
-4.591964186276797889e-05
1.711855103479189463e-07
1.070895295513655992e-06
-3.710645387461656772e-06
6.038997195887490047e-08
-1.162764296592023286e-06
7.473324974205207970e-07
-2.786008117241395959e-09
-1.742859532885582357e-08
-9.003727105562301172e-07
1.465337618269366906e-08
3.555580944724524258e-09
1.813371303717032031e-07
-6.760133125596379091e-10
-4.228976358257436432e-09
-4.591964186276797889e-05
7.473324974205207970e-07
1.813371303717032031e-07
9.248321262365348476e-06
-8.994799445354637496e-07
8.602041322201897023e-07
1.711855103479189463e-07
-2.786008117241395959e-09
-6.760133125596379091e-10
-3.447715467578968704e-08
1.285286443640881868e-10
7.001022869877754750e-08
1.070895295513655992e-06
-1.742859532885582357e-08
-4.228976358257436432e-09
-2.156807703523541887e-07
8.040442226305418066e-10
5.029906875002527751e-09
-1.985659022648424162e-05
-1.804853095189189504e-09
1.990385962565942781e-09
4.488131890373376063e-06
3.509477197943361611e-10
5.215809725692124889e-10
9.871843990448035237e-10
-4.907857443781619504e-14
2.270396098145610306e-09
-2.231306449140491232e-10
-1.744760944441215469e-14
-2.593076941151207440e-14
3.430404019200832358e-10
-1.705450128961426861e-14
-5.926343599078048910e-15
-7.753650299390784262e-11
-6.062938053439895249e-15
-9.010781807903552178e-15
4.488131890373376063e-06
-2.231306449140491232e-10
-7.753650299390784262e-11
-1.014440426862405411e-06
3.869039045671257787e-09
3.935992876637911351e-09
3.509477197943361611e-10
-1.744760944441215469e-14
-6.062938053439895249e-15
-7.932377286794390200e-11
-6.202690368735849365e-15
-3.202219448620427326e-15
5.215809725692124889e-10
-2.593076941151207440e-14
-9.010781807903552178e-15
-1.178915498431077962e-10
-9.218484253969774365e-15
-1.370057541766731454e-14
-1.517593911581380168e-05
2.379236714556325593e-11
1.829031582142322852e-08
3.486996479192427955e-06
-6.079429405790240189e-12
-4.530318173859504220e-10
2.416320377289338346e-11
-3.845870036210167560e-17
2.340028647586186811e-14
-5.552012685454112769e-12
9.681641778892067825e-18
7.213195815247465773e-16
-1.469045074358705742e-08
2.339020715440827230e-14
-1.422049346568733259e-11
3.375445145747766461e-09
-5.884944315265538218e-15
-4.385390303479785389e-13
3.486996479192427955e-06
-5.552012685454112769e-12
3.375445145747766461e-09
-8.012119944017296673e-07
-2.028412674695546718e-09
-1.925739418244413283e-09
-6.079429405790240189e-12
9.681641778892067825e-18
-5.884944315265538218e-15
1.396878886544569603e-12
-2.434908093987764803e-18
-1.809893181737239277e-16
-4.530318173859504220e-10
7.213195815247465773e-16
-4.385390303479785389e-13
1.040937460364925753e-10
-1.814829184129447171e-16
-1.352389674693515480e-14
-1.172322857587836962e-05
2.581448265407843095e-09
-5.845214181019956223e-09
2.712826769789671564e-06
-6.030796716856626991e-11
1.185863909879797136e-10
-2.027003090407817044e-09
-3.504786613256710334e-13
8.121599988138426358e-13
4.690609084782653492e-10
-1.042753997732138398e-14
2.050416287434191029e-14
4.704327687722056961e-09
8.134010814486962811e-13
-1.887764860564765726e-12
-1.088610189805064183e-09
2.420053882035750033e-14
-4.758665608799884602e-14
2.712826769789671564e-06
4.690609084782653492e-10
-1.088610189805064183e-09
-6.277647011020641986e-07
1.398826187646948543e-11
-2.738557300259361403e-11
-6.030796716856626991e-11
-1.042753997732138398e-14
2.420053882035750033e-14
1.395563233346975363e-11
-3.102433790366891826e-16
5.912888427093852804e-16
1.185863909879797136e-10
2.050416287434191029e-14
-4.758665608799884602e-14
-2.744161592711159099e-11
6.100457081525519596e-16
-1.199561506227679808e-15
-1.524943626182565319e-05
-6.643595848355022919e-05
1.484714159479067351e-05
-3.800577544068197528e-05
8.596705328147104437e-05
-1.455862339808051239e-05
3.471243970026652856e-05
2.280933180870295754e-04
-3.862725642846963933e-05
-6.892680869740843352e-05
2.237803839211003438e-04
-2.604758115244456407e-05
1.870783701251121049e-05
3.080776781338151726e-05
-6.437150736426210022e-06
2.379675420472287509e-04
-8.760953260726014489e-04
1.333023251462513051e-04
1.226903093056321586e-05
-2.760338755626705681e-05
3.015983139746109755e-06
1.136714439162033619e-06
-1.368534665709664585e-05
2.504087612622443688e-06
-4.068199293986457266e-05
1.124656619966394466e-04
-1.677284336655837061e-05
-3.800577544068197528e-05
1.870783701251121049e-05
1.136714439162033619e-06
1.791862261257791682e-04
5.189328118295134562e-05
-1.252509810134625472e-05
-1.997632025287643669e-04
4.691306599304780105e-05
-1.282857013758542956e-04
8.596705328147104437e-05
3.080776781338151726e-05
-1.368534665709664585e-05
3.598330517190170987e-05
-2.329377450947749779e-04
3.726520024573345025e-05
-1.719512914061481208e-04
-5.018813749537503821e-05
4.699514178218707166e-05
-1.455862339808051239e-05
-6.437150736426210022e-06
2.504087612622443688e-06
-1.155916812002006937e-05
4.150748447336345947e-05
-7.252480076725174294e-06
3.662738899980824963e-05
9.011245534154276477e-06
-5.204430447938720562e-06
3.471243970026652856e-05
2.379675420472287509e-04
-4.068199293986457266e-05
-1.997632025287643669e-04
-1.719512914061481208e-04
3.662738899980824963e-05
4.150298756790781049e-04
-1.054997936090869975e-03
-3.107643030349408852e-05
2.280933180870295754e-04
-8.760953260726014489e-04
1.124656619966394466e-04
4.691306599304780105e-05
-5.018813749537503821e-05
9.011245534154276477e-06
-1.048129099985704686e-03
3.501778567374692029e-03
-6.284619001954059279e-04
-3.862725642846963933e-05
1.333023251462513051e-04
-1.677284336655837061e-05
-1.282857013758542956e-04
4.699514178218707166e-05
-5.204430447938720562e-06
3.510036824512913472e-04
-6.269718662312722974e-04
1.764900150019396718e-04
1.423783005553865424e-05
-1.035332018674523123e-05
5.295417396211638961e-06
-5.212704925176328937e-05
4.470402827036665296e-06
-1.661334077475129295e-06
9.525368043556920467e-06
4.354027077841743582e-05
-1.221018502105045541e-05
-9.866735029850974854e-06
6.096315539151824848e-05
-1.589579378811268020e-05
-4.312352229842421519e-06
7.177336160424424883e-07
-3.273879299282307170e-07
4.193669634741835285e-05
-1.528387968529790306e-04
5.794436931681004350e-05
4.696005320552240327e-06
-1.463730233338554263e-05
9.369404225834365572e-06
-3.427828567228019999e-07
-1.006772898952634224e-06
3.360461674807130754e-07
-1.704790398757185569e-05
4.698852894671417895e-05
-2.187970288982386461e-05
-5.212704925176328937e-05
-4.312352229842421519e-06
-3.427828567228019999e-07
2.338908704714323737e-04
-9.928675214373168406e-06
7.556089934684132072e-06
-8.648734488015858454e-05
-5.726215082712020414e-05
-3.715739510511432797e-06
4.470402827036665296e-06
7.177336160424424883e-07
-1.006772898952634224e-06
-2.179942348416398143e-05
2.191950829848805972e-06
-1.699304767860489770e-06
9.500482446000633568e-06
2.910211573965128451e-06
1.958065503991376522e-06
-1.661334077475129295e-06
-3.273879299282307170e-07
3.360461674807130754e-07
8.068409343799079258e-06
-8.031370151270674377e-07
2.947564004968676650e-07
-3.491508273834031194e-06
-1.008065716033922476e-06
-7.133477975703388033e-07
9.525368043556920467e-06
4.193669634741835285e-05
-1.704790398757185569e-05
-8.648734488015858454e-05
9.500482446000633568e-06
-3.491508273834031194e-06
6.826002799231996950e-05
-1.370397318690961836e-04
1.937448993163966887e-05
4.354027077841743582e-05
-1.528387968529790306e-04
4.698852894671417895e-05
-5.726215082712020414e-05
2.910211573965128451e-06
-1.008065716033922476e-06
-9.343641849782992803e-05
4.197454711199582176e-04
-1.480729390046915087e-04
-1.221018502105045541e-05
5.794436931681004350e-05
-2.187970288982386461e-05
-3.715739510511432797e-06
1.958065503991376522e-06
-7.133477975703388033e-07
4.990146665283713581e-05
-1.588551673261160259e-04
6.592607524627259715e-05
1.638757971880727484e-05
-4.069326671632076233e-07
8.712173883593743642e-07
-6.425941368838757831e-05
1.139964234747893622e-06
-2.589218653179562863e-06
-1.612480149641097329e-06
5.591217636293665855e-07
-1.226483192325414223e-06
-3.944050508208289636e-07
4.061506449669226266e-08
6.141042072741845527e-08
5.640984626454557237e-08
-8.399286868994708271e-07
1.817812256751867076e-06
1.682133873767457917e-06
6.497236196090071825e-07
-1.457045737438973748e-06
9.135071909129524954e-07
-8.511078617083285218e-08
1.777698546242962199e-07
-2.756864789120680158e-07
1.858210797121658436e-06
-4.021854450502332175e-06
-3.734963912922018006e-06
-1.456132689774016606e-06
3.265145234158425927e-06
-6.425941368838757831e-05
5.640984626454557237e-08
-2.756864789120680158e-07
2.553645471148247481e-04
-7.542226938883411176e-07
1.525285296747159562e-06
2.299805377347612908e-06
8.303414329859818887e-08
-2.024045224793381465e-07
1.139964234747893622e-06
-8.399286868994708271e-07
1.858210797121658436e-06
-6.780802923637288596e-07
3.151320234927914991e-06
-6.731681002050588804e-06
-4.441664123227124001e-06
3.060665795727921787e-07
-6.382661777824878847e-07
-2.589218653179562863e-06
1.817812256751867076e-06
-4.021854450502332175e-06
1.939266582633860075e-06
-6.828250036201725912e-06
1.479623147222404839e-05
9.631823332942037204e-06
-6.552950556493786099e-07
1.365424458125271387e-06
-1.612480149641097329e-06
1.682133873767457917e-06
-3.734963912922018006e-06
2.299805377347612908e-06
-4.441664123227124001e-06
9.631823332942037204e-06
4.909417324081917097e-06
-2.996374306116806677e-06
4.668615494060995853e-06
5.591217636293665855e-07
6.497236196090071825e-07
-1.456132689774016606e-06
8.303414329859818887e-08
3.060665795727921787e-07
-6.552950556493786099e-07
-2.421249392415868001e-06
-2.888170378907215540e-06
6.590486243126607721e-06
-1.226483192325414223e-06
-1.457045737438973748e-06
3.265145234158425927e-06
-2.024045224793381465e-07
-6.382661777824878847e-07
1.365424458125271387e-06
5.327075313882395638e-06
6.430425588110426362e-06
-1.431656566196282332e-05
1.630615936962011043e-05
-3.475622757615501876e-07
8.979482048118959696e-07
-6.426765901999811838e-05
9.983635160888364417e-07
-2.346928053850482003e-06
-1.249022704888262500e-06
5.552320288739909627e-07
-1.324279910887475318e-06
-3.515230222047560446e-07
-8.359360982365129600e-09
-1.136693513805030583e-08
2.181956166880968965e-08
-6.750306858263476881e-07
1.551548996272529414e-06
1.434427760197767676e-06
6.526207490115407119e-07
-1.531534852690230713e-06
8.969808701898502674e-07
4.666497808006469836e-09
2.494416505530661052e-08
-2.961035157815752502e-07
1.626340130188025100e-06
-3.737815524216304697e-06
-3.412141796889970645e-06
-1.509905847082852602e-06
3.543464377606388230e-06
-6.426765901999811838e-05
2.181956166880968965e-08
-2.961035157815752502e-07
2.561707572619024986e-04
-1.069129975114883774e-06
2.047655363140885158e-06
1.951111056047896456e-06
2.655867250006287792e-07
-5.201829040319717243e-07
9.983635160888364417e-07
-6.750306858263476881e-07
1.626340130188025100e-06
-6.336512847573265054e-07
2.596668167750360116e-06
-5.597098489174780249e-06
-3.487545137272497070e-06
3.339289881577588357e-07
-7.748246031823367267e-07
-2.346928053850482003e-06
1.551548996272529414e-06
-3.737815524216304697e-06
1.715377260087838811e-06
-5.943705513131796142e-06
1.360502603029522312e-05
7.965163925120645331e-06
-7.904135512385388895e-07
1.834731599985304666e-06
-1.249022704888262500e-06
1.434427760197767676e-06
-3.412141796889970645e-06
1.951111056047896456e-06
-3.487545137272497070e-06
7.965163925120645331e-06
3.170604747028107243e-06
-3.050076108454782970e-06
5.451503174368074036e-06
5.552320288739909627e-07
6.526207490115407119e-07
-1.509905847082852602e-06
2.655867250006287792e-07
3.339289881577588357e-07
-7.904135512385388895e-07
-2.572001594832390885e-06
-2.930928009813958883e-06
7.082530320098860850e-06
-1.324279910887475318e-06
-1.531534852690230713e-06
3.543464377606388230e-06
-5.201829040319717243e-07
-7.748246031823367267e-07
1.834731599985304666e-06
6.017679505739549212e-06
6.869960853741857349e-06
-1.610280722512993280e-05
8.352960095770042828e-06
1.349618623866572883e-05
7.069192065141415883e-06
4.911692578284088638e-05
-2.919772012787077829e-07
1.069266018692494253e-05
-1.457999084795467357e-05
2.076502998421649204e-06
2.184329621412669047e-05
-1.655972742572024725e-05
-7.853876380416173299e-06
-2.072147733808323824e-05
-2.736415564947557431e-06
1.375700203884750328e-04
1.089895300978512986e-04
-1.739342984382582762e-05
-4.356987996764261940e-04
-3.695599392906723040e-04
-6.602508780262171072e-06
3.538353987678557344e-05
3.203878005447566369e-06
1.314362221304023050e-05
3.703484914056992257e-05
1.044347402430622851e-05
1.726804046194544559e-07
1.207293611911724459e-04
9.287199683363778213e-05
1.995729090213837357e-06
-3.468302660386029970e-04
-2.779551575327201900e-04
1.851965680314508151e-05
-1.712005115887633844e-05
-6.583243866844311022e-06
-2.319700348958879743e-05
-2.114200697339554657e-05
-1.361898566022895177e-05
4.911692578284088638e-05
-1.739342984382582762e-05
1.995729090213837357e-06
2.895579693709638899e-04
-2.669776736349159171e-04
3.164552003707751392e-04
-7.912658015823867104e-05
1.036821139358924464e-05
1.259441738933439101e-04
-1.029866315204087951e-04
-4.499234278563478938e-05
-1.262599196978056362e-04
-2.919772012787077829e-07
-4.356987996764261940e-04
-3.468302660386029970e-04
2.509124874098156781e-06
1.334799921839741055e-03
9.515199164866449929e-04
4.607065797857986254e-05
-4.350769134516664996e-05
-4.353816117781719562e-05
-2.940313837446544655e-05
-3.187592334151156882e-05
-1.669013361001741609e-05
1.069266018692494253e-05
-3.695599392906723040e-04
-2.779551575327201900e-04
6.239972633531014475e-05
1.066254086736507720e-03
8.579590925418378432e-04
-3.969044677870477926e-05
3.477676417657171265e-05
2.670393912561444763e-05
1.343102844443415953e-05
3.498556312724666770e-05
-8.367156930483234364e-06
-1.457999084795467357e-05
-6.602508780262171072e-06
1.851965680314508151e-05
-7.912658015823867104e-05
4.607065797857986254e-05
-3.969044677870477926e-05
1.244225442633650172e-04
1.244781711493726281e-05
-8.993505918673007349e-05
-6.530970954402166276e-05
8.249085849557153869e-06
-1.465666345060853131e-05
2.076502998421649204e-06
3.538353987678557344e-05
-1.712005115887633844e-05
1.036821139358924464e-05
-4.350769134516664996e-05
3.477676417657171265e-05
-1.710957362493808865e-05
-7.574926208095303197e-05
1.501930439885683693e-05
-2.434960938246019517e-08
-9.856235980249103325e-05
9.386934394721816813e-06
2.184329621412669047e-05
3.203878005447566369e-06
-6.583243866844311022e-06
1.259441738933439101e-04
-4.353816117781719562e-05
2.670393912561444763e-05
-9.263245004278906306e-05
1.599567719147369213e-05
1.183683774047654142e-04
7.647482837904217353e-06
-2.315254422961302916e-06
-6.050655035778448677e-06
-1.655972742572024725e-05
1.314362221304023050e-05
-2.319700348958879743e-05
-1.029866315204087951e-04
-2.940313837446544655e-05
1.343102844443415953e-05
-6.530970954402166276e-05
-2.434960938246019517e-08
7.647482837904217353e-06
1.241646515607814695e-04
3.727689844340129799e-06
8.388009991244554844e-05
-7.853876380416173299e-06
3.703484914056992257e-05
-2.114200697339554657e-05
-4.499234278563478938e-05
-3.187592334151156882e-05
3.498556312724666770e-05
8.249085849557153869e-06
-9.856235980249103325e-05
-2.315254422961302916e-06
1.649183829294704023e-05
-8.968385386898479722e-05
2.277502124316747761e-05
-2.072147733808323824e-05
1.044347402430622851e-05
-1.361898566022895177e-05
-1.262599196978056362e-04
-1.669013361001741609e-05
-8.367156930483234364e-06
-1.465666345060853131e-05
9.386934394721816813e-06
-6.050655035778448677e-06
8.415988944446057987e-05
2.360980088480825738e-05
1.030953078111497258e-04
1.563248916456711049e-05
-6.524200910312537430e-07
1.549834026879843981e-06
1.480425750392426496e-05
1.391789171897824809e-06
-2.730552731715792190e-07
-3.797836015306266119e-05
2.855933494626340418e-06
2.853260823637545414e-05
-3.728443352047753647e-05
-2.943556569103472245e-06
-2.815343685850998516e-05
2.321818752333117512e-06
4.452017492076816476e-05
3.282026673437175987e-05
-1.116124188333390755e-06
-1.305098305028793923e-04
-7.747980483456740801e-05
7.493956487644706396e-06
2.100417411439374614e-06
-6.472390188510553818e-06
-1.080650606894254458e-05
9.820872186351714731e-07
-9.647178482227618311e-06
3.468985315662433063e-07
3.176958654438436511e-05
2.763957840585900655e-05
-1.611317379542997433e-06
-7.024755373739768449e-05
-3.060407038936911815e-05
2.482127125672915028e-05
-3.823739578797772599e-06
-2.183213565948069587e-05
-2.424828028034525744e-05
-3.823103743029602531e-06
-2.191357582295487834e-05
1.480425750392426496e-05
-1.116124188333390755e-06
-1.611317379542997433e-06
9.523756124715901088e-06
-1.199509109665284263e-05
7.160641060123843810e-06
-3.588730588980292873e-06
4.343744496379704609e-06
1.906597627619493446e-05
-2.786484805517268286e-05
2.698829728935927096e-06
-1.207499770200690918e-05
1.391789171897824809e-06
-1.305098305028793923e-04
-7.024755373739768449e-05
1.290794285274289673e-05
4.631115962099355797e-04
2.330032141002340610e-04
3.424607755345601120e-05
-1.165528366321988611e-05
-1.930804002529372336e-05
-5.108771046942435441e-05
-1.116945647144359001e-05
-3.154613101332629231e-05
-2.730552731715792190e-07
-7.747980483456740801e-05
-3.060407038936911815e-05
-7.607852342466189735e-06
2.583404258949000996e-04
1.009980071475681795e-04
4.167295719860313718e-06
-6.972466324640645083e-07
-1.615687201155269033e-05
-6.064594504143067992e-06
-2.983764653165476061e-06
-1.391729893790261736e-05
-3.797836015306266119e-05
7.493956487644706396e-06
2.482127125672915028e-05
-3.588730588980292873e-06
3.424607755345601120e-05
4.167295719860313718e-06
1.521524244734334696e-04
-1.756445724143843858e-06
-9.904111837271610498e-05
-5.833360972313385472e-06
1.880486296481637634e-06
1.764423940020885394e-05
2.855933494626340418e-06
2.100417411439374614e-06
-3.823739578797772599e-06
4.343744496379704609e-06
-1.165528366321988611e-05
-6.972466324640645083e-07
-6.414499842701670462e-06
8.970872679398885440e-07
1.009545432700777510e-05
-1.379114945242857644e-06
1.045267993642628665e-06
3.186659307875093669e-06
2.853260823637545414e-05
-6.472390188510553818e-06
-2.183213565948069587e-05
1.906597627619493446e-05
-1.930804002529372336e-05
-1.615687201155269033e-05
-1.004114712744738977e-04
1.093389505021896403e-05
8.320123843684827365e-05
-1.232371533913861875e-05
3.472950025993816469e-06
-6.781606620859077210e-06
-3.728443352047753647e-05
-1.080650606894254458e-05
-2.424828028034525744e-05
-2.786484805517268286e-05
-5.108771046942435441e-05
-6.064594504143067992e-06
-5.833360972313385472e-06
-1.379114945242857644e-06
-1.232371533913861875e-05
1.301171768759877751e-04
-7.169495694160567351e-06
9.000490882938846969e-05
-2.943556569103472245e-06
9.820872186351714731e-07
-3.823103743029602531e-06
2.698829728935927096e-06
-1.116945647144359001e-05
-2.983764653165476061e-06
1.880486296481637634e-06
1.045267993642628665e-06
3.472950025993816469e-06
7.736469795003124891e-06
1.921486681729683322e-06
8.632129730005759789e-06
-2.815343685850998516e-05
-9.647178482227618311e-06
-2.191357582295487834e-05
-1.207499770200690918e-05
-3.154613101332629231e-05
-1.391729893790261736e-05
1.764423940020885394e-05
3.186659307875093669e-06
-6.781606620859077210e-06
9.101736856465289071e-05
1.111817493119498310e-05
7.957498043426451694e-05
2.821281079634455701e-05
-1.819721066415971840e-06
5.990439665703797619e-06
-1.682173413956808391e-06
1.002762904601893208e-06
-1.190214378084223994e-06
-1.635863851841253271e-05
-1.903154084570663021e-07
-2.197017108111863688e-05
-1.653958786095962693e-05
1.427466002141627564e-05
1.535155307916552067e-05
1.715249018292005339e-06
1.597721535142946475e-05
1.702339299676679938e-06
-4.037514011079360203e-06
-4.146760829526864936e-05
1.750477396265728982e-05
-1.054774909199789642e-06
-3.492404360281634166e-06
-1.863029889673650062e-06
1.710010013066023192e-05
-1.822766714291286055e-05
-1.894661605413567096e-05
5.641053455280418209e-06
2.208003217779623943e-06
1.989078090461071454e-05
1.104446101241179726e-06
1.551318437342685371e-05
-1.155161069260486019e-05
-2.830523828080689080e-05
-2.094707532721931940e-06
-3.841137436562618143e-05
1.849655890673716248e-05
-1.842596956003600734e-05
-2.478805153010320677e-05
-1.682173413956808391e-06
-4.037514011079360203e-06
1.104446101241179726e-06
3.660861268121915643e-06
-6.747973409672343431e-06
-9.874930991768458331e-06
-3.736127658392818159e-06
6.919696299549413758e-06
-4.215241168402213747e-06
-5.882756043430749847e-06
6.383506631870364442e-06
-2.173870156095381211e-06
1.002762904601893208e-06
-4.146760829526864936e-05
1.551318437342685371e-05
8.478095700986055036e-06
1.555801236283038268e-04
-7.605920996386905664e-05
-5.306049427265999198e-06
5.552402001552630911e-06
-8.335274523514764436e-06
-5.997443465554439787e-06
-1.031500012854767029e-07
5.725477980082953138e-06
-1.190214378084223994e-06
1.750477396265728982e-05
-1.155161069260486019e-05
-1.171202057638120876e-07
-7.364969045572747634e-05
7.672465809023370760e-05
1.143138520726068472e-06
2.113960338650165379e-05
-5.105658723131161748e-06
6.933690027702350115e-07
-8.748601060656673736e-06
3.627755051053669617e-06
-1.635863851841253271e-05
-1.054774909199789642e-06
-2.830523828080689080e-05
-3.736127658392818159e-06
-5.306049427265999198e-06
1.143138520726068472e-06
6.632502433521835590e-05
-1.678981507190607781e-05
8.523024694187909063e-05
-1.284926147202347970e-06
-5.438419850507903933e-06
1.260151451658696429e-06
-1.903154084570663021e-07
-3.492404360281634166e-06
-2.094707532721931940e-06
6.919696299549413758e-06
5.552402001552630911e-06
2.113960338650165379e-05
2.242426432003550415e-06
2.437976203953156227e-05
9.259525390915192012e-06
-8.716222933431632476e-06
2.093200570207375138e-06
-1.005020393283842731e-05
-2.197017108111863688e-05
-1.863029889673650062e-06
-3.841137436562618143e-05
-4.215241168402213747e-06
-8.335274523514764436e-06
-5.105658723131161748e-06
9.008220393568857677e-05
1.922346292165011760e-06
1.246349111149483121e-04
-6.336939018774844699e-06
-1.030800014510493433e-07
1.360095745494210141e-07
-1.653958786095962693e-05
1.710010013066023192e-05
1.849655890673716248e-05
-5.882756043430749847e-06
-5.997443465554439787e-06
6.933690027702350115e-07
-1.284926147202347970e-06
-8.716222933431632476e-06
-6.336939018774844699e-06
7.060960325615405647e-05
-7.152157498517218144e-05
-6.602873560054931673e-05
1.427466002141627564e-05
-1.822766714291286055e-05
-1.842596956003600734e-05
6.383506631870364442e-06
-1.031500012854767029e-07
-8.748601060656673736e-06
-5.438419850507903933e-06
2.093200570207375138e-06
-1.030800014510493433e-07
-7.836190033350557489e-05
9.318564587790401251e-05
7.227690649550850980e-05
1.535155307916552067e-05
-1.894661605413567096e-05
-2.478805153010320677e-05
-2.173870156095381211e-06
5.725477980082953138e-06
3.627755051053669617e-06
1.260151451658696429e-06
-1.005020393283842731e-05
1.360095745494210141e-07
-6.766233016674209455e-05
7.610630269959377670e-05
1.097356696865760018e-04
2.333822912223619428e-05
-1.783148397948954130e-06
4.687135020761581685e-06
-3.383357829321187584e-06
1.368441907425027977e-06
-1.040842235391024134e-06
-1.864185888327188340e-05
2.830260281396191985e-07
-2.322581134631541804e-05
-1.874458367548087441e-05
1.392866245455107001e-05
1.763793653942228809e-05
-1.039623590196551442e-06
1.128724367349945767e-05
2.519821345991903351e-06
-3.969387399198720055e-06
-2.746474650775286412e-05
9.320108785874040515e-06
1.302167712795106206e-06
-3.592228181834898928e-06
1.129826403515513491e-06
1.748160249264681107e-05
-1.747320056372356464e-05
-1.927543686830488913e-05
4.633388068849626449e-06
2.705006046106804982e-06
2.038587738546254388e-05
1.066467230321631543e-06
8.459684351784466184e-06
-8.378789549125200184e-06
-2.872475577581754097e-05
-5.023435004661805448e-07
-4.070954869223047137e-05
2.106525469177266918e-05
-1.810950848781719619e-05
-2.814450789564404320e-05
-3.383357829321187584e-06
-3.969387399198720055e-06
1.066467230321631543e-06
4.622512316181971048e-06
2.798650565488738985e-06
-3.619755864179261435e-06
-4.973084450416436127e-06
5.931548912475794774e-06
-4.168233782126349473e-06
-5.614297725629539324e-06
7.017409898132348947e-06
-1.896598038971344620e-06
1.368441907425027977e-06
-2.746474650775286412e-05
8.459684351784466184e-06
5.865457272911470990e-06
1.144354112919750035e-04
-5.509478316660938166e-05
-2.624774188398287401e-06
4.706397766336295055e-06
-2.801369974127578100e-06
-2.515351694756521533e-06
-2.418874260637224635e-06
6.046395913210535263e-06
-1.040842235391024134e-06
9.320108785874040515e-06
-8.378789549125200184e-06
4.902104603675401107e-07
-4.553220044569728924e-05
6.953982732304443584e-05
1.226904589371069972e-06
2.190404354249613221e-05
-2.394925824313621795e-06
-1.964347920866199830e-07
-9.853759287918858602e-06
4.722441563033461175e-06
-1.864185888327188340e-05
1.302167712795106206e-06
-2.872475577581754097e-05
-4.973084450416436127e-06
-2.624774188398287401e-06
1.226904589371069972e-06
6.106498057735322625e-05
-1.961398288980903233e-05
8.786129874464569819e-05
-1.450507820993062747e-08
-5.136938723642085563e-06
9.844955801906208199e-06
2.830260281396191985e-07
-3.592228181834898928e-06
-5.023435004661805448e-07
5.931548912475794774e-06
4.706397766336295055e-06
2.190404354249613221e-05
-5.601035075631643164e-06
1.949110252343853731e-05
9.733132857901083924e-07
-9.573317268475505510e-06
3.148634328822526406e-06
-7.352745672918347619e-06
-2.322581134631541804e-05
1.129826403515513491e-06
-4.070954869223047137e-05
-4.168233782126349473e-06
-2.801369974127578100e-06
-2.394925824313621795e-06
8.569135929976804192e-05
-2.629423832245520467e-07
1.333235210960836525e-04
-1.048294100053605296e-05
3.024466828298483887e-07
-8.016631956841578182e-07
-1.874458367548087441e-05
1.748160249264681107e-05
2.106525469177266918e-05
-5.614297725629539324e-06
-2.515351694756521533e-06
-1.964347920866199830e-07
-1.450507820993062747e-08
-9.573317268475505510e-06
-1.048294100053605296e-05
7.998417012769121659e-05
-6.213460889714300466e-05
-7.228727453597398578e-05
1.392866245455107001e-05
-1.747320056372356464e-05
-1.810950848781719619e-05
7.017409898132348947e-06
-2.418874260637224635e-06
-9.853759287918858602e-06
-5.136938723642085563e-06
3.148634328822526406e-06
3.024466828298483887e-07
-7.731417342506227350e-05
8.178817531925014895e-05
6.752814644480460097e-05
1.763793653942228809e-05
-1.927543686830488913e-05
-2.814450789564404320e-05
-1.896598038971344620e-06
6.046395913210535263e-06
4.722441563033461175e-06
9.844955801906208199e-06
-7.352745672918347619e-06
-8.016631956841578182e-07
-7.361493805355203465e-05
7.412168441814363698e-05
1.213324313000327533e-04
1.745875854377778937e-05
-3.257173453305618455e-06
4.288188811579019912e-06
-4.137164113996459420e-06
2.109041224294207667e-06
-7.975284607075571081e-07
-1.952739633202267957e-05
1.006225268330244135e-06
-2.160487697273702574e-05
-1.945516167938081341e-05
1.217866218691374591e-05
1.730743733903350662e-05
-3.118004505300705356e-06
8.478458607963432740e-06
3.165285050385597965e-06
-4.528987792790345204e-06
-1.667805288690777624e-05
3.977272687376743041e-06
2.619698930784726285e-06
-4.870843177384068716e-06
3.096390862101835176e-06
1.627230980399114218e-05
-1.618012359742708020e-05
-1.823376048116057450e-05
3.607922552912915881e-06
2.959413775200513964e-06
2.142433852887124285e-05
1.051849351253738050e-06
3.822209178366858077e-06
-7.576236625734924501e-06
-2.822979004874514485e-05
1.342028156089257673e-06
-4.186715153780230309e-05
2.179454045966790982e-05
-1.686153176531870226e-05
-3.066847043346412763e-05
-4.137164113996459420e-06
-4.528987792790345204e-06
1.051849351253738050e-06
6.461580893367755591e-06
-4.777596013558885516e-06
-2.325864096614216868e-06
-1.859034983398412814e-06
6.796591820703727512e-06
-3.239999243850234952e-06
-2.014335135035849403e-06
7.253943370273694668e-06
-1.996073007534722432e-06
2.109041224294207667e-06
-1.667805288690777624e-05
3.822209178366858077e-06
8.379721318870311146e-06
7.008178440056446251e-05
-2.329748530010190035e-05
-2.048570066227516657e-06
3.014737980480470373e-06
6.262188359990183597e-07
-1.477718494235653052e-06
-4.699638057469544410e-06
4.935299026223600243e-06
-7.975284607075571081e-07
3.977272687376743041e-06
-7.576236625734924501e-06
-2.086145610648296452e-06
-2.228051909877951171e-05
5.488743900822282547e-05
4.490826391410877230e-07
2.236471373462316594e-05
-3.024082879694330932e-06
-1.730829276038598142e-06
-1.329984328005109684e-05
5.018883226257378011e-06
-1.952739633202267957e-05
2.619698930784726285e-06
-2.822979004874514485e-05
-1.859034983398412814e-06
-2.048570066227516657e-06
4.490826391410877230e-07
5.800207275854723192e-05
-1.649329870014754220e-05
8.496611316541312906e-05
4.219206573931356350e-07
-3.191459098738126879e-06
9.480831682767040295e-06
1.006225268330244135e-06
-4.870843177384068716e-06
1.342028156089257673e-06
6.796591820703727512e-06
3.014737980480470373e-06
2.236471373462316594e-05
-1.117038340007647071e-05
2.378105415875937095e-05
-7.633055236911027620e-06
-8.724235704207912887e-06
4.829871940929036304e-06
-7.688350830523127218e-06
-2.160487697273702574e-05
3.096390862101835176e-06
-4.186715153780230309e-05
-3.239999243850234952e-06
6.262188359990183597e-07
-3.024082879694330932e-06
8.439238193691318195e-05
-8.278429143476679394e-06
1.497673780793849427e-04
-9.982473579836745426e-06
-8.758521529345642953e-07
-8.077347598645842947e-06
-1.945516167938081341e-05
1.627230980399114218e-05
2.179454045966790982e-05
-2.014335135035849403e-06
-1.477718494235653052e-06
-1.730829276038598142e-06
4.219206573931356350e-07
-8.724235704207912887e-06
-9.982473579836745426e-06
7.294798129368327861e-05
-5.923386585131730741e-05
-7.296447712589017645e-05
1.217866218691374591e-05
-1.618012359742708020e-05
-1.686153176531870226e-05
7.253943370273694668e-06
-4.699638057469544410e-06
-1.329984328005109684e-05
-3.191459098738126879e-06
4.829871940929036304e-06
-8.758521529345642953e-07
-6.713416335001061279e-05
7.674392081184941135e-05
6.471313093188309467e-05
1.730743733903350662e-05
-1.823376048116057450e-05
-3.066847043346412763e-05
-1.996073007534722432e-06
4.935299026223600243e-06
5.018883226257378011e-06
9.480831682767040295e-06
-7.688350830523127218e-06
-8.077347598645842947e-06
-7.506743310453891835e-05
6.899359957153954710e-05
1.285109560793459566e-04
1.169051359300932477e-05
-4.166559335872957692e-06
8.521944369935421261e-07
-3.331955160006271013e-06
1.278512978072175659e-06
-4.734220752642791729e-07
-1.902652964063083945e-05
2.565724432358901371e-06
-2.094567663967817663e-05
-1.914712821019456143e-05
1.132624655909073003e-05
1.753265015520373302e-05
-3.844695773406628783e-06
6.042522491487078371e-06
3.418941146256046164e-06
-2.913856164045955748e-06
-1.618422046549063028e-06
-5.665036150710756808e-07
4.071916473996743340e-06
-6.352139071233995062e-06
5.526824644856565666e-06
1.430702485041065653e-05
-1.577895302696621609e-05
-1.698103376078316940e-05
1.590435697376287029e-06
2.676679665945770691e-06
2.233890942731310753e-05
5.589050118736418796e-07
-5.087731727736706703e-07
-5.478266812442870351e-06
-2.709610260077775727e-05
3.746318518776271467e-06
-4.357228793398436973e-05
2.280979983586039326e-05
-1.555021201085692454e-05
-3.392316268671551272e-05
-3.331955160006271013e-06
-2.913856164045955748e-06
5.589050118736418796e-07
6.655176102204827981e-06
-3.058594778253836016e-06
7.610164568776633293e-07
1.589263460748794049e-06
7.659143207710896752e-06
-1.968314784296662825e-06
1.912148702137790379e-06
7.566938272475081562e-06
-1.376953660520733139e-06
1.278512978072175659e-06
-1.618422046549063028e-06
-5.087731727736706703e-07
-3.533334970583929397e-06
1.243865788793231163e-05
3.814869594028806025e-06
3.812285247410600455e-07
2.776595524547060885e-08
1.595465084209444765e-06
-1.801233826648118587e-06
-6.271496106213344801e-06
2.888449830477035270e-06
-4.734220752642791729e-07
-5.665036150710756808e-07
-5.478266812442870351e-06
6.734658060098839625e-07
2.627000295282279569e-06
1.881233806951735607e-05
4.524364980081456467e-07
1.515779055365000111e-05
3.165591433880346193e-07
-2.407400809760613028e-06
-1.075466035210635249e-05
4.879505454933693864e-06
-1.902652964063083945e-05
4.071916473996743340e-06
-2.709610260077775727e-05
1.589263460748794049e-06
3.812285247410600455e-07
4.524364980081456467e-07
6.160138340292741637e-05
-1.583988929497321044e-05
8.530100302896863882e-05
3.728357031611254383e-06
5.053206622293019241e-07
1.033831015115921917e-05
2.565724432358901371e-06
-6.352139071233995062e-06
3.746318518776271467e-06
7.659143207710896752e-06
2.776595524547060885e-08
1.515779055365000111e-05
-1.664145257260102339e-05
2.850474542264946573e-05
-1.749038604417669791e-05
-4.583670632924640679e-06
1.654974424805445757e-06
-7.153206188127591508e-06
-2.094567663967817663e-05
5.526824644856565666e-06
-4.357228793398436973e-05
-1.968314784296662825e-06
1.595465084209444765e-06
3.165591433880346193e-07
8.615025896005867163e-05
-1.737804468908811864e-05
1.739057933775728631e-04
-1.065142922505941409e-05
1.131605392818432847e-06
-1.634557374661556943e-05
-1.914712821019456143e-05
1.430702485041065653e-05
2.280979983586039326e-05
1.912148702137790379e-06
-1.801233826648118587e-06
-2.407400809760613028e-06
3.728357031611254383e-06
-4.583670632924640679e-06
-1.065142922505941409e-05
6.574197753523439223e-05
-4.994404025159130723e-05
-7.540957964708577821e-05
1.132624655909073003e-05
-1.577895302696621609e-05
-1.555021201085692454e-05
7.566938272475081562e-06
-6.271496106213344801e-06
-1.075466035210635249e-05
5.053206622293019241e-07
1.654974424805445757e-06
1.131605392818432847e-06
-5.134358491063956208e-05
6.378763726312599441e-05
6.686403468496322354e-05
1.753265015520373302e-05
-1.698103376078316940e-05
-3.392316268671551272e-05
-1.376953660520733139e-06
2.888449830477035270e-06
4.879505454933693864e-06
1.033831015115921917e-05
-7.153206188127591508e-06
-1.634557374661556943e-05
-7.545681143268278201e-05
6.650700886899048130e-05
1.408121409664058995e-04
1.080407985349469700e-05
-4.191221737416496443e-06
5.473399242832333305e-07
-2.019277828269751958e-06
4.599816790529864333e-07
-4.132860084432261114e-08
-1.920707570079781422e-05
5.099178221985602359e-06
-2.060084470337190531e-05
-1.919829582274033892e-05
1.016835123365608328e-05
1.859395308262282590e-05
-4.175996603413864511e-06
3.811826063509992893e-06
2.345903986737457075e-06
-2.154346722197104287e-06
4.986752115044018918e-06
-1.043837106822214451e-06
5.621680938837634262e-06
-6.788049352886056117e-06
6.970880031645667509e-06
1.225879902377226853e-05
-1.251132986718604570e-05
-1.491167694762436854e-05
5.245825873375107239e-07
2.394055248182937893e-06
2.211519692987395908e-05
3.066516293517130038e-07
-1.049774720524767700e-06
-3.004251572279473713e-06
-2.661782343893547931e-05
7.145890820193816175e-06
-4.266092559144138408e-05
2.429899928983129259e-05
-1.505475575666502702e-05
-3.677440751844699048e-05
-2.019277828269751958e-06
-2.154346722197104287e-06
3.066516293517130038e-07
3.059402727411211340e-06
-1.764832848189966901e-07
7.301676720346001365e-08
2.221204630111933364e-06
4.086105066398655310e-06
-2.560956942442933224e-07
2.164960149017511337e-06
3.992302196861647449e-06
-7.927493969401429191e-07
4.599816790529864333e-07
4.986752115044018918e-06
-1.049774720524767700e-06
-2.176720867010450051e-07
-1.844321689629071544e-05
3.200433784808498494e-06
-5.457853827743597927e-07
1.103232596305703038e-06
-1.727936619078720877e-07
-8.745445850723580050e-07
-5.617461213927937104e-07
8.819282015052762186e-07
-4.132860084432261114e-08
-1.043837106822214451e-06
-3.004251572279473713e-06
3.761126856460787446e-08
3.144527364835388654e-06
6.765570211458934001e-06
1.675446010211269833e-06
6.857046641749971282e-06
1.641996207096915410e-06
-1.381798076462814204e-06
-6.326326840482746791e-06
3.303318425449773668e-06
-1.920707570079781422e-05
5.621680938837634262e-06
-2.661782343893547931e-05
2.221204630111933364e-06
-5.457853827743597927e-07
1.675446010211269833e-06
6.485750232359488942e-05
-2.110283710186003703e-05
8.707115250322102320e-05
4.831174152513423782e-06
4.837191624886847241e-07
1.033134644151544569e-05
5.099178221985602359e-06
-6.788049352886056117e-06
7.145890820193816175e-06
4.086105066398655310e-06
1.103232596305703038e-06
6.857046641749971282e-06
-2.101579227639178488e-05
2.347992020965353611e-05
-2.718792969469109049e-05
-2.207528406900773333e-06
3.754792995452858998e-07
-5.778378219065403116e-06
-2.060084470337190531e-05
6.970880031645667509e-06
-4.266092559144138408e-05
-2.560956942442933224e-07
-1.727936619078720877e-07
1.641996207096915410e-06
8.718854466163525753e-05
-2.699893695663786386e-05
1.731116490642419046e-04
-1.010453724028455561e-05
1.425583647038305403e-06
-1.623936724389588195e-05
-1.919829582274033892e-05
1.225879902377226853e-05
2.429899928983129259e-05
2.164960149017511337e-06
-8.745445850723580050e-07
-1.381798076462814204e-06
4.831174152513423782e-06
-2.207528406900773333e-06
-1.010453724028455561e-05
6.491380689474017204e-05
-4.247162618271103034e-05
-7.858635940238823097e-05
1.016835123365608328e-05
-1.251132986718604570e-05
-1.505475575666502702e-05
3.992302196861647449e-06
-5.617461213927937104e-07
-6.326326840482746791e-06
4.837191624886847241e-07
3.754792995452858998e-07
1.425583647038305403e-06
-4.292543921408503705e-05
4.685513833146999480e-05
6.080688849605509047e-05
1.859395308262282590e-05
-1.491167694762436854e-05
-3.677440751844699048e-05
-7.927493969401429191e-07
8.819282015052762186e-07
3.303318425449773668e-06
1.033134644151544569e-05
-5.778378219065403116e-06
-1.623936724389588195e-05
-7.883916409791542695e-05
6.057313978419220089e-05
1.500669635725890381e-04
