2.508225471442970919e-04
-1.313286705464793433e-09
-8.755244702962869448e-10
-2.508225471442970377e-04
1.313286705444755603e-09
8.755244702962872550e-10
-1.313286705464793433e-09
6.876240040188050912e-15
4.584151214476922041e-15
1.313286705426468087e-09
-6.876291025725484778e-15
-4.584160656243112855e-15
-8.755244702962869448e-10
4.584151214476922041e-15
3.056141094520364876e-15
8.755244702986411008e-10
-4.584158767889874535e-15
-3.056118434281505423e-15
-2.508225471442970377e-04
1.313286705426468087e-09
8.755244702986411008e-10
2.508225471442970919e-04
-1.313286705446506124e-09
-8.755244702986407906e-10
1.313286705444755603e-09
-6.876291025725484778e-15
-4.584158767889874535e-15
-1.313286705446506124e-09
6.876264588780148290e-15
4.584160656243112855e-15
8.755244702962872550e-10
-4.584160656243112855e-15
-3.056118434281505423e-15
-8.755244702986407906e-10
4.584160656243112855e-15
3.056142982873603196e-15
1.156998645916861491e-05
-6.061534614848037551e-11
-4.034964571579213217e-11
-1.156998645916861153e-05
6.061534614830019231e-11
4.034964571579205462e-11
-6.061534614848037551e-11
3.176229030356965495e-16
2.114256936200480118e-16
6.061534613806004529e-11
-3.176153496227433658e-16
-2.114294703265246037e-16
-4.034964571579213217e-11
2.114256936200480118e-16
1.407276367312456579e-16
4.034964571361881851e-11
-2.114219169135713953e-16
-1.407408552039137786e-16
-1.156998645916861153e-05
6.061534613806004529e-11
4.034964571361881851e-11
1.156998645916861491e-05
-6.061534613824033189e-11
-4.034964571361880558e-11
6.061534614830019231e-11
-3.176153496227433658e-16
-2.114219169135713953e-16
-6.061534613824033189e-11
3.176096845630284534e-16
2.114238052668097159e-16
4.034964571579205462e-11
-2.114294703265246037e-16
-1.407408552039137786e-16
-4.034964571361880558e-11
2.114238052668097159e-16
1.407408552039137786e-16
-1.340808999691446569e-07
7.022234346298461215e-13
4.680100404592626364e-13
1.340808999691432805e-07
-7.022234365415531104e-13
-4.680100404520880159e-13
7.022234346298461215e-13
-3.650186809638476808e-18
-2.424645557980240306e-18
-7.022234450023616251e-13
3.646410103161871862e-18
2.419924674884484316e-18
4.680100404592626364e-13
-2.424645557980240306e-18
-1.633425551131548166e-18
-4.680100402135946393e-13
2.422757204741937833e-18
1.626816314797489895e-18
1.340808999691432805e-07
-7.022234450023616251e-13
-4.680100402135946393e-13
-1.340808999691446569e-07
7.022234430906979540e-13
4.680100402208774031e-13
-7.022234365415531104e-13
3.646410103161871862e-18
2.422757204741937833e-18
7.022234430906979540e-13
-3.644521749923569774e-18
-2.418036321646181842e-18
-4.680100404520880159e-13
2.419924674884484316e-18
1.626816314797489895e-18
4.680100402208774031e-13
-2.418036321646181842e-18
-1.620207078463431624e-18
-8.747848461983481327e-06
4.579966449994970649e-11
3.054004900932087262e-11
8.747848461983447445e-06
-4.579966449971448347e-11
-3.054004900932091140e-11
4.579966449994970649e-11
-2.397774291399197388e-16
-1.598887570402997854e-16
-4.579966449949850532e-11
2.397906476125878842e-16
1.598925337467764019e-16
3.054004900932087262e-11
-1.598887570402997854e-16
-1.066107587748367751e-16
-3.054004900965701814e-11
1.598821478039657374e-16
1.066060378917410229e-16
8.747848461983447445e-06
-4.579966449949850532e-11
-3.054004900965701814e-11
-8.747848461983481327e-06
4.579966449973381882e-11
3.054004900965688243e-11
-4.579966449971448347e-11
2.397906476125878842e-16
1.598821478039657374e-16
4.579966449973381882e-11
-2.397736524334431470e-16
-1.598878128636806251e-16
-3.054004900932091140e-11
1.598925337467764019e-16
1.066060378917410229e-16
3.054004900965688243e-11
-1.598878128636806251e-16
-1.066268097773623521e-16
6.085660226207450943e-05
-3.185964658361782553e-10
-2.124002591467048879e-10
-6.085660226207452976e-05
3.185964658258306911e-10
2.124002591467048879e-10
-3.185964658361782553e-10
1.667916172981768391e-15
1.111957926957512194e-15
3.185964658154326690e-10
-1.667916198459269245e-15
-1.111957892987510924e-15
-2.124002591467048879e-10
1.111957926957512194e-15
7.413143687828368403e-16
2.124002591466976759e-10
-1.111957850525009435e-15
-7.413143348128356686e-16
-6.085660226207452976e-05
3.185964658154326690e-10
2.124002591466976759e-10
6.085660226207450943e-05
-3.185964658257802848e-10
-2.124002591466976759e-10
3.185964658258306911e-10
-1.667916198459269245e-15
-1.111957850525009435e-15
-3.185964658257802848e-10
1.667916308861773275e-15
1.111957833540008800e-15
2.124002591467048879e-10
-1.111957892987510924e-15
-7.413143348128356686e-16
-2.124002591466976759e-10
1.111957833540008800e-15
7.413143517978362052e-16
3.513390152962778264e-07
-1.837417298910702206e-12
-1.224944864662358576e-12
-3.513390152962779853e-07
1.837417298513081574e-12
1.224944864662491256e-12
-1.837417298910702206e-12
9.614018040225077888e-18
6.411277227042888734e-18
1.837417300698154287e-12
-9.616211759210725827e-18
-6.409374906974038274e-18
-1.224944864662358576e-12
6.411277227042888734e-18
4.277502554815337458e-18
1.224944864656868205e-12
-6.412194417076084918e-18
-4.273697914677636538e-18
-3.513390152962779853e-07
1.837417300698154287e-12
1.224944864656868205e-12
3.513390152962778264e-07
-1.837417301095743011e-12
-1.224944864656770866e-12
1.837417298513081574e-12
-9.616211759210725827e-18
-6.412194417076084918e-18
-1.837417301095743011e-12
9.618405478196372224e-18
6.410309082007848788e-18
1.224944864662491256e-12
-6.409374906974038274e-18
-4.273697914677636538e-18
-1.224944864656770866e-12
6.410309082007848788e-18
4.272610874638293968e-18
-5.164213181568798608e-06
3.199652584729728631e-11
2.133201550119305540e-11
5.164214757949536318e-06
-3.199652584799612468e-11
-2.133201550119306510e-11
3.199652584729728631e-11
-1.982428829485001539e-16
-1.321683583275421188e-16
-3.199653561534453275e-11
1.982449162815538151e-16
1.321687985995933199e-16
2.133201550119305540e-11
-1.321683583275421188e-16
-8.811587323110743074e-17
-2.133202201291011131e-11
1.321682550795736367e-16
8.811628086725006940e-17
5.164214757949536318e-06
-3.199653561534453275e-11
-2.133202201291011131e-11
-5.164216334330764459e-06
3.199653561464569438e-11
2.133202201291009192e-11
-3.199652584799612468e-11
1.982449162815538151e-16
1.321682550795736367e-16
3.199653561464569438e-11
-1.982434264685198372e-16
-1.321687659675568689e-16
-2.133201550119306510e-11
1.321687985995933199e-16
8.811628086725006940e-17
2.133202201291009192e-11
-1.321687659675568689e-16
-8.811784349117873929e-17
-4.066943657082273420e-06
2.977133432463978688e-11
1.984651356814534092e-11
4.066943657082273420e-06
-2.977133432411790700e-11
-1.984651356814533769e-11
2.977133432463978688e-11
-2.179371070920005733e-16
-1.452823577381851223e-16
-2.977133432386337447e-11
2.179350826922398019e-16
1.452824766332067013e-16
1.984651356814534092e-11
-1.452823577381851223e-16
-9.685044825643403004e-17
-1.984651356814251365e-11
1.452826549757131729e-16
9.685043927416806361e-17
4.066943657082273420e-06
-2.977133432386337447e-11
-1.984651356814251365e-11
-4.066943657082273420e-06
2.977133432438526082e-11
1.984651356814251365e-11
-2.977133432411790700e-11
2.179350826922398019e-16
1.452826549757131729e-16
2.977133432438526082e-11
-2.179365917033881612e-16
-1.452827908557008004e-16
-1.984651356814533769e-11
1.452824766332067013e-16
9.685043927416806361e-17
1.984651356814251365e-11
-1.452827908557008004e-16
-9.685004061641927994e-17
-3.040897733232599172e-06
1.595303372199899486e-10
1.063616316449738163e-10
3.040897333750944192e-06
-1.595303372195184815e-10
-1.063616316449738163e-10
1.595303372199899486e-10
-8.369217198491479094e-15
-5.579900648329417124e-15
-1.595303162616834388e-10
8.369215491381400330e-15
5.579900444516454030e-15
1.063616316449738163e-10
-5.579900648329417124e-15
-3.720215842539773471e-15
-1.063616176722472067e-10
5.579900648336456919e-15
3.720215896321229487e-15
3.040897333750944192e-06
-1.595303162616834388e-10
-1.063616176722472067e-10
-3.040896934269340034e-06
1.595303162621549576e-10
1.063616176722472067e-10
-1.595303372195184815e-10
8.369215491381400330e-15
5.579900648336456919e-15
1.595303162621549576e-10
-8.369215907631420568e-15
-5.579900512449408098e-15
-1.063616316449738163e-10
5.579900444516454030e-15
3.720215896321229487e-15
1.063616176722472067e-10
-5.579900512449408098e-15
-3.720215808569772596e-15
5.561322080031542726e-05
-2.910783122719495328e-10
-1.940500774387695845e-10
-5.561322080031541371e-05
2.910783122766538640e-10
1.940500774387696104e-10
-2.910783122719495328e-10
1.523493018443267688e-15
1.015655191813994821e-15
2.910783122810212743e-10
-1.523494445985910885e-15
-1.015654478042673420e-15
-1.940500774387695845e-10
1.015655191813994821e-15
6.770970372674360533e-16
1.940500774391344487e-10
-1.015654002195125688e-15
-6.770951338772453213e-16
-5.561322080031541371e-05
2.910783122810212743e-10
1.940500774391344487e-10
5.561322080031542726e-05
-2.910783122763169430e-10
-1.940500774391344487e-10
2.910783122766538640e-10
-1.523494445985910885e-15
-1.015654002195125688e-15
-2.910783122763169430e-10
1.523500632004030813e-15
1.015653050500030223e-15
1.940500774387696104e-10
-1.015654478042673420e-15
-6.770951338772453213e-16
-1.940500774391344487e-10
1.015653050500030223e-15
6.770944201059237228e-16
7.241859336961338294e-06
-3.793102757039761352e-11
-2.529543466267548513e-11
-7.241859336961339988e-06
3.793102756938702499e-11
2.529543466267548513e-11
-3.793102757039761352e-11
1.986739647225780145e-16
1.324927903847224590e-16
3.793102756763827470e-11
-1.986753922652210882e-16
-1.324924334990616844e-16
-2.529543466267548513e-11
1.324927903847224590e-16
8.835757345053872506e-17
2.529543466270817815e-11
-1.324931472703832089e-16
-8.835748422912353758e-17
-7.241859336961339988e-06
3.793102756763827470e-11
2.529543466270817815e-11
7.241859336961338294e-06
-3.793102756864885677e-11
-2.529543466270818138e-11
3.793102756938702499e-11
-1.986753922652210882e-16
-1.324931472703832089e-16
-3.793102756864885677e-11
1.986758681127687712e-16
1.324927903847224590e-16
2.529543466267548513e-11
-1.324924334990616844e-16
-8.835748422912353758e-17
-2.529543466270818138e-11
1.324927903847224590e-16
8.835739500770833777e-17
-3.394419549499769909e-06
1.777616274521652966e-11
1.185164544635604129e-11
3.394419549499767792e-06
-1.777616274539584367e-11
-1.185164544635604291e-11
1.777616274521652966e-11
-9.309267291668822424e-17
-6.206626780524193464e-17
-1.777616274577831454e-11
9.309112641215778607e-17
6.206568413588981690e-17
1.185164544635604129e-11
-6.206626780524193464e-17
-4.138114848080104639e-17
-1.185164544635894127e-11
6.206639790721136607e-17
4.138018683367182101e-17
3.394419549499767792e-06
-1.777616274577831454e-11
-1.185164544635894127e-11
-3.394419549499769909e-06
1.777616274559900053e-11
1.185164544635895096e-11
-1.777616274539584367e-11
9.309112641215778607e-17
6.206639790721136607e-17
1.777616274559900053e-11
-9.309243499291438274e-17
-6.206581426304803310e-17
-1.185164544635604291e-11
6.206568413588981690e-17
4.138018683367182101e-17
1.185164544635895096e-11
-6.206581426304803310e-17
-4.137981695573564500e-17
1.999501761582968406e-05
-1.046431500198512709e-10
-6.976298109427112025e-11
-1.999501761582967051e-05
1.046431500225462641e-10
6.976298109427109440e-11
-1.046431500198512709e-10
5.476416010722778896e-16
3.651023819378526125e-16
1.046431500246154823e-10
-5.476476120352072671e-16
-3.651016806588442032e-16
-6.976298109427112025e-11
3.651023819378526125e-16
2.434065303058659545e-16
6.976298109437088599e-11
-3.651020813897061584e-16
-2.434040257379786728e-16
-1.999501761582967051e-05
1.046431500246154823e-10
6.976298109437088599e-11
1.999501761582968406e-05
-1.046431500219204761e-10
-6.976298109437091184e-11
1.046431500225462641e-10
-5.476476120352072671e-16
-3.651020813897061584e-16
-1.046431500219204761e-10
5.476454080154664395e-16
3.651018810242751561e-16
6.976298109427109440e-11
-3.651016806588442032e-16
-2.434040257379786728e-16
-6.976298109437091184e-11
3.651018810242751561e-16
2.434064301231504534e-16
5.244359360675319985e-06
-2.743713771087901463e-11
-1.828950437732243041e-11
-5.244359360675321679e-06
2.743713771034072039e-11
1.828950437732243041e-11
-2.743713771087901463e-11
1.435448738076661232e-16
9.568597047559177198e-17
2.743713770980217734e-11
-1.435440473002633251e-16
-9.568597125826924030e-17
-1.828950437732243041e-11
9.568597047559177198e-17
6.378396187460877394e-17
1.828950437732162261e-11
-9.568597438897910125e-17
-6.378394700373694983e-17
-5.244359360675321679e-06
2.743713770980217734e-11
1.828950437732162261e-11
5.244359360675319985e-06
-2.743713771034047805e-11
-1.828950437732162261e-11
2.743713771034072039e-11
-1.435440473002633251e-16
-9.568597438897910125e-17
-2.743713771034047805e-11
1.435440379081337546e-16
9.568597517165656957e-17
1.828950437732243041e-11
-9.568597125826924030e-17
-6.378394700373694983e-17
-1.828950437732162261e-11
9.568597517165656957e-17
6.378396343996371058e-17
2.704339024443747632e-06
-1.415069434247819733e-11
-9.433796228158078534e-12
-2.704339024443748479e-06
1.415069434223955411e-11
9.433796228158078534e-12
-1.415069434247819733e-11
7.404577133802701612e-17
4.936336731392048835e-17
1.415069434194333459e-11
-7.404529548122892827e-17
-4.936344286352901953e-17
-9.433796228158078534e-12
4.936336731392048835e-17
3.290897497586756873e-17
9.433796228180355865e-12
-4.936331763513466161e-17
-3.290904040127904874e-17
-2.704339024443748479e-06
1.415069434194333459e-11
9.433796228180355865e-12
2.704339024443747632e-06
-1.415069434218197781e-11
-9.433796228180355865e-12
1.415069434223955411e-11
-7.404529548122892827e-17
-4.936331763513466161e-17
-1.415069434218197781e-11
7.404547078988053738e-17
4.936340488243880127e-17
9.433796228158078534e-12
-4.936344286352901953e-17
-3.290904040127904874e-17
-9.433796228180355865e-12
4.936340488243880127e-17
3.290907515858306370e-17
-9.301008698237422672e-07
4.869659192415448904e-12
3.245636285089698860e-12
9.301008698237418437e-07
-4.869659192397483576e-12
-3.245636285089698456e-12
4.869659192415448904e-12
-2.549570724883547391e-17
-1.699293246607281063e-17
-4.869659192431213804e-12
2.549576714932234857e-17
1.699295175414530583e-17
3.245636285089698860e-12
-1.699293246607281063e-17
-1.132578124137965520e-17
-3.245636285107980440e-12
1.699291418562699598e-17
1.132568100505323012e-17
9.301008698237418437e-07
-4.869659192431213804e-12
-3.245636285107980440e-12
-9.301008698237422672e-07
4.869659192449181556e-12
3.245636285107980440e-12
-4.869659192397483576e-12
2.549576714932234857e-17
1.699291418562699598e-17
4.869659192449181556e-12
-2.549550688340449323e-17
-1.699293246607281063e-17
-3.245636285089698456e-12
1.699295175414530583e-17
1.132568100505323012e-17
3.245636285107980440e-12
-1.699293246607281063e-17
-1.132590646977401928e-17
-8.638793357476268549e-07
4.523094324328803859e-12
3.016225077107457026e-12
8.638793343038417262e-07
-4.523094324185398691e-12
-3.016225077107457026e-12
4.523094324328803859e-12
-2.368210314089796384e-17
-1.579241010595509498e-17
-4.523094316543896922e-12
2.368204315466267915e-17
1.579239497210670131e-17
3.016225077107457026e-12
-1.579241010595509498e-17
-1.053121331376052539e-17
-3.016225072052412112e-12
1.579236992642782911e-17
1.053106303968897006e-17
8.638793343038417262e-07
-4.523094316543896922e-12
-3.016225072052412112e-12
-8.638793328600567034e-07
4.523094316687302898e-12
3.016225072052412112e-12
-4.523094324185398691e-12
2.368204315466267915e-17
1.579236992642782911e-17
4.523094316687302898e-12
-2.368196538966416519e-17
-1.579238506027622278e-17
-3.016225077107457026e-12
1.579239497210670131e-17
1.053106303968897006e-17
3.016225072052412112e-12
-1.579238506027622278e-17
-1.053121331376052539e-17
-9.613241720550781334e-07
5.032603198962326572e-12
3.355339151582887683e-12
8.329386733864227798e-07
-4.360495610799431913e-12
-2.907231320009735566e-12
5.032603198962326572e-12
-2.634060193448410232e-17
-1.756124641328335704e-17
-4.360495610370446677e-12
2.282279658547065181e-17
1.521510619154827623e-17
3.355339151582887683e-12
-1.756124641328335704e-17
-1.171008579996414885e-17
-2.907231320147335526e-12
1.521373321006588625e-17
1.014866722338134473e-17
8.329386733864227798e-07
-4.360495610370446677e-12
-2.907231320147335526e-12
-7.216991456061966841e-07
3.778148447827349057e-12
2.518968595010277432e-12
-4.360495610799431913e-12
2.282279658547065181e-17
1.521373321006588625e-17
3.778148447827349057e-12
-1.977669992966751950e-17
-1.318216668996449838e-17
-2.907231320009735566e-12
1.521510619154827623e-17
1.014866722338134473e-17
2.518968595010277432e-12
-1.318216668996449838e-17
-8.792948910044543525e-18
-5.515110991509796618e-06
2.886366895634671222e-11
1.924353816380803383e-11
4.778564158047461034e-06
-2.500890629557540585e-11
-1.667355052058851581e-11
2.886366895634671222e-11
-1.510622469053009590e-16
-1.007127752316041452e-16
-2.500890628498515787e-11
1.308870912528624055e-16
8.726204346479550076e-17
1.924353816380803383e-11
-1.007127752316041452e-16
-6.714676243548645737e-17
-1.667355052058912327e-11
8.726210353273535889e-17
5.817624596812080815e-17
4.778564158047461034e-06
-2.500890628498515787e-11
-1.667355052058912327e-11
-4.140383656417535781e-06
2.166894980779911356e-11
1.444678647949914487e-11
-2.500890629557540585e-11
1.308870912528624055e-16
8.726210353273535889e-17
2.166894980779911356e-11
-1.134061956800408690e-16
-7.560769938741742748e-17
-1.667355052058851581e-11
8.726204346479550076e-17
5.817624596812080815e-17
1.444678647949914487e-11
-7.560769938741742748e-17
-5.040819619353326889e-17
-1.877381538562957158e-05
9.904961755137740150e-11
6.604371856708589538e-11
4.324215446643499774e-06
-2.281432289590291720e-11
-1.521199937867569968e-11
9.904961755137740150e-11
-5.225809960254517507e-16
-3.484304405043995791e-16
-2.281432289692324772e-11
1.203690007408168643e-16
8.025651349917041727e-17
6.604371856708589538e-11
-3.484304405043995791e-16
-2.323377896936870344e-16
-1.521199937863277353e-11
8.025520865312701446e-17
5.351314977114624308e-17
4.324215446643499774e-06
-2.281432289692324772e-11
-1.521199937863277353e-11
-9.960063442033921013e-07
5.254874699152442079e-12
3.503814293271814931e-12
-2.281432289590291720e-11
1.203690007408168643e-16
8.025520865312701446e-17
5.254874699152442079e-12
-2.772446499073864743e-17
-1.848556431193130704e-17
-1.521199937867569968e-11
8.025651349917041727e-17
5.351314977114624308e-17
3.503814293271814931e-12
-1.848556431193130704e-17
-1.232660655422584820e-17
-1.989433637252587496e-05
7.297433241834443724e-11
4.866252114785532059e-11
4.582307585097905186e-06
-1.680834337385397900e-11
-1.120854878445454438e-11
7.297433241834443724e-11
-2.676873054175100667e-16
-1.784933147378836458e-16
-1.680834337331599818e-11
6.165354483598520877e-17
4.111332359980005493e-17
4.866252114785532059e-11
-1.784933147378836458e-16
-1.190304580231514503e-16
-1.120854878445408717e-11
4.111292263148463171e-17
2.741677264078535174e-17
4.582307585097905186e-06
-1.680834337331599818e-11
-1.120854878445408717e-11
-1.055453291392190196e-06
3.871503823670661786e-12
2.581690444516336119e-12
-1.680834337385397900e-11
6.165354483598520877e-17
4.111292263148463171e-17
3.871503823670661786e-12
-1.420140196860010154e-17
-9.469760224237280425e-18
-1.120854878445454438e-11
4.111332359980005493e-17
2.741677264078535174e-17
2.581690444516336119e-12
-9.469760224237280425e-18
-6.315017470931846744e-18
-1.858316471907426175e-05
4.473805340391238288e-11
2.982536893498361435e-11
4.280302446526201535e-06
-1.030461723414317767e-11
-6.869744822846117940e-12
4.473805340391238288e-11
-1.076994481375846418e-16
-7.179519074892979557e-17
-1.030461723404426981e-11
2.480859050073119536e-17
1.653805355786026671e-17
2.982536893498361435e-11
-7.179519074892979557e-17
-4.786739415677426722e-17
-6.869744822742833455e-12
1.653729239766828585e-17
1.102426363885028841e-17
4.280302446526201535e-06
-1.030461723404426981e-11
-6.869744822742833455e-12
-9.858917633621932324e-07
2.373485841950230320e-12
1.582323894574059998e-12
-1.030461723414317767e-11
2.480859050073119536e-17
1.653729239766828585e-17
2.373485841950230320e-12
-5.713773753967342199e-18
-3.809347607156641438e-18
-6.869744822846117940e-12
1.653805355786026671e-17
1.102426363885028841e-17
1.582323894574059998e-12
-3.809347607156641438e-18
-2.539644360909174355e-18
-1.695808283603647440e-05
1.064188591552777111e-11
7.094590593972151010e-12
3.905993653329509489e-06
-2.451169702038127161e-12
-1.634113130650523248e-12
1.064188591552777111e-11
-6.685622019776239194e-18
-4.452668934915359886e-18
-2.451169702089981045e-12
1.537739747354861716e-18
1.025529295531682715e-18
7.094590593972151010e-12
-4.452668934915359886e-18
-2.976044703564531647e-18
-1.634113130650523248e-12
1.025766494412658780e-18
6.848266984415921199e-19
3.905993653329509489e-06
-2.451169702089981045e-12
-1.634113130650523248e-12
-8.996763706938184325e-07
5.645834727069874774e-13
3.763889809277045963e-13
-2.451169702038127161e-12
1.537739747354861716e-18
1.025766494412658780e-18
5.645834727069874774e-13
-3.544916335841829347e-19
-2.362523728711056304e-19
-1.634113130650523248e-12
1.025529295531682715e-18
6.848266984415921199e-19
3.763889809277045963e-13
-2.362523728711056304e-19
-1.575874114662615268e-19
-1.169571629625021642e-05
6.125876945880981198e-11
4.083917963807035059e-11
2.693900841622095019e-06
-1.410987120560475149e-11
-9.406580803727801056e-12
6.125876945880981198e-11
-3.208539760299828983e-16
-2.139032083077424134e-16
-1.410987120522386874e-11
7.390368392778325772e-17
4.926881295177624176e-17
4.083917963807035059e-11
-2.139032083077424134e-16
-1.426078466715152594e-16
-9.406580803698715641e-12
4.926881295177624176e-17
3.284591076394381214e-17
2.693900841622095019e-06
-1.410987120522386874e-11
-9.406580803698715641e-12
-6.204922862927988555e-07
3.249958613320755447e-12
2.166639075538680388e-12
-1.410987120560475149e-11
7.390368392778325772e-17
4.926881295177624176e-17
3.249958613320755447e-12
-1.702230098306317507e-17
-1.134820936742168683e-17
-9.406580803727801056e-12
4.926881295177624176e-17
3.284591076394381214e-17
2.166639075538680388e-12
-1.134820936742168683e-17
-7.565604581770359487e-18
-6.901567443550179278e-05
-2.198752264521129662e-04
2.487168174936440967e-05
-8.864398890725405994e-06
2.215601896324639604e-04
-2.506200471228585422e-05
2.838344744102916026e-04
6.544597597303450712e-04
-7.403096605115424091e-05
-2.198752264521129662e-04
5.557226189322773133e-04
-6.286043123868373730e-05
2.721620676554437819e-05
1.044269093918279606e-04
-1.181246565163964625e-05
8.488037425981490676e-04
-2.318519457940960548e-03
2.622590151695028448e-04
2.487168174936440967e-05
-6.286043123868373730e-05
7.110442655790202091e-06
-3.078561414328049985e-06
-1.181314836712419815e-05
1.336268688322009255e-06
-9.601440935022262943e-05
2.622596978913498914e-04
-2.966547027978888779e-05
-8.864398890725405994e-06
2.721620676554437819e-05
-3.078561414328049985e-06
2.603499491390583068e-04
-1.079840759977253670e-04
1.221382846312376112e-05
-2.250326903599429685e-04
-4.498774709380142747e-07
5.167892873741677832e-08
2.215601896324639604e-04
1.044269093918279606e-04
-1.181314836712419815e-05
-1.079840759977253670e-04
-3.767063522048541839e-04
4.261195192868905509e-05
-7.747490505729886460e-04
-3.934804988687436579e-05
4.453621583711355273e-06
-2.506200471228585422e-05
-1.181246565163964625e-05
1.336268688322009255e-06
1.221382846312376112e-05
4.261195192868905509e-05
-4.820142891644746729e-06
8.763742105288828963e-05
4.450901530674957638e-06
-5.037767128462202847e-07
2.838344744102916026e-04
8.488037425981490676e-04
-9.601440935022262943e-05
-2.250326903599429685e-04
-7.747490505729886460e-04
8.763742105288828963e-05
-9.058116794654373291e-04
-2.607028076420973665e-03
2.949001634324188693e-04
6.544597597303450712e-04
-2.318519457940960548e-03
2.622596978913498914e-04
-4.498774709380142747e-07
-3.934804988687436579e-05
4.450901530674957638e-06
-2.607028076420973665e-03
9.276720221911231162e-03
-1.049337726520547945e-03
-7.403096605115424091e-05
2.622590151695028448e-04
-2.966547027978888779e-05
5.167892873741677832e-08
4.453621583711355273e-06
-5.037767128462202847e-07
2.949001634324188693e-04
-1.049337726520547945e-03
1.186960086939968062e-04
1.607016807304143983e-05
-1.870932248780886025e-05
7.044149370029877579e-06
-5.689097093255673151e-05
8.613107441559228892e-06
-3.242691534222440474e-06
-7.135286362459090562e-06
6.592798571649359821e-05
-2.482238644118223657e-05
-1.870932248780886025e-05
5.772447467907586993e-05
-2.173365585944796188e-05
4.557090614738772822e-06
2.104302337313501952e-06
-7.923036339985673177e-07
6.998400254466617806e-05
-2.320883355643418074e-04
8.738285051285694482e-05
7.044149370029877579e-06
-2.173365585944796188e-05
8.182868699126888179e-06
-1.715568813749403279e-06
-7.923187561239607083e-07
2.983207386216773079e-07
-2.634950915806414439e-05
8.738286564482369650e-05
-3.290024837921541568e-05
-5.689097093255673151e-05
4.557090614738772822e-06
-1.715568813749403279e-06
2.594057053339739400e-04
-2.271214437866612919e-05
8.550336161517060565e-06
-3.274249147489415393e-05
4.555927531625093266e-06
-1.715220962519033121e-06
8.613107441559228892e-06
2.104302337313501952e-06
-7.923187561239607083e-07
-2.271214437866612919e-05
-8.386014821572275921e-06
3.157486267498501015e-06
-1.160392690673621051e-05
2.119760639872856225e-09
-7.548208226940142600e-10
-3.242691534222440474e-06
-7.923036339985673177e-07
2.983207386216773079e-07
8.550336161517060565e-06
3.157486267498501015e-06
-1.188850688213985949e-06
4.369093277854201690e-06
-8.150962256403352401e-10
2.905922631051748219e-10
-7.135286362459090562e-06
6.998400254466617806e-05
-2.634950915806414439e-05
-3.274249147489415393e-05
-1.160392690673621051e-05
4.369093277854201690e-06
6.117067458038437594e-05
-2.672241309530634309e-04
1.006117909134927554e-04
6.592798571649359821e-05
-2.320883355643418074e-04
8.738286564482371005e-05
4.555927531625093266e-06
2.119760639872856638e-09
-8.150962256403353435e-10
-2.672241309530634309e-04
9.246769141202140210e-04
-3.481472449203497745e-04
-2.482238644118223657e-05
8.738285051285694482e-05
-3.290024837921541568e-05
-1.715220962519033121e-06
-7.548208226940142600e-10
2.905922631051748219e-10
1.006117909134927554e-04
-3.481472449203498287e-04
1.310798423693163462e-04
1.784639498940535467e-05
-2.349150980446268146e-06
1.798145751120591694e-06
-6.234883298350781997e-05
-3.383365835137652092e-06
2.590167362856925629e-06
-8.754211617855569424e-06
1.274277914678130292e-05
-9.754283012964355202e-06
-2.349150980446268146e-06
1.024237807330480814e-05
-7.840308292082385109e-06
1.227512873423503243e-06
-3.505490585328950522e-06
2.683371736353063632e-06
8.131900445991192705e-06
-3.730186941472519112e-05
2.855373752569811900e-05
1.798145751120591694e-06
-7.840308292082385109e-06
6.001578313002817079e-06
-9.393604380491833016e-07
2.683392009387255553e-06
-2.054074345538039095e-06
-6.224755207719152922e-06
2.855371725338221229e-05
-2.185722486923213619e-05
-6.234883298350781997e-05
1.227512873423503243e-06
-9.393604380491833016e-07
2.576560186898793842e-04
-6.633715549192622154e-06
5.076832968303491467e-06
-9.247762836529776833e-06
1.743097483197359272e-06
-1.334262717447808578e-06
-3.383365835137652092e-06
-3.505490585328950522e-06
2.683392009387255553e-06
-6.633715549192622154e-06
1.511712055330884260e-05
-1.157179926963875993e-05
2.011361509892706944e-05
-1.150655427174205497e-06
8.807133928119962489e-07
2.590167362856925629e-06
2.683371736353063632e-06
-2.054074345538039095e-06
5.076832968303491467e-06
-1.157179926963875993e-05
8.857939442833907392e-06
-1.539649615864040067e-05
8.807941552392771448e-07
-6.741611693983706082e-07
-8.754211617855569424e-06
8.131900445991192705e-06
-6.224755207719152922e-06
-9.247762836529776833e-06
2.011361509892706944e-05
-1.539649615864040067e-05
4.412601692453188909e-05
-5.251247665346419084e-05
4.019696975450478594e-05
1.274277914678130292e-05
-3.730186941472519112e-05
2.855371725338219535e-05
1.743097483197359272e-06
-1.150655427174205497e-06
8.807941552392771448e-07
-5.251247665346419084e-05
1.497675882439661831e-04
-1.146436147730254895e-04
-9.754283012964355202e-06
2.855373752569811900e-05
-2.185722486923213619e-05
-1.334262717447808578e-06
8.807133928119962489e-07
-6.741611693983706082e-07
4.019696975450478594e-05
-1.146436147730254895e-04
8.775702782160414478e-05
1.657301130285353572e-05
-4.715811102989899725e-07
1.038752904672764978e-06
-6.447823520918980031e-05
1.306465798702220518e-06
-2.877912270591492685e-06
-1.551434245586268041e-06
5.723927991410372800e-07
-1.260654326326706932e-06
-4.715811102989899725e-07
2.873843617498271223e-08
-6.329768004573564257e-08
1.302347201894733472e-07
-8.568688589582997337e-07
1.887174048256683167e-06
1.748623877305845577e-06
7.423700863400482495e-07
-1.634985425697438437e-06
1.038752904672764978e-06
-6.329768004573564257e-08
1.394159477877982942e-07
-2.873741016796822246e-07
1.887183982806887007e-06
-4.156347384236859487e-06
-3.851192484205863650e-06
-1.634995358809142740e-06
3.600890757548599039e-06
-6.447823520918980031e-05
1.302347201894733472e-07
-2.873741016796822246e-07
2.554762310170980073e-04
-8.244050775015074466e-07
1.817831623096637172e-06
1.415922137816463752e-06
3.055280457812370813e-07
-6.728847725601087684e-07
1.306465798702220518e-06
-8.568688589582997337e-07
1.887183982806887007e-06
-8.244050775015074466e-07
3.107946692536660909e-06
-6.844966786775047968e-06
-4.380774790486604206e-06
3.059632293046554454e-07
-6.738921778248935346e-07
-2.877912270591492685e-06
1.887174048256683167e-06
-4.156347384236859487e-06
1.817831623096637172e-06
-6.844966786775102178e-06
1.507540991006221485e-05
9.648255761357726949e-06
-6.738526220863183724e-07
1.484178383751267141e-06
-1.551434245586268041e-06
1.748623877305845577e-06
-3.851192484205863650e-06
1.415922137816463752e-06
-4.380774790486604206e-06
9.648255761357726949e-06
4.765253303641791406e-06
-2.586037389979152186e-06
5.695543994175095330e-06
5.723927991410372800e-07
7.423700863400482495e-07
-1.634995358809142740e-06
3.055280457812370813e-07
3.059632293046554454e-07
-6.738526220863183724e-07
-2.586037389979152186e-06
-3.263690746116593956e-06
7.187949616498011985e-06
-1.260654326326706932e-06
-1.634985425697438437e-06
3.600890757548599039e-06
-6.728847725601087684e-07
-6.738921778248935346e-07
1.484178383751267141e-06
5.695543994175095330e-06
7.187949616498011985e-06
-1.583073388592521482e-05
1.142137476992214009e-05
-4.362053438910051349e-06
1.439266094366755699e-06
-3.965536528690871336e-06
3.143582461721145292e-06
-1.037253534883827008e-06
-1.930584903926543683e-05
5.213247506813932036e-07
-2.046130598384357142e-05
-1.930631702043957752e-05
1.259637636385280222e-05
1.613312454422478968e-05
-4.362053438910051349e-06
1.338362563116782388e-05
3.383891415762513246e-06
-3.880916167470011242e-06
-2.312157648978534311e-05
4.847463623759134258e-06
2.108734737084018828e-06
-7.125493112566469596e-06
1.318517397156658172e-06
1.803346501733061967e-05
-1.964570100999637117e-05
-1.878077786309088800e-05
1.439266094366755699e-06
3.383891415762517058e-06
2.252237704979952011e-05
1.280598914258840084e-06
4.847502372387289184e-06
-1.003026674243059870e-05
-2.745360888199132115e-05
-1.874591466588585808e-06
-4.322574924860062863e-05
2.080757498864718564e-05
-1.558770773135087837e-05
-3.070507370476739201e-05
-3.965536528690871336e-06
-3.880916167470011242e-06
1.280598914258840084e-06
1.181468206085151404e-05
-7.939212424822108483e-06
2.619583717565087012e-06
1.484214766413422280e-06
1.088118573864932766e-05
-4.673044881203868600e-06
1.484212764295321473e-06
1.152568031423811619e-05
-2.720479000419916257e-06
3.143582461721145292e-06
-2.312157648978534311e-05
4.847502372387289184e-06
-7.939212424822108483e-06
1.000198763270074254e-04
-2.348226491108402220e-05
-1.632630664951447230e-06
-1.447371022045117658e-06
3.301294701530184097e-08
-2.147106866428084391e-06
-1.237766212032215279e-05
5.378265057799332723e-06
-1.037253534883827008e-06
4.847463623759134258e-06
-1.003026674243059870e-05
2.619583717565087012e-06
-2.348226491108402220e-05
3.660289588337088548e-05
1.403168095105128603e-06
2.013772483424973369e-05
-5.070697017770658615e-06
-1.559780188357828753e-07
-1.472630240677257238e-05
5.859597021905446748e-06
-1.930584903926543683e-05
2.108734737084018828e-06
-2.745360888199132115e-05
1.484214766413422280e-06
-1.632630664951447230e-06
1.403168095105128603e-06
6.518486388771734788e-05
-7.595304738712535947e-06
9.030848216728376413e-05
5.301127657485981560e-06
1.366790635148210013e-06
1.063256112253421760e-05
5.213247506813932036e-07
-7.125493112566469596e-06
-1.874591466588585808e-06
1.088118573864932766e-05
-1.447371022045117658e-06
2.013772483424973369e-05
-7.595304738712535947e-06
2.906627109122082755e-05
-3.810399524208091373e-06
-5.229325701097858574e-06
-1.055799527809983087e-06
-9.339042403266809074e-06
-2.046130598384357142e-05
1.318517397156658172e-06
-4.322574924860062863e-05
-4.673044881203868600e-06
3.301294701530168215e-08
-5.070697017770658615e-06
9.030848216728376413e-05
-3.810399524208091373e-06
1.814148132607684293e-04
-9.357807153633405743e-06
-1.137909776221468237e-06
-1.520299857177899753e-05
-1.930631702043957752e-05
1.803346501733061967e-05
2.080757498864718564e-05
1.484212764295321473e-06
-2.147106866428084391e-06
-1.559780188357828753e-07
5.301127657485981560e-06
-5.229325701097858574e-06
-9.357807153633405743e-06
6.518661048617986023e-05
-5.985045782207817894e-05
-6.805469999724126533e-05
1.259637636385280222e-05
-1.964570100999637117e-05
-1.558770773135087837e-05
1.152568031423811619e-05
-1.237766212032215279e-05
-1.472630240677257238e-05
1.366790635148210013e-06
-1.055799527809983087e-06
-1.137909776221468237e-06
-5.985045782207817894e-05
8.667060086731352816e-05
7.397357265804738375e-05
1.613312454422478968e-05
-1.878077786309088800e-05
-3.070507370476739201e-05
-2.720479000419916257e-06
5.378265057799332723e-06
5.859597021905446748e-06
1.063256112253421760e-05
-9.339042403266809074e-06
-1.520299857177899753e-05
-6.805469999724122468e-05
7.397357265804732954e-05
1.238087371243900821e-04
1.129686534218924162e-05
-4.247422629750721079e-06
8.805251131673218474e-07
-3.130176553223394012e-06
2.136673329639996853e-06
-4.429661728613616604e-07
-1.949144673525618604e-05
2.879757311861705450e-06
-2.056297639586991165e-05
-1.949192102768594913e-05
1.081752116278290205e-05
1.772343611007213366e-05
-4.247422629750721079e-06
5.652464295145480723e-06
3.665517949256186479e-06
-3.169160625041401992e-06
1.469956582792638560e-06
-1.584224861529100280e-06
4.270665222139639189e-06
-7.039118310092201026e-06
4.849235942705573602e-06
1.473244719257732649e-05
-1.550263991283755419e-05
-1.692968247016078128e-05
8.805251131673218474e-07
3.665517949256186479e-06
2.257284243203037786e-05
6.570564971665725037e-07
-1.584196535212475715e-06
-5.842845722018291503e-06
-2.720008901265959917e-05
2.604332887796542337e-06
-4.338518518556687176e-05
2.326052606099625176e-05
-1.468480775129969577e-05
-3.492118850801862259e-05
-3.130176553223394012e-06
-3.169160625041401992e-06
6.570564971665725037e-07
6.808319187745554943e-06
-3.612376844506540729e-06
7.488771544491818556e-07
2.430316979597858850e-06
7.716450846742575507e-06
-1.583809302737430962e-06
2.430337919521181342e-06
7.710228678223327381e-06
-1.614506428944643524e-06
2.136673329639996853e-06
1.469956582792638560e-06
-1.584196535212475715e-06
-3.612376844506540729e-06
1.440962210599816194e-06
3.159347612958399460e-06
-1.766960471310848442e-06
-1.169281825970616326e-06
-9.111998217422896397e-07
-2.585959630417002563e-06
-5.751526373726630355e-06
3.657572829672362835e-06
-4.429661728613616604e-07
-1.584224861529100280e-06
-5.842845722018291503e-06
7.488771544491818556e-07
3.159347612958399460e-06
1.602480624795879109e-05
2.426354929901397273e-06
1.423359227238046295e-05
5.872480668619626903e-07
-1.523900056898162740e-06
-1.148711360780532633e-05
5.169469583508441376e-06
-1.949144673525618604e-05
4.270665222139639189e-06
-2.720008901265959917e-05
2.430316979597858850e-06
-1.766960471310848442e-06
2.426354929901397273e-06
6.510012601837480918e-05
-1.492674462749652812e-05
8.832121049924804756e-05
5.131652287246649814e-06
7.731073078277443038e-07
1.065155014097107646e-05
2.879757311861705450e-06
-7.039118310092201026e-06
2.604332887796542337e-06
7.716450846742575507e-06
-1.169281825970616326e-06
1.423359227238046295e-05
-1.492674462749652812e-05
2.814277301830707262e-05
-1.722621354463253575e-05
-3.525143316261149506e-06
-7.323869286599541626e-07
-6.716062071199539902e-06
-2.056297639586991165e-05
4.849235942705573602e-06
-4.338518518556687176e-05
-1.583809302737430962e-06
-9.111998217422896397e-07
5.872480668619626903e-07
8.832121049924804756e-05
-1.722621354463259335e-05
1.772430666495774284e-04
-1.008075428342923265e-05
5.996385167225310731e-08
-1.609483643693475176e-05
-1.949192102768594913e-05
1.473244719257732649e-05
2.326052606099625176e-05
2.430337919521181342e-06
-2.585959630417002563e-06
-1.523900056898162740e-06
5.131652287246649814e-06
-3.525143316261149506e-06
-1.008075428342923265e-05
6.510187318768685509e-05
-4.880993483710391323e-05
-7.510817843727363727e-05
1.081752116278290205e-05
-1.550263991283755419e-05
-1.468480775129969577e-05
7.710228678223327381e-06
-5.751526373726630355e-06
-1.148711360780532633e-05
7.731073078277443038e-07
-7.323869286599541626e-07
5.996385167225310731e-08
-4.880993483710391323e-05
6.427614978276323832e-05
6.617059262006121719e-05
1.772343611007213366e-05
-1.692968247016078128e-05
-3.492118850801862259e-05
-1.614506428944643524e-06
3.657572829672362835e-06
5.169469583508441376e-06
1.065155014097107646e-05
-6.716062071199539902e-06
-1.609483643693475176e-05
-7.510817843727363727e-05
6.617059262006121719e-05
1.411079419254433667e-04
1.114769441062357534e-05
-4.210515952561153418e-06
7.657786539228810448e-07
-2.773205183243678923e-06
1.620597458286816245e-06
-2.947551075496595970e-07
-1.939188550418529495e-05
3.527124073204620342e-06
-2.058149233495648288e-05
-1.939235986248117688e-05
1.054864598253132793e-05
1.802150390851586884e-05
-4.210515952561153418e-06
4.810207943090363838e-06
3.324959495795566865e-06
-2.915676116992230977e-06
3.615859665152418585e-06
-1.614312232546551031e-06
4.694419559082987854e-06
-6.972141664930665661e-06
5.521488289048446651e-06
1.391762407146077758e-05
-1.457567517058048564e-05
-1.630228077946150719e-05
7.657786539228810448e-07
3.324959495795566865e-06
2.248584145081043619e-05
5.303382442434174223e-07
-1.614288287369795650e-06
-4.965747280800086291e-06
-2.704630543877607632e-05
3.907888184421404621e-06
-4.323157607590496929e-05
2.366122365439235177e-05
-1.468870462922688649e-05
-3.562756542101280191e-05
-2.773205183243678923e-06
-2.915676116992230977e-06
5.303382442434174223e-07
5.571240044082183489e-06
-2.433341025028626871e-06
4.425550369692516550e-07
2.383480234582580586e-06
6.676705174670731813e-06
-1.070020159220391928e-06
2.383501523425352253e-06
6.625974540906175472e-06
-1.349580960343819283e-06
1.620597458286816245e-06
3.615859665152418585e-06
-1.614288287369795650e-06
-2.433341025028626871e-06
-8.737843818700176846e-06
4.014019342987088246e-06
-1.445950192912296368e-06
-6.521612177835705972e-07
-8.099362170886739208e-07
-2.162128325919182960e-06
-4.089545432812151318e-06
2.813816473000440031e-06
-2.947551075496595970e-07
-1.614312232546551031e-06
-4.965747280800086291e-06
4.425550369692516550e-07
4.014019342987088246e-06
1.260077550740920829e-05
2.296819086382348306e-06
1.195043549800839387e-05
1.236829738653825203e-06
-1.640557587405867063e-06
-9.946465974335493658e-06
4.674186464274256661e-06
-1.939188550418529495e-05
4.694419559082987854e-06
-2.704630543877605938e-05
2.383480234582580586e-06
-1.445950192912296368e-06
2.296819086382348306e-06
6.494656500913738837e-05
-1.671145742467687476e-05
8.793879312079826876e-05
4.960896112813451152e-06
6.570975521060881651e-07
1.059021414107613661e-05
3.527124073204620342e-06
-6.972141664930665661e-06
3.907888184421404621e-06
6.676705174670731813e-06
-6.521612177835705972e-07
1.195043549800839387e-05
-1.671145742467687476e-05
2.707649274453054821e-05
-2.017892994610092486e-05
-3.114001070994648372e-06
-4.329092716391677591e-07
-6.339708126534179304e-06
-2.058149233495648288e-05
5.521488289048446651e-06
-4.323157607590496929e-05
-1.070020159220391928e-06
-8.099362170886739208e-07
1.236829738653825203e-06
8.793879312079826876e-05
-2.017892994610092486e-05
1.761324817149345298e-04
-1.014310049089326507e-05
4.053294631968189063e-07
-1.620647199465907593e-05
-1.939235986248117688e-05
1.391762407146077758e-05
2.366122365439235177e-05
2.383501523425352253e-06
-2.162128325919182960e-06
-1.640557587405867063e-06
4.960896112813451152e-06
-3.114001070994648372e-06
-1.014310049089326507e-05
6.494831206903706362e-05
-4.660733211564775050e-05
-7.642293384655686733e-05
1.054864598253132793e-05
-1.457567517058047208e-05
-1.468870462922688649e-05
6.625974540906175472e-06
-4.089545432812151318e-06
-9.946465974335493658e-06
6.570975521060881651e-07
-4.329092716391677591e-07
4.053294631968189063e-07
-4.660733211564775050e-05
5.885906260265769054e-05
6.429910649804122292e-05
1.802150390851586884e-05
-1.630228077946150719e-05
-3.562756542101278836e-05
-1.349580960343819283e-06
2.813816473000440031e-06
4.674186464274256661e-06
1.059021414107613661e-05
-6.339708126534179304e-06
-1.620647199465907593e-05
-7.642293384655686733e-05
6.429910649804122292e-05
1.443481606189358298e-04
1.070803402369718443e-05
-4.299368863992107770e-06
4.612753574400330909e-07
-1.557382808667926780e-06
2.204385962638802137e-08
-2.375265100247381078e-09
-1.918029006870021922e-05
5.890525339334319973e-06
-2.054286547509644368e-05
-1.918076926319835077e-05
1.011503277459606494e-05
1.882565396754787998e-05
-4.299368863992107770e-06
3.597287990471656434e-06
1.984700656530590413e-06
-1.753648128373194162e-06
4.509122734983723145e-06
-7.124463010700690858e-07
6.161157942051326478e-06
-6.481971655844562293e-06
7.613319478607972458e-06
1.162009216049536294e-05
-1.143746824504076609e-05
-1.429963173182095817e-05
4.612753574400330909e-07
1.984700656530590413e-06
2.188081791773340378e-05
1.881724973834879485e-07
-7.124288825807393430e-07
-2.053848489287137561e-06
-2.639044075094922620e-05
8.525809361511022747e-06
-4.223578709515338160e-05
2.448268147968895762e-05
-1.521213903205816717e-05
-3.727978809807591437e-05
-1.557382808667926780e-06
-1.753648128373194162e-06
1.881724973834879485e-07
2.083683680558558661e-06
6.059362954470199886e-07
-6.501738906040804793e-08
1.861029765686243360e-06
2.986262096557014200e-06
-1.269231302793391570e-07
1.861048399820755836e-06
2.945220254043226394e-06
-5.095470671176797777e-07
2.204385962638802137e-08
4.509122734983723145e-06
-7.124288825807393430e-07
6.059362954470199886e-07
-1.959622174533369381e-05
2.534666644290328352e-06
-2.108329036599693057e-07
1.841144143972291731e-06
-4.400978570252264398e-08
-4.772805584311292439e-07
9.455349257851452744e-07
1.652042504174511703e-07
-2.375265100247381078e-09
-7.124463010700690858e-07
-2.053848489287137561e-06
-6.501738906040804793e-08
2.534666644290328352e-06
3.753301786855185261e-06
1.278525474817164654e-06
4.290294467513918364e-06
1.503841882373262640e-06
-1.204653335346192641e-06
-4.169035082841295373e-06
2.399390847377543121e-06
-1.918029006870021922e-05
6.161157942051326478e-06
-2.639044075094922620e-05
1.861029765686243360e-06
-2.108329036599693057e-07
1.278525474817164654e-06
6.483076645798799362e-05
-2.314981231762647864e-05
8.683005820300184645e-05
4.810339247377532843e-06
3.924863380434606186e-07
1.027224700506095400e-05
5.890525339334319973e-06
-6.481971655844562293e-06
8.525809361511022747e-06
2.986262096557014200e-06
1.841144143972291731e-06
4.290294467513918364e-06
-2.314981231762647864e-05
2.161689059034787859e-05
-3.036129378112884848e-05
-1.795718357716449277e-06
7.060844260860129615e-07
-5.712335223769037207e-06
-2.054286547509644368e-05
7.613319478607972458e-06
-4.223578709515338160e-05
-1.269231302793391570e-07
-4.400978570252264398e-08
1.503841882373262640e-06
8.683005820300184645e-05
-3.036129378112890269e-05
1.722310033331000566e-04
-1.012145957014453355e-05
2.023636785352855203e-06
-1.628420391118182259e-05
-1.918076926319835077e-05
1.162009216049536294e-05
2.448268147968895762e-05
1.861048399820755836e-06
-4.772805584311292439e-07
-1.204653335346192641e-06
4.810339247377532843e-06
-1.795718357716449277e-06
-1.012145957014453355e-05
6.483253421774292377e-05
-4.104550152802497891e-05
-7.994278874183538227e-05
1.011503277459606494e-05
-1.143746824504076609e-05
-1.521213903205816717e-05
2.945220254043226394e-06
9.455349257851452744e-07
-4.169035082841295373e-06
3.924863380434606186e-07
7.060844260860129615e-07
2.023636785352855203e-06
-4.104550152802497891e-05
4.098607805585861462e-05
5.885467755432013406e-05
1.882565396754786304e-05
-1.429963173182095817e-05
-3.727978809807591437e-05
-5.095470671176797777e-07
1.652042504174511703e-07
2.399390847377543121e-06
1.027224700506095400e-05
-5.712335223769037207e-06
-1.628420391118182259e-05
-7.994278874183538227e-05
5.885467755432013406e-05
1.528600031267458208e-04
2.508225471442970919e-04
-1.313286705464793433e-09
-8.755244702962869448e-10
-2.508225471442970377e-04
1.313286705444755603e-09
8.755244702962872550e-10
-1.313286705464793433e-09
6.876240040188050912e-15
4.584151214476922041e-15
1.313286705426468087e-09
-6.876291025725484778e-15
-4.584160656243112855e-15
-8.755244702962869448e-10
4.584151214476922041e-15
3.056141094520364876e-15
8.755244702986411008e-10
-4.584158767889874535e-15
-3.056118434281505423e-15
-2.508225471442970377e-04
1.313286705426468087e-09
8.755244702986411008e-10
2.508225471442970919e-04
-1.313286705446506124e-09
-8.755244702986407906e-10
1.313286705444755603e-09
-6.876291025725484778e-15
-4.584158767889874535e-15
-1.313286705446506124e-09
6.876264588780148290e-15
4.584160656243112855e-15
8.755244702962872550e-10
-4.584160656243112855e-15
-3.056118434281505423e-15
-8.755244702986407906e-10
4.584160656243112855e-15
3.056142982873603196e-15
-8.747848461983481327e-06
4.579966449994970649e-11
3.054004900932087262e-11
8.747848461983447445e-06
-4.579966449971448347e-11
-3.054004900932091140e-11
4.579966449994970649e-11
-2.397774291399197388e-16
-1.598887570402997854e-16
-4.579966449949850532e-11
2.397906476125878842e-16
1.598925337467764019e-16
3.054004900932087262e-11
-1.598887570402997854e-16
-1.066107587748367751e-16
-3.054004900965701814e-11
1.598821478039657374e-16
1.066060378917410229e-16
8.747848461983447445e-06
-4.579966449949850532e-11
-3.054004900965701814e-11
-8.747848461983481327e-06
4.579966449973381882e-11
3.054004900965688243e-11
-4.579966449971448347e-11
2.397906476125878842e-16
1.598821478039657374e-16
4.579966449973381882e-11
-2.397736524334431470e-16
-1.598878128636806251e-16
-3.054004900932091140e-11
1.598925337467764019e-16
1.066060378917410229e-16
3.054004900965688243e-11
-1.598878128636806251e-16
-1.066268097773623521e-16
9.436465987075446662e-06
-4.938576171196840798e-11
-3.292384114107011702e-11
-9.436465987075450050e-06
4.938576171183140620e-11
3.292384114107011056e-11
-4.938576171196840798e-11
2.584720323948594019e-16
1.723121518364811453e-16
4.938576171060761187e-11
-2.584709453548200848e-16
-1.723118800764713037e-16
-3.292384114107011702e-11
1.723121518364811453e-16
1.148732279175983524e-16
3.292384114101850224e-11
-1.723124235964909623e-16
-1.148713255975295104e-16
-9.436465987075450050e-06
4.938576171060761187e-11
3.292384114101850224e-11
9.436465987075446662e-06
-4.938576171074462658e-11
-3.292384114101850224e-11
4.938576171183140620e-11
-2.584709453548200848e-16
-1.723124235964909623e-16
-4.938576171074462658e-11
2.584693147947610351e-16
1.723135106365303041e-16
3.292384114107011056e-11
-1.723118800764713037e-16
-1.148713255975295104e-16
-3.292384114101850224e-11
1.723135106365303041e-16
1.148734996776081940e-16
-6.631841063582846081e-06
3.466074963518386187e-11
2.310716642323175597e-11
6.631841063582841845e-06
-3.466074963468185372e-11
-2.310716642323174628e-11
3.466074963518386187e-11
-1.811514986289283119e-16
-1.207701719475077377e-16
-3.466074963473761086e-11
1.811535112839504819e-16
1.207693095145130973e-16
2.310716642323175597e-11
-1.207701719475077377e-16
-8.051421055784907276e-17
-2.310716642306186729e-11
1.207698530345327559e-16
8.051066103011236152e-17
6.631841063582841845e-06
-3.466074963473761086e-11
-2.310716642306186729e-11
-6.631841063582846081e-06
3.466074963523961902e-11
2.310716642306188991e-11
-3.466074963468185372e-11
1.811535112839504819e-16
1.207698530345327559e-16
3.466074963523961902e-11
-1.811506833488988117e-16
-1.207696284274880545e-16
-2.310716642323174628e-11
1.207693095145130973e-16
8.051066103011236152e-17
2.310716642306188991e-11
-1.207696284274880545e-16
-8.051230823778021844e-17
-3.040897733232599172e-06
1.595303372199899486e-10
1.063616316449738163e-10
3.040897333750944192e-06
-1.595303372195184815e-10
-1.063616316449738163e-10
1.595303372199899486e-10
-8.369217198491479094e-15
-5.579900648329417124e-15
-1.595303162616834388e-10
8.369215491381400330e-15
5.579900444516454030e-15
1.063616316449738163e-10
-5.579900648329417124e-15
-3.720215842539773471e-15
-1.063616176722472067e-10
5.579900648336456919e-15
3.720215896321229487e-15
3.040897333750944192e-06
-1.595303162616834388e-10
-1.063616176722472067e-10
-3.040896934269340034e-06
1.595303162621549576e-10
1.063616176722472067e-10
-1.595303372195184815e-10
8.369215491381400330e-15
5.579900648336456919e-15
1.595303162621549576e-10
-8.369215907631420568e-15
-5.579900512449408098e-15
-1.063616316449738163e-10
5.579900444516454030e-15
3.720215896321229487e-15
1.063616176722472067e-10
-5.579900512449408098e-15
-3.720215808569772596e-15
5.561322080031542726e-05
-2.910783122719495328e-10
-1.940500774387695845e-10
-5.561322080031541371e-05
2.910783122766538640e-10
1.940500774387696104e-10
-2.910783122719495328e-10
1.523493018443267688e-15
1.015655191813994821e-15
2.910783122810212743e-10
-1.523494445985910885e-15
-1.015654478042673420e-15
-1.940500774387695845e-10
1.015655191813994821e-15
6.770970372674360533e-16
1.940500774391344487e-10
-1.015654002195125688e-15
-6.770951338772453213e-16
-5.561322080031541371e-05
2.910783122810212743e-10
1.940500774391344487e-10
5.561322080031542726e-05
-2.910783122763169430e-10
-1.940500774391344487e-10
2.910783122766538640e-10
-1.523494445985910885e-15
-1.015654002195125688e-15
-2.910783122763169430e-10
1.523500632004030813e-15
1.015653050500030223e-15
1.940500774387696104e-10
-1.015654478042673420e-15
-6.770951338772453213e-16
-1.940500774391344487e-10
1.015653050500030223e-15
6.770944201059237228e-16
2.933040248273389381e-05
-1.535545507015042496e-10
-1.023696913015007808e-10
-2.933040248273390059e-05
1.535545506986110045e-10
1.023696913015007808e-10
-1.535545507015042496e-10
8.039138734925692204e-16
5.359399403831406684e-16
1.535545506957806509e-10
-8.039098287884137916e-16
-5.359399849938482560e-16
-1.023696913015007808e-10
5.359399403831406684e-16
3.572930457514960428e-16
1.023696913015237092e-10
-5.359398957724330808e-16
-3.572931647133829758e-16
-2.933040248273390059e-05
1.535545506957806509e-10
1.023696913015237092e-10
2.933040248273389381e-05
-1.535545506986739219e-10
-1.023696913015237092e-10
1.535545506986110045e-10
-8.039098287884137916e-16
-5.359398957724330808e-16
-1.535545506986739219e-10
8.039099700556545184e-16
5.359399403831406684e-16
1.023696913015007808e-10
-5.359399849938482560e-16
-3.572931647133829758e-16
-1.023696913015237092e-10
5.359399403831406684e-16
3.572931647133829758e-16
-1.736882998845521518e-07
9.095830301284434381e-13
6.062228029097219222e-13
1.736882998845528136e-07
-9.095830298122338580e-13
-6.062228029097455502e-13
9.095830301284434381e-13
-4.761992287711866985e-18
-3.172297157638645135e-18
-9.095830302497182941e-13
4.761977417476001891e-18
3.172356638582106667e-18
6.062228029097219222e-13
-3.172297157638645135e-18
-2.115142349495250958e-18
-6.062228028890375601e-13
3.172178195751722071e-18
2.116569892138330035e-18
1.736882998845528136e-07
-9.095830302497182941e-13
-6.062228028890375601e-13
-1.736882998845521518e-07
9.095830305659292879e-13
6.062228028890103981e-13
-9.095830298122338580e-13
4.761977417476001891e-18
3.172178195751722071e-18
9.095830305659292879e-13
-4.761962547240136027e-18
-3.172178195751722071e-18
-6.062228029097455502e-13
3.172356638582106667e-18
2.116569892138330035e-18
6.062228028890103981e-13
-3.172178195751722071e-18
-2.116094044590637009e-18
-1.801943544154283497e-06
9.432523559192858317e-12
6.285636375165049786e-12
1.801943544154281167e-06
-9.432523559045172651e-12
-6.285636375165048170e-12
9.432523559192858317e-12
-4.937632078636101500e-17
-3.290364692813558014e-17
-9.432523558898915163e-12
4.937679663390871034e-17
3.290351030784356236e-17
6.285636375165049786e-12
-3.290364692813558014e-17
-2.192680453804797983e-17
-6.285636375163600604e-12
3.290369711518162233e-17
2.192680416048339803e-17
1.801943544154281167e-06
-9.432523558898915163e-12
-6.285636375163600604e-12
-1.801943544154283497e-06
9.432523559046600830e-12
6.285636375163605451e-12
-9.432523559045172651e-12
4.937679663390871034e-17
3.290369711518162233e-17
9.432523559046600830e-12
-4.937632078636101500e-17
-3.290356142427935007e-17
-6.285636375165048170e-12
3.290351030784356236e-17
2.192680416048339803e-17
6.285636375163605451e-12
-3.290356142427935007e-17
-2.192609001341248838e-17
2.704339024443747632e-06
-1.415069434247819733e-11
-9.433796228158078534e-12
-2.704339024443748479e-06
1.415069434223955411e-11
9.433796228158078534e-12
-1.415069434247819733e-11
7.404577133802701612e-17
4.936336731392048835e-17
1.415069434194333459e-11
-7.404529548122892827e-17
-4.936344286352901953e-17
-9.433796228158078534e-12
4.936336731392048835e-17
3.290897497586756873e-17
9.433796228180355865e-12
-4.936331763513466161e-17
-3.290904040127904874e-17
-2.704339024443748479e-06
1.415069434194333459e-11
9.433796228180355865e-12
2.704339024443747632e-06
-1.415069434218197781e-11
-9.433796228180355865e-12
1.415069434223955411e-11
-7.404529548122892827e-17
-4.936331763513466161e-17
-1.415069434218197781e-11
7.404547078988053738e-17
4.936340488243880127e-17
9.433796228158078534e-12
-4.936344286352901953e-17
-3.290904040127904874e-17
-9.433796228180355865e-12
4.936340488243880127e-17
3.290907515858306370e-17
2.418985337237539600e-07
-1.248369047097380133e-12
-8.322460314086584760e-13
-2.418985337237539600e-07
1.248369047089883808e-12
8.322460314086598897e-13
-1.248369047097380133e-12
6.443357310642052371e-18
4.295732148006264815e-18
1.248369047074401839e-12
-6.443295656950077153e-18
-4.295712121333080080e-18
-8.322460314086584760e-13
4.295732148006264815e-18
2.863860366537978933e-18
8.322460313437323710e-13
-4.295737167011952281e-18
-2.863510341006567609e-18
-2.418985337237539600e-07
1.248369047074401839e-12
8.322460313437323710e-13
2.418985337237539600e-07
-1.248369047081898365e-12
-8.322460313437325730e-13
1.248369047089883808e-12
-6.443295656950077153e-18
-4.295737167011952281e-18
-1.248369047081898365e-12
6.443207036568816856e-18
4.295757193685137786e-18
8.322460314086598897e-13
-4.295712121333080080e-18
-2.863510341006567609e-18
-8.322460313437325730e-13
4.295757193685137786e-18
2.863484681354890144e-18
-2.477725964873504596e-07
1.288437816318296263e-12
8.597146697163436009e-13
2.477725964873494537e-07
-1.288437816365651343e-12
-8.597146697163431970e-13
1.288437816318296263e-12
-6.699865693775422946e-18
-4.470316908866609916e-18
-1.288437816215193329e-12
6.700073416631322281e-18
4.470339260993091519e-18
8.597146697163436009e-13
-4.470316908866609916e-18
-2.983842482324381500e-18
-8.597146696731872296e-13
4.470414398029709662e-18
2.983140234994119857e-18
2.477725964873494537e-07
-1.288437816215193329e-12
-8.597146696731872296e-13
-2.477725964873504596e-07
1.288437816167837239e-12
8.597146696731889461e-13
-1.288437816365651343e-12
6.700073416631322281e-18
4.470414398029709662e-18
1.288437816167837239e-12
-6.699965876490913290e-18
-4.470517274297590604e-18
-8.597146697163431970e-13
4.470339260993091519e-18
2.983140234994119857e-18
8.597146696731889461e-13
-4.470517274297590604e-18
-2.983316523068057581e-18
-8.451869483546072263e-07
4.425559370621951141e-12
2.950372913778343158e-12
8.451869483546063793e-07
-4.425559370683634258e-12
-2.950372913778343562e-12
4.425559370621951141e-12
-2.317261666776276997e-17
-1.544866789135258522e-17
-4.425559370677642045e-12
2.317303457360504962e-17
1.544863330165694083e-17
2.950372913778343158e-12
-1.544866789135258522e-17
-1.029892108642231034e-17
-2.950372913765103422e-12
1.544868339301468524e-17
1.029872035542255196e-17
8.451869483546063793e-07
-4.425559370677642045e-12
-2.950372913765103422e-12
-8.451869483546072263e-07
4.425559370615958121e-12
2.950372913765102614e-12
-4.425559370683634258e-12
2.317303457360504962e-17
1.544868339301468524e-17
4.425559370615958121e-12
-2.317281703319375065e-17
-1.544861779999484081e-17
-2.950372913778343562e-12
1.544863330165694083e-17
1.029872035542255196e-17
2.950372913765102614e-12
-1.544861779999484081e-17
-1.029917154321103697e-17
-7.638430136231517237e-07
3.998455126767776979e-12
2.667336774534671706e-12
7.638430136231517237e-07
-3.998455126637386172e-12
-2.667336774534671706e-12
3.998455126767776979e-12
-2.093042138362207648e-17
-1.396255171274065732e-17
-3.998455126519843322e-12
2.093063825869795605e-17
1.396255998420087043e-17
2.667336774534671706e-12
-1.396255171274065732e-17
-9.314413054143392846e-18
-2.667336774535016230e-12
1.396249737000368838e-17
9.314324957330921866e-18
7.638430136231517237e-07
-3.998455126519843322e-12
-2.667336774535016230e-12
-7.638430136231517237e-07
3.998455126650234129e-12
2.667336774535016230e-12
-3.998455126637386172e-12
2.093063825869795605e-17
1.396249737000368838e-17
3.998455126650234129e-12
-2.093048399781925852e-17
-1.396252666706178512e-17
-2.667336774534671706e-12
1.396255998420087043e-17
9.314324957330921866e-18
2.667336774535016230e-12
-1.396252666706178512e-17
-9.314431838402547767e-18
1.404618367353853068e-04
-7.364595832989144135e-10
-4.909730555978704025e-10
-1.217030626637452426e-04
6.381049037810637864e-10
4.254032692467639962e-10
-7.364595832989144135e-10
3.861361137752979298e-15
2.574241920546973517e-15
6.381049037777517552e-10
-3.345662054546928824e-15
-2.230450705972032885e-15
-4.909730555978704025e-10
2.574241920546973517e-15
1.716149448633867044e-15
4.254032692467568101e-10
-2.230447960009068112e-15
-1.486953224435666899e-15
-1.217030626637452426e-04
6.381049037777517552e-10
4.254032692467568101e-10
1.054495356602732985e-04
-5.528855587822581117e-10
-3.685903725724057772e-10
6.381049037810637864e-10
-3.345662054546928824e-15
-2.230447960009068112e-15
-5.528855587822581117e-10
2.898858383108208434e-15
1.932570589939055423e-15
4.254032692467639962e-10
-2.230450705972032885e-15
-1.486953224435666899e-15
-3.685903725724057772e-10
1.932570589939055423e-15
1.288374365890432931e-15
-3.672813361256444188e-06
1.923917291500622313e-11
1.282538833964153505e-11
3.182306632507716132e-06
-1.666976826444583634e-11
-1.111254898173376370e-11
1.923917291500622313e-11
-1.007841815755818473e-16
-6.718851682469720857e-17
-1.666976825359418313e-11
8.732307249168773166e-17
5.821599378203605440e-17
1.282538833964153505e-11
-6.718851682469720857e-17
-4.479112968458391066e-17
-1.111254898176445500e-11
5.821722946537021001e-17
3.880210427011714025e-17
3.182306632507716132e-06
-1.666976825359418313e-11
-1.111254898176445500e-11
-2.757307411841436750e-06
1.444350934552607465e-11
9.628460488021747634e-12
-1.666976826444583634e-11
8.732307249168773166e-17
5.821722946537021001e-17
1.444350934552607465e-11
-7.565939576240350023e-17
-5.044221929319326978e-17
-1.111254898173376370e-11
5.821599378203605440e-17
3.880210427011714025e-17
9.628460488021747634e-12
-5.044221929319326978e-17
-3.362338771998525114e-17
-4.969832278918016669e-06
2.603017555318171379e-11
1.735523203725317678e-11
4.306107789327299814e-06
-2.255382785913609698e-11
-1.503742896479980028e-11
2.603017555318171379e-11
-1.363316463610146084e-16
-9.089938455851212845e-17
-2.255382785894494071e-11
1.181280313965896518e-16
7.876080812695261496e-17
1.735523203725317678e-11
-9.089938455851212845e-17
-6.060487171871919658e-17
-1.503742896493217503e-11
7.875833676028431607e-17
5.250981409112549255e-17
4.306107789327299814e-06
-2.255382785894494071e-11
-1.503742896493217503e-11
-3.731024157890136130e-06
1.954174876971158889e-11
1.302917007320973311e-11
-2.255382785913609698e-11
1.181280313965896518e-16
7.875833676028431607e-17
1.954174876971158889e-11
-1.023490975051318152e-16
-6.824177267436743744e-17
-1.503742896479980028e-11
7.876080812695261496e-17
5.250981409112549255e-17
1.302917007320973311e-11
-6.824177267436743744e-17
-4.549994770185445874e-17
-5.549050773774463393e-06
2.905486491536256924e-11
1.937187863166119951e-11
4.807971259248421628e-06
-2.517456790438844744e-11
-1.678475103144936015e-11
2.905486491536256924e-11
-1.521341473670948709e-16
-1.014397928319808120e-16
-2.517456789436870851e-11
1.318158846666116945e-16
8.789264527852291163e-17
1.937187863166119951e-11
-1.014397928319808120e-16
-6.762784906032153023e-17
-1.678475103147024000e-11
8.789285122574527707e-17
5.859225935728500076e-17
4.807971259248421628e-06
-2.517456789436870851e-11
-1.678475103147024000e-11
-4.165863419201517367e-06
2.181248719587224726e-11
1.454313608632865766e-11
-2.517456790438844744e-11
1.318158846666116945e-16
8.789285122574527707e-17
2.181248719587224726e-11
-1.142107573428302846e-16
-7.615452257089597886e-17
-1.678475103144936015e-11
8.789264527852291163e-17
5.859225935728500076e-17
1.454313608632865766e-11
-7.615452257089597886e-17
-5.077007825355373613e-17
-5.282934817426645673e-06
2.764052684422510293e-11
1.842740661973073288e-11
4.577395270325294104e-06
-2.395307298583736449e-11
-1.596641390071205574e-11
2.764052684422510293e-11
-1.446190370048163528e-16
-9.641221579950146126e-17
-2.394911563596985071e-11
1.253251522095654428e-16
8.353646332462029647e-17
1.842740661973073288e-11
-9.641221579950146126e-17
-6.427855677225661814e-17
-1.596641390055183473e-11
8.355005584129595885e-17
5.569203163194305844e-17
4.577395270325294104e-06
-2.394911563596985071e-11
-1.596641390055183473e-11
-3.966081010820140882e-06
2.075412375659486885e-11
1.383408843723762298e-11
-2.395307298583736449e-11
1.253251522095654428e-16
8.355005584129595885e-17
2.075412375659486885e-11
-1.086030845541323566e-16
-7.239245999417744699e-17
-1.596641390071205574e-11
8.353646332462029647e-17
5.569203163194305844e-17
1.383408843723762298e-11
-7.239245999417744699e-17
-4.825558976630065271e-17
-4.129702807341551794e-06
2.170245170013100478e-11
1.447075588418850851e-11
3.578178181532479899e-06
-1.880407447751895523e-11
-1.253817656879241768e-11
2.170245170013100478e-11
-1.140504775813851400e-16
-7.604706027195926460e-17
-1.880407447749713834e-11
9.881973503320350785e-17
6.589092836910035066e-17
1.447075588418850851e-11
-7.604706027195926460e-17
-5.070686480267536193e-17
-1.253817656878651109e-11
6.589085972002622885e-17
4.393403291477246453e-17
3.578178181532479899e-06
-1.880407447749713834e-11
-1.253817656878651109e-11
-3.100310045564058408e-06
1.629277750921751605e-11
1.086369453871531484e-11
-1.880407447751895523e-11
9.881973503320350785e-17
6.589085972002622885e-17
1.629277750921751605e-11
-8.562173820246551874e-17
-5.709096731168568123e-17
-1.253817656879241768e-11
6.589092836910035066e-17
4.393403291477246453e-17
1.086369453871531484e-11
-5.709096731168568123e-17
-3.806726982147039258e-17
-1.949682440712838347e-06
1.019571277925846026e-11
6.797141852536628222e-12
4.490747753188983165e-07
-2.348401631711679774e-12
-1.565601087899479097e-12
1.019571277925846026e-11
-5.326855649927149374e-17
-3.552558947218244378e-17
-2.348401632030846283e-12
1.226946734603929648e-17
8.181384692084056768e-18
6.797141852536628222e-12
-3.552558947218244378e-17
-2.365256848635630935e-17
-1.565601087545568983e-12
8.181819640765188469e-18
5.448819602875226964e-18
4.490747753188983165e-07
-2.348401632030846283e-12
-1.565601087545568983e-12
-1.034364107797910173e-07
5.409126703658925709e-13
3.606084467640274678e-13
-2.348401631711679774e-12
1.226946734603929648e-17
8.181819640765188469e-18
5.409126703658925709e-13
-2.826054221266224860e-18
-1.884637243803758250e-18
-1.565601087899479097e-12
8.181384692084056768e-18
5.448819602875226964e-18
3.606084467640274678e-13
-1.884637243803758250e-18
-1.255489790524595883e-18
-2.050700623270815181e-05
1.042401378103677676e-10
6.949342508775151043e-11
4.723425222545271289e-06
-2.400986719102563699e-11
-1.600657809997640955e-11
1.042401378103677676e-10
-5.298748510091415212e-16
-3.532512749845294401e-16
-2.400986719091768992e-11
1.220437956958264851e-16
8.136529250127740088e-17
6.949342508775151043e-11
-3.532512749845294401e-16
-2.354852022292584828e-16
-1.600657809998258756e-11
8.136515657981453615e-17
5.424027528050730304e-17
4.723425222545271289e-06
-2.400986719091768992e-11
-1.600657809998258756e-11
-1.087957236653676384e-06
5.530247125939430540e-12
3.686831410989144878e-12
-2.400986719102563699e-11
1.220437956958264851e-16
8.136515657981453615e-17
5.530247125939430540e-12
-2.811142551149846929e-17
-1.874105066231360386e-17
-1.600657809997640955e-11
8.136529250127740088e-17
5.424027528050730304e-17
3.686831410989144878e-12
-1.874105066231360386e-17
-1.249338571793490782e-17
-1.989433637252587496e-05
7.297433241834443724e-11
4.866252114785532059e-11
4.582307585097905186e-06
-1.680834337385397900e-11
-1.120854878445454438e-11
7.297433241834443724e-11
-2.676873054175100667e-16
-1.784933147378836458e-16
-1.680834337331599818e-11
6.165354483598520877e-17
4.111332359980005493e-17
4.866252114785532059e-11
-1.784933147378836458e-16
-1.190304580231514503e-16
-1.120854878445408717e-11
4.111292263148463171e-17
2.741677264078535174e-17
4.582307585097905186e-06
-1.680834337331599818e-11
-1.120854878445408717e-11
-1.055453291392190196e-06
3.871503823670661786e-12
2.581690444516336119e-12
-1.680834337385397900e-11
6.165354483598520877e-17
4.111292263148463171e-17
3.871503823670661786e-12
-1.420140196860010154e-17
-9.469760224237280425e-18
-1.120854878445454438e-11
4.111332359980005493e-17
2.741677264078535174e-17
2.581690444516336119e-12
-9.469760224237280425e-18
-6.315017470931846744e-18
-1.169571629625021642e-05
6.125876945880981198e-11
4.083917963807035059e-11
2.693900841622095019e-06
-1.410987120560475149e-11
-9.406580803727801056e-12
6.125876945880981198e-11
-3.208539760299828983e-16
-2.139032083077424134e-16
-1.410987120522386874e-11
7.390368392778325772e-17
4.926881295177624176e-17
4.083917963807035059e-11
-2.139032083077424134e-16
-1.426078466715152594e-16
-9.406580803698715641e-12
4.926881295177624176e-17
3.284591076394381214e-17
2.693900841622095019e-06
-1.410987120522386874e-11
-9.406580803698715641e-12
-6.204922862927988555e-07
3.249958613320755447e-12
2.166639075538680388e-12
-1.410987120560475149e-11
7.390368392778325772e-17
4.926881295177624176e-17
3.249958613320755447e-12
-1.702230098306317507e-17
-1.134820936742168683e-17
-9.406580803727801056e-12
4.926881295177624176e-17
3.284591076394381214e-17
2.166639075538680388e-12
-1.134820936742168683e-17
-7.565604581770359487e-18
-9.208083227462260836e-06
-9.880693880926363448e-05
1.694789092524392091e-05
-3.543816200136356550e-05
8.891142158498284204e-05
-1.525040440019240481e-05
7.212471706937996453e-05
3.047520707928162557e-04
-5.227284862825278358e-05
-9.880693880926363448e-05
2.668440243378577604e-04
-4.577006629765161731e-05
1.537210485311233212e-05
4.271701656713051162e-05
-7.327089896069845801e-06
3.782913875205498838e-04
-1.105868570565967605e-03
1.896827459141587182e-04
1.694789092524392091e-05
-4.577006629765161731e-05
7.850649734189869264e-06
-2.636574489513027933e-06
-7.327350350089195140e-06
1.256832967129225704e-06
-6.488667853706404877e-05
1.896830063619617723e-04
-3.253514427951369648e-05
-3.543816200136356550e-05
1.537210485311233212e-05
-2.636574489513027933e-06
2.599729163290418572e-04
-6.691783554386481956e-05
1.147715975279260229e-05
-1.187813078628374366e-04
5.672779734226513226e-06
-9.726027497974609066e-07
8.891142158498284204e-05
4.271701656713051162e-05
-7.327350350089195140e-06
-6.691783554386481956e-05
-1.648540695718770993e-04
2.827682816508437681e-05
-2.873202489083204214e-04
-5.337721899640541218e-06
9.165702295044193876e-07
-1.525040440019240481e-05
-7.327089896069845801e-06
1.256832967129225704e-06
1.147715975279260229e-05
2.827682816508437681e-05
-4.850223064316280806e-06
4.928302094774583247e-05
9.155325356045015043e-07
-1.572112430125272454e-07
7.212471706937996453e-05
3.782913875205498838e-04
-6.488667853706404877e-05
-1.187813078628374366e-04
-2.873202489083204214e-04
4.928302094774583247e-05
-1.685757173911420605e-04
-1.219856377979973774e-03
2.092364392280611355e-04
3.047520707928162557e-04
-1.105868570565967822e-03
1.896830063619617723e-04
5.672779734226513226e-06
-5.337721899640541218e-06
9.155325356045015043e-07
-1.219856377979973774e-03
4.411304436848756394e-03
-7.566445899436523076e-04
-5.227284862825278358e-05
1.896827459141587182e-04
-3.253514427951369648e-05
-9.726027497974609066e-07
9.165702295044193876e-07
-1.572112430125272454e-07
2.092364392280611355e-04
-7.566445899436523076e-04
1.297827079629042821e-04
1.607016807304143983e-05
-1.870932248780886025e-05
7.044149370029877579e-06
-5.689097093255673151e-05
8.613107441559228892e-06
-3.242691534222440474e-06
-7.135286362459090562e-06
6.592798571649359821e-05
-2.482238644118223657e-05
-1.870932248780886025e-05
5.772447467907586993e-05
-2.173365585944796188e-05
4.557090614738772822e-06
2.104302337313501952e-06
-7.923036339985673177e-07
6.998400254466617806e-05
-2.320883355643418074e-04
8.738285051285694482e-05
7.044149370029877579e-06
-2.173365585944796188e-05
8.182868699126888179e-06
-1.715568813749403279e-06
-7.923187561239607083e-07
2.983207386216773079e-07
-2.634950915806414439e-05
8.738286564482369650e-05
-3.290024837921541568e-05
-5.689097093255673151e-05
4.557090614738772822e-06
-1.715568813749403279e-06
2.594057053339739400e-04
-2.271214437866612919e-05
8.550336161517060565e-06
-3.274249147489415393e-05
4.555927531625093266e-06
-1.715220962519033121e-06
8.613107441559228892e-06
2.104302337313501952e-06
-7.923187561239607083e-07
-2.271214437866612919e-05
-8.386014821572275921e-06
3.157486267498501015e-06
-1.160392690673621051e-05
2.119760639872856225e-09
-7.548208226940142600e-10
-3.242691534222440474e-06
-7.923036339985673177e-07
2.983207386216773079e-07
8.550336161517060565e-06
3.157486267498501015e-06
-1.188850688213985949e-06
4.369093277854201690e-06
-8.150962256403352401e-10
2.905922631051748219e-10
-7.135286362459090562e-06
6.998400254466617806e-05
-2.634950915806414439e-05
-3.274249147489415393e-05
-1.160392690673621051e-05
4.369093277854201690e-06
6.117067458038437594e-05
-2.672241309530634309e-04
1.006117909134927554e-04
6.592798571649359821e-05
-2.320883355643418074e-04
8.738286564482371005e-05
4.555927531625093266e-06
2.119760639872856638e-09
-8.150962256403353435e-10
-2.672241309530634309e-04
9.246769141202140210e-04
-3.481472449203497745e-04
-2.482238644118223657e-05
8.738285051285694482e-05
-3.290024837921541568e-05
-1.715220962519033121e-06
-7.548208226940142600e-10
2.905922631051748219e-10
1.006117909134927554e-04
-3.481472449203498287e-04
1.310798423693163462e-04
1.784639498940535467e-05
-2.349150980446268146e-06
1.798145751120591694e-06
-6.234883298350781997e-05
-3.383365835137652092e-06
2.590167362856925629e-06
-8.754211617855569424e-06
1.274277914678130292e-05
-9.754283012964355202e-06
-2.349150980446268146e-06
1.024237807330480814e-05
-7.840308292082385109e-06
1.227512873423503243e-06
-3.505490585328950522e-06
2.683371736353063632e-06
8.131900445991192705e-06
-3.730186941472519112e-05
2.855373752569811900e-05
1.798145751120591694e-06
-7.840308292082385109e-06
6.001578313002817079e-06
-9.393604380491833016e-07
2.683392009387255553e-06
-2.054074345538039095e-06
-6.224755207719152922e-06
2.855371725338221229e-05
-2.185722486923213619e-05
-6.234883298350781997e-05
1.227512873423503243e-06
-9.393604380491833016e-07
2.576560186898793842e-04
-6.633715549192622154e-06
5.076832968303491467e-06
-9.247762836529776833e-06
1.743097483197359272e-06
-1.334262717447808578e-06
-3.383365835137652092e-06
-3.505490585328950522e-06
2.683392009387255553e-06
-6.633715549192622154e-06
1.511712055330884260e-05
-1.157179926963875993e-05
2.011361509892706944e-05
-1.150655427174205497e-06
8.807133928119962489e-07
2.590167362856925629e-06
2.683371736353063632e-06
-2.054074345538039095e-06
5.076832968303491467e-06
-1.157179926963875993e-05
8.857939442833907392e-06
-1.539649615864040067e-05
8.807941552392771448e-07
-6.741611693983706082e-07
-8.754211617855569424e-06
8.131900445991192705e-06
-6.224755207719152922e-06
-9.247762836529776833e-06
2.011361509892706944e-05
-1.539649615864040067e-05
4.412601692453188909e-05
-5.251247665346419084e-05
4.019696975450478594e-05
1.274277914678130292e-05
-3.730186941472519112e-05
2.855371725338219535e-05
1.743097483197359272e-06
-1.150655427174205497e-06
8.807941552392771448e-07
-5.251247665346419084e-05
1.497675882439661831e-04
-1.146436147730254895e-04
-9.754283012964355202e-06
2.855373752569811900e-05
-2.185722486923213619e-05
-1.334262717447808578e-06
8.807133928119962489e-07
-6.741611693983706082e-07
4.019696975450478594e-05
-1.146436147730254895e-04
8.775702782160414478e-05
1.704591902128847655e-05
-5.593173007303421494e-07
9.591408414725745883e-07
-6.427844130829930814e-05
2.409005879700677066e-06
-4.131001310838425200e-06
-3.635372172196831629e-06
-1.805915161198371076e-07
3.096225960302942222e-07
-5.593173007303421494e-07
4.505333565316116380e-07
-7.725022958258114657e-07
2.986011584595590281e-08
-1.576686978795505672e-06
2.703436442112820637e-06
2.198554247986009617e-06
-2.183138249649333446e-07
3.743428650378124696e-07
9.591408414725745883e-07
-7.725022958258114657e-07
1.324562962449483852e-06
-5.164444283901215838e-08
2.703452928523206281e-06
-4.635424323064691239e-06
-3.769734272399674938e-06
3.743263786274106789e-07
-6.418576978089084330e-07
-6.427844130829930814e-05
2.986011584595590281e-08
-5.164444283901215838e-08
2.554851188920237871e-04
-3.361039283521172674e-07
5.780643262978411351e-07
6.110216660318632451e-07
2.171362114068188774e-07
-3.723041914009611256e-07
2.409005879700677066e-06
-1.576686978795505672e-06
2.703452928523206281e-06
-3.361039283521172674e-07
6.299448774818483163e-06
-1.080123194151888535e-05
-9.261781397696246002e-06
-1.766219021020581794e-08
3.021996075746562119e-08
-4.131001310838425200e-06
2.703436442112820637e-06
-4.635424323064691239e-06
5.780643262978411351e-07
-1.080123194151888535e-05
1.852013020537716950e-05
1.588054094207430036e-05
3.028564539432663963e-08
-5.181866465578555479e-08
-3.635372172196831629e-06
2.198554247986009617e-06
-3.769734272399674938e-06
6.110216660318632451e-07
-9.261781397696246002e-06
1.588054094207430036e-05
1.387291361127119551e-05
5.023708311721239917e-07
-8.612844243448713184e-07
-1.805915161198371076e-07
-2.183138249649333446e-07
3.743263786274106789e-07
2.171362114068188774e-07
-1.766219021020581794e-08
3.028564539432663963e-08
5.023708311721239917e-07
8.874612513465638668e-07
-1.521665006005109815e-06
3.096225960302942222e-07
3.743428650378124696e-07
-6.418576978089084330e-07
-3.723041914009611256e-07
3.021996075746562119e-08
-5.181866465578555479e-08
-8.612844243448713184e-07
-1.521665006005109815e-06
2.609087875742467464e-06
1.637261709249250425e-05
-3.700073146696201097e-07
9.002924802287527022e-07
-6.446088437229947551e-05
8.477585788558228653e-07
-2.062992250765942706e-06
-7.703807747687719690e-07
6.264129062068145973e-07
-1.523924683986186694e-06
-3.700073146696201097e-07
-2.704317821788946150e-08
6.578639588630566404e-08
1.200890442699796668e-07
-5.954082486297433801e-07
1.448491569400987299e-06
1.354082442484621990e-06
7.031528302479372262e-07
-1.710595653492304640e-06
9.002924802287527022e-07
6.578639588630566404e-08
-1.600348080381733215e-07
-2.927406854770492300e-07
1.448498245311913815e-06
-3.523863676194924090e-06
-3.294176252307164201e-06
-1.710602338397371944e-06
4.161469312108675544e-06
-6.446088437229947551e-05
1.200890442699796668e-07
-2.927406854770492300e-07
2.555953770631328955e-04
-7.304077793573637072e-07
1.779259791354901718e-06
1.227647414937604646e-06
2.519527937976205356e-07
-6.129315823501494358e-07
8.477585788558228653e-07
-5.954082486297433801e-07
1.448498245311913815e-06
-7.304077793573637072e-07
2.020415240452780589e-06
-4.915209372620908691e-06
-2.647205235659035968e-06
3.517915402706334093e-07
-8.558517048405012293e-07
-2.062992250765942706e-06
1.448491569400987299e-06
-3.523863676194924090e-06
1.779259791354901718e-06
-4.915209372620908691e-06
1.195758314254921841e-05
6.440048924425368280e-06
-8.558250909786127238e-07
2.082083505158244524e-06
-7.703807747687719690e-07
1.354082442484621990e-06
-3.294176252307164201e-06
1.227647414937604646e-06
-2.647205235659035968e-06
6.440048924425368280e-06
1.841679381625014960e-06
-2.747687368696997039e-06
6.684504319248861891e-06
6.264129062068145973e-07
7.031528302479372262e-07
-1.710602338397371944e-06
2.519527937976205356e-07
3.517915402706334093e-07
-8.558250909786127238e-07
-2.747687368696997039e-06
-3.153270900368542183e-06
7.671153031356145070e-06
-1.523924683986186694e-06
-1.710595653492304640e-06
4.161469312108675544e-06
-6.129315823501494358e-07
-8.558517048405012293e-07
2.082083505158244524e-06
6.684504319248861891e-06
7.671153031356145070e-06
-1.866207842227572138e-05
1.144712748082665143e-05
-4.286650679279294180e-06
1.024286892562505869e-06
-3.516828769530540365e-06
2.636389157407259606e-06
-6.299807323824421409e-07
-1.957820195706836596e-05
2.145737231069410230e-06
-2.053485382939562772e-05
-1.957867529296363550e-05
1.119806352022727779e-05
1.734639907272884186e-05
-4.286650679279294180e-06
6.656480915978594147e-06
4.039278622010332293e-06
-3.429614935499062308e-06
-1.103650569586494995e-06
-1.442251689634634909e-06
3.725091167053082242e-06
-7.102300868058818745e-06
3.981408377739730718e-06
1.568471366886850605e-05
-1.660872020562551205e-05
-1.759716916007332318e-05
1.024286892562505869e-06
4.039278622010332293e-06
2.259468863814952623e-05
8.195715130302676192e-07
-1.442219042651657570e-06
-6.794384992196594964e-06
-2.734271092484414392e-05
1.157878429835402928e-06
-4.347158375251949225e-05
2.270470393708071615e-05
-1.477367187379331966e-05
-3.396469106179488104e-05
-3.516828769530540365e-06
-3.429614935499062308e-06
8.195715130302676192e-07
8.310152087200856939e-06
-4.980563775104511796e-06
1.190105481800242344e-06
2.400101746318286909e-06
8.837928193812051973e-06
-2.310564154157275535e-06
2.400119683468469825e-06
8.927884955852712572e-06
-1.934819068300685914e-06
2.636389157407259606e-06
-1.103650569586494995e-06
-1.442219042651657570e-06
-4.980563775104511796e-06
1.333167692391740192e-05
1.745534975973076725e-06
-1.980841644079477554e-06
-1.523909856589133331e-06
-8.334149300244936380e-07
-2.866780389556223382e-06
-7.693472046690145227e-06
4.464323196168599839e-06
-6.299807323824421409e-07
-1.442251689634634909e-06
-6.794384992196594964e-06
1.190105481800242344e-06
1.745534975973076725e-06
2.021929312213470274e-05
2.432868889196710001e-06
1.663625442216526916e-05
-5.300368029060784426e-07
-1.274471441986283565e-06
-1.300522441310815420e-05
5.639507421941172706e-06
-1.957820195706836596e-05
3.725091167053082242e-06
-2.734271092484414392e-05
2.400101746318286909e-06
-1.980841644079477554e-06
2.432868889196710001e-06
6.526656334136408466e-05
-1.284129354924368924e-05
8.881437624829911174e-05
5.318844690250051663e-06
9.353809992338225712e-07
1.068355016736847272e-05
2.145737231069410230e-06
-7.102300868058818745e-06
1.157878429835402928e-06
8.837928193812051973e-06
-1.523909856589133331e-06
1.663625442216526916e-05
-1.284129354924368924e-05
2.899198356622017974e-05
-1.370435396678769714e-05
-3.995720888542646668e-06
-9.914314367180108230e-07
-7.248351383055272565e-06
-2.053485382939562772e-05
3.981408377739730718e-06
-4.347158375251949225e-05
-2.310564154157275535e-06
-8.334149300244936380e-07
-5.300368029060784426e-07
8.881437624829911174e-05
-1.370435396678769714e-05
1.784799590277868684e-04
-9.952003178251126692e-06
-3.045093279889148956e-07
-1.589235898374851587e-05
-1.957867529296363550e-05
1.568471366886850605e-05
2.270470393708071615e-05
2.400119683468469825e-06
-2.866780389556223382e-06
-1.274471441986283565e-06
5.318844690250051663e-06
-3.995720888542646668e-06
-9.952003178251126692e-06
6.526830996144869187e-05
-5.160848732253553336e-05
-7.341431082425125090e-05
1.119806352022727779e-05
-1.660872020562551205e-05
-1.477367187379331966e-05
8.927884955852712572e-06
-7.693472046690145227e-06
-1.300522441310815420e-05
9.353809992338225712e-07
-9.914314367180108230e-07
-3.045093279889148956e-07
-5.160848732253553336e-05
7.060049276686922821e-05
6.838445285529659828e-05
1.734639907272884186e-05
-1.759716916007333674e-05
-3.396469106179488104e-05
-1.934819068300685914e-06
4.464323196168599839e-06
5.639507421941172706e-06
1.068355016736847272e-05
-7.248351383055272565e-06
-1.589235898374851587e-05
-7.341431082425125090e-05
6.838445285529659828e-05
1.368697031610908706e-04
1.082109348540451203e-05
-4.212528094627229125e-06
5.463739334029860506e-07
-1.948309353208749142e-06
4.801227146674317724e-07
-6.228748081233891579e-08
-1.919556978984540078e-05
5.071068265808712335e-06
-2.057430631790826712e-05
-1.919603696722387213e-05
1.015267760027034779e-05
1.859976834467865522e-05
-4.212528094627229125e-06
3.780146457757542953e-06
2.419073105369810782e-06
-2.191730971941873030e-06
5.113124771789617220e-06
-1.065172041153485434e-06
5.645249199753051282e-06
-6.712199910404332629e-06
6.936457187325156694e-06
1.225035033804378537e-05
-1.249291945963097753e-05
-1.488933922983080274e-05
5.463739334029860506e-07
2.419073105369810782e-06
2.211564054361885568e-05
2.842995331554052123e-07
-1.065159223204019933e-06
-2.960199935278343417e-06
-2.662013941072333809e-05
7.018144813241001645e-06
-4.263291662527714005e-05
2.429901442614548152e-05
-1.497103966321775935e-05
-3.685170155811127708e-05
-1.948309353208749142e-06
-2.191730971941873030e-06
2.842995331554052123e-07
3.085074248489963331e-06
-1.605679947764830605e-07
2.082066729558373874e-08
2.089005594279319274e-06
4.195161770296774194e-06
-3.119140968605147212e-07
2.089015706584110362e-06
4.135952359083645729e-06
-7.687457813223929093e-07
4.801227146674317724e-07
5.113124771789601973e-06
-1.065159223204019933e-06
-1.605679947764830605e-07
-1.951914428909272561e-05
3.383505023213667865e-06
-6.101434722983017415e-07
9.866914886620327468e-07
-2.845235750492995484e-07
-1.019136287281249386e-06
-5.287469692240283923e-07
8.718218540987091263e-07
-6.228748081233891579e-08
-1.065172041153485434e-06
-2.960199935278343417e-06
2.082066729558373874e-08
3.383505023213667865e-06
6.126030094213744093e-06
1.682131687076519706e-06
6.614892494601689070e-06
1.696959379355405013e-06
-1.470751076967846471e-06
-6.027546420156380634e-06
3.212329370202097995e-06
-1.919556978984540078e-05
5.645249199753051282e-06
-2.662013941072333809e-05
2.089005594279319274e-06
-6.101434722983017415e-07
1.682131687076519706e-06
6.474389380733970546e-05
-2.092831911588614470e-05
8.717396251454668967e-05
4.726197285047688756e-06
4.935580668172790681e-07
1.038102930718833176e-05
5.071068265808712335e-06
-6.712199910404332629e-06
7.018144813241001645e-06
4.195161770296774194e-06
9.866914886620327468e-07
6.614892494601634860e-06
-2.092831911588614470e-05
2.364576810569900766e-05
-2.697259442132376637e-05
-2.171260091314101880e-06
3.899267154749119910e-07
-5.805215289276990576e-06
-2.057430631790826712e-05
6.936457187325156694e-06
-4.263291662527714005e-05
-3.119140968605147212e-07
-2.845235750492995484e-07
1.696959379355405013e-06
8.717396251454668967e-05
-2.697259442132376637e-05
1.735436194496986636e-04
-1.016316476027091800e-05
1.398723790637366833e-06
-1.630947982695177086e-05
-1.919603696722387213e-05
1.225035033804378537e-05
2.429901442614548152e-05
2.089015706584110362e-06
-1.019136287281249386e-06
-1.470751076967846471e-06
4.726197285047688756e-06
-2.171260091314101880e-06
-1.016316476027091800e-05
6.474562528393030994e-05
-4.247764130365207572e-05
-7.895029406370831484e-05
1.015267760027034779e-05
-1.249291945963097753e-05
-1.497103966321775935e-05
4.135952359083645729e-06
-5.287469692240283923e-07
-6.027546420156380634e-06
4.935580668172790681e-07
3.899267154749119910e-07
1.398723790637366833e-06
-4.247764130365207572e-05
4.671113049104211242e-05
6.043930846462552812e-05
1.859976834467863828e-05
-1.488933922983080274e-05
-3.685170155811127708e-05
-7.687457813223929093e-07
8.718218540987091263e-07
3.212329370202097995e-06
1.038102930718833176e-05
-5.805215289276990576e-06
-1.630947982695177086e-05
-7.895029406370838261e-05
6.043930846462552812e-05
1.504764783157757952e-04
1.075680519959192694e-05
-4.248873975748513938e-06
4.997047116662851135e-07
-1.741931700763578822e-06
2.306863297936651409e-07
-2.714042885969472756e-08
-1.917892903702704202e-05
5.493885579262024904e-06
-2.056036995273092502e-05
-1.917939530569811517e-05
1.011479034498632904e-05
1.872466297318748979e-05
-4.248873975748513938e-06
3.666932979180218416e-06
2.185848710013322327e-06
-1.968260589968145466e-06
4.878171026037057561e-06
-8.765471824554945539e-07
5.910006801731976818e-06
-6.604123387389681144e-06
7.293584087616240519e-06
1.189761603873279718e-05
-1.194399411411277306e-05
-1.456565456841314761e-05
4.997047116662890310e-07
2.185848710013326562e-06
2.199374657873686212e-05
2.315074609929322126e-07
-8.765337220485921923e-07
-2.470832777420308673e-06
-2.649953972341903178e-05
7.819757575300029256e-06
-4.242997363217887089e-05
2.440518483845338538e-05
-1.509184151624877560e-05
-3.708960363539445343e-05
-1.741931700763578822e-06
-1.968260589968145466e-06
2.315074609929322126e-07
2.538599946723636496e-06
2.777421343001218350e-07
-3.267114323601865450e-08
1.977566104863665069e-06
3.555081850616420686e-06
-2.006452392354883689e-07
1.977574988137809118e-06
3.504647705097783196e-06
-6.297194852733700780e-07
2.306863297936651409e-07
4.878171026037057561e-06
-8.765337220485921923e-07
2.777421343001218350e-07
-1.991964938438801588e-05
2.948577993070605836e-06
-4.032215932436465805e-07
1.448908187191957951e-06
-1.500798895417741569e-07
-7.344953221484025980e-07
2.854246909801890051e-07
4.691288849346622058e-07
-2.714042885969472756e-08
-8.765471824554945539e-07
-2.470832777420308673e-06
-3.267114323601866112e-08
2.948577993070605836e-06
4.801786485539445129e-06
1.475090161365126109e-06
5.346498787096808578e-06
1.622893736481350079e-06
-1.341242305374437699e-06
-5.027399651591557683e-06
2.786328522702398923e-06
-1.917892903702704202e-05
5.910006801731976818e-06
-2.649953972341903178e-05
1.977566104863665069e-06
-4.032215932436465805e-07
1.475090161365126109e-06
6.476981441213845226e-05
-2.207913257714367032e-05
8.699131600048507764e-05
4.749681170886926201e-06
4.504607296445266089e-07
1.032113418642264263e-05
5.493885579262024904e-06
-6.604123387389681144e-06
7.819757575300029256e-06
3.555081850616420686e-06
1.448908187191957951e-06
5.346498787096808578e-06
-2.207913257714367032e-05
2.259405704178801480e-05
-2.875554035272855004e-05
-1.956585848927744969e-06
5.765229683942596347e-07
-5.742205084095451369e-06
-2.056036995273092502e-05
7.293584087616240519e-06
-4.242997363217887089e-05
-2.006452392354883689e-07
-1.500798895417741569e-07
1.622893736481350079e-06
8.699131600048514541e-05
-2.875554035272855004e-05
1.728539050270936522e-04
-1.014374035411269988e-05
1.715893952169795203e-06
-1.630225018955057587e-05
-1.917939530569811517e-05
1.189761603873279718e-05
2.440518483845338538e-05
1.977574988137809118e-06
-7.344953221484025980e-07
-1.341242305374437699e-06
4.749681170886926201e-06
-1.956585848927744969e-06
-1.014374035411269988e-05
6.477154373388241599e-05
-4.166199954369664474e-05
-7.949501956804742896e-05
1.011479034498632904e-05
-1.194399411411277306e-05
-1.509184151624877560e-05
3.504647705097783196e-06
2.854246909801890051e-07
-5.027399651591557683e-06
4.504607296445266089e-07
5.765229683942596347e-07
1.715893952169795203e-06
-4.166199954369659053e-05
4.366402573612899470e-05
5.957232828219308750e-05
1.872466297318748979e-05
-1.456565456841314761e-05
-3.708960363539445343e-05
-6.297194852733700780e-07
4.691288849346622058e-07
2.786328522702398923e-06
1.032113418642264263e-05
-5.742205084095451369e-06
-1.630225018955057587e-05
-7.949501956804742896e-05
5.957232828219308750e-05
1.517821238280114208e-04
1.055105385431639488e-03
-5.524377580327027797e-09
-3.682903739518645696e-09
-1.055105385431639054e-03
5.524377580220910450e-09
3.682903739518645696e-09
-5.524377580327027797e-09
2.892513020397578548e-14
1.928309282142255229e-14
5.524377580216671977e-09
-2.892503956302034609e-14
-1.928303239411892603e-14
-3.682903739518645696e-09
1.928309282142255229e-14
1.285534989380398289e-14
3.682903739498040627e-09
-1.928307771459664573e-14
-1.285510818458947943e-14
-1.055105385431639054e-03
5.524377580216671977e-09
3.682903739498040627e-09
1.055105385431639488e-03
-5.524377580322791805e-09
-3.682903739498040627e-09
5.524377580220910450e-09
-2.892503956302034609e-14
-1.928307771459664573e-14
-5.524377580322791805e-09
2.892473742650222111e-14
1.928306260777073916e-14
3.682903739518645696e-09
-1.928303239411892603e-14
-1.285510818458947943e-14
-3.682903739498040627e-09
1.928306260777073916e-14
1.285550096206304695e-14
1.261221674678070876e-04
-6.603636290920432585e-10
-4.402611499129091437e-10
-1.261221674678071419e-04
6.603636290718342021e-10
4.402611499129089886e-10
-6.603636290920432585e-10
3.457600272100352384e-15
2.305171572990242399e-15
6.603636290512021463e-10
-3.457607353424996086e-15
-2.305172517166861560e-15
-4.402611499129091437e-10
2.305171572990242399e-15
1.536840767831322962e-15
4.402611499131398237e-10
-2.305172517166861560e-15
-1.536841712007942122e-15
-1.261221674678071419e-04
6.603636290512021463e-10
4.402611499131398237e-10
1.261221674678070876e-04
-6.603636290714109959e-10
-4.402611499131399271e-10
6.603636290718342021e-10
-3.457607353424996086e-15
-2.305172517166861560e-15
-6.603636290714109959e-10
3.457608297601615246e-15
2.305171572990242399e-15
4.402611499129089886e-10
-2.305172517166861560e-15
-1.536841712007942122e-15
-4.402611499131399271e-10
2.305171572990242399e-15
1.536843600361180443e-15
-8.747848461983481327e-06
4.579966449994970649e-11
3.054004900932087262e-11
8.747848461983447445e-06
-4.579966449971448347e-11
-3.054004900932091140e-11
4.579966449994970649e-11
-2.397774291399197388e-16
-1.598887570402997854e-16
-4.579966449949850532e-11
2.397906476125878842e-16
1.598925337467764019e-16
3.054004900932087262e-11
-1.598887570402997854e-16
-1.066107587748367751e-16
-3.054004900965701814e-11
1.598821478039657374e-16
1.066060378917410229e-16
8.747848461983447445e-06
-4.579966449949850532e-11
-3.054004900965701814e-11
-8.747848461983481327e-06
4.579966449973381882e-11
3.054004900965688243e-11
-4.579966449971448347e-11
2.397906476125878842e-16
1.598821478039657374e-16
4.579966449973381882e-11
-2.397736524334431470e-16
-1.598878128636806251e-16
-3.054004900932091140e-11
1.598925337467764019e-16
1.066060378917410229e-16
3.054004900965688243e-11
-1.598878128636806251e-16
-1.066268097773623521e-16
2.463870829973269314e-04
-1.290012089646936752e-09
-8.600092245165188999e-10
-2.463870829973269314e-04
1.290012089616288677e-09
8.600092245165188999e-10
-1.290012089646936752e-09
6.754226537895228322e-15
4.502804647449680212e-15
1.290012089591971221e-09
-6.754174359973339521e-15
-4.502800299289522352e-15
-8.600092245165188999e-10
4.502804647449680212e-15
3.001813238884407471e-15
8.600092245161296080e-10
-4.502785080728972207e-15
-3.001804542564092934e-15
-2.463870829973269314e-04
1.290012089591971221e-09
8.600092245161296080e-10
2.463870829973269314e-04
-1.290012089622619917e-09
-8.600092245161296080e-10
1.290012089616288677e-09
-6.754174359973339521e-15
-4.502785080728972207e-15
-1.290012089622619917e-09
6.754173272933300451e-15
4.502780732568814347e-15
8.600092245165188999e-10
-4.502800299289522352e-15
-3.001804542564092934e-15
-8.600092245161296080e-10
4.502780732568814347e-15
3.001808890724250005e-15
1.251637237649213619e-04
-6.552854100761219611e-10
-4.368557207933036265e-10
-1.251637237649213619e-04
6.552854100785634881e-10
4.368557207933036265e-10
-6.552854100761219611e-10
3.430709234567409020e-15
2.287124633497735033e-15
6.552854100801481594e-10
-3.430685319686543550e-15
-2.287124089977715104e-15
-4.368557207933036265e-10
2.287124633497735033e-15
1.524754103825313958e-15
4.368557207927236178e-10
-2.287125720537774104e-15
-1.524750842705195957e-15
-1.251637237649213619e-04
6.552854100801481594e-10
4.368557207927236178e-10
1.251637237649213619e-04
-6.552854100777067358e-10
-4.368557207927236178e-10
6.552854100785634881e-10
-3.430685319686543550e-15
-2.287125720537774104e-15
-6.552854100777067358e-10
3.430697548886985855e-15
2.287125177017754569e-15
4.368557207933036265e-10
-2.287124089977715104e-15
-1.524750842705195957e-15
-4.368557207927236178e-10
2.287125177017754569e-15
1.524750842705195957e-15
-6.359148936931854279e-06
3.312999764960819089e-11
2.208582955921157979e-11
6.359148936931845808e-06
-3.312999764876429864e-11
-2.208582955921157009e-11
3.312999764960819089e-11
-1.725987132188959631e-16
-1.150626768997529034e-16
-3.312999764841185508e-11
1.726044392750165628e-16
1.150628841491647407e-16
2.208582955921157979e-11
-1.150626768997529034e-16
-7.670371952154437538e-17
-2.208582955863244350e-11
1.150626123891548991e-16
7.670208843066083491e-17
6.359148936931845808e-06
-3.312999764841185508e-11
-2.208582955863244350e-11
-6.359148936931854279e-06
3.312999764925574086e-11
2.208582955863243380e-11
-3.312999764876429864e-11
1.726044392750165628e-16
1.150626123891548991e-16
3.312999764925574086e-11
-1.726003437789549635e-16
-1.150629486597627450e-16
-2.208582955921157009e-11
1.150628841491647407e-16
7.670208843066083491e-17
2.208582955863243380e-11
-1.150629486597627450e-16
-7.670657300164765068e-17
-6.956623793232076691e-06
3.632487960371686134e-11
2.421658640298753591e-11
6.956623793232068221e-06
-3.632487960479814150e-11
-2.421658640298754237e-11
3.632487960371686134e-11
-1.896719359953873824e-16
-1.264489476692692676e-16
-3.632487960537742642e-11
1.896751441342938063e-16
1.264490151638482526e-16
2.421658640298753591e-11
-1.264489476692692676e-16
-8.429982130446561122e-17
-2.421658640331202012e-11
1.264487434038384110e-16
8.429574063750126302e-17
6.956623793232068221e-06
-3.632487960537742642e-11
-2.421658640331202012e-11
-6.956623793232076691e-06
3.632487960429615273e-11
2.421658640331200719e-11
-3.632487960479814150e-11
1.896751441342938063e-16
1.264487434038384110e-16
3.632487960429615273e-11
-1.896719359953873824e-16
-1.264492194292791092e-16
-2.421658640298754237e-11
1.264490151638482526e-16
8.429574063750126302e-17
2.421658640331200719e-11
-1.264492194292791092e-16
-8.430022894448036131e-17
-3.040897733232599172e-06
1.595303372199899486e-10
1.063616316449738163e-10
3.040897333750944192e-06
-1.595303372195184815e-10
-1.063616316449738163e-10
1.595303372199899486e-10
-8.369217198491479094e-15
-5.579900648329417124e-15
-1.595303162616834388e-10
8.369215491381400330e-15
5.579900444516454030e-15
1.063616316449738163e-10
-5.579900648329417124e-15
-3.720215842539773471e-15
-1.063616176722472067e-10
5.579900648336456919e-15
3.720215896321229487e-15
3.040897333750944192e-06
-1.595303162616834388e-10
-1.063616176722472067e-10
-3.040896934269340034e-06
1.595303162621549576e-10
1.063616176722472067e-10
-1.595303372195184815e-10
8.369215491381400330e-15
5.579900648336456919e-15
1.595303162621549576e-10
-8.369215907631420568e-15
-5.579900512449408098e-15
-1.063616316449738163e-10
5.579900444516454030e-15
3.720215896321229487e-15
1.063616176722472067e-10
-5.579900512449408098e-15
-3.720215808569772596e-15
-2.669492462327761087e-06
1.861258689170191937e-11
1.240839126107274885e-11
2.669492462327758970e-06
-1.861258689161229629e-11
-1.240839126107274885e-11
1.861258689170191937e-11
-1.297727875286270991e-16
-8.651562103071628952e-17
-1.861258689155743418e-11
1.297733083651057983e-16
8.651560779179034348e-17
1.240839126107274885e-11
-8.651562103071628952e-17
-5.767722352838031575e-17
-1.240839126104524671e-11
8.651543794178420172e-17
5.767654402661018245e-17
2.669492462327758970e-06
-1.861258689155743418e-11
-1.240839126104524671e-11
-2.669492462327761087e-06
1.861258689164705726e-11
1.240839126104524671e-11
-1.861258689161229629e-11
1.297733083651057983e-16
8.651543794178420172e-17
1.861258689164705726e-11
-1.297729913486344742e-16
-8.651545118071014776e-17
-1.240839126107274885e-11
8.651560779179034348e-17
5.767654402661018245e-17
1.240839126104524671e-11
-8.651545118071014776e-17
-5.767722352838031575e-17
2.933040248273389381e-05
-1.535545507015042496e-10
-1.023696913015007808e-10
-2.933040248273390059e-05
1.535545506986110045e-10
1.023696913015007808e-10
-1.535545507015042496e-10
8.039138734925692204e-16
5.359399403831406684e-16
1.535545506957806509e-10
-8.039098287884137916e-16
-5.359399849938482560e-16
-1.023696913015007808e-10
5.359399403831406684e-16
3.572930457514960428e-16
1.023696913015237092e-10
-5.359398957724330808e-16
-3.572931647133829758e-16
-2.933040248273390059e-05
1.535545506957806509e-10
1.023696913015237092e-10
2.933040248273389381e-05
-1.535545506986739219e-10
-1.023696913015237092e-10
1.535545506986110045e-10
-8.039098287884137916e-16
-5.359398957724330808e-16
-1.535545506986739219e-10
8.039099700556545184e-16
5.359399403831406684e-16
1.023696913015007808e-10
-5.359399849938482560e-16
-3.572931647133829758e-16
-1.023696913015237092e-10
5.359399403831406684e-16
3.572931647133829758e-16
-1.801943544154283497e-06
9.432523559192858317e-12
6.285636375165049786e-12
1.801943544154281167e-06
-9.432523559045172651e-12
-6.285636375165048170e-12
9.432523559192858317e-12
-4.937632078636101500e-17
-3.290364692813558014e-17
-9.432523558898915163e-12
4.937679663390871034e-17
3.290351030784356236e-17
6.285636375165049786e-12
-3.290364692813558014e-17
-2.192680453804797983e-17
-6.285636375163600604e-12
3.290369711518162233e-17
2.192680416048339803e-17
1.801943544154281167e-06
-9.432523558898915163e-12
-6.285636375163600604e-12
-1.801943544154283497e-06
9.432523559046600830e-12
6.285636375163605451e-12
-9.432523559045172651e-12
4.937679663390871034e-17
3.290369711518162233e-17
9.432523559046600830e-12
-4.937632078636101500e-17
-3.290356142427935007e-17
-6.285636375165048170e-12
3.290351030784356236e-17
2.192680416048339803e-17
6.285636375163605451e-12
-3.290356142427935007e-17
-2.192609001341248838e-17
-3.394419549499769909e-06
1.777616274521652966e-11
1.185164544635604129e-11
3.394419549499767792e-06
-1.777616274539584367e-11
-1.185164544635604291e-11
1.777616274521652966e-11
-9.309267291668822424e-17
-6.206626780524193464e-17
-1.777616274577831454e-11
9.309112641215778607e-17
6.206568413588981690e-17
1.185164544635604129e-11
-6.206626780524193464e-17
-4.138114848080104639e-17
-1.185164544635894127e-11
6.206639790721136607e-17
4.138018683367182101e-17
3.394419549499767792e-06
-1.777616274577831454e-11
-1.185164544635894127e-11
-3.394419549499769909e-06
1.777616274559900053e-11
1.185164544635895096e-11
-1.777616274539584367e-11
9.309112641215778607e-17
6.206639790721136607e-17
1.777616274559900053e-11
-9.309243499291438274e-17
-6.206581426304803310e-17
-1.185164544635604291e-11
6.206568413588981690e-17
4.138018683367182101e-17
1.185164544635895096e-11
-6.206581426304803310e-17
-4.137981695573564500e-17
-2.964959450108081045e-06
1.552425258478602656e-11
1.035042794945589447e-11
2.964958994071933531e-06
-1.552425258488709446e-11
-1.035042794945589447e-11
1.552425258478602656e-11
-8.128380238486963812e-17
-5.419445471595018042e-17
-1.552425019722465024e-11
8.128368315197427421e-17
5.419400489980085281e-17
1.035042794945589447e-11
-5.419445471595018042e-17
-3.613298781903936661e-17
-1.035042635747119936e-11
5.419442777213327557e-17
3.613262184633094327e-17
2.964958994071933531e-06
-1.552425019722465024e-11
-1.035042635747119936e-11
-2.964958538035858437e-06
1.552425019712357911e-11
1.035042635747120744e-11
-1.552425258488709446e-11
8.128368315197427421e-17
5.419442777213327557e-17
1.552425019712357911e-11
-8.128415927053040037e-17
-5.419397793901274573e-17
-1.035042794945589447e-11
5.419400489980085281e-17
3.613262184633094327e-17
1.035042635747120744e-11
-5.419397793901274573e-17
-3.613226533468899944e-17
1.757383972390708104e-04
-9.198648159948560271e-10
-6.132423714566625302e-10
-1.757383972390707020e-04
9.198648160254420642e-10
6.132423714566625302e-10
-9.198648159948560271e-10
4.814800541545791840e-15
3.209905497859942787e-15
9.198648160496111443e-10
-4.814847026325779631e-15
-3.209891071548912202e-15
-6.132423714566625302e-10
3.209905497859942787e-15
2.139899597026178977e-15
6.132423714554740785e-10
-3.209902292013047145e-15
-2.139904405796522242e-15
-1.757383972390707020e-04
9.198648160496111443e-10
6.132423714554740785e-10
1.757383972390708104e-04
-9.198648160190244868e-10
-6.132423714554740785e-10
9.198648160254420642e-10
-4.814847026325779631e-15
-3.209902292013047145e-15
-9.198648160190244868e-10
4.814840614631987559e-15
3.209891071548912202e-15
6.132423714566625302e-10
-3.209891071548912202e-15
-2.139904405796522242e-15
-6.132423714554740785e-10
3.209891071548912202e-15
2.139912420413761544e-15
3.993930163144882018e-05
-2.089412665874252831e-10
-1.392959027908372168e-10
-3.993930163144882018e-05
2.089412665844023774e-10
1.392959027908372168e-10
-2.089412665874252831e-10
1.093069164132219855e-15
7.287178520123980029e-16
2.089412665821152230e-10
-1.093065557554462209e-15
-7.287178520123980029e-16
-1.392959027908372168e-10
7.287178520123980029e-16
4.858124356494146089e-16
1.392959027910079262e-10
-7.287214585901556491e-16
-4.858158418617413514e-16
-3.993930163144882018e-05
2.089412665821152230e-10
1.392959027910079262e-10
3.993930163144882018e-05
-2.089412665851381029e-10
-1.392959027910079262e-10
2.089412665844023774e-10
-1.093065557554462209e-15
-7.287214585901556491e-16
-2.089412665851381029e-10
1.093068362670495846e-15
7.287210578592937432e-16
1.392959027908372168e-10
-7.287178520123980029e-16
-4.858158418617413514e-16
-1.392959027910079262e-10
7.287210578592937432e-16
4.858186469777750872e-16
-2.477725964873504596e-07
1.288437816318296263e-12
8.597146697163436009e-13
2.477725964873494537e-07
-1.288437816365651343e-12
-8.597146697163431970e-13
1.288437816318296263e-12
-6.699865693775422946e-18
-4.470316908866609916e-18
-1.288437816215193329e-12
6.700073416631322281e-18
4.470339260993091519e-18
8.597146697163436009e-13
-4.470316908866609916e-18
-2.983842482324381500e-18
-8.597146696731872296e-13
4.470414398029709662e-18
2.983140234994119857e-18
2.477725964873494537e-07
-1.288437816215193329e-12
-8.597146696731872296e-13
-2.477725964873504596e-07
1.288437816167837239e-12
8.597146696731889461e-13
-1.288437816365651343e-12
6.700073416631322281e-18
4.470414398029709662e-18
1.288437816167837239e-12
-6.699965876490913290e-18
-4.470517274297590604e-18
-8.597146697163431970e-13
4.470339260993091519e-18
2.983140234994119857e-18
8.597146696731889461e-13
-4.470517274297590604e-18
-2.983316523068057581e-18
-6.197587106468831031e-07
3.239172241279403869e-12
2.159448160816236505e-12
6.197587106468825737e-07
-3.239172241216319634e-12
-2.159448160816237312e-12
3.239172241279403869e-12
-1.692944481751200235e-17
-1.128633607784586719e-17
-3.239172241166178272e-12
1.692965817625312344e-17
1.128628237149614229e-17
2.159448160816236505e-12
-1.128633607784586719e-17
-7.524210330274507666e-18
-2.159448160802970919e-12
1.128635750853276043e-17
7.523872201181676210e-18
6.197587106468825737e-07
-3.239172241166178272e-12
-2.159448160802970919e-12
-6.197587106468831031e-07
3.239172241229262507e-12
2.159448160802969707e-12
-3.239172241216319634e-12
1.692965817625312344e-17
1.128635750853276043e-17
3.239172241229262507e-12
-1.692939472615425487e-17
-1.128636112352474094e-17
-2.159448160816237312e-12
1.128628237149614229e-17
7.523872201181676210e-18
2.159448160802969707e-12
-1.128636112352474094e-17
-7.524348081508307852e-18
7.105992392099023654e-05
-3.663669548586590063e-10
-2.442461255506801017e-10
-6.156982262825973413e-05
3.174383982107369892e-10
2.116268889411647928e-10
-3.663669548586590063e-10
1.888912086568929345e-15
1.259272050355309337e-15
3.174383981965213734e-10
-1.636631598188171133e-15
-1.091094825863106388e-15
-2.442461255506801017e-10
1.259272050355309337e-15
8.395196125179564987e-16
2.116268889412013955e-10
-1.091095443704773571e-15
-7.274009212331231872e-16
-6.156982262825973413e-05
3.174383981965213734e-10
2.116268889412013955e-10
5.334713083411548299e-05
-2.750442836808733373e-10
-1.833639736227092553e-10
3.174383982107369892e-10
-1.636631598188171133e-15
-1.091095443704773571e-15
-2.750442836808733373e-10
1.418059856491950974e-15
9.453783976331459979e-16
2.116268889411647928e-10
-1.091094825863106388e-15
-7.274009212331231872e-16
-1.833639736227092553e-10
9.453783976331459979e-16
6.302557942914093184e-16
-3.672813361256444188e-06
1.923917291500622313e-11
1.282538833964153505e-11
3.182306632507716132e-06
-1.666976826444583634e-11
-1.111254898173376370e-11
1.923917291500622313e-11
-1.007841815755818473e-16
-6.718851682469720857e-17
-1.666976825359418313e-11
8.732307249168773166e-17
5.821599378203605440e-17
1.282538833964153505e-11
-6.718851682469720857e-17
-4.479112968458391066e-17
-1.111254898176445500e-11
5.821722946537021001e-17
3.880210427011714025e-17
3.182306632507716132e-06
-1.666976825359418313e-11
-1.111254898176445500e-11
-2.757307411841436750e-06
1.444350934552607465e-11
9.628460488021747634e-12
-1.666976826444583634e-11
8.732307249168773166e-17
5.821722946537021001e-17
1.444350934552607465e-11
-7.565939576240350023e-17
-5.044221929319326978e-17
-1.111254898173376370e-11
5.821599378203605440e-17
3.880210427011714025e-17
9.628460488021747634e-12
-5.044221929319326978e-17
-3.362338771998525114e-17
-4.969832278918016669e-06
2.603017555318171379e-11
1.735523203725317678e-11
4.306107789327299814e-06
-2.255382785913609698e-11
-1.503742896479980028e-11
2.603017555318171379e-11
-1.363316463610146084e-16
-9.089938455851212845e-17
-2.255382785894494071e-11
1.181280313965896518e-16
7.876080812695261496e-17
1.735523203725317678e-11
-9.089938455851212845e-17
-6.060487171871919658e-17
-1.503742896493217503e-11
7.875833676028431607e-17
5.250981409112549255e-17
4.306107789327299814e-06
-2.255382785894494071e-11
-1.503742896493217503e-11
-3.731024157890136130e-06
1.954174876971158889e-11
1.302917007320973311e-11
-2.255382785913609698e-11
1.181280313965896518e-16
7.875833676028431607e-17
1.954174876971158889e-11
-1.023490975051318152e-16
-6.824177267436743744e-17
-1.503742896479980028e-11
7.876080812695261496e-17
5.250981409112549255e-17
1.302917007320973311e-11
-6.824177267436743744e-17
-4.549994770185445874e-17
-3.727841630738299478e-06
1.967988997320319130e-11
1.311992662242761156e-11
3.229985837099900515e-06
-1.705162724843175860e-11
-1.136775147601921773e-11
1.967988997320319130e-11
-1.038928040519538403e-16
-6.926192530564825127e-17
-1.705162723807943490e-11
9.001798513565069636e-17
6.001205414451033751e-17
1.311992662242761156e-11
-6.926192530564825127e-17
-4.617403669481951670e-17
-1.136775146905439413e-11
6.001179349255704108e-17
4.000783871156709401e-17
3.229985837099900515e-06
-1.705162723807943490e-11
-1.136775146905439413e-11
-2.798619024435255671e-06
1.477437079346435615e-11
9.849580509121151389e-12
-1.705162724843175860e-11
9.001798513565069636e-17
6.001179349255704108e-17
1.477437079346435615e-11
-7.799649646280385742e-17
-5.199726770352750594e-17
-1.136775147601921773e-11
6.001205414451033751e-17
4.000783871156709401e-17
9.849580509121151389e-12
-5.199726770352750594e-17
-3.466515247008253216e-17
1.427403706968583062e-04
-7.474482269237184173e-10
-4.982988179548708387e-10
-3.287771308859475472e-05
1.721614441213704113e-10
1.147742960812328390e-10
-7.474482269237184173e-10
3.913982203616364939e-15
2.609330281392688262e-15
1.721614441240644610e-10
-9.015190012786820816e-16
-6.010125225362276653e-16
-4.982988179548708387e-10
2.609330281392688262e-15
1.739536840474853874e-15
1.147742960816032608e-10
-6.010127400105682489e-16
-4.006721153662775594e-16
-3.287771308859475472e-05
1.721614441240644610e-10
1.147742960816032608e-10
7.572798169563295727e-06
-3.965433561049608381e-11
-2.643622374030609668e-11
1.721614441213704113e-10
-9.015190012786820816e-16
-6.010127400105682489e-16
-3.965433561049608381e-11
2.076484138486242004e-16
1.384324762645137696e-16
1.147742960812328390e-10
-6.010125225362276653e-16
-4.006721153662775594e-16
-2.643622374030609668e-11
1.384324762645137696e-16
9.228796687017164178e-17
4.222727508329573569e-05
-2.210244809177095377e-10
-1.473496539448614920e-10
-9.726303973598411268e-06
5.090906961799378372e-11
3.393937974556140718e-11
-2.210244809177095377e-10
1.156910941565375474e-15
7.713035452443170094e-16
5.090906961759978079e-11
-2.664773987767669559e-16
-1.776547888081729334e-16
-1.473496539448614920e-10
7.713035452443170094e-16
5.141948100832581559e-16
3.393937974488995624e-11
-1.776560936542163362e-16
-1.184350035517313436e-16
-9.726303973598411268e-06
5.090906961759978079e-11
3.393937974488995624e-11
2.240281637880501498e-06
-1.172600138515818899e-11
-7.817334256663215496e-12
5.090906961799378372e-11
-2.664773987767669559e-16
-1.776560936542163362e-16
-1.172600138515818899e-11
6.137824302044131311e-17
4.091963014201812944e-17
3.393937974556140718e-11
-1.776547888081729334e-16
-1.184350035517313436e-16
-7.817334256663215496e-12
4.091963014201812944e-17
2.727920242307688966e-17
-8.827429385478484405e-06
4.620377524683772016e-11
3.080866995057578011e-11
2.033241816794430015e-06
-1.064222026840585148e-11
-7.096230774315447043e-12
4.620377524683772016e-11
-2.418092972243331059e-16
-1.612483713718774860e-16
-1.064222026756501916e-11
5.570387759251489762e-17
3.714157272786464027e-17
3.080866995057578011e-11
-1.612483713718774860e-16
-1.075483261576539066e-16
-7.096230774371788221e-12
3.714331252258916708e-17
2.476597790362925177e-17
2.033241816794430015e-06
-1.064222026756501916e-11
-7.096230774371788221e-12
-4.683211957902812579e-07
2.451246713738721750e-12
1.634490917119271140e-12
-1.064222026840585148e-11
5.570387759251489762e-17
3.714331252258916708e-17
2.451246713738721750e-12
-1.282969909383588685e-17
-8.555052897937488717e-18
-7.096230774315447043e-12
3.714157272786464027e-17
2.476597790362925177e-17
1.634490917119271140e-12
-8.555052897937488717e-18
-5.705305464457805276e-18
-1.169571629625021642e-05
6.125876945880981198e-11
4.083917963807035059e-11
2.693900841622095019e-06
-1.410987120560475149e-11
-9.406580803727801056e-12
6.125876945880981198e-11
-3.208539760299828983e-16
-2.139032083077424134e-16
-1.410987120522386874e-11
7.390368392778325772e-17
4.926881295177624176e-17
4.083917963807035059e-11
-2.139032083077424134e-16
-1.426078466715152594e-16
-9.406580803698715641e-12
4.926881295177624176e-17
3.284591076394381214e-17
2.693900841622095019e-06
-1.410987120522386874e-11
-9.406580803698715641e-12
-6.204922862927988555e-07
3.249958613320755447e-12
2.166639075538680388e-12
-1.410987120560475149e-11
7.390368392778325772e-17
4.926881295177624176e-17
3.249958613320755447e-12
-1.702230098306317507e-17
-1.134820936742168683e-17
-9.406580803727801056e-12
4.926881295177624176e-17
3.284591076394381214e-17
2.166639075538680388e-12
-1.134820936742168683e-17
-7.565604581770359487e-18
-6.901567443550179278e-05
-2.198752264521129662e-04
2.487168174936440967e-05
-8.864398890725405994e-06
2.215601896324639604e-04
-2.506200471228585422e-05
2.838344744102916026e-04
6.544597597303450712e-04
-7.403096605115424091e-05
-2.198752264521129662e-04
5.557226189322773133e-04
-6.286043123868373730e-05
2.721620676554437819e-05
1.044269093918279606e-04
-1.181246565163964625e-05
8.488037425981490676e-04
-2.318519457940960548e-03
2.622590151695028448e-04
2.487168174936440967e-05
-6.286043123868373730e-05
7.110442655790202091e-06
-3.078561414328049985e-06
-1.181314836712419815e-05
1.336268688322009255e-06
-9.601440935022262943e-05
2.622596978913498914e-04
-2.966547027978888779e-05
-8.864398890725405994e-06
2.721620676554437819e-05
-3.078561414328049985e-06
2.603499491390583068e-04
-1.079840759977253670e-04
1.221382846312376112e-05
-2.250326903599429685e-04
-4.498774709380142747e-07
5.167892873741677832e-08
2.215601896324639604e-04
1.044269093918279606e-04
-1.181314836712419815e-05
-1.079840759977253670e-04
-3.767063522048541839e-04
4.261195192868905509e-05
-7.747490505729886460e-04
-3.934804988687436579e-05
4.453621583711355273e-06
-2.506200471228585422e-05
-1.181246565163964625e-05
1.336268688322009255e-06
1.221382846312376112e-05
4.261195192868905509e-05
-4.820142891644746729e-06
8.763742105288828963e-05
4.450901530674957638e-06
-5.037767128462202847e-07
2.838344744102916026e-04
8.488037425981490676e-04
-9.601440935022262943e-05
-2.250326903599429685e-04
-7.747490505729886460e-04
8.763742105288828963e-05
-9.058116794654373291e-04
-2.607028076420973665e-03
2.949001634324188693e-04
6.544597597303450712e-04
-2.318519457940960548e-03
2.622596978913498914e-04
-4.498774709380142747e-07
-3.934804988687436579e-05
4.450901530674957638e-06
-2.607028076420973665e-03
9.276720221911231162e-03
-1.049337726520547945e-03
-7.403096605115424091e-05
2.622590151695028448e-04
-2.966547027978888779e-05
5.167892873741677832e-08
4.453621583711355273e-06
-5.037767128462202847e-07
2.949001634324188693e-04
-1.049337726520547945e-03
1.186960086939968062e-04
1.013598855174147284e-05
-4.393103011525052704e-05
1.122170450017744014e-05
-4.962435346445401323e-05
3.216004310769116043e-05
-8.214781665727170567e-06
9.240867237886294153e-06
1.428685828907275352e-04
-3.649437983504284690e-05
-4.393103011525052704e-05
1.264181073033436955e-04
-3.229207927415806095e-05
8.444248651006793161e-06
1.438500349504194507e-05
-3.674535281391270467e-06
1.665843773485147698e-04
-5.180560434138070831e-04
1.323316200690142184e-04
1.122170450017744014e-05
-3.229207927415806095e-05
8.248647334498660226e-06
-2.156819836750034758e-06
-3.674620726936686248e-06
9.386527781327402502e-07
-4.255234165766405585e-05
1.323317055077353663e-04
-3.380265359046392878e-05
-4.962435346445401323e-05
8.444248651006793161e-06
-2.156819836750034758e-06
2.598801522764283768e-04
-3.961082929762018752e-05
1.011725277055903929e-05
-6.216836674213095887e-05
5.967519897082483757e-06
-1.524119107755792366e-06
3.216004310769116043e-05
1.438500349504195862e-05
-3.674620726936686248e-06
-3.961082929762018752e-05
-5.785503654100807426e-05
1.477863150849957643e-05
-8.852020115567032664e-05
5.427588579039387983e-07
-1.383233939912160173e-07
-8.214781665727170567e-06
-3.674535281391270467e-06
9.386527781327402502e-07
1.011725277055903929e-05
1.477863150849957643e-05
-3.775089639666624536e-06
2.261182151126904294e-05
-1.386638174215637199e-07
3.533881758410251284e-08
9.240867237886294153e-06
1.665843773485147698e-04
-4.255234165766405585e-05
-6.216836674213095887e-05
-8.852020115567032664e-05
2.261182151126904294e-05
2.535119464257545925e-05
-5.751800263178001582e-04
1.469238773741523641e-04
1.428685828907275352e-04
-5.180560434138070831e-04
1.323317055077353663e-04
5.967519897082483757e-06
5.427588579039387983e-07
-1.386638174215637199e-07
-5.751800263178001582e-04
2.063479806332728459e-03
-5.270931477627051375e-04
-3.649437983504284690e-05
1.323316200690142456e-04
-3.380265359046392878e-05
-1.524119107755792366e-06
-1.383233939912160173e-07
3.533881758410250622e-08
1.469238773741523641e-04
-5.270931477627052459e-04
1.346401285644486091e-04
1.723988288510489779e-05
-5.173445658454382903e-07
7.779074373714989917e-07
-6.408946481535634609e-05
2.907591649482403479e-06
-4.371806235693297391e-06
-4.597133370385215471e-06
-8.464037232342225178e-07
1.272491939953094787e-06
-5.173445658454382903e-07
8.682898414533618984e-07
-1.305428735584029403e-06
-7.597899641390611093e-08
-1.985555417786489624e-06
2.985171636360135798e-06
2.137166914729525014e-06
-1.473857606407509604e-06
2.215876397037146703e-06
7.779074373714989917e-07
-1.305428735584029403e-06
1.962644387754369908e-06
1.138262460145794705e-07
2.985190444760123854e-06
-4.488067051701607849e-06
-3.213140547031174211e-06
2.215857586019043758e-06
-3.331438873775980720e-06
-6.408946481535634609e-05
-7.597899641390611093e-08
1.138262460145794705e-07
2.557026215350569954e-04
2.635621590857434601e-07
-3.946394109412328272e-07
-3.593951823579443129e-07
3.915094937886873627e-08
-5.886353902808698272e-08
2.907591649482403479e-06
-1.985555417786489624e-06
2.985190444760123854e-06
2.635621590857434601e-07
8.152277478014324707e-06
-1.225649401532631466e-05
-1.184789719119160666e-05
-2.414901397688259735e-07
3.629923147989126082e-07
-4.371806235693297391e-06
2.985171636360135798e-06
-4.488067051701607849e-06
-3.946394109412328272e-07
-1.225649401532631466e-05
1.842695443520719773e-05
1.781265206025455446e-05
3.630672331447577216e-07
-5.457391160340657970e-07
-4.597133370385215471e-06
2.137166914729525014e-06
-3.213140547031174211e-06
-3.593951823579443129e-07
-1.184789719119160666e-05
1.781265206025455446e-05
1.867514910067330221e-05
3.333064092604217066e-06
-5.010958748987230277e-06
-8.464037232342225178e-07
-1.473857606407509604e-06
2.215857586019043758e-06
3.915094937886873627e-08
-2.414901397688259735e-07
3.630672331447577216e-07
3.333064092604217066e-06
6.113587157202974615e-06
-9.191417208409222319e-06
1.272491939953094787e-06
2.215876397037146703e-06
-3.331438873775980720e-06
-5.886353902808698272e-08
3.629923147989126082e-07
-5.457391160340657970e-07
-5.010958748987230277e-06
-9.191417208409222319e-06
1.381875290738261421e-05
1.704591902128847655e-05
-5.593173007303421494e-07
9.591408414725745883e-07
-6.427844130829930814e-05
2.409005879700677066e-06
-4.131001310838425200e-06
-3.635372172196831629e-06
-1.805915161198371076e-07
3.096225960302942222e-07
-5.593173007303421494e-07
4.505333565316116380e-07
-7.725022958258114657e-07
2.986011584595590281e-08
-1.576686978795505672e-06
2.703436442112820637e-06
2.198554247986009617e-06
-2.183138249649333446e-07
3.743428650378124696e-07
9.591408414725745883e-07
-7.725022958258114657e-07
1.324562962449483852e-06
-5.164444283901215838e-08
2.703452928523206281e-06
-4.635424323064691239e-06
-3.769734272399674938e-06
3.743263786274106789e-07
-6.418576978089084330e-07
-6.427844130829930814e-05
2.986011584595590281e-08
-5.164444283901215838e-08
2.554851188920237871e-04
-3.361039283521172674e-07
5.780643262978411351e-07
6.110216660318632451e-07
2.171362114068188774e-07
-3.723041914009611256e-07
2.409005879700677066e-06
-1.576686978795505672e-06
2.703452928523206281e-06
-3.361039283521172674e-07
6.299448774818483163e-06
-1.080123194151888535e-05
-9.261781397696246002e-06
-1.766219021020581794e-08
3.021996075746562119e-08
-4.131001310838425200e-06
2.703436442112820637e-06
-4.635424323064691239e-06
5.780643262978411351e-07
-1.080123194151888535e-05
1.852013020537716950e-05
1.588054094207430036e-05
3.028564539432663963e-08
-5.181866465578555479e-08
-3.635372172196831629e-06
2.198554247986009617e-06
-3.769734272399674938e-06
6.110216660318632451e-07
-9.261781397696246002e-06
1.588054094207430036e-05
1.387291361127119551e-05
5.023708311721239917e-07
-8.612844243448713184e-07
-1.805915161198371076e-07
-2.183138249649333446e-07
3.743263786274106789e-07
2.171362114068188774e-07
-1.766219021020581794e-08
3.028564539432663963e-08
5.023708311721239917e-07
8.874612513465638668e-07
-1.521665006005109815e-06
3.096225960302942222e-07
3.743428650378124696e-07
-6.418576978089084330e-07
-3.723041914009611256e-07
3.021996075746562119e-08
-5.181866465578555479e-08
-8.612844243448713184e-07
-1.521665006005109815e-06
2.609087875742467464e-06
-3.672017742233362088e-05
6.801169659127033836e-10
7.874486644467043203e-10
1.745382140085872610e-04
-3.508107121830622442e-09
-2.858245302789035353e-09
-1.882446227493771469e-05
4.577105351765293475e-05
5.681741237068622436e-05
-1.882473227352977169e-05
-4.577008081761626824e-05
-5.681748965556057961e-05
6.801169659127033836e-10
1.191146417346016547e-04
1.689461164504316051e-04
-3.412239885147410203e-09
-5.470814829171649586e-04
-6.171601485356322057e-04
-3.027044210955050034e-06
5.151695559536372936e-05
-6.327091289253244226e-06
3.027921042978452378e-06
5.151747592543702152e-05
-6.326389815901237243e-06
7.874486644467043203e-10
1.689461164504316593e-04
1.150459359087981136e-04
-2.491490637780879561e-09
-5.568854543159571608e-04
-3.911420758699463152e-04
2.203864141013866043e-05
-3.646414912993961387e-05
-1.886850535687488022e-05
-2.203908545348627748e-05
-3.646402619349917412e-05
-1.886875612135679997e-05
1.745382140085872610e-04
-3.412239885147410203e-09
-2.491490637780879561e-09
-5.092467863018877326e-04
1.293427135163030832e-08
9.273116068012529000e-09
-7.070762461652557458e-05
-1.522411111977463316e-04
-7.515787914949805925e-05
-7.070597943010197136e-05
1.522408973935630708e-04
7.515789405286465888e-05
-3.508107121830622442e-09
-5.470814829171650670e-04
-5.568854543159571608e-04
1.293427135163030832e-08
2.152466764631278014e-03
2.057691441861975775e-03
8.370723251958578209e-07
-5.650089858355347017e-05
9.160395156599623307e-06
-8.369287191596336053e-07
-5.650274190693818264e-05
9.159477399129598582e-06
-2.858245302789035353e-09
-6.171601485356322057e-04
-3.911420758699463152e-04
9.273116068012529000e-09
2.057691441861975775e-03
1.538259255821026626e-03
1.252069077416794718e-05
1.215085275605254871e-04
-4.006114731433560412e-05
-1.251930862027276840e-05
1.215091642888750575e-04
-4.006094804913767476e-05
-1.882446227493771469e-05
-3.027044210955050034e-06
2.203864141013866043e-05
-7.070762461652557458e-05
8.370723251958578209e-07
1.252069077416794718e-05
1.626161331064084124e-04
-3.970526171584674338e-06
-1.156651675260573012e-04
-2.173286220400614990e-05
1.441796127608214567e-05
2.098670345433298749e-05
4.577105351765292120e-05
5.151695559536372936e-05
-3.646414912993961387e-05
-1.522411111977462774e-04
-5.650089858355347017e-05
1.215085275605254871e-04
-3.970526171584674338e-06
-1.115097576016534688e-04
-2.387083588818501059e-05
-1.441811106734071528e-05
-2.403922027096086253e-05
3.829688082560472249e-05
5.681741237068622436e-05
-6.327091289253244226e-06
-1.886850535687488022e-05
-7.515787914949805925e-05
9.160395156599623307e-06
-4.006114731433560412e-05
-1.156651675260573012e-04
-2.387083588818501059e-05
8.586428511661859102e-05
-2.098638384730644370e-05
3.829718193669515695e-05
2.453669654088305366e-05
-1.882473227352977169e-05
3.027921042978452378e-06
-2.203908545348627748e-05
-7.070597943010197136e-05
-8.369287191596336053e-07
-1.251930862027276840e-05
-2.173286220400614990e-05
-1.441811106734071528e-05
-2.098638384730644370e-05
1.626154945012089838e-04
3.967263633058292609e-06
1.156651211239673264e-04
-4.577008081761626824e-05
5.151747592543700797e-05
-3.646402619349917412e-05
1.522408973935630708e-04
-5.650274190693818264e-05
1.215091642888750575e-04
1.441796127608214567e-05
-2.403922027096086253e-05
3.829718193669515695e-05
3.967263633058292609e-06
-1.115098540117072915e-04
-2.387223202378288854e-05
-5.681748965556057961e-05
-6.326389815901237243e-06
-1.886875612135679997e-05
7.515789405286465888e-05
9.159477399129598582e-06
-4.006094804913767476e-05
2.098670345433298749e-05
3.829688082560472249e-05
2.453669654088305366e-05
1.156651211239673264e-04
-2.387223202378288854e-05
8.586502068337624114e-05
1.142137476992214009e-05
-4.362053438910051349e-06
1.439266094366755699e-06
-3.965536528690871336e-06
3.143582461721145292e-06
-1.037253534883827008e-06
-1.930584903926543683e-05
5.213247506813932036e-07
-2.046130598384357142e-05
-1.930631702043957752e-05
1.259637636385280222e-05
1.613312454422478968e-05
-4.362053438910051349e-06
1.338362563116782388e-05
3.383891415762513246e-06
-3.880916167470011242e-06
-2.312157648978534311e-05
4.847463623759134258e-06
2.108734737084018828e-06
-7.125493112566469596e-06
1.318517397156658172e-06
1.803346501733061967e-05
-1.964570100999637117e-05
-1.878077786309088800e-05
1.439266094366755699e-06
3.383891415762517058e-06
2.252237704979952011e-05
1.280598914258840084e-06
4.847502372387289184e-06
-1.003026674243059870e-05
-2.745360888199132115e-05
-1.874591466588585808e-06
-4.322574924860062863e-05
2.080757498864718564e-05
-1.558770773135087837e-05
-3.070507370476739201e-05
-3.965536528690871336e-06
-3.880916167470011242e-06
1.280598914258840084e-06
1.181468206085151404e-05
-7.939212424822108483e-06
2.619583717565087012e-06
1.484214766413422280e-06
1.088118573864932766e-05
-4.673044881203868600e-06
1.484212764295321473e-06
1.152568031423811619e-05
-2.720479000419916257e-06
3.143582461721145292e-06
-2.312157648978534311e-05
4.847502372387289184e-06
-7.939212424822108483e-06
1.000198763270074254e-04
-2.348226491108402220e-05
-1.632630664951447230e-06
-1.447371022045117658e-06
3.301294701530184097e-08
-2.147106866428084391e-06
-1.237766212032215279e-05
5.378265057799332723e-06
-1.037253534883827008e-06
4.847463623759134258e-06
-1.003026674243059870e-05
2.619583717565087012e-06
-2.348226491108402220e-05
3.660289588337088548e-05
1.403168095105128603e-06
2.013772483424973369e-05
-5.070697017770658615e-06
-1.559780188357828753e-07
-1.472630240677257238e-05
5.859597021905446748e-06
-1.930584903926543683e-05
2.108734737084018828e-06
-2.745360888199132115e-05
1.484214766413422280e-06
-1.632630664951447230e-06
1.403168095105128603e-06
6.518486388771734788e-05
-7.595304738712535947e-06
9.030848216728376413e-05
5.301127657485981560e-06
1.366790635148210013e-06
1.063256112253421760e-05
5.213247506813932036e-07
-7.125493112566469596e-06
-1.874591466588585808e-06
1.088118573864932766e-05
-1.447371022045117658e-06
2.013772483424973369e-05
-7.595304738712535947e-06
2.906627109122082755e-05
-3.810399524208091373e-06
-5.229325701097858574e-06
-1.055799527809983087e-06
-9.339042403266809074e-06
-2.046130598384357142e-05
1.318517397156658172e-06
-4.322574924860062863e-05
-4.673044881203868600e-06
3.301294701530168215e-08
-5.070697017770658615e-06
9.030848216728376413e-05
-3.810399524208091373e-06
1.814148132607684293e-04
-9.357807153633405743e-06
-1.137909776221468237e-06
-1.520299857177899753e-05
-1.930631702043957752e-05
1.803346501733061967e-05
2.080757498864718564e-05
1.484212764295321473e-06
-2.147106866428084391e-06
-1.559780188357828753e-07
5.301127657485981560e-06
-5.229325701097858574e-06
-9.357807153633405743e-06
6.518661048617986023e-05
-5.985045782207817894e-05
-6.805469999724126533e-05
1.259637636385280222e-05
-1.964570100999637117e-05
-1.558770773135087837e-05
1.152568031423811619e-05
-1.237766212032215279e-05
-1.472630240677257238e-05
1.366790635148210013e-06
-1.055799527809983087e-06
-1.137909776221468237e-06
-5.985045782207817894e-05
8.667060086731352816e-05
7.397357265804738375e-05
1.613312454422478968e-05
-1.878077786309088800e-05
-3.070507370476739201e-05
-2.720479000419916257e-06
5.378265057799332723e-06
5.859597021905446748e-06
1.063256112253421760e-05
-9.339042403266809074e-06
-1.520299857177899753e-05
-6.805469999724122468e-05
7.397357265804732954e-05
1.238087371243900821e-04
1.082109348540451203e-05
-4.212528094627229125e-06
5.463739334029860506e-07
-1.948309353208749142e-06
4.801227146674317724e-07
-6.228748081233891579e-08
-1.919556978984540078e-05
5.071068265808712335e-06
-2.057430631790826712e-05
-1.919603696722387213e-05
1.015267760027034779e-05
1.859976834467865522e-05
-4.212528094627229125e-06
3.780146457757542953e-06
2.419073105369810782e-06
-2.191730971941873030e-06
5.113124771789617220e-06
-1.065172041153485434e-06
5.645249199753051282e-06
-6.712199910404332629e-06
6.936457187325156694e-06
1.225035033804378537e-05
-1.249291945963097753e-05
-1.488933922983080274e-05
5.463739334029860506e-07
2.419073105369810782e-06
2.211564054361885568e-05
2.842995331554052123e-07
-1.065159223204019933e-06
-2.960199935278343417e-06
-2.662013941072333809e-05
7.018144813241001645e-06
-4.263291662527714005e-05
2.429901442614548152e-05
-1.497103966321775935e-05
-3.685170155811127708e-05
-1.948309353208749142e-06
-2.191730971941873030e-06
2.842995331554052123e-07
3.085074248489963331e-06
-1.605679947764830605e-07
2.082066729558373874e-08
2.089005594279319274e-06
4.195161770296774194e-06
-3.119140968605147212e-07
2.089015706584110362e-06
4.135952359083645729e-06
-7.687457813223929093e-07
4.801227146674317724e-07
5.113124771789601973e-06
-1.065159223204019933e-06
-1.605679947764830605e-07
-1.951914428909272561e-05
3.383505023213667865e-06
-6.101434722983017415e-07
9.866914886620327468e-07
-2.845235750492995484e-07
-1.019136287281249386e-06
-5.287469692240283923e-07
8.718218540987091263e-07
-6.228748081233891579e-08
-1.065172041153485434e-06
-2.960199935278343417e-06
2.082066729558373874e-08
3.383505023213667865e-06
6.126030094213744093e-06
1.682131687076519706e-06
6.614892494601689070e-06
1.696959379355405013e-06
-1.470751076967846471e-06
-6.027546420156380634e-06
3.212329370202097995e-06
-1.919556978984540078e-05
5.645249199753051282e-06
-2.662013941072333809e-05
2.089005594279319274e-06
-6.101434722983017415e-07
1.682131687076519706e-06
6.474389380733970546e-05
-2.092831911588614470e-05
8.717396251454668967e-05
4.726197285047688756e-06
4.935580668172790681e-07
1.038102930718833176e-05
5.071068265808712335e-06
-6.712199910404332629e-06
7.018144813241001645e-06
4.195161770296774194e-06
9.866914886620327468e-07
6.614892494601634860e-06
-2.092831911588614470e-05
2.364576810569900766e-05
-2.697259442132376637e-05
-2.171260091314101880e-06
3.899267154749119910e-07
-5.805215289276990576e-06
-2.057430631790826712e-05
6.936457187325156694e-06
-4.263291662527714005e-05
-3.119140968605147212e-07
-2.845235750492995484e-07
1.696959379355405013e-06
8.717396251454668967e-05
-2.697259442132376637e-05
1.735436194496986636e-04
-1.016316476027091800e-05
1.398723790637366833e-06
-1.630947982695177086e-05
-1.919603696722387213e-05
1.225035033804378537e-05
2.429901442614548152e-05
2.089015706584110362e-06
-1.019136287281249386e-06
-1.470751076967846471e-06
4.726197285047688756e-06
-2.171260091314101880e-06
-1.016316476027091800e-05
6.474562528393030994e-05
-4.247764130365207572e-05
-7.895029406370831484e-05
1.015267760027034779e-05
-1.249291945963097753e-05
-1.497103966321775935e-05
4.135952359083645729e-06
-5.287469692240283923e-07
-6.027546420156380634e-06
4.935580668172790681e-07
3.899267154749119910e-07
1.398723790637366833e-06
-4.247764130365207572e-05
4.671113049104211242e-05
6.043930846462552812e-05
1.859976834467863828e-05
-1.488933922983080274e-05
-3.685170155811127708e-05
-7.687457813223929093e-07
8.718218540987091263e-07
3.212329370202097995e-06
1.038102930718833176e-05
-5.805215289276990576e-06
-1.630947982695177086e-05
-7.895029406370838261e-05
6.043930846462552812e-05
1.504764783157757952e-04
2.463870829973269314e-04
-1.290012089646936752e-09
-8.600092245165188999e-10
-2.463870829973269314e-04
1.290012089616288677e-09
8.600092245165188999e-10
-1.290012089646936752e-09
6.754226537895228322e-15
4.502804647449680212e-15
1.290012089591971221e-09
-6.754174359973339521e-15
-4.502800299289522352e-15
-8.600092245165188999e-10
4.502804647449680212e-15
3.001813238884407471e-15
8.600092245161296080e-10
-4.502785080728972207e-15
-3.001804542564092934e-15
-2.463870829973269314e-04
1.290012089591971221e-09
8.600092245161296080e-10
2.463870829973269314e-04
-1.290012089622619917e-09
-8.600092245161296080e-10
1.290012089616288677e-09
-6.754174359973339521e-15
-4.502785080728972207e-15
-1.290012089622619917e-09
6.754173272933300451e-15
4.502780732568814347e-15
8.600092245165188999e-10
-4.502800299289522352e-15
-3.001804542564092934e-15
-8.600092245161296080e-10
4.502780732568814347e-15
3.001808890724250005e-15
-5.948516114094371855e-06
3.155710771954848770e-11
2.103856253049168017e-11
5.948516065138490765e-06
-3.155710771837187498e-11
-2.103856253049168017e-11
3.155710771954848770e-11
-1.674110854881590544e-16
-1.116109942077339733e-16
-3.155710745815229909e-11
1.674133484101148971e-16
1.116113190713337506e-16
2.103856253049168017e-11
-1.116109942077339733e-16
-7.440843421248413559e-17
-2.103856235761446705e-11
1.116111831913300007e-16
7.440571661353555818e-17
5.948516065138490765e-06
-3.155710745815229909e-11
-2.103856235761446705e-11
-5.948516016182619839e-06
3.155710745932890535e-11
2.103856235761447352e-11
-3.155710771837187498e-11
1.674133484101148971e-16
1.116111831913300007e-16
3.155710745932890535e-11
-1.674114251881760464e-16
-1.116105865677204065e-16
-2.103856253049168017e-11
1.116113190713337506e-16
7.440571661353555818e-17
2.103856235761447352e-11
-1.116105865677204065e-16
-7.440843421248413559e-17
-3.495729012819610301e-06
-1.066073385527910439e-11
-7.108214146201228808e-12
3.495728954072489126e-06
1.066073385568833907e-11
7.108214146201226385e-12
-1.066073385527910439e-11
-3.251149721490666608e-17
-2.167747579844223441e-17
1.066073367691740916e-11
3.251211269848810171e-17
2.167748561070072041e-17
-7.108214146201228808e-12
-2.167747579844223441e-17
-1.445461257573423161e-17
7.108214026821435515e-12
2.167707797068596724e-17
1.445372259054303359e-17
3.495728954072489126e-06
1.066073367691740916e-11
7.108214026821435515e-12
-3.495728895325374728e-06
-1.066073367650817771e-11
-7.108214026821436322e-12
1.066073385568833907e-11
3.251211269848810171e-17
2.167707797068596724e-17
-1.066073367650817771e-11
-3.251081781488207437e-17
-2.167740785843977709e-17
7.108214146201226385e-12
2.167748561070072041e-17
1.445372259054303359e-17
-7.108214026821436322e-12
-2.167740785843977709e-17
-1.445430684572316596e-17
-3.040897733232599172e-06
1.595303372199899486e-10
1.063616316449738163e-10
3.040897333750944192e-06
-1.595303372195184815e-10
-1.063616316449738163e-10
1.595303372199899486e-10
-8.369217198491479094e-15
-5.579900648329417124e-15
-1.595303162616834388e-10
8.369215491381400330e-15
5.579900444516454030e-15
1.063616316449738163e-10
-5.579900648329417124e-15
-3.720215842539773471e-15
-1.063616176722472067e-10
5.579900648336456919e-15
3.720215896321229487e-15
3.040897333750944192e-06
-1.595303162616834388e-10
-1.063616176722472067e-10
-3.040896934269340034e-06
1.595303162621549576e-10
1.063616176722472067e-10
-1.595303372195184815e-10
8.369215491381400330e-15
5.579900648336456919e-15
1.595303162621549576e-10
-8.369215907631420568e-15
-5.579900512449408098e-15
-1.063616316449738163e-10
5.579900444516454030e-15
3.720215896321229487e-15
1.063616176722472067e-10
-5.579900512449408098e-15
-3.720215808569772596e-15
2.113939020539382324e-04
-1.106694552416929761e-09
-7.377953446720735734e-10
-2.113939020539382324e-04
1.106694552396078812e-09
7.377953446720735734e-10
-1.106694552416929761e-09
5.793807440688345665e-15
3.862521163280513658e-15
1.106694552375556875e-09
-5.793784600006056092e-15
-3.862521163280513658e-15
-7.377953446720735734e-10
3.862521163280513658e-15
2.575009033146500092e-15
7.377953446728742843e-10
-3.862521163280513658e-15
-2.575020453487644879e-15
-2.113939020539382324e-04
1.106694552375556875e-09
7.377953446728742843e-10
2.113939020539382324e-04
-1.106694552396407617e-09
-7.377953446728742843e-10
1.106694552396078812e-09
-5.793784600006056092e-15
-3.862521163280513658e-15
-1.106694552396407617e-09
5.793807440688345665e-15
3.862521163280513658e-15
7.377953446720735734e-10
-3.862521163280513658e-15
-2.575020453487644879e-15
-7.377953446728742843e-10
3.862521163280513658e-15
2.575012839926881556e-15
1.070802588692462140e-04
-5.604615933767205185e-10
-3.736379450200652930e-10
-1.070802588692462140e-04
5.604615933776707423e-10
3.736379450200651896e-10
-5.604615933767205185e-10
2.933478076631175857e-15
1.955628734557613529e-15
5.604615933753735583e-10
-2.933464931342670886e-15
-1.955628734557613529e-15
-3.736379450200652930e-10
1.955628734557613529e-15
1.303738531510343454e-15
3.736379450198612378e-10
-1.955630162100256726e-15
-1.303744241680915847e-15
-1.070802588692462140e-04
5.604615933753735583e-10
3.736379450198612378e-10
1.070802588692462140e-04
-5.604615933744232312e-10
-3.736379450198612895e-10
5.604615933776707423e-10
-2.933464931342670886e-15
-1.955630162100256726e-15
-5.604615933744232312e-10
2.933474626736455094e-15
1.955629686252708993e-15
3.736379450200651896e-10
-1.955628734557613529e-15
-1.303744241680915847e-15
-3.736379450198612895e-10
1.955629686252708993e-15
1.303746145071106579e-15
1.522103934335502934e-05
-7.969826071483628655e-11
-5.313595638733816748e-11
-1.522103934335503612e-05
7.969826071253514763e-11
5.313595638733817394e-11
-7.969826071483628655e-11
4.173064626189857310e-16
2.782243733175848734e-16
7.969826070990864239e-11
-4.173062246952118648e-16
-2.782240164319240741e-16
-5.313595638733816748e-11
2.782243733175848734e-16
1.854965565080904495e-16
5.313595638732410541e-11
-2.782248491651325564e-16
-1.854960806605427418e-16
-1.522103934335503612e-05
7.969826070990864239e-11
5.313595638732410541e-11
1.522103934335502934e-05
-7.969826071220978131e-11
-5.313595638732410541e-11
7.969826071253514763e-11
-4.173062246952118648e-16
-2.782248491651325564e-16
-7.969826071220978131e-11
4.173069087260616561e-16
2.782246112413586902e-16
5.313595638733817394e-11
-2.782240164319240741e-16
-1.854960806605427418e-16
-5.313595638732410541e-11
2.782246112413586902e-16
1.854953668892211927e-16
7.241859336961338294e-06
-3.793102757039761352e-11
-2.529543466267548513e-11
-7.241859336961339988e-06
3.793102756938702499e-11
2.529543466267548513e-11
-3.793102757039761352e-11
1.986739647225780145e-16
1.324927903847224590e-16
3.793102756763827470e-11
-1.986753922652210882e-16
-1.324924334990616844e-16
-2.529543466267548513e-11
1.324927903847224590e-16
8.835757345053872506e-17
2.529543466270817815e-11
-1.324931472703832089e-16
-8.835748422912353758e-17
-7.241859336961339988e-06
3.793102756763827470e-11
2.529543466270817815e-11
7.241859336961338294e-06
-3.793102756864885677e-11
-2.529543466270818138e-11
3.793102756938702499e-11
-1.986753922652210882e-16
-1.324931472703832089e-16
-3.793102756864885677e-11
1.986758681127687712e-16
1.324927903847224590e-16
2.529543466267548513e-11
-1.324924334990616844e-16
-8.835748422912353758e-17
-2.529543466270818138e-11
1.324927903847224590e-16
8.835739500770833777e-17
-1.736882998845521518e-07
9.095830301284434381e-13
6.062228029097219222e-13
1.736882998845528136e-07
-9.095830298122338580e-13
-6.062228029097455502e-13
9.095830301284434381e-13
-4.761992287711866985e-18
-3.172297157638645135e-18
-9.095830302497182941e-13
4.761977417476001891e-18
3.172356638582106667e-18
6.062228029097219222e-13
-3.172297157638645135e-18
-2.115142349495250958e-18
-6.062228028890375601e-13
3.172178195751722071e-18
2.116569892138330035e-18
1.736882998845528136e-07
-9.095830302497182941e-13
-6.062228028890375601e-13
-1.736882998845521518e-07
9.095830305659292879e-13
6.062228028890103981e-13
-9.095830298122338580e-13
4.761977417476001891e-18
3.172178195751722071e-18
9.095830305659292879e-13
-4.761962547240136027e-18
-3.172178195751722071e-18
-6.062228029097455502e-13
3.172356638582106667e-18
2.116569892138330035e-18
6.062228028890103981e-13
-3.172178195751722071e-18
-2.116094044590637009e-18
-2.737230356847607475e-06
1.433200336316490927e-11
9.555360481111632095e-12
2.737230356847604510e-06
-1.433200336344522010e-11
-9.555360481111635326e-12
1.433200336316490927e-11
-7.504353750891980968e-17
-5.003028401924981421e-17
-1.433200336364337509e-11
7.504092034740750382e-17
5.003022453830635383e-17
9.555360481111632095e-12
-5.003028401924981421e-17
-3.335729228429175581e-17
-9.555360481106509068e-12
5.003105727151481143e-17
3.335728856673278607e-17
2.737230356847604510e-06
-1.433200336364337509e-11
-9.555360481106509068e-12
-2.737230356847607475e-06
1.433200336336306103e-11
9.555360481106504222e-12
-1.433200336344522010e-11
7.504092034740750382e-17
5.003105727151481143e-17
1.433200336336306103e-11
-7.504210996627673600e-17
-5.003096805009962395e-17
-9.555360481111635326e-12
5.003022453830635383e-17
3.335728856673278607e-17
9.555360481106504222e-12
-5.003096805009962395e-17
-3.335776441428048141e-17
-3.225020163027028416e-06
1.688598059325224411e-11
1.125822190958718925e-11
3.225020163027027569e-06
-1.688598059271757202e-11
-1.125822190958718764e-11
1.688598059325224411e-11
-8.841306917078842103e-17
-5.894735850557047099e-17
-1.688598059221428754e-11
8.841295020890148795e-17
5.894738824614497805e-17
1.125822190958718925e-11
-5.894735850557047099e-17
-3.930069442790629726e-17
-1.125822190958692268e-11
5.894709455898663974e-17
3.930100520095433738e-17
3.225020163027027569e-06
-1.688598059221428754e-11
-1.125822190958692268e-11
-3.225020163027028416e-06
1.688598059274894995e-11
1.125822190958692268e-11
-1.688598059271757202e-11
8.841295020890148795e-17
5.894709455898663974e-17
1.688598059274894995e-11
-8.841449671343149471e-17
-5.894712058179662949e-17
-1.125822190958718764e-11
5.894738824614497805e-17
3.930100520095433738e-17
1.125822190958692268e-11
-5.894712058179662949e-17
-3.930129092185982248e-17
1.757383972390708104e-04
-9.198648159948560271e-10
-6.132423714566625302e-10
-1.757383972390707020e-04
9.198648160254420642e-10
6.132423714566625302e-10
-9.198648159948560271e-10
4.814800541545791840e-15
3.209905497859942787e-15
9.198648160496111443e-10
-4.814847026325779631e-15
-3.209891071548912202e-15
-6.132423714566625302e-10
3.209905497859942787e-15
2.139899597026178977e-15
6.132423714554740785e-10
-3.209902292013047145e-15
-2.139904405796522242e-15
-1.757383972390707020e-04
9.198648160496111443e-10
6.132423714554740785e-10
1.757383972390708104e-04
-9.198648160190244868e-10
-6.132423714554740785e-10
9.198648160254420642e-10
-4.814847026325779631e-15
-3.209902292013047145e-15
-9.198648160190244868e-10
4.814840614631987559e-15
3.209891071548912202e-15
6.132423714566625302e-10
-3.209891071548912202e-15
-2.139904405796522242e-15
-6.132423714554740785e-10
3.209891071548912202e-15
2.139912420413761544e-15
2.704339024443747632e-06
-1.415069434247819733e-11
-9.433796228158078534e-12
-2.704339024443748479e-06
1.415069434223955411e-11
9.433796228158078534e-12
-1.415069434247819733e-11
7.404577133802701612e-17
4.936336731392048835e-17
1.415069434194333459e-11
-7.404529548122892827e-17
-4.936344286352901953e-17
-9.433796228158078534e-12
4.936336731392048835e-17
3.290897497586756873e-17
9.433796228180355865e-12
-4.936331763513466161e-17
-3.290904040127904874e-17
-2.704339024443748479e-06
1.415069434194333459e-11
9.433796228180355865e-12
2.704339024443747632e-06
-1.415069434218197781e-11
-9.433796228180355865e-12
1.415069434223955411e-11
-7.404529548122892827e-17
-4.936331763513466161e-17
-1.415069434218197781e-11
7.404547078988053738e-17
4.936340488243880127e-17
9.433796228158078534e-12
-4.936344286352901953e-17
-3.290904040127904874e-17
-9.433796228180355865e-12
4.936340488243880127e-17
3.290907515858306370e-17
-8.451869483546072263e-07
4.425559370621951141e-12
2.950372913778343158e-12
8.451869483546063793e-07
-4.425559370683634258e-12
-2.950372913778343562e-12
4.425559370621951141e-12
-2.317261666776276997e-17
-1.544866789135258522e-17
-4.425559370677642045e-12
2.317303457360504962e-17
1.544863330165694083e-17
2.950372913778343158e-12
-1.544866789135258522e-17
-1.029892108642231034e-17
-2.950372913765103422e-12
1.544868339301468524e-17
1.029872035542255196e-17
8.451869483546063793e-07
-4.425559370677642045e-12
-2.950372913765103422e-12
-8.451869483546072263e-07
4.425559370615958121e-12
2.950372913765102614e-12
-4.425559370683634258e-12
2.317303457360504962e-17
1.544868339301468524e-17
4.425559370615958121e-12
-2.317281703319375065e-17
-1.544861779999484081e-17
-2.950372913778343562e-12
1.544863330165694083e-17
1.029872035542255196e-17
2.950372913765102614e-12
-1.544861779999484081e-17
-1.029917154321103697e-17
-3.672813361256444188e-06
1.923917291500622313e-11
1.282538833964153505e-11
3.182306632507716132e-06
-1.666976826444583634e-11
-1.111254898173376370e-11
1.923917291500622313e-11
-1.007841815755818473e-16
-6.718851682469720857e-17
-1.666976825359418313e-11
8.732307249168773166e-17
5.821599378203605440e-17
1.282538833964153505e-11
-6.718851682469720857e-17
-4.479112968458391066e-17
-1.111254898176445500e-11
5.821722946537021001e-17
3.880210427011714025e-17
3.182306632507716132e-06
-1.666976825359418313e-11
-1.111254898176445500e-11
-2.757307411841436750e-06
1.444350934552607465e-11
9.628460488021747634e-12
-1.666976826444583634e-11
8.732307249168773166e-17
5.821722946537021001e-17
1.444350934552607465e-11
-7.565939576240350023e-17
-5.044221929319326978e-17
-1.111254898173376370e-11
5.821599378203605440e-17
3.880210427011714025e-17
9.628460488021747634e-12
-5.044221929319326978e-17
-3.362338771998525114e-17
-5.570271945152588787e-06
2.915695183701643329e-11
1.943588673831034017e-11
4.826358328719081523e-06
-2.526302103802375853e-11
-1.684021081181079402e-11
2.915695183701643329e-11
-1.526195143509298488e-16
-1.017354626996147746e-16
-2.526302103820879172e-11
1.322389758274100402e-16
8.814879036347139293e-17
1.943588673831034017e-11
-1.017354626996147746e-16
-6.782149167632727991e-17
-1.684021081190203269e-11
8.814920225791611147e-17
5.875921073009106265e-17
4.826358328719081523e-06
-2.526302103820879172e-11
-1.684021081190203269e-11
-4.181794883006920786e-06
2.188912735277013107e-11
1.459118917526785514e-11
-2.526302103802375853e-11
1.322389758274100402e-16
8.814920225791611147e-17
2.188912735277013107e-11
-1.145757710293885420e-16
-7.637643263680865561e-17
-1.684021081181079402e-11
8.814879036347139293e-17
5.875921073009106265e-17
1.459118917526785514e-11
-7.637643263680865561e-17
-5.091366800243878269e-17
-5.515110991509796618e-06
2.886366895634671222e-11
1.924353816380803383e-11
4.778564158047461034e-06
-2.500890629557540585e-11
-1.667355052058851581e-11
2.886366895634671222e-11
-1.510622469053009590e-16
-1.007127752316041452e-16
-2.500890628498515787e-11
1.308870912528624055e-16
8.726204346479550076e-17
1.924353816380803383e-11
-1.007127752316041452e-16
-6.714676243548645737e-17
-1.667355052058912327e-11
8.726210353273535889e-17
5.817624596812080815e-17
4.778564158047461034e-06
-2.500890628498515787e-11
-1.667355052058912327e-11
-4.140383656417535781e-06
2.166894980779911356e-11
1.444678647949914487e-11
-2.500890629557540585e-11
1.308870912528624055e-16
8.726210353273535889e-17
2.166894980779911356e-11
-1.134061956800408690e-16
-7.560769938741742748e-17
-1.667355052058851581e-11
8.726204346479550076e-17
5.817624596812080815e-17
1.444678647949914487e-11
-7.560769938741742748e-17
-5.040819619353326889e-17
-5.282934817426645673e-06
2.764052684422510293e-11
1.842740661973073288e-11
4.577395270325294104e-06
-2.395307298583736449e-11
-1.596641390071205574e-11
2.764052684422510293e-11
-1.446190370048163528e-16
-9.641221579950146126e-17
-2.394911563596985071e-11
1.253251522095654428e-16
8.353646332462029647e-17
1.842740661973073288e-11
-9.641221579950146126e-17
-6.427855677225661814e-17
-1.596641390055183473e-11
8.355005584129595885e-17
5.569203163194305844e-17
4.577395270325294104e-06
-2.394911563596985071e-11
-1.596641390055183473e-11
-3.966081010820140882e-06
2.075412375659486885e-11
1.383408843723762298e-11
-2.395307298583736449e-11
1.253251522095654428e-16
8.355005584129595885e-17
2.075412375659486885e-11
-1.086030845541323566e-16
-7.239245999417744699e-17
-1.596641390071205574e-11
8.353646332462029647e-17
5.569203163194305844e-17
1.383408843723762298e-11
-7.239245999417744699e-17
-4.825558976630065271e-17
4.222727508329573569e-05
-2.210244809177095377e-10
-1.473496539448614920e-10
-9.726303973598411268e-06
5.090906961799378372e-11
3.393937974556140718e-11
-2.210244809177095377e-10
1.156910941565375474e-15
7.713035452443170094e-16
5.090906961759978079e-11
-2.664773987767669559e-16
-1.776547888081729334e-16
-1.473496539448614920e-10
7.713035452443170094e-16
5.141948100832581559e-16
3.393937974488995624e-11
-1.776560936542163362e-16
-1.184350035517313436e-16
-9.726303973598411268e-06
5.090906961759978079e-11
3.393937974488995624e-11
2.240281637880501498e-06
-1.172600138515818899e-11
-7.817334256663215496e-12
5.090906961799378372e-11
-2.664773987767669559e-16
-1.776560936542163362e-16
-1.172600138515818899e-11
6.137824302044131311e-17
4.091963014201812944e-17
3.393937974556140718e-11
-1.776547888081729334e-16
-1.184350035517313436e-16
-7.817334256663215496e-12
4.091963014201812944e-17
2.727920242307688966e-17
-8.827429385478484405e-06
4.620377524683772016e-11
3.080866995057578011e-11
2.033241816794430015e-06
-1.064222026840585148e-11
-7.096230774315447043e-12
4.620377524683772016e-11
-2.418092972243331059e-16
-1.612483713718774860e-16
-1.064222026756501916e-11
5.570387759251489762e-17
3.714157272786464027e-17
3.080866995057578011e-11
-1.612483713718774860e-16
-1.075483261576539066e-16
-7.096230774371788221e-12
3.714331252258916708e-17
2.476597790362925177e-17
2.033241816794430015e-06
-1.064222026756501916e-11
-7.096230774371788221e-12
-4.683211957902812579e-07
2.451246713738721750e-12
1.634490917119271140e-12
-1.064222026840585148e-11
5.570387759251489762e-17
3.714331252258916708e-17
2.451246713738721750e-12
-1.282969909383588685e-17
-8.555052897937488717e-18
-7.096230774315447043e-12
3.714157272786464027e-17
2.476597790362925177e-17
1.634490917119271140e-12
-8.555052897937488717e-18
-5.705305464457805276e-18
-1.989433637252587496e-05
7.297433241834443724e-11
4.866252114785532059e-11
4.582307585097905186e-06
-1.680834337385397900e-11
-1.120854878445454438e-11
7.297433241834443724e-11
-2.676873054175100667e-16
-1.784933147378836458e-16
-1.680834337331599818e-11
6.165354483598520877e-17
4.111332359980005493e-17
4.866252114785532059e-11
-1.784933147378836458e-16
-1.190304580231514503e-16
-1.120854878445408717e-11
4.111292263148463171e-17
2.741677264078535174e-17
4.582307585097905186e-06
-1.680834337331599818e-11
-1.120854878445408717e-11
-1.055453291392190196e-06
3.871503823670661786e-12
2.581690444516336119e-12
-1.680834337385397900e-11
6.165354483598520877e-17
4.111292263148463171e-17
3.871503823670661786e-12
-1.420140196860010154e-17
-9.469760224237280425e-18
-1.120854878445454438e-11
4.111332359980005493e-17
2.741677264078535174e-17
2.581690444516336119e-12
-9.469760224237280425e-18
-6.315017470931846744e-18
-1.515517098365821115e-05
-1.216390077001730990e-11
-8.081207410958353216e-12
3.490724880261764448e-06
2.801738833032636488e-12
1.861362818169857472e-12
-1.216390077001730990e-11
-9.766738155628202449e-18
-6.485105000576165954e-18
2.801738833380334669e-12
2.248290048232745009e-18
1.493710960161042493e-18
-8.081207410958353216e-12
-6.485105000576165954e-18
-4.307333736567701251e-18
1.861362818169870800e-12
1.493466859018280858e-18
9.921179416610172010e-19
3.490724880261764448e-06
2.801738833380334669e-12
1.861362818169870800e-12
-8.040265730302721006e-07
-6.453308552280198953e-13
-4.287319164914718198e-13
2.801738833032636488e-12
2.248290048232745009e-18
1.493466859018280858e-18
-6.453308552280198953e-13
-5.181542811639428946e-19
-3.439894667926887106e-19
1.861362818169857472e-12
1.493710960161042493e-18
9.921179416610172010e-19
-4.287319164914718198e-13
-3.439894667926887106e-19
-2.285167740334027654e-19
-1.032874982303022626e-05
5.402132387125496612e-11
3.599949219447004817e-11
2.379044355760074502e-06
-1.244285396051292183e-11
-8.291844626202464319e-12
5.402132387125496612e-11
-2.825436240726920240e-16
-1.882822527576366847e-16
-1.244285396036416665e-11
6.507860964327629080e-17
4.336759577397957234e-17
3.599949219447004817e-11
-1.882822527576366847e-16
-1.254689184686900496e-16
-8.291844626171558137e-12
4.336754140539443261e-17
2.889918600935032380e-17
2.379044355760074502e-06
-1.244285396036416665e-11
-8.291844626171558137e-12
-5.479706783151997271e-07
2.865990753194386963e-12
1.909879365336935032e-12
-1.244285396051292183e-11
6.507860964327629080e-17
4.336754140539443261e-17
2.865990753194386963e-12
-1.498958574951637393e-17
-9.988967063961093812e-18
-8.291844626202464319e-12
4.336759577397957234e-17
2.889918600935032380e-17
1.909879365336935032e-12
-9.988967063961093812e-18
-6.656621855649479647e-18
-9.208083227462260836e-06
-9.880693880926363448e-05
1.694789092524392091e-05
-3.543816200136356550e-05
8.891142158498284204e-05
-1.525040440019240481e-05
7.212471706937996453e-05
3.047520707928162557e-04
-5.227284862825278358e-05
-9.880693880926363448e-05
2.668440243378577604e-04
-4.577006629765161731e-05
1.537210485311233212e-05
4.271701656713051162e-05
-7.327089896069845801e-06
3.782913875205498838e-04
-1.105868570565967605e-03
1.896827459141587182e-04
1.694789092524392091e-05
-4.577006629765161731e-05
7.850649734189869264e-06
-2.636574489513027933e-06
-7.327350350089195140e-06
1.256832967129225704e-06
-6.488667853706404877e-05
1.896830063619617723e-04
-3.253514427951369648e-05
-3.543816200136356550e-05
1.537210485311233212e-05
-2.636574489513027933e-06
2.599729163290418572e-04
-6.691783554386481956e-05
1.147715975279260229e-05
-1.187813078628374366e-04
5.672779734226513226e-06
-9.726027497974609066e-07
8.891142158498284204e-05
4.271701656713051162e-05
-7.327350350089195140e-06
-6.691783554386481956e-05
-1.648540695718770993e-04
2.827682816508437681e-05
-2.873202489083204214e-04
-5.337721899640541218e-06
9.165702295044193876e-07
-1.525040440019240481e-05
-7.327089896069845801e-06
1.256832967129225704e-06
1.147715975279260229e-05
2.827682816508437681e-05
-4.850223064316280806e-06
4.928302094774583247e-05
9.155325356045015043e-07
-1.572112430125272454e-07
7.212471706937996453e-05
3.782913875205498838e-04
-6.488667853706404877e-05
-1.187813078628374366e-04
-2.873202489083204214e-04
4.928302094774583247e-05
-1.685757173911420605e-04
-1.219856377979973774e-03
2.092364392280611355e-04
3.047520707928162557e-04
-1.105868570565967822e-03
1.896830063619617723e-04
5.672779734226513226e-06
-5.337721899640541218e-06
9.155325356045015043e-07
-1.219856377979973774e-03
4.411304436848756394e-03
-7.566445899436523076e-04
-5.227284862825278358e-05
1.896827459141587182e-04
-3.253514427951369648e-05
-9.726027497974609066e-07
9.165702295044193876e-07
-1.572112430125272454e-07
2.092364392280611355e-04
-7.566445899436523076e-04
1.297827079629042821e-04
1.723988288510489779e-05
-5.173445658454382903e-07
7.779074373714989917e-07
-6.408946481535634609e-05
2.907591649482403479e-06
-4.371806235693297391e-06
-4.597133370385215471e-06
-8.464037232342225178e-07
1.272491939953094787e-06
-5.173445658454382903e-07
8.682898414533618984e-07
-1.305428735584029403e-06
-7.597899641390611093e-08
-1.985555417786489624e-06
2.985171636360135798e-06
2.137166914729525014e-06
-1.473857606407509604e-06
2.215876397037146703e-06
7.779074373714989917e-07
-1.305428735584029403e-06
1.962644387754369908e-06
1.138262460145794705e-07
2.985190444760123854e-06
-4.488067051701607849e-06
-3.213140547031174211e-06
2.215857586019043758e-06
-3.331438873775980720e-06
-6.408946481535634609e-05
-7.597899641390611093e-08
1.138262460145794705e-07
2.557026215350569954e-04
2.635621590857434601e-07
-3.946394109412328272e-07
-3.593951823579443129e-07
3.915094937886873627e-08
-5.886353902808698272e-08
2.907591649482403479e-06
-1.985555417786489624e-06
2.985190444760123854e-06
2.635621590857434601e-07
8.152277478014324707e-06
-1.225649401532631466e-05
-1.184789719119160666e-05
-2.414901397688259735e-07
3.629923147989126082e-07
-4.371806235693297391e-06
2.985171636360135798e-06
-4.488067051701607849e-06
-3.946394109412328272e-07
-1.225649401532631466e-05
1.842695443520719773e-05
1.781265206025455446e-05
3.630672331447577216e-07
-5.457391160340657970e-07
-4.597133370385215471e-06
2.137166914729525014e-06
-3.213140547031174211e-06
-3.593951823579443129e-07
-1.184789719119160666e-05
1.781265206025455446e-05
1.867514910067330221e-05
3.333064092604217066e-06
-5.010958748987230277e-06
-8.464037232342225178e-07
-1.473857606407509604e-06
2.215857586019043758e-06
3.915094937886873627e-08
-2.414901397688259735e-07
3.630672331447577216e-07
3.333064092604217066e-06
6.113587157202974615e-06
-9.191417208409222319e-06
1.272491939953094787e-06
2.215876397037146703e-06
-3.331438873775980720e-06
-5.886353902808698272e-08
3.629923147989126082e-07
-5.457391160340657970e-07
-5.010958748987230277e-06
-9.191417208409222319e-06
1.381875290738261421e-05
1.704591902128847655e-05
-5.593173007303421494e-07
9.591408414725745883e-07
-6.427844130829930814e-05
2.409005879700677066e-06
-4.131001310838425200e-06
-3.635372172196831629e-06
-1.805915161198371076e-07
3.096225960302942222e-07
-5.593173007303421494e-07
4.505333565316116380e-07
-7.725022958258114657e-07
2.986011584595590281e-08
-1.576686978795505672e-06
2.703436442112820637e-06
2.198554247986009617e-06
-2.183138249649333446e-07
3.743428650378124696e-07
9.591408414725745883e-07
-7.725022958258114657e-07
1.324562962449483852e-06
-5.164444283901215838e-08
2.703452928523206281e-06
-4.635424323064691239e-06
-3.769734272399674938e-06
3.743263786274106789e-07
-6.418576978089084330e-07
-6.427844130829930814e-05
2.986011584595590281e-08
-5.164444283901215838e-08
2.554851188920237871e-04
-3.361039283521172674e-07
5.780643262978411351e-07
6.110216660318632451e-07
2.171362114068188774e-07
-3.723041914009611256e-07
2.409005879700677066e-06
-1.576686978795505672e-06
2.703452928523206281e-06
-3.361039283521172674e-07
6.299448774818483163e-06
-1.080123194151888535e-05
-9.261781397696246002e-06
-1.766219021020581794e-08
3.021996075746562119e-08
-4.131001310838425200e-06
2.703436442112820637e-06
-4.635424323064691239e-06
5.780643262978411351e-07
-1.080123194151888535e-05
1.852013020537716950e-05
1.588054094207430036e-05
3.028564539432663963e-08
-5.181866465578555479e-08
-3.635372172196831629e-06
2.198554247986009617e-06
-3.769734272399674938e-06
6.110216660318632451e-07
-9.261781397696246002e-06
1.588054094207430036e-05
1.387291361127119551e-05
5.023708311721239917e-07
-8.612844243448713184e-07
-1.805915161198371076e-07
-2.183138249649333446e-07
3.743263786274106789e-07
2.171362114068188774e-07
-1.766219021020581794e-08
3.028564539432663963e-08
5.023708311721239917e-07
8.874612513465638668e-07
-1.521665006005109815e-06
3.096225960302942222e-07
3.743428650378124696e-07
-6.418576978089084330e-07
-3.723041914009611256e-07
3.021996075746562119e-08
-5.181866465578555479e-08
-8.612844243448713184e-07
-1.521665006005109815e-06
2.609087875742467464e-06
1.686568670626436067e-05
-5.510892881101178878e-07
1.047224061038980500e-06
-6.439395006928101044e-05
1.975515635916453695e-06
-3.754062729877698915e-06
-2.801787498334076333e-06
2.201169403948962948e-07
-4.182543791802925305e-07
-5.510892881101178878e-07
2.226129646221038623e-07
-4.229800752882764938e-07
8.932952980604870746e-08
-1.270303640521448314e-06
2.413642140964144609e-06
2.106303043933167498e-06
3.833760800814739852e-07
-7.284182494796822835e-07
1.047224061038980500e-06
-4.229800752882764938e-07
8.036914857517141648e-07
-1.702132817629958742e-07
2.413656275720577879e-06
-4.586070857102762536e-06
-4.002103818259691258e-06
-7.284323853376319264e-07
1.384028557005437891e-06
-6.439395006928101044e-05
8.932952980604870746e-08
-1.702132817629958742e-07
2.554340637251443233e-04
-6.435947196315417039e-07
1.224777132681624312e-06
1.122283207520637061e-06
2.876908153661676801e-07
-5.466187432951039496e-07
1.975515635916453695e-06
-1.270303640521448314e-06
2.413656275720577879e-06
-6.435947196315417039e-07
4.926544367412841186e-06
-9.360689483048786639e-06
-7.227192425341601579e-06
1.345593672098167995e-07
-2.557238085377420553e-07
-3.754062729877698915e-06
2.413642140964144609e-06
-4.586070857102762536e-06
1.224777132681624312e-06
-9.360689483048786639e-06
1.778579489678710213e-05
1.373204129920097887e-05
-2.556674760337584073e-07
4.858841281123240857e-07
-2.801787498334076333e-06
2.106303043933167498e-06
-4.002103818259691258e-06
1.122283207520637061e-06
-7.227192425341601579e-06
1.373204129920097887e-05
1.004051025975495442e-05
-1.164673784097128449e-06
2.213014643948645239e-06
2.201169403948962948e-07
3.833760800814739852e-07
-7.284323853376319264e-07
2.876908153661676801e-07
1.345593672098167995e-07
-2.556674760337584073e-07
-1.164673784097128449e-06
-1.661994257327533617e-06
3.157864830526365312e-06
-4.182543791802925305e-07
-7.284182494796822835e-07
1.384028557005437891e-06
-5.466187432951039496e-07
-2.557238085377420553e-07
4.858841281123240857e-07
2.213014643948645239e-06
3.157864830526365312e-06
-6.000087089889566301e-06
1.630403845155556713e-05
-3.212959222830236472e-07
8.121897288777923546e-07
-6.444816491220645290e-05
6.769426926740688160e-07
-1.711498982092714697e-06
-5.098713679594262598e-07
6.031543974934320155e-07
-1.524401745226674535e-06
-3.212959222830236472e-07
-3.601117893893142405e-08
9.101067767711030274e-08
1.055806460324353505e-07
-4.988670602902522991e-07
1.260824761884939361e-06
1.174516442728290014e-06
6.423416655462719009e-07
-1.623426638262055324e-06
8.121897288777923546e-07
9.101067767711030274e-08
-2.300103365998563793e-07
-2.674532730958439920e-07
1.260830185242698634e-06
-3.186592275803352460e-06
-2.968447450668031377e-06
-1.623432061619849537e-06
4.102992216622928431e-06
-6.444816491220645290e-05
1.055806460324353505e-07
-2.674532730958439920e-07
2.557057430649781519e-04
-6.415902767710278456e-07
1.623964771192524064e-06
1.066604912301871649e-06
2.209391937174512555e-07
-5.583858680330062326e-07
6.769426926740688160e-07
-4.988670602902522991e-07
1.260830185242698634e-06
-6.415902767710278456e-07
1.640988580611560239e-06
-4.147398358615588460e-06
-2.055463463592912236e-06
3.465818417522687855e-07
-8.759615368119545369e-07
-1.711498982092714697e-06
1.260824761884939361e-06
-3.186592275803352460e-06
1.623964771192524064e-06
-4.147398358615588460e-06
1.048204319396972658e-05
5.194935530473919957e-06
-8.759399292407847335e-07
2.213877342124117288e-06
-5.098713679594262598e-07
1.174516442728290014e-06
-2.968447450668031377e-06
1.066604912301871649e-06
-2.055463463592912236e-06
5.194935530473919957e-06
9.648085167068041398e-07
-2.624007941092559629e-06
6.631859273220472457e-06
6.031543974934320155e-07
6.423416655462719009e-07
-1.623432061619849537e-06
2.209391937174512555e-07
3.465818417522687855e-07
-8.759399292407847335e-07
-2.624007941092559629e-06
-2.905779268838086541e-06
7.343966803401116131e-06
-1.524401745226674535e-06
-1.623426638262055324e-06
4.102992216622928431e-06
-5.583858680330062326e-07
-8.759615368119545369e-07
2.213877342124117288e-06
6.631859273220472457e-06
7.343966803401116131e-06
-1.856088966804066587e-05
1.496039168188083692e-05
1.007496986476101395e-10
1.623520212348858809e-10
1.412253397841163610e-05
-8.362180323486938870e-10
-4.645931396619058204e-10
-3.494676516107937447e-05
5.773881700021831430e-06
2.930848674185003645e-05
-3.494656002761075233e-05
-5.773421072197261118e-06
-2.930862736817117797e-05
1.007496986476101395e-10
4.930476024854363754e-05
3.440356006203218106e-05
-8.346174082360095299e-10
-1.890593648339340801e-04
-1.162598287832734546e-04
1.060517969400445534e-06
2.628123115255398620e-06
-5.996703839780051024e-06
-1.060058935528798678e-06
2.628200479901351721e-06
-5.996377189202528157e-06
1.623520212348859326e-10
3.440356006203218106e-05
2.698464781406142171e-05
-4.613904265033718917e-10
-1.156647104272573960e-04
-5.719668533944141279e-05
2.250164132595110252e-05
-6.294211606667463426e-06
-2.169950246865917924e-05
-2.250178516720127911e-05
-6.293987775424925535e-06
-2.169978528787694491e-05
1.412253397841163610e-05
-8.346174082360095299e-10
-4.613904265033718917e-10
-2.196043170291213660e-05
2.998583186035041817e-09
1.691953852151722099e-09
-1.534353621635409345e-05
-9.505715777207176902e-06
5.745280704728998230e-06
-1.534337652500794157e-05
9.505828575681632512e-06
-5.745252662928268793e-06
-8.362180323486937836e-10
-1.890593648339340801e-04
-1.156647104272573825e-04
2.998583186035041817e-09
7.142030046885359694e-04
4.305893151332864841e-04
8.661590788488644035e-07
-4.704584983332926381e-06
2.983445734200531961e-07
-8.660403609570078143e-07
-4.704682607040874573e-06
2.984049916898817315e-07
-4.645931396619058204e-10
-1.162598287832734546e-04
-5.719668533944141279e-05
1.691953852151722305e-09
4.305893151332864841e-04
2.526423583753275941e-04
5.453587425941073287e-06
1.407587671966395919e-06
-1.970948829307896859e-05
-5.453547470347265722e-06
1.407701501038677990e-06
-1.970954921111210887e-05
-3.494676516107937447e-05
1.060517969400445534e-06
2.250164132595110252e-05
-1.534353621635409345e-05
8.661590788488644035e-07
5.453587425941073287e-06
1.638693264008268845e-04
-8.419276591510635834e-06
-1.021708142827128512e-04
-1.824786800631837555e-05
3.599616307685172772e-06
1.283343776154831989e-05
5.773881700021831430e-06
2.628123115255398620e-06
-6.294211606667463426e-06
-9.505715777207176902e-06
-4.704584983332926381e-06
1.407587671966395919e-06
-8.419276591510691738e-06
-6.656213350699625756e-06
1.304958236715489655e-05
-3.599440774535428265e-06
1.563427468216818456e-06
9.006999129346461916e-06
2.930848674185003645e-05
-5.996703839780051024e-06
-2.169950246865917924e-05
5.745280704728998230e-06
2.983445734200531961e-07
-1.970948829307896859e-05
-1.021708142827128512e-04
1.304958236715489655e-05
9.410203052513408458e-05
-1.283347041050249303e-05
9.007164083565169364e-06
6.500956239796229039e-06
-3.494656002761075233e-05
-1.060058935528798678e-06
-2.250178516720127911e-05
-1.534337652500794157e-05
-8.660403609570078143e-07
-5.453547470347265722e-06
-1.824786800631837555e-05
-3.599440774535428265e-06
-1.283347041050249303e-05
1.638684019931492281e-04
8.417271116828539370e-06
1.021713431764703899e-04
-5.773421072197261118e-06
2.628200479901351721e-06
-6.293987775424925535e-06
9.505828575681632512e-06
-4.704682607040874573e-06
1.407701501038677990e-06
3.599616307685172772e-06
1.563427468216818456e-06
9.007164083565169364e-06
8.417271116828539370e-06
-6.656404146730967331e-06
1.304846918153115530e-05
-2.930862736817117797e-05
-5.996377189202528157e-06
-2.169978528787694491e-05
-5.745252662928268793e-06
2.984049916898817315e-07
-1.970954921111210887e-05
1.283343776154831989e-05
9.006999129346461916e-06
6.500956239796229039e-06
1.021713431764703899e-04
1.304846918153115530e-05
9.410314575575841843e-05
1.142137476992214009e-05
-4.362053438910051349e-06
1.439266094366755699e-06
-3.965536528690871336e-06
3.143582461721145292e-06
-1.037253534883827008e-06
-1.930584903926543683e-05
5.213247506813932036e-07
-2.046130598384357142e-05
-1.930631702043957752e-05
1.259637636385280222e-05
1.613312454422478968e-05
-4.362053438910051349e-06
1.338362563116782388e-05
3.383891415762513246e-06
-3.880916167470011242e-06
-2.312157648978534311e-05
4.847463623759134258e-06
2.108734737084018828e-06
-7.125493112566469596e-06
1.318517397156658172e-06
1.803346501733061967e-05
-1.964570100999637117e-05
-1.878077786309088800e-05
1.439266094366755699e-06
3.383891415762517058e-06
2.252237704979952011e-05
1.280598914258840084e-06
4.847502372387289184e-06
-1.003026674243059870e-05
-2.745360888199132115e-05
-1.874591466588585808e-06
-4.322574924860062863e-05
2.080757498864718564e-05
-1.558770773135087837e-05
-3.070507370476739201e-05
-3.965536528690871336e-06
-3.880916167470011242e-06
1.280598914258840084e-06
1.181468206085151404e-05
-7.939212424822108483e-06
2.619583717565087012e-06
1.484214766413422280e-06
1.088118573864932766e-05
-4.673044881203868600e-06
1.484212764295321473e-06
1.152568031423811619e-05
-2.720479000419916257e-06
3.143582461721145292e-06
-2.312157648978534311e-05
4.847502372387289184e-06
-7.939212424822108483e-06
1.000198763270074254e-04
-2.348226491108402220e-05
-1.632630664951447230e-06
-1.447371022045117658e-06
3.301294701530184097e-08
-2.147106866428084391e-06
-1.237766212032215279e-05
5.378265057799332723e-06
-1.037253534883827008e-06
4.847463623759134258e-06
-1.003026674243059870e-05
2.619583717565087012e-06
-2.348226491108402220e-05
3.660289588337088548e-05
1.403168095105128603e-06
2.013772483424973369e-05
-5.070697017770658615e-06
-1.559780188357828753e-07
-1.472630240677257238e-05
5.859597021905446748e-06
-1.930584903926543683e-05
2.108734737084018828e-06
-2.745360888199132115e-05
1.484214766413422280e-06
-1.632630664951447230e-06
1.403168095105128603e-06
6.518486388771734788e-05
-7.595304738712535947e-06
9.030848216728376413e-05
5.301127657485981560e-06
1.366790635148210013e-06
1.063256112253421760e-05
5.213247506813932036e-07
-7.125493112566469596e-06
-1.874591466588585808e-06
1.088118573864932766e-05
-1.447371022045117658e-06
2.013772483424973369e-05
-7.595304738712535947e-06
2.906627109122082755e-05
-3.810399524208091373e-06
-5.229325701097858574e-06
-1.055799527809983087e-06
-9.339042403266809074e-06
-2.046130598384357142e-05
1.318517397156658172e-06
-4.322574924860062863e-05
-4.673044881203868600e-06
3.301294701530168215e-08
-5.070697017770658615e-06
9.030848216728376413e-05
-3.810399524208091373e-06
1.814148132607684293e-04
-9.357807153633405743e-06
-1.137909776221468237e-06
-1.520299857177899753e-05
-1.930631702043957752e-05
1.803346501733061967e-05
2.080757498864718564e-05
1.484212764295321473e-06
-2.147106866428084391e-06
-1.559780188357828753e-07
5.301127657485981560e-06
-5.229325701097858574e-06
-9.357807153633405743e-06
6.518661048617986023e-05
-5.985045782207817894e-05
-6.805469999724126533e-05
1.259637636385280222e-05
-1.964570100999637117e-05
-1.558770773135087837e-05
1.152568031423811619e-05
-1.237766212032215279e-05
-1.472630240677257238e-05
1.366790635148210013e-06
-1.055799527809983087e-06
-1.137909776221468237e-06
-5.985045782207817894e-05
8.667060086731352816e-05
7.397357265804738375e-05
1.613312454422478968e-05
-1.878077786309088800e-05
-3.070507370476739201e-05
-2.720479000419916257e-06
5.378265057799332723e-06
5.859597021905446748e-06
1.063256112253421760e-05
-9.339042403266809074e-06
-1.520299857177899753e-05
-6.805469999724122468e-05
7.397357265804732954e-05
1.238087371243900821e-04
1.114769441062357534e-05
-4.210515952561153418e-06
7.657786539228810448e-07
-2.773205183243678923e-06
1.620597458286816245e-06
-2.947551075496595970e-07
-1.939188550418529495e-05
3.527124073204620342e-06
-2.058149233495648288e-05
-1.939235986248117688e-05
1.054864598253132793e-05
1.802150390851586884e-05
-4.210515952561153418e-06
4.810207943090363838e-06
3.324959495795566865e-06
-2.915676116992230977e-06
3.615859665152418585e-06
-1.614312232546551031e-06
4.694419559082987854e-06
-6.972141664930665661e-06
5.521488289048446651e-06
1.391762407146077758e-05
-1.457567517058048564e-05
-1.630228077946150719e-05
7.657786539228810448e-07
3.324959495795566865e-06
2.248584145081043619e-05
5.303382442434174223e-07
-1.614288287369795650e-06
-4.965747280800086291e-06
-2.704630543877607632e-05
3.907888184421404621e-06
-4.323157607590496929e-05
2.366122365439235177e-05
-1.468870462922688649e-05
-3.562756542101280191e-05
-2.773205183243678923e-06
-2.915676116992230977e-06
5.303382442434174223e-07
5.571240044082183489e-06
-2.433341025028626871e-06
4.425550369692516550e-07
2.383480234582580586e-06
6.676705174670731813e-06
-1.070020159220391928e-06
2.383501523425352253e-06
6.625974540906175472e-06
-1.349580960343819283e-06
1.620597458286816245e-06
3.615859665152418585e-06
-1.614288287369795650e-06
-2.433341025028626871e-06
-8.737843818700176846e-06
4.014019342987088246e-06
-1.445950192912296368e-06
-6.521612177835705972e-07
-8.099362170886739208e-07
-2.162128325919182960e-06
-4.089545432812151318e-06
2.813816473000440031e-06
-2.947551075496595970e-07
-1.614312232546551031e-06
-4.965747280800086291e-06
4.425550369692516550e-07
4.014019342987088246e-06
1.260077550740920829e-05
2.296819086382348306e-06
1.195043549800839387e-05
1.236829738653825203e-06
-1.640557587405867063e-06
-9.946465974335493658e-06
4.674186464274256661e-06
-1.939188550418529495e-05
4.694419559082987854e-06
-2.704630543877605938e-05
2.383480234582580586e-06
-1.445950192912296368e-06
2.296819086382348306e-06
6.494656500913738837e-05
-1.671145742467687476e-05
8.793879312079826876e-05
4.960896112813451152e-06
6.570975521060881651e-07
1.059021414107613661e-05
3.527124073204620342e-06
-6.972141664930665661e-06
3.907888184421404621e-06
6.676705174670731813e-06
-6.521612177835705972e-07
1.195043549800839387e-05
-1.671145742467687476e-05
2.707649274453054821e-05
-2.017892994610092486e-05
-3.114001070994648372e-06
-4.329092716391677591e-07
-6.339708126534179304e-06
-2.058149233495648288e-05
5.521488289048446651e-06
-4.323157607590496929e-05
-1.070020159220391928e-06
-8.099362170886739208e-07
1.236829738653825203e-06
8.793879312079826876e-05
-2.017892994610092486e-05
1.761324817149345298e-04
-1.014310049089326507e-05
4.053294631968189063e-07
-1.620647199465907593e-05
-1.939235986248117688e-05
1.391762407146077758e-05
2.366122365439235177e-05
2.383501523425352253e-06
-2.162128325919182960e-06
-1.640557587405867063e-06
4.960896112813451152e-06
-3.114001070994648372e-06
-1.014310049089326507e-05
6.494831206903706362e-05
-4.660733211564775050e-05
-7.642293384655686733e-05
1.054864598253132793e-05
-1.457567517058047208e-05
-1.468870462922688649e-05
6.625974540906175472e-06
-4.089545432812151318e-06
-9.946465974335493658e-06
6.570975521060881651e-07
-4.329092716391677591e-07
4.053294631968189063e-07
-4.660733211564775050e-05
5.885906260265769054e-05
6.429910649804122292e-05
1.802150390851586884e-05
-1.630228077946150719e-05
-3.562756542101278836e-05
-1.349580960343819283e-06
2.813816473000440031e-06
4.674186464274256661e-06
1.059021414107613661e-05
-6.339708126534179304e-06
-1.620647199465907593e-05
-7.642293384655686733e-05
6.429910649804122292e-05
1.443481606189358298e-04
1.090582194993631927e-05
-4.192448435207672492e-06
6.037726346096421023e-07
-2.184088153755749571e-06
7.857942617371999807e-07
-1.131761995279886845e-07
-1.923560812543473187e-05
4.610769673862458653e-06
-2.058427851012141008e-05
-1.923607876359519447e-05
1.023244974671374585e-05
1.844665285554433694e-05
-4.192448435207672492e-06
3.973434077645090755e-06
2.687080065185604052e-06
-2.424978882936160633e-06
5.097289950235506138e-06
-1.269264302808556436e-06
5.361100411878867958e-06
-6.808965221922737674e-06
6.533694387034546962e-06
1.269289215286847597e-05
-1.310087556588961709e-05
-1.528158634456049859e-05
6.037726346096421023e-07
2.687080065185608287e-06
2.224319110135337000e-05
3.492691020026303831e-07
-1.269248400354323708e-06
-3.532396540878144886e-06
-2.675224478678995638e-05
6.107936379144384746e-06
-4.284015693073606873e-05
2.415217381477765995e-05
-1.485584423809155229e-05
-3.654775992010937018e-05
-2.184088153755749571e-06
-2.424978882936160633e-06
3.492691020026303831e-07
3.750154222407399412e-06
-7.374862218422515767e-07
1.062007796497288958e-07
2.195942560172501890e-06
4.921384697547411856e-06
-4.774790512697492986e-07
2.195957716690705557e-06
4.856171727458944280e-06
-9.307607820306960329e-07
7.857942617371999807e-07
5.097289950235506138e-06
-1.269248400354323708e-06
-7.374862218422515767e-07
-1.795086382735285838e-05
3.787573433559210768e-06
-8.457735039532980322e-07
4.651275037578240508e-07
-4.461794788305115710e-07
-1.346099935243399992e-06
-1.516432859193042066e-06
1.390232634786465911e-06
-1.131761995279886845e-07
-1.269264302808556436e-06
-3.532396540878144886e-06
1.062007796497288958e-07
3.787573433559210768e-06
7.801048269064410091e-06
1.894705056868787893e-06
8.126592629581706322e-06
1.692923849100318910e-06
-1.578996698542975996e-06
-7.182480167737208351e-06
3.674436468694343895e-06
-1.923560812543473187e-05
5.361100411878867958e-06
-2.675224478678996993e-05
2.195942560172501890e-06
-8.457735039532980322e-07
1.894705056868787893e-06
6.476229265581267061e-05
-1.967298491656176439e-05
8.738700175824851710e-05
4.750120232273147977e-06
5.331311644602613954e-07
1.044789182345098325e-05
4.610769673862458653e-06
-6.808965221922737674e-06
6.107936379144384746e-06
4.921384697547411856e-06
4.651275037578240508e-07
8.126592629581760532e-06
-1.967298491656176439e-05
2.476571975664109551e-05
-2.498373206371487561e-05
-2.436871745462660632e-06
1.522700967994999767e-07
-5.912614950997759243e-06
-2.058427851012141008e-05
6.533694387034546962e-06
-4.284015693073606873e-05
-4.774790512697492986e-07
-4.461794788305115710e-07
1.692923849100318910e-06
8.738700175824851710e-05
-2.498373206371487561e-05
1.743109262357336224e-04
-1.017346370570278666e-05
1.072975351495330243e-06
-1.630018068170259766e-05
-1.923607876359519447e-05
1.269289215286847597e-05
2.415217381477765995e-05
2.195957716690705557e-06
-1.346099935243399992e-06
-1.578996698542975996e-06
4.750120232273147977e-06
-2.436871745462660632e-06
-1.017346370570278666e-05
6.476403197236926975e-05
-4.353481605146336959e-05
-7.828434290614085802e-05
1.023244974671374585e-05
-1.310087556588961709e-05
-1.485584423809153873e-05
4.856171727458944280e-06
-1.516432859193042066e-06
-7.182480167737208351e-06
5.331311644602613954e-07
1.522700967994999767e-07
1.072975351495330243e-06
-4.353481605146332215e-05
5.020287043938630471e-05
6.149055396119964797e-05
1.844665285554433694e-05
-1.528158634456049859e-05
-3.654775992010935663e-05
-9.307607820306960329e-07
1.390232634786465911e-06
3.674436468694343895e-06
1.044789182345098325e-05
-5.912614950997759243e-06
-1.630018068170259766e-05
-7.828434290614085802e-05
6.149055396119959375e-05
1.488720090746108074e-04
2.508225471442970919e-04
-1.313286705464793433e-09
-8.755244702962869448e-10
-2.508225471442970377e-04
1.313286705444755603e-09
8.755244702962872550e-10
-1.313286705464793433e-09
6.876240040188050912e-15
4.584151214476922041e-15
1.313286705426468087e-09
-6.876291025725484778e-15
-4.584160656243112855e-15
-8.755244702962869448e-10
4.584151214476922041e-15
3.056141094520364876e-15
8.755244702986411008e-10
-4.584158767889874535e-15
-3.056118434281505423e-15
-2.508225471442970377e-04
1.313286705426468087e-09
8.755244702986411008e-10
2.508225471442970919e-04
-1.313286705446506124e-09
-8.755244702986407906e-10
1.313286705444755603e-09
-6.876291025725484778e-15
-4.584158767889874535e-15
-1.313286705446506124e-09
6.876264588780148290e-15
4.584160656243112855e-15
8.755244702962872550e-10
-4.584160656243112855e-15
-3.056118434281505423e-15
-8.755244702986407906e-10
4.584160656243112855e-15
3.056142982873603196e-15
-8.747848461983481327e-06
4.579966449994970649e-11
3.054004900932087262e-11
8.747848461983447445e-06
-4.579966449971448347e-11
-3.054004900932091140e-11
4.579966449994970649e-11
-2.397774291399197388e-16
-1.598887570402997854e-16
-4.579966449949850532e-11
2.397906476125878842e-16
1.598925337467764019e-16
3.054004900932087262e-11
-1.598887570402997854e-16
-1.066107587748367751e-16
-3.054004900965701814e-11
1.598821478039657374e-16
1.066060378917410229e-16
8.747848461983447445e-06
-4.579966449949850532e-11
-3.054004900965701814e-11
-8.747848461983481327e-06
4.579966449973381882e-11
3.054004900965688243e-11
-4.579966449971448347e-11
2.397906476125878842e-16
1.598821478039657374e-16
4.579966449973381882e-11
-2.397736524334431470e-16
-1.598878128636806251e-16
-3.054004900932091140e-11
1.598925337467764019e-16
1.066060378917410229e-16
3.054004900965688243e-11
-1.598878128636806251e-16
-1.066268097773623521e-16
-6.359148936931854279e-06
3.312999764960819089e-11
2.208582955921157979e-11
6.359148936931845808e-06
-3.312999764876429864e-11
-2.208582955921157009e-11
3.312999764960819089e-11
-1.725987132188959631e-16
-1.150626768997529034e-16
-3.312999764841185508e-11
1.726044392750165628e-16
1.150628841491647407e-16
2.208582955921157979e-11
-1.150626768997529034e-16
-7.670371952154437538e-17
-2.208582955863244350e-11
1.150626123891548991e-16
7.670208843066083491e-17
6.359148936931845808e-06
-3.312999764841185508e-11
-2.208582955863244350e-11
-6.359148936931854279e-06
3.312999764925574086e-11
2.208582955863243380e-11
-3.312999764876429864e-11
1.726044392750165628e-16
1.150626123891548991e-16
3.312999764925574086e-11
-1.726003437789549635e-16
-1.150629486597627450e-16
-2.208582955921157009e-11
1.150628841491647407e-16
7.670208843066083491e-17
2.208582955863243380e-11
-1.150629486597627450e-16
-7.670657300164765068e-17
-6.631841063582846081e-06
3.466074963518386187e-11
2.310716642323175597e-11
6.631841063582841845e-06
-3.466074963468185372e-11
-2.310716642323174628e-11
3.466074963518386187e-11
-1.811514986289283119e-16
-1.207701719475077377e-16
-3.466074963473761086e-11
1.811535112839504819e-16
1.207693095145130973e-16
2.310716642323175597e-11
-1.207701719475077377e-16
-8.051421055784907276e-17
-2.310716642306186729e-11
1.207698530345327559e-16
8.051066103011236152e-17
6.631841063582841845e-06
-3.466074963473761086e-11
-2.310716642306186729e-11
-6.631841063582846081e-06
3.466074963523961902e-11
2.310716642306188991e-11
-3.466074963468185372e-11
1.811535112839504819e-16
1.207698530345327559e-16
3.466074963523961902e-11
-1.811506833488988117e-16
-1.207696284274880545e-16
-2.310716642323174628e-11
1.207693095145130973e-16
8.051066103011236152e-17
2.310716642306188991e-11
-1.207696284274880545e-16
-8.051230823778021844e-17
-2.669492462327761087e-06
1.861258689170191937e-11
1.240839126107274885e-11
2.669492462327758970e-06
-1.861258689161229629e-11
-1.240839126107274885e-11
1.861258689170191937e-11
-1.297727875286270991e-16
-8.651562103071628952e-17
-1.861258689155743418e-11
1.297733083651057983e-16
8.651560779179034348e-17
1.240839126107274885e-11
-8.651562103071628952e-17
-5.767722352838031575e-17
-1.240839126104524671e-11
8.651543794178420172e-17
5.767654402661018245e-17
2.669492462327758970e-06
-1.861258689155743418e-11
-1.240839126104524671e-11
-2.669492462327761087e-06
1.861258689164705726e-11
1.240839126104524671e-11
-1.861258689161229629e-11
1.297733083651057983e-16
8.651543794178420172e-17
1.861258689164705726e-11
-1.297729913486344742e-16
-8.651545118071014776e-17
-1.240839126107274885e-11
8.651560779179034348e-17
5.767654402661018245e-17
1.240839126104524671e-11
-8.651545118071014776e-17
-5.767722352838031575e-17
2.113939020539382324e-04
-1.106694552416929761e-09
-7.377953446720735734e-10
-2.113939020539382324e-04
1.106694552396078812e-09
7.377953446720735734e-10
-1.106694552416929761e-09
5.793807440688345665e-15
3.862521163280513658e-15
1.106694552375556875e-09
-5.793784600006056092e-15
-3.862521163280513658e-15
-7.377953446720735734e-10
3.862521163280513658e-15
2.575009033146500092e-15
7.377953446728742843e-10
-3.862521163280513658e-15
-2.575020453487644879e-15
-2.113939020539382324e-04
1.106694552375556875e-09
7.377953446728742843e-10
2.113939020539382324e-04
-1.106694552396407617e-09
-7.377953446728742843e-10
1.106694552396078812e-09
-5.793784600006056092e-15
-3.862521163280513658e-15
-1.106694552396407617e-09
5.793807440688345665e-15
3.862521163280513658e-15
7.377953446720735734e-10
-3.862521163280513658e-15
-2.575020453487644879e-15
-7.377953446728742843e-10
3.862521163280513658e-15
2.575012839926881556e-15
2.933040248273389381e-05
-1.535545507015042496e-10
-1.023696913015007808e-10
-2.933040248273390059e-05
1.535545506986110045e-10
1.023696913015007808e-10
-1.535545507015042496e-10
8.039138734925692204e-16
5.359399403831406684e-16
1.535545506957806509e-10
-8.039098287884137916e-16
-5.359399849938482560e-16
-1.023696913015007808e-10
5.359399403831406684e-16
3.572930457514960428e-16
1.023696913015237092e-10
-5.359398957724330808e-16
-3.572931647133829758e-16
-2.933040248273390059e-05
1.535545506957806509e-10
1.023696913015237092e-10
2.933040248273389381e-05
-1.535545506986739219e-10
-1.023696913015237092e-10
1.535545506986110045e-10
-8.039098287884137916e-16
-5.359398957724330808e-16
-1.535545506986739219e-10
8.039099700556545184e-16
5.359399403831406684e-16
1.023696913015007808e-10
-5.359399849938482560e-16
-3.572931647133829758e-16
-1.023696913015237092e-10
5.359399403831406684e-16
3.572931647133829758e-16
2.577368780329000221e-06
-1.357982085951016485e-11
-9.073866774348470205e-12
-2.577368780329007844e-06
1.357982085875704113e-11
9.073866774348463743e-12
-1.357982085951016485e-11
7.154510633828109611e-17
4.781033624737518412e-17
1.357982085797516481e-11
-7.154938896621032949e-17
-4.781084183539460656e-17
-9.073866774348470205e-12
4.781033624737518412e-17
3.193987998939615438e-17
9.073866774416539738e-12
-4.780864104048652950e-17
-3.194279827318473803e-17
-2.577368780329007844e-06
1.357982085797516481e-11
9.073866774416539738e-12
2.577368780329000221e-06
-1.357982085872827722e-11
-9.073866774416530044e-12
1.357982085875704113e-11
-7.154938896621032949e-17
-4.780864104048652950e-17
-1.357982085872827722e-11
7.154986481375802483e-17
4.780911688803421867e-17
9.073866774348463743e-12
-4.781084183539460656e-17
-3.194279827318473803e-17
-9.073866774416530044e-12
4.780911688803421867e-17
3.194380944922358909e-17
-3.394419549499769909e-06
1.777616274521652966e-11
1.185164544635604129e-11
3.394419549499767792e-06
-1.777616274539584367e-11
-1.185164544635604291e-11
1.777616274521652966e-11
-9.309267291668822424e-17
-6.206626780524193464e-17
-1.777616274577831454e-11
9.309112641215778607e-17
6.206568413588981690e-17
1.185164544635604129e-11
-6.206626780524193464e-17
-4.138114848080104639e-17
-1.185164544635894127e-11
6.206639790721136607e-17
4.138018683367182101e-17
3.394419549499767792e-06
-1.777616274577831454e-11
-1.185164544635894127e-11
-3.394419549499769909e-06
1.777616274559900053e-11
1.185164544635895096e-11
-1.777616274539584367e-11
9.309112641215778607e-17
6.206639790721136607e-17
1.777616274559900053e-11
-9.309243499291438274e-17
-6.206581426304803310e-17
-1.185164544635604291e-11
6.206568413588981690e-17
4.138018683367182101e-17
1.185164544635895096e-11
-6.206581426304803310e-17
-4.137981695573564500e-17
-2.964959450108081045e-06
1.552425258478602656e-11
1.035042794945589447e-11
2.964958994071933531e-06
-1.552425258488709446e-11
-1.035042794945589447e-11
1.552425258478602656e-11
-8.128380238486963812e-17
-5.419445471595018042e-17
-1.552425019722465024e-11
8.128368315197427421e-17
5.419400489980085281e-17
1.035042794945589447e-11
-5.419445471595018042e-17
-3.613298781903936661e-17
-1.035042635747119936e-11
5.419442777213327557e-17
3.613262184633094327e-17
2.964958994071933531e-06
-1.552425019722465024e-11
-1.035042635747119936e-11
-2.964958538035858437e-06
1.552425019712357911e-11
1.035042635747120744e-11
-1.552425258488709446e-11
8.128368315197427421e-17
5.419442777213327557e-17
1.552425019712357911e-11
-8.128415927053040037e-17
-5.419397793901274573e-17
-1.035042794945589447e-11
5.419400489980085281e-17
3.613262184633094327e-17
1.035042635747120744e-11
-5.419397793901274573e-17
-3.613226533468899944e-17
1.757383972390708104e-04
-9.198648159948560271e-10
-6.132423714566625302e-10
-1.757383972390707020e-04
9.198648160254420642e-10
6.132423714566625302e-10
-9.198648159948560271e-10
4.814800541545791840e-15
3.209905497859942787e-15
9.198648160496111443e-10
-4.814847026325779631e-15
-3.209891071548912202e-15
-6.132423714566625302e-10
3.209905497859942787e-15
2.139899597026178977e-15
6.132423714554740785e-10
-3.209902292013047145e-15
-2.139904405796522242e-15
-1.757383972390707020e-04
9.198648160496111443e-10
6.132423714554740785e-10
1.757383972390708104e-04
-9.198648160190244868e-10
-6.132423714554740785e-10
9.198648160254420642e-10
-4.814847026325779631e-15
-3.209902292013047145e-15
-9.198648160190244868e-10
4.814840614631987559e-15
3.209891071548912202e-15
6.132423714566625302e-10
-3.209891071548912202e-15
-2.139904405796522242e-15
-6.132423714554740785e-10
3.209891071548912202e-15
2.139912420413761544e-15
1.022799010572883813e-05
-5.352082650103293720e-11
-3.567964068946862323e-11
-1.022799010572883643e-05
5.352082650072463148e-11
3.567964068946862323e-11
-5.352082650103293720e-11
2.800622838939008924e-16
1.867035641605687776e-16
5.352082650052555883e-11
-2.800632356296980298e-16
-1.867037645259997799e-16
-3.567964068946862323e-11
1.867035641605687776e-16
1.244663294918346628e-16
3.567964068953195425e-11
-1.867036643432842788e-16
-1.244657033498628423e-16
-1.022799010572883643e-05
5.352082650052555883e-11
3.567964068953195425e-11
1.022799010572883813e-05
-5.352082650083385809e-11
-3.567964068953195425e-11
5.352082650072463148e-11
-2.800632356296980298e-16
-1.867036643432842788e-16
-5.352082650083385809e-11
2.800625844420473465e-16
1.867037645259997799e-16
3.567964068946862323e-11
-1.867037645259997799e-16
-1.244657033498628423e-16
-3.567964068953195425e-11
1.867037645259997799e-16
1.244662794004769122e-16
2.418985337237539600e-07
-1.248369047097380133e-12
-8.322460314086584760e-13
-2.418985337237539600e-07
1.248369047089883808e-12
8.322460314086598897e-13
-1.248369047097380133e-12
6.443357310642052371e-18
4.295732148006264815e-18
1.248369047074401839e-12
-6.443295656950077153e-18
-4.295712121333080080e-18
-8.322460314086584760e-13
4.295732148006264815e-18
2.863860366537978933e-18
8.322460313437323710e-13
-4.295737167011952281e-18
-2.863510341006567609e-18
-2.418985337237539600e-07
1.248369047074401839e-12
8.322460313437323710e-13
2.418985337237539600e-07
-1.248369047081898365e-12
-8.322460313437325730e-13
1.248369047089883808e-12
-6.443295656950077153e-18
-4.295737167011952281e-18
-1.248369047081898365e-12
6.443207036568816856e-18
4.295757193685137786e-18
8.322460314086598897e-13
-4.295712121333080080e-18
-2.863510341006567609e-18
-8.322460313437325730e-13
4.295757193685137786e-18
2.863484681354890144e-18
7.105992392099023654e-05
-3.663669548586590063e-10
-2.442461255506801017e-10
-6.156982262825973413e-05
3.174383982107369892e-10
2.116268889411647928e-10
-3.663669548586590063e-10
1.888912086568929345e-15
1.259272050355309337e-15
3.174383981965213734e-10
-1.636631598188171133e-15
-1.091094825863106388e-15
-2.442461255506801017e-10
1.259272050355309337e-15
8.395196125179564987e-16
2.116268889412013955e-10
-1.091095443704773571e-15
-7.274009212331231872e-16
-6.156982262825973413e-05
3.174383981965213734e-10
2.116268889412013955e-10
5.334713083411548299e-05
-2.750442836808733373e-10
-1.833639736227092553e-10
3.174383982107369892e-10
-1.636631598188171133e-15
-1.091095443704773571e-15
-2.750442836808733373e-10
1.418059856491950974e-15
9.453783976331459979e-16
2.116268889411647928e-10
-1.091094825863106388e-15
-7.274009212331231872e-16
-1.833639736227092553e-10
9.453783976331459979e-16
6.302557942914093184e-16
-9.613241720550781334e-07
5.032603198962326572e-12
3.355339151582887683e-12
8.329386733864227798e-07
-4.360495610799431913e-12
-2.907231320009735566e-12
5.032603198962326572e-12
-2.634060193448410232e-17
-1.756124641328335704e-17
-4.360495610370446677e-12
2.282279658547065181e-17
1.521510619154827623e-17
3.355339151582887683e-12
-1.756124641328335704e-17
-1.171008579996414885e-17
-2.907231320147335526e-12
1.521373321006588625e-17
1.014866722338134473e-17
8.329386733864227798e-07
-4.360495610370446677e-12
-2.907231320147335526e-12
-7.216991456061966841e-07
3.778148447827349057e-12
2.518968595010277432e-12
-4.360495610799431913e-12
2.282279658547065181e-17
1.521373321006588625e-17
3.778148447827349057e-12
-1.977669992966751950e-17
-1.318216668996449838e-17
-2.907231320009735566e-12
1.521510619154827623e-17
1.014866722338134473e-17
2.518968595010277432e-12
-1.318216668996449838e-17
-8.792948910044543525e-18
-5.549050773774463393e-06
2.905486491536256924e-11
1.937187863166119951e-11
4.807971259248421628e-06
-2.517456790438844744e-11
-1.678475103144936015e-11
2.905486491536256924e-11
-1.521341473670948709e-16
-1.014397928319808120e-16
-2.517456789436870851e-11
1.318158846666116945e-16
8.789264527852291163e-17
1.937187863166119951e-11
-1.014397928319808120e-16
-6.762784906032153023e-17
-1.678475103147024000e-11
8.789285122574527707e-17
5.859225935728500076e-17
4.807971259248421628e-06
-2.517456789436870851e-11
-1.678475103147024000e-11
-4.165863419201517367e-06
2.181248719587224726e-11
1.454313608632865766e-11
-2.517456790438844744e-11
1.318158846666116945e-16
8.789285122574527707e-17
2.181248719587224726e-11
-1.142107573428302846e-16
-7.615452257089597886e-17
-1.678475103144936015e-11
8.789264527852291163e-17
5.859225935728500076e-17
1.454313608632865766e-11
-7.615452257089597886e-17
-5.077007825355373613e-17
-4.550381988965963121e-06
2.385999120216141676e-11
1.590666080101008896e-11
3.942675371605684549e-06
-2.067347310723419502e-11
-1.378231540488306400e-11
2.385999120216141676e-11
-1.251124300279684540e-16
-8.340717032868232298e-17
-2.067347310714595165e-11
1.084026905125677770e-16
7.226814615876912613e-17
1.590666080101008896e-11
-8.340717032868232298e-17
-5.560424942000593741e-17
-1.378231540492756373e-11
7.226800886062089484e-17
4.817730184230253499e-17
3.942675371605684549e-06
-2.067347310714595165e-11
-1.378231540492756373e-11
-3.416128387366096484e-06
1.791251667778846037e-11
1.194167778495837205e-11
-2.067347310723419502e-11
1.084026905125677770e-16
7.226800886062089484e-17
1.791251667778846037e-11
-9.392454223818516499e-17
-6.261645527288954820e-17
-1.378231540488306400e-11
7.226814615876912613e-17
4.817730184230253499e-17
1.194167778495837205e-11
-6.261645527288954820e-17
-4.174432139269725236e-17
3.765300266622322381e-04
-1.971472752957826297e-09
-1.314315168597768448e-09
-8.672701440668374349e-05
4.540937873095884494e-10
3.027291915397594957e-10
-1.971472752957826297e-09
1.032248281173663305e-14
6.881616181857497529e-15
4.540937872964375701e-10
-2.377591291974317499e-15
-1.585057816675443693e-15
-1.314315168597768448e-09
6.881616181857497529e-15
4.587759857515317165e-15
3.027291915399115418e-10
-1.585058469098465345e-15
-1.056706298488665216e-15
-8.672701440668374349e-05
4.540937872964375701e-10
3.027291915399115418e-10
1.997602978591766934e-05
-1.045924511868958215e-10
-6.972830079115466299e-11
4.540937873095884494e-10
-2.377591291974317499e-15
-1.585058469098465345e-15
-1.045924511868958215e-10
5.476352895612019595e-16
3.650900594638473048e-16
3.027291915397594957e-10
-1.585057816675443693e-15
-1.056706298488665216e-15
-6.972830079115466299e-11
3.650900594638473048e-16
2.433941076491451457e-16
-2.068069885174337666e-05
9.535130830812717370e-11
6.355511351672066585e-11
4.763432237143646564e-06
-2.196248294679583635e-11
-1.463879333726435286e-11
9.535130830812717370e-11
-4.396424461646611595e-16
-2.930377535992930397e-16
-2.196248294752213970e-11
1.012599207825472395e-16
6.749573051023292061e-17
6.355511351672066585e-11
-2.930377535992930397e-16
-1.953142637908522062e-16
-1.463879333726130586e-11
6.749532954191749738e-17
4.498804693547742249e-17
4.763432237143646564e-06
-2.196248294752213970e-11
-1.463879333726130586e-11
-1.097172142997796988e-06
5.058668472836065044e-12
3.371786446651722408e-12
-2.196248294679583635e-11
1.012599207825472395e-16
6.749532954191749738e-17
5.058668472836065044e-12
-2.332442757349970218e-17
-1.554627865275007137e-17
-1.463879333726435286e-11
6.749573051023292061e-17
4.498804693547742249e-17
3.371786446651722408e-12
-1.554627865275007137e-17
-1.036199844587850970e-17
-1.515517098365821115e-05
-1.216390077001730990e-11
-8.081207410958353216e-12
3.490724880261764448e-06
2.801738833032636488e-12
1.861362818169857472e-12
-1.216390077001730990e-11
-9.766738155628202449e-18
-6.485105000576165954e-18
2.801738833380334669e-12
2.248290048232745009e-18
1.493710960161042493e-18
-8.081207410958353216e-12
-6.485105000576165954e-18
-4.307333736567701251e-18
1.861362818169870800e-12
1.493466859018280858e-18
9.921179416610172010e-19
3.490724880261764448e-06
2.801738833380334669e-12
1.861362818169870800e-12
-8.040265730302721006e-07
-6.453308552280198953e-13
-4.287319164914718198e-13
2.801738833032636488e-12
2.248290048232745009e-18
1.493466859018280858e-18
-6.453308552280198953e-13
-5.181542811639428946e-19
-3.439894667926887106e-19
1.861362818169857472e-12
1.493710960161042493e-18
9.921179416610172010e-19
-4.287319164914718198e-13
-3.439894667926887106e-19
-2.285167740334027654e-19
-1.169571629625021642e-05
6.125876945880981198e-11
4.083917963807035059e-11
2.693900841622095019e-06
-1.410987120560475149e-11
-9.406580803727801056e-12
6.125876945880981198e-11
-3.208539760299828983e-16
-2.139032083077424134e-16
-1.410987120522386874e-11
7.390368392778325772e-17
4.926881295177624176e-17
4.083917963807035059e-11
-2.139032083077424134e-16
-1.426078466715152594e-16
-9.406580803698715641e-12
4.926881295177624176e-17
3.284591076394381214e-17
2.693900841622095019e-06
-1.410987120522386874e-11
-9.406580803698715641e-12
-6.204922862927988555e-07
3.249958613320755447e-12
2.166639075538680388e-12
-1.410987120560475149e-11
7.390368392778325772e-17
4.926881295177624176e-17
3.249958613320755447e-12
-1.702230098306317507e-17
-1.134820936742168683e-17
-9.406580803727801056e-12
4.926881295177624176e-17
3.284591076394381214e-17
2.166639075538680388e-12
-1.134820936742168683e-17
-7.565604581770359487e-18
-9.208083227462260836e-06
-9.880693880926363448e-05
1.694789092524392091e-05
-3.543816200136356550e-05
8.891142158498284204e-05
-1.525040440019240481e-05
7.212471706937996453e-05
3.047520707928162557e-04
-5.227284862825278358e-05
-9.880693880926363448e-05
2.668440243378577604e-04
-4.577006629765161731e-05
1.537210485311233212e-05
4.271701656713051162e-05
-7.327089896069845801e-06
3.782913875205498838e-04
-1.105868570565967605e-03
1.896827459141587182e-04
1.694789092524392091e-05
-4.577006629765161731e-05
7.850649734189869264e-06
-2.636574489513027933e-06
-7.327350350089195140e-06
1.256832967129225704e-06
-6.488667853706404877e-05
1.896830063619617723e-04
-3.253514427951369648e-05
-3.543816200136356550e-05
1.537210485311233212e-05
-2.636574489513027933e-06
2.599729163290418572e-04
-6.691783554386481956e-05
1.147715975279260229e-05
-1.187813078628374366e-04
5.672779734226513226e-06
-9.726027497974609066e-07
8.891142158498284204e-05
4.271701656713051162e-05
-7.327350350089195140e-06
-6.691783554386481956e-05
-1.648540695718770993e-04
2.827682816508437681e-05
-2.873202489083204214e-04
-5.337721899640541218e-06
9.165702295044193876e-07
-1.525040440019240481e-05
-7.327089896069845801e-06
1.256832967129225704e-06
1.147715975279260229e-05
2.827682816508437681e-05
-4.850223064316280806e-06
4.928302094774583247e-05
9.155325356045015043e-07
-1.572112430125272454e-07
7.212471706937996453e-05
3.782913875205498838e-04
-6.488667853706404877e-05
-1.187813078628374366e-04
-2.873202489083204214e-04
4.928302094774583247e-05
-1.685757173911420605e-04
-1.219856377979973774e-03
2.092364392280611355e-04
3.047520707928162557e-04
-1.105868570565967822e-03
1.896830063619617723e-04
5.672779734226513226e-06
-5.337721899640541218e-06
9.155325356045015043e-07
-1.219856377979973774e-03
4.411304436848756394e-03
-7.566445899436523076e-04
-5.227284862825278358e-05
1.896827459141587182e-04
-3.253514427951369648e-05
-9.726027497974609066e-07
9.165702295044193876e-07
-1.572112430125272454e-07
2.092364392280611355e-04
-7.566445899436523076e-04
1.297827079629042821e-04
1.607016807304143983e-05
-1.870932248780886025e-05
7.044149370029877579e-06
-5.689097093255673151e-05
8.613107441559228892e-06
-3.242691534222440474e-06
-7.135286362459090562e-06
6.592798571649359821e-05
-2.482238644118223657e-05
-1.870932248780886025e-05
5.772447467907586993e-05
-2.173365585944796188e-05
4.557090614738772822e-06
2.104302337313501952e-06
-7.923036339985673177e-07
6.998400254466617806e-05
-2.320883355643418074e-04
8.738285051285694482e-05
7.044149370029877579e-06
-2.173365585944796188e-05
8.182868699126888179e-06
-1.715568813749403279e-06
-7.923187561239607083e-07
2.983207386216773079e-07
-2.634950915806414439e-05
8.738286564482369650e-05
-3.290024837921541568e-05
-5.689097093255673151e-05
4.557090614738772822e-06
-1.715568813749403279e-06
2.594057053339739400e-04
-2.271214437866612919e-05
8.550336161517060565e-06
-3.274249147489415393e-05
4.555927531625093266e-06
-1.715220962519033121e-06
8.613107441559228892e-06
2.104302337313501952e-06
-7.923187561239607083e-07
-2.271214437866612919e-05
-8.386014821572275921e-06
3.157486267498501015e-06
-1.160392690673621051e-05
2.119760639872856225e-09
-7.548208226940142600e-10
-3.242691534222440474e-06
-7.923036339985673177e-07
2.983207386216773079e-07
8.550336161517060565e-06
3.157486267498501015e-06
-1.188850688213985949e-06
4.369093277854201690e-06
-8.150962256403352401e-10
2.905922631051748219e-10
-7.135286362459090562e-06
6.998400254466617806e-05
-2.634950915806414439e-05
-3.274249147489415393e-05
-1.160392690673621051e-05
4.369093277854201690e-06
6.117067458038437594e-05
-2.672241309530634309e-04
1.006117909134927554e-04
6.592798571649359821e-05
-2.320883355643418074e-04
8.738286564482371005e-05
4.555927531625093266e-06
2.119760639872856638e-09
-8.150962256403353435e-10
-2.672241309530634309e-04
9.246769141202140210e-04
-3.481472449203497745e-04
-2.482238644118223657e-05
8.738285051285694482e-05
-3.290024837921541568e-05
-1.715220962519033121e-06
-7.548208226940142600e-10
2.905922631051748219e-10
1.006117909134927554e-04
-3.481472449203498287e-04
1.310798423693163462e-04
1.657301130285353572e-05
-4.715811102989899725e-07
1.038752904672764978e-06
-6.447823520918980031e-05
1.306465798702220518e-06
-2.877912270591492685e-06
-1.551434245586268041e-06
5.723927991410372800e-07
-1.260654326326706932e-06
-4.715811102989899725e-07
2.873843617498271223e-08
-6.329768004573564257e-08
1.302347201894733472e-07
-8.568688589582997337e-07
1.887174048256683167e-06
1.748623877305845577e-06
7.423700863400482495e-07
-1.634985425697438437e-06
1.038752904672764978e-06
-6.329768004573564257e-08
1.394159477877982942e-07
-2.873741016796822246e-07
1.887183982806887007e-06
-4.156347384236859487e-06
-3.851192484205863650e-06
-1.634995358809142740e-06
3.600890757548599039e-06
-6.447823520918980031e-05
1.302347201894733472e-07
-2.873741016796822246e-07
2.554762310170980073e-04
-8.244050775015074466e-07
1.817831623096637172e-06
1.415922137816463752e-06
3.055280457812370813e-07
-6.728847725601087684e-07
1.306465798702220518e-06
-8.568688589582997337e-07
1.887183982806887007e-06
-8.244050775015074466e-07
3.107946692536660909e-06
-6.844966786775047968e-06
-4.380774790486604206e-06
3.059632293046554454e-07
-6.738921778248935346e-07
-2.877912270591492685e-06
1.887174048256683167e-06
-4.156347384236859487e-06
1.817831623096637172e-06
-6.844966786775102178e-06
1.507540991006221485e-05
9.648255761357726949e-06
-6.738526220863183724e-07
1.484178383751267141e-06
-1.551434245586268041e-06
1.748623877305845577e-06
-3.851192484205863650e-06
1.415922137816463752e-06
-4.380774790486604206e-06
9.648255761357726949e-06
4.765253303641791406e-06
-2.586037389979152186e-06
5.695543994175095330e-06
5.723927991410372800e-07
7.423700863400482495e-07
-1.634995358809142740e-06
3.055280457812370813e-07
3.059632293046554454e-07
-6.738526220863183724e-07
-2.586037389979152186e-06
-3.263690746116593956e-06
7.187949616498011985e-06
-1.260654326326706932e-06
-1.634985425697438437e-06
3.600890757548599039e-06
-6.728847725601087684e-07
-6.738921778248935346e-07
1.484178383751267141e-06
5.695543994175095330e-06
7.187949616498011985e-06
-1.583073388592521482e-05
1.646020878069368658e-05
-4.209271492121573273e-07
9.788908768964111571e-07
-6.446780900376857589e-05
1.055565441050499682e-06
-2.454984496695904781e-06
-1.112436183193013396e-06
6.214792452840581018e-07
-1.445081691506247148e-06
-4.209271492121573273e-07
-8.046712455757598278e-09
1.870660486805751552e-08
1.292331679735632320e-07
-7.125973501180718242e-07
1.656942053583697546e-06
1.547811517449054078e-06
7.446568134363721893e-07
-1.731472317099358361e-06
9.788908768964111571e-07
1.870660486805751552e-08
-4.348820011218953001e-08
-3.010642750016869390e-07
1.656950235227167225e-06
-3.852765560472193964e-06
-3.599001914077321543e-06
-1.731480512765178537e-06
4.026029872036241170e-06
-6.446780900376857589e-05
1.292331679735632320e-07
-3.010642750016869390e-07
2.554916457893984623e-04
-7.988273651667876007e-07
1.859701414069333039e-06
1.358967550227109497e-06
2.839406535614613740e-07
-6.602106137280781885e-07
1.055565441050499682e-06
-7.125973501180718242e-07
1.656950235227167225e-06
-7.988273651667876007e-07
2.498648630342174315e-06
-5.809898345278645342e-06
-3.406723209396432749e-06
3.404592769253103193e-07
-7.916705754897188374e-07
-2.454984496695904781e-06
1.656942053583697546e-06
-3.852765560472193964e-06
1.859701414069333039e-06
-5.809898345278645342e-06
1.350926993990031968e-05
7.921370473189636298e-06
-7.916379717368306374e-07
1.840797214972927955e-06
-1.112436183193013396e-06
1.547811517449054078e-06
-3.599001914077321543e-06
1.358967550227109497e-06
-3.406723209396432749e-06
7.921370473189636298e-06
3.073165646534483895e-06
-2.760018678383326067e-06
6.417659551183141124e-06
6.214792452840581018e-07
7.446568134363721893e-07
-1.731480512765178537e-06
2.839406535614613740e-07
3.404592769253103193e-07
-7.916379717368306374e-07
-2.760018678383326067e-06
-3.307297508086986831e-06
7.690148067239121053e-06
-1.445081691506247148e-06
-1.731472317099358361e-06
4.026029872036241170e-06
-6.602106137280781885e-07
-7.916705754897188374e-07
1.840797214972927955e-06
6.417659551183141124e-06
7.690148067239121053e-06
-1.788117856046145778e-05
-3.672017742233362088e-05
6.801169659127033836e-10
7.874486644467043203e-10
1.745382140085872610e-04
-3.508107121830622442e-09
-2.858245302789035353e-09
-1.882446227493771469e-05
4.577105351765293475e-05
5.681741237068622436e-05
-1.882473227352977169e-05
-4.577008081761626824e-05
-5.681748965556057961e-05
6.801169659127033836e-10
1.191146417346016547e-04
1.689461164504316051e-04
-3.412239885147410203e-09
-5.470814829171649586e-04
-6.171601485356322057e-04
-3.027044210955050034e-06
5.151695559536372936e-05
-6.327091289253244226e-06
3.027921042978452378e-06
5.151747592543702152e-05
-6.326389815901237243e-06
7.874486644467043203e-10
1.689461164504316593e-04
1.150459359087981136e-04
-2.491490637780879561e-09
-5.568854543159571608e-04
-3.911420758699463152e-04
2.203864141013866043e-05
-3.646414912993961387e-05
-1.886850535687488022e-05
-2.203908545348627748e-05
-3.646402619349917412e-05
-1.886875612135679997e-05
1.745382140085872610e-04
-3.412239885147410203e-09
-2.491490637780879561e-09
-5.092467863018877326e-04
1.293427135163030832e-08
9.273116068012529000e-09
-7.070762461652557458e-05
-1.522411111977463316e-04
-7.515787914949805925e-05
-7.070597943010197136e-05
1.522408973935630708e-04
7.515789405286465888e-05
-3.508107121830622442e-09
-5.470814829171650670e-04
-5.568854543159571608e-04
1.293427135163030832e-08
2.152466764631278014e-03
2.057691441861975775e-03
8.370723251958578209e-07
-5.650089858355347017e-05
9.160395156599623307e-06
-8.369287191596336053e-07
-5.650274190693818264e-05
9.159477399129598582e-06
-2.858245302789035353e-09
-6.171601485356322057e-04
-3.911420758699463152e-04
9.273116068012529000e-09
2.057691441861975775e-03
1.538259255821026626e-03
1.252069077416794718e-05
1.215085275605254871e-04
-4.006114731433560412e-05
-1.251930862027276840e-05
1.215091642888750575e-04
-4.006094804913767476e-05
-1.882446227493771469e-05
-3.027044210955050034e-06
2.203864141013866043e-05
-7.070762461652557458e-05
8.370723251958578209e-07
1.252069077416794718e-05
1.626161331064084124e-04
-3.970526171584674338e-06
-1.156651675260573012e-04
-2.173286220400614990e-05
1.441796127608214567e-05
2.098670345433298749e-05
4.577105351765292120e-05
5.151695559536372936e-05
-3.646414912993961387e-05
-1.522411111977462774e-04
-5.650089858355347017e-05
1.215085275605254871e-04
-3.970526171584674338e-06
-1.115097576016534688e-04
-2.387083588818501059e-05
-1.441811106734071528e-05
-2.403922027096086253e-05
3.829688082560472249e-05
5.681741237068622436e-05
-6.327091289253244226e-06
-1.886850535687488022e-05
-7.515787914949805925e-05
9.160395156599623307e-06
-4.006114731433560412e-05
-1.156651675260573012e-04
-2.387083588818501059e-05
8.586428511661859102e-05
-2.098638384730644370e-05
3.829718193669515695e-05
2.453669654088305366e-05
-1.882473227352977169e-05
3.027921042978452378e-06
-2.203908545348627748e-05
-7.070597943010197136e-05
-8.369287191596336053e-07
-1.251930862027276840e-05
-2.173286220400614990e-05
-1.441811106734071528e-05
-2.098638384730644370e-05
1.626154945012089838e-04
3.967263633058292609e-06
1.156651211239673264e-04
-4.577008081761626824e-05
5.151747592543700797e-05
-3.646402619349917412e-05
1.522408973935630708e-04
-5.650274190693818264e-05
1.215091642888750575e-04
1.441796127608214567e-05
-2.403922027096086253e-05
3.829718193669515695e-05
3.967263633058292609e-06
-1.115098540117072915e-04
-2.387223202378288854e-05
-5.681748965556057961e-05
-6.326389815901237243e-06
-1.886875612135679997e-05
7.515789405286465888e-05
9.159477399129598582e-06
-4.006094804913767476e-05
2.098670345433298749e-05
3.829688082560472249e-05
2.453669654088305366e-05
1.156651211239673264e-04
-2.387223202378288854e-05
8.586502068337624114e-05
1.496039168188083692e-05
1.007496986476101395e-10
1.623520212348858809e-10
1.412253397841163610e-05
-8.362180323486938870e-10
-4.645931396619058204e-10
-3.494676516107937447e-05
5.773881700021831430e-06
2.930848674185003645e-05
-3.494656002761075233e-05
-5.773421072197261118e-06
-2.930862736817117797e-05
1.007496986476101395e-10
4.930476024854363754e-05
3.440356006203218106e-05
-8.346174082360095299e-10
-1.890593648339340801e-04
-1.162598287832734546e-04
1.060517969400445534e-06
2.628123115255398620e-06
-5.996703839780051024e-06
-1.060058935528798678e-06
2.628200479901351721e-06
-5.996377189202528157e-06
1.623520212348859326e-10
3.440356006203218106e-05
2.698464781406142171e-05
-4.613904265033718917e-10
-1.156647104272573960e-04
-5.719668533944141279e-05
2.250164132595110252e-05
-6.294211606667463426e-06
-2.169950246865917924e-05
-2.250178516720127911e-05
-6.293987775424925535e-06
-2.169978528787694491e-05
1.412253397841163610e-05
-8.346174082360095299e-10
-4.613904265033718917e-10
-2.196043170291213660e-05
2.998583186035041817e-09
1.691953852151722099e-09
-1.534353621635409345e-05
-9.505715777207176902e-06
5.745280704728998230e-06
-1.534337652500794157e-05
9.505828575681632512e-06
-5.745252662928268793e-06
-8.362180323486937836e-10
-1.890593648339340801e-04
-1.156647104272573825e-04
2.998583186035041817e-09
7.142030046885359694e-04
4.305893151332864841e-04
8.661590788488644035e-07
-4.704584983332926381e-06
2.983445734200531961e-07
-8.660403609570078143e-07
-4.704682607040874573e-06
2.984049916898817315e-07
-4.645931396619058204e-10
-1.162598287832734546e-04
-5.719668533944141279e-05
1.691953852151722305e-09
4.305893151332864841e-04
2.526423583753275941e-04
5.453587425941073287e-06
1.407587671966395919e-06
-1.970948829307896859e-05
-5.453547470347265722e-06
1.407701501038677990e-06
-1.970954921111210887e-05
-3.494676516107937447e-05
1.060517969400445534e-06
2.250164132595110252e-05
-1.534353621635409345e-05
8.661590788488644035e-07
5.453587425941073287e-06
1.638693264008268845e-04
-8.419276591510635834e-06
-1.021708142827128512e-04
-1.824786800631837555e-05
3.599616307685172772e-06
1.283343776154831989e-05
5.773881700021831430e-06
2.628123115255398620e-06
-6.294211606667463426e-06
-9.505715777207176902e-06
-4.704584983332926381e-06
1.407587671966395919e-06
-8.419276591510691738e-06
-6.656213350699625756e-06
1.304958236715489655e-05
-3.599440774535428265e-06
1.563427468216818456e-06
9.006999129346461916e-06
2.930848674185003645e-05
-5.996703839780051024e-06
-2.169950246865917924e-05
5.745280704728998230e-06
2.983445734200531961e-07
-1.970948829307896859e-05
-1.021708142827128512e-04
1.304958236715489655e-05
9.410203052513408458e-05
-1.283347041050249303e-05
9.007164083565169364e-06
6.500956239796229039e-06
-3.494656002761075233e-05
-1.060058935528798678e-06
-2.250178516720127911e-05
-1.534337652500794157e-05
-8.660403609570078143e-07
-5.453547470347265722e-06
-1.824786800631837555e-05
-3.599440774535428265e-06
-1.283347041050249303e-05
1.638684019931492281e-04
8.417271116828539370e-06
1.021713431764703899e-04
-5.773421072197261118e-06
2.628200479901351721e-06
-6.293987775424925535e-06
9.505828575681632512e-06
-4.704682607040874573e-06
1.407701501038677990e-06
3.599616307685172772e-06
1.563427468216818456e-06
9.007164083565169364e-06
8.417271116828539370e-06
-6.656404146730967331e-06
1.304846918153115530e-05
-2.930862736817117797e-05
-5.996377189202528157e-06
-2.169978528787694491e-05
-5.745252662928268793e-06
2.984049916898817315e-07
-1.970954921111210887e-05
1.283343776154831989e-05
9.006999129346461916e-06
6.500956239796229039e-06
1.021713431764703899e-04
1.304846918153115530e-05
9.410314575575841843e-05
1.070660279112265267e-05
-4.507299044927515001e-06
1.784790759159355786e-06
-3.194440128276328561e-06
2.862531496829924176e-06
-1.133519729221525080e-06
-1.835910233255084808e-05
-7.559284316688168374e-08
-2.055233189964249347e-05
-1.835956419506270011e-05
1.401580551262238732e-05
1.503233647418120069e-05
-4.507299044927515001e-06
2.129129487805002410e-05
6.566337853145829971e-07
-3.856227609079699147e-06
-5.068236703358045605e-05
1.718505069516526501e-05
1.141121718712060764e-06
-6.780603775271652536e-06
-6.098293357434097672e-07
1.951785005262959071e-05
-2.190877202575788511e-05
-1.902308412234506325e-05
1.784790759159355786e-06
6.566337853145829971e-07
2.268954121019214982e-05
1.527063138032258474e-06
1.718508853946128741e-05
-1.409014599978709996e-05
-2.729345316535172780e-05
-2.916970685549595684e-06
-4.281137208044485167e-05
1.911287486103477131e-05
-1.671598063398648090e-05
-2.768274229190126199e-05
-3.194440128276328561e-06
-3.856227609079699147e-06
1.527063138032258474e-06
1.269605405480268555e-05
-9.036337094051720973e-06
3.578233703463546264e-06
-3.937430525881348759e-07
1.105527606552058026e-05
-6.278430197864129519e-06
-3.937689526800835690e-07
1.235667826996424330e-05
-2.992536787324313960e-06
2.862531496829924176e-06
-5.068236703358045605e-05
1.718508853946128741e-05
-9.036337094051720973e-06
2.047311192571621852e-04
-6.941835500176767937e-05
-1.084120010648859298e-06
-1.431752904639919672e-06
3.085405051492874005e-07
-5.507639586682753267e-07
-1.436074961529789946e-05
5.045583783056821259e-06
-1.133519729221525080e-06
1.718505069516526501e-05
-1.409014599978709996e-05
3.578233703463546264e-06
-6.941835500176773358e-05
5.691858621840725828e-05
-3.497329118242488930e-07
1.881052280039533935e-05
-8.660502293017871634e-06
9.971434027427427036e-07
-1.345625745280637584e-05
4.268521463677885036e-06
-1.835910233255084808e-05
1.141121718712060764e-06
-2.729345316535172780e-05
-3.937430525881348759e-07
-1.084120010648859298e-06
-3.497329118242488930e-07
6.431208040641212291e-05
-4.604037371687641276e-06
9.155846022954343324e-05
4.522495273481358246e-06
1.434173770588332040e-06
1.053844014565983784e-05
-7.559284316688168374e-08
-6.780603775271652536e-06
-2.916970685549595684e-06
1.105527606552058026e-05
-1.431752904639919672e-06
1.881052280039533935e-05
-4.604037371687641276e-06
2.719518139846512672e-05
3.603486717792564796e-06
-6.169436402582649696e-06
-4.860396837840023055e-07
-1.153984484703461208e-05
-2.055233189964249347e-05
-6.098293357434097672e-07
-4.281137208044485845e-05
-6.278430197864129519e-06
3.085405051492874005e-07
-8.660502293017871634e-06
9.155846022954343324e-05
3.603486717792564796e-06
1.827733636083268311e-04
-8.663064653974365408e-06
-1.638646616457091356e-06
-1.451649886405363239e-05
-1.835956419506270011e-05
1.951785005262959071e-05
1.911287486103475775e-05
-3.937689526800835690e-07
-5.507639586682753267e-07
9.971434027427427036e-07
4.522495273481358246e-06
-6.169436402582649696e-06
-8.663064653974365408e-06
6.431382805807350452e-05
-6.604032379595938960e-05
-6.358489728886786098e-05
1.401580551262238732e-05
-2.190877202575788511e-05
-1.671598063398648090e-05
1.235667826996424330e-05
-1.436074961529789946e-05
-1.345625745280637584e-05
1.434173770588332040e-06
-4.860396837840023055e-07
-1.638646616457091356e-06
-6.604032379595938960e-05
9.652042300049510899e-05
7.741034910084467358e-05
1.503233647418120069e-05
-1.902308412234506325e-05
-2.768274229190124505e-05
-2.992536787324313960e-06
5.045583783056821259e-06
4.268521463677885036e-06
1.053844014565983784e-05
-1.153984484703461208e-05
-1.451649886405363239e-05
-6.358489728886786098e-05
7.741034910084467358e-05
1.134463744313278597e-04
1.142137476992214009e-05
-4.362053438910051349e-06
1.439266094366755699e-06
-3.965536528690871336e-06
3.143582461721145292e-06
-1.037253534883827008e-06
-1.930584903926543683e-05
5.213247506813932036e-07
-2.046130598384357142e-05
-1.930631702043957752e-05
1.259637636385280222e-05
1.613312454422478968e-05
-4.362053438910051349e-06
1.338362563116782388e-05
3.383891415762513246e-06
-3.880916167470011242e-06
-2.312157648978534311e-05
4.847463623759134258e-06
2.108734737084018828e-06
-7.125493112566469596e-06
1.318517397156658172e-06
1.803346501733061967e-05
-1.964570100999637117e-05
-1.878077786309088800e-05
1.439266094366755699e-06
3.383891415762517058e-06
2.252237704979952011e-05
1.280598914258840084e-06
4.847502372387289184e-06
-1.003026674243059870e-05
-2.745360888199132115e-05
-1.874591466588585808e-06
-4.322574924860062863e-05
2.080757498864718564e-05
-1.558770773135087837e-05
-3.070507370476739201e-05
-3.965536528690871336e-06
-3.880916167470011242e-06
1.280598914258840084e-06
1.181468206085151404e-05
-7.939212424822108483e-06
2.619583717565087012e-06
1.484214766413422280e-06
1.088118573864932766e-05
-4.673044881203868600e-06
1.484212764295321473e-06
1.152568031423811619e-05
-2.720479000419916257e-06
3.143582461721145292e-06
-2.312157648978534311e-05
4.847502372387289184e-06
-7.939212424822108483e-06
1.000198763270074254e-04
-2.348226491108402220e-05
-1.632630664951447230e-06
-1.447371022045117658e-06
3.301294701530184097e-08
-2.147106866428084391e-06
-1.237766212032215279e-05
5.378265057799332723e-06
-1.037253534883827008e-06
4.847463623759134258e-06
-1.003026674243059870e-05
2.619583717565087012e-06
-2.348226491108402220e-05
3.660289588337088548e-05
1.403168095105128603e-06
2.013772483424973369e-05
-5.070697017770658615e-06
-1.559780188357828753e-07
-1.472630240677257238e-05
5.859597021905446748e-06
-1.930584903926543683e-05
2.108734737084018828e-06
-2.745360888199132115e-05
1.484214766413422280e-06
-1.632630664951447230e-06
1.403168095105128603e-06
6.518486388771734788e-05
-7.595304738712535947e-06
9.030848216728376413e-05
5.301127657485981560e-06
1.366790635148210013e-06
1.063256112253421760e-05
5.213247506813932036e-07
-7.125493112566469596e-06
-1.874591466588585808e-06
1.088118573864932766e-05
-1.447371022045117658e-06
2.013772483424973369e-05
-7.595304738712535947e-06
2.906627109122082755e-05
-3.810399524208091373e-06
-5.229325701097858574e-06
-1.055799527809983087e-06
-9.339042403266809074e-06
-2.046130598384357142e-05
1.318517397156658172e-06
-4.322574924860062863e-05
-4.673044881203868600e-06
3.301294701530168215e-08
-5.070697017770658615e-06
9.030848216728376413e-05
-3.810399524208091373e-06
1.814148132607684293e-04
-9.357807153633405743e-06
-1.137909776221468237e-06
-1.520299857177899753e-05
-1.930631702043957752e-05
1.803346501733061967e-05
2.080757498864718564e-05
1.484212764295321473e-06
-2.147106866428084391e-06
-1.559780188357828753e-07
5.301127657485981560e-06
-5.229325701097858574e-06
-9.357807153633405743e-06
6.518661048617986023e-05
-5.985045782207817894e-05
-6.805469999724126533e-05
1.259637636385280222e-05
-1.964570100999637117e-05
-1.558770773135087837e-05
1.152568031423811619e-05
-1.237766212032215279e-05
-1.472630240677257238e-05
1.366790635148210013e-06
-1.055799527809983087e-06
-1.137909776221468237e-06
-5.985045782207817894e-05
8.667060086731352816e-05
7.397357265804738375e-05
1.613312454422478968e-05
-1.878077786309088800e-05
-3.070507370476739201e-05
-2.720479000419916257e-06
5.378265057799332723e-06
5.859597021905446748e-06
1.063256112253421760e-05
-9.339042403266809074e-06
-1.520299857177899753e-05
-6.805469999724122468e-05
7.397357265804732954e-05
1.238087371243900821e-04
1.154372665868314906e-05
-4.315112438241281571e-06
1.203379679700899084e-06
-3.871277046058883671e-06
3.006121119049989724e-06
-8.383572820778274367e-07
-1.958103464577777743e-05
1.334068479402352266e-06
-2.049054104533438094e-05
-1.958150606964222074e-05
1.174610279346680530e-05
1.684282347660776387e-05
-4.315112438241281571e-06
9.009160020410270884e-06
4.102131897357604663e-06
-3.687479058327935059e-06
-8.478797025698057364e-06
1.239849738577209838e-07
3.001407689486352357e-06
-7.156441156478994169e-06
2.821058240993983957e-06
1.677236374919061738e-05
-1.794997757470466815e-05
-1.823736619621378589e-05
1.203379679700899084e-06
4.102131897357604663e-06
2.257393259119297289e-05
1.028427368775603439e-06
1.240213709929322960e-07
-8.068744174774147325e-06
-2.744579672630809898e-05
-3.917436095045661462e-07
-4.343927342692009810e-05
2.193129450797181622e-05
-1.502460074174664868e-05
-3.264526582809947210e-05
-3.871277046058883671e-06
-3.687479058327935059e-06
1.028427368775603439e-06
1.005935029732855159e-05
-6.464861162077670454e-06
1.802910003820281211e-06
2.186179295272709341e-06
9.964932674667462625e-06
-3.322786437090336073e-06
2.186190409042901972e-06
1.024646862101428061e-05
-2.313994307248891728e-06
3.006121119049989724e-06
-8.478797025698057364e-06
1.240213709929322960e-07
-6.464861162077670454e-06
4.316599465017980351e-05
-5.063264468789979924e-06
-1.947715303424527971e-06
-1.605081094321528328e-06
-4.610457152892291239e-07
-2.793931790341246665e-06
-9.952836147228331882e-06
5.061971318105815082e-06
-8.383572820778274367e-07
1.239849738577355687e-07
-8.068744174774147325e-06
1.802910003820281211e-06
-5.063264468789979924e-06
2.642323505315993730e-05
2.178278464200422588e-06
1.886396715856460910e-05
-2.345768400179043906e-06
-8.558793327601024030e-07
-1.426290584900175399e-05
6.001976208819379410e-06
-1.958103464577777743e-05
3.001407689486337534e-06
-2.744579672630809898e-05
2.186179295272709341e-06
-1.947715303424527971e-06
2.178278464200422588e-06
6.536835754869189518e-05
-1.039161083394950146e-05
8.944939987809303055e-05
5.441532924282676826e-06
1.150389027153756316e-06
1.068741015628020733e-05
1.334068479402366877e-06
-7.156441156478994169e-06
-3.917436095045661462e-07
9.964932674667462625e-06
-1.605081094321528328e-06
1.886396715856460910e-05
-1.039161083394950146e-05
2.943576651539016716e-05
-9.354834590375349203e-06
-4.546591006380313982e-06
-1.152213766628559984e-06
-8.048752946465838592e-06
-2.049054104533438094e-05
2.821058240993983957e-06
-4.343927342692009810e-05
-3.322786437090336073e-06
-4.610457152892291239e-07
-2.345768400179043906e-06
8.944939987809303055e-05
-9.354834590375349203e-06
1.799011952382059980e-04
-9.739997984909690745e-06
-7.007327223305838596e-07
-1.561831313951774248e-05
-1.958150606964222074e-05
1.677236374919061738e-05
2.193129450797181622e-05
2.186190409042901972e-06
-2.793931790341246665e-06
-8.558793327601024030e-07
5.441532924282676826e-06
-4.546591006380313982e-06
-9.739997984909690745e-06
6.537010384736952528e-05
-5.518511267905936210e-05
-7.116171787893142188e-05
1.174610279346680530e-05
-1.794997757470466815e-05
-1.502460074174664868e-05
1.024646862101428061e-05
-9.952836147228331882e-06
-1.426290584900175399e-05
1.150389027153756316e-06
-1.152213766628559984e-06
-7.007327223305838596e-07
-5.518511267905936210e-05
7.802070781357638835e-05
7.097379452911400943e-05
1.684282347660776387e-05
-1.823736619621378589e-05
-3.264526582809947210e-05
-2.313994307248891728e-06
5.061971318105815082e-06
6.001976208819379410e-06
1.068741015628020733e-05
-8.048752946465838592e-06
-1.561831313951774248e-05
-7.116171787893142188e-05
7.097379452911400943e-05
1.313145078954502216e-04
1.129686534218924162e-05
-4.247422629750721079e-06
8.805251131673218474e-07
-3.130176553223394012e-06
2.136673329639996853e-06
-4.429661728613616604e-07
-1.949144673525618604e-05
2.879757311861705450e-06
-2.056297639586991165e-05
-1.949192102768594913e-05
1.081752116278290205e-05
1.772343611007213366e-05
-4.247422629750721079e-06
5.652464295145480723e-06
3.665517949256186479e-06
-3.169160625041401992e-06
1.469956582792638560e-06
-1.584224861529100280e-06
4.270665222139639189e-06
-7.039118310092201026e-06
4.849235942705573602e-06
1.473244719257732649e-05
-1.550263991283755419e-05
-1.692968247016078128e-05
8.805251131673218474e-07
3.665517949256186479e-06
2.257284243203037786e-05
6.570564971665725037e-07
-1.584196535212475715e-06
-5.842845722018291503e-06
-2.720008901265959917e-05
2.604332887796542337e-06
-4.338518518556687176e-05
2.326052606099625176e-05
-1.468480775129969577e-05
-3.492118850801862259e-05
-3.130176553223394012e-06
-3.169160625041401992e-06
6.570564971665725037e-07
6.808319187745554943e-06
-3.612376844506540729e-06
7.488771544491818556e-07
2.430316979597858850e-06
7.716450846742575507e-06
-1.583809302737430962e-06
2.430337919521181342e-06
7.710228678223327381e-06
-1.614506428944643524e-06
2.136673329639996853e-06
1.469956582792638560e-06
-1.584196535212475715e-06
-3.612376844506540729e-06
1.440962210599816194e-06
3.159347612958399460e-06
-1.766960471310848442e-06
-1.169281825970616326e-06
-9.111998217422896397e-07
-2.585959630417002563e-06
-5.751526373726630355e-06
3.657572829672362835e-06
-4.429661728613616604e-07
-1.584224861529100280e-06
-5.842845722018291503e-06
7.488771544491818556e-07
3.159347612958399460e-06
1.602480624795879109e-05
2.426354929901397273e-06
1.423359227238046295e-05
5.872480668619626903e-07
-1.523900056898162740e-06
-1.148711360780532633e-05
5.169469583508441376e-06
-1.949144673525618604e-05
4.270665222139639189e-06
-2.720008901265959917e-05
2.430316979597858850e-06
-1.766960471310848442e-06
2.426354929901397273e-06
6.510012601837480918e-05
-1.492674462749652812e-05
8.832121049924804756e-05
5.131652287246649814e-06
7.731073078277443038e-07
1.065155014097107646e-05
2.879757311861705450e-06
-7.039118310092201026e-06
2.604332887796542337e-06
7.716450846742575507e-06
-1.169281825970616326e-06
1.423359227238046295e-05
-1.492674462749652812e-05
2.814277301830707262e-05
-1.722621354463253575e-05
-3.525143316261149506e-06
-7.323869286599541626e-07
-6.716062071199539902e-06
-2.056297639586991165e-05
4.849235942705573602e-06
-4.338518518556687176e-05
-1.583809302737430962e-06
-9.111998217422896397e-07
5.872480668619626903e-07
8.832121049924804756e-05
-1.722621354463259335e-05
1.772430666495774284e-04
-1.008075428342923265e-05
5.996385167225310731e-08
-1.609483643693475176e-05
-1.949192102768594913e-05
1.473244719257732649e-05
2.326052606099625176e-05
2.430337919521181342e-06
-2.585959630417002563e-06
-1.523900056898162740e-06
5.131652287246649814e-06
-3.525143316261149506e-06
-1.008075428342923265e-05
6.510187318768685509e-05
-4.880993483710391323e-05
-7.510817843727363727e-05
1.081752116278290205e-05
-1.550263991283755419e-05
-1.468480775129969577e-05
7.710228678223327381e-06
-5.751526373726630355e-06
-1.148711360780532633e-05
7.731073078277443038e-07
-7.323869286599541626e-07
5.996385167225310731e-08
-4.880993483710391323e-05
6.427614978276323832e-05
6.617059262006121719e-05
1.772343611007213366e-05
-1.692968247016078128e-05
-3.492118850801862259e-05
-1.614506428944643524e-06
3.657572829672362835e-06
5.169469583508441376e-06
1.065155014097107646e-05
-6.716062071199539902e-06
-1.609483643693475176e-05
-7.510817843727363727e-05
6.617059262006121719e-05
1.411079419254433667e-04
1.082109348540451203e-05
-4.212528094627229125e-06
5.463739334029860506e-07
-1.948309353208749142e-06
4.801227146674317724e-07
-6.228748081233891579e-08
-1.919556978984540078e-05
5.071068265808712335e-06
-2.057430631790826712e-05
-1.919603696722387213e-05
1.015267760027034779e-05
1.859976834467865522e-05
-4.212528094627229125e-06
3.780146457757542953e-06
2.419073105369810782e-06
-2.191730971941873030e-06
5.113124771789617220e-06
-1.065172041153485434e-06
5.645249199753051282e-06
-6.712199910404332629e-06
6.936457187325156694e-06
1.225035033804378537e-05
-1.249291945963097753e-05
-1.488933922983080274e-05
5.463739334029860506e-07
2.419073105369810782e-06
2.211564054361885568e-05
2.842995331554052123e-07
-1.065159223204019933e-06
-2.960199935278343417e-06
-2.662013941072333809e-05
7.018144813241001645e-06
-4.263291662527714005e-05
2.429901442614548152e-05
-1.497103966321775935e-05
-3.685170155811127708e-05
-1.948309353208749142e-06
-2.191730971941873030e-06
2.842995331554052123e-07
3.085074248489963331e-06
-1.605679947764830605e-07
2.082066729558373874e-08
2.089005594279319274e-06
4.195161770296774194e-06
-3.119140968605147212e-07
2.089015706584110362e-06
4.135952359083645729e-06
-7.687457813223929093e-07
4.801227146674317724e-07
5.113124771789601973e-06
-1.065159223204019933e-06
-1.605679947764830605e-07
-1.951914428909272561e-05
3.383505023213667865e-06
-6.101434722983017415e-07
9.866914886620327468e-07
-2.845235750492995484e-07
-1.019136287281249386e-06
-5.287469692240283923e-07
8.718218540987091263e-07
-6.228748081233891579e-08
-1.065172041153485434e-06
-2.960199935278343417e-06
2.082066729558373874e-08
3.383505023213667865e-06
6.126030094213744093e-06
1.682131687076519706e-06
6.614892494601689070e-06
1.696959379355405013e-06
-1.470751076967846471e-06
-6.027546420156380634e-06
3.212329370202097995e-06
-1.919556978984540078e-05
5.645249199753051282e-06
-2.662013941072333809e-05
2.089005594279319274e-06
-6.101434722983017415e-07
1.682131687076519706e-06
6.474389380733970546e-05
-2.092831911588614470e-05
8.717396251454668967e-05
4.726197285047688756e-06
4.935580668172790681e-07
1.038102930718833176e-05
5.071068265808712335e-06
-6.712199910404332629e-06
7.018144813241001645e-06
4.195161770296774194e-06
9.866914886620327468e-07
6.614892494601634860e-06
-2.092831911588614470e-05
2.364576810569900766e-05
-2.697259442132376637e-05
-2.171260091314101880e-06
3.899267154749119910e-07
-5.805215289276990576e-06
-2.057430631790826712e-05
6.936457187325156694e-06
-4.263291662527714005e-05
-3.119140968605147212e-07
-2.845235750492995484e-07
1.696959379355405013e-06
8.717396251454668967e-05
-2.697259442132376637e-05
1.735436194496986636e-04
-1.016316476027091800e-05
1.398723790637366833e-06
-1.630947982695177086e-05
-1.919603696722387213e-05
1.225035033804378537e-05
2.429901442614548152e-05
2.089015706584110362e-06
-1.019136287281249386e-06
-1.470751076967846471e-06
4.726197285047688756e-06
-2.171260091314101880e-06
-1.016316476027091800e-05
6.474562528393030994e-05
-4.247764130365207572e-05
-7.895029406370831484e-05
1.015267760027034779e-05
-1.249291945963097753e-05
-1.497103966321775935e-05
4.135952359083645729e-06
-5.287469692240283923e-07
-6.027546420156380634e-06
4.935580668172790681e-07
3.899267154749119910e-07
1.398723790637366833e-06
-4.247764130365207572e-05
4.671113049104211242e-05
6.043930846462552812e-05
1.859976834467863828e-05
-1.488933922983080274e-05
-3.685170155811127708e-05
-7.687457813223929093e-07
8.718218540987091263e-07
3.212329370202097995e-06
1.038102930718833176e-05
-5.805215289276990576e-06
-1.630947982695177086e-05
-7.895029406370838261e-05
6.043930846462552812e-05
1.504764783157757952e-04
