1.009608185641669209e+00
-7.974657936666630989e-03
1.450013512966681455e-02
-8.809210112600007747e-01
-1.367644778000184566e-03
1.096836039000062633e-03
-2.311422689600001190e-02
1.092181226500000407e-02
1.001039772900000520e-02
7.974657936666769767e-03
-1.258822841831668815e-01
-8.659862961805552678e-03
1.367633330999815490e-03
1.240506126040000490e-01
2.967871800000033901e-05
-1.119986177799999448e-02
-4.763777332799997571e-02
5.816782036000003701e-03
-1.450013512966681455e-02
-8.659862961805556147e-03
-1.214093489033332141e-01
1.096836039000062633e-03
-2.967881599999949003e-05
1.277616229709999940e-01
8.011941117000003290e-03
-5.294729866999998459e-03
-6.208788477000001804e-03
-8.809210112600007747e-01
1.367633330999815490e-03
1.096836039000062633e-03
1.002760706242336042e+00
-5.693835475666490092e-03
-1.934770198666654461e-03
-3.617074352600001957e-02
1.572065002300000042e-02
7.927846918000001214e-03
-1.367644778000184566e-03
1.240506126040000490e-01
-2.967881599999949003e-05
5.693835475666911630e-03
-1.460578531060002794e-01
6.582022421305554552e-03
-1.259672471100000031e-02
-4.264441724399999079e-02
5.871134684000005148e-03
1.096836039000062633e-03
2.967871800000033901e-05
1.277616229709999940e-01
1.934770198666651859e-03
6.582022421305554552e-03
-1.433112609896667888e-01
9.924328012000004778e-03
-6.384001986999995881e-03
-1.039257553699999941e-02
-2.311422689600001190e-02
-1.119986177799999448e-02
8.011941117000003290e-03
-3.617074352600001957e-02
-1.259672471100000031e-02
9.924328012000004778e-03
5.465938941533328432e-02
-1.377159999891971408e-07
2.183407333333327657e-05
1.092181226500000407e-02
-4.763777332799997571e-02
-5.294729866999998459e-03
1.572065002300000042e-02
-4.264441724399999079e-02
-6.384001986999995881e-03
1.377160000107517470e-07
-4.009619068166665745e-03
1.127707798333333315e-04
1.001039772900000520e-02
5.816782036000003701e-03
-6.208788477000001804e-03
7.927846918000001214e-03
5.871134684000005148e-03
-1.039257553699999941e-02
-2.183407333333331723e-05
1.127707798333333315e-04
-3.393343904166658265e-03
3.202694304460004804e-01
4.951412806666866638e-04
2.914214075000002560e-04
-1.322038767430000206e-01
1.389361009999977390e-03
3.405366000007477555e-06
2.668476209599999344e-02
-1.420291990999995565e-03
-1.742788880000015889e-04
-4.951412806666456810e-04
-1.363609229066669280e-02
-3.773060999999996773e-05
-1.389403024000022881e-03
-7.405533340999998805e-03
2.969019200000001411e-05
1.296325639000005768e-03
-9.541539409999985275e-04
-1.622871580000000732e-04
-2.914214075000002560e-04
-3.773061000000000839e-05
-1.025490118850003879e-02
3.405366000007658820e-06
-2.969014200000015630e-05
-8.595757846999998661e-03
-7.537444000001787642e-06
1.444516260000000226e-04
-1.519462923999996377e-03
-1.322038767430000206e-01
-1.389403024000022881e-03
3.405366000007658820e-06
9.745731874349995716e-02
6.158854218333485687e-04
-1.436958794999997915e-04
1.106630675500000320e-02
-2.141324669999997328e-03
1.834122379999987356e-04
1.389361009999977390e-03
-7.405533340999998805e-03
-2.969014200000015630e-05
-6.158854218333197289e-04
1.860604364699998403e-02
-5.485909119999999922e-04
2.149763112000004171e-03
-8.857428706000002039e-03
1.833559779999996788e-04
3.405366000007477555e-06
2.969019200000001411e-05
-8.595757846999998661e-03
1.436958795000000083e-04
-5.485909119999999922e-04
2.506662459133332868e-02
1.865483199999847929e-05
-1.655222000000000464e-04
-1.198867344000000001e-02
2.668476209599999344e-02
1.296325639000005768e-03
-7.537444000001787642e-06
1.106630675500000320e-02
2.149763112000004171e-03
1.865483199999847929e-05
4.818879287099998160e-02
-8.854433332333044124e-08
2.184536233333328771e-05
-1.420291990999995565e-03
-9.541539409999985275e-04
1.444516260000000226e-04
-2.141324669999997328e-03
-8.857428706000002039e-03
-1.655222000000000464e-04
8.854433334329442547e-08
-6.150596298333329756e-03
2.927587866666667152e-05
-1.742788880000015889e-04
-1.622871580000000732e-04
-1.519462923999996377e-03
1.834122379999987356e-04
1.833559779999996788e-04
-1.198867344000000001e-02
-2.184536233333330126e-05
2.927587866666666474e-05
-3.754671156833323895e-03
1.417083664150000089e-01
8.837086666753353404e-07
1.468914293333333843e-04
-5.493206155999975568e-03
4.444720360000004619e-04
-3.616195000000141312e-06
3.146497417499999338e-02
2.092865562000006171e-03
-2.075907230000022979e-04
-8.837086666580012347e-07
1.634804626666699770e-04
1.367817202809819570e-04
-4.445477689999997981e-04
-7.357934324999998270e-03
1.572806600000002683e-05
4.108297066000006145e-03
-5.423282978999996277e-03
-4.116489020000005969e-04
-1.468914293333333843e-04
1.367817202809819570e-04
2.016602778333329796e-03
1.507728099999992054e-05
-1.572315400000002676e-05
-7.406442141999999493e-03
1.787648343999996862e-03
-4.193037059999997745e-04
-6.184980490000000289e-03
-5.493206155999975568e-03
-4.445477689999997981e-04
1.507728099999992054e-05
4.431432181233327383e-02
5.120741666734623736e-07
-1.270409940000000160e-04
-8.992126249999995991e-03
-5.893858102000000543e-03
1.790383320000000665e-03
4.444720360000004619e-04
-7.357934324999998270e-03
-1.572315400000002676e-05
-5.120741666598740593e-07
7.328707546499999177e-03
-1.367824317809820142e-04
-1.210710847000002295e-03
3.279558132000000466e-03
7.093656149999997065e-04
-3.616195000000141312e-06
1.572806600000002683e-05
-7.406442141999999493e-03
1.270409940000000702e-04
-1.367824317809819600e-04
5.026809763166657612e-03
-1.356441109999995608e-04
1.215798119999998413e-04
-4.437654281999997216e-03
3.146497417499999338e-02
4.108297066000006145e-03
1.787648343999996862e-03
-8.992126249999995991e-03
-1.210710847000002295e-03
-1.356441109999995608e-04
8.620193505883315399e-02
-2.703709999824916498e-07
1.127738516666659925e-05
2.092865562000006171e-03
-5.423282978999996277e-03
-4.193037059999997745e-04
-5.893858102000000543e-03
3.279558132000000466e-03
1.215798119999998413e-04
2.703710000174499701e-07
-8.950371479666678273e-03
3.200884699999999268e-05
-2.075907230000022979e-04
-4.116489020000005969e-04
-6.184980490000000289e-03
1.790383320000000665e-03
7.093656149999997065e-04
-4.437654281999997216e-03
-1.127738516666660941e-05
3.200884699999999268e-05
-4.089749877833327892e-03
8.823264305999990731e-02
1.429116355000051460e-04
1.066066678333334362e-04
-9.009303785000003992e-03
-1.380809490999999108e-03
-1.872391038000000441e-03
3.730398407399998506e-02
5.530475960000064877e-04
-9.581227300000234827e-05
-1.429116354999943040e-04
-5.864867901666749248e-04
-1.592597738568470595e-05
1.352849076000000933e-03
-1.589278959699999202e-02
6.066870779999993229e-04
-7.065158969999937129e-04
2.003313436000000915e-03
1.494080479999997980e-04
-1.066066678333334362e-04
-1.592597738568471950e-05
2.275837273999992139e-03
-1.853697562000000210e-03
-6.066799480000004911e-04
-2.087200567299999504e-02
-1.499412700000231562e-05
-8.819107000000025879e-05
-1.756057116999999203e-03
-9.009303785000003992e-03
1.352849076000000933e-03
-1.853697562000000210e-03
-3.444234026083341227e-02
-1.564686883334350911e-05
-7.730266716666676051e-05
-5.082194272999996688e-03
-6.767935604999998980e-03
2.692794290999999361e-03
-1.380809490999999108e-03
-1.589278959699999202e-02
-6.066799480000004911e-04
1.564686883332333617e-05
2.047054983166668451e-02
-1.370221436143153357e-04
2.380501119999992401e-04
1.753639399999995453e-04
3.996951639999999826e-04
-1.872391038000000441e-03
6.066870779999993229e-04
-2.087200567299999504e-02
7.730266716666681472e-05
-1.370221436143152815e-04
2.486845355266670624e-02
9.422265439999971768e-04
2.664227680000000667e-04
-8.505940014999997800e-03
3.730398407399998506e-02
-7.065158969999937129e-04
-1.499412700000231562e-05
-5.082194272999996688e-03
2.380501119999992401e-04
9.422265439999971768e-04
1.247565010851666295e-01
-1.206079433330840161e-05
-4.230602833333461834e-06
5.530475960000064877e-04
2.003313436000000915e-03
-8.819107000000025879e-05
-6.767935604999998980e-03
1.753639399999995453e-04
2.664227680000000667e-04
1.206079433335827152e-05
-1.098261638166668844e-02
3.200856716666666845e-05
-9.581227300000234827e-05
1.494080479999997980e-04
-1.756057116999999203e-03
2.692794290999999361e-03
3.996951639999999826e-04
-8.505940014999997800e-03
4.230602833333449976e-06
3.200856716666666845e-05
-5.697676882833329487e-03
1.125935779805000009e-01
-1.962918766665948289e-05
1.241621118333335362e-04
6.862455873200003220e-02
-5.889280759999852323e-04
-1.128263500000004950e-03
4.531074495599998059e-02
2.864892650000084966e-04
-8.060839300000292710e-05
1.962918766667382146e-05
-4.456557496333327616e-03
-4.427737166666659304e-06
6.108862934000017578e-03
-1.373981364499999268e-02
-5.049240740000005912e-04
-3.520879909999916004e-04
-5.448366419999999682e-04
1.117555199999982439e-05
-1.241621118333335362e-04
-4.427737166666674551e-06
1.240781716499995881e-03
-1.109557752000005617e-03
5.158592259999996614e-04
-1.611083571499999367e-02
-6.192105800000294519e-05
-2.449450000002159411e-07
-3.575927597000001096e-03
6.862455873200003220e-02
6.108862934000017578e-03
-1.109557752000005617e-03
-5.788854926983347249e-02
5.880733049998528397e-05
-6.992665000000005326e-05
3.383571539099998471e-02
-4.393739503999996056e-03
5.115561109999962287e-04
-5.889280759999852323e-04
-1.373981364499999268e-02
5.158592259999996614e-04
-5.880733050001489624e-05
2.271115050333332233e-02
-1.115094370544307653e-04
-1.126071763999992800e-03
-3.158434307000001270e-03
-5.203904460000001930e-04
-1.128263500000004950e-03
-5.049240740000005912e-04
-1.611083571499999367e-02
6.992665000000010747e-05
-1.115094370544307382e-04
2.470222404683335149e-02
4.966858529999959061e-04
4.780017290000000479e-04
-9.767027216000000178e-03
4.531074495599998059e-02
-3.520879909999916004e-04
-6.192105800000294519e-05
3.383571539099998471e-02
-1.126071763999992800e-03
4.966858529999959061e-04
1.259562925794999177e-01
-2.621730116664087773e-05
-8.202766583333338021e-05
2.864892650000084966e-04
-5.448366419999999682e-04
-2.449450000002159411e-07
-4.393739503999996056e-03
-3.158434307000001270e-03
4.780017290000000479e-04
2.621730116669247220e-05
-1.447929670383337267e-02
2.560654899999998671e-05
-8.060839300000292710e-05
1.117555199999982439e-05
-3.575927597000001096e-03
5.115561109999962287e-04
-5.203904460000001930e-04
-9.767027216000000178e-03
8.202766583333338021e-05
2.560654900000001381e-05
-1.014734274383333711e-02
1.259562925794999177e-01
-2.621730116665807589e-05
8.202766583333338021e-05
4.148875800399998842e-02
1.126071764000007979e-03
4.966858529999953640e-04
4.430335188399998209e-02
3.520879910000081887e-04
-6.192105800000291809e-05
2.621730116667527404e-05
-1.447929670383337267e-02
-2.560654899999999687e-05
4.393739504000011668e-03
-2.839755076999996453e-03
-4.780017290000006984e-04
-2.864892649999919083e-04
-4.115851800000165845e-05
2.449449999998118535e-07
-8.202766583333338021e-05
-2.560654900000000365e-05
-1.014734274383333711e-02
5.115561109999951445e-04
5.203904459999995425e-04
-1.043542219499999854e-02
-8.060839300000280513e-05
-1.117555200000023605e-05
-3.237460015999998799e-03
4.148875800399998842e-02
4.393739504000011668e-03
5.115561109999951445e-04
-5.788854926983347249e-02
5.880733049999515698e-05
6.992665000000006681e-05
6.872995108800003528e-02
-6.108862933999986353e-03
-1.109557752000004532e-03
1.126071764000007979e-03
-2.839755076999996453e-03
5.203904459999995425e-04
-5.880733050000502322e-05
2.271115050333332233e-02
1.115094370544307518e-04
5.889280760000151563e-04
-1.317793404499999904e-02
-5.158592260000004204e-04
4.966858529999953640e-04
-4.780017290000006984e-04
-1.043542219499999854e-02
-6.992665000000009392e-05
1.115094370544307518e-04
2.470222404683335149e-02
-1.128263500000005167e-03
5.049240739999998322e-04
-1.651613767499999358e-02
4.430335188399998209e-02
-2.864892649999919083e-04
-8.060839300000280513e-05
6.872995108800003528e-02
5.889280760000151563e-04
-1.128263500000005167e-03
1.125935779805000009e-01
-1.962918766664514770e-05
-1.241621118333335362e-04
3.520879910000081887e-04
-4.115851800000165845e-05
-1.117555200000023605e-05
-6.108862933999986353e-03
-1.317793404499999904e-02
5.049240739999998322e-04
1.962918766668815665e-05
-4.456557496333327616e-03
4.427737166666644058e-06
-6.192105800000291809e-05
2.449449999998118535e-07
-3.237460015999998799e-03
-1.109557752000004532e-03
-5.158592260000004204e-04
-1.651613767499999358e-02
1.241621118333335362e-04
4.427737166666689797e-06
1.240781716499995881e-03
1.247565010851666295e-01
-1.206079433332502548e-05
4.230602833333457599e-06
4.371283357999997121e-02
-2.380501119999902141e-04
9.422265439999941410e-04
4.252607003000007622e-03
7.065158970000006517e-04
-1.499412700000045215e-05
1.206079433334164765e-05
-1.098261638166668844e-02
-3.200856716666666845e-05
6.767935605000007654e-03
-1.003753767499999949e-02
-2.664227680000002293e-04
-5.530475959999995488e-04
1.998881935000001130e-03
8.819106999999975734e-05
-4.230602833333454211e-06
-3.200856716666666845e-05
-5.697676882833329487e-03
2.692794290999995458e-03
-3.996951639999994947e-04
-8.796032335999995691e-03
-9.581227300000024762e-05
-1.494080480000003672e-04
-2.393566357999997885e-03
4.371283357999997121e-02
6.767935605000007654e-03
2.692794290999995458e-03
-3.444234026083341227e-02
-1.564686883333678367e-05
7.730266716666677406e-05
-7.306836564000001796e-03
-1.352849075999998547e-03
-1.853697562000000644e-03
-2.380501119999902141e-04
-1.003753767499999949e-02
-3.996951639999994947e-04
1.564686883333006161e-05
2.047054983166668451e-02
1.370221436143153086e-04
1.380809491000001494e-03
-1.578168350999999137e-02
6.066799479999991900e-04
9.422265439999941410e-04
-2.664227680000002293e-04
-8.796032335999995691e-03
-7.730266716666680117e-05
1.370221436143153086e-04
2.486845355266670624e-02
-1.872391038000000441e-03
-6.066870780000006239e-04
-2.093821595799999838e-02
4.252607003000007622e-03
-5.530475959999995488e-04
-9.581227300000024762e-05
-7.306836564000001796e-03
1.380809491000001494e-03
-1.872391038000000441e-03
8.823264305999990731e-02
1.429116355000160422e-04
-1.066066678333334362e-04
7.065158970000006517e-04
1.998881935000001130e-03
-1.494080480000003672e-04
-1.352849075999998547e-03
-1.578168350999999137e-02
-6.066870780000006239e-04
-1.429116354999834077e-04
-5.864867901666749248e-04
1.592597738568469240e-05
-1.499412700000045215e-05
8.819106999999975734e-05
-2.393566357999997885e-03
-1.853697562000000644e-03
6.066799479999991900e-04
-2.093821595799999838e-02
1.066066678333334362e-04
1.592597738568473305e-05
2.275837273999992139e-03
8.620193505883315399e-02
-2.703709999941444409e-07
-1.127738516666660264e-05
3.815083536699999389e-02
1.210710847000007933e-03
-1.356441110000026237e-04
-1.593169938199999816e-02
-4.108297066000003543e-03
1.787648343999999898e-03
2.703710000057971790e-07
-8.950371479666678273e-03
-3.200884699999999268e-05
5.893858102000005747e-03
-5.860153990999998098e-03
-1.215798120000003563e-04
-2.092865562000004436e-03
8.600111390999998565e-03
4.193037059999995576e-04
1.127738516666660603e-05
-3.200884699999999268e-05
-4.089749877833327892e-03
1.790383319999996978e-03
-7.093656149999995981e-04
-5.502499359000000839e-03
-2.075907229999991537e-04
4.116489019999996211e-04
-4.169453867999999182e-03
3.815083536699999389e-02
5.893858102000005747e-03
1.790383319999996978e-03
4.431432181233327383e-02
5.120741666689329708e-07
1.270409940000000431e-04
-5.493206155999975568e-03
4.445477690000004486e-04
1.507728099999986124e-05
1.210710847000007933e-03
-5.860153990999998098e-03
-7.093656149999995981e-04
-5.120741666644034621e-07
7.328707546499999177e-03
1.367824317809819871e-04
-4.444720359999998114e-04
-7.315820459999998818e-03
1.572315400000002676e-05
-1.356441110000026237e-04
-1.215798120000003563e-04
-5.502499359000000839e-03
-1.270409940000000431e-04
1.367824317809819871e-04
5.026809763166657612e-03
-3.616195000000079902e-06
-1.572806600000003360e-05
-7.384578761000000144e-03
-1.593169938199999816e-02
-2.092865562000004436e-03
-2.075907229999991537e-04
-5.493206155999975568e-03
-4.444720359999998114e-04
-3.616195000000079902e-06
1.417083664150000089e-01
8.837086666926696579e-07
-1.468914293333333572e-04
-4.108297066000003543e-03
8.600111390999998565e-03
4.116489019999996211e-04
4.445477690000004486e-04
-7.315820459999998818e-03
-1.572806600000003360e-05
-8.837086666406669172e-07
1.634804626666699770e-04
-1.367817202809819841e-04
1.787648343999999898e-03
4.193037059999995576e-04
-4.169453867999999182e-03
1.507728099999986124e-05
1.572315400000002676e-05
-7.384578761000000144e-03
1.468914293333334114e-04
-1.367817202809819299e-04
2.016602778333329796e-03
4.818879287099998160e-02
-8.854433332998510265e-08
-2.184536233333329110e-05
2.143665193699999597e-02
-2.149763111999994630e-03
1.865483199999808965e-05
1.628637548699999466e-02
-1.296325638999997311e-03
-7.537444000000936374e-06
8.854433333663976406e-08
-6.150596298333329756e-03
-2.927587866666666813e-05
2.141324670000006869e-03
-8.937391231000003239e-03
1.655221999999996940e-04
1.420291991000004021e-03
-9.202822709999988315e-04
-1.444516260000000768e-04
2.184536233333329787e-05
-2.927587866666666813e-05
-3.754671156833323895e-03
1.834122379999979496e-04
-1.833559779999999770e-04
-1.135642658499999742e-02
-1.742788880000011823e-04
1.622871579999999648e-04
-1.489564111999998330e-03
2.143665193699999597e-02
2.141324670000006869e-03
1.834122379999979496e-04
9.745731874349995716e-02
6.158854218333389193e-04
1.436958794999998728e-04
-1.322038767430000206e-01
1.389403023999976911e-03
3.405366000007477555e-06
-2.149763111999994630e-03
-8.937391231000003239e-03
-1.833559779999999770e-04
-6.158854218333293783e-04
1.860604364699998403e-02
5.485909119999999922e-04
-1.389361010000023360e-03
-7.417041964999999265e-03
2.969014200000001400e-05
1.865483199999808965e-05
1.655221999999996940e-04
-1.135642658499999742e-02
-1.436958794999999270e-04
5.485909119999999922e-04
2.506662459133332868e-02
3.405366000007658820e-06
-2.969019200000015641e-05
-8.595757846999998661e-03
1.628637548699999466e-02
1.420291991000004021e-03
-1.742788880000011823e-04
-1.322038767430000206e-01
-1.389361010000023360e-03
3.405366000007658820e-06
3.202694304460004804e-01
4.951412806667275382e-04
-2.914214075000002560e-04
-1.296325638999997311e-03
-9.202822709999988315e-04
1.622871579999999648e-04
1.389403023999976911e-03
-7.417041964999999265e-03
-2.969019200000015641e-05
-4.951412806666048065e-04
-1.363609229066669280e-02
3.773060999999993385e-05
-7.537444000000936374e-06
-1.444516260000000768e-04
-1.489564111999998330e-03
3.405366000007477555e-06
2.969014200000001400e-05
-8.595757846999998661e-03
2.914214075000002560e-04
3.773061000000004227e-05
-1.025490118850003879e-02
5.465938941533328432e-02
-1.377159999963820184e-07
-2.183407333333329013e-05
-3.474665677700002758e-02
1.259672471100000378e-02
9.924328012000003044e-03
-2.453831364500000736e-02
1.119986177800000142e-02
8.011941117000001555e-03
1.377160000035668695e-07
-4.009619068166665745e-03
-1.127707798333333315e-04
-1.572065002299999695e-02
-4.767326236199997957e-02
6.384001987000003688e-03
-1.092181226499999540e-02
-4.265527885399999358e-02
5.294729867000006265e-03
2.183407333333330368e-05
-1.127707798333333315e-04
-3.393343904166658265e-03
7.927846918000006418e-03
-5.871134683999997342e-03
-6.115103992000001445e-03
1.001039772900000693e-02
-5.816782035999995895e-03
-1.048626000999999981e-02
-3.474665677700002758e-02
-1.572065002299999695e-02
7.927846918000006418e-03
1.002760706242336042e+00
-5.693835475666630605e-03
1.934770198666653594e-03
-8.809210112600007747e-01
-1.367633331000184553e-03
1.096836039000062633e-03
1.259672471100000378e-02
-4.767326236199997957e-02
-5.871134683999997342e-03
5.693835475666771118e-03
-1.460578531060002794e-01
-6.582022421305554552e-03
1.367644777999815504e-03
1.240506126040000490e-01
2.967881600000034384e-05
9.924328012000003044e-03
6.384001987000003688e-03
-6.115103992000001445e-03
-1.934770198666652726e-03
-6.582022421305554552e-03
-1.433112609896667888e-01
1.096836039000062633e-03
-2.967871799999948520e-05
1.277616229709999940e-01
-2.453831364500000736e-02
-1.092181226499999540e-02
1.001039772900000693e-02
-8.809210112600007747e-01
1.367644777999815504e-03
1.096836039000062633e-03
1.009608185641669209e+00
-7.974657936666492211e-03
-1.450013512966681628e-02
1.119986177800000142e-02
-4.265527885399999358e-02
-5.816782035999995895e-03
-1.367633331000184553e-03
1.240506126040000490e-01
-2.967871799999948520e-05
7.974657936666908545e-03
-1.258822841831668815e-01
8.659862961805550943e-03
8.011941117000001555e-03
5.294729867000006265e-03
-1.048626000999999981e-02
1.096836039000062633e-03
2.967881600000034384e-05
1.277616229709999940e-01
1.450013512966681281e-02
8.659862961805557882e-03
-1.214093489033332141e-01
9.762421399133355271e-01
-1.659288626466664043e-02
1.753724760000005111e-03
-9.813897463810008492e-01
-6.423335160002035344e-04
-4.565874339999334282e-04
-3.468475744100002478e-02
-1.744899787699998733e-02
1.739556879000003602e-03
1.659288626466677227e-02
-1.259224465555002226e-01
-6.251143514666665860e-03
6.423063599997962895e-04
1.265597104970000164e-01
5.675229769999996657e-04
3.208759771500000607e-02
-2.732348353299999741e-02
-9.092274999999013326e-06
-1.753724760000004244e-03
-6.251143514666665860e-03
-1.278001667559998944e-01
-4.565874339999333197e-04
-5.675228890000002342e-04
1.230375010429999999e-01
1.718148496999999820e-03
3.090685030000022348e-04
2.469013207000002579e-03
-9.813897463810008492e-01
6.423063599997962895e-04
-4.565874339999333197e-04
9.776845010286688842e-01
-6.099635666333151802e-03
1.096435725666679729e-03
-4.500987047899997207e-02
-2.844737692499999665e-02
9.109304600000250310e-05
-6.423335160002035344e-04
1.265597104970000164e-01
-5.675228890000002342e-04
6.099635666333566401e-03
-1.495167352046669895e-01
3.610804670000002537e-04
1.380881412699998083e-02
-2.448296871500000443e-02
1.058136440000016532e-04
-4.565874339999334282e-04
5.675229769999996657e-04
1.230375010429999999e-01
-1.096435725666679729e-03
3.610804669999998200e-04
-1.578310709403337730e-01
1.436478303000001105e-03
-5.442101129999966707e-04
6.177752551999995088e-03
-3.468475744100002478e-02
3.208759771500000607e-02
1.718148496999999820e-03
-4.500987047899997207e-02
1.380881412699998083e-02
1.436478303000001105e-03
1.047485644241665514e-01
4.374183966668856907e-05
-4.144168716666672697e-05
-1.744899787699998733e-02
-2.732348353299999741e-02
3.090685030000022348e-04
-2.844737692499999665e-02
-2.448296871500000443e-02
-5.442101129999966707e-04
-4.374183966664484861e-05
-1.422958355766666336e-02
-9.318175666666683141e-06
1.739556879000003602e-03
-9.092274999999013326e-06
2.469013207000002579e-03
9.109304600000250310e-05
1.058136440000016532e-04
6.177752551999995088e-03
4.144168716666672697e-05
-9.318175666666669588e-06
-6.602171825000000167e-03
4.007698803585010849e-01
3.455575011666953003e-04
8.282301833333352854e-06
-2.492467140900002098e-01
-5.750388540000428211e-04
-1.077959899998562232e-05
-1.192982308720000051e-01
-1.526491078000021418e-03
-2.929206799999254892e-05
-3.455575011666429334e-04
-2.624273722549998883e-02
-2.526868106084656317e-05
5.750067889999581176e-04
-1.827097368399997410e-02
-1.229143499999983364e-05
1.069381271999978638e-03
-4.131695193999999557e-03
-5.531117350000001095e-04
-8.282301833333349466e-06
-2.526868106084656317e-05
-1.616983109933336354e-02
-1.078040599998569605e-05
1.229144300000024044e-05
-1.493856221199999987e-02
-6.924194099999295680e-05
5.357121550000002851e-04
-7.782656790000007461e-04
-2.492467140900002098e-01
5.750067889999581176e-04
-1.078040599998569605e-05
9.793132657383329942e-02
5.974365320000102515e-04
-6.640084350000008667e-05
-4.142445319700002043e-02
-1.594130362100000878e-02
-1.626433999999969324e-04
-5.750388540000428211e-04
-1.827097368399997410e-02
1.229144300000024044e-05
-5.974365319999818454e-04
2.058089349216667141e-02
6.232907281185530407e-06
1.072889333999999320e-02
-1.040166623300000856e-02
-1.100001215000000416e-03
-1.077959899998562232e-05
-1.229143499999983364e-05
-1.493856221199999987e-02
6.640084350000008667e-05
6.232907281185554124e-06
2.418221103883334139e-02
-1.226684519999989649e-04
1.117446983000000863e-03
-1.016234655100000175e-02
-1.192982308720000051e-01
1.069381271999978638e-03
-6.924194099999295680e-05
-4.142445319700002043e-02
1.072889333999999320e-02
-1.226684519999989649e-04
1.039897811749998791e-01
-1.689329833331160933e-05
-3.586917116666671508e-05
-1.526491078000021418e-03
-4.131695193999999557e-03
5.357121550000002851e-04
-1.594130362100000878e-02
-1.040166623300000856e-02
1.117446983000000863e-03
1.689329833335501130e-05
-1.414450413749999448e-02
-3.979404600000000474e-05
-2.929206799999254892e-05
-5.531117350000001095e-04
-7.782656790000007461e-04
-1.626433999999969324e-04
-1.100001215000000416e-03
-1.016234655100000175e-02
3.586917116666672864e-05
-3.979404599999999118e-05
-6.750355668166667378e-03
1.824160902246668436e-01
3.079838650000118940e-04
1.076985608333333444e-04
-1.484332674680000352e-01
-3.401909460000237932e-04
6.804485000007806719e-06
-1.117777554409999929e-01
2.048467517999981446e-03
1.852080480000067668e-04
-3.079838649999886921e-04
-6.858219825999987626e-03
-1.448754494785221116e-05
3.064508129999758755e-04
-1.729666100499998790e-02
8.643115999999748334e-06
1.977073969999808593e-04
-8.485468011999999435e-03
-1.430606336000000240e-03
-1.076985608333333444e-04
-1.448754494785222471e-05
2.967794611666654011e-04
6.803678000007771102e-06
-8.642950000000211737e-06
-2.110975492799999770e-02
3.693138420000061962e-04
1.198268661999999686e-03
-7.425379600999998213e-03
-1.484332674680000352e-01
3.064508129999758755e-04
6.803678000007771102e-06
9.211883101483332725e-02
6.414374801666846435e-04
-2.408762076666666344e-04
-1.002432016470000270e-01
-1.838869909000017755e-03
5.480826360000058900e-04
-3.401909460000237932e-04
-1.729666100499998790e-02
-8.642950000000211737e-06
-6.414374801666516837e-04
2.475907408500000167e-03
-2.911981805521478305e-04
4.445411999982447091e-06
-5.207003417999998308e-03
-1.094025155000000454e-03
6.804485000007806719e-06
8.643115999999748334e-06
-2.110975492799999770e-02
2.408762076666667428e-04
-2.911981805521477221e-04
1.031386564650000476e-02
1.917330900000056057e-04
1.407056665999999786e-03
-1.077789587000000347e-02
-1.117777554409999929e-01
1.977073969999808593e-04
3.693138420000061962e-04
-1.002432016470000270e-01
4.445411999982447091e-06
1.917330900000056057e-04
1.299179917759999692e-01
-1.716177016663860116e-05
-3.576063016666669521e-05
2.048467517999981446e-03
-8.485468011999999435e-03
1.198268661999999686e-03
-1.838869909000017755e-03
-5.207003417999998308e-03
1.407056665999999786e-03
1.716177016669469507e-05
-2.276580147116668076e-02
-7.387818316666666186e-05
1.852080480000067668e-04
-1.430606336000000240e-03
-7.425379600999998213e-03
5.480826360000058900e-04
-1.094025155000000454e-03
-1.077789587000000347e-02
3.576063016666672232e-05
-7.387818316666666186e-05
-1.490838539816668855e-02
1.209078576448334302e-01
2.821616226666751222e-04
5.380464216666678147e-05
-4.603828518099994938e-02
-8.089872620000050770e-04
-7.011568999998426335e-06
-8.787613059499997659e-02
-7.257669000001538062e-05
5.234185850000055724e-04
-2.821616226666594012e-04
-7.255419103666662858e-03
-9.281174281185537012e-06
2.559672589999952897e-04
-1.931452758499998396e-02
-1.696192500000013830e-05
7.099817059999843222e-04
-3.182486260000000258e-03
-1.242990954999999894e-03
-5.380464216666678147e-05
-9.281174281185543788e-06
-9.393013973333452869e-04
-1.745915599999849917e-05
1.696184799999992082e-05
-2.134643207999999126e-02
4.414739150000049697e-04
1.217202246000000229e-03
-3.688973479000000159e-03
-4.603828518099994938e-02
2.559672589999952897e-04
-1.745915599999849917e-05
-4.215273000950008758e-02
-1.462364183334514102e-05
-1.358757828333333499e-04
-2.004313242400002429e-02
-1.681047805000001521e-03
4.897707480000000092e-03
-8.089872620000050770e-04
-1.931452758499998396e-02
1.696184799999992082e-05
1.462364183332176968e-05
2.145680806216669623e-02
-1.718023101096426424e-04
4.580635474999998104e-03
-1.068753702800000725e-02
-5.391865409999995569e-04
-7.011568999998426335e-06
-1.696192500000013830e-05
-2.134643207999999126e-02
1.358757828333334041e-04
-1.718023101096425882e-04
2.271213511416671910e-02
3.099799772999999817e-03
4.393861130000003591e-04
-1.400200266400000206e-02
-8.787613059499997659e-02
7.099817059999843222e-04
4.414739150000049697e-04
-2.004313242400002429e-02
4.580635474999998104e-03
3.099799772999999817e-03
1.670049936540000945e-01
-2.212781616663059032e-05
-5.118046083333340862e-05
-7.257669000001538062e-05
-3.182486260000000258e-03
1.217202246000000229e-03
-1.681047805000001521e-03
-1.068753702800000725e-02
4.393861130000003591e-04
2.212781616670256779e-05
-2.890737199666666701e-02
-7.291781183333335330e-05
5.234185850000055724e-04
-1.242990954999999894e-03
-3.688973479000000159e-03
4.897707480000000092e-03
-5.391865409999995569e-04
-1.400200266400000206e-02
5.118046083333343573e-05
-7.291781183333332619e-05
-1.548047567416668477e-02
1.588560855253333681e-01
2.656624808333444459e-04
1.280098003333334606e-04
2.100445317100000167e-02
-2.213803562999993278e-03
4.923119709999974718e-04
-8.145725642200001004e-02
-5.559283800000141152e-04
3.383890000047883568e-07
-2.656624808333230871e-04
-1.630433362233332448e-02
5.854792788548113762e-05
1.866747742000006774e-03
-1.490715857300000183e-02
1.069631527999999549e-03
5.219127209999855450e-04
-4.010394191999998824e-03
-3.362593500000003570e-05
-1.280098003333334606e-04
5.854792788548112407e-05
-1.165174123283333960e-02
4.923004559999976217e-04
-1.069635658999999956e-03
-1.831489629999999424e-02
3.454080000047101037e-07
3.362410000000004285e-05
-3.913390303000000188e-03
2.100445317100000167e-02
1.866747742000006774e-03
4.923004559999976217e-04
-6.170370331900008887e-02
9.918123316665115939e-05
-6.731988300000010079e-05
-1.819830166000021817e-03
-1.406112925999999713e-03
2.261046393999998922e-03
-2.213803562999993278e-03
-1.490715857300000183e-02
-1.069635658999999956e-03
-9.918123316668249283e-05
2.363578473616667619e-02
-2.503544984429759623e-04
1.400033916000001074e-03
-1.197860950499999785e-02
-1.246136584000000604e-03
4.923119709999974718e-04
1.069631527999999549e-03
-1.831489629999999424e-02
6.731988300000018210e-05
-2.503544984429759623e-04
2.619144010350001744e-02
2.261077014999998431e-03
1.246136161000001427e-03
-1.558331954299999565e-02
-8.145725642200001004e-02
5.219127209999855450e-04
3.454080000047101037e-07
-1.819830166000021817e-03
1.400033916000001074e-03
2.261077014999998431e-03
1.802158060169998799e-01
-2.219539249996146384e-05
-6.927036433333335166e-05
-5.559283800000141152e-04
-4.010394191999998824e-03
3.362410000000004285e-05
-1.406112925999999713e-03
-1.197860950499999785e-02
1.246136161000001427e-03
2.219539250003836088e-05
-2.908182315800002596e-02
-7.101200133333336346e-05
3.383890000047883568e-07
-3.362593500000003570e-05
-3.913390303000000188e-03
2.261046393999998922e-03
-1.246136584000000604e-03
-1.558331954299999565e-02
6.927036433333337876e-05
-7.101200133333333635e-05
-2.007338986983334475e-02
1.802158060169998799e-01
-2.219539249998709506e-05
6.927036433333336521e-05
-1.159091910500000336e-02
-1.400033915999998905e-03
2.261077014999999732e-03
-8.111227090099999704e-02
-5.219127210000138427e-04
3.454080000047499143e-07
2.219539250001272967e-05
-2.908182315800002596e-02
7.101200133333334991e-05
1.406112926000001881e-03
-1.164159344800000211e-02
-1.246136161000000993e-03
5.559283799999858175e-04
-4.404281833999998744e-03
-3.362410000000002252e-05
-6.927036433333336521e-05
7.101200133333334991e-05
-2.007338986983334475e-02
2.261046393999999356e-03
1.246136584000001038e-03
-1.474076837600000155e-02
3.383890000046714663e-07
3.362593500000005603e-05
-4.164003475000001460e-03
-1.159091910500000336e-02
1.406112926000001881e-03
2.261046393999999356e-03
-6.170370331900008887e-02
9.918123316666159484e-05
6.731988300000012789e-05
2.102959103899999446e-02
-1.866747741999993330e-03
4.923004559999975133e-04
-1.400033915999998905e-03
-1.164159344800000211e-02
1.246136584000001038e-03
-9.918123316667205739e-05
2.363578473616667619e-02
2.503544984429759623e-04
2.213803563000006722e-03
-1.521913546399999984e-02
1.069635658999999522e-03
2.261077014999999732e-03
-1.246136161000000993e-03
-1.474076837600000155e-02
-6.731988300000015500e-05
2.503544984429759623e-04
2.619144010350001744e-02
4.923119709999976886e-04
-1.069631527999999982e-03
-1.774331904799999332e-02
-8.111227090099999704e-02
5.559283799999858175e-04
3.383890000046714663e-07
2.102959103899999446e-02
2.213803563000006722e-03
4.923119709999976886e-04
1.588560855253333681e-01
2.656624808333659131e-04
-1.280098003333334606e-04
-5.219127210000138427e-04
-4.404281833999998744e-03
3.362593500000005603e-05
-1.866747741999993330e-03
-1.521913546399999984e-02
-1.069631527999999982e-03
-2.656624808333016199e-04
-1.630433362233332448e-02
-5.854792788548115117e-05
3.454080000047499143e-07
-3.362410000000002252e-05
-4.164003475000001460e-03
4.923004559999975133e-04
1.069635658999999522e-03
-1.774331904799999332e-02
1.280098003333334606e-04
-5.854792788548111052e-05
-1.165174123283333960e-02
1.670049936540000945e-01
-2.212781616665458506e-05
5.118046083333341540e-05
-2.635796910900001580e-02
-4.580635475000003308e-03
3.099799773000001119e-03
-7.818487296000002640e-02
-7.099817060000134872e-04
4.414739150000049155e-04
2.212781616667857304e-05
-2.890737199666666701e-02
7.291781183333333975e-05
1.681047804999997184e-03
-9.788289513000002218e-03
-4.393861129999997086e-04
7.257668999998622913e-05
-3.880528571999999725e-03
-1.217202246000000229e-03
-5.118046083333342895e-05
7.291781183333333975e-05
-1.548047567416668477e-02
4.897707480000000960e-03
5.391865410000008579e-04
-1.470277885200000322e-02
5.234185850000044882e-04
1.242990954999999894e-03
-3.842690788000000489e-03
-2.635796910900001580e-02
1.681047804999997184e-03
4.897707480000000960e-03
-4.215273000950008758e-02
-1.462364183333735170e-05
1.358757828333333770e-04
-4.603828518099994938e-02
-2.559672590000051560e-04
-1.745915599999847207e-05
-4.580635475000003308e-03
-9.788289513000002218e-03
5.391865410000008579e-04
1.462364183332955900e-05
2.145680806216669623e-02
1.718023101096426153e-04
8.089872619999953192e-04
-1.931163807099998617e-02
-1.696184800000019187e-05
3.099799773000001119e-03
-4.393861129999997086e-04
-1.470277885200000322e-02
-1.358757828333333770e-04
1.718023101096426153e-04
2.271213511416671910e-02
-7.011568999998546614e-06
1.696192499999987403e-05
-2.159223199599998727e-02
-7.818487296000002640e-02
7.257668999998622913e-05
5.234185850000044882e-04
-4.603828518099994938e-02
8.089872619999953192e-04
-7.011568999998546614e-06
1.209078576448334302e-01
2.821616226666908431e-04
-5.380464216666678147e-05
-7.099817060000134872e-04
-3.880528571999999725e-03
1.242990954999999894e-03
-2.559672590000051560e-04
-1.931163807099998617e-02
1.696192499999987403e-05
-2.821616226666436803e-04
-7.255419103666662858e-03
9.281174281185530236e-06
4.414739150000049155e-04
-1.217202246000000229e-03
-3.842690788000000489e-03
-1.745915599999847207e-05
-1.696184800000019187e-05
-2.159223199599998727e-02
5.380464216666678147e-05
9.281174281185550565e-06
-9.393013973333452869e-04
1.299179917759999692e-01
-1.716177016665730026e-05
3.576063016666670199e-05
-1.015889861610000250e-01
-4.445412000016321633e-06
1.917330900000059580e-04
-1.083637266389999715e-01
-1.977073970000189961e-04
3.693138420000065215e-04
1.716177016667599597e-05
-2.276580147116668076e-02
7.387818316666666186e-05
1.838869908999983928e-03
-1.209259654000000538e-02
-1.407056666000000436e-03
-2.048467518000019610e-03
-3.831583513999995728e-03
-1.198268661999999686e-03
-3.576063016666671554e-05
7.387818316666666186e-05
-1.490838539816668855e-02
5.480826360000050227e-04
1.094025154999999803e-03
-1.475557557700000327e-02
1.852080480000064416e-04
1.430606336000000240e-03
-5.064897823999999805e-03
-1.015889861610000250e-01
1.838869908999983928e-03
5.480826360000050227e-04
9.211883101483332725e-02
6.414374801666736930e-04
2.408762076666666615e-04
-1.484332674680000352e-01
-3.064508130000240683e-04
6.803678000007810913e-06
-4.445412000016321633e-06
-1.209259654000000538e-02
1.094025154999999803e-03
-6.414374801666626342e-04
2.475907408500000167e-03
2.911981805521477763e-04
3.401909459999756004e-04
-1.724590207899998756e-02
8.642949999999750951e-06
1.917330900000059580e-04
-1.407056666000000436e-03
-1.475557557700000327e-02
-2.408762076666667157e-04
2.911981805521477763e-04
1.031386564650000476e-02
6.804485000007773685e-06
-8.643116000000209120e-06
-2.100816176899999999e-02
-1.083637266389999715e-01
-2.048467518000019610e-03
1.852080480000064416e-04
-1.484332674680000352e-01
3.401909459999756004e-04
6.804485000007773685e-06
1.824160902246668436e-01
3.079838650000350417e-04
-1.076985608333333444e-04
-1.977073970000189961e-04
-3.831583513999995728e-03
1.430606336000000240e-03
-3.064508130000240683e-04
-1.724590207899998756e-02
-8.643116000000209120e-06
-3.079838649999655444e-04
-6.858219825999987626e-03
1.448754494785219761e-05
3.693138420000065215e-04
-1.198268661999999686e-03
-5.064897823999999805e-03
6.803678000007810913e-06
8.642949999999750951e-06
-2.100816176899999999e-02
1.076985608333333444e-04
1.448754494785223827e-05
2.967794611666654011e-04
1.039897811749998791e-01
-1.689329833332607665e-05
3.586917116666672186e-05
-4.193584106899999470e-02
-1.072889334000000361e-02
-1.226684519999972302e-04
-1.027187729220000040e-01
-1.069381272000018103e-03
-6.924194099999362087e-05
1.689329833334054398e-05
-1.414450413749999448e-02
3.979404599999999796e-05
1.594130362100000184e-02
-1.038270351100000280e-02
-1.117446983000000863e-03
1.526491077999982170e-03
-3.824446873999999552e-03
-5.357121549999998514e-04
-3.586917116666672186e-05
3.979404599999999796e-05
-6.750355668166667378e-03
-1.626433999999992634e-04
1.100001215000000416e-03
-1.055454242300000144e-02
-2.929206799999393466e-05
5.531117350000005432e-04
-4.028604140000023592e-04
-4.193584106899999470e-02
1.594130362100000184e-02
-1.626433999999992634e-04
9.793132657383329942e-02
5.974365320000007105e-04
6.640084350000008667e-05
-2.492467140900002098e-01
-5.750067890000429022e-04
-1.078040599998562151e-05
-1.072889334000000361e-02
-1.038270351100000280e-02
1.100001215000000416e-03
-5.974365319999913864e-04
2.058089349216667141e-02
-6.232907281185538030e-06
5.750388539999580365e-04
-1.827097368399997410e-02
-1.229144299999983725e-05
-1.226684519999972302e-04
-1.117446983000000863e-03
-1.055454242300000144e-02
-6.640084350000008667e-05
-6.232907281185546500e-06
2.418221103883334139e-02
-1.077959899998569686e-05
1.229143500000023683e-05
-1.493856221199999987e-02
-1.027187729220000040e-01
1.526491077999982170e-03
-2.929206799999393466e-05
-2.492467140900002098e-01
5.750388539999580365e-04
-1.077959899998569686e-05
4.007698803585010849e-01
3.455575011667475589e-04
-8.282301833333356243e-06
-1.069381272000018103e-03
-3.824446873999999552e-03
5.531117350000005432e-04
-5.750067890000429022e-04
-1.827097368399997410e-02
1.229143500000023683e-05
-3.455575011665906748e-04
-2.624273722549998883e-02
2.526868106084656317e-05
-6.924194099999362087e-05
-5.357121549999998514e-04
-4.028604140000023592e-04
-1.078040599998562151e-05
-1.229144299999983725e-05
-1.493856221199999987e-02
8.282301833333346078e-06
2.526868106084656317e-05
-1.616983109933336354e-02
1.047485644241665514e-01
4.374183966667400010e-05
4.144168716666672697e-05
-3.744184913900001910e-02
-1.380881412699998603e-02
1.436478303000001972e-03
-3.719940316400000696e-02
-3.208759771500000607e-02
1.718148497000004373e-03
-4.374183966665941758e-05
-1.422958355766666336e-02
9.318175666666678059e-06
2.844737692499998971e-02
-2.702336084899999852e-02
5.442101130000007907e-04
1.744899787699998039e-02
-2.438008111800000696e-02
-3.090685029999978438e-04
-4.144168716666672697e-05
9.318175666666674671e-06
-6.602171825000000167e-03
9.109304599999839668e-05
-1.058136439999978991e-04
3.067168048999999695e-03
1.739556879000001867e-03
9.092275000003331500e-06
5.894007294999998973e-03
-3.744184913900001910e-02
2.844737692499998971e-02
9.109304599999839668e-05
9.776845010286688842e-01
-6.099635666333289713e-03
-1.096435725666679729e-03
-9.813897463810008492e-01
-6.423063600002034074e-04
-4.565874339999334282e-04
-1.380881412699998603e-02
-2.702336084899999852e-02
-1.058136439999978991e-04
6.099635666333428491e-03
-1.495167352046669895e-01
-3.610804670000000911e-04
6.423335159997964165e-04
1.265597104970000164e-01
5.675228889999995837e-04
1.436478303000001972e-03
5.442101130000007907e-04
3.067168048999999695e-03
1.096435725666679729e-03
-3.610804669999999827e-04
-1.578310709403337730e-01
-4.565874339999333197e-04
-5.675229770000003162e-04
1.230375010429999999e-01
-3.719940316400000696e-02
1.744899787699998039e-02
1.739556879000001867e-03
-9.813897463810008492e-01
6.423335159997964165e-04
-4.565874339999333197e-04
9.762421399133355271e-01
-1.659288626466650166e-02
-1.753724760000005762e-03
-3.208759771500000607e-02
-2.438008111800000696e-02
9.092275000003331500e-06
-6.423063600002034074e-04
1.265597104970000164e-01
-5.675229770000003162e-04
1.659288626466691105e-02
-1.259224465555002226e-01
6.251143514666665860e-03
1.718148497000004373e-03
-3.090685029999978438e-04
5.894007294999998973e-03
-4.565874339999334282e-04
5.675228889999995837e-04
1.230375010429999999e-01
1.753724760000003593e-03
6.251143514666665860e-03
-1.278001667559998944e-01
9.591973022043348562e-01
-1.179834757099995635e-02
-2.286837172333341939e-03
-9.341917072800010047e-01
-3.656891990001941324e-04
1.645208000006410332e-05
-1.326463451699999227e-02
-4.899031098999996441e-03
3.904680677000008787e-03
1.179834757100009165e-02
-1.333449871385002372e-01
-5.012276834019444190e-03
3.656766139998056972e-04
1.231422250270000351e-01
-1.901556700000067195e-05
-1.800331830199999525e-02
-5.342699009299998331e-02
-1.758325738999994914e-03
2.286837172333342806e-03
-5.012276834019444190e-03
-1.368721511310000416e-01
1.645208000006404911e-05
1.901556699999937090e-05
1.124343026310000021e-01
5.330473637000009667e-03
1.162179531000004547e-03
1.985996723000000436e-03
-9.341917072800010047e-01
3.656766139998056972e-04
1.645208000006404911e-05
9.543941069140015054e-01
-1.179951727966649377e-02
2.276101031000008542e-03
-4.878331043100000292e-02
1.801371157900000242e-02
5.228345672000009152e-03
-3.656891990001941324e-04
1.231422250270000351e-01
1.901556699999937090e-05
1.179951727966689623e-02
-1.392042770151669107e-01
4.929843273019443584e-03
4.899972135000003198e-03
-5.848075220600001262e-02
-1.184376183999996234e-03
1.645208000006410332e-05
-1.901556700000067195e-05
1.124343026310000021e-01
-2.276101031000010277e-03
4.929843273019443584e-03
-1.510014564686668614e-01
3.901535450000005820e-03
1.780522392000003732e-03
-1.902719144999998752e-03
-1.326463451699999227e-02
-1.800331830199999525e-02
5.330473637000009667e-03
-4.878331043100000292e-02
4.899972135000003198e-03
3.901535450000005820e-03
1.003855777568333357e-01
-8.501677333331318566e-05
7.220885399999986442e-05
-4.899031098999996441e-03
-5.342699009299998331e-02
1.162179531000004547e-03
1.801371157900000242e-02
-5.848075220600001262e-02
1.780522392000003732e-03
8.501677333335319272e-05
-8.473184177499997263e-03
-2.450932198333338210e-04
3.904680677000008787e-03
-1.758325738999994914e-03
1.985996723000000436e-03
5.228345672000009152e-03
-1.184376183999996234e-03
-1.902719144999998752e-03
-7.220885399999978310e-05
-2.450932198333338210e-04
-5.762198791333333556e-03
3.966424221333334499e-01
6.670287995000253852e-04
6.884398533333326790e-05
-1.420484559150000936e-01
2.430961049999774812e-04
1.213778419000006992e-03
1.255257142799999677e-02
5.777244942000001396e-03
6.809581889000006737e-03
-6.670287994999748614e-04
-1.604939936533335970e-02
5.983089299999997312e-04
-2.431156850000227340e-04
-1.848869025699997892e-02
-1.864992999998905160e-06
-5.144219607999996925e-03
-2.871614643999999359e-03
-9.719195579999980036e-04
-6.884398533333334921e-05
5.983089299999997312e-04
-1.014108537816668133e-02
1.213778419000006992e-03
1.865081000001065194e-06
-4.489445466000006706e-03
6.956449473000006316e-03
8.773580280000024476e-04
8.662232395999997295e-03
-1.420484559150000936e-01
-2.431156850000227340e-04
1.213778419000006992e-03
1.485788331096665749e-01
5.149350228333557595e-04
-1.509110176666665431e-04
-6.808737177999992819e-03
5.663907748000001491e-03
6.897620620000009806e-03
2.430961049999774812e-04
-1.848869025699997892e-02
1.865081000001065194e-06
-5.149350228333082714e-04
1.930477552649998221e-02
-2.799005458333334744e-04
-5.861159966999996904e-03
-1.831552886800000279e-02
-1.296190436999998703e-03
1.213778419000006992e-03
-1.864992999998905160e-06
-4.489445466000006706e-03
1.509110176666666515e-04
-2.799005458333333660e-04
2.303643634316668645e-02
6.737364221000009985e-03
1.390752370000002082e-03
-7.186437827000009652e-03
1.255257142799999677e-02
-5.144219607999996925e-03
6.956449473000006316e-03
-6.808737177999992819e-03
-5.861159966999996904e-03
6.737364221000009985e-03
1.009933254028332894e-01
-8.526961349997927940e-05
7.219620433333319692e-05
5.777244942000001396e-03
-2.871614643999999359e-03
8.773580280000024476e-04
5.663907748000001491e-03
-1.831552886800000279e-02
1.390752370000002082e-03
8.526961350002042488e-05
-1.097815289700000002e-02
-2.450931545000005138e-04
6.809581889000006737e-03
-9.719195579999980036e-04
8.662232395999997295e-03
6.897620620000009806e-03
-1.296190436999998703e-03
-7.186437827000009652e-03
-7.219620433333311560e-05
-2.450931545000005138e-04
-5.844357682500000636e-03
1.213990671811665534e-01
2.751917228333421606e-04
-2.278763333333479226e-07
-3.410487592500000692e-02
7.901185979999964448e-04
1.100450720000017122e-04
2.004107688600000395e-02
2.335904097000004575e-03
-5.217687230000010506e-04
-2.751917228333275239e-04
2.207506395333331314e-03
2.456673696666663957e-04
-7.901542400000031042e-04
-1.647417271899999022e-02
-3.902712799999922855e-05
6.390118030000040399e-04
-1.415366219000001227e-03
-1.257008340999999935e-03
2.278763333333178529e-07
2.456673696666663957e-04
-1.451440851500002040e-03
1.101008460000018030e-04
3.902807300000068379e-05
-4.992097366999999862e-03
-1.623377540000015961e-04
9.393615560000000489e-04
-4.315786170000003065e-04
-3.410487592500000692e-02
-7.901542400000031042e-04
1.101008460000018030e-04
8.990002272750000079e-02
-5.075655499998508351e-05
-3.722665033333334711e-05
-2.358279595000001630e-02
-2.020278730000002639e-03
-6.088345099999805526e-05
7.901185979999964448e-04
-1.647417271899999022e-02
3.902807300000068379e-05
5.075655500001498039e-05
8.534288592999997314e-03
-2.232425071666666158e-04
-2.052780979000003603e-03
-7.128867013000001786e-03
-9.497778829999993554e-04
1.100450720000017122e-04
-3.902712799999922855e-05
-4.992097366999999862e-03
3.722665033333342842e-05
-2.232425071666666158e-04
3.701284755666663356e-03
-4.203765109999984748e-04
1.245227778000000587e-03
1.250643591000000308e-03
2.004107688600000395e-02
6.390118030000040399e-04
-1.623377540000015961e-04
-2.358279595000001630e-02
-2.052780979000003603e-03
-4.203765109999984748e-04
1.098602084318332783e-01
-8.510858116664312919e-05
7.226191249999988240e-05
2.335904097000004575e-03
-1.415366219000001227e-03
9.393615560000000489e-04
-2.020278730000002639e-03
-7.128867013000001786e-03
1.245227778000000587e-03
8.510858116668983120e-05
-1.724217886300000863e-02
-2.355758476666671309e-04
-5.217687230000010506e-04
-1.257008340999999935e-03
-4.315786170000003065e-04
-6.088345099999805526e-05
-9.497778829999993554e-04
1.250643591000000308e-03
-7.226191249999980109e-05
-2.355758476666671309e-04
-1.073128424750000726e-02
9.625945574166665242e-02
4.064037956666738827e-04
-2.212101666666821629e-07
1.546383358600000174e-02
-2.675689390999992558e-03
1.058266166999997796e-03
2.817955120399999458e-02
6.591985710000051448e-04
-2.044663350000011182e-04
-4.064037956666622818e-04
1.770105652499997725e-03
2.519984168333331176e-04
2.521738078000006992e-03
-2.299237826499999152e-02
-1.968836599999969819e-05
6.688823970000054445e-04
-2.565844555999999797e-03
-1.014309806999999508e-03
2.212101666666512992e-07
2.519984168333331176e-04
-4.364338189000007209e-03
1.058266229999997327e-03
3.337869900000063362e-05
-1.855627604799999289e-02
-2.849235100000015630e-04
1.014316614000000498e-03
4.018674281000001770e-03
1.546383358600000174e-02
2.521738078000006992e-03
1.058266229999997327e-03
-3.214424713966675118e-02
1.056024966665663739e-05
-1.815965916666667111e-05
1.154946863900000592e-02
-5.783786974999997367e-03
2.071004348999997725e-03
-2.675689390999992558e-03
-2.299237826499999152e-02
3.337869900000063362e-05
-1.056024966667664092e-05
2.230354482950002576e-02
1.789401499999999608e-05
7.127106040000055808e-04
-1.616972202199999653e-02
-9.195148019999991457e-04
1.058266166999997796e-03
-1.968836599999969819e-05
-1.855627604799999289e-02
1.815965916666666434e-05
1.789401500000000286e-05
2.042195765850002287e-02
8.086853499999982356e-04
1.123542338000000978e-03
-9.493868564000008947e-03
2.817955120399999458e-02
6.688823970000054445e-04
-2.849235100000015630e-04
1.154946863900000592e-02
7.127106040000055808e-04
8.086853499999982356e-04
1.290365353638332491e-01
-8.508406516663878226e-05
7.229432166666657897e-05
6.591985710000051448e-04
-2.565844555999999797e-03
1.014316614000000498e-03
-5.783786974999997367e-03
-1.616972202199999653e-02
1.123542338000000978e-03
8.508406516669415789e-05
-2.172028502533334543e-02
-2.355757506666668680e-04
-2.044663350000011182e-04
-1.014309806999999508e-03
4.018674281000001770e-03
2.071004348999997725e-03
-9.195148019999991457e-04
-9.493868564000008947e-03
-7.229432166666649765e-05
-2.355757506666668680e-04
-1.307149953333335002e-02
1.154510365696665569e-01
-4.474896666659158185e-06
1.530241949999997737e-05
5.852570632900002540e-02
-4.652961134999984011e-03
2.188077998999996086e-03
3.901508486999999414e-02
-1.917196499999251867e-05
5.996122999997803290e-06
4.474896666674172691e-06
-7.157371631000000560e-03
2.532722249999998839e-04
4.758090541000016896e-03
-2.200266464399999386e-02
-2.944183909999996429e-04
1.126209950000075057e-04
-1.788244287999999965e-03
1.301399400000031476e-05
-1.530241950000001125e-05
2.532722249999998839e-04
-8.112175326333343275e-03
2.184541435999994702e-03
4.996483400000090744e-05
-1.834373982099998801e-02
-4.245025000002185414e-06
-1.301051799999968602e-05
3.373888738000000321e-03
5.852570632900002540e-02
4.758090541000016896e-03
2.184541435999994702e-03
-6.036960421616681394e-02
-1.744745583334881707e-05
-1.160114583333333236e-05
3.633588396699999334e-02
-3.402714136999992773e-03
2.178882531999996614e-03
-4.652961134999984011e-03
-2.200266464399999386e-02
4.996483400000090744e-05
1.744745583331765303e-05
2.445679838250000224e-02
2.593045666666700741e-06
5.737246090000008847e-03
-2.122617626499999008e-02
-9.729446209999993624e-04
2.188077998999996086e-03
-2.944183909999996429e-04
-1.834373982099998801e-02
1.160114583333333236e-05
2.593045666666704977e-06
2.502746378833334631e-02
2.093696728999996145e-03
9.628987940000011733e-04
-1.269197814199999122e-02
3.901508486999999414e-02
1.126209950000075057e-04
-4.245025000002185414e-06
3.633588396699999334e-02
5.737246090000008847e-03
2.093696728999996145e-03
1.233532796858332337e-01
-8.512542549997284373e-05
1.274989946666665820e-04
-1.917196499999251867e-05
-1.788244287999999965e-03
-1.301051799999968602e-05
-3.402714136999992773e-03
-2.122617626499999008e-02
9.628987940000011733e-04
8.512542550002664726e-05
-2.310914928533336354e-02
-3.174655383333334878e-04
5.996122999997803290e-06
1.301399400000031476e-05
3.373888738000000321e-03
2.178882531999996614e-03
-9.729446209999993624e-04
-1.269197814199999122e-02
-1.274989946666664736e-04
-3.174655383333334878e-04
-1.481269064349999623e-02
1.233532796858332337e-01
-8.512542549999078728e-05
-1.274989946666665549e-04
4.785892569399999297e-02
-5.737246089999986295e-03
2.093696728999996579e-03
3.882651747199999948e-02
-1.126209949999925302e-04
-4.245025000002147298e-06
8.512542550000870372e-05
-2.310914928533336354e-02
3.174655383333334878e-04
3.402714137000015324e-03
-1.964543795099999227e-02
-9.628987939999993301e-04
1.917196500000749421e-05
-1.891558282999999735e-03
1.301051800000034332e-05
1.274989946666665007e-04
3.174655383333334878e-04
-1.481269064349999623e-02
2.178882531999995313e-03
9.729446210000012056e-04
-1.228839874299999385e-02
5.996122999997836325e-06
-1.301399399999965407e-05
3.679948797000001312e-03
4.785892569399999297e-02
3.402714137000015324e-03
2.178882531999995313e-03
-6.036960421616681394e-02
-1.744745583333842906e-05
1.160114583333333236e-05
5.806852231900003908e-02
-4.758090540999987406e-03
2.184541435999996003e-03
-5.737246089999986295e-03
-1.964543795099999227e-02
9.729446210000012056e-04
1.744745583332804105e-05
2.445679838250000224e-02
-2.593045666666702012e-06
4.652961135000013501e-03
-2.241643813499999069e-02
-4.996483399999958607e-05
2.093696728999996579e-03
-9.628987939999993301e-04
-1.228839874299999385e-02
-1.160114583333333236e-05
-2.593045666666703706e-06
2.502746378833334631e-02
2.188077998999994785e-03
2.944183910000008897e-04
-1.761039609299998657e-02
3.882651747199999948e-02
1.917196500000749421e-05
5.996122999997836325e-06
5.806852231900003908e-02
4.652961135000013501e-03
2.188077998999994785e-03
1.154510365696665569e-01
-4.474896666644142832e-06
-1.530241949999994687e-05
-1.126209949999925302e-04
-1.891558282999999735e-03
-1.301399399999965407e-05
-4.758090540999987406e-03
-2.241643813499999069e-02
2.944183910000008897e-04
4.474896666689188044e-06
-7.157371631000000560e-03
-2.532722249999998839e-04
-4.245025000002147298e-06
1.301051800000034332e-05
3.679948797000001312e-03
2.184541435999996003e-03
-4.996483399999958607e-05
-1.761039609299998657e-02
1.530241950000004174e-05
-2.532722249999998839e-04
-8.112175326333343275e-03
1.290365353638332491e-01
-8.508406516665724081e-05
-7.229432166666655186e-05
4.795349435799997617e-02
-7.127106039999884504e-04
8.086853499999961756e-04
1.579172991000007964e-03
-6.688823969999985056e-04
-2.849235099999993946e-04
8.508406516667569935e-05
-2.172028502533334543e-02
2.355757506666668680e-04
5.783786975000014714e-03
-1.752280484299998872e-02
-1.123542337999999894e-03
-6.591985709999982060e-04
-4.814687763999999336e-03
-1.014316613999999631e-03
7.229432166666652476e-05
2.355757506666668680e-04
-1.307149953333335002e-02
2.071004348999994256e-03
9.195148020000006635e-04
-1.435801114999998677e-02
-2.044663349999997358e-04
1.014309807000000375e-03
5.117662120000001508e-03
4.795349435799997617e-02
5.783786975000014714e-03
2.071004348999994256e-03
-3.214424713966675118e-02
1.056024966666330524e-05
1.815965916666666772e-05
1.539990200800000174e-02
-2.521738077999992247e-03
1.058266229999997761e-03
-7.127106039999884504e-04
-1.752280484299998872e-02
9.195148020000006635e-04
-1.056024966666997308e-05
2.230354482950002576e-02
-1.789401499999999947e-05
2.675689391000007303e-03
-2.295980092699999309e-02
-3.337869899999970527e-05
8.086853499999961756e-04
-1.123542337999999894e-03
-1.435801114999998677e-02
-1.815965916666666772e-05
-1.789401499999999947e-05
2.042195765850002287e-02
1.058266166999997362e-03
1.968836600000062993e-05
-1.855627604799999289e-02
1.579172991000007964e-03
-6.591985709999982060e-04
-2.044663349999997358e-04
1.539990200800000174e-02
2.675689391000007303e-03
1.058266166999997362e-03
9.625945574166665242e-02
4.064037956666854295e-04
2.212101666667130267e-07
-6.688823969999985056e-04
-4.814687763999999336e-03
1.014309807000000375e-03
-2.521738077999992247e-03
-2.295980092699999309e-02
1.968836600000062993e-05
-4.064037956666507350e-04
1.770105652499997725e-03
-2.519984168333331176e-04
-2.849235099999993946e-04
-1.014316613999999631e-03
5.117662120000001508e-03
1.058266229999997761e-03
-3.337869899999970527e-05
-1.855627604799999289e-02
-2.212101666666204354e-07
-2.519984168333331176e-04
-4.364338189000007209e-03
1.098602084318332783e-01
-8.510858116665870104e-05
-7.226191249999985530e-05
2.006557441500000927e-02
2.052780979000005772e-03
-4.203765110000011853e-04
-2.337254795200001400e-02
-6.390118030000042568e-04
-1.623377539999983435e-04
8.510858116667425935e-05
-1.724217886300000863e-02
2.355758476666671309e-04
2.020278730000004373e-03
-8.426649043000000727e-03
-1.245227777999999936e-03
-2.335904097000005009e-03
-6.982584660000021445e-04
-9.393615559999997236e-04
7.226191249999982819e-05
2.355758476666671309e-04
-1.073128424750000726e-02
-6.088345100000158570e-05
9.497778830000002228e-04
-3.103331626999999635e-03
-5.217687229999985569e-04
1.257008341000000152e-03
2.868902534000000899e-03
2.006557441500000927e-02
2.020278730000004373e-03
-6.088345100000158570e-05
8.990002272750000079e-02
-5.075655499999505140e-05
3.722665033333337421e-05
-3.394489385200000209e-02
7.901542399999965990e-04
1.101008460000016945e-04
2.052780979000005772e-03
-8.426649043000000727e-03
9.497778830000002228e-04
5.075655500000501250e-05
8.534288592999997314e-03
2.232425071666666158e-04
-7.901185980000029500e-04
-1.647417271899999022e-02
-3.902807299999923367e-05
-4.203765110000011853e-04
-1.245227777999999936e-03
-3.103331626999999635e-03
-3.722665033333340132e-05
2.232425071666666158e-04
3.701284755666663356e-03
1.100450720000017936e-04
3.902712800000067867e-05
-4.992097366999999862e-03
-2.337254795200001400e-02
-2.335904097000005009e-03
-5.217687229999985569e-04
-3.394489385200000209e-02
-7.901185980000029500e-04
1.100450720000017936e-04
1.213990671811665534e-01
2.751917228333567431e-04
2.278763333333780187e-07
-6.390118030000042568e-04
-6.982584660000021445e-04
1.257008341000000152e-03
7.901542399999965990e-04
-1.647417271899999022e-02
3.902712800000067867e-05
-2.751917228333129414e-04
2.207506395333331314e-03
-2.456673696666663957e-04
-1.623377539999983435e-04
-9.393615559999997236e-04
2.868902534000000899e-03
1.101008460000016945e-04
-3.902807299999923367e-05
-4.992097366999999862e-03
-2.278763333332877568e-07
-2.456673696666663957e-04
-1.451440851500002040e-03
1.009933254028332894e-01
-8.526961349999299456e-05
-7.219620433333316981e-05
1.092400747500000061e-02
5.861159967000004710e-03
6.737364221000009985e-03
-5.440212352999996247e-03
5.144219608000000395e-03
6.956449473000008051e-03
8.526961350000670972e-05
-1.097815289700000002e-02
2.450931545000005138e-04
-5.663907747999993685e-03
-1.750860367800000442e-02
-1.390752369999997962e-03
-5.777244941999997926e-03
-3.693415442999998036e-03
-8.773580279999984360e-04
7.219620433333314271e-05
2.450931545000005138e-04
-5.844357682500000636e-03
6.897620620000008071e-03
1.296190437000002823e-03
-4.486167066000005046e-03
6.809581889000006737e-03
9.719195580000020152e-04
6.222395862999997342e-03
1.092400747500000061e-02
-5.663907747999993685e-03
6.897620620000008071e-03
1.485788331096665749e-01
5.149350228333399301e-04
1.509110176666665702e-04
-1.420484559150000936e-01
2.431156849999774685e-04
1.213778419000006992e-03
5.861159967000004710e-03
-1.750860367800000442e-02
1.296190437000002823e-03
-5.149350228333241008e-04
1.930477552649998221e-02
2.799005458333334202e-04
-2.430961050000227466e-04
-1.848869025699997892e-02
-1.865080999998904836e-06
6.737364221000009985e-03
-1.390752369999997962e-03
-4.486167066000005046e-03
-1.509110176666666244e-04
2.799005458333334202e-04
2.303643634316668645e-02
1.213778419000006992e-03
1.864993000001065517e-06
-4.489445466000006706e-03
-5.440212352999996247e-03
-5.777244941999997926e-03
6.809581889000006737e-03
-1.420484559150000936e-01
-2.430961050000227466e-04
1.213778419000006992e-03
3.966424221333334499e-01
6.670287995000759090e-04
-6.884398533333320014e-05
5.144219608000000395e-03
-3.693415442999998036e-03
9.719195580000020152e-04
2.431156849999774685e-04
-1.848869025699997892e-02
1.864993000001065517e-06
-6.670287994999243375e-04
-1.604939936533335970e-02
-5.983089299999997312e-04
6.956449473000008051e-03
-8.773580279999984360e-04
6.222395862999997342e-03
1.213778419000006992e-03
-1.865080999998904836e-06
-4.489445466000006706e-03
6.884398533333341698e-05
-5.983089299999997312e-04
-1.014108537816668133e-02
1.003855777568333357e-01
-8.501677333332652135e-05
-7.220885399999983731e-05
-2.827953515100001952e-02
-4.899972134999996259e-03
3.901535450000006254e-03
-3.376840979700002771e-02
1.800331830200000566e-02
5.330473637000008799e-03
8.501677333333985704e-05
-8.473184177499997263e-03
2.450932198333338210e-04
-1.801371157899999548e-02
-5.403656894999999544e-02
-1.780522391999995492e-03
4.899031099000007716e-03
-5.787117334900000742e-02
-1.162179530999995439e-03
7.220885399999981021e-05
2.450932198333338210e-04
-5.762198791333333556e-03
5.228345672000010019e-03
1.184376184000004908e-03
1.928379215999999384e-03
3.904680677000008353e-03
1.758325739000003154e-03
-1.712681343999999462e-03
-2.827953515100001952e-02
-1.801371157899999548e-02
5.228345672000010019e-03
9.543941069140015054e-01
-1.179951727966662735e-02
-2.276101031000008976e-03
-9.341917072800010047e-01
-3.656766140001941668e-04
1.645208000006410332e-05
-4.899972134999996259e-03
-5.403656894999999544e-02
1.184376184000004908e-03
1.179951727966676266e-02
-1.392042770151669107e-01
-4.929843273019443584e-03
3.656891989998056628e-04
1.231422250270000351e-01
-1.901556700000067195e-05
3.901535450000006254e-03
-1.780522391999995492e-03
1.928379215999999384e-03
2.276101031000009843e-03
-4.929843273019443584e-03
-1.510014564686668614e-01
1.645208000006404911e-05
1.901556699999937090e-05
1.124343026310000021e-01
-3.376840979700002771e-02
4.899031099000007716e-03
3.904680677000008353e-03
-9.341917072800010047e-01
3.656891989998056628e-04
1.645208000006404911e-05
9.591973022043348562e-01
-1.179834757099982277e-02
2.286837172333341505e-03
1.800331830200000566e-02
-5.787117334900000742e-02
1.758325739000003154e-03
-3.656766140001941668e-04
1.231422250270000351e-01
1.901556699999937090e-05
1.179834757100022523e-02
-1.333449871385002372e-01
5.012276834019444190e-03
5.330473637000008799e-03
-1.162179530999995439e-03
-1.712681343999999462e-03
1.645208000006410332e-05
-1.901556700000067195e-05
1.124343026310000021e-01
-2.286837172333343240e-03
5.012276834019444190e-03
-1.368721511310000416e-01
9.271385465570010087e-01
-4.502257647333303241e-03
3.799564429999996180e-03
-9.105501016380006529e-01
-3.575051013000190431e-03
2.725317021000057700e-03
-1.807713632799999581e-02
-3.529701031299999070e-02
-2.139988396999997333e-03
4.502257647333431610e-03
-1.295337821465002426e-01
-2.872862950039681805e-03
3.575051012999811394e-03
1.202892493870000440e-01
7.395916350000005532e-04
2.109066118599999679e-02
-6.293113693799998187e-02
-4.159260639999988246e-04
-3.799564429999996180e-03
-2.872862950039682672e-03
-1.335614872816666687e-01
2.725317021000057266e-03
-7.395915779999988294e-04
1.261122551790000434e-01
-7.389349110000014657e-04
8.477291910000062580e-04
-1.329652254599999507e-02
-9.105501016380006529e-01
3.575051012999811394e-03
2.725317021000057266e-03
9.770960858563356721e-01
-2.201160660999827538e-03
-5.613034717999996516e-03
-2.731313944300000837e-02
-1.984580187999998233e-02
-1.041978424999997262e-03
-3.575051013000190431e-03
1.202892493870000440e-01
-7.395915779999988294e-04
2.201160661000242137e-03
-1.512980868161669934e-01
1.590726969539680950e-03
3.763829113000001503e-02
-6.360948133199999244e-02
-8.376867530000008154e-04
2.725317021000057700e-03
7.395916350000005532e-04
1.261122551790000434e-01
5.613034717999996516e-03
1.590726969539683119e-03
-1.472823544900002390e-01
-2.443027889000001611e-03
4.058740180000042349e-04
-1.591970053999999454e-02
-1.807713632799999581e-02
2.109066118599999679e-02
-7.389349110000014657e-04
-2.731313944300000837e-02
3.763829113000001503e-02
-2.443027889000001611e-03
7.862027487133337045e-02
3.418968096666823403e-04
7.743989148333336884e-04
-3.529701031299999070e-02
-6.293113693799998187e-02
8.477291910000062580e-04
-1.984580187999998233e-02
-6.360948133199999244e-02
4.058740180000042349e-04
-3.418968096666513321e-04
-5.937470679999998398e-03
7.803927383333346618e-05
-2.139988396999997333e-03
-4.159260639999988246e-04
-1.329652254599999507e-02
-1.041978424999997262e-03
-8.376867530000008154e-04
-1.591970053999999454e-02
-7.743989148333336884e-04
7.803927383333319513e-05
-1.199469640450000554e-02
3.578551685186675546e-01
6.913928393333563811e-04
1.429224743333333244e-04
-2.100401946760000194e-01
-6.105494490000406508e-04
-1.450473199998609452e-05
-6.297674738500001757e-02
-6.030314470000134675e-04
6.108412700000045471e-04
-6.913928393333104109e-04
-1.853251189916668706e-02
-2.336206933333331926e-05
6.105336229999602316e-04
9.147430210999995051e-03
-3.110779999999598731e-06
-1.046776458600000639e-02
9.463673264999996476e-03
-7.297646919999986864e-04
-1.429224743333333244e-04
-2.336206933333333959e-05
-2.019107357283334014e-02
-1.450473199998617076e-05
3.111327000000474628e-06
1.634437844900002781e-02
4.876547160000051250e-04
1.391361497000001080e-03
1.983106756300001550e-02
-2.100401946760000194e-01
6.105336229999602316e-04
-1.450473199998617076e-05
1.526107453316664364e-01
3.502019310000250825e-04
-7.097770090000002667e-04
-5.010467000900001994e-02
6.581594096999990144e-03
3.937598020000027403e-04
-6.105494490000406508e-04
9.147430210999995051e-03
3.111327000000474628e-06
-3.502019309999761850e-04
1.938997109966665230e-02
-5.785325870000002394e-04
1.566136631999990626e-03
-7.610835669999981316e-04
-1.397909100000000598e-03
-1.450473199998609452e-05
-3.110779999999598731e-06
1.634437844900002781e-02
7.097770090000004835e-04
-5.785325870000000226e-04
2.234483714350000982e-02
5.170021860000020971e-04
7.363067589999995090e-04
-1.948015468999998766e-03
-6.297674738500001757e-02
-1.046776458600000639e-02
4.876547160000051250e-04
-5.010467000900001994e-02
1.566136631999990626e-03
5.170021860000020971e-04
8.262122464966668856e-02
3.362003030000164480e-04
8.293113786666676856e-04
-6.030314470000134675e-04
9.463673264999996476e-03
1.391361497000001080e-03
6.581594096999990144e-03
-7.610835669999981316e-04
7.363067589999995090e-04
-3.362003029999838136e-04
-6.155255147166664373e-03
3.670346666666818128e-06
6.108412700000045471e-04
-7.297646919999986864e-04
1.983106756300001550e-02
3.937598020000027403e-04
-1.397909100000000598e-03
-1.948015468999998766e-03
-8.293113786666676856e-04
3.670346666666513196e-06
-1.253951491900001311e-02
1.579767024088334082e-01
3.517293560000098597e-04
4.690649616666668653e-05
-1.093064025379999887e-01
-1.799213751000021096e-03
-1.628361199999290923e-05
-5.392876094050000346e-02
9.334369529999904987e-04
1.145103275000004068e-03
-3.517293559999911030e-04
4.031226638833334056e-03
-1.595183666666663453e-06
1.101098046999979436e-03
5.181645698000004498e-03
-8.759973000000107024e-06
-1.161284151000000452e-02
2.589786319999971896e-04
-1.400216756999999061e-03
-4.690649616666668653e-05
-1.595183666666669383e-06
-2.078313090000010951e-03
-1.628370099999309231e-05
8.760619000000075305e-06
4.606236479000007725e-03
2.077571855000004235e-03
1.599334825000000605e-03
6.846142284000001840e-03
-1.093064025379999887e-01
1.101098046999979436e-03
-1.628370099999309231e-05
7.446239986583322312e-02
3.341881481666787073e-04
-1.800276353333332821e-04
-5.493909933500000509e-02
9.990049939999979742e-03
2.064173381000004425e-03
-1.799213751000021096e-03
5.181645698000004498e-03
8.760619000000075305e-06
-3.341881481666552885e-04
1.068860972216667017e-02
-5.149046204999999619e-04
9.547114699999866439e-04
2.058212829600000390e-02
-1.621506834999999688e-03
-1.628361199999290923e-05
-8.759973000000107024e-06
4.606236479000007725e-03
1.800276353333334447e-04
-5.149046204999999619e-04
6.114469620999987524e-03
7.469169100000045249e-04
1.616670891000000082e-03
2.012728203399999014e-02
-5.392876094050000346e-02
-1.161284151000000452e-02
2.077571855000004235e-03
-5.493909933500000509e-02
9.547114699999866439e-04
7.469169100000045249e-04
1.184583729876666769e-01
3.688575553333567694e-04
8.294028876666680603e-04
9.334369529999904987e-04
2.589786319999971896e-04
1.599334825000000605e-03
9.990049939999979742e-03
2.058212829600000390e-02
1.616670891000000082e-03
-3.688575553333099319e-04
-9.095811893333329706e-03
3.671024500000152067e-06
1.145103275000004068e-03
-1.400216756999999061e-03
6.846142284000001840e-03
2.064173381000004425e-03
-1.621506834999999688e-03
2.012728203399999014e-02
-8.294028876666680603e-04
3.671024499999847135e-06
-1.605857050866668981e-02
1.069546241771666406e-01
2.883869220000067918e-04
7.012799583333338509e-05
-4.339873886499999445e-02
-4.065172849000005424e-03
-1.037702713999998604e-03
-4.052661308400001133e-02
4.959080229999915422e-04
1.155532958000003892e-03
-2.883869219999941067e-04
3.752073239666651842e-03
-1.256163574999999790e-04
2.758811417999995630e-03
-1.941892335999998234e-02
-4.258198500000049351e-05
-1.170419846400001448e-02
1.087222267899999942e-02
-1.352714794999998861e-03
-7.012799583333335798e-05
-1.256163574999999790e-04
-2.175786640333341338e-03
-1.033296340999999025e-03
7.560019499999996067e-05
-2.135348646899999300e-02
2.077923297000004201e-03
1.638015393000000859e-03
1.941449773500000808e-02
-4.339873886499999445e-02
2.758811417999995630e-03
-1.033296340999999025e-03
-3.607381917183336006e-02
-2.736295350001039976e-05
-1.305308188333333987e-04
-2.555317725450000424e-02
-1.714565219200000698e-02
2.099943800000025700e-04
-4.065172849000005424e-03
-1.941892335999998234e-02
7.560019499999996067e-05
2.736295349998965084e-05
2.039193556866669005e-02
9.361765333333309388e-06
1.450503500099999121e-02
-7.050487087000002068e-03
-1.465962772000000509e-03
-1.037702713999998604e-03
-4.258198500000049351e-05
-2.135348646899999300e-02
1.305308188333333987e-04
9.361765333333356821e-06
2.253819302716669748e-02
2.039226460000000650e-03
9.419669910000013800e-04
-2.948711452000000923e-03
-4.052661308400001133e-02
-1.170419846400001448e-02
2.077923297000004201e-03
-2.555317725450000424e-02
1.450503500099999121e-02
2.039226460000000650e-03
1.630890358139999441e-01
3.885950288333666182e-04
9.056329960000012976e-04
4.959080229999915422e-04
1.087222267899999942e-02
1.638015393000000859e-03
-1.714565219200000698e-02
-7.050487087000002068e-03
9.419669910000013800e-04
-3.885950288333001566e-04
-1.777228140600001227e-02
5.770755333333498415e-06
1.155532958000003892e-03
-1.352714794999998861e-03
1.941449773500000808e-02
2.099943800000025700e-04
-1.465962772000000509e-03
-2.948711452000000923e-03
-9.056329960000012976e-04
5.770755333333166379e-06
-2.056701533549999336e-02
1.396832491713332902e-01
3.783089563333423750e-04
8.050785550000005798e-05
1.936292055500000303e-02
-1.355874307399998306e-02
-4.725710069999999006e-03
-3.612816366699999476e-02
1.599491049999991971e-03
4.113702860000032890e-04
-3.783089563333247025e-04
-4.459180785666664627e-03
-6.742275833333328341e-06
1.655332702000008715e-03
-2.893830314200001447e-02
-2.278095361000000239e-03
-1.339764223300001986e-02
1.219772533100000125e-02
1.833985580000011396e-04
-8.050785550000005798e-05
-6.742275833333338506e-06
-1.010309505583331657e-02
-3.780207102000003334e-03
2.622327000000001119e-03
-1.373677997399999975e-02
1.343947829000003693e-03
1.608315500000005185e-04
1.753952170500001559e-02
1.936292055500000303e-02
1.655332702000008715e-03
-3.780207102000003334e-03
-5.594246458566671382e-02
9.528122549998535465e-05
-8.354297650000003586e-05
3.721599312999985219e-03
-1.694959952600000319e-02
2.217189420000003632e-04
-1.355874307399998306e-02
-2.893830314200001447e-02
2.622327000000001119e-03
-9.528122550001476363e-05
2.415698133733332198e-02
1.181632812424242334e-04
1.423261665999999391e-02
-1.250469861999999911e-02
-1.475420413000000158e-03
-4.725710069999999006e-03
-2.278095361000000239e-03
-1.373677997399999975e-02
8.354297649999998165e-05
1.181632812424242605e-04
2.443387382950002254e-02
1.914358645999998405e-03
9.174659070000014838e-04
-6.568366024000000733e-03
-3.612816366699999476e-02
-1.339764223300001986e-02
1.343947829000003693e-03
3.721599312999985219e-03
1.423261665999999391e-02
1.914358645999998405e-03
1.592186863049998846e-01
3.513450121666995374e-04
-7.306318783333330723e-05
1.599491049999991971e-03
1.219772533100000125e-02
1.608315500000005185e-04
-1.694959952600000319e-02
-1.250469861999999911e-02
9.174659070000014838e-04
-3.513450121666338347e-04
-1.956010563583334208e-02
1.595720666666653289e-06
4.113702860000032890e-04
1.833985580000011396e-04
1.753952170500001559e-02
2.217189420000003632e-04
-1.475420413000000158e-03
-6.568366024000000733e-03
7.306318783333330723e-05
1.595720666666679971e-06
-2.107009868016667536e-02
1.592186863049998846e-01
3.513450121666776365e-04
7.306318783333330723e-05
1.118583261699998901e-02
-1.423261665999998697e-02
1.914358646000000139e-03
-3.735358710799999149e-02
1.339764223300000077e-02
1.343947829000002392e-03
-3.513450121666557356e-04
-1.956010563583334208e-02
-1.595720666666662183e-06
1.694959952600001360e-02
-1.572674994299999920e-02
-9.174659069999999660e-04
-1.599491050000011703e-03
2.141941174200000589e-02
-1.608315499999997595e-04
-7.306318783333330723e-05
-1.595720666666671077e-06
-2.107009868016667536e-02
2.217189419999973004e-04
1.475420413000001025e-03
-6.787331317000000648e-03
4.113702860000037769e-04
-1.833985580000007060e-04
2.016656458100001340e-02
1.118583261699998901e-02
1.694959952600001360e-02
2.217189419999973004e-04
-5.594246458566671382e-02
9.528122549999515313e-05
8.354297650000002231e-05
1.798170737700001062e-02
-1.655332701999993319e-03
-3.780207102000002033e-03
-1.423261665999998697e-02
-1.572674994299999920e-02
1.475420413000001025e-03
-9.528122550000496516e-05
2.415698133733332198e-02
-1.181632812424242469e-04
1.355874307399999867e-02
-2.010881500499998517e-02
-2.622327000000001553e-03
1.914358646000000139e-03
-9.174659069999999660e-04
-6.787331317000000648e-03
-8.354297649999999520e-05
-1.181632812424242469e-04
2.443387382950002254e-02
-4.725710070000001609e-03
2.278095360999999805e-03
-1.100673959900000214e-02
-3.735358710799999149e-02
-1.599491050000011703e-03
4.113702860000037769e-04
1.798170737700001062e-02
1.355874307399999867e-02
-4.725710070000001609e-03
1.396832491713332902e-01
3.783089563333599933e-04
-8.050785550000005798e-05
1.339764223300000077e-02
2.141941174200000589e-02
-1.833985580000007060e-04
-1.655332701999993319e-03
-2.010881500499998517e-02
2.278095360999999805e-03
-3.783089563333070842e-04
-4.459180785666664627e-03
6.742275833333319024e-06
1.343947829000002392e-03
-1.608315499999997595e-04
2.016656458100001340e-02
-3.780207102000002033e-03
-2.622327000000001553e-03
-1.100673959900000214e-02
8.050785550000005798e-05
6.742275833333347823e-06
-1.010309505583331657e-02
1.630890358139999441e-01
3.885950288333444463e-04
-9.056329960000012976e-04
3.235695648499991358e-03
-1.450503500099999295e-02
2.039226460000001084e-03
-4.363476216300001681e-02
1.170419846399999367e-02
2.077923297000003333e-03
-3.885950288333223286e-04
-1.777228140600001227e-02
-5.770755333333387454e-06
1.714565219200000698e-02
-1.071533410600000735e-02
-9.419669910000001874e-04
-4.959080230000124673e-04
2.015564142499999892e-02
-1.638015392999999558e-03
9.056329960000012976e-04
-5.770755333333277340e-06
-2.056701533549999336e-02
2.099943799999980706e-04
1.465962772000001160e-03
-4.516132992000000332e-03
1.155532958000003675e-03
1.352714794999999729e-03
2.269315176100000081e-02
3.235695648499991358e-03
1.714565219200000698e-02
2.099943799999980706e-04
-3.607381917183336006e-02
-2.736295350000348458e-05
1.305308188333333987e-04
-4.332004734299999688e-02
-2.758811418000004304e-03
-1.033296340999998592e-03
-1.450503500099999295e-02
-1.071533410600000735e-02
1.465962772000001160e-03
2.736295349999656601e-05
2.039193556866669005e-02
-9.361765333333324634e-06
4.065172848999996751e-03
-1.963597895799998327e-02
-7.560019500000055698e-05
2.039226460000001084e-03
-9.419669910000001874e-04
-4.516132992000000332e-03
-1.305308188333333987e-04
-9.361765333333341575e-06
2.253819302716669748e-02
-1.037702713999999037e-03
4.258198499999988365e-05
-2.138191916799999509e-02
-4.363476216300001681e-02
-4.959080230000124673e-04
1.155532958000003675e-03
-4.332004734299999688e-02
4.065172848999996751e-03
-1.037702713999999037e-03
1.069546241771666406e-01
2.883869220000193686e-04
-7.012799583333339864e-05
1.170419846399999367e-02
2.015564142499999892e-02
1.352714794999999729e-03
-2.758811418000004304e-03
-1.963597895799998327e-02
4.258198499999988365e-05
-2.883869219999815299e-04
3.752073239666651842e-03
1.256163574999999790e-04
2.077923297000003333e-03
-1.638015392999999558e-03
2.269315176100000081e-02
-1.033296340999998592e-03
-7.560019500000055698e-05
-2.138191916799999509e-02
7.012799583333334443e-05
1.256163574999999790e-04
-2.175786640333341338e-03
1.184583729876666769e-01
3.688575553333411569e-04
-8.294028876666680603e-04
-4.729978888599999792e-02
-9.547114700000095206e-04
7.469169100000039828e-04
-6.119018582150000801e-02
1.161284150999997850e-02
2.077571855000004668e-03
-3.688575553333255444e-04
-9.095811893333329706e-03
-3.671024500000050423e-06
-9.990049940000002293e-03
1.762122103999999015e-03
-1.616670890999999215e-03
-9.334369530000159775e-04
2.426937225200000506e-02
-1.599334824999999304e-03
8.294028876666680603e-04
-3.671024499999948779e-06
-1.605857050866668981e-02
2.064173381000003124e-03
1.621506835000000989e-03
6.170073213999995553e-03
1.145103275000005152e-03
1.400216756999999928e-03
2.460504117900000343e-02
-4.729978888599999792e-02
-9.990049940000002293e-03
2.064173381000003124e-03
7.446239986583322312e-02
3.341881481666709010e-04
1.800276353333333363e-04
-1.092277110159999842e-01
-1.101098047000021504e-03
-1.628370099999295679e-05
-9.547114700000095206e-04
1.762122103999999015e-03
1.621506835000000989e-03
-3.341881481666630948e-04
1.068860972216667017e-02
5.149046204999999619e-04
1.799213750999979029e-03
5.203509079000004714e-03
-8.760619000000153232e-06
7.469169100000039828e-04
-1.616670890999999215e-03
6.170073213999995553e-03
-1.800276353333333905e-04
5.149046204999999619e-04
6.114469620999987524e-03
-1.628361199999313962e-05
8.759973000000029097e-06
4.628099860000007941e-03
-6.119018582150000801e-02
-9.334369530000159775e-04
1.145103275000005152e-03
-1.092277110159999842e-01
1.799213750999979029e-03
-1.628361199999313962e-05
1.579767024088334082e-01
3.517293560000287248e-04
-4.690649616666668653e-05
1.161284150999997850e-02
2.426937225200000506e-02
1.400216756999999928e-03
-1.101098047000021504e-03
5.203509079000004714e-03
8.759973000000029097e-06
-3.517293559999722379e-04
4.031226638833334056e-03
1.595183666666657736e-06
2.077571855000004668e-03
-1.599334824999999304e-03
2.460504117900000343e-02
-1.628370099999295679e-05
-8.760619000000153232e-06
4.628099860000007941e-03
4.690649616666668653e-05
1.595183666666675100e-06
-2.078313090000010951e-03
8.262122464966668856e-02
3.362003030000055518e-04
-8.293113786666676856e-04
-2.926689448300000621e-02
-1.566136632000002336e-03
5.170021860000012298e-04
-8.403189474600000763e-02
1.046776458599997343e-02
4.876547160000057756e-04
-3.362003029999947098e-04
-6.155255147166664373e-03
-3.670346666666716484e-06
-6.581594097000002287e-03
-1.468145919100000141e-02
-7.363067589999988585e-04
6.030314469999810498e-04
2.022350167299999738e-02
-1.391361497000000429e-03
8.293113786666676856e-04
-3.670346666666614840e-06
-1.253951491900001311e-02
3.937598020000014935e-04
1.397909100000001032e-03
-4.540835897999998157e-03
6.108412700000057398e-04
7.297646919999997706e-04
2.262530478600001393e-02
-2.926689448300000621e-02
-6.581594097000002287e-03
3.937598020000014935e-04
1.526107453316664364e-01
3.502019310000087653e-04
7.097770090000003751e-04
-2.100401946760000194e-01
-6.105336230000407878e-04
-1.450473199998609452e-05
-1.566136632000002336e-03
-1.468145919100000141e-02
1.397909100000001032e-03
-3.502019309999925023e-04
1.938997109966665230e-02
5.785325870000001310e-04
6.105494489999600946e-04
9.147430210999995051e-03
-3.111326999999598796e-06
5.170021860000012298e-04
-7.363067589999988585e-04
-4.540835897999998157e-03
-7.097770090000003751e-04
5.785325870000001310e-04
2.234483714350000982e-02
-1.450473199998617076e-05
3.110780000000474563e-06
1.634437844900002781e-02
-8.403189474600000763e-02
6.030314469999810498e-04
6.108412700000057398e-04
-2.100401946760000194e-01
6.105494489999600946e-04
-1.450473199998617076e-05
3.578551685186675546e-01
6.913928393334024597e-04
-1.429224743333333244e-04
1.046776458599997343e-02
2.022350167299999738e-02
7.297646919999997706e-04
-6.105336230000407878e-04
9.147430210999995051e-03
3.110780000000474563e-06
-6.913928393332643323e-04
-1.853251189916668706e-02
2.336206933333330232e-05
4.876547160000057756e-04
-1.391361497000000429e-03
2.262530478600001393e-02
-1.450473199998609452e-05
-3.111326999999598796e-06
1.634437844900002781e-02
1.429224743333333244e-04
2.336206933333335653e-05
-2.019107357283334014e-02
7.862027487133337045e-02
3.418968096666720404e-04
-7.743989148333336884e-04
-2.429941257100000709e-02
-3.763829113000000115e-02
-2.443027888999997708e-03
-2.136945055900000418e-02
-2.109066118599998291e-02
-7.389349109999984299e-04
-3.418968096666616320e-04
-5.937470679999998398e-03
-7.803927383333337132e-05
1.984580187999999620e-02
-6.273515491999998028e-02
-4.058740179999992476e-04
3.529701031300001152e-02
-6.232367463399999391e-02
-8.477291910000005117e-04
7.743989148333336884e-04
-7.803927383333329000e-05
-1.199469640450000554e-02
-1.041978425000000298e-03
8.376867530000062364e-04
-1.470958742199999364e-02
-2.139988397000001669e-03
4.159260640000040287e-04
-1.450663566399999597e-02
-2.429941257100000709e-02
1.984580187999999620e-02
-1.041978425000000298e-03
9.770960858563356721e-01
-2.201160660999965882e-03
5.613034717999996516e-03
-9.105501016380006529e-01
-3.575051013000190431e-03
2.725317021000057700e-03
-3.763829113000000115e-02
-6.273515491999998028e-02
8.376867530000062364e-04
2.201160661000103793e-03
-1.512980868161669934e-01
-1.590726969539681601e-03
3.575051012999811394e-03
1.202892493870000440e-01
7.395915780000005641e-04
-2.443027888999997708e-03
-4.058740179999992476e-04
-1.470958742199999364e-02
-5.613034717999996516e-03
-1.590726969539682468e-03
-1.472823544900002390e-01
2.725317021000057266e-03
-7.395916349999988185e-04
1.261122551790000434e-01
-2.136945055900000418e-02
3.529701031300001152e-02
-2.139988397000001669e-03
-9.105501016380006529e-01
3.575051012999811394e-03
2.725317021000057266e-03
9.271385465570010087e-01
-4.502257647333174004e-03
-3.799564429999996613e-03
-2.109066118599998291e-02
-6.232367463399999391e-02
4.159260640000040287e-04
-3.575051013000190431e-03
1.202892493870000440e-01
-7.395916349999988185e-04
4.502257647333560847e-03
-1.295337821465002426e-01
2.872862950039681371e-03
-7.389349109999984299e-04
-8.477291910000005117e-04
-1.450663566399999597e-02
2.725317021000057700e-03
7.395915780000005641e-04
1.261122551790000434e-01
3.799564429999995746e-03
2.872862950039683106e-03
-1.335614872816666687e-01
1.015140796068003226e+00
-1.363464051366662308e-02
-1.730073927000012933e-03
-8.634880221820008250e-01
1.137626352999817399e-03
3.231583970000601980e-04
-2.381659060999999702e-02
3.045685282999996066e-03
3.841538221000002831e-03
1.363464051366676186e-02
-1.153264106670001815e-01
-2.873051659888888488e-03
-1.137661529000182298e-03
1.291790602190000803e-01
-8.197405000000334573e-06
-2.382940492400000693e-02
-2.219331437299999765e-02
1.872922127000002917e-03
1.730073927000013367e-03
-2.873051659888888488e-03
-1.484781286600001249e-01
3.231583970000603064e-04
8.197410999999524552e-06
1.215954631090000321e-01
3.647420328000003636e-03
-1.813936343999998559e-03
-4.225790969000001000e-03
-8.634880221820008250e-01
-1.137661529000182298e-03
3.231583970000603064e-04
1.038055871942336728e+00
-8.309269986999819751e-03
-4.032009613666696045e-03
-3.683587246700001372e-02
2.740901591000000775e-02
4.642978942000003037e-03
1.137626352999817399e-03
1.291790602190000803e-01
8.197410999999524552e-06
8.309269987000249963e-03
-1.363470156710002712e-01
1.302328712722220817e-03
-5.735538099999998828e-03
-2.498138223499999505e-02
1.990647063000003120e-03
3.231583970000601980e-04
-8.197405000000334573e-06
1.215954631090000321e-01
4.032009613666696045e-03
1.302328712722222118e-03
-1.559681424533336525e-01
4.683943493000005710e-03
-2.495009975000000730e-03
-6.270392536000005297e-03
-2.381659060999999702e-02
-2.382940492400000693e-02
3.647420328000003636e-03
-3.683587246700001372e-02
-5.735538099999998828e-03
4.683943493000005710e-03
8.392038897199993741e-02
2.982475998000015151e-03
2.577491553333330983e-04
3.045685282999996066e-03
-2.219331437299999765e-02
-1.813936343999998559e-03
2.740901591000000775e-02
-2.498138223499999505e-02
-2.495009975000000730e-03
-2.982475997999982191e-03
-4.110932141666666546e-03
-1.352749426666665473e-04
3.841538221000002831e-03
1.872922127000002917e-03
-4.225790969000001000e-03
4.642978942000003037e-03
1.990647063000003120e-03
-6.270392536000005297e-03
-2.577491553333330983e-04
-1.352749426666666557e-04
-5.757703981666663189e-03
3.577046913210003565e-01
1.520287994166690752e-03
-9.293900949999952740e-05
-2.431275209740001719e-01
-1.741102168000045964e-03
-1.012297347999984842e-03
-6.352315556600000857e-02
9.221266699998428786e-05
-9.631464739999949726e-04
-1.520287994166644781e-03
-1.726884368050001992e-02
-8.524449350000000577e-05
1.741056134999953648e-03
7.735362883999990363e-03
-2.687229800000002174e-05
-1.324106686000015064e-03
1.945266205700001486e-02
-4.499497020000001201e-04
9.293900949999952740e-05
-8.524449350000000577e-05
-1.487024808366669421e-02
-1.012297347999984842e-03
2.687232000000019811e-05
1.221720781099999015e-02
-1.180449070999995244e-03
3.980312139999997662e-04
2.017571884099999754e-02
-2.431275209740001719e-01
1.741056134999953648e-03
-1.012297347999984842e-03
1.060364080681666654e-01
1.523304659166684841e-03
-4.843737243333337832e-04
-4.111028827600000934e-02
3.542080028999992480e-03
1.366841103000002774e-03
-1.741102168000045964e-03
7.735362883999990363e-03
2.687232000000019811e-05
-1.523304659166653616e-03
2.169422186733334021e-02
-1.561553306666667350e-04
-3.874306841000005417e-03
5.269601360000002524e-04
3.237542010000001632e-04
-1.012297347999984842e-03
-2.687229800000002174e-05
1.221720781099999015e-02
4.843737243333338916e-04
-1.561553306666665724e-04
2.903368611316673592e-02
-3.152760259999975870e-04
4.677519739999994432e-04
-3.150265619999999007e-03
-6.352315556600000857e-02
-1.324106686000015064e-03
-1.180449070999995244e-03
-4.111028827600000934e-02
-3.874306841000005417e-03
-3.152760259999975870e-04
9.432546127333321651e-02
2.982213862666684232e-03
2.577425858333331110e-04
9.221266699998428786e-05
1.945266205700001486e-02
3.980312139999997662e-04
3.542080028999992480e-03
5.269601360000002524e-04
4.677519739999994432e-04
-2.982213862666647803e-03
-4.274829092333332775e-03
-1.352749376666664860e-04
-9.631464739999949726e-04
-4.499497020000001201e-04
2.017571884099999754e-02
1.366841103000002774e-03
3.237542010000001632e-04
-3.150265619999999007e-03
-2.577425858333331110e-04
-1.352749376666665944e-04
-5.486850978499995153e-03
1.518356762444999786e-01
5.228037786666768884e-04
1.188868385000000781e-04
-1.277702134000000267e-01
-2.777900718000025134e-03
-1.029606308999990926e-03
-5.738365366899999404e-02
3.965683619999857347e-04
7.197765280000044917e-04
-5.228037786666586738e-04
3.136524288833326523e-03
-1.266317999999992506e-06
2.499213354999976593e-03
4.850746210999999121e-03
-1.741046299999988908e-05
-3.991436030000145821e-04
1.982126411300000335e-02
1.280300499999992842e-05
-1.188868385000000781e-04
-1.266318000000006906e-06
6.380626698333247701e-04
-1.029606308999991360e-03
1.741389700000043491e-05
1.229599857000000449e-02
8.709741040000043002e-04
5.869872919999998863e-04
1.609114962099999352e-02
-1.277702134000000267e-01
2.499213354999976593e-03
-1.029606308999991360e-03
5.179864446716664350e-02
5.223703046666753258e-04
-1.371128243333331182e-04
-8.629027076299999877e-02
-2.011387569000018874e-03
-1.626486289999935753e-04
-2.777900718000025134e-03
4.850746210999999121e-03
1.741389700000043491e-05
-5.223703046666603638e-04
1.124638744083334037e-02
-2.535065256666666845e-04
1.892901834999980619e-03
1.854997156600001265e-02
-5.805009110000005496e-04
-1.029606308999990926e-03
-1.741046299999988908e-05
1.229599857000000449e-02
1.371128243333332266e-04
-2.535065256666666845e-04
8.357514460333337336e-03
-3.331450069999939236e-04
-1.120719200000036573e-05
1.172931878300000758e-02
-5.738365366899999404e-02
-3.991436030000145821e-04
8.709741040000043002e-04
-8.629027076299999877e-02
1.892901834999980619e-03
-3.331450069999939236e-04
1.297218270426665210e-01
2.982337906000025272e-03
2.510849555000002446e-04
3.965683619999857347e-04
1.982126411300000335e-02
5.869872919999998863e-04
-2.011387569000018874e-03
1.854997156600001265e-02
-1.120719200000036573e-05
-2.982337905999973230e-03
-1.166441547299999944e-02
-2.249428893333335947e-04
7.197765280000044917e-04
1.280300499999992842e-05
1.609114962099999352e-02
-1.626486289999935753e-04
-5.805009110000005496e-04
1.172931878300000758e-02
-2.510849555000001362e-04
-2.249428893333337031e-04
-1.087016120150000736e-02
1.052258849403331503e-01
5.395571866666734086e-04
1.782676788333333691e-04
-2.813393545999998482e-02
-2.852241034000004352e-03
-1.030171208999998813e-03
-4.366360883299999496e-02
-1.599742300000116951e-04
7.935871740000036449e-04
-5.395571866666608318e-04
1.225449603499996487e-03
-3.466789066666665936e-05
2.561116687999995950e-03
-6.845666220999999801e-03
-4.327427000000421785e-06
3.947219469999878718e-04
2.019658541900001131e-02
-5.777211719999998619e-04
-1.782676788333333691e-04
-3.466789066666668646e-05
1.811465115499991682e-03
-1.014886173999999088e-03
4.329332999999913238e-06
-8.081683067999997222e-03
8.746935980000034201e-04
5.777282620000001546e-04
2.029081305199999588e-02
-2.813393545999998482e-02
2.561116687999995950e-03
-1.014886173999999088e-03
-4.257926638300004590e-02
-3.240133666667725359e-05
-1.447484862833325892e-02
-2.609387749000000034e-02
-7.166494143000006617e-03
8.484294280000019128e-04
-2.852241034000004352e-03
-6.845666220999999801e-03
4.329332999999913238e-06
3.240133666665611164e-05
1.499094549266668380e-02
2.047939949572383320e-05
5.840141694999993402e-03
5.804131313999999313e-03
-3.940581620000004103e-04
-1.030171208999998813e-03
-4.327427000000421785e-06
-8.081683067999997222e-03
1.447484862833325892e-02
2.047939949572915257e-05
3.030966459033335864e-02
-2.632899259999982983e-04
5.611501600000006135e-04
6.206387793000001443e-03
-4.366360883299999496e-02
3.947219469999878718e-04
8.746935980000034201e-04
-2.609387749000000034e-02
5.840141694999993402e-03
-2.632899259999982983e-04
1.882880317498332456e-01
-3.071252999996198162e-05
-6.172766331000005720e-03
-1.599742300000116951e-04
2.019658541900001131e-02
5.777282620000001546e-04
-7.166494143000006617e-03
5.804131313999999313e-03
5.611501600000006135e-04
3.071253000003795709e-05
-1.853562482366667014e-02
-9.815417066666779194e-05
7.935871740000036449e-04
-5.777211719999998619e-04
2.029081305199999588e-02
8.484294280000019128e-04
-3.940581620000004103e-04
6.206387793000001443e-03
6.172766331000005720e-03
-9.815417066666551511e-05
-1.182362712233334806e-02
1.619624522866666694e-01
2.425632390000104850e-04
1.174652820000001753e-04
2.633760734600000195e-02
-6.470891404999997397e-03
-5.639559410000014343e-04
-3.841279659200000363e-02
-4.037077470000101365e-04
2.070635700000331481e-05
-2.425632389999898310e-04
-6.530904739999996746e-03
-3.899343366666666152e-05
5.387552814000007469e-03
-6.893531611000000212e-03
-4.310507000000386717e-06
-6.852567740000097820e-04
1.655757477500000713e-02
4.519999999891398841e-10
-1.174652820000001753e-04
-3.899343366666667508e-05
-4.891314193333336224e-03
-5.539174490000023420e-04
4.313596000000313801e-06
-5.999208694999996587e-03
1.433960200000335377e-05
-5.060000000292700032e-10
1.563283385500000705e-02
2.633760734600000195e-02
5.387552814000007469e-03
-5.539174490000023420e-04
-5.712623231450013328e-02
-3.251710000138244451e-07
-1.446976550983329959e-02
4.925928375000000227e-03
-5.407978759000000787e-03
3.172118719999998996e-04
-6.470891404999997397e-03
-6.893531611000000212e-03
4.313596000000313801e-06
3.251709999862131827e-07
1.802809101783333506e-02
9.031761916239051664e-05
6.073430391000004397e-03
-1.649464164000000220e-03
-9.647114220000000892e-04
-5.639559410000014343e-04
-4.310507000000386717e-06
-5.999208694999996587e-03
1.446976550983329959e-02
9.031761916239582923e-05
3.215564373983335195e-02
3.071288609999988273e-04
9.647110420000004150e-04
8.586045969999993571e-04
-3.841279659200000363e-02
-6.852567740000097820e-04
1.433960200000335377e-05
4.925928375000000227e-03
6.073430391000004397e-03
3.071288609999988273e-04
1.726556483926665331e-01
-2.880282599996468132e-05
-6.704033522666669360e-03
-4.037077470000101365e-04
1.655757477500000713e-02
-5.060000000292700032e-10
-5.407978759000000787e-03
-1.649464164000000220e-03
9.647110420000004150e-04
2.880282600003522900e-05
-1.937231810866668277e-02
3.428982016666542104e-05
2.070635700000331481e-05
4.519999999891398841e-10
1.563283385500000705e-02
3.172118719999998996e-04
-9.647114220000000892e-04
8.586045969999993571e-04
6.704033522666669360e-03
3.428982016666788760e-05
-1.448460503466667340e-02
1.726556483926665331e-01
-2.880282599998819834e-05
6.704033522666669360e-03
-2.246266809999998299e-03
-6.073430391000003530e-03
3.071288610000005078e-04
-3.841279659200000363e-02
6.852567739999898327e-04
1.433960200000322672e-05
2.880282600001171197e-05
-1.937231810866668277e-02
-3.428982016666624096e-05
5.407978759000001655e-03
4.897664569999987021e-04
-9.647110419999998729e-04
4.037077469999901871e-04
1.541901306600000458e-02
5.059999999491194072e-10
-6.704033522666669360e-03
-3.428982016666706767e-05
-1.448460503466667340e-02
3.172118719999995201e-04
9.647114220000006313e-04
2.689042732000000973e-03
2.070635700000322333e-05
-4.520000000669514202e-10
1.494875703400000595e-02
-2.246266809999998299e-03
5.407978759000001655e-03
3.172118719999995201e-04
-5.712623231450013328e-02
-3.251710000046206910e-07
1.446976550983329959e-02
2.608248908599999222e-02
-5.387552813999994458e-03
-5.539174490000017999e-04
-6.073430391000003530e-03
4.897664569999987021e-04
9.647114220000006313e-04
3.251709999954169369e-07
1.802809101783333506e-02
-9.031761916239229202e-05
6.470891405000010407e-03
-7.697379020000000641e-03
-4.313596000000390881e-06
3.071288610000005078e-04
-9.647110419999998729e-04
2.689042732000000973e-03
-1.446976550983329959e-02
-9.031761916239405385e-05
3.215564373983335195e-02
-5.639559410000024101e-04
4.310507000000306249e-06
-6.514443496999994948e-03
-3.841279659200000363e-02
4.037077469999901871e-04
2.070635700000322333e-05
2.608248908599999222e-02
6.470891405000010407e-03
-5.639559410000024101e-04
1.619624522866666694e-01
2.425632390000311120e-04
-1.174652820000001888e-04
6.852567739999898327e-04
1.541901306600000458e-02
-4.520000000669514202e-10
-5.387552813999994458e-03
-7.697379020000000641e-03
4.310507000000306249e-06
-2.425632389999692040e-04
-6.530904739999996746e-03
3.899343366666664797e-05
1.433960200000322672e-05
5.059999999491194072e-10
1.494875703400000595e-02
-5.539174490000017999e-04
-4.313596000000390881e-06
-6.514443496999994948e-03
1.174652820000001617e-04
3.899343366666668863e-05
-4.891314193333336224e-03
1.882880317498332456e-01
-3.071252999998731130e-05
6.172766331000005720e-03
-1.244452606699999325e-02
-5.840141695000002943e-03
-2.632899259999982441e-04
-4.459697753799999470e-02
-3.947219470000109111e-04
8.746935980000035285e-04
3.071253000001262742e-05
-1.853562482366667014e-02
9.815417066666703300e-05
7.166494142999997076e-03
3.956853263000001744e-03
-5.611501600000003967e-04
1.599742299999886287e-04
1.768092710100000256e-02
-5.777282619999999378e-04
-6.172766331000005720e-03
9.815417066666627405e-05
-1.182362712233334806e-02
8.484294279999999612e-04
3.940581620000007898e-04
4.850545710000000142e-03
7.935871740000033196e-04
5.777211720000000788e-04
1.798056812599999749e-02
-1.244452606699999325e-02
7.166494142999997076e-03
8.484294279999999612e-04
-4.257926638300004590e-02
-3.240133666667020627e-05
1.447484862833325892e-02
-2.813393545999998482e-02
-2.561116688000003756e-03
-1.014886173999998654e-03
-5.840141695000002943e-03
3.956853263000001744e-03
3.940581620000007898e-04
3.240133666666315896e-05
1.499094549266668380e-02
-2.047939949572560520e-05
2.852241033999996546e-03
-7.186721000000001816e-03
-4.329333000000447716e-06
-2.632899259999982441e-04
-5.611501600000003967e-04
4.850545710000000142e-03
-1.447484862833325892e-02
-2.047939949572738058e-05
3.030966459033335864e-02
-1.030171208999999246e-03
4.327426999999882225e-06
-8.600827916999996894e-03
-4.459697753799999470e-02
1.599742299999886287e-04
7.935871740000033196e-04
-2.813393545999998482e-02
2.852241033999996546e-03
-1.030171208999999246e-03
1.052258849403331503e-01
5.395571866666862022e-04
-1.782676788333333691e-04
-3.947219470000109111e-04
1.768092710100000256e-02
5.777211720000000788e-04
-2.561116688000003756e-03
-7.186721000000001816e-03
4.327426999999882225e-06
-5.395571866666480382e-04
1.225449603499996487e-03
3.466789066666663903e-05
8.746935980000035285e-04
-5.777282619999999378e-04
1.798056812599999749e-02
-1.014886173999998654e-03
-4.329333000000447716e-06
-8.600827916999996894e-03
1.782676788333333691e-04
3.466789066666670679e-05
1.811465115499991682e-03
1.297218270426665210e-01
2.982337906000007925e-03
-2.510849555000001904e-04
-4.931640191000000173e-02
-1.892901835000012495e-03
-3.331450069999957126e-04
-8.272183352100000164e-02
3.991436029999820560e-04
8.709741040000060349e-04
-2.982337905999990577e-03
-1.166441547299999944e-02
2.249428893333336218e-04
2.011387568999986782e-03
1.956624480800001065e-02
1.120719199999955597e-05
-3.965683620000183150e-04
1.808369630700000508e-02
-5.869872920000001031e-04
2.510849555000001904e-04
2.249428893333336760e-04
-1.087016120150000736e-02
-1.626486289999961232e-04
5.805009110000000075e-04
1.513828353799999415e-02
7.197765280000060096e-04
-1.280300500000009783e-05
1.472165201399999908e-02
-4.931640191000000173e-02
2.011387568999986782e-03
-1.626486289999961232e-04
5.179864446716664350e-02
5.223703046666703384e-04
1.371128243333331453e-04
-1.277702134000000267e-01
-2.499213355000025165e-03
-1.029606308999990926e-03
-1.892901835000012495e-03
1.956624480800001065e-02
5.805009110000000075e-04
-5.223703046666653511e-04
1.124638744083334037e-02
2.535065256666666845e-04
2.777900717999976562e-03
4.764215012000001283e-03
-1.741389699999992331e-05
-3.331450069999957126e-04
1.120719199999955597e-05
1.513828353799999415e-02
-1.371128243333331995e-04
2.535065256666666845e-04
8.357514460333337336e-03
-1.029606308999991360e-03
1.741046300000040069e-05
1.190047167300000396e-02
-8.272183352100000164e-02
-3.965683620000183150e-04
7.197765280000060096e-04
-1.277702134000000267e-01
2.777900717999976562e-03
-1.029606308999991360e-03
1.518356762444999786e-01
5.228037786666951030e-04
-1.188868385000000781e-04
3.991436029999820560e-04
1.808369630700000508e-02
-1.280300500000009783e-05
-2.499213355000025165e-03
4.764215012000001283e-03
1.741046300000040069e-05
-5.228037786666404592e-04
3.136524288833326523e-03
1.266317999999977895e-06
8.709741040000060349e-04
-5.869872920000001031e-04
1.472165201399999908e-02
-1.029606308999990926e-03
-1.741389699999992331e-05
1.190047167300000396e-02
1.188868385000000781e-04
1.266318000000021517e-06
6.380626698333247701e-04
9.432546127333321651e-02
2.982213862666672089e-03
-2.577425858333331110e-04
-1.787927460299999424e-02
3.874306840999994575e-03
-3.152760259999989965e-04
-6.917028354900001119e-02
1.324106685999984056e-03
-1.180449070999994811e-03
-2.982213862666659946e-03
-4.274829092333332775e-03
1.352749376666665131e-04
-3.542080029000003322e-03
-2.628465080000003660e-04
-4.677519739999997685e-04
-9.221266700001520117e-05
1.551145214600001612e-02
-3.980312140000000914e-04
2.577425858333331110e-04
1.352749376666665673e-04
-5.486850978499995153e-03
1.366841103000002123e-03
-3.237542009999998379e-04
1.038385162000001697e-03
-9.631464739999949726e-04
4.499497019999999033e-04
1.662857444799999834e-02
-1.787927460299999424e-02
-3.542080029000003322e-03
1.366841103000002123e-03
1.060364080681666654e-01
1.523304659166674433e-03
4.843737243333338374e-04
-2.431275209740001719e-01
-1.741056135000045805e-03
-1.012297347999984842e-03
3.874306840999994575e-03
-2.628465080000003660e-04
-3.237542009999998379e-04
-1.523304659166664025e-03
2.169422186733334021e-02
1.561553306666666808e-04
1.741102167999953806e-03
7.592532752999989545e-03
-2.687232000000002192e-05
-3.152760259999989965e-04
-4.677519739999997685e-04
1.038385162000001697e-03
-4.843737243333338374e-04
1.561553306666666266e-04
2.903368611316673592e-02
-1.012297347999984842e-03
2.687229800000019792e-05
1.207437767999999280e-02
-6.917028354900001119e-02
-9.221266700001520117e-05
-9.631464739999949726e-04
-2.431275209740001719e-01
1.741102167999953806e-03
-1.012297347999984842e-03
3.577046913210003565e-01
1.520287994166736722e-03
9.293900949999951385e-05
1.324106685999984056e-03
1.551145214600001612e-02
4.499497019999999033e-04
-1.741056135000045805e-03
7.592532752999989545e-03
2.687229800000019792e-05
-1.520287994166598811e-03
-1.726884368050001992e-02
8.524449350000001932e-05
-1.180449070999994811e-03
-3.980312140000000914e-04
1.662857444799999834e-02
-1.012297347999984842e-03
-2.687232000000002192e-05
1.207437767999999280e-02
-9.293900949999954096e-05
8.524449349999999221e-05
-1.487024808366669421e-02
8.392038897199993741e-02
2.982475998000004309e-03
-2.577491553333330983e-04
-3.094536422199999776e-02
5.735538099999994491e-03
4.683943493000003976e-03
-2.966223510200001467e-02
2.382940492400000346e-02
3.647420328000000600e-03
-2.982475997999993033e-03
-4.110932141666666546e-03
1.352749426666665744e-04
-2.740901591000001469e-02
-2.492088611000000190e-02
2.495009975000005067e-03
-3.045685282999996933e-03
-2.258296846899999696e-02
1.813936344000002029e-03
2.577491553333330983e-04
1.352749426666666286e-04
-5.757703981666663189e-03
4.642978942000006506e-03
-1.990647062999998784e-03
-4.601228511000004205e-03
3.841538221000003698e-03
-1.872922126999999447e-03
-5.271421428000005321e-03
-3.094536422199999776e-02
-2.740901591000001469e-02
4.642978942000006506e-03
1.038055871942336728e+00
-8.309269986999961999e-03
4.032009613666696045e-03
-8.634880221820008250e-01
1.137661528999817573e-03
3.231583970000601980e-04
5.735538099999994491e-03
-2.492088611000000190e-02
-1.990647062999998784e-03
8.309269987000107716e-03
-1.363470156710002712e-01
-1.302328712722221251e-03
-1.137626353000182125e-03
1.291790602190000803e-01
-8.197411000000334315e-06
4.683943493000003976e-03
2.495009975000005067e-03
-4.601228511000004205e-03
-4.032009613666696045e-03
-1.302328712722221685e-03
-1.559681424533336525e-01
3.231583970000603064e-04
8.197404999999524810e-06
1.215954631090000321e-01
-2.966223510200001467e-02
-3.045685282999996933e-03
3.841538221000003698e-03
-8.634880221820008250e-01
-1.137626353000182125e-03
3.231583970000603064e-04
1.015140796068003226e+00
-1.363464051366648604e-02
1.730073927000012717e-03
2.382940492400000346e-02
-2.258296846899999696e-02
-1.872922126999999447e-03
1.137661528999817573e-03
1.291790602190000803e-01
8.197404999999524810e-06
1.363464051366689890e-02
-1.153264106670001815e-01
2.873051659888888922e-03
3.647420328000000600e-03
1.813936344000002029e-03
-5.271421428000005321e-03
3.231583970000601980e-04
-8.197411000000334315e-06
1.215954631090000321e-01
-1.730073927000013584e-03
2.873051659888888054e-03
-1.484781286600001249e-01
