1.009608185641669209e+00
-7.974657936666630989e-03
1.450013512966681455e-02
-8.964238052650008726e-01
1.779857499981303366e-05
1.390144793000057822e-03
-9.010458231599992318e-02
1.776028153899998629e-02
-3.597126835999996195e-03
7.974657936666769767e-03
-1.258822841831668815e-01
-8.659862961805552678e-03
-3.259133560001872777e-04
1.265612598350000506e-01
-2.691223730000000302e-04
1.362943623499998300e-02
-3.566232208899997730e-02
-2.692899221000000318e-03
1.450013512966681455e-02
-8.659862961805552678e-03
-1.214093489033332141e-01
1.390144793000057822e-03
2.426478719999998999e-04
1.212456034390000381e-01
-3.541013110999997361e-03
2.475489191999999655e-03
-1.281029365500000253e-02
-8.964238052650008726e-01
-3.259133560001872777e-04
1.390144793000057822e-03
1.002760706242336042e+00
-5.693835475666490092e-03
-1.934770198666654461e-03
-2.445343915280000224e-01
1.346986867899995638e-02
-3.450116377999987247e-03
1.779857499981303366e-05
1.265612598350000506e-01
2.426478719999998999e-04
5.693835475666911630e-03
-1.460578531060002794e-01
6.582022421305554552e-03
1.760072572699996132e-02
-3.763358171999996865e-02
-2.502368989999999987e-03
1.390144793000057822e-03
-2.691223730000000302e-04
1.212456034390000381e-01
-1.934770198666654461e-03
6.582022421305554552e-03
-1.433112609896667888e-01
-3.506227693999987901e-03
2.719783741999999126e-03
-1.297995427700000121e-02
-9.010458231599992318e-02
1.362943623499998300e-02
-3.541013110999997361e-03
-2.445343915280000224e-01
1.760072572699996132e-02
-3.506227693999987901e-03
5.465938941533328432e-02
-1.377159999891971408e-07
2.183407333333327657e-05
1.776028153899998629e-02
-3.566232208899997730e-02
2.475489191999999655e-03
1.346986867899995638e-02
-3.763358171999996865e-02
2.719783741999999126e-03
1.377160000107517470e-07
-4.009619068166665745e-03
1.127707798333333315e-04
-3.597126835999996195e-03
-2.692899221000000318e-03
-1.281029365500000253e-02
-3.450116377999987247e-03
-2.502368989999999987e-03
-1.297995427700000121e-02
2.183407333333327657e-05
1.127707798333333315e-04
-3.393343904166658265e-03
3.202694304460004804e-01
4.951412806666866638e-04
2.914214075000002560e-04
-1.095051467320000277e-01
-6.924220040000174858e-04
7.806386600000595984e-05
-2.806709649999979952e-04
3.080759148999999593e-03
-1.078371550000001847e-04
-4.951412806666456810e-04
-1.363609229066669280e-02
-3.773060999999996773e-05
-6.225506600000175637e-04
-1.389584591899999978e-02
1.158500000006057031e-08
7.348552870000001243e-04
-7.445105929999976157e-04
-2.594605830000000415e-04
2.914214075000002560e-04
-3.773060999999996773e-05
-1.025490118850003879e-02
7.784973600000595585e-05
-8.201999999935191647e-09
-1.376338755699999666e-02
-1.017291860000001390e-04
2.691546909999998054e-04
-1.393580143000000462e-03
-1.095051467320000277e-01
-6.225506600000175637e-04
7.784973600000595585e-05
9.745731874349995716e-02
6.158854218333485687e-04
-1.436958794999997915e-04
-2.515929168240000346e-01
3.418100003999956053e-03
7.366304000014960504e-06
-6.924220040000174858e-04
-1.389584591899999978e-02
-8.201999999935191647e-09
-6.158854218333197289e-04
1.860604364699998403e-02
-5.485909119999999922e-04
3.617217976999956026e-03
-3.474580147999996489e-03
6.783623199999960730e-05
7.806386600000595984e-05
1.158500000006057031e-08
-1.376338755699999666e-02
-1.436958794999997915e-04
-5.485909119999999922e-04
2.506662459133332868e-02
1.104513000014935426e-06
-7.752510500000027221e-05
-4.130950046999998931e-03
-2.806709649999979952e-04
7.348552870000001243e-04
-1.017291860000001390e-04
-2.515929168240000346e-01
3.617217976999956026e-03
1.104513000014935426e-06
4.818879287099998160e-02
-8.854433332333044124e-08
2.184536233333328771e-05
3.080759148999999593e-03
-7.445105929999976157e-04
2.691546909999998054e-04
3.418100003999956053e-03
-3.474580147999996489e-03
-7.752510500000027221e-05
8.854433334329442547e-08
-6.150596298333329756e-03
2.927587866666667152e-05
-1.078371550000001847e-04
-2.594605830000000415e-04
-1.393580143000000462e-03
7.366304000014960504e-06
6.783623199999960730e-05
-4.130950046999998931e-03
2.184536233333328771e-05
2.927587866666667152e-05
-3.754671156833323895e-03
1.417083664150000089e-01
8.837086666753353404e-07
1.468914293333333843e-04
-6.745236330899997967e-02
-5.532267600000983143e-05
8.250930000033730592e-07
4.085936018999996970e-03
3.269121681000002316e-03
-2.529652300000059670e-05
-8.837086666580012347e-07
1.634804626666699770e-04
1.367817202809819570e-04
1.577811499999005749e-05
-1.317224709199998900e-02
1.126500000004542739e-08
5.197699800000003161e-04
1.142806872000001186e-03
1.759299999975319985e-08
1.468914293333333843e-04
1.367817202809819570e-04
2.016602778333329796e-03
5.732360000033686619e-07
-5.772999999950268888e-09
-1.241709165299999251e-02
7.366129999996809926e-07
-5.643227870000004556e-04
-2.292189747999999212e-03
-6.745236330899997967e-02
1.577811499999005749e-05
5.732360000033686619e-07
4.431432181233327383e-02
5.120741666734623736e-07
-1.270409940000000160e-04
-2.114224251790000064e-01
9.684073679999602707e-04
5.911540000128796131e-07
-5.532267600000983143e-05
-1.317224709199998900e-02
-5.772999999950268888e-09
-5.120741666598740593e-07
7.328707546499999177e-03
-1.367824317809820142e-04
3.286386506999962060e-03
4.493442746000001625e-03
5.682266419999995122e-04
8.250930000033730592e-07
1.126500000004542739e-08
-1.241709165299999251e-02
-1.270409940000000160e-04
-1.367824317809820142e-04
5.026809763166657612e-03
-2.549807899998716737e-05
-1.573700000024132554e-08
1.597293359000001014e-03
4.085936018999996970e-03
5.197699800000003161e-04
7.366129999996809926e-07
-2.114224251790000064e-01
3.286386506999962060e-03
-2.549807899998716737e-05
8.620193505883315399e-02
-2.703709999824916498e-07
1.127738516666659925e-05
3.269121681000002316e-03
1.142806872000001186e-03
-5.643227870000004556e-04
9.684073679999602707e-04
4.493442746000001625e-03
-1.573700000024132554e-08
2.703710000174499701e-07
-8.950371479666678273e-03
3.200884699999999268e-05
-2.529652300000059670e-05
1.759299999975319985e-08
-2.292189747999999212e-03
5.911540000128796131e-07
5.682266419999995122e-04
1.597293359000001014e-03
1.127738516666659925e-05
3.200884699999999268e-05
-4.089749877833327892e-03
8.823264305999990731e-02
1.429116355000051460e-04
1.066066678333334362e-04
2.573368374800003022e-02
-8.113386779999914259e-04
2.693772999997106790e-06
4.529337465000004247e-03
-2.303419359999997658e-04
9.854609999996223415e-07
-1.429116354999943040e-04
-5.864867901666749248e-04
-1.592597738568470595e-05
-4.263326689999913334e-04
-2.092497915199998879e-02
1.523227299999994170e-05
-3.608498589999998749e-04
2.917618010999996781e-03
1.441199999972931204e-08
1.066066678333334362e-04
-1.592597738568470595e-05
2.275837273999992139e-03
2.645449999997088974e-06
-1.522152600000003659e-05
-2.229587694899998890e-02
6.352709999997345855e-07
-5.682315630000003403e-04
-1.866842523999999275e-03
2.573368374800003022e-02
-4.263326689999913334e-04
2.645449999997088974e-06
-3.444234026083341227e-02
-1.564686883334350911e-05
-7.730266716666676051e-05
-1.633828082939999815e-01
1.681394951999971811e-03
2.061816311000008468e-03
-8.113386779999914259e-04
-2.092497915199998879e-02
-1.522152600000003659e-05
1.564686883332333617e-05
2.047054983166668451e-02
-1.370221436143153357e-04
1.475505050999972043e-03
-1.009006225200000106e-02
9.163996790000003556e-04
2.693772999997106790e-06
1.523227299999994170e-05
-2.229587694899998890e-02
-7.730266716666676051e-05
-1.370221436143153357e-04
2.486845355266670624e-02
1.121686225000009503e-03
-3.356855439999998953e-04
-9.451283200999999190e-03
4.529337465000004247e-03
-3.608498589999998749e-04
6.352709999997345855e-07
-1.633828082939999815e-01
1.475505050999972043e-03
1.121686225000009503e-03
1.247565010851666295e-01
-1.206079433330840161e-05
-4.230602833333461834e-06
-2.303419359999997658e-04
2.917618010999996781e-03
-5.682315630000003403e-04
1.681394951999971811e-03
-1.009006225200000106e-02
-3.356855439999998953e-04
1.206079433335827152e-05
-1.098261638166668844e-02
3.200856716666666845e-05
9.854609999996223415e-07
1.441199999972931204e-08
-1.866842523999999275e-03
2.061816311000008468e-03
9.163996790000003556e-04
-9.451283200999999190e-03
-4.230602833333461834e-06
3.200856716666666845e-05
-5.697676882833329487e-03
1.125935779805000009e-01
-1.962918766665948289e-05
1.241621118333335362e-04
3.617844930300001538e-02
2.704348503000008914e-03
1.172112219999962260e-04
-1.677440499200000268e-02
-1.647534000003551597e-06
8.489200000008946331e-07
1.962918766667382146e-05
-4.456557496333327616e-03
-4.427737166666659304e-06
1.130051364000009577e-03
-1.761613240099998978e-02
-6.392364000000085390e-06
-7.459790000035201489e-07
2.380341232999999730e-03
-1.772197400000028082e-05
1.241621118333335362e-04
-4.427737166666659304e-06
1.240781716499995881e-03
4.872760999996407885e-06
-2.097483350000004215e-04
-1.980549417599999917e-02
5.667030000009916529e-07
-5.465954010000002210e-04
-2.213274307000001259e-03
3.617844930300001538e-02
1.130051364000009577e-03
4.872760999996407885e-06
-5.788854926983347249e-02
5.880733049998528397e-05
-6.992665000000005326e-05
-4.405697473899996414e-02
1.619270348999993746e-03
2.061608910000001064e-03
2.704348503000008914e-03
-1.761613240099998978e-02
-2.097483350000004215e-04
-5.880733050001489624e-05
2.271115050333332233e-02
-1.115094370544307653e-04
-3.443465560000061668e-04
-1.042649725000000492e-02
3.304497120000002112e-04
1.172112219999962260e-04
-6.392364000000085390e-06
-1.980549417599999917e-02
-6.992665000000005326e-05
-1.115094370544307653e-04
2.470222404683335149e-02
1.174782920000019934e-04
3.020872899999973603e-05
-1.349363739000000034e-02
-1.677440499200000268e-02
-7.459790000035201489e-07
5.667030000009916529e-07
-4.405697473899996414e-02
-3.443465560000061668e-04
1.174782920000019934e-04
1.259562925794999177e-01
-2.621730116664087773e-05
-8.202766583333338021e-05
-1.647534000003551597e-06
2.380341232999999730e-03
-5.465954010000002210e-04
1.619270348999993746e-03
-1.042649725000000492e-02
3.020872899999973603e-05
2.621730116669247220e-05
-1.447929670383337267e-02
2.560654899999998671e-05
8.489200000008946331e-07
-1.772197400000028082e-05
-2.213274307000001259e-03
2.061608910000001064e-03
3.304497120000002112e-04
-1.349363739000000034e-02
-8.202766583333338021e-05
2.560654899999998671e-05
-1.014734274383333711e-02
1.259562925794999177e-01
-2.621730116665807589e-05
8.202766583333338021e-05
1.988474760300000532e-02
-4.634999369999936829e-04
1.174478679999979976e-04
-1.726165891400001026e-02
-1.875737000003880321e-06
-1.019518599999896689e-05
2.621730116667527404e-05
-1.447929670383337267e-02
-2.560654899999999687e-05
1.484103652000005923e-03
-1.378329909300000239e-02
-3.662213800000005442e-05
-3.392048700000388890e-05
3.873303469999997504e-03
-2.792426700000028394e-05
8.202766583333338021e-05
-2.560654899999999687e-05
-1.014734274383333711e-02
2.061467886999997744e-03
-3.240344889999995722e-04
-1.354075350099999409e-02
3.041000000100730647e-08
2.792113399999971105e-05
-7.586042419999988870e-04
1.988474760300000532e-02
1.484103652000005923e-03
2.061467886999997744e-03
-5.788854926983347249e-02
5.880733049999515698e-05
6.992665000000006681e-05
2.228420937600002205e-02
2.849723942000005096e-03
1.069100259999973665e-04
-4.634999369999936829e-04
-1.378329909300000239e-02
-3.240344889999995722e-04
-5.880733050000502322e-05
2.271115050333332233e-02
1.115094370544307518e-04
1.189692814000006295e-03
-1.251196689900000054e-02
-1.770420300000025466e-05
1.174478679999979976e-04
-3.662213800000005442e-05
-1.354075350099999409e-02
6.992665000000006681e-05
1.115094370544307518e-04
2.470222404683335149e-02
1.015889999972561267e-07
3.658763529999996787e-04
-1.567725051399999556e-02
-1.726165891400001026e-02
-3.392048700000388890e-05
3.041000000100730647e-08
2.228420937600002205e-02
1.189692814000006295e-03
1.015889999972561267e-07
1.125935779805000009e-01
-1.962918766664514770e-05
-1.241621118333335362e-04
-1.875737000003880321e-06
3.873303469999997504e-03
2.792113399999971105e-05
2.849723942000005096e-03
-1.251196689900000054e-02
3.658763529999996787e-04
1.962918766668815665e-05
-4.456557496333327616e-03
4.427737166666644058e-06
-1.019518599999896689e-05
-2.792426700000028394e-05
-7.586042419999988870e-04
1.069100259999973665e-04
-1.770420300000025466e-05
-1.567725051399999556e-02
-1.241621118333335362e-04
4.427737166666644058e-06
1.240781716499995881e-03
1.247565010851666295e-01
-1.206079433332502548e-05
4.230602833333457599e-06
-2.374078918999998969e-02
-3.981576580000018191e-04
9.093209300000060702e-05
1.905960951400000394e-02
-2.092406699999801610e-05
9.984949999989116902e-07
1.206079433334164765e-05
-1.098261638166668844e-02
-3.200856716666666845e-05
1.541627695999997927e-03
-1.270674219700000662e-02
-6.401178000000206293e-06
-1.421699149999979569e-04
8.132998957999999431e-03
-1.771815300000041739e-05
4.230602833333457599e-06
-3.200856716666666845e-05
-5.697676882833329487e-03
2.171393147000000041e-03
-3.417623119999998495e-04
-1.479781597400000454e-02
9.015409999989059901e-07
1.770799299999957111e-05
1.108081159000000142e-03
-2.374078918999998969e-02
1.541627695999997927e-03
2.171393147000000041e-03
-3.444234026083341227e-02
-1.564686883333678367e-05
7.730266716666677406e-05
1.361707084000003849e-02
-8.114865159999945119e-04
1.852739999980044121e-07
-3.981576580000018191e-04
-1.270674219700000662e-02
-3.417623119999998495e-04
1.564686883333006161e-05
2.047054983166668451e-02
1.370221436143153086e-04
-4.264490459999944181e-04
-1.694113884799998415e-02
1.528299999985207556e-08
9.093209300000060702e-05
-6.401178000000206293e-06
-1.479781597400000454e-02
7.730266716666677406e-05
1.370221436143153086e-04
2.486845355266670624e-02
-1.961048200000202487e-05
-6.841000000127977096e-09
-1.978381681499997991e-02
1.905960951400000394e-02
-1.421699149999979569e-04
9.015409999989059901e-07
1.361707084000003849e-02
-4.264490459999944181e-04
-1.961048200000202487e-05
8.823264305999990731e-02
1.429116355000160422e-04
-1.066066678333334362e-04
-2.092406699999801610e-05
8.132998957999999431e-03
1.770799299999957111e-05
-8.114865159999945119e-04
-1.694113884799998415e-02
-6.841000000127977096e-09
-1.429116354999834077e-04
-5.864867901666749248e-04
1.592597738568469240e-05
9.984949999989116902e-07
-1.771815300000041739e-05
1.108081159000000142e-03
1.852739999980044121e-07
1.528299999985207556e-08
-1.978381681499997991e-02
-1.066066678333334362e-04
1.592597738568469240e-05
2.275837273999992139e-03
8.620193505883315399e-02
-2.703709999941444409e-07
-1.127738516666660264e-05
-8.937674952599998501e-02
-4.280590550000165878e-04
-2.427265399999459564e-05
-9.374366883999993294e-03
2.927810949999965721e-04
1.293722870000007716e-04
2.703710000057971790e-07
-8.950371479666678273e-03
-3.200884699999999268e-05
2.406908989999829648e-04
1.751805402999999633e-03
-1.117906500000021549e-05
-6.890243000000340328e-05
9.561174834000003148e-03
-1.117783600000037617e-05
-1.127738516666660264e-05
-3.200884699999999268e-05
-4.089749877833327892e-03
1.290879920000053934e-04
1.118264099999985172e-05
-1.457722348000000615e-03
-2.400554099999925931e-05
1.117187299999956973e-05
2.953324390999999965e-03
-8.937674952599998501e-02
2.406908989999829648e-04
1.290879920000053934e-04
4.431432181233327383e-02
5.120741666689329708e-07
1.270409940000000431e-04
-6.116260167199997350e-02
-5.539406000000959791e-05
9.669340000032217904e-07
-4.280590550000165878e-04
1.751805402999999633e-03
1.118264099999985172e-05
-5.120741666644034621e-07
7.328707546499999177e-03
1.367824317809819871e-04
1.566840199999029918e-05
-7.944341417999994590e-03
1.087799999995883936e-08
-2.427265399999459564e-05
-1.117906500000021549e-05
-1.457722348000000615e-03
1.270409940000000431e-04
1.367824317809819871e-04
5.026809763166657612e-03
7.238450000032171710e-07
-4.434000000036852749e-09
-8.603752247999999977e-03
-9.374366883999993294e-03
-6.890243000000340328e-05
-2.400554099999925931e-05
-6.116260167199997350e-02
1.566840199999029918e-05
7.238450000032171710e-07
1.417083664150000089e-01
8.837086666926696579e-07
-1.468914293333333572e-04
2.927810949999965721e-04
9.561174834000003148e-03
1.117187299999956973e-05
-5.539406000000959791e-05
-7.944341417999994590e-03
-4.434000000036852749e-09
-8.837086666406669172e-07
1.634804626666699770e-04
-1.367817202809819841e-04
1.293722870000007716e-04
-1.117783600000037617e-05
2.953324390999999965e-03
9.669340000032217904e-07
1.087799999995883936e-08
-8.603752247999999977e-03
-1.468914293333333572e-04
-1.367817202809819841e-04
2.016602778333329796e-03
4.818879287099998160e-02
-8.854433332998510265e-08
-2.184536233333329110e-05
-1.178168306470000065e-01
1.889706379999795630e-04
7.475645340000066892e-04
-1.586281267700000164e-02
-1.281831660000042181e-04
1.247322100000112847e-05
8.854433333663976406e-08
-6.150596298333329756e-03
-2.927587866666666813e-05
2.099437493999978515e-03
-7.393183627000004220e-03
7.437700199999979845e-05
-6.174989690000041130e-04
6.659069755000000118e-03
-2.587040360000001900e-04
-2.184536233333329110e-05
-2.927587866666666813e-05
-3.754671156833323895e-03
8.653712060000066366e-04
-7.828784899999993241e-05
-9.775428408000002775e-03
-1.053932249999988557e-04
1.018337149999997440e-04
2.221661268000002173e-03
-1.178168306470000065e-01
2.099437493999978515e-03
8.653712060000066366e-04
9.745731874349995716e-02
6.158854218333389193e-04
1.436958794999998728e-04
-1.156556780429999903e-01
-6.925372540000193818e-04
1.426235000006507449e-06
1.889706379999795630e-04
-7.393183627000004220e-03
-7.828784899999993241e-05
-6.158854218333293783e-04
1.860604364699998403e-02
5.485909119999999922e-04
-5.158223080000193510e-04
-1.030078781500000720e-02
1.137200000004707735e-08
7.475645340000066892e-04
7.437700199999979845e-05
-9.775428408000002775e-03
1.436958794999998728e-04
5.485909119999999922e-04
2.506662459133332868e-02
1.132426000006496774e-06
-8.562999999942155572e-09
-1.005207723300000945e-02
-1.586281267700000164e-02
-6.174989690000041130e-04
-1.053932249999988557e-04
-1.156556780429999903e-01
-5.158223080000193510e-04
1.132426000006496774e-06
3.202694304460004804e-01
4.951412806667275382e-04
-2.914214075000002560e-04
-1.281831660000042181e-04
6.659069755000000118e-03
1.018337149999997440e-04
-6.925372540000193818e-04
-1.030078781500000720e-02
-8.562999999942155572e-09
-4.951412806666048065e-04
-1.363609229066669280e-02
3.773060999999993385e-05
1.247322100000112847e-05
-2.587040360000001900e-04
2.221661268000002173e-03
1.426235000006507449e-06
1.137200000004707735e-08
-1.005207723300000945e-02
-2.914214075000002560e-04
3.773060999999993385e-05
-1.025490118850003879e-02
5.465938941533328432e-02
-1.377159999963820184e-07
-2.183407333333329013e-05
-3.802367560900000720e-01
1.133766275999935607e-03
1.533777892000024682e-03
-3.013963260930002108e-01
3.196718193999952256e-03
1.040697977000020315e-03
1.377160000035668695e-07
-4.009619068166665745e-03
-1.127707798333333315e-04
1.032378515999936167e-03
-8.178612744999995757e-03
-6.141266009999974849e-04
3.298087059999950214e-03
2.568835296000000334e-03
-5.247202339999984186e-04
-2.183407333333329013e-05
-1.127707798333333315e-04
-3.393343904166658265e-03
1.040688372000024868e-03
5.247122120000025005e-04
2.854942409485715024e-02
1.533785088000019130e-03
6.141355830000019269e-04
2.970708288585714729e-02
-3.802367560900000720e-01
1.032378515999936167e-03
1.040688372000024868e-03
1.002760706242336042e+00
-5.693835475666630605e-03
1.934770198666653594e-03
-8.803198557100009314e-01
-6.727346580001832303e-04
1.390026581000057028e-03
1.133766275999935607e-03
-8.178612744999995757e-03
5.247122120000025005e-04
5.693835475666771118e-03
-1.460578531060002794e-01
-6.582022421305554552e-03
-1.016636962000186774e-03
1.261727600960000362e-01
-2.691223729999999217e-04
1.533777892000024682e-03
-6.141266009999974849e-04
2.854942409485715024e-02
1.934770198666653594e-03
-6.582022421305554552e-03
-1.433112609896667888e-01
1.390026581000056811e-03
2.426478720000000626e-04
1.225179938110000505e-01
-3.013963260930002108e-01
3.298087059999950214e-03
1.533785088000019130e-03
-8.803198557100009314e-01
-1.016636962000186774e-03
1.390026581000056811e-03
1.009608185641669209e+00
-7.974657936666492211e-03
-1.450013512966681628e-02
3.196718193999952256e-03
2.568835296000000334e-03
6.141355830000019269e-04
-6.727346580001832303e-04
1.261727600960000362e-01
2.426478720000000626e-04
7.974657936666908545e-03
-1.258822841831668815e-01
8.659862961805550943e-03
1.040697977000020315e-03
-5.247202339999984186e-04
2.970708288585714729e-02
1.390026581000057028e-03
-2.691223729999999217e-04
1.225179938110000505e-01
-1.450013512966681628e-02
8.659862961805550943e-03
-1.214093489033332141e-01
9.762421399133355271e-01
-1.659288626466664043e-02
1.753724760000005111e-03
-8.551939479100009178e-01
-4.062562280001820155e-04
-9.496455199993967514e-05
-6.926726445599998283e-02
1.487350580000000068e-02
3.739357666000002987e-03
1.659288626466677227e-02
-1.259224465555002226e-01
-6.251143514666665860e-03
-4.036111170001806573e-04
1.318969834420000431e-01
-8.212822300000009528e-05
5.813861458999993424e-03
-4.527132553800003456e-02
-8.538656399999987280e-04
1.753724760000005111e-03
-6.251143514666665860e-03
-1.278001667559998944e-01
4.054080000060340241e-06
8.211582399999992857e-05
1.301896535390000553e-01
7.958429914000000188e-03
2.005869505000002721e-03
-1.787497946900000120e-02
-8.551939479100009178e-01
-4.036111170001806573e-04
4.054080000060340241e-06
9.776845010286688842e-01
-6.099635666333151802e-03
1.096435725666679729e-03
-2.218636660190000109e-01
8.229331061999967112e-03
7.429336028000009355e-03
-4.062562280001820155e-04
1.318969834420000431e-01
8.211582399999992857e-05
6.099635666333566401e-03
-1.495167352046669895e-01
3.610804670000002537e-04
1.732475383299996591e-02
-4.661700476400001958e-02
-2.005878065999998870e-03
-9.496455199993967514e-05
-8.212822300000009528e-05
1.301896535390000553e-01
1.096435725666679729e-03
3.610804670000002537e-04
-1.578310709403337730e-01
3.210262466000010900e-03
8.538747800000021050e-04
-1.920035636000000032e-02
-6.926726445599998283e-02
5.813861458999993424e-03
7.958429914000000188e-03
-2.218636660190000109e-01
1.732475383299996591e-02
3.210262466000010900e-03
1.047485644241665514e-01
4.374183966668856907e-05
-4.144168716666672697e-05
1.487350580000000068e-02
-4.527132553800003456e-02
2.005869505000002721e-03
8.229331061999967112e-03
-4.661700476400001958e-02
8.538747800000021050e-04
-4.374183966664484861e-05
-1.422958355766666336e-02
-9.318175666666683141e-06
3.739357666000002987e-03
-8.538656399999987280e-04
-1.787497946900000120e-02
7.429336028000009355e-03
-2.005878065999998870e-03
-1.920035636000000032e-02
-4.144168716666672697e-05
-9.318175666666683141e-06
-6.602171825000000167e-03
4.007698803585010849e-01
3.455575011666953003e-04
8.282301833333352854e-06
-1.076639168320000506e-01
4.668594599998321403e-05
6.018906000005152333e-06
-2.305083151600000740e-02
-3.955727140000003805e-03
-8.710767789999994144e-04
-3.455575011666429334e-04
-2.624273722549998883e-02
-2.526868106084656317e-05
-1.137226200001664648e-05
-1.677417527499998340e-02
1.442500499999959712e-05
1.847790519999997034e-03
-5.620345337999999198e-03
-1.551653471000001647e-03
8.282301833333352854e-06
-2.526868106084656317e-05
-1.616983109933336354e-02
6.214547000005163290e-06
-1.340335700000041181e-05
-2.343616862199997958e-02
9.978444900000001117e-04
6.265693540000001008e-04
-7.920094012999997699e-03
-1.076639168320000506e-01
-1.137226200001664648e-05
6.214547000005163290e-06
9.793132657383329942e-02
5.974365320000102515e-04
-6.640084350000008667e-05
-2.737265472910000441e-01
2.882024338999951765e-03
1.879466016000016625e-03
4.668594599998321403e-05
-1.677417527499998340e-02
-1.340335700000041181e-05
-5.974365319999818454e-04
2.058089349216667141e-02
6.232907281185530407e-06
-3.405453520000050090e-03
-1.044110720400000594e-02
-6.037387989999989067e-04
6.018906000005152333e-06
1.442500499999959712e-05
-2.343616862199997958e-02
-6.640084350000008667e-05
6.232907281185530407e-06
2.418221103883334139e-02
1.560723700001618151e-05
1.528822590000001322e-03
-6.819545527999998531e-03
-2.305083151600000740e-02
1.847790519999997034e-03
9.978444900000001117e-04
-2.737265472910000441e-01
-3.405453520000050090e-03
1.560723700001618151e-05
1.039897811749998791e-01
-1.689329833331160933e-05
-3.586917116666671508e-05
-3.955727140000003805e-03
-5.620345337999999198e-03
6.265693540000001008e-04
2.882024338999951765e-03
-1.044110720400000594e-02
1.528822590000001322e-03
1.689329833335501130e-05
-1.414450413749999448e-02
-3.979404600000000474e-05
-8.710767789999994144e-04
-1.551653471000001647e-03
-7.920094012999997699e-03
1.879466016000016625e-03
-6.037387989999989067e-04
-6.819545527999998531e-03
-3.586917116666671508e-05
-3.979404600000000474e-05
-6.750355668166667378e-03
1.824160902246668436e-01
3.079838650000118940e-04
1.076985608333333444e-04
-2.860608444999997169e-02
-1.312404770000013708e-04
8.267744000000609017e-06
-1.538971825600000433e-02
7.072947579999990528e-04
-8.636856000000004167e-04
-3.079838649999886921e-04
-6.858219825999987626e-03
-1.448754494785221116e-05
-4.079251900000152277e-05
-2.031575004199998730e-02
1.482680000000101101e-06
1.846977204999998611e-03
-6.695451190999997769e-03
-5.726785510000000426e-04
1.076985608333333444e-04
-1.448754494785221116e-05
2.967794611666654011e-04
8.489840000000607170e-06
-2.219277399999989927e-05
-1.873649118899999716e-02
-3.412382299999958297e-05
-2.108608000000024383e-06
-6.290412198000001377e-03
-2.860608444999997169e-02
-4.079251900000152277e-05
8.489840000000607170e-06
9.211883101483332725e-02
6.414374801666846435e-04
-2.408762076666666344e-04
-2.255938368050000586e-01
2.964352206999960535e-03
-1.001682429999867712e-04
-1.312404770000013708e-04
-2.031575004199998730e-02
-2.219277399999989927e-05
-6.414374801666516837e-04
2.475907408500000167e-03
-2.911981805521478305e-04
1.734625743999961521e-03
-1.163715140800000367e-02
3.443249400000018601e-05
8.267744000000609017e-06
1.482680000000101101e-06
-1.873649118899999716e-02
-2.408762076666666344e-04
-2.911981805521478305e-04
1.031386564650000476e-02
-9.564150509999875009e-04
5.495264869999997312e-04
-6.551926000999999146e-03
-1.538971825600000433e-02
1.846977204999998611e-03
-3.412382299999958297e-05
-2.255938368050000586e-01
1.734625743999961521e-03
-9.564150509999875009e-04
1.299179917759999692e-01
-1.716177016663860116e-05
-3.576063016666669521e-05
7.072947579999990528e-04
-6.695451190999997769e-03
-2.108608000000024383e-06
2.964352206999960535e-03
-1.163715140800000367e-02
5.495264869999997312e-04
1.716177016669469507e-05
-2.276580147116668076e-02
-7.387818316666666186e-05
-8.636856000000004167e-04
-5.726785510000000426e-04
-6.290412198000001377e-03
-1.001682429999867712e-04
3.443249400000018601e-05
-6.551926000999999146e-03
-3.576063016666669521e-05
-7.387818316666666186e-05
-1.490838539816668855e-02
1.209078576448334302e-01
2.821616226666751222e-04
5.380464216666678147e-05
1.241647918900000425e-02
4.209248270000050273e-04
6.586096299999839800e-05
-8.123785174000013737e-03
2.379446889999991416e-04
-8.314169230000006180e-04
-2.821616226666594012e-04
-7.255419103666662858e-03
-9.281174281185537012e-06
4.844688170000048099e-04
-1.447001812799999024e-02
-5.264009999999899817e-06
1.374608660999999780e-03
-4.339304248000000301e-03
-5.747892809999999904e-04
5.380464216666678147e-05
-9.281174281185537012e-06
-9.393013973333452869e-04
6.597788999999845835e-05
-3.185665229999998065e-04
-1.264631037699999114e-02
-1.836286999999717472e-06
-3.040999999881197574e-09
-2.155650808999995741e-03
1.241647918900000425e-02
4.844688170000048099e-04
6.597788999999845835e-05
-4.215273000950008758e-02
-1.462364183334514102e-05
-1.358757828333333499e-04
-1.980459714790001602e-01
4.206331633999966027e-03
1.034594040000011775e-03
4.209248270000050273e-04
-1.447001812799999024e-02
-3.185665229999998065e-04
1.462364183332176968e-05
2.145680806216669623e-02
-1.718023101096426424e-04
2.644665703999963830e-03
-1.412088408099999512e-02
1.910410590000003633e-04
6.586096299999839800e-05
-5.264009999999899817e-06
-1.264631037699999114e-02
-1.358757828333333499e-04
-1.718023101096426424e-04
2.271213511416671910e-02
2.051105810000114407e-04
3.992459580000000245e-04
-9.358016929000003911e-03
-8.123785174000013737e-03
1.374608660999999780e-03
-1.836286999999717472e-06
-1.980459714790001602e-01
2.644665703999963830e-03
2.051105810000114407e-04
1.670049936540000945e-01
-2.212781616663059032e-05
-5.118046083333340862e-05
2.379446889999991416e-04
-4.339304248000000301e-03
-3.040999999881197574e-09
4.206331633999966027e-03
-1.412088408099999512e-02
3.992459580000000245e-04
2.212781616670256779e-05
-2.890737199666666701e-02
-7.291781183333335330e-05
-8.314169230000006180e-04
-5.747892809999999904e-04
-2.155650808999995741e-03
1.034594040000011775e-03
1.910410590000003633e-04
-9.358016929000003911e-03
-5.118046083333340862e-05
-7.291781183333335330e-05
-1.548047567416668477e-02
1.588560855253333681e-01
2.656624808333444459e-04
1.280098003333334606e-04
2.154284584000000502e-02
-1.529719324999995363e-03
-5.692324140000017347e-04
-5.596974940000012076e-03
2.929995459999988529e-04
-8.314251439999996440e-04
-2.656624808333230871e-04
-1.630433362233332448e-02
5.854792788548113762e-05
-1.298774490999992336e-03
-1.444975832399999355e-02
2.095524920000003130e-04
6.945554489999994190e-04
-2.880747030000008028e-04
-5.747949609999998457e-04
1.280098003333334606e-04
5.854792788548113762e-05
-1.165174123283333960e-02
2.629973069999981257e-04
-1.110938950999999786e-03
-9.005288596999996495e-03
-1.708754999999529556e-06
1.870000001681536956e-10
2.756213137000002034e-03
2.154284584000000502e-02
-1.298774490999992336e-03
2.629973069999981257e-04
-6.170370331900008887e-02
9.918123316665115939e-05
-6.731988300000010079e-05
-5.989928584799996542e-02
-1.162081579000006932e-03
2.051000860000029612e-04
-1.529719324999995363e-03
-1.444975832399999355e-02
-1.110938950999999786e-03
-9.918123316668249283e-05
2.363578473616667619e-02
-2.503544984429759623e-04
-1.333958625000008016e-03
-1.697602081099998730e-02
7.811340250000001770e-04
-5.692324140000017347e-04
2.095524920000003130e-04
-9.005288596999996495e-03
-6.731988300000010079e-05
-2.503544984429759623e-04
2.619144010350001744e-02
-6.270455219999976001e-04
-1.676795909999999475e-04
-1.565514470700000299e-02
-5.596974940000012076e-03
6.945554489999994190e-04
-1.708754999999529556e-06
-5.989928584799996542e-02
-1.333958625000008016e-03
-6.270455219999976001e-04
1.802158060169998799e-01
-2.219539249996146384e-05
-6.927036433333335166e-05
2.929995459999988529e-04
-2.880747030000008028e-04
1.870000001681536956e-10
-1.162081579000006932e-03
-1.697602081099998730e-02
-1.676795909999999475e-04
2.219539250003836088e-05
-2.908182315800002596e-02
-7.101200133333336346e-05
-8.314251439999996440e-04
-5.747949609999998457e-04
2.756213137000002034e-03
2.051000860000029612e-04
7.811340250000001770e-04
-1.565514470700000299e-02
-6.927036433333335166e-05
-7.101200133333336346e-05
-2.007338986983334475e-02
1.802158060169998799e-01
-2.219539249998709506e-05
6.927036433333336521e-05
-1.262105042800000521e-02
-1.230901269999999962e-03
-5.691499699999996156e-04
-6.530403467000005235e-03
4.561231079999995244e-04
6.726050000005832417e-07
2.219539250001272967e-05
-2.908182315800002596e-02
7.101200133333334991e-05
-1.058879097999998724e-03
-1.315372043600000415e-02
1.898776550000004439e-04
5.227597109999996801e-04
-3.291851800999999553e-03
1.019793200000038821e-05
6.927036433333336521e-05
7.101200133333334991e-05
-2.007338986983334475e-02
2.631108760000007755e-04
-8.033330969999995458e-04
-5.960459806000000665e-03
-8.338693079999994146e-04
5.775521640000003771e-04
3.481910391999999254e-03
-1.262105042800000521e-02
-1.058879097999998724e-03
2.631108760000007755e-04
-6.170370331900008887e-02
9.918123316666159484e-05
6.731988300000012789e-05
9.437956284999996642e-03
-1.322082153999995947e-03
2.050113829999979337e-04
-1.230901269999999962e-03
-1.315372043600000415e-02
-8.033330969999995458e-04
-9.918123316667205739e-05
2.363578473616667619e-02
2.503544984429759623e-04
-1.385757021999993238e-03
-2.004083310799998144e-02
7.848454680000001337e-04
-5.691499699999996156e-04
1.898776550000004439e-04
-5.960459806000000665e-03
6.731988300000012789e-05
2.503544984429759623e-04
2.619144010350001744e-02
-6.271448350000015945e-04
-5.111904969999997656e-04
-1.577892746399999976e-02
-6.530403467000005235e-03
5.227597109999996801e-04
-8.338693079999994146e-04
9.437956284999996642e-03
-1.385757021999993238e-03
-6.271448350000015945e-04
1.588560855253333681e-01
2.656624808333659131e-04
-1.280098003333334606e-04
4.561231079999995244e-04
-3.291851800999999553e-03
5.775521640000003771e-04
-1.322082153999995947e-03
-2.004083310799998144e-02
-5.111904969999997656e-04
-2.656624808333016199e-04
-1.630433362233332448e-02
-5.854792788548115117e-05
6.726050000005832417e-07
1.019793200000038821e-05
3.481910391999999254e-03
2.050113829999979337e-04
7.848454680000001337e-04
-1.577892746399999976e-02
-1.280098003333334606e-04
-5.854792788548115117e-05
-1.165174123283333960e-02
1.670049936540000945e-01
-2.212781616665458506e-05
5.118046083333341540e-05
-2.615122011100000365e-02
2.855265511999996713e-03
2.603155400000016408e-04
-1.001132622700000308e-02
1.949478250999999579e-03
5.571363900000023855e-05
2.212781616667857304e-05
-2.890737199666666701e-02
7.291781183333333975e-05
4.250208239999998285e-03
-1.207285796799999894e-02
-3.643036539999995669e-04
4.705242119999994204e-04
-6.500890096999997932e-03
2.219635600000013494e-05
5.118046083333341540e-05
7.291781183333333975e-05
-1.548047567416668477e-02
1.092646323000001380e-03
-2.132442769999992930e-04
-7.778347180000004177e-04
-7.761805940000001324e-04
5.553440269999999337e-04
-3.900993647000000186e-03
-2.615122011100000365e-02
4.250208239999998285e-03
1.092646323000001380e-03
-4.215273000950008758e-02
-1.462364183333735170e-05
1.358757828333333770e-04
-1.574588456000000809e-03
4.698135300000028385e-04
1.478863199999877031e-05
2.855265511999996713e-03
-1.207285796799999894e-02
-2.132442769999992930e-04
1.462364183332955900e-05
2.145680806216669623e-02
1.718023101096426153e-04
2.904241330000026226e-04
-1.686426940999997959e-02
2.588361599999973006e-05
2.603155400000016408e-04
-3.643036539999995669e-04
-7.778347180000004177e-04
1.358757828333333770e-04
1.718023101096426153e-04
2.271213511416671910e-02
1.490513899999885380e-05
-3.584878030000002592e-04
-2.112866018099999327e-02
-1.001132622700000308e-02
4.705242119999994204e-04
-7.761805940000001324e-04
-1.574588456000000809e-03
2.904241330000026226e-04
1.490513899999885380e-05
1.209078576448334302e-01
2.821616226666908431e-04
-5.380464216666678147e-05
1.949478250999999579e-03
-6.500890096999997932e-03
5.553440269999999337e-04
4.698135300000028385e-04
-1.686426940999997959e-02
-3.584878030000002592e-04
-2.821616226666436803e-04
-7.255419103666662858e-03
9.281174281185530236e-06
5.571363900000023855e-05
2.219635600000013494e-05
-3.900993647000000186e-03
1.478863199999877031e-05
2.588361599999973006e-05
-2.112866018099999327e-02
-5.380464216666678147e-05
9.281174281185530236e-06
-9.393013973333452869e-04
1.299179917759999692e-01
-1.716177016665730026e-05
3.576063016666670199e-05
-9.332385187800004700e-02
1.946380256999985254e-03
-9.790278479999948123e-04
-4.775004769699998930e-02
2.510926515999994165e-03
-5.162987099999749867e-05
1.716177016667599597e-05
-2.276580147116668076e-02
7.387818316666666186e-05
3.582092546999983765e-03
-7.836863215999998605e-03
-5.532315170000001595e-04
1.155679568999993991e-03
-1.206363102800000163e-02
2.431052200000038347e-05
3.576063016666670199e-05
7.387818316666666186e-05
-1.490838539816668855e-02
-1.175091049999946771e-04
-2.430628499999983093e-05
-2.721032051000000628e-03
-8.862281239999981759e-04
5.532302420000000500e-04
-4.472544976000001477e-03
-9.332385187800004700e-02
3.582092546999983765e-03
-1.175091049999946771e-04
9.211883101483332725e-02
6.414374801666736930e-04
2.408762076666666615e-04
-6.806210979700001718e-02
-1.312543930000087031e-04
8.224717000003270442e-06
1.946380256999985254e-03
-7.836863215999998605e-03
-2.430628499999983093e-05
-6.414374801666626342e-04
2.475907408500000167e-03
2.911981805521477763e-04
-4.072477000000890204e-05
-1.973326640199998816e-02
5.259830000000313829e-06
-9.790278479999948123e-04
-5.532315170000001595e-04
-2.721032051000000628e-03
2.408762076666666615e-04
2.911981805521477763e-04
1.031386564650000476e-02
8.466204000003272557e-06
-2.219275799999968538e-05
-1.467259180999999288e-02
-4.775004769699998930e-02
1.155679568999993991e-03
-8.862281239999981759e-04
-6.806210979700001718e-02
-4.072477000000890204e-05
8.466204000003272557e-06
1.824160902246668436e-01
3.079838650000350417e-04
-1.076985608333333444e-04
2.510926515999994165e-03
-1.206363102800000163e-02
5.532302420000000500e-04
-1.312543930000087031e-04
-1.973326640199998816e-02
-2.219275799999968538e-05
-3.079838649999655444e-04
-6.858219825999987626e-03
1.448754494785219761e-05
-5.162987099999749867e-05
2.431052200000038347e-05
-4.472544976000001477e-03
8.224717000003270442e-06
5.259830000000313829e-06
-1.467259180999999288e-02
-1.076985608333333444e-04
1.448754494785219761e-05
2.967794611666654011e-04
1.039897811749998791e-01
-1.689329833332607665e-05
3.586917116666672186e-05
-7.785393883500001111e-02
-3.529891427000011583e-03
3.257951230000044759e-04
-6.155995200500000153e-02
6.378398669999910770e-04
9.442776290000027845e-04
1.689329833334054398e-05
-1.414450413749999448e-02
3.979404599999999796e-05
1.325570364999989091e-03
-8.170094656999998817e-03
-1.554411384000000968e-03
-3.967393393000008886e-03
-1.125034037900000256e-02
3.247932410000006417e-04
3.586917116666672186e-05
3.979404599999999796e-05
-6.750355668166667378e-03
1.826036712000004810e-03
-3.247903669999993863e-04
-6.395489200999997757e-03
-5.559637079999973095e-04
1.554407161000000929e-03
-9.030909783000003535e-03
-7.785393883500001111e-02
1.325570364999989091e-03
1.826036712000004810e-03
9.793132657383329942e-02
5.974365320000007105e-04
6.640084350000008667e-05
-1.732430699590000733e-01
4.657925099997178603e-05
5.971348000009385505e-06
-3.529891427000011583e-03
-8.170094656999998817e-03
-3.247903669999993863e-04
-5.974365319999913864e-04
2.058089349216667141e-02
-6.232907281185538030e-06
-1.128443900002795370e-05
-2.022878789299998106e-02
1.442521800000002842e-05
3.257951230000044759e-04
-1.554411384000000968e-03
-6.395489200999997757e-03
6.640084350000008667e-05
-6.232907281185538030e-06
2.418221103883334139e-02
6.055925000009396943e-06
-1.340384999999998179e-05
-1.986119865699998918e-02
-6.155995200500000153e-02
-3.967393393000008886e-03
-5.559637079999973095e-04
-1.732430699590000733e-01
-1.128443900002795370e-05
6.055925000009396943e-06
4.007698803585010849e-01
3.455575011667475589e-04
-8.282301833333356243e-06
6.378398669999910770e-04
-1.125034037900000256e-02
1.554407161000000929e-03
4.657925099997178603e-05
-2.022878789299998106e-02
-1.340384999999998179e-05
-3.455575011665906748e-04
-2.624273722549998883e-02
2.526868106084656317e-05
9.442776290000027845e-04
3.247932410000006417e-04
-9.030909783000003535e-03
5.971348000009385505e-06
1.442521800000002842e-05
-1.986119865699998918e-02
-8.282301833333356243e-06
2.526868106084656317e-05
-1.616983109933336354e-02
1.047485644241665514e-01
4.374183966667400010e-05
4.144168716666672697e-05
-2.920278206490000694e-01
2.313788873799995163e-02
7.410425755000019099e-03
-2.516691127880000267e-01
-1.028856830000406949e-04
7.945555505000017477e-03
-4.374183966665941758e-05
-1.422958355766666336e-02
9.318175666666678059e-06
2.586632503999953051e-03
-3.665196939299998624e-02
-3.221108999995263810e-06
2.043820233999995434e-02
-3.108731774199999590e-02
4.711744700000312973e-05
4.144168716666672697e-05
9.318175666666678059e-06
-6.602171825000000167e-03
7.945633349000018678e-03
-4.707531699999630649e-05
2.405374479200000221e-02
7.410344756000016193e-03
3.178402000004565913e-06
1.751524520300002177e-02
-2.920278206490000694e-01
2.586632503999953051e-03
7.945633349000018678e-03
9.776845010286688842e-01
-6.099635666333289713e-03
-1.096435725666679729e-03
-8.718678324060009643e-01
-4.062897570001855713e-04
-9.506686299993852057e-05
2.313788873799995163e-02
-3.665196939299998624e-02
-4.707531699999630649e-05
6.099635666333428491e-03
-1.495167352046669895e-01
-3.610804670000000911e-04
-4.034840590001838225e-04
1.337063971550000452e-01
-8.214600100000007314e-05
7.410425755000019099e-03
-3.221108999995263810e-06
2.405374479200000221e-02
-1.096435725666679729e-03
-3.610804670000000911e-04
-1.578310709403337730e-01
3.951769000061488875e-06
8.213360199999994709e-05
1.322635807420000642e-01
-2.516691127880000267e-01
2.043820233999995434e-02
7.410344756000016193e-03
-8.718678324060009643e-01
-4.034840590001838225e-04
3.951769000061488875e-06
9.762421399133355271e-01
-1.659288626466650166e-02
-1.753724760000005762e-03
-1.028856830000406949e-04
-3.108731774199999590e-02
3.178402000004565913e-06
-4.062897570001855713e-04
1.337063971550000452e-01
8.213360199999994709e-05
1.659288626466691105e-02
-1.259224465555002226e-01
6.251143514666665860e-03
7.945555505000017477e-03
4.711744700000312973e-05
1.751524520300002177e-02
-9.506686299993852057e-05
-8.214600100000007314e-05
1.322635807420000642e-01
-1.753724760000005762e-03
6.251143514666665860e-03
-1.278001667559998944e-01
9.591973022043348562e-01
-1.179834757099995635e-02
-2.286837172333341939e-03
-9.197283652840008150e-01
-3.845571476000196609e-03
1.669959290000652392e-04
-4.235998696899998667e-02
-9.249763812000003083e-03
2.802106953000001784e-03
1.179834757100009165e-02
-1.333449871385002372e-01
-5.012276834019444190e-03
-3.061427423000188507e-03
1.205846406820000466e-01
-6.071654749999946511e-05
-1.992162078000000655e-02
-1.669168508000001133e-02
1.842401056000002183e-03
-2.286837172333341939e-03
-5.012276834019444190e-03
-1.368721511310000416e-01
2.578784930000651556e-04
-8.598882899999940209e-05
1.259021401780000271e-01
2.418376108000004198e-03
-2.238974159999998405e-03
-8.659118779999997254e-03
-9.197283652840008150e-01
-3.061427423000188507e-03
2.578784930000651556e-04
9.543941069140015054e-01
-1.179951727966649377e-02
2.276101031000008542e-03
-2.968102425919999510e-01
-2.287150709300005830e-02
3.237786064000018268e-03
-3.845571476000196609e-03
1.205846406820000466e-01
-8.598882899999940209e-05
1.179951727966689623e-02
-1.392042770151669107e-01
4.929843273019443584e-03
-9.641333260000049463e-03
-2.280422468200000996e-02
1.537604144000001517e-03
1.669959290000652392e-04
-6.071654749999946511e-05
1.259021401780000271e-01
2.276101031000008542e-03
4.929843273019443584e-03
-1.510014564686668614e-01
3.640714628000017196e-03
-8.728338389999968066e-04
-1.170540520200000038e-02
-4.235998696899998667e-02
-1.992162078000000655e-02
2.418376108000004198e-03
-2.968102425919999510e-01
-9.641333260000049463e-03
3.640714628000017196e-03
1.003855777568333357e-01
-8.501677333331318566e-05
7.220885399999986442e-05
-9.249763812000003083e-03
-1.669168508000001133e-02
-2.238974159999998405e-03
-2.287150709300005830e-02
-2.280422468200000996e-02
-8.728338389999968066e-04
8.501677333335319272e-05
-8.473184177499997263e-03
-2.450932198333338210e-04
2.802106953000001784e-03
1.842401056000002183e-03
-8.659118779999997254e-03
3.237786064000018268e-03
1.537604144000001517e-03
-1.170540520200000038e-02
7.220885399999986442e-05
-2.450932198333338210e-04
-5.762198791333333556e-03
3.966424221333334499e-01
6.670287995000253852e-04
6.884398533333326790e-05
-1.002476970929999517e-01
-5.206507500001496426e-05
-4.708147399999477751e-05
-9.257453105000000571e-03
1.457787930000002186e-04
6.116716359999998902e-04
-6.670287994999748614e-04
-1.604939936533335970e-02
5.983089299999997312e-04
6.764398599998492267e-05
-1.887237495299998527e-02
1.094532400000022094e-05
1.648142122000000823e-03
-9.579016416999996258e-03
2.686290199999999870e-05
6.884398533333326790e-05
5.983089299999997312e-04
-1.014108537816668133e-02
-2.803805399999478154e-05
-1.094258999999976981e-05
-1.504338664000000325e-02
5.699883699999997192e-04
7.508391700000010269e-05
-9.769306837000004198e-03
-1.002476970929999517e-01
6.764398599998492267e-05
-2.803805399999478154e-05
1.485788331096665749e-01
5.149350228333557595e-04
-1.509110176666665431e-04
-3.544130776119999160e-01
-8.035504240000619375e-04
5.666420450000206506e-04
-5.206507500001496426e-05
-1.887237495299998527e-02
-1.094258999999976981e-05
-5.149350228333082714e-04
1.930477552649998221e-02
-2.799005458333334744e-04
-4.448487310000625314e-04
-1.397914105399999767e-02
-7.641036200000006658e-05
-4.708147399999477751e-05
1.094532400000022094e-05
-1.504338664000000325e-02
-1.509110176666665431e-04
-2.799005458333334744e-04
2.303643634316668645e-02
6.082352070000205790e-04
-6.328011000000003880e-05
-1.714909797000000596e-02
-9.257453105000000571e-03
1.648142122000000823e-03
5.699883699999997192e-04
-3.544130776119999160e-01
-4.448487310000625314e-04
6.082352070000205790e-04
1.009933254028332894e-01
-8.526961349997927940e-05
7.219620433333319692e-05
1.457787930000002186e-04
-9.579016416999996258e-03
7.508391700000010269e-05
-8.035504240000619375e-04
-1.397914105399999767e-02
-6.328011000000003880e-05
8.526961350002042488e-05
-1.097815289700000002e-02
-2.450931545000005138e-04
6.116716359999998902e-04
2.686290199999999870e-05
-9.769306837000004198e-03
5.666420450000206506e-04
-7.641036200000006658e-05
-1.714909797000000596e-02
7.219620433333319692e-05
-2.450931545000005138e-04
-5.844357682500000636e-03
1.213990671811665534e-01
2.751917228333421606e-04
-2.278763333333479226e-07
8.186172870000014978e-03
1.430382210000052240e-04
-6.294555300000155920e-05
1.129006560000008494e-03
-6.986330539999975522e-04
-4.705418200000096728e-05
-2.751917228333275239e-04
2.207506395333331314e-03
2.456673696666663957e-04
2.966334130000052656e-04
-2.065554533699999473e-02
2.058426100000021895e-05
3.657689400000246216e-05
-1.231881368100000256e-02
5.028729499999981886e-05
-2.278763333333479226e-07
2.456673696666663957e-04
-1.451440851500002040e-03
-2.602849800000154272e-05
-2.058371499999977146e-05
-1.668808902299999744e-02
-2.001885060000009749e-04
8.362611699999980552e-05
-1.543773122799999703e-02
8.186172870000014978e-03
2.966334130000052656e-04
-2.602849800000154272e-05
8.990002272750000079e-02
-5.075655499998508351e-05
-3.722665033333334711e-05
-2.757835903309999170e-01
1.020921778999951722e-03
-1.959737659999840937e-04
1.430382210000052240e-04
-2.065554533699999473e-02
-2.058371499999977146e-05
5.075655500001498039e-05
8.534288592999997314e-03
-2.232425071666666158e-04
4.386144499999517291e-04
-1.276922040200000399e-02
-6.351881900000030262e-05
-6.294555300000155920e-05
2.058426100000021895e-05
-1.668808902299999744e-02
-3.722665033333334711e-05
-2.232425071666666158e-04
3.701284755666663356e-03
-7.138565099998416647e-05
-8.047563000000036032e-05
-1.703275902700000094e-02
1.129006560000008494e-03
3.657689400000246216e-05
-2.001885060000009749e-04
-2.757835903309999170e-01
4.386144499999517291e-04
-7.138565099998416647e-05
1.098602084318332783e-01
-8.510858116664312919e-05
7.226191249999988240e-05
-6.986330539999975522e-04
-1.231881368100000256e-02
8.362611699999980552e-05
1.020921778999951722e-03
-1.276922040200000399e-02
-8.047563000000036032e-05
8.510858116668983120e-05
-1.724217886300000863e-02
-2.355758476666671309e-04
-4.705418200000096728e-05
5.028729499999981886e-05
-1.543773122799999703e-02
-1.959737659999840937e-04
-6.351881900000030262e-05
-1.703275902700000094e-02
7.226191249999988240e-05
-2.355758476666671309e-04
-1.073128424750000726e-02
9.625945574166665242e-02
4.064037956666738827e-04
-2.212101666666821629e-07
4.517998220900002609e-02
5.952127270000114262e-04
-4.444239500000384170e-05
1.635112574799999635e-02
4.604985960000039557e-04
1.644203699999868609e-05
-4.064037956666622818e-04
1.770105652499997725e-03
2.519984168333331176e-04
2.399026520000114974e-04
-1.688262674499998311e-02
-9.237161090000003136e-04
9.984718640000036106e-04
-5.122421848999999909e-03
-9.534732930000002762e-04
-2.212101666666821629e-07
2.519984168333331176e-04
-4.364338189000007209e-03
-2.636726900000417009e-05
9.328992780000001364e-04
-1.985043340299998127e-02
8.164286999998287487e-06
9.534812739999998276e-04
-7.685565751999999702e-03
4.517998220900002609e-02
2.399026520000114974e-04
-2.636726900000417009e-05
-3.214424713966675118e-02
1.056024966665663739e-05
-1.815965916666667111e-05
-2.195266705590000200e-01
7.554949709999612094e-04
9.182093110000122188e-04
5.952127270000114262e-04
-1.688262674499998311e-02
9.328992780000001364e-04
-1.056024966667664092e-05
2.230354482950002576e-02
1.789401499999999608e-05
3.249604309999612581e-04
-8.196335993999995934e-03
-6.591700090000001191e-04
-4.444239500000384170e-05
-9.237161090000003136e-04
-1.985043340299998127e-02
-1.815965916666667111e-05
1.789401499999999608e-05
2.042195765850002287e-02
4.128094700001249035e-05
8.854948940000000220e-04
-1.265020580300000100e-02
1.635112574799999635e-02
9.984718640000036106e-04
8.164286999998287487e-06
-2.195266705590000200e-01
3.249604309999612581e-04
4.128094700001249035e-05
1.290365353638332491e-01
-8.508406516663878226e-05
7.229432166666657897e-05
4.604985960000039557e-04
-5.122421848999999909e-03
9.534812739999998276e-04
7.554949709999612094e-04
-8.196335993999995934e-03
8.854948940000000220e-04
8.508406516669415789e-05
-2.172028502533334543e-02
-2.355757506666668680e-04
1.644203699999868609e-05
-9.534732930000002762e-04
-7.685565751999999702e-03
9.182093110000122188e-04
-6.591700090000001191e-04
-1.265020580300000100e-02
7.229432166666657897e-05
-2.355757506666668680e-04
-1.307149953333335002e-02
1.154510365696665569e-01
-4.474896666659158185e-06
1.530241949999997737e-05
5.512593679800002755e-02
1.495024380000124862e-04
-5.053520800000411197e-05
1.742580942699999483e-02
2.978240540000036602e-04
-2.209969000001092045e-06
4.474896666674172691e-06
-7.157371631000000560e-03
2.532722249999998839e-04
5.302953080000120684e-04
-1.152192856699999456e-02
-9.302850120000003735e-04
6.363265700000035694e-04
-1.808520392999999390e-03
-9.534899719999997665e-04
1.530241949999997737e-05
2.532722249999998839e-04
-8.112175326333343275e-03
-8.531379500000051087e-04
1.303205053999999556e-03
-1.478415145799998921e-02
8.246892999998529334e-06
9.659838519999998591e-04
-2.983683390999999300e-03
5.512593679800002755e-02
5.302953080000120684e-04
-8.531379500000051087e-04
-6.036960421616681394e-02
-1.744745583334881707e-05
-1.160114583333333236e-05
-4.299237504899996315e-02
4.392532949999939057e-04
8.139603870000013466e-04
1.495024380000124862e-04
-1.152192856699999456e-02
1.303205053999999556e-03
1.744745583331765303e-05
2.445679838250000224e-02
2.593045666666700741e-06
9.727542399999390753e-05
-1.001700901399999594e-02
-6.193731010000001324e-04
-5.053520800000411197e-05
-9.302850120000003735e-04
-1.478415145799998921e-02
-1.160114583333333236e-05
2.593045666666700741e-06
2.502746378833334631e-02
-2.879732399999829429e-05
9.225407089999997827e-04
-1.230168651299999583e-02
1.742580942699999483e-02
6.363265700000035694e-04
8.246892999998529334e-06
-4.299237504899996315e-02
9.727542399999390753e-05
-2.879732399999829429e-05
1.233532796858332337e-01
-8.512542549997284373e-05
1.274989946666665820e-04
2.978240540000036602e-04
-1.808520392999999390e-03
9.659838519999998591e-04
4.392532949999939057e-04
-1.001700901399999594e-02
9.225407089999997827e-04
8.512542550002664726e-05
-2.310914928533336354e-02
-3.174655383333334878e-04
-2.209969000001092045e-06
-9.534899719999997665e-04
-2.983683390999999300e-03
8.139603870000013466e-04
-6.193731010000001324e-04
-1.230168651299999583e-02
1.274989946666665820e-04
-3.174655383333334878e-04
-1.481269064349999623e-02
1.233532796858332337e-01
-8.512542549999078728e-05
-1.274989946666665549e-04
1.743057896500000217e-02
-9.458624499999471679e-05
-2.509785600000176387e-05
1.413581017999998753e-02
1.876698810000029393e-04
1.313251699999911558e-05
8.512542550000870372e-05
-2.310914928533336354e-02
3.174655383333334878e-04
2.657500760000048277e-04
-1.087091300800000111e-02
-9.102745250000002664e-04
3.864513350000027851e-04
-9.623261199999984380e-04
-9.793922599999999815e-04
-1.274989946666665549e-04
3.174655383333334878e-04
-1.481269064349999623e-02
8.276340419999972820e-04
6.232812800000003426e-04
-1.424626846899999626e-02
2.636728999998753431e-06
9.668906939999998094e-04
-2.960230146000000610e-03
1.743057896500000217e-02
2.657500760000048277e-04
8.276340419999972820e-04
-6.036960421616681394e-02
-1.744745583333842906e-05
1.160114583333333236e-05
3.083810531300001934e-02
3.189953140000076673e-04
-2.109559800000225611e-05
-9.458624499999471679e-05
-1.087091300800000111e-02
6.232812800000003426e-04
1.744745583332804105e-05
2.445679838250000224e-02
-2.593045666666702012e-06
-3.739630999999262107e-05
-9.900487029999998495e-03
-9.550429640000002900e-04
-2.509785600000176387e-05
-9.102745250000002664e-04
-1.424626846899999626e-02
1.160114583333333236e-05
-2.593045666666702012e-06
2.502746378833334631e-02
-8.635638760000031392e-04
1.290704491000000146e-03
-8.689115424999999462e-03
1.413581017999998753e-02
3.864513350000027851e-04
2.636728999998753431e-06
3.083810531300001934e-02
-3.739630999999262107e-05
-8.635638760000031392e-04
1.154510365696665569e-01
-4.474896666644142832e-06
-1.530241949999994687e-05
1.876698810000029393e-04
-9.623261199999984380e-04
9.668906939999998094e-04
3.189953140000076673e-04
-9.900487029999998495e-03
1.290704491000000146e-03
4.474896666689188044e-06
-7.157371631000000560e-03
-2.532722249999998839e-04
1.313251699999911558e-05
-9.793922599999999815e-04
-2.960230146000000610e-03
-2.109559800000225611e-05
-9.550429640000002900e-04
-8.689115424999999462e-03
-1.530241949999994687e-05
-2.532722249999998839e-04
-8.112175326333343275e-03
1.290365353638332491e-01
-8.508406516665724081e-05
-7.229432166666655186e-05
-3.012798613899998756e-02
-3.081060500000049442e-04
7.750283400000153723e-05
1.488277724299999147e-02
1.086242851000004690e-03
8.172771999998499894e-06
8.508406516667569935e-05
-2.172028502533334543e-02
2.355757506666668680e-04
1.223644444999994613e-03
-3.233994763999999567e-03
-9.333438130000004359e-04
2.063900580000045464e-04
-1.083582498800000730e-02
-9.534854419999998698e-04
-7.229432166666655186e-05
2.355757506666668680e-04
-1.307149953333335002e-02
-9.287070499999896872e-05
1.007338404999999883e-03
-8.644705520999999143e-03
-2.444732000001789043e-06
9.534684989999999164e-04
-1.128755905799999799e-02
-3.012798613899998756e-02
1.223644444999994613e-03
-9.287070499999896872e-05
-3.214424713966675118e-02
1.056024966666330524e-05
1.815965916666666772e-05
2.136021278300002241e-02
5.256708610000076186e-04
-2.660602600000218891e-05
-3.081060500000049442e-04
-3.233994763999999567e-03
1.007338404999999883e-03
-1.056024966666997308e-05
2.230354482950002576e-02
-1.789401499999999947e-05
3.111515820000072320e-04
-1.859742076699999122e-02
-9.171792240000000351e-04
7.750283400000153723e-05
-9.333438130000004359e-04
-8.644705520999999143e-03
1.815965916666666772e-05
-1.789401499999999947e-05
2.042195765850002287e-02
-4.418182000000251986e-05
9.328994880000004899e-04
-1.649128375199998900e-02
1.488277724299999147e-02
2.063900580000045464e-04
-2.444732000001789043e-06
2.136021278300002241e-02
3.111515820000072320e-04
-4.418182000000251986e-05
9.625945574166665242e-02
4.064037956666854295e-04
2.212101666667130267e-07
1.086242851000004690e-03
-1.083582498800000730e-02
9.534684989999999164e-04
5.256708610000076186e-04
-1.859742076699999122e-02
9.328994880000004899e-04
-4.064037956666507350e-04
1.770105652499997725e-03
-2.519984168333331176e-04
8.172771999998499894e-06
-9.534854419999998698e-04
-1.128755905799999799e-02
-2.660602600000218891e-05
-9.171792240000000351e-04
-1.649128375199998900e-02
2.212101666667130267e-07
-2.519984168333331176e-04
-4.364338189000007209e-03
1.098602084318332783e-01
-8.510858116665870104e-05
-7.226191249999985530e-05
-7.233190825200000451e-02
-1.715933650000116826e-04
6.490666300000395589e-05
8.387348456999977123e-03
2.287710790000033526e-04
-1.211414190000006952e-04
8.510858116667425935e-05
-1.724217886300000863e-02
2.355758476666671309e-04
1.268882826999987628e-03
-8.165338212000000304e-03
4.513074399999997808e-05
-9.160626189999970239e-04
-9.260475442999996712e-03
-6.147412399999973621e-05
-7.226191249999985530e-05
2.355758476666671309e-04
-1.073128424750000726e-02
-1.002966139999960320e-04
4.136242300000007302e-05
-7.489851736000000156e-03
8.834336499999922358e-05
-1.252400299999975155e-05
-5.195340339999997455e-03
-7.233190825200000451e-02
1.268882826999987628e-03
-1.002966139999960320e-04
8.990002272750000079e-02
-5.075655499999505140e-05
3.722665033333337421e-05
5.738299994000016502e-03
1.942730810000033235e-04
-4.223617600000088254e-05
-1.715933650000116826e-04
-8.165338212000000304e-03
4.136242300000007302e-05
5.075655500000501250e-05
8.534288592999997314e-03
2.232425071666666158e-04
3.803405920000034425e-04
-1.251858441299999632e-02
3.519030600000024115e-05
6.490666300000395589e-05
4.513074399999997808e-05
-7.489851736000000156e-03
3.722665033333337421e-05
2.232425071666666158e-04
3.701284755666663356e-03
-4.213825100000088297e-05
-2.434161999999976170e-05
-8.342970841999997403e-03
8.387348456999977123e-03
-9.160626189999970239e-04
8.834336499999922358e-05
5.738299994000016502e-03
3.803405920000034425e-04
-4.213825100000088297e-05
1.213990671811665534e-01
2.751917228333567431e-04
2.278763333333780187e-07
2.287710790000033526e-04
-9.260475442999996712e-03
-1.252400299999975155e-05
1.942730810000033235e-04
-1.251858441299999632e-02
-2.434161999999976170e-05
-2.751917228333129414e-04
2.207506395333331314e-03
-2.456673696666663957e-04
-1.211414190000006952e-04
-6.147412399999973621e-05
-5.195340339999997455e-03
-4.223617600000088254e-05
3.519030600000024115e-05
-8.342970841999997403e-03
2.278763333333780187e-07
-2.456673696666663957e-04
-1.451440851500002040e-03
1.009933254028332894e-01
-8.526961349999299456e-05
-7.219620433333316981e-05
-9.096432687500001502e-02
-2.099984746000014418e-03
7.263736270000049683e-04
-3.883972746200003295e-02
6.494457419999944466e-04
6.380250190000022730e-04
8.526961350000670972e-05
-1.097815289700000002e-02
2.450931545000005138e-04
-2.866217255000014490e-03
-1.307031024400000588e-02
7.445413000000035029e-05
1.403476039999946895e-04
-8.470142547999999494e-03
-3.596695499999983731e-05
-7.219620433333316981e-05
2.450931545000005138e-04
-5.844357682500000636e-03
6.397754270000051034e-04
3.727655200000026109e-05
-1.261786288800000044e-02
7.246225600000019522e-04
-7.578882799999984933e-05
-7.509472760000001842e-03
-9.096432687500001502e-02
-2.866217255000014490e-03
6.397754270000051034e-04
1.485788331096665749e-01
5.149350228333399301e-04
1.509110176666665702e-04
-1.229413418480000131e-01
-1.215292500001954803e-05
-4.706765499999304779e-05
-2.099984746000014418e-03
-1.307031024400000588e-02
3.727655200000026109e-05
-5.149350228333241008e-04
1.930477552649998221e-02
2.799005458333334202e-04
6.743592499998025155e-05
-1.608268216000000028e-02
1.094345600000039215e-05
7.263736270000049683e-04
7.445413000000035029e-05
-1.261786288800000044e-02
1.509110176666665702e-04
2.799005458333334202e-04
2.303643634316668645e-02
-2.767923899999305185e-05
-1.094067799999960184e-05
-9.498336053000006746e-03
-3.883972746200003295e-02
1.403476039999946895e-04
7.246225600000019522e-04
-1.229413418480000131e-01
6.743592499998025155e-05
-2.767923899999305185e-05
3.966424221333334499e-01
6.670287995000759090e-04
-6.884398533333320014e-05
6.494457419999944466e-04
-8.470142547999999494e-03
-7.578882799999984933e-05
-1.215292500001954803e-05
-1.608268216000000028e-02
-1.094067799999960184e-05
-6.670287994999243375e-04
-1.604939936533335970e-02
-5.983089299999997312e-04
6.380250190000022730e-04
-3.596695499999983731e-05
-7.509472760000001842e-03
-4.706765499999304779e-05
1.094345600000039215e-05
-9.498336053000006746e-03
-6.884398533333320014e-05
-5.983089299999997312e-04
-1.014108537816668133e-02
1.003855777568333357e-01
-8.501677333332652135e-05
-7.220885399999983731e-05
-3.560164201010000973e-01
-1.649606440000006558e-02
1.771697037000023517e-03
-2.521029428640000902e-01
-2.476188587400004679e-02
2.572409160000175329e-04
8.501677333333985704e-05
-8.473184177499997263e-03
2.450932198333338210e-04
-2.755730097000006276e-02
-3.210625768000003807e-03
3.729396400000309055e-05
-1.669160244800004661e-02
-4.534115364000004637e-03
1.357532105000001585e-03
-7.220885399999983731e-05
2.450932198333338210e-04
-5.762198791333333556e-03
1.820290202000024362e-03
-1.469972787999997013e-03
1.353754355900000338e-02
2.086645800000174757e-04
-1.930487559999970594e-04
1.675915980800000982e-02
-3.560164201010000973e-01
-2.755730097000006276e-02
1.820290202000024362e-03
9.543941069140015054e-01
-1.179951727966662735e-02
-2.276101031000008976e-03
-8.685985762400008081e-01
-3.845717372000186530e-03
1.669898940000621404e-04
-1.649606440000006558e-02
-3.210625768000003807e-03
-1.469972787999997013e-03
1.179951727966676266e-02
-1.392042770151669107e-01
-4.929843273019443584e-03
-3.061309520000179106e-03
1.204604744260000387e-01
-6.073281449999940910e-05
1.771697037000023517e-03
3.729396400000309055e-05
1.353754355900000338e-02
-2.276101031000008976e-03
-4.929843273019443584e-03
-1.510014564686668614e-01
2.578724580000620026e-04
-8.597270199999933237e-05
1.267261927500000218e-01
-2.521029428640000902e-01
-1.669160244800004661e-02
2.086645800000174757e-04
-8.685985762400008081e-01
-3.061309520000179106e-03
2.578724580000620026e-04
9.591973022043348562e-01
-1.179834757099982277e-02
2.286837172333341505e-03
-2.476188587400004679e-02
-4.534115364000004637e-03
-1.930487559999970594e-04
-3.845717372000186530e-03
1.204604744260000387e-01
-8.597270199999933237e-05
1.179834757100022523e-02
-1.333449871385002372e-01
5.012276834019444190e-03
2.572409160000175329e-04
1.357532105000001585e-03
1.675915980800000982e-02
1.669898940000621404e-04
-6.073281449999940910e-05
1.267261927500000218e-01
2.286837172333341505e-03
5.012276834019444190e-03
-1.368721511310000416e-01
9.271385465570010087e-01
-4.502257647333303241e-03
3.799564429999996180e-03
-8.941350929560009098e-01
-4.436079989000196733e-03
1.229430896000065047e-03
-5.465951847900001048e-02
2.508120224999993431e-03
9.205645930000017681e-04
4.502257647333431610e-03
-1.295337821465002426e-01
-2.872862950039681805e-03
-1.187620103000019099e-02
1.383736794900000677e-01
-1.448864499999992267e-04
-7.771603127000007057e-03
-1.127087271299999534e-02
-2.780542049999986569e-04
3.799564429999996180e-03
-2.872862950039681805e-03
-1.335614872816666687e-01
1.226599274000065350e-03
2.404045540000002232e-04
1.353047525070000534e-01
2.091665590000028039e-04
6.232666360000007439e-04
-1.147618778999999695e-03
-8.941350929560009098e-01
-1.187620103000019099e-02
1.226599274000065350e-03
9.770960858563356721e-01
-2.201160660999827538e-03
-5.613034717999996516e-03
-2.491813086109999908e-01
-7.916631694000043559e-03
-1.020557199999856012e-04
-4.436079989000196733e-03
1.383736794900000677e-01
2.404045540000002232e-04
2.201160661000242137e-03
-1.512980868161669934e-01
1.590726969539680950e-03
2.363348427999956581e-03
-7.967484203999997822e-03
-4.182747530000000273e-04
1.229430896000065047e-03
-1.448864499999992267e-04
1.353047525070000534e-01
-5.613034717999996516e-03
1.590726969539680950e-03
-1.472823544900002390e-01
6.093425570000135169e-04
7.306282900000105084e-05
-4.570365000999999407e-03
-5.465951847900001048e-02
-7.771603127000007057e-03
2.091665590000028039e-04
-2.491813086109999908e-01
2.363348427999956581e-03
6.093425570000135169e-04
7.862027487133337045e-02
3.418968096666823403e-04
7.743989148333336884e-04
2.508120224999993431e-03
-1.127087271299999534e-02
6.232666360000007439e-04
-7.916631694000043559e-03
-7.967484203999997822e-03
7.306282900000105084e-05
-3.418968096666513321e-04
-5.937470679999998398e-03
7.803927383333346618e-05
9.205645930000017681e-04
-2.780542049999986569e-04
-1.147618778999999695e-03
-1.020557199999856012e-04
-4.182747530000000273e-04
-4.570365000999999407e-03
7.743989148333336884e-04
7.803927383333346618e-05
-1.199469640450000554e-02
3.578551685186675546e-01
6.913928393333563811e-04
1.429224743333333244e-04
-1.204148863380000017e-01
8.198831639999812218e-04
1.454495200000642646e-05
1.821212276499998770e-02
4.392527000003828995e-06
6.806380509999981811e-04
-6.913928393333104109e-04
-1.853251189916668706e-02
-2.336206933333331926e-05
5.766506709999811133e-04
-1.777005114399998406e-02
2.759231000000167282e-06
-6.589835269999960807e-04
-3.665526650000004022e-04
6.251840939999993903e-04
1.429224743333333244e-04
-2.336206933333331926e-05
-2.019107357283334014e-02
-4.733885409999948448e-04
8.460690600000007563e-05
-1.447163283499999613e-02
-6.350551600000171523e-05
-1.863736450000006068e-04
-1.095224303900000327e-02
-1.204148863380000017e-01
5.766506709999811133e-04
-4.733885409999948448e-04
1.526107453316664364e-01
3.502019310000250825e-04
-7.097770090000002667e-04
-2.889184533459998594e-01
2.025065713999951982e-03
-3.226006899998355558e-05
8.198831639999812218e-04
-1.777005114399998406e-02
8.460690600000007563e-05
-3.502019309999761850e-04
1.938997109966665230e-02
-5.785325870000002394e-04
1.996521263999948871e-03
-9.291193164999997714e-03
1.625501979999993381e-04
1.454495200000642646e-05
2.759231000000167282e-06
-1.447163283499999613e-02
-7.097770090000002667e-04
-5.785325870000002394e-04
2.234483714350000982e-02
6.805927470000166851e-04
-6.117541230000006448e-04
-1.763594571700000460e-02
1.821212276499998770e-02
-6.589835269999960807e-04
-6.350551600000171523e-05
-2.889184533459998594e-01
1.996521263999948871e-03
6.805927470000166851e-04
8.262122464966668856e-02
3.362003030000164480e-04
8.293113786666676856e-04
4.392527000003828995e-06
-3.665526650000004022e-04
-1.863736450000006068e-04
2.025065713999951982e-03
-9.291193164999997714e-03
-6.117541230000006448e-04
-3.362003029999838136e-04
-6.155255147166664373e-03
3.670346666666818128e-06
6.806380509999981811e-04
6.251840939999993903e-04
-1.095224303900000327e-02
-3.226006899998355558e-05
1.625501979999993381e-04
-1.763594571700000460e-02
8.293113786666676856e-04
3.670346666666818128e-06
-1.253951491900001311e-02
1.579767024088334082e-01
3.517293560000098597e-04
4.690649616666668653e-05
-2.607388864699999864e-02
9.675089029999986217e-04
1.479777600000043049e-05
3.371145561899999143e-02
-8.954173099999359817e-05
5.814224499999708301e-05
-3.517293559999911030e-04
4.031226638833334056e-03
-1.595183666666663453e-06
9.703531919999986615e-04
-1.841869557099998569e-02
2.760770999999959494e-06
2.813388850000060680e-04
-9.338438759999988410e-04
4.747260399999922182e-05
4.690649616666668653e-05
-1.595183666666663453e-06
-2.078313090000010951e-03
2.753880000004221176e-07
2.499260999999995518e-05
-1.813857546099999912e-02
2.156140599999713670e-05
-1.652318100000007520e-04
-1.359348974699999858e-02
-2.607388864699999864e-02
9.703531919999986615e-04
2.753880000004221176e-07
7.446239986583322312e-02
3.341881481666787073e-04
-1.800276353333332821e-04
-2.472712868269999476e-01
-2.113048860000444305e-04
-1.585577039999857825e-04
9.675089029999986217e-04
-1.841869557099998569e-02
2.499260999999995518e-05
-3.341881481666552885e-04
1.068860972216667017e-02
-5.149046204999999619e-04
5.105892999955280597e-06
-4.375379091000000491e-03
2.192409119999993593e-04
1.479777600000043049e-05
2.760770999999959494e-06
-1.813857546099999912e-02
-1.800276353333332821e-04
-5.149046204999999619e-04
6.114469620999987524e-03
-1.218756579999857642e-04
-1.034120650000006943e-04
-1.546533244500000216e-02
3.371145561899999143e-02
2.813388850000060680e-04
2.156140599999713670e-05
-2.472712868269999476e-01
5.105892999955280597e-06
-1.218756579999857642e-04
1.184583729876666769e-01
3.688575553333567694e-04
8.294028876666680603e-04
-8.954173099999359817e-05
-9.338438759999988410e-04
-1.652318100000007520e-04
-2.113048860000444305e-04
-4.375379091000000491e-03
-1.034120650000006943e-04
-3.688575553333099319e-04
-9.095811893333329706e-03
3.671024500000152067e-06
5.814224499999708301e-05
4.747260399999922182e-05
-1.359348974699999858e-02
-1.585577039999857825e-04
2.192409119999993593e-04
-1.546533244500000216e-02
8.294028876666680603e-04
3.671024500000152067e-06
-1.605857050866668981e-02
1.069546241771666406e-01
2.883869220000067918e-04
7.012799583333338509e-05
-9.095213101999994817e-03
1.225870105000001096e-03
8.469280309999998148e-04
3.666782072699999867e-02
-9.530517159999932425e-04
5.810809299999712793e-05
-2.883869219999941067e-04
3.752073239666651842e-03
-1.256163574999999790e-04
1.222190803000001080e-03
-1.269049609899999473e-02
-5.882043030000002476e-04
-1.116204160999993483e-03
5.249993660000017420e-04
5.862058489999995509e-04
7.012799583333338509e-05
-1.256163574999999790e-04
-2.175786640333341338e-03
8.322225609999995763e-04
6.107477069999995862e-04
-1.761851904299998814e-02
4.364646699999724140e-05
2.722114399999945079e-05
-9.490244188999992850e-03
-9.095213101999994817e-03
1.222190803000001080e-03
8.322225609999995763e-04
-3.607381917183336006e-02
-2.736295350001039976e-05
-1.305308188333333987e-04
-1.830601204370000401e-01
3.161138260999972905e-03
1.969044191000008867e-03
1.225870105000001096e-03
-1.269049609899999473e-02
6.107477069999995862e-04
2.736295349998965084e-05
2.039193556866669005e-02
9.361765333333309388e-06
2.656384790999969867e-03
-1.999295601599999916e-02
4.434474450000002528e-04
8.469280309999998148e-04
-5.882043030000002476e-04
-1.761851904299998814e-02
-1.305308188333333987e-04
9.361765333333309388e-06
2.253819302716669748e-02
1.875934960000009283e-03
3.539342260000002114e-04
-2.000438090900000243e-02
3.666782072699999867e-02
-1.116204160999993483e-03
4.364646699999724140e-05
-1.830601204370000401e-01
2.656384790999969867e-03
1.875934960000009283e-03
1.630890358139999441e-01
3.885950288333666182e-04
9.056329960000012976e-04
-9.530517159999932425e-04
5.249993660000017420e-04
2.722114399999945079e-05
3.161138260999972905e-03
-1.999295601599999916e-02
3.539342260000002114e-04
-3.885950288333001566e-04
-1.777228140600001227e-02
5.770755333333498415e-06
5.810809299999712793e-05
5.862058489999995509e-04
-9.490244188999992850e-03
1.969044191000008867e-03
4.434474450000002528e-04
-2.000438090900000243e-02
9.056329960000012976e-04
5.770755333333498415e-06
-2.056701533549999336e-02
1.396832491713332902e-01
3.783089563333423750e-04
8.050785550000005798e-05
2.228948441800001831e-02
2.584366528000005096e-03
1.832875445999997219e-03
4.615731428699999112e-02
4.948476300000875127e-05
1.487272799999667524e-05
-3.783089563333247025e-04
-4.459180785666664627e-03
-6.742275833333328341e-06
2.939378146000006225e-03
-9.203283933999996738e-03
-9.421115590000005103e-04
2.968184100000872762e-05
-1.389207600000001664e-03
-1.084000000420223653e-09
8.050785550000005798e-05
-6.742275833333328341e-06
-1.010309505583331657e-02
2.016797279999997441e-03
-3.750294440000004792e-04
-1.817996719799999314e-02
3.107579999966657697e-07
-1.844255323390045250e-10
-8.266911479999998133e-03
2.228948441800001831e-02
2.939378146000006225e-03
2.016797279999997441e-03
-5.594246458566671382e-02
9.528122549998535465e-05
-8.354297650000003586e-05
-9.135032344999995113e-03
2.562264055000002243e-03
1.925623608999998656e-03
2.584366528000005096e-03
-9.203283933999996738e-03
-3.750294440000004792e-04
-9.528122550001476363e-05
2.415698133733332198e-02
1.181632812424242334e-04
2.649841856000001786e-03
-2.320434168100000624e-02
4.705670380000005759e-04
1.832875445999997219e-03
-9.421115590000005103e-04
-1.817996719799999314e-02
-8.354297650000003586e-05
1.181632812424242334e-04
2.443387382950002254e-02
1.817940634999998858e-03
3.455236430000004988e-04
-1.900882123600000292e-02
4.615731428699999112e-02
2.968184100000872762e-05
3.107579999966657697e-07
-9.135032344999995113e-03
2.649841856000001786e-03
1.817940634999998858e-03
1.592186863049998846e-01
3.513450121666995374e-04
-7.306318783333330723e-05
4.948476300000875127e-05
-1.389207600000001664e-03
-1.844255323390045250e-10
2.562264055000002243e-03
-2.320434168100000624e-02
3.455236430000004988e-04
-3.513450121666338347e-04
-1.956010563583334208e-02
1.595720666666653289e-06
1.487272799999667524e-05
-1.084000000420223653e-09
-8.266911479999998133e-03
1.925623608999998656e-03
4.705670380000005759e-04
-1.900882123600000292e-02
-7.306318783333330723e-05
1.595720666666653289e-06
-2.107009868016667536e-02
1.592186863049998846e-01
3.513450121666776365e-04
7.306318783333330723e-05
1.012916800300000912e-02
2.520761724000002146e-03
1.818138769999997750e-03
4.459260265799998291e-02
-8.213306999991670888e-06
4.686469999968750582e-07
-3.513450121666557356e-04
-1.956010563583334208e-02
-1.595720666666662183e-06
4.855405109000004472e-03
-7.003965901999997280e-03
-3.551788280000003710e-04
-2.494748299999169713e-05
-7.595095839999996268e-04
-6.538138000000346348e-06
7.306318783333330723e-05
-1.595720666666662183e-06
-2.107009868016667536e-02
3.047526362999998170e-03
-7.135385289999998356e-04
-1.373358450399999632e-02
4.537419999968732714e-07
6.535271574467735339e-06
-6.468691582999997608e-03
1.012916800300000912e-02
4.855405109000004472e-03
3.047526362999998170e-03
-5.594246458566671382e-02
9.528122549999515313e-05
8.354297650000002231e-05
6.512327439300003018e-02
2.822627358000015345e-03
2.016605986999994628e-03
2.520761724000002146e-03
-7.003965901999997280e-03
-7.135385289999998356e-04
-9.528122550000496516e-05
2.415698133733332198e-02
-1.181632812424242469e-04
2.418675775000015456e-03
-2.019231130299999066e-02
3.750311280000005265e-04
1.818138769999997750e-03
-3.551788280000003710e-04
-1.373358450399999632e-02
8.354297650000002231e-05
-1.181632812424242469e-04
2.443387382950002254e-02
1.817866972999994174e-03
9.421127360000002525e-04
-1.564652775500000037e-02
4.459260265799998291e-02
-2.494748299999169713e-05
4.537419999968732714e-07
6.512327439300003018e-02
2.418675775000015456e-03
1.817866972999994174e-03
1.396832491713332902e-01
3.783089563333599933e-04
-8.050785550000005798e-05
-8.213306999991670888e-06
-7.595095839999996268e-04
6.535271574467735339e-06
2.822627358000015345e-03
-2.019231130299999066e-02
9.421127360000002525e-04
-3.783089563333070842e-04
-4.459180785666664627e-03
6.742275833333319024e-06
4.686469999968750582e-07
-6.538138000000346348e-06
-6.468691582999997608e-03
2.016605986999994628e-03
3.750311280000005265e-04
-1.564652775500000037e-02
-8.050785550000005798e-05
6.742275833333319024e-06
-1.010309505583331657e-02
1.630890358139999441e-01
3.885950288333444463e-04
-9.056329960000012976e-04
-3.774330904199998254e-02
1.528340701999995237e-03
-1.556114059999984299e-04
2.265618705599999061e-02
-1.942517824999996211e-03
-4.693528000000216468e-05
-3.885950288333223286e-04
-1.777228140600001227e-02
-5.770755333333387454e-06
4.296666449999994065e-03
-8.564901351000003132e-03
-9.368902330000003801e-04
-2.250604089999995103e-03
-9.163224049999986118e-04
2.053936799999926921e-05
-9.056329960000012976e-04
-5.770755333333387454e-06
-2.056701533549999336e-02
1.381680457000002008e-03
-8.393149050000000373e-04
-1.221885625399999481e-02
5.603716799999786401e-05
-6.281759900000074236e-05
-1.504595448599999746e-02
-3.774330904199998254e-02
4.296666449999994065e-03
1.381680457000002008e-03
-3.607381917183336006e-02
-2.736295350000348458e-05
1.305308188333333987e-04
2.401385751600001311e-02
1.225777223000008376e-03
8.467089119999973842e-04
1.528340701999995237e-03
-8.564901351000003132e-03
-8.393149050000000373e-04
2.736295349999656601e-05
2.039193556866669005e-02
-9.361765333333324634e-06
1.119388221000008031e-03
-1.890590610199998148e-02
-5.882036610000001024e-04
-1.556114059999984299e-04
-9.368902330000003801e-04
-1.221885625399999481e-02
1.305308188333333987e-04
-9.361765333333324634e-06
2.253819302716669748e-02
8.319739159999968393e-04
6.107512679999996686e-04
-2.259003267299999895e-02
2.265618705599999061e-02
-2.250604089999995103e-03
5.603716799999786401e-05
2.401385751600001311e-02
1.119388221000008031e-03
8.319739159999968393e-04
1.069546241771666406e-01
2.883869220000193686e-04
-7.012799583333339864e-05
-1.942517824999996211e-03
-9.163224049999986118e-04
-6.281759900000074236e-05
1.225777223000008376e-03
-1.890590610199998148e-02
6.107512679999996686e-04
-2.883869219999815299e-04
3.752073239666651842e-03
1.256163574999999790e-04
-4.693528000000216468e-05
2.053936799999926921e-05
-1.504595448599999746e-02
8.467089119999973842e-04
-5.882036610000001024e-04
-2.259003267299999895e-02
-7.012799583333339864e-05
1.256163574999999790e-04
-2.175786640333341338e-03
1.184583729876666769e-01
3.688575553333411569e-04
-8.294028876666680603e-04
-3.869822777700002159e-02
-2.304383419000005390e-03
-3.742810799999819434e-05
1.032827585700000009e-02
-9.194839299999778715e-05
-5.377337700000128708e-05
-3.688575553333255444e-04
-9.095811893333329706e-03
-3.671024500000050423e-06
-6.185262380000066318e-04
-2.539222141999999700e-03
1.549975999999994526e-04
-1.944033029999998321e-03
-4.432419851999999140e-03
1.109626859999996974e-04
-8.294028876666680603e-04
-3.671024500000050423e-06
-1.605857050866668981e-02
-2.312352299999982858e-04
-2.062154670000004007e-04
-1.150345199799999996e-02
4.915654699999883918e-05
-1.532368780000004300e-04
-1.160540973500000586e-02
-3.869822777700002159e-02
-6.185262380000066318e-04
-2.312352299999982858e-04
7.446239986583322312e-02
3.341881481666709010e-04
1.800276353333333363e-04
-1.558177734499999190e-02
9.675088320000008570e-04
1.469848900000013031e-05
-2.304383419000005390e-03
-2.539222141999999700e-03
-2.062154670000004007e-04
-3.341881481666630948e-04
1.068860972216667017e-02
5.149046204999999619e-04
9.703416350000009308e-04
-1.802126750599998550e-02
2.760513000000283985e-06
-3.742810799999819434e-05
1.549975999999994526e-04
-1.150345199799999996e-02
1.800276353333333363e-04
5.149046204999999619e-04
6.114469620999987524e-03
1.351950000001286834e-07
2.499222200000028243e-05
-1.243602528100000437e-02
1.032827585700000009e-02
-1.944033029999998321e-03
4.915654699999883918e-05
-1.558177734499999190e-02
9.703416350000009308e-04
1.351950000001286834e-07
1.579767024088334082e-01
3.517293560000287248e-04
-4.690649616666668653e-05
-9.194839299999778715e-05
-4.432419851999999140e-03
-1.532368780000004300e-04
9.675088320000008570e-04
-1.802126750599998550e-02
2.499222200000028243e-05
-3.517293559999722379e-04
4.031226638833334056e-03
1.595183666666657736e-06
-5.377337700000128708e-05
1.109626859999996974e-04
-1.160540973500000586e-02
1.469848900000013031e-05
2.760513000000283985e-06
-1.243602528100000437e-02
-4.690649616666668653e-05
1.595183666666657736e-06
-2.078313090000010951e-03
8.262122464966668856e-02
3.362003030000055518e-04
-8.293113786666676856e-04
-4.337585494999996599e-02
5.963702299999266266e-05
8.307137090000020051e-04
-1.301060783099999667e-02
-1.537076766000001343e-03
-4.954088599999954633e-05
-3.362003029999947098e-04
-6.155255147166664373e-03
-3.670346666666716484e-06
5.261407709999918513e-04
-1.581382868000000535e-03
6.909759699999980253e-05
-1.910406669000000489e-03
-4.005360646999999059e-03
6.633251099999992447e-05
-8.293113786666676856e-04
-3.670346666666716484e-06
-1.253951491900001311e-02
-1.073371819999977607e-04
-5.234702700000037873e-05
-6.800648932000000028e-03
7.976308790000003011e-04
-7.880089999999995902e-05
-6.973209248000001789e-03
-4.337585494999996599e-02
5.261407709999918513e-04
-1.073371819999977607e-04
1.526107453316664364e-01
3.502019310000087653e-04
7.097770090000003751e-04
-9.562416976599998064e-02
8.141613399999872436e-04
1.428540000000490819e-05
5.963702299999266266e-05
-1.581382868000000535e-03
-5.234702700000037873e-05
-3.502019309999925023e-04
1.938997109966665230e-02
5.785325870000001310e-04
5.709841969999870362e-04
-2.521679911299997898e-02
2.761474000000627514e-06
8.307137090000020051e-04
6.909759699999980253e-05
-6.800648932000000028e-03
7.097770090000003751e-04
5.785325870000001310e-04
2.234483714350000982e-02
-4.735885439999961929e-04
8.460507000000054079e-05
-1.440829167599998878e-02
-1.301060783099999667e-02
-1.910406669000000489e-03
7.976308790000003011e-04
-9.562416976599998064e-02
5.709841969999870362e-04
-4.735885439999961929e-04
3.578551685186675546e-01
6.913928393334024597e-04
-1.429224743333333244e-04
-1.537076766000001343e-03
-4.005360646999999059e-03
-7.880089999999995902e-05
8.141613399999872436e-04
-2.521679911299997898e-02
8.460507000000054079e-05
-6.913928393332643323e-04
-1.853251189916668706e-02
2.336206933333330232e-05
-4.954088599999954633e-05
6.633251099999992447e-05
-6.973209248000001789e-03
1.428540000000490819e-05
2.761474000000627514e-06
-1.440829167599998878e-02
-1.429224743333333244e-04
2.336206933333330232e-05
-2.019107357283334014e-02
7.862027487133337045e-02
3.418968096666720404e-04
-7.743989148333336884e-04
-3.623683457310000744e-01
-2.692896144800007927e-02
2.084667719000026734e-03
-3.197112394780001199e-01
-1.988598463200007618e-02
2.160940954000022292e-03
-3.418968096666616320e-04
-5.937470679999998398e-03
-7.803927383333337132e-05
-1.826713890000007320e-02
2.352102050900000893e-02
5.050222520000038082e-04
-2.663141002100007440e-02
2.042337528099998772e-02
1.765680780000040192e-04
-7.743989148333336884e-04
-7.803927383333337132e-05
-1.199469640450000554e-02
1.759100650000026012e-03
-7.129662299999954935e-04
6.079900209985710652e-02
2.486517736000022367e-03
3.138103300000362548e-05
5.281714219685712530e-02
-3.623683457310000744e-01
-1.826713890000007320e-02
1.759100650000026012e-03
9.770960858563356721e-01
-2.201160660999965882e-03
5.613034717999996516e-03
-8.556189342040008139e-01
-4.435992293000190663e-03
1.229265201000062950e-03
-2.692896144800007927e-02
2.352102050900000893e-02
-7.129662299999954935e-04
2.201160661000103793e-03
-1.512980868161669934e-01
-1.590726969539681601e-03
-1.187610269700018796e-02
1.404271435690000736e-01
-1.448864499999994435e-04
2.084667719000026734e-03
5.050222520000038082e-04
6.079900209985710652e-02
5.613034717999996516e-03
-1.590726969539681601e-03
-1.472823544900002390e-01
1.135485448000063359e-03
1.448646360000000887e-04
1.335493716180000123e-01
-3.197112394780001199e-01
-2.663141002100007440e-02
2.486517736000022367e-03
-8.556189342040008139e-01
-1.187610269700018796e-02
1.135485448000063359e-03
9.271385465570010087e-01
-4.502257647333174004e-03
-3.799564429999996613e-03
-1.988598463200007618e-02
2.042337528099998772e-02
3.138103300000362548e-05
-4.435992293000190663e-03
1.404271435690000736e-01
1.448646360000000887e-04
4.502257647333560847e-03
-1.295337821465002426e-01
2.872862950039681371e-03
2.160940954000022292e-03
1.765680780000040192e-04
5.281714219685712530e-02
1.229265201000062950e-03
-1.448864499999994435e-04
1.335493716180000123e-01
-3.799564429999996613e-03
2.872862950039681371e-03
-1.335614872816666687e-01
1.015140796068003226e+00
-1.363464051366662308e-02
-1.730073927000012933e-03
-8.776378951720008592e-01
-2.616119729000190158e-03
-1.894942461999940845e-03
-9.861920712800004152e-02
-1.338905046500001549e-02
8.032697180000065735e-04
1.363464051366676186e-02
-1.153264106670001815e-01
-2.873051659888888488e-03
-2.508345623000181757e-03
1.329411572190000168e-01
-3.758500180000009594e-04
-2.116014141400001866e-02
1.767481629999909825e-04
1.696199829000002123e-03
-1.730073927000012933e-03
-2.873051659888888488e-03
-1.484781286600001249e-01
-1.993968115999941466e-03
3.758462519999990941e-04
1.203172277489999858e-01
6.134210560000072105e-04
-1.153032871000000004e-03
-6.696451131999998571e-03
-8.776378951720008592e-01
-2.508345623000181757e-03
-1.993968115999941466e-03
1.038055871942336728e+00
-8.309269986999819751e-03
-4.032009613666696045e-03
-2.672434846110000040e-01
-2.553488588300004830e-02
8.227433480000172781e-04
-2.616119729000190158e-03
1.329411572190000168e-01
3.758462519999990941e-04
8.309269987000249963e-03
-1.363470156710002712e-01
1.302328712722220817e-03
-1.482716091200004735e-02
-1.833758686000011356e-03
9.852448420000004588e-04
-1.894942461999940845e-03
-3.758500180000009594e-04
1.203172277489999858e-01
-4.032009613666696045e-03
1.302328712722220817e-03
-1.559681424533336525e-01
1.012610332000017047e-03
-1.505871871999999541e-03
-1.041384112850000238e-02
-9.861920712800004152e-02
-2.116014141400001866e-02
6.134210560000072105e-04
-2.672434846110000040e-01
-1.482716091200004735e-02
1.012610332000017047e-03
8.392038897199993741e-02
2.982475998000015151e-03
2.577491553333330983e-04
-1.338905046500001549e-02
1.767481629999909825e-04
-1.153032871000000004e-03
-2.553488588300004830e-02
-1.833758686000011356e-03
-1.505871871999999541e-03
-2.982475997999982191e-03
-4.110932141666666546e-03
-1.352749426666665473e-04
8.032697180000065735e-04
1.696199829000002123e-03
-6.696451131999998571e-03
8.227433480000172781e-04
9.852448420000004588e-04
-1.041384112850000238e-02
2.577491553333330983e-04
-1.352749426666665473e-04
-5.757703981666663189e-03
3.577046913210003565e-01
1.520287994166690752e-03
-9.293900949999952740e-05
-1.093111088290000116e-01
4.794808299998123253e-05
1.171623000006455591e-06
-1.085025624999999203e-02
-8.319865860000026994e-04
-8.171716899999851538e-05
-1.520287994166644781e-03
-1.726884368050001992e-02
-8.524449350000000577e-05
1.048214909999812785e-04
-7.095090151000004244e-03
1.899507826829288195e-05
-2.807523280000027532e-04
4.674260583999999795e-03
-2.198862759999995495e-04
-9.293900949999952740e-05
-8.524449350000000577e-05
-1.487024808366669421e-02
1.077278000006457005e-06
-6.490457268292481689e-06
-3.765133582000002380e-03
-7.177197999999861957e-05
-3.579344526829221588e-05
1.163553229200000108e-02
-1.093111088290000116e-01
1.048214909999812785e-04
1.077278000006457005e-06
1.060364080681666654e-01
1.523304659166684841e-03
-4.843737243333337832e-04
-2.771235855799998871e-01
3.543271216999951609e-03
-4.701486999999835814e-04
4.794808299998123253e-05
-7.095090151000004244e-03
-6.490457268292481689e-06
-1.523304659166653616e-03
2.169422186733334021e-02
-1.561553306666667350e-04
2.044051816999952788e-03
-1.394667371300000423e-02
-6.182444973170700376e-05
1.171623000006455591e-06
1.899507826829288195e-05
-3.765133582000002380e-03
-4.843737243333337832e-04
-1.561553306666667350e-04
2.903368611316673592e-02
-4.847313339999837216e-04
1.820494970000002008e-04
-6.125900691999999065e-03
-1.085025624999999203e-02
-2.807523280000027532e-04
-7.177197999999861957e-05
-2.771235855799998871e-01
2.044051816999952788e-03
-4.847313339999837216e-04
9.432546127333321651e-02
2.982213862666684232e-03
2.577425858333331110e-04
-8.319865860000026994e-04
4.674260583999999795e-03
-3.579344526829221588e-05
3.543271216999951609e-03
-1.394667371300000423e-02
1.820494970000002008e-04
-2.982213862666647803e-03
-4.274829092333332775e-03
-1.352749376666664860e-04
-8.171716899999851538e-05
-2.198862759999995495e-04
1.163553229200000108e-02
-4.701486999999835814e-04
-6.182444973170700376e-05
-6.125900691999999065e-03
2.577425858333331110e-04
-1.352749376666664860e-04
-5.486850978499995153e-03
1.518356762444999786e-01
5.228037786666768884e-04
1.188868385000000781e-04
8.813541636000005522e-03
4.539013000000321845e-05
6.901509999992136328e-07
9.005370123000006402e-03
-4.384204149999989045e-04
1.009089000000072544e-06
-5.228037786666586738e-04
3.136524288833326523e-03
-1.266317999999992506e-06
-1.675633209999967334e-04
-8.528887770999993637e-03
7.579268292971321332e-09
-5.244502269999989658e-04
2.577893930000000992e-03
-2.871918179999995591e-04
1.188868385000000781e-04
-1.266317999999992506e-06
6.380626698333247701e-04
5.773249999992262517e-07
1.541731707592406845e-09
-3.988676731000000142e-03
8.335820000000252847e-07
5.433731707730882671e-09
8.894997080000008327e-03
8.813541636000005522e-03
-1.675633209999967334e-04
5.773249999992262517e-07
5.179864446716664350e-02
5.223703046666753258e-04
-1.371128243333331182e-04
-2.552964687899998975e-01
1.647182670999953157e-03
1.072734500001596779e-05
4.539013000000321845e-05
-8.528887770999993637e-03
1.541731707592406845e-09
-5.223703046666603638e-04
1.124638744083334037e-02
-2.535065256666666845e-04
3.393040699995303582e-05
3.683137799999925554e-05
-3.894731706879243403e-09
6.901509999992136328e-07
7.579268292971321332e-09
-3.988676731000000142e-03
-1.371128243333331182e-04
-2.535065256666666845e-04
8.357514460333337336e-03
1.075145800001602121e-05
2.871868710000002986e-04
7.188855245999999088e-03
9.005370123000006402e-03
-5.244502269999989658e-04
8.335820000000252847e-07
-2.552964687899998975e-01
3.393040699995303582e-05
1.075145800001602121e-05
1.297218270426665210e-01
2.982337906000025272e-03
2.510849555000002446e-04
-4.384204149999989045e-04
2.577893930000000992e-03
5.433731707730882671e-09
1.647182670999953157e-03
3.683137799999925554e-05
2.871868710000002986e-04
-2.982337905999973230e-03
-1.166441547299999944e-02
-2.249428893333335947e-04
1.009089000000072544e-06
-2.871918179999995591e-04
8.894997080000008327e-03
1.072734500001596779e-05
-3.894731706879243403e-09
7.188855245999999088e-03
2.510849555000002446e-04
-2.249428893333335947e-04
-1.087016120150000736e-02
1.052258849403331503e-01
5.395571866666734086e-04
1.782676788333333691e-04
4.157169292500001445e-02
-1.548537579999896693e-04
7.442679899999961064e-04
-1.264698751799999896e-02
-2.816676400000044751e-04
7.452122890000020773e-04
-5.395571866666608318e-04
1.225449603499996487e-03
-3.466789066666665936e-05
-3.256900049999899042e-04
-1.417571672899998678e-02
4.631268292748429911e-09
-4.638500280000047932e-04
1.234736920100000697e-02
-2.681782599999992791e-04
1.782676788333333691e-04
-3.466789066666665936e-05
1.811465115499991682e-03
9.838899999651528836e-08
2.480731707235413026e-09
-1.566447227499999373e-02
9.759490000020579985e-07
-6.192682921659192934e-10
2.050614935999999985e-02
4.157169292500001445e-02
-3.256900049999899042e-04
9.838899999651528836e-08
-4.257926638300004590e-02
-3.240133666667725359e-05
-1.447484862833325892e-02
-2.400984364419999628e-01
-1.785474447000042668e-03
-1.323679462999986355e-03
-1.548537579999896693e-04
-1.417571672899998678e-02
2.480731707235413026e-09
3.240133666665611164e-05
1.499094549266668380e-02
2.047939949572383320e-05
-3.278544692000043195e-03
-1.016724002000000309e-03
1.245077902682931257e-04
7.442679899999961064e-04
4.631268292748429911e-09
-1.566447227499999373e-02
-1.447484862833325892e-02
2.047939949572383320e-05
3.030966459033335864e-02
-5.794186859999856049e-04
1.214664160000005118e-04
7.171791507000000419e-03
-1.264698751799999896e-02
-4.638500280000047932e-04
9.759490000020579985e-07
-2.400984364419999628e-01
-3.278544692000043195e-03
-5.794186859999856049e-04
1.882880317498332456e-01
-3.071252999996198162e-05
-6.172766331000005720e-03
-2.816676400000044751e-04
1.234736920100000697e-02
-6.192682921659192934e-10
-1.785474447000042668e-03
-1.016724002000000309e-03
1.214664160000005118e-04
3.071253000003795709e-05
-1.853562482366667014e-02
-9.815417066666779194e-05
7.452122890000020773e-04
-2.681782599999992791e-04
2.050614935999999985e-02
-1.323679462999986355e-03
1.245077902682931257e-04
7.171791507000000419e-03
-6.172766331000005720e-03
-9.815417066666779194e-05
-1.182362712233334806e-02
1.619624522866666694e-01
2.425632390000104850e-04
1.174652820000001753e-04
4.694920482400001538e-02
-3.067964068999991765e-03
-1.610401848000003354e-03
-4.688381362999993925e-03
-2.856848800000030136e-04
7.451593630000015976e-04
-2.425632389999898310e-04
-6.530904739999996746e-03
-3.899343366666666152e-05
-3.157012608999991334e-03
-9.399078063999994487e-03
-4.696372810000000323e-04
-3.733924750000031491e-04
1.215847381000000060e-02
-2.681859429999992623e-04
1.174652820000001753e-04
-3.899343366666666152e-05
-4.891314193333336224e-03
-2.354488169000003295e-03
2.035496467317070323e-04
-9.578113461999994763e-03
9.790560000015925565e-07
-1.916268292126496143e-09
2.095706213999999276e-02
4.694920482400001538e-02
-3.157012608999991334e-03
-2.354488169000003295e-03
-5.712623231450013328e-02
-3.251710000138244451e-07
-1.446976550983329959e-02
-9.177975134900004384e-02
1.789726054999986283e-03
-4.550941599999949326e-04
-3.067964068999991765e-03
-9.399078063999994487e-03
2.035496467317070323e-04
3.251709999862131827e-07
1.802809101783333506e-02
9.031761916239051664e-05
1.087299012999985975e-03
-1.064257022000000309e-02
5.159469092682929118e-04
-1.610401848000003354e-03
-4.696372810000000323e-04
-9.578113461999994763e-03
-1.446976550983329959e-02
9.031761916239051664e-05
3.215564373983335195e-02
2.533437730000056968e-04
-3.199377769999997242e-04
-2.290446380999998713e-03
-4.688381362999993925e-03
-3.733924750000031491e-04
9.790560000015925565e-07
-9.177975134900004384e-02
1.087299012999985975e-03
2.533437730000056968e-04
1.726556483926665331e-01
-2.880282599996468132e-05
-6.704033522666669360e-03
-2.856848800000030136e-04
1.215847381000000060e-02
-1.916268292126496143e-09
1.789726054999986283e-03
-1.064257022000000309e-02
-3.199377769999997242e-04
2.880282600003522900e-05
-1.937231810866668277e-02
3.428982016666542104e-05
7.451593630000015976e-04
-2.681859429999992623e-04
2.095706213999999276e-02
-4.550941599999949326e-04
5.159469092682929118e-04
-2.290446380999998713e-03
-6.704033522666669360e-03
3.428982016666542104e-05
-1.448460503466667340e-02
1.726556483926665331e-01
-2.880282599998819834e-05
6.704033522666669360e-03
-1.342346338999999417e-02
1.323018939999999087e-03
2.533726939999999639e-04
2.313409640900000383e-02
-3.413358549999978412e-04
7.451959510000000318e-04
2.880282600001171197e-05
-1.937231810866668277e-02
-3.428982016666624096e-05
2.285540758000000408e-03
-8.152517329999997564e-03
3.199349639999998513e-04
-9.873885299999819308e-05
1.320566356800000583e-02
1.040148226829327066e-05
6.704033522666669360e-03
-3.428982016666624096e-05
-1.448460503466667340e-02
-4.550031830000000757e-04
-5.360400422682929213e-04
-9.746992687000004957e-03
1.062206999999787557e-06
2.746762860000004402e-04
2.039321380500000100e-02
-1.342346338999999417e-02
2.285540758000000408e-03
-4.550031830000000757e-04
-5.712623231450013328e-02
-3.251710000046206910e-07
1.446976550983329959e-02
3.456746896900000227e-02
-3.287542177999990684e-03
-1.610328282000002189e-03
1.323018939999999087e-03
-8.152517329999997564e-03
-5.360400422682929213e-04
3.251709999954169369e-07
1.802809101783333506e-02
-9.031761916239229202e-05
-3.380842462999994035e-03
-6.957597381000000906e-03
-1.910452887317069847e-04
2.533726939999999639e-04
3.199349639999998513e-04
-9.746992687000004957e-03
1.446976550983329959e-02
-9.031761916239229202e-05
3.215564373983335195e-02
-2.354497843000002803e-03
4.696351930000001898e-04
-1.634015770000020614e-04
2.313409640900000383e-02
-9.873885299999819308e-05
1.062206999999787557e-06
3.456746896900000227e-02
-3.380842462999994035e-03
-2.354497843000002803e-03
1.619624522866666694e-01
2.425632390000311120e-04
-1.174652820000001888e-04
-3.413358549999978412e-04
1.320566356800000583e-02
2.746762860000004402e-04
-3.287542177999990684e-03
-6.957597381000000906e-03
4.696351930000001898e-04
-2.425632389999692040e-04
-6.530904739999996746e-03
3.899343366666664797e-05
7.451959510000000318e-04
1.040148226829327066e-05
2.039321380500000100e-02
-1.610328282000002189e-03
-1.910452887317069847e-04
-1.634015770000020614e-04
-1.174652820000001888e-04
3.899343366666664797e-05
-4.891314193333336224e-03
1.882880317498332456e-01
-3.071252999998731130e-05
6.172766331000005720e-03
-2.789998667899998633e-02
-3.848144343000003791e-03
-5.794476889999989515e-04
1.810476440900000636e-02
-4.082050149999989904e-04
7.452881410000000706e-04
3.071253000001262742e-05
-1.853562482366667014e-02
9.815417066666703300e-05
-2.290024825000005690e-03
7.584433089999976021e-04
8.320135859999996551e-04
-3.969803119999990352e-04
1.249533776600000694e-02
9.638879522682932679e-04
6.172766331000005720e-03
9.815417066666703300e-05
-1.182362712233334806e-02
-1.323596849999998572e-03
-1.110590718268292774e-03
-3.287018914999997703e-03
1.182092000000345028e-06
-6.853066149999990616e-04
2.129380519499998736e-02
-2.789998667899998633e-02
-2.290024825000005690e-03
-1.323596849999998572e-03
-4.257926638300004590e-02
-3.240133666667020627e-05
1.447484862833325892e-02
2.512434628500001196e-02
-8.445767399999235469e-05
7.443538769999978036e-04
-3.848144343000003791e-03
7.584433089999976021e-04
-1.110590718268292774e-03
3.240133666666315896e-05
1.499094549266668380e-02
-2.047939949572560520e-05
-4.964475699999924222e-04
-1.594956270599998116e-02
5.704268293226085270e-09
-5.794476889999989515e-04
8.320135859999996551e-04
-3.287018914999997703e-03
1.447484862833325892e-02
-2.047939949572560520e-05
3.030966459033335864e-02
9.072499999789137776e-08
7.447317076982849931e-10
-9.808629943999995493e-03
1.810476440900000636e-02
-3.969803119999990352e-04
1.182092000000345028e-06
2.512434628500001196e-02
-4.964475699999924222e-04
9.072499999789137776e-08
1.052258849403331503e-01
5.395571866666862022e-04
-1.782676788333333691e-04
-4.082050149999989904e-04
1.249533776600000694e-02
-6.853066149999990616e-04
-8.445767399999235469e-05
-1.594956270599998116e-02
7.447317076982849931e-10
-5.395571866666480382e-04
1.225449603499996487e-03
3.466789066666663903e-05
7.452881410000000706e-04
9.638879522682932679e-04
2.129380519499998736e-02
7.443538769999978036e-04
5.704268293226085270e-09
-9.808629943999995493e-03
-1.782676788333333691e-04
3.466789066666663903e-05
1.811465115499991682e-03
1.297218270426665210e-01
2.982337906000007925e-03
-2.510849555000001904e-04
-5.305017726499999114e-02
-5.343925240000110951e-04
1.087935000000363660e-05
7.216218768999999901e-03
-5.217329920000003847e-04
1.088566000000443589e-06
-2.982337905999990577e-03
-1.166441547299999944e-02
2.249428893333336218e-04
7.971018999999893943e-04
7.099902166000001888e-03
6.662877469999999415e-04
-8.306396189999995733e-04
6.338055163000001074e-03
9.638857442682932002e-04
-2.510849555000001904e-04
2.249428893333336218e-04
-1.087016120150000736e-02
1.085847300000385123e-05
-9.638841422682925542e-04
7.767326351000000510e-03
1.136047000000761941e-06
-6.662878559999992891e-04
1.683191654800000187e-02
-5.305017726499999114e-02
7.971018999999893943e-04
1.085847300000385123e-05
5.179864446716664350e-02
5.223703046666703384e-04
1.371128243333331453e-04
8.394831575000006110e-03
4.528497400000318466e-05
7.351729999994701426e-07
-5.343925240000110951e-04
7.099902166000001888e-03
-9.638841422682925542e-04
-5.223703046666653511e-04
1.124638744083334037e-02
2.535065256666666845e-04
-1.675639279999968829e-04
-8.620164179999998885e-03
6.230268293207941935e-09
1.087935000000363660e-05
6.662877469999999415e-04
7.767326351000000510e-03
1.371128243333331453e-04
2.535065256666666845e-04
8.357514460333337336e-03
5.793409999994826476e-07
8.327317078290254447e-10
-2.157956410000033101e-04
7.216218768999999901e-03
-8.306396189999995733e-04
1.136047000000761941e-06
8.394831575000006110e-03
-1.675639279999968829e-04
5.793409999994826476e-07
1.518356762444999786e-01
5.228037786666951030e-04
-1.188868385000000781e-04
-5.217329920000003847e-04
6.338055163000001074e-03
-6.662878559999992891e-04
4.528497400000318466e-05
-8.620164179999998885e-03
8.327317078290254447e-10
-5.228037786666404592e-04
3.136524288833326523e-03
1.266317999999977895e-06
1.088566000000443589e-06
9.638857442682932002e-04
1.683191654800000187e-02
7.351729999994701426e-07
6.230268293207941935e-09
-2.157956410000033101e-04
-1.188868385000000781e-04
1.266317999999977895e-06
6.380626698333247701e-04
9.432546127333321651e-02
2.982213862666672089e-03
-2.577425858333331110e-04
-9.869868288100003273e-02
1.600433065999983971e-03
-4.842894499999951096e-04
-7.660985146599998130e-02
-4.057765430000172366e-04
-7.098376799999380859e-05
-2.982213862666659946e-03
-4.274829092333332775e-03
1.352749376666665131e-04
2.717176383999983687e-03
-5.680876336999999589e-03
7.589283179999994564e-04
-8.484914430000173573e-04
1.717008192400001215e-02
9.892700502682934272e-04
-2.577425858333331110e-04
1.352749376666665131e-04
-5.486850978499995153e-03
-4.843225979999947668e-04
-1.025011048268292726e-03
-8.297878384000000052e-03
-7.099598599999347882e-05
-6.255526919999994341e-04
2.697304179099999782e-02
-9.869868288100003273e-02
2.717176383999983687e-03
-4.843225979999947668e-04
1.060364080681666654e-01
1.523304659166674433e-03
4.843737243333338374e-04
-1.413992255730000536e-01
4.774868499997456670e-05
1.352627000009042797e-06
1.600433065999983971e-03
-5.680876336999999589e-03
-1.025011048268292726e-03
-1.523304659166664025e-03
2.169422186733334021e-02
1.561553306666666808e-04
1.046953909999747610e-04
-3.123917531999999969e-03
1.899372726829325568e-05
-4.842894499999951096e-04
7.589283179999994564e-04
-8.297878384000000052e-03
4.843737243333338374e-04
1.561553306666666808e-04
2.903368611316673592e-02
1.085190000009043074e-06
-6.490132268292104047e-06
6.386440459999993130e-03
-7.660985146599998130e-02
-8.484914430000173573e-04
-7.099598599999347882e-05
-1.413992255730000536e-01
1.046953909999747610e-04
1.085190000009043074e-06
3.577046913210003565e-01
1.520287994166736722e-03
9.293900949999951385e-05
-4.057765430000172366e-04
1.717008192400001215e-02
-6.255526919999994341e-04
4.774868499997456670e-05
-3.123917531999999969e-03
-6.490132268292104047e-06
-1.520287994166598811e-03
-1.726884368050001992e-02
8.524449350000001932e-05
-7.098376799999380859e-05
9.892700502682934272e-04
2.697304179099999782e-02
1.352627000009042797e-06
1.899372726829325568e-05
6.386440459999993130e-03
9.293900949999951385e-05
8.524449350000001932e-05
-1.487024808366669421e-02
8.392038897199993741e-02
2.982475998000004309e-03
-2.577491553333330983e-04
-4.800624923090001106e-01
-2.291226987800008483e-02
1.889834198000031910e-03
-4.035687198910002382e-01
-1.654204816900007452e-02
1.680442824000027589e-03
-2.982475997999993033e-03
-4.110932141666666546e-03
1.352749426666665744e-04
-1.924604920100008235e-02
1.289336102299999329e-02
3.252144394000001677e-03
-2.014979788900007548e-02
1.406776991499998977e-02
3.430013728000002281e-03
-2.577491553333330983e-04
1.352749426666665744e-04
-5.757703981666663189e-03
1.889741936000032809e-03
-3.520446575999996823e-03
2.802804453949999872e-02
1.680523871000029002e-03
-3.429913310999996301e-03
3.716584382899999067e-02
-4.800624923090001106e-01
-1.924604920100008235e-02
1.889741936000032809e-03
1.038055871942336728e+00
-8.309269986999961999e-03
4.032009613666696045e-03
-8.870116901470008752e-01
-3.939930912000189252e-03
-5.709272959999397729e-04
-2.291226987800008483e-02
1.289336102299999329e-02
-3.520446575999996823e-03
8.309269987000107716e-03
-1.363470156710002712e-01
-1.302328712722221251e-03
-3.945081622000184453e-03
1.265321777079999599e-01
-5.225439050000001660e-04
1.889834198000031910e-03
3.252144394000001677e-03
2.802804453949999872e-02
4.032009613666696045e-03
-1.302328712722221251e-03
-1.559681424533336525e-01
-6.699257989999360180e-04
5.225401389999999270e-04
1.229534819050000088e-01
-4.035687198910002382e-01
-2.014979788900007548e-02
1.680523871000029002e-03
-8.870116901470008752e-01
-3.945081622000184453e-03
-6.699257989999360180e-04
1.015140796068003226e+00
-1.363464051366648604e-02
1.730073927000012717e-03
-1.654204816900007452e-02
1.406776991499998977e-02
-3.429913310999996301e-03
-3.939930912000189252e-03
1.265321777079999599e-01
5.225401389999999270e-04
1.363464051366689890e-02
-1.153264106670001815e-01
2.873051659888888922e-03
1.680442824000027589e-03
3.430013728000002281e-03
3.716584382899999067e-02
-5.709272959999397729e-04
-5.225439050000001660e-04
1.229534819050000088e-01
1.730073927000012717e-03
2.873051659888888922e-03
-1.484781286600001249e-01
