5.792263733000097004e-01
-1.256670836089171951e-03
3.846366128254526725e-03
-5.792262967063600554e-01
1.156813694261587915e-04
-1.248739951066326834e-03
1.315625192577511184e-03
2.988243849415261888e-06
-3.027961134445371089e-06
-1.315625018606798998e-03
2.627527525833617261e-07
-2.836324128722889808e-06
-1.333111403078781829e-03
-3.027961134445696350e-06
3.068206309149175659e-06
1.333111226795589575e-03
-2.662450464874016251e-07
2.874022221599125845e-06
-5.792262967063600554e-01
-1.315625018606798998e-03
1.333111226795589575e-03
5.792262201127211796e-01
-2.687977382795789238e-03
-3.930737745393338319e-03
1.156813694261587915e-04
2.627527525833617261e-07
-2.662450464874016251e-07
-1.156813541291058876e-04
2.310353925533137343e-08
-2.493946309217352168e-07
-1.248739951066326834e-03
-2.836324128722889808e-06
2.874022221599125845e-06
1.248739785939970018e-03
-2.493946309207594348e-07
2.692127874715383404e-06
5.084090735400326883e-02
2.440030104044805961e-04
4.255507958225508334e-04
-5.084090664105524876e-02
3.186157604608728326e-04
-1.350841373168156292e-04
-3.186151975955225837e-04
1.996731557856595840e-06
8.500097614433019515e-07
3.186151931275414228e-04
-1.996735085187800740e-06
8.465596163039786461e-07
-1.356346708441154834e-04
8.500097614432748465e-07
3.618496381791689995e-07
1.356346689420951128e-04
-8.500112630901312952e-07
3.603809109067752073e-07
-5.084090664105524876e-02
3.186151931275414228e-04
1.356346689420951128e-04
5.084090592810726339e-02
2.440024520071189620e-04
-4.261013312441513218e-04
3.186157604608728326e-04
-1.996735085187800740e-06
-8.500112630901312952e-07
-3.186157559928841907e-04
1.996738612709825222e-06
-8.465611118475087002e-07
-1.350841373168156292e-04
8.465596163039786461e-07
3.603809109067752073e-07
1.350841354225150220e-04
-8.465611118474002800e-07
3.589181449386004161e-07
3.206314369908305068e-02
-4.604562924077585805e-04
2.744260379728164921e-04
-3.206314321574747078e-02
1.106020501872692369e-03
-1.003328486485831437e-04
-1.106021159074428327e-03
3.815230395991242585e-05
3.470450554811333951e-06
1.106021142401719757e-03
-3.815228128977929400e-05
3.460991055564272001e-06
-1.006070760271843793e-04
3.470450554811333951e-06
3.156828239663365337e-07
1.006070745105836373e-04
-3.470448492640411105e-06
3.148223588519870708e-07
-3.206314321574747078e-02
1.106021142401719757e-03
1.006070745105836373e-04
3.206314273241191865e-02
-4.604556185333240825e-04
-2.747002668638841901e-04
1.106020501872692369e-03
-3.815228128977929400e-05
-3.470448492640411105e-06
-1.106020485199993774e-03
3.815225861947268982e-05
-3.460988999006128276e-06
-1.003328486485831437e-04
3.460991055564272001e-06
3.148223588519870708e-07
1.003328471361167491e-04
-3.460988999006074066e-06
3.139642391771040658e-07
-5.793400416887368141e-03
8.457687296590952943e-04
2.489535024211568157e-04
5.854082982186956802e-03
1.432952991353054367e-04
-5.717678149673557962e-05
7.463996299242682314e-05
-9.616328363399375420e-07
8.484903889045285652e-07
-7.542177403640472290e-05
-1.846162021493391379e-06
7.366438616272097265e-07
-6.585807891217248329e-05
8.484903889045014602e-07
-7.486598967640367697e-07
6.654790472888878284e-05
1.628948879630188855e-06
-6.499728513187363887e-07
5.854082982186956802e-03
-7.542177403640472290e-05
6.654790472888878284e-05
-5.915401162749837731e-03
6.263325309964594282e-04
-2.570359056592396276e-04
1.432952991353054367e-04
-1.846162021493391379e-06
1.628948879630188855e-06
-1.447962356702090837e-04
-3.544298904978889231e-06
1.414223671516784062e-06
-5.717678149673557962e-05
7.366438616272097265e-07
-6.499728513187363887e-07
5.777567567408967142e-05
1.414223671516838272e-06
-5.642945605892346617e-07
1.339327908568856307e+00
-1.085313596067081403e-03
-6.005871709280933765e-04
-1.339327908623282770e+00
-1.092813358876699396e-03
6.033852110889494991e-04
-1.101089681400414799e-03
9.052290173075516755e-07
4.983194615609654976e-07
1.101089681445350426e-03
8.984248782077479401e-07
-4.960556900170611416e-07
-6.061403129280931810e-04
4.983207172630236734e-07
2.743212297611863652e-07
6.061403129527284227e-04
4.945750977778092601e-07
-2.730743519000595424e-07
-1.339327908623282770e+00
1.101089681445350426e-03
6.061403129527284227e-04
1.339327908677710122e+00
1.108589444254433256e-03
-6.089383531134660420e-04
-1.092813358876699396e-03
8.984248782077479401e-07
4.945750977778092601e-07
1.092813358921099860e-03
8.916718823690113205e-07
-4.923258398592257308e-07
6.033852110889494991e-04
-4.960556900170611416e-07
-2.730743519000595424e-07
-6.033852111134662376e-04
-4.923270955612839067e-07
2.718331415243748356e-07
6.213210597887468267e-02
6.663365174081094617e-07
-5.071881546874432360e-08
-6.213210597803224544e-02
-1.894630827696315929e-07
1.707087451835595024e-07
1.934991840747803933e-07
6.027123244933818569e-13
-5.339260138609637840e-13
-1.934991840914663865e-07
-5.901251709516941446e-13
5.255835530817925351e-13
-2.854928154684857619e-07
-8.829893559571056534e-13
1.311865556223927254e-12
2.854928154646126508e-07
8.643616036871784611e-13
-7.844147883782643911e-13
-6.213210597803224544e-02
-1.934991840914663865e-07
2.854928154646126508e-07
6.213210597718985678e-02
6.623004161219659896e-07
-4.054827451809864894e-07
-1.894630827696315929e-07
-5.901251709516941446e-13
8.643616036871784611e-13
1.894630827886369741e-07
5.778710843173939793e-13
-8.634693264902977148e-13
1.707087451835595024e-07
5.255835530817925351e-13
-7.844147883782643911e-13
-1.707087451812450379e-07
-5.144059844175236978e-13
4.690829052096590411e-13
-1.347291710328581416e-01
-8.016537636255215233e-07
4.731333661041637540e-07
1.347291710327761516e-01
-1.630848837243875594e-07
-3.284047051099942395e-07
1.596299030411448632e-07
-1.891056755631836950e-13
8.954837787359801140e-14
-1.596299030079396894e-07
1.931996229664889597e-13
3.890876526559280782e-13
1.867946994376649342e-07
-2.213114488782586972e-13
-2.589755027074851824e-13
-1.867946994375504789e-07
2.261139056353661984e-13
4.553005347781453276e-13
1.347291710327761516e-01
-1.596299030079396894e-07
-1.867946994375504789e-07
-1.347291710326943559e-01
-7.981987829418528489e-07
4.206603844329704196e-08
-1.630848837243875594e-07
1.931996229664889597e-13
2.261139056353661984e-13
1.630848837248136964e-07
-1.973976537783528329e-13
-7.083896029658731964e-13
-3.284047051099942395e-07
3.890876526559280782e-13
4.553005347781453276e-13
3.284047051097957691e-07
-3.975297760516822925e-13
-8.004858873893144128e-13
-1.034963897818638734e-01
-9.137715777716984315e-07
4.435491453978652389e-07
1.034963897817720718e-01
-2.038397515087406151e-07
-2.456677794916497316e-07
2.276624222283011736e-07
-5.007733594117325104e-13
-1.136091559952542967e-13
-2.276624222115488472e-07
4.483834907097888900e-13
5.404016930823117324e-13
5.165247873119788802e-08
-1.136091560192554591e-13
-2.579177931481767424e-14
-5.165247873114669547e-08
1.017347012064773543e-13
1.226088279346562441e-13
1.034963897817720718e-01
-2.276624222115488472e-07
-5.165247873114669547e-08
-1.034963897816803396e-01
-9.375942484900293364e-07
-1.462288871752294040e-07
-2.038397515087406151e-07
4.483834907097888900e-13
1.017347012064773543e-13
2.038397515099702952e-07
-4.014823141908901993e-13
-4.838367589449019612e-13
-2.456677794916497316e-07
5.404016930823117324e-13
1.226088279346562441e-13
2.456677794914379204e-07
-4.838367588729113985e-13
-5.831371793479009741e-13
-7.980534808069365826e-02
-1.311965551430854290e-06
7.421073280567469338e-07
7.980534808050464279e-02
-3.417825704957656172e-07
-4.992994574496711237e-07
2.498431152358130092e-07
-7.821708233358981577e-13
-4.653892806643659089e-13
-2.498431152484955806e-07
1.070016308630378221e-12
1.563137567073191153e-12
2.535199947235233553e-07
-7.936864324378230630e-13
-8.053680229144314010e-13
-2.535199947229459435e-07
1.085761535393790648e-12
1.586141221695548602e-12
7.980534808050464279e-02
-2.498431152484955806e-07
-2.535199947229459435e-07
-7.980534808031580774e-02
-1.220026096174763199e-06
1.071212411524356400e-08
-3.417825704957656172e-07
1.070016308630378221e-12
1.085761535393790648e-12
3.417825704919038881e-07
-1.463767150024219976e-12
-2.466634180023918961e-12
-4.992994574496711237e-07
1.563137567073191153e-12
1.586141221695548602e-12
4.992994574484672782e-07
-2.138336587077662908e-12
-3.123864831000019134e-12
1.143817362615823230e+00
1.812902626349020092e-03
-8.137185420444835752e-04
-1.143817363115142927e+00
5.590994410815649032e-04
2.660963297827850728e-04
-5.591325109843162198e-04
2.733208773059159213e-07
-1.442455083347081880e-07
5.591325112283766340e-04
-2.733047115288655959e-07
-1.300759315297952533e-07
2.950830326221833499e-04
-1.442455083344913475e-07
7.612578617111107863e-08
-2.950830327509970305e-04
1.442369769902676103e-07
6.864777054650833745e-08
-1.143817363115142927e+00
5.591325112283766340e-04
-2.950830327509970305e-04
1.143817363614463289e+00
1.812935696007717933e-03
8.427052447677182631e-04
5.590994410815649032e-04
-2.733047115288655959e-07
1.442369769902676103e-07
-5.590994413256182701e-04
2.732885470563273245e-07
1.300682382036758618e-07
2.660963297827850728e-04
-1.300759315297952533e-07
6.864777054650833745e-08
-2.660963298989486620e-04
1.300682382036758618e-07
6.190433794382112693e-08
1.329687100312112735e-01
5.107231991642015924e-07
-1.662180800598839000e-05
-1.329687100181944359e-01
4.300874717057951727e-07
1.682093694740850498e-05
-4.522368008358000900e-07
1.538047467164460613e-12
5.781382718203815210e-11
4.522368007052621484e-07
-1.462732712731451556e-12
-5.720922848846488166e-11
-1.702555467265504615e-05
5.790516671293112251e-11
2.179982945889640133e-09
1.702555467098840040e-05
-5.506914985639734597e-11
-2.153783311162252083e-09
-1.329687100181944359e-01
4.522368007052621484e-07
1.702555467098840040e-05
1.329687100051774873e-01
5.328725283549179138e-07
-1.722468361242846470e-05
4.300874717057951727e-07
-1.462732712731451556e-12
-5.506914985639734597e-11
-4.300874716450840862e-07
1.391074755385801609e-12
5.449864664527571132e-11
1.682093694740850498e-05
-5.720922848846488166e-11
-2.153783311162252083e-09
-1.682093694576180856e-05
5.440730711450847236e-11
2.127898526607472501e-09
-9.678877010133621339e-02
-1.099883380073199639e-06
4.900247645212702297e-07
9.678877010123351776e-02
-2.312398092324218901e-07
-2.699326044161247929e-07
2.309046199268064933e-07
-5.508639055050815205e-13
-1.184065927711439778e-13
-2.309046199205487198e-07
5.516463277170160617e-13
6.439755019554772590e-13
4.963643118793758946e-08
-1.184065927976137574e-13
-2.546689259214779399e-14
-4.963643118788709836e-08
1.185852143879967993e-13
1.384276062375323912e-13
9.678877010123351776e-02
-2.309046199205487198e-07
-4.963643118788709836e-08
-9.678877010113098867e-02
-1.099548190766440430e-06
-1.704557289174952562e-07
-2.312398092324218901e-07
5.516463277170160617e-13
1.185852143879967993e-13
2.312398092335656758e-07
-5.524815231089614762e-13
-6.448948479512033385e-13
-2.699326044161247929e-07
6.439755019554772590e-13
1.384276062375323912e-13
2.699326044158374900e-07
-6.448948478717939997e-13
-7.528319872877886620e-13
9.605456950390812709e-01
-6.019705603320902980e-03
1.486802424145009004e-03
-9.605457381198313493e-01
-5.997273410786598327e-03
-1.613181533651764261e-03
-5.979228092654236340e-03
3.721964375948519680e-05
-1.082682225357601245e-05
5.979228360824386489e-03
3.733197269247927477e-05
1.004177145800698098e-05
1.739297672811675188e-03
-1.082682225357590403e-05
3.149414348924128859e-06
-1.739297750819682143e-03
-1.085949761731595017e-05
-2.921050921006473899e-06
-9.605457381198313493e-01
5.979228360824386489e-03
-1.739297750819682143e-03
9.605457812005842033e-01
5.956796169099351154e-03
1.865676854670077689e-03
-5.997273410786598327e-03
3.733197269247927477e-05
-1.085949761731595017e-05
5.997273679766018661e-03
3.744464063443688645e-05
1.007207753727105883e-05
-1.613181533651764261e-03
1.004177145800698098e-05
-2.921050921006473899e-06
1.613181606003411938e-03
1.007207753727105883e-05
2.709246081797345163e-06
2.547343730039728360e-01
1.547456852946829499e-06
2.257041832505390574e-04
-2.547343730013442165e-01
2.352234705251677849e-07
-2.252258174312592772e-04
-1.083183147053170187e-06
4.605930525489968647e-12
-9.556632743186813106e-10
1.083183147083132706e-06
-1.000236097967914864e-12
9.577066715355225107e-10
2.247452675838723950e-04
-9.556632743186813106e-10
1.982866886938625638e-07
-2.247452675815543436e-04
2.075313274908004851e-10
-1.987106647360166109e-07
-2.547343730013442165e-01
1.083183147083132706e-06
-2.247452675815543436e-04
2.547343729987154859e-01
2.395416529476641640e-06
2.242669017622674077e-04
2.352234705251677849e-07
-1.000236097967914864e-12
2.075313274908004851e-10
-2.352234705233576755e-07
2.172378047577121912e-13
-2.079750692274067933e-10
-2.252258174312592772e-04
9.577066715355225107e-10
-1.987106647360166109e-07
2.252258174289340702e-04
-2.079750692274067933e-10
1.991355475659448669e-07
1.133243950923242954e-01
8.979986841868573855e-07
-1.036556936471281354e-05
-1.133243950906572262e-01
3.332734942826473121e-07
1.056159016525957539e-05
-3.351966491464783119e-07
9.914690179914394861e-13
3.182176699439108730e-11
3.351966491286431332e-07
-9.857630986986524441e-13
-3.123961559530495961e-11
-1.075840669804614523e-05
3.182176699439108730e-11
1.021345142140916984e-09
1.075840669788794658e-05
-3.163918831098571467e-11
-1.002660399151977799e-09
-1.133243950906572262e-01
3.351966491286431332e-07
1.075840669788794658e-05
1.133243950889901569e-01
8.999218390537518388e-07
-1.095442749843749178e-05
3.332734942826473121e-07
-9.857630986986524441e-13
-3.163918831098571467e-11
-3.332734942795838057e-07
9.801146970025796204e-13
3.106037369422200102e-11
1.056159016525957539e-05
-3.123961559530495961e-11
-1.002660399151977799e-09
-1.056159016510416009e-05
3.106037369422200102e-11
9.843175476087484554e-10
-2.999550748402259048e-02
-3.056278612401934381e-07
1.508551848042579313e-07
2.999550748399612901e-02
-9.140531615444907126e-08
-8.566558201391386615e-08
9.076013875980530681e-08
-2.746159961757033141e-13
-5.790859508434885449e-14
-9.076013876278802746e-08
2.765672890356341007e-13
2.591955982663993057e-13
1.913451813759187395e-08
-5.790859509262066061e-14
-1.221137044903704714e-14
-1.913451813756396488e-08
5.829450061911754628e-14
5.465083649115400119e-14
2.999550748399612901e-02
-9.076013876278802746e-08
-1.913451813756396488e-08
-2.999550748396970223e-02
-3.049826838461686695e-07
-4.605508465281642341e-08
-9.140531615444907126e-08
2.765672890356341007e-13
5.829450061911754628e-14
9.140531615383007547e-08
-2.785329475743503203e-13
-2.610579994662012837e-13
-8.566558201391386615e-08
2.591955982663993057e-13
5.465083649115400119e-14
8.566558201384966370e-08
-2.610579994422130460e-13
-2.446482670688709021e-13
-2.813233937682246485e-02
-2.991073510785294922e-07
1.385624174817951702e-07
2.813233937678783977e-02
-4.854186984902473209e-08
-8.157882049304697403e-08
5.332998225480247520e-08
-1.011064061363646808e-13
-4.172059258202353718e-14
-5.332998225565249924e-08
9.202361141165160987e-14
1.546459153818316871e-13
2.200708414846225071e-08
-4.172059258915796997e-14
-1.721561261602833071e-14
-2.200708414843562211e-08
3.797781951336629272e-14
6.381635671293128809e-14
2.813233937678783977e-02
-5.332998225565249924e-08
-2.200708414843562211e-08
-2.813233937675323898e-02
-3.038954634833072798e-07
-3.497651284038661662e-08
-4.854186984902473209e-08
9.202361141165160987e-14
3.797781951336629272e-14
4.854186985002467434e-08
-8.376697556717214767e-14
-1.407576767833862230e-13
-8.157882049304697403e-08
1.546459153818316871e-13
6.381635671293128809e-14
8.157882049294630946e-08
-1.407576767619829247e-13
-2.365639151583054378e-13
3.342884655082170586e-02
-1.577046085896325278e-06
-3.066673068024913498e-07
-2.346155847040191922e-02
2.362583984554485948e-07
1.440656313908932901e-08
-1.413994192296623881e-07
5.940139414952529361e-13
-5.432081293143076978e-13
9.923916273335298442e-08
-9.953484345677344960e-13
-6.258626777467136572e-14
1.214766931975079873e-07
-5.122329069272658304e-13
4.455056449724084549e-13
-8.525668201458526373e-08
8.569900777239308083e-13
4.832463468789630325e-14
-2.346155847040191922e-02
9.923916273335298442e-08
-8.525668201458526373e-08
1.646615969902670562e-02
-1.569136582396075858e-06
-4.826427072221533017e-07
2.362583984554485948e-07
-9.953484345677344960e-13
8.569900777239308083e-13
-1.658145823960764429e-07
1.665874173962598822e-12
1.034117606703957035e-13
1.440656313908932901e-08
-6.258626777467136572e-14
4.832463468789630325e-14
-1.011104055548710842e-08
1.034117606703957035e-13
1.019386382158439286e-14
-1.190868619403513684e-01
-1.108919510121076083e-06
6.098380681726590831e-07
1.185049525331594716e-01
-3.973136720229087817e-07
-3.424386281731652855e-07
3.804328232122618467e-07
-1.215271762623273073e-12
-3.760333966649894308e-13
-3.785738655331996425e-07
1.269223836698695350e-12
1.093964723214530463e-12
7.281673483934537952e-08
-2.325787087542926012e-13
-4.455310615055518236e-14
-7.246092108866148707e-08
2.429495255417641416e-13
2.093766298111503604e-13
1.185049525331594716e-01
-3.785738655331996425e-07
-7.246092108866148707e-08
-1.179258865845380644e-01
-1.161434439412006673e-06
-1.874093402823935286e-07
-3.973136720229087817e-07
1.269223836698695350e-12
2.429495255417641416e-13
3.953722272546630012e-07
-1.325596751362550311e-12
-1.042821272130773515e-12
-3.424386281731652855e-07
1.093964723214530463e-12
2.093766298111503604e-13
3.407653263842634704e-07
-1.142460419742326737e-12
-9.847090234902528007e-13
-3.348883011302804941e-02
-1.668990168018853622e-06
2.048354396585510579e-06
3.348046845235946173e-02
3.894298333315666222e-05
7.219934164198189566e-06
1.287447783198092841e-05
-4.949476598650536624e-09
-7.118358868734566222e-10
-1.287126326719990799e-05
-1.497127771037979952e-08
-2.775638383491554556e-09
1.851613063252177632e-06
-7.118358868734566222e-10
-1.023765655583375178e-10
-1.851150743127042129e-06
-2.153175744584132642e-09
-3.991935393354850703e-10
3.348046845235946173e-02
-1.287126326719990799e-05
-1.851150743127042129e-06
-3.347210887947284219e-02
-1.337480778519120042e-04
2.964822454552136206e-05
3.894298333315666222e-05
-1.497127771037979952e-08
-2.153175744584132642e-09
-3.893325985191177225e-05
-4.528542637402168657e-08
-8.395807644804816329e-09
7.219934164198189566e-06
-2.775638383491554556e-09
-3.991935393354850703e-10
-7.218131454478812839e-06
-8.395807644811592593e-09
-1.556562267968075730e-09
-3.493217237377881784e-02
5.511699001075398318e-08
1.256310744829657976e-07
3.403566921996408617e-02
1.833616989702423473e-06
-5.856595465947716981e-08
4.276189900107554681e-07
-5.234679320241331799e-12
-7.677736762176835426e-15
-4.166445287274922111e-07
-2.244606781871735792e-11
7.169326536232677439e-13
6.270744829658880237e-10
-7.677736770035051245e-15
-3.295974604355933479e-17
-6.109811737495674624e-10
-3.290890546922236474e-14
1.073793831629643591e-15
3.403566921996408617e-02
-4.166445287274922111e-07
-6.109811737495674624e-10
-3.316217402271734449e-02
-2.128486839505753465e-06
-6.249708850934079858e-08
1.833616989702423473e-06
-2.244606781871735792e-11
-3.290890546922236474e-14
-1.786558839505752204e-06
-9.624800042002304377e-11
3.074170896530025122e-12
-5.856595465947716981e-08
7.169326536232677439e-13
1.073793831629643591e-15
5.706291149065911529e-08
3.074170896551531818e-12
-9.814718482381579179e-14
-3.250264491441814257e-02
-1.667221860228247209e-07
6.910874301001683406e-08
3.155044556353713003e-02
-5.219596463985279921e-08
-3.812625284044028568e-08
6.118314731050892765e-08
-1.151737128078997324e-13
-3.824959404710509193e-15
-5.939072231844738635e-08
9.825596541244247257e-14
7.178337496868134113e-14
2.034076343350286934e-09
-3.824959408019231643e-15
-1.342613936586608348e-16
-1.974485926051127993e-09
3.278543495975559811e-15
2.383883546316923358e-15
3.155044556353713003e-02
-5.939072231844738635e-08
-1.974485926051127993e-09
-3.062614189949047078e-02
-1.329778380051991504e-07
-2.629002938433800870e-08
-5.219596463985279921e-08
9.825596541244247257e-14
3.278543495975559811e-15
5.066682866146795804e-08
-8.381968869883044004e-14
-6.120616790748999837e-14
-3.812625284044028568e-08
7.178337496868134113e-14
2.383883546316923358e-15
3.700930394899526425e-08
-6.120616789590946980e-14
-4.471162393295975155e-14
-2.992386454502798249e-02
-6.609497662754921695e-08
2.808089766079138148e-08
2.976818510799000839e-02
-2.588026536011984856e-08
-1.891285784154657201e-08
2.123769003911701558e-08
-1.507211925131678023e-14
-3.195869062775803298e-15
-2.112720057360557881e-08
1.836971239444042667e-14
1.343255000597692231e-14
4.506230994124587361e-09
-3.195869064223369370e-15
-6.802672314743187254e-16
-4.482787247302746351e-09
3.904391685946262339e-15
2.839940354457338728e-15
2.976818510799000839e-02
-2.112720057360557881e-08
-4.482787247302746351e-09
-2.961331559598967197e-02
-5.851037717760641455e-08
-1.084620330411948214e-08
-2.588026536011984856e-08
1.836971239444042667e-14
3.904391685946262339e-15
2.574562282239317208e-08
-2.238726393271221593e-14
-1.634108493952787619e-14
-1.891285784154657201e-08
1.343255000597692231e-14
2.839940354457338728e-15
1.881446336254731765e-08
-1.634108493415120220e-14
-1.194630869546887219e-14
-2.174794813410960148e-02
1.056879652197690537e-04
4.389368159126892047e-05
2.142481350488648073e-02
1.201151434855906214e-05
4.517393079505522107e-06
1.059611532197690773e-04
-5.162678300707670813e-07
-2.133951007854034171e-07
-1.043867647879670457e-04
-5.852294223515238888e-08
-2.200980880988426749e-08
4.379818159126892113e-05
-2.133951121114129918e-07
-8.820513543291480848e-08
-4.314742092723436451e-05
-2.418998259402991786e-08
-9.097575597396521994e-09
2.142481350488648073e-02
-1.043867647879670457e-04
-4.314742092723436451e-05
-2.110648006370922578e-02
-1.211585927131352805e-05
-4.544626235395035896e-06
1.201151434855906214e-05
-5.852294223515238888e-08
-2.418998259402991786e-08
-1.183304527131352632e-05
-6.634027090601976302e-09
-2.494981670028559027e-09
4.517393079505522107e-06
-2.200980880988426749e-08
-9.097575597396521994e-09
-4.450272902061697606e-06
-2.494981670028559027e-09
-9.383340411609428309e-10
5.253307107921489916e-01
-4.338701704031839412e+00
5.830924485274785463e-01
-2.256270159957942112e-01
1.492800940136631838e-01
-3.725645260938492687e-03
5.713693622116227111e-01
5.677159676305354452e-02
-2.539158852902725361e-01
1.969012112988195451e-01
7.852514307244677916e+00
1.822101788165891301e-01
-8.642690258155699690e-03
2.877558154495619691e-01
-3.400938469723575192e-02
4.305553955860379922e+00
-6.698807832666732409e+00
2.037133875866461719e-01
5.978529405170608380e-01
-9.086704850907687536e-01
8.703630397544532826e-01
-2.000485546798829728e-01
1.276835596639237236e-01
-6.707701725693239816e-03
1.149310890487729303e-03
1.056951951415234126e+00
-3.749779384914916913e-01
-2.256270159957942112e-01
-8.642690258155699690e-03
-2.000485546798829728e-01
2.812665893584398447e-01
5.308884701338656420e-01
4.124055937907931957e-02
-3.498504845923469664e-01
-5.273157246923587671e-02
-3.115212279489311051e-03
1.492800940136631838e-01
2.877558154495619691e-01
1.276835596639237236e-01
-8.474030913013562427e-02
5.218062791959450497e-02
2.912032895432313875e-02
3.022823965997070705e-01
-1.887667325380366634e-01
-4.890160537564083865e-02
-3.725645260938492687e-03
-3.400938469723575192e-02
-6.707701725693239816e-03
-1.826834808728830875e-02
4.063318123575230569e-04
2.244680029028707155e-03
-5.832913899753069259e-03
2.380653682720949849e-02
1.280121664120224129e-02
5.713693622116227111e-01
4.305553955860379922e+00
1.149310890487729303e-03
-3.498504845923469664e-01
3.022823965997070705e-01
-5.832913899753069259e-03
2.886942425357525988e+00
1.724833206128106866e+00
1.143173112380224676e+00
5.677159676305354452e-02
-6.698807832666732409e+00
1.056951951415234126e+00
-5.273157246923587671e-02
-1.887667325380366634e-01
2.380653682720949849e-02
-3.502126448341210008e+00
5.819221110983266776e+00
-1.297833282439192715e+00
-2.539158852902725361e-01
2.037133875866461719e-01
-3.749779384914916913e-01
-3.115212279489311051e-03
-4.890160537564083865e-02
1.280121664120224129e-02
-2.846634180186945889e-02
-3.089924480475757518e-01
2.063474128493628656e-01
9.640129606170499965e-01
-8.051310229046032552e-01
2.183117373601030364e-01
-3.130186340070429951e-01
2.699446891493707465e-02
-2.679632647310203637e-03
-1.562779388218612786e-01
1.697203531539815680e-01
-8.416901493802844691e-02
8.608389184980661524e-01
1.871082207778939743e+00
-5.671913381556707989e-01
-9.697192979996256679e-02
1.107746448880355707e-02
-7.935659604073492038e-03
6.088284889039553560e-01
-1.144965602225524126e+00
5.240850594058378276e-01
4.516447268570512041e-01
1.818925561286671433e-01
2.609172803791173778e-01
-1.643749150106519896e-01
1.369451768667183031e-02
-5.615706945636669487e-04
-3.075872596930946945e-01
3.857717483450686657e-01
-1.554806834910550939e-01
-3.130186340070429951e-01
-9.697192979996256679e-02
-1.643749150106519896e-01
2.058667961740154317e-01
2.465819262698437653e-01
3.191507054005349175e-02
-1.537343730087933902e-01
-9.067903427317594578e-02
1.434111229053600667e-01
2.699446891493707465e-02
1.107746448880355707e-02
1.369451768667183031e-02
-1.705337749148804621e-02
1.417802462521372889e-03
5.985933240744804873e-03
1.398752712261800563e-02
5.234560225178879964e-03
-1.083484239134968434e-02
-2.679632647310203637e-03
-7.935659604073492038e-03
-5.615706945636669487e-04
-1.686494250413230270e-03
1.262367054675151909e-04
7.160768399462039049e-05
3.944001912314749718e-03
2.080523981038700718e-03
-3.152232410952627434e-03
-1.562779388218612786e-01
6.088284889039553560e-01
-3.075872596930946945e-01
-1.537343730087933902e-01
1.398752712261800563e-02
3.944001912314749718e-03
1.990823345072240347e+00
1.191532351408392421e+00
8.554151774016378607e-01
1.697203531539815680e-01
-1.144965602225524126e+00
3.857717483450686657e-01
-9.067903427317594578e-02
5.234560225178879964e-03
2.080523981038700718e-03
-1.702634095012259374e+00
1.988330341132870549e+00
5.976625204589246232e-02
-8.416901493802844691e-02
5.240850594058378276e-01
-1.554806834910550939e-01
1.434111229053600667e-01
-1.083484239134968434e-02
-3.152232410952627434e-03
3.456817373337296440e-01
-6.788139138086789481e-01
3.369329217061203252e-01
5.074259880692122415e-01
-1.190643184360766077e-01
-5.291411015159709630e-02
-4.391776438207846689e-01
-1.211379901301850616e-02
1.692864137236357175e-02
-3.099368652467967417e-02
7.030945082837160298e-02
-2.881117836740826332e-02
9.140155613192314787e-02
3.843011366089878478e-01
-3.301363839037458892e-01
-9.736682202820248766e-02
-6.793163518268243058e-03
7.287103286237666018e-03
4.951823458254654697e-02
-3.248466094742153976e-01
1.282736406159527484e-02
1.709506763734127410e-01
-9.790889532203637946e-02
1.081403140927177375e-01
-1.457405787706081146e-01
9.138871552931620429e-03
-4.695448956885185307e-03
-1.494464586872281536e-02
1.456688036848709511e-01
-1.754208838882098664e-02
-4.391776438207846689e-01
-9.736682202820248766e-02
-1.457405787706081146e-01
3.841690162941159281e-01
7.730710119737486952e-02
7.347039759451052914e-03
1.291667107861655013e-02
-4.704136788236060185e-02
2.519999531085537203e-02
-1.211379901301850616e-02
-6.793163518268243058e-03
9.138871552931620429e-03
1.936891113374612262e-03
2.476859514935521311e-02
-1.835424882164469682e-02
3.114010472030151466e-02
1.073851340552661564e-02
-2.760939872773907847e-03
1.692864137236357175e-02
7.287103286237666018e-03
-4.695448956885185307e-03
-8.120208015212501684e-03
-1.921736000621530535e-02
1.502465928473591637e-02
-2.428251587281347185e-02
-7.831080098255881541e-03
1.722128561737151439e-03
-3.099368652467967417e-02
4.951823458254654697e-02
-1.494464586872281536e-02
1.291667107861655013e-02
3.114010472030151466e-02
-2.428251587281347185e-02
4.972869045941274990e-02
-1.839499747023343457e-01
1.182177463010639917e-01
7.030945082837160298e-02
-3.248466094742153976e-01
1.456688036848709511e-01
-4.704136788236060185e-02
1.073851340552661564e-02
-7.831080098255881541e-03
-4.443126058833403447e-02
3.221716908067399077e-01
-4.980107259787633911e-01
-2.881117836740826332e-02
1.282736406159527484e-02
-1.754208838882098664e-02
2.519999531085537203e-02
-2.760939872773907847e-03
1.722128561737151439e-03
3.556658145874459082e-04
-2.160407489976510012e-02
2.943688621560122676e-03
4.649319577248559598e-01
1.399951803056725952e-01
3.750238623077500194e-02
-4.710792401764329340e-01
5.979024892183873105e-03
-1.000901045349394426e-02
-8.928641732783395776e-03
1.261681746558537820e-03
3.534888590965459647e-03
-8.202410403660275601e-03
1.032171181341875847e-02
-5.680187784832717648e-03
8.692024387905342847e-03
-8.009577059182653933e-03
1.737910516333339428e-02
1.246333755042812984e-02
1.464449350806640293e-03
-7.147315839650661938e-03
-1.939240823940101971e-02
-1.302331521279686578e-02
1.540017829547550522e-03
6.622610851708575323e-03
1.459251003157830198e-02
-3.297580504422516212e-02
-2.241269815235872806e-02
-3.439494321404602990e-03
2.772781895761121732e-02
-4.710792401764329340e-01
8.692024387905342847e-03
6.622610851708575323e-03
4.679953345155289379e-01
3.736776583254657752e-02
8.530373063340529818e-03
4.575340358486974270e-03
-2.290738355566632623e-03
9.980935040360020688e-03
5.979024892183873105e-03
-8.009577059182653933e-03
1.459251003157830198e-02
-3.032048312786623286e-03
5.032424786060368457e-03
-1.039791493326598995e-02
-7.915482136342641764e-03
-7.580167495380479761e-04
6.227485885620207429e-04
-1.000901045349394426e-02
1.737910516333339428e-02
-3.297580504422516212e-02
2.742894850796912150e-03
-1.062454469902026494e-02
2.235795339187806458e-02
1.673990884229639708e-02
1.564851153197205922e-03
-1.277778411223861850e-04
-8.928641732783395776e-03
1.246333755042812984e-02
-2.241269815235872806e-02
4.575340358486974270e-03
-7.915482136342641764e-03
1.673990884229639708e-02
1.244308597816466688e-02
1.407296517487455906e-02
1.977816853619546525e-02
1.261681746558537820e-03
1.464449350806640293e-03
-3.439494321404602990e-03
-2.290738355566632623e-03
-7.580167495380479761e-04
1.564851153197205922e-03
1.208647322207847402e-03
9.830055173374154312e-05
2.490438786534329013e-02
3.534888590965459647e-03
-7.147315839650661938e-03
2.772781895761121732e-02
9.980935040360020688e-03
6.227485885620207429e-04
-1.277778411223861850e-04
-1.322261021525454085e-03
5.580981371248010248e-04
-1.554217239870458143e-02
3.080774721334797461e-01
-3.247209690527380101e-03
1.057461103319926182e-01
-2.322118039921680990e-02
-1.272019868157696354e-02
-1.831030248930667209e-02
-7.601012348714657196e-02
-3.297942811097570072e-03
-1.006258990224350447e-01
-1.062306120553630912e-01
8.486883336880587936e-02
1.020588250628120530e-01
-1.004843411971938771e-01
3.790207176430138158e-01
8.250354437973159150e-02
-3.540640733913640731e-02
-2.093989736239340593e-01
3.579236051070334990e-03
1.808594574038875635e-02
-4.012576559786775604e-02
1.665870836536161026e-02
1.023393699123108236e-01
-1.007731922899842425e-01
-8.217681788128816667e-02
-7.345912103013242656e-02
3.478210391564495046e-02
6.384830343556562315e-01
1.189304998723293011e-02
5.483942787216294218e-02
-4.599523952915805791e-02
-1.295346240610135147e-01
-7.235155797391684858e-03
-2.469426386681371766e-01
1.165985491861411261e-01
-9.243501622471188284e-02
-1.764464734152232095e-01
-2.322118039921680990e-02
-3.540640733913640731e-02
1.189304998723293011e-02
1.309253712759644861e-02
-2.022821735441988206e-02
-1.252036761981222684e-03
9.339300072282393644e-03
2.131372246669895054e-02
-3.138662345568489151e-03
-3.154014274378384719e-03
8.281624349884978212e-03
-7.917293744614995257e-03
-1.272019868157696354e-02
-2.093989736239340593e-01
5.483942787216294218e-02
1.712184494158014436e-02
1.614121844756349344e-01
-1.493811787912233124e-01
-9.925967942465949850e-03
-5.042857599146296360e-03
-3.144546627178201534e-03
-2.719632331068597489e-03
7.500603910504329702e-03
4.400677879547776339e-02
-1.831030248930667209e-02
3.579236051070334990e-03
-4.599523952915805791e-02
5.487829517352111296e-03
-7.702080603969312100e-03
1.179616714286488288e-02
2.570093324918742289e-02
1.311001670819954106e-02
1.096331174322886723e-02
1.581207695589885096e-02
-1.025353954506857262e-02
2.850591385546161552e-02
-7.601012348714657196e-02
1.808594574038875635e-02
-1.295346240610135147e-01
9.339300072282393644e-03
-9.925967942465949850e-03
2.570093324918742289e-02
2.023545951701020418e-01
7.725367919257455224e-03
2.348358055612656259e-01
4.918939786788480498e-03
7.338541757776873009e-03
3.225091188723579194e-02
-3.297942811097570072e-03
-4.012576559786775604e-02
-7.235155797391684858e-03
2.131372246669895054e-02
-5.042857599146296360e-03
1.311001670819954106e-02
-1.186288287607589059e-02
5.417924539036683695e-02
-4.515127386950273762e-03
-1.171011115261259665e-02
1.895776008842564933e-02
-1.108253058513848296e-03
-1.006258990224350447e-01
1.665870836536161026e-02
-2.469426386681371766e-01
-3.138662345568489151e-03
-3.144546627178201534e-03
1.096331174322886723e-02
-9.667509861357950762e-02
1.343332911362894212e-02
3.897351339419250493e-01
-2.544719087562800561e-02
5.199989294075861232e-03
-1.158271705594184769e-02
-1.062306120553630912e-01
1.023393699123108236e-01
1.165985491861411261e-01
-3.154014274378384719e-03
-2.719632331068597489e-03
1.581207695589885096e-02
4.918939786788480498e-03
-1.171011115261259665e-02
-2.544719087562800561e-02
1.948775467486133506e-01
-1.071550576213282924e-01
-1.796442084613388279e-01
8.486883336880587936e-02
-1.007731922899842425e-01
-9.243501622471188284e-02
8.281624349884978212e-03
7.500603910504329702e-03
-1.025353954506857262e-02
7.338541757776873009e-03
1.895776008842564933e-02
5.199989294075861232e-03
-1.645981358626614488e-01
1.421993290663991771e-01
1.587886053919479734e-01
1.020588250628120530e-01
-8.217681788128816667e-02
-1.764464734152232095e-01
-7.917293744614995257e-03
4.400677879547776339e-02
2.850591385546161552e-02
3.225091188723579194e-02
-1.108253058513848296e-03
-1.158271705594184769e-02
9.586972666181148295e-02
-7.951227243804200040e-02
2.788757054658870249e-01
3.099709779695170031e-01
7.075250800289500930e-02
9.235384023059217684e-02
-1.915954146158785343e-02
8.121512302581667189e-03
1.020081853158291783e-03
-2.892711140168256409e-02
-2.072631010726933704e-02
-1.446168088663146167e-01
-1.305981283717249086e-01
7.981679724926107888e-02
8.131773814075456130e-02
-9.124568476577162024e-02
1.870527543568159534e-01
8.767472035915624406e-02
-2.480834744954068735e-02
-8.287111693548072922e-03
-2.284166736813141117e-03
3.353923398394865682e-03
-3.360657383349848620e-02
3.807511902053246217e-02
7.223071976337813727e-02
-8.785510739977282768e-02
-7.408254107436609837e-02
-9.293513530572017345e-02
7.699528883128864409e-02
5.954288659939933614e-01
8.592001385316041379e-03
-4.906385622186533284e-03
-2.534123586547306489e-02
-8.226494395225583678e-02
-1.416402979727324207e-03
-2.752866302928537179e-01
1.201192827134224261e-01
-6.829519287848684339e-02
-2.105591705885180853e-01
-1.915954146158785343e-02
-2.480834744954068735e-02
8.592001385316041379e-03
1.290099177876122098e-02
-1.921002746194535845e-03
3.519910961171902712e-03
5.291685307049912371e-04
1.328240454289712595e-02
4.005386057971601146e-03
5.754414286112595651e-03
1.218341640655255104e-02
-1.552528523731751611e-03
8.121512302581667189e-03
-8.287111693548072922e-03
-4.906385622186533284e-03
-7.760476019527887646e-03
1.289543011389321543e-02
4.540784421735724434e-03
5.956262875202115569e-04
-4.198619766565018716e-03
-5.556208704093909025e-03
-8.777338477990302701e-03
-4.764807823284812963e-03
7.854480051773896424e-03
1.020081853158291783e-03
-2.284166736813141117e-03
-2.534123586547306489e-02
3.775916650221442482e-03
-4.298404835296246694e-03
2.778424136355262322e-02
1.485643843705474615e-02
2.422520171935299560e-02
7.387422825530215627e-03
-6.234926261331731438e-03
-1.388402919674674128e-02
1.275184035795105288e-02
-2.892711140168256409e-02
3.353923398394865682e-03
-8.226494395225583678e-02
5.291685307049912371e-04
5.956262875202115569e-04
1.485643843705474615e-02
4.362372654581836429e-02
-1.067237576200915500e-02
3.241783534415972334e-01
3.968689998807437003e-02
-4.555912547065261303e-02
8.991770435989705768e-02
-2.072631010726933704e-02
-3.360657383349848620e-02
-1.416402979727324207e-03
1.328240454289712595e-02
-4.198619766565018716e-03
2.422520171935299560e-02
-1.648475490675822830e-03
4.183656061012279437e-02
-9.252712521985383132e-02
-2.786132296756353710e-02
1.956755652766486303e-02
-3.335959562866940009e-02
-1.446168088663146167e-01
3.807511902053246217e-02
-2.752866302928537179e-01
4.005386057971601146e-03
-5.556208704093909025e-03
7.387422825530215627e-03
2.545183596802850015e-02
2.622570761235067799e-02
3.141572129727954188e-01
-5.064441262771624680e-02
4.503847931589945869e-02
-5.277171156439081079e-02
-1.305981283717249086e-01
7.223071976337813727e-02
1.201192827134224261e-01
5.754414286112595651e-03
-8.777338477990302701e-03
-6.234926261331731438e-03
3.968689998807437003e-02
-2.786132296756353710e-02
-5.064441262771624680e-02
1.565495285912065493e-01
-1.141646236337068437e-01
-2.047526502802790305e-01
7.981679724926107888e-02
-8.785510739977282768e-02
-6.829519287848684339e-02
1.218341640655255104e-02
-4.764807823284812963e-03
-1.388402919674674128e-02
-4.555912547065261303e-02
1.956755652766486303e-02
4.503847931589945869e-02
-1.134026688103734887e-01
1.260625556691369331e-01
1.823979346289674452e-01
8.131773814075456130e-02
-7.408254107436609837e-02
-2.105591705885180853e-01
-1.552528523731751611e-03
7.854480051773896424e-03
1.275184035795105288e-02
8.991770435989705768e-02
-3.335959562866940009e-02
-5.277171156439081079e-02
6.152414741212039462e-02
-6.579280638797338487e-02
2.948895357610116785e-01
3.166236692131713104e-01
5.776538419208521180e-02
2.389198600350143573e-02
-1.782070918772317089e-02
1.084999204372255957e-02
-1.938607355715126369e-03
-5.625428364131946496e-02
-1.380766151652891571e-02
-1.476113735387262760e-01
-1.266906308460574171e-01
7.357664752592611712e-02
7.957867656245122545e-02
-1.058659354832486299e-01
1.489774891265157608e-01
7.587832737476463141e-02
-2.249597822620384366e-02
1.179691346861324285e-02
-5.656558409070608015e-03
1.153942471002946009e-02
-3.600662271263998376e-02
2.986603678448849358e-02
6.080495191276572009e-02
-7.864884138269449820e-02
-7.336987586292972874e-02
-3.209394319414306251e-02
7.504065349946720254e-02
5.812872887903335339e-01
6.316554736935538032e-03
-7.230533304369196439e-03
-2.196778775593475480e-02
-9.542436387072830706e-02
2.077068644261199568e-03
-2.751140787286410760e-01
1.173724139719754256e-01
-6.503493619206607290e-02
-2.122868600752110813e-01
-1.782070918772317089e-02
-2.249597822620384366e-02
6.316554736935538032e-03
8.396226557825363715e-03
1.867035482628265439e-03
2.286521274804740288e-03
1.075214708379035235e-03
1.277433606342745324e-02
3.101588104713856250e-03
4.920889381752051317e-03
8.497377413704340285e-03
-8.442051165409312011e-04
1.084999204372255957e-02
1.179691346861324285e-02
-7.230533304369196439e-03
-1.645133966705089688e-03
-1.657293157333385863e-02
6.991596232211325784e-03
1.889931849221464927e-03
-4.633380757728974494e-03
-4.004736137793153900e-04
-3.698813193138868628e-03
-5.998598401146339187e-03
2.969196592730283593e-03
-1.938607355715126369e-03
-5.656558409070608015e-03
-2.196778775593475480e-02
2.719962778953032533e-03
-3.796972157249663832e-03
2.065693813059478814e-02
1.502095529529314313e-02
1.893138311610436178e-02
6.061724288082800775e-03
-8.943314088472676185e-03
-1.210492969382567091e-02
1.181830464662124436e-02
-5.625428364131946496e-02
1.153942471002946009e-02
-9.542436387072830706e-02
1.075214708379035235e-03
1.889931849221464927e-03
1.502095529529314313e-02
5.983668878706406569e-02
-2.497403783620657375e-02
3.169573107418128255e-01
4.529586461551618481e-02
-5.192455275630251943e-02
9.450063818108384028e-02
-1.380766151652891571e-02
-3.600662271263998376e-02
2.077068644261199568e-03
1.277433606342745324e-02
-4.633380757728974494e-03
1.893138311610436178e-02
-8.647341838873286168e-03
4.264684657481031260e-02
-1.096898956028918987e-01
-3.149494465610118421e-02
2.904668969833418268e-02
-4.097842913369498241e-02
-1.476113735387262760e-01
2.986603678448849358e-02
-2.751140787286410760e-01
3.101588104713856250e-03
-4.004736137793153900e-04
6.061724288082800775e-03
2.760293688504786985e-02
2.860625431515535777e-02
3.002212932199190276e-01
-6.821301512574079462e-02
6.230047329176699455e-02
-6.561916563524614054e-02
-1.266906308460574171e-01
6.080495191276572009e-02
1.173724139719754256e-01
4.920889381752051317e-03
-3.698813193138868628e-03
-8.943314088472676185e-03
4.529586461551618481e-02
-3.149494465610118421e-02
-6.821301512574079462e-02
1.434059671496723254e-01
-1.155174479198728815e-01
-2.172130492520326084e-01
7.357664752592611712e-02
-7.864884138269449820e-02
-6.503493619206607290e-02
8.497377413704340285e-03
-5.998598401146339187e-03
-1.210492969382567091e-02
-5.192455275630251943e-02
2.904668969833418268e-02
6.230047329176699455e-02
-1.032267817598729737e-01
1.135364182984335002e-01
1.925785862994567332e-01
7.957867656245122545e-02
-7.336987586292972874e-02
-2.122868600752110813e-01
-8.442051165409312011e-04
2.969196592730283593e-03
1.181830464662124436e-02
9.450063818108384028e-02
-4.097842913369498241e-02
-6.561916563524614054e-02
4.723041096292155544e-02
-5.928428061295609730e-02
2.934586406399642966e-01
3.163300613658231453e-01
3.898455963799495050e-02
1.004632910384739911e-02
-8.172451749498488294e-03
-1.678410398046675453e-03
-1.788138092979469490e-03
-9.547668752712784590e-02
-1.889023653350965781e-02
-1.383644083521519408e-01
-1.148047863610377750e-01
6.042173891328910668e-02
8.577080385912304317e-02
-1.342697301366723162e-01
1.139048221275685280e-01
4.961771255711082407e-02
-1.671306132502653474e-02
1.220889072294482555e-02
-5.268331303575999637e-03
1.382655235425510158e-02
-1.872705737785393398e-02
3.101560449812852324e-02
6.738690785086948187e-02
-6.752711906173566869e-02
-8.554531411283715359e-02
-3.932787099717861660e-03
5.126189875967993026e-02
5.459175078769740175e-01
1.747287698001144876e-03
-1.472039800288011931e-03
-1.846783629261609244e-02
-1.759904719447214494e-01
-3.583012100889893664e-03
-3.040749298331540951e-01
1.596699060836174466e-01
-8.693721977567230030e-02
-2.802693687354136931e-01
-8.172451749498488294e-03
-1.671306132502653474e-02
1.747287698001144876e-03
7.829166997083247814e-03
-7.404225738131183301e-03
8.232991748302635401e-04
1.200623570793897012e-03
1.194850058971813449e-02
-1.416551539239922948e-03
4.672089052214732467e-03
8.433972009058285021e-03
-8.184276312768945169e-04
-1.678410398046675453e-03
1.220889072294482555e-02
-1.472039800288011931e-03
-4.256474010797864881e-03
2.424888429914916210e-03
8.184016870195818735e-03
2.446006669469799610e-03
-6.822555646948467133e-03
4.938339023839397393e-03
-1.099800569132021628e-03
-5.043521042513586863e-03
5.824502750235395140e-04
-1.788138092979469490e-03
-5.268331303575999637e-03
-1.846783629261609244e-02
1.420496437160762709e-03
-7.954138944986487852e-04
4.818579909868396689e-03
4.104942203617266590e-03
7.888381365695187539e-03
7.428033382563742956e-04
-5.012465757273248251e-03
-8.632513706223542832e-03
3.505458130174996575e-03
-9.547668752712784590e-02
1.382655235425510158e-02
-1.759904719447214494e-01
1.200623570793897012e-03
2.446006669469799610e-03
4.104942203617266590e-03
4.873939325437295911e-02
-3.441284231491664736e-02
2.711615750277587833e-01
7.590887344702504369e-02
-7.814429158446145607e-02
5.364766413815015567e-02
-1.889023653350965781e-02
-1.872705737785393398e-02
-3.583012100889893664e-03
1.194850058971813449e-02
-6.822555646948467133e-03
7.888381365695187539e-03
4.387095831749990640e-03
3.453937369591308926e-02
-1.199507909639641184e-01
-4.162090254711373061e-02
4.213406571455075716e-02
-3.408562446417687936e-02
-1.383644083521519408e-01
3.101560449812852324e-02
-3.040749298331540951e-01
-1.416551539239922948e-03
4.938339023839397393e-03
7.428033382563742956e-04
1.428787703888003899e-02
5.779711511109461575e-02
2.458359381862229576e-01
-4.245992677627095230e-02
4.281260553616628162e-02
-1.090176728866198291e-01
-1.148047863610377750e-01
6.738690785086948187e-02
1.596699060836174466e-01
4.672089052214732467e-03
-1.099800569132021628e-03
-5.012465757273248251e-03
7.590887344702504369e-02
-4.162090254711373061e-02
-4.245992677627095230e-02
1.004641171859706195e-01
-8.821301675064890935e-02
-1.897084015409946089e-01
6.042173891328910668e-02
-6.752711906173566869e-02
-8.693721977567230030e-02
8.433972009058285021e-03
-5.043521042513586863e-03
-8.632513706223542832e-03
-7.814429158446145607e-02
4.213406571455075716e-02
4.281260553616628162e-02
-4.867201022398239679e-02
8.070414369117587250e-02
1.588833855739414380e-01
8.577080385912304317e-02
-8.554531411283715359e-02
-2.802693687354136931e-01
-8.184276312768945169e-04
5.824502750235395140e-04
3.505458130174996575e-03
5.364766413815015567e-02
-3.408562446417687936e-02
-1.090176728866198291e-01
6.265789645644365136e-02
-8.975123721468147853e-02
2.544480526404829246e-01
5.984479958198194449e-01
4.271329384337965024e-03
7.564644915028367889e-03
-5.984480098232929368e-01
1.317048445516623076e-03
-2.412831384800165520e-03
-1.316707324328695271e-03
2.897023952008748182e-06
5.557854227255121932e-06
1.316707355139092473e-03
-2.897774487989335235e-06
5.308719853524754284e-06
-2.526063812304956205e-03
5.557854227254254570e-06
1.066257791552073026e-05
2.526063871413947344e-03
-5.559294108280297270e-06
1.018462103452925216e-05
-5.984480098232929368e-01
1.316707355139092473e-03
2.526063871413947344e-03
5.984480238267673169e-01
4.270988232331550567e-03
-7.677877286073725091e-03
1.317048445516623076e-03
-2.897774487989335235e-06
-5.559294108280297270e-06
-1.317048476335109511e-03
2.898525218543446247e-06
-5.310095190973933635e-06
-2.412831384800165520e-03
5.308719853524754284e-06
1.018462103452925216e-05
2.412831441259597701e-03
-5.310095190972198911e-06
9.728088876814672866e-06
-5.414837245738197188e-04
2.652913281386053905e-04
2.072566959833395731e-04
5.414959813010356742e-04
-5.584426605618011442e-08
-6.988470873553216481e-06
-2.903855528061076040e-06
-1.557272462371361854e-08
-3.742200007408576570e-08
2.903921258134756255e-06
-2.994802530964513210e-10
-3.747759878179818607e-08
-6.978103349993912188e-06
-3.742200007408576570e-08
-8.992685123868242046e-08
6.978261302495719446e-06
-7.196653018523915812e-10
-9.006045758195315645e-08
5.414959813010356742e-04
2.903921258134756255e-06
6.978261302495719446e-06
-5.415082383056653553e-04
2.682510291967842085e-04
-2.072461702726050849e-04
-5.584426605618011442e-08
-2.994802530964513210e-10
-7.196653018523915812e-10
5.584553011778940583e-08
-5.759313165265567136e-12
-7.207345430106787409e-10
-6.988470873553216481e-06
-3.747759878179818607e-08
-9.006045758195315645e-08
6.988629060728388464e-06
-7.207345430106787409e-10
-9.019426242476292660e-08
2.336180395557826972e-01
-2.567818679559415011e-05
1.914197477651687768e-02
-2.336180288337537936e-01
-2.052993276310376299e-04
-6.531110352778032174e-03
2.053048758710725673e-04
1.804231046231841162e-07
1.119501500057496401e-05
-2.053048664485417237e-04
-1.804182288150935065e-07
-5.739577315276009123e-06
-6.531842223983877829e-03
-5.740220487883616299e-06
1.826270048330152389e-04
6.531841924201350902e-03
5.740065361902491081e-06
1.826065420841479754e-04
-2.336180288337537936e-01
-2.053048664485417237e-04
6.531841924201350902e-03
2.336180181117255839e-01
-2.568374445793784595e-05
-1.914270694747161050e-02
-2.052993276310376299e-04
-1.804182288150935065e-07
5.740065361902491081e-06
2.052993182087289121e-04
1.804133531041474114e-07
-1.119581328177810800e-05
-6.531110352778032174e-03
-5.739577315276009123e-06
1.826065420841479754e-04
6.531110053029143270e-03
5.739422206677924441e-06
1.825860816283409035e-04
-1.527562942936632195e-01
-2.146082901329554896e-06
8.638167082855395030e-07
1.527562942933790857e-01
-5.010348528810559897e-07
-4.674677378350360355e-07
4.975777653371013567e-07
-1.620779899180746497e-12
3.807348583526813139e-13
-4.975777653312991810e-07
1.631979273941652764e-12
1.522733796887609845e-12
7.350504161911326747e-08
-2.394333502575001895e-13
-3.539238829137478766e-14
-7.350504161897776867e-08
2.410987777439995739e-13
2.249330469224669079e-13
1.527562942933790857e-01
-4.975777653312991810e-07
-7.350504161897776867e-08
-1.527562942930952017e-01
-2.142625813769127484e-06
-3.228439288322591102e-07
-5.010348528810559897e-07
1.631979273941652764e-12
2.410987777439995739e-13
5.010348528975283453e-07
-1.643352121050156711e-12
-2.153421534674779164e-12
-4.674677378350360355e-07
1.522733796887609845e-12
2.249330469224669079e-13
4.674677378341672973e-07
-1.533255394052111400e-12
-1.430562407229441108e-12
-7.997400268913605614e-02
-1.293501622521403349e-06
8.795335885309505135e-07
7.997400268877866147e-02
-3.006123049996398390e-07
-6.238877360793567729e-07
2.908600441452612794e-07
-1.057841504279941058e-12
-1.003224735138548539e-12
-2.908600441318839292e-07
1.093318530598786503e-12
2.269033121164123446e-12
3.699839218643978812e-07
-1.345607136074969674e-12
-1.711669930993555306e-12
-3.699839218627474904e-07
1.390727600375379550e-12
2.886293086135844246e-12
7.997400268877866147e-02
-2.908600441318839292e-07
-3.699839218627474904e-07
-7.997400268842135007e-02
-1.283749361667266829e-06
1.143380694100143582e-07
-3.006123049996398390e-07
1.093318530598786503e-12
1.390727600375379550e-12
3.006123049993975876e-07
-1.129969178664293195e-12
-2.687497920855826770e-12
-6.238877360793567729e-07
2.269033121164123446e-12
2.886293086135844246e-12
6.238877360765670699e-07
-2.345115059818542972e-12
-4.867029419163876649e-12
1.031490347701532251e+00
3.432535822255325907e-03
-8.924081433088757506e-04
-1.031490347681262021e+00
1.094526107681393712e-03
3.055313445289463328e-04
-1.094510756078006554e-03
1.161381488631874070e-06
-3.218378572238399281e-07
1.094510756056334220e-03
-1.161397777456329994e-06
-3.241982279293025362e-07
3.033068806911239090e-04
-3.218378572236230877e-07
8.918654855796709001e-08
-3.033068806851619897e-04
3.218423712294914011e-07
8.984064574096115492e-08
-1.031490347681262021e+00
1.094510756056334220e-03
-3.033068806851619897e-04
1.031490347660991569e+00
3.432520470673435659e-03
8.901836794770555785e-04
1.094526107681393712e-03
-1.161397777456329994e-06
3.218423712294914011e-07
-1.094526107659897019e-03
1.161414067994692711e-06
3.242027752898781921e-07
3.055313445289463328e-04
-3.241982279293025362e-07
8.984064574096115492e-08
-3.055313445229440269e-04
3.242027752897697719e-07
9.049954064701188256e-08
4.943465276101219885e-01
6.226465421264515605e-05
-2.001801537373305894e-04
-4.943465276233245942e-01
2.272515951918177573e-05
6.695882251569841895e-05
-2.270859612068689803e-05
1.043155749280710864e-09
-2.990958970945645223e-09
2.270859612124970399e-05
-1.043916390830457175e-09
-3.075860204816076131e-09
6.532242826266931456e-05
-3.000690027346857719e-09
8.631636893873707680e-09
-6.532242826441352480e-05
3.002878598672164851e-09
8.847867871934241709e-09
-4.943465276233245942e-01
2.270859612124970399e-05
-6.532242826441352480e-05
4.943465276365269778e-01
6.224809081355424498e-05
1.985437594825128224e-04
2.272515951918177573e-05
-1.043916390830457175e-09
3.002878598672164851e-09
-2.272515951977779894e-05
1.044677920558623185e-09
3.068372799406042430e-09
6.695882251569841895e-05
-3.075860204816076131e-09
8.847867871934241709e-09
-6.695882251748705438e-05
3.078103855861465035e-09
9.069516636516056139e-09
3.129360395479243578e-02
-1.371756687250576852e-07
-2.924569881011697940e-05
-3.129360406604569239e-02
2.528897699584835895e-08
9.376578304034018755e-06
-3.814833539172478878e-08
4.645589468665889399e-14
-1.604445136455358648e-12
3.814833553308058517e-08
-3.079481114554027954e-14
-1.143048070364894165e-11
9.197622523214992528e-06
-1.121233784799873651e-11
2.703308372980092094e-09
-9.197622555913904940e-06
7.432795184644482500e-12
2.755905832593095501e-09
-3.129360406604569239e-02
3.814833553308058517e-08
-9.197622555913904940e-06
3.129360417729900451e-02
-1.243163104231197702e-07
2.906674299596287666e-05
2.528897699584835895e-08
-3.079481114554027954e-14
7.432795184644482500e-12
-2.528897708978687044e-08
2.044198144091069480e-14
-2.030485716596316850e-12
9.376578304034018755e-06
-1.143048070364894165e-11
2.755905832593095501e-09
-9.376578337369095262e-06
7.577404601231952069e-12
2.809526921848387859e-09
-1.987532747083052553e-02
-4.047318949671047777e-07
-8.648921251258443897e-08
1.987532747118146356e-02
-3.351588198647218495e-08
1.465793620674375949e-08
2.205410503289668564e-08
-2.448735658688860894e-14
-9.974606227985040665e-14
-2.205410506012808021e-08
3.719247132494274410e-14
-1.614097323789499357e-14
8.978012082074883904e-08
-9.974606224676318215e-14
-4.055982276595198576e-13
-8.978012082233355828e-08
1.515068247093823425e-13
-6.624574346264498247e-14
1.987532747118146356e-02
-2.205410506012808021e-08
-8.978012082233355828e-08
-1.987532747153235302e-02
-3.932701179915889413e-07
1.616113971263292875e-07
-3.351588198647218495e-08
3.719247132494274410e-14
1.515068247093823425e-13
3.351588200841250881e-08
-5.651729084732437514e-14
2.458765389713933356e-14
1.465793620674375949e-08
-1.614097323789499357e-14
-6.624574346264498247e-14
-1.465793620700402029e-08
2.458765388555880498e-14
-1.077749692828916132e-14
1.104202466299914337e-01
8.090259787553486599e-05
7.460530703571425809e-08
-1.104202466299849389e-01
3.125058606378695820e-05
7.800153625920033737e-08
-3.125098812446430534e-05
8.844612212760560865e-09
6.571562008744714192e-11
3.125098812444927559e-05
-8.844498427043601119e-09
-2.207588959459762700e-11
-2.321953596309510846e-07
6.571562008739089363e-11
4.882213949043927556e-13
2.321953596309460818e-07
-6.571477594551587743e-11
-1.639879307035190018e-13
-1.104202466299849389e-01
3.125098812444927559e-05
2.321953596309460818e-07
1.104202466299784025e-01
8.090299993621353450e-05
-3.848022029258604788e-07
3.125058606378695820e-05
-8.844498427043601119e-09
-6.571477594551587743e-11
-3.125058606378565038e-05
8.844384632653023992e-09
2.207560803693587692e-11
7.800153625920033737e-08
-2.207588959459762700e-11
-1.639879307035190018e-13
-7.800153625919513606e-08
2.207560803695490207e-11
5.507233611695733958e-14
-9.227603343426650853e-03
-8.594336496995872842e-05
1.559842397498237627e-07
9.227603322437242725e-03
-8.704359586385027910e-06
-8.298997856400221192e-09
8.705279030041174123e-06
-8.212520653416516376e-09
-1.476498209042635332e-11
-8.705279010235316119e-06
8.211653252404230717e-09
7.829228347718767550e-12
1.565090641649079405e-08
-1.476498209042635332e-11
-2.655514697025296300e-14
-1.565090638181913487e-08
1.476342804246615764e-11
1.407901573102776638e-14
9.227603322437242725e-03
-8.705279010235316119e-06
-1.565090638181913487e-08
-9.227603301447850209e-03
-8.594428443342128998e-05
-1.320343354950917111e-07
-8.704359586385027910e-06
8.211653252404230717e-09
1.476342804246615764e-11
8.704359566578624417e-06
-8.210785959522715266e-09
-7.828408521469779058e-12
-8.298997856400221192e-09
7.829228347718767550e-12
1.407901573102776638e-14
8.298997838241237701e-09
-7.828408521469779058e-12
-7.466249840604177734e-15
-1.946962974310419148e-02
-3.177449509172972366e-07
1.280250313631314054e-07
1.946962974301072458e-02
-8.341244718123790557e-08
-6.081203285799946873e-08
7.051304908270430680e-08
-2.553790512394016332e-13
1.124951064105424864e-14
-7.051304908485847041e-08
3.020847461066011874e-13
2.202474802009580317e-13
-3.104968636868390590e-09
1.124951063112808129e-14
-5.073184819772191221e-16
3.104968636853186597e-09
-1.329218505162080195e-14
-9.708756000194703831e-15
1.946962974301072458e-02
-7.051304908485847041e-08
3.104968636853186597e-09
-1.946962974291736176e-02
-3.048455528190669815e-07
-7.031796714229215903e-08
-8.341244718123790557e-08
3.020847461066011874e-13
-1.329218505162080195e-14
8.341244718093458837e-08
-3.573686485625060527e-13
-2.605230481721351456e-13
-6.081203285799946873e-08
2.202474802009580317e-13
-9.708756000194703831e-15
6.081203285770761294e-08
-2.605230481489740885e-13
-1.899528915449805595e-13
-2.881032197224629721e-02
-3.228735179416965865e-07
1.564313584733004459e-07
2.881032197220194380e-02
-8.829931000628550226e-08
-8.849278392889347104e-08
8.544848205830323655e-08
-2.534358425183675007e-13
-5.529504083896900765e-14
-8.544848205002583206e-08
2.619013410984342702e-13
2.625358933637248925e-13
1.866669180663427507e-08
-5.529504084739591014e-14
-1.208533056615279655e-14
-1.866669180662552019e-08
5.728723625548987738e-14
5.734930759448975124e-14
2.881032197220194380e-02
-8.544848205002583206e-08
-1.866669180662552019e-08
-2.881032197215763202e-02
-3.200226899936546050e-07
-4.927188273792857374e-08
-8.829931000628550226e-08
2.619013410984342702e-13
5.728723625548987738e-14
8.829931000634517837e-08
-2.706334955573654312e-13
-2.711311032647394089e-13
-8.849278392889347104e-08
2.625358933637248925e-13
5.734930759448975124e-14
8.849278392873759051e-08
-2.711311032394328521e-13
-2.717945768622442859e-13
-3.187335456044539800e-02
1.137864720051322157e-04
-9.219924961394461546e-05
3.187335838973462399e-02
1.011735103728308185e-04
3.277670518444957725e-05
9.142860867179889578e-05
-2.622626516472654166e-07
-8.284401637150489429e-08
-9.142861965610388697e-05
-2.902158688793300030e-07
-9.401986685370811725e-08
2.888063971938828315e-05
-8.284401637149642396e-08
-2.616892264657114803e-08
-2.888064318913044303e-05
-9.167393085997972844e-08
-2.969917118321192123e-08
3.187335838973462399e-02
-9.142861965610388697e-05
-2.888064318913044303e-05
-3.187336221902430100e-02
-7.881565919456061462e-05
8.830318021106477817e-05
1.011735103728308185e-04
-2.902158688793300030e-07
-9.167393085997972844e-08
-1.011735225278939345e-04
-3.211484747136684141e-07
-1.040409573368527753e-07
3.277670518444957725e-05
-9.401986685370811725e-08
-2.969917118321192123e-08
-3.277670912226812044e-05
-1.040409573368747982e-07
-3.370565844506602515e-08
3.463263854594892610e+00
-2.648194190117105200e-03
-1.680558441584092261e-02
-3.334906092725494098e+00
-1.394070831989991516e-02
-1.126294733541673273e-03
-4.196953342783774250e-03
5.086074322036004958e-06
-8.614904156354491471e-06
4.041403098746579325e-03
1.689403546534240519e-05
1.364899310161288293e-06
7.109346490825853813e-03
-8.615455470342009425e-06
1.459398118272060320e-05
-6.845855217209548607e-03
-2.861731878793082745e-05
-2.312044316836469899e-06
-3.334906092725494098e+00
4.041403098746579325e-03
-6.845855217209548607e-03
3.211305610614111572e+00
-6.862932770697674489e-05
2.811773726988593507e-03
-1.394070831989991516e-02
1.689403546534240519e-05
-2.861731878793082745e-05
1.342402862295967274e-02
5.611566332242023947e-05
4.533322791901855942e-06
-1.126294733541673273e-03
1.364899310161288293e-06
-2.312044316836469899e-06
1.084551257655213359e-03
4.533684703367062141e-06
3.662844866849854220e-07
7.632479128542092595e-02
-3.799046658419708658e-06
1.753079435222254709e-06
-6.913422434227144142e-02
2.667951497727423678e-06
-2.760581259505756360e-06
-2.810880658419710741e-06
1.035189085398847443e-10
-7.496992740149699408e-11
2.546067283862413449e-06
-9.825478631934631696e-11
1.016662830310988141e-10
2.034832768555585691e-06
-7.493859417555259750e-11
5.424889704119806311e-11
-1.843130950653793835e-06
7.112796549663125134e-11
-7.359771125869940533e-11
-6.913422434227144142e-02
2.546067283862413449e-06
-1.843130950653793835e-06
6.262108149806953905e-02
-3.519106161722955446e-06
2.099056930148958987e-06
2.667951497727423678e-06
-9.825478631934631696e-11
7.112796549663125134e-11
-2.416603495056284862e-06
9.325912782024901003e-11
-9.644616160396635163e-11
-2.760581259505756360e-06
1.016662830310988141e-10
-7.359771125869940533e-11
2.500506596815621818e-06
-9.649671903547152318e-11
9.984701954124375334e-11
-2.596297979003201872e-05
-2.164999140373250646e-04
6.752126041837183679e-08
1.380043847225091149e-03
-1.201196650776692134e-04
6.705073698131877591e-07
-2.156343757039917914e-04
-1.790941731700101654e-03
2.652144485097620435e-06
1.146189288930558707e-02
-9.976485441298621124e-04
5.568869184539512740e-06
3.193255937515397658e-07
2.652144538427356896e-06
-3.927470446085656874e-09
-1.697352632429175497e-05
1.477383708628834946e-06
-8.246748561813177503e-09
1.380043847225091149e-03
1.146189288930558707e-02
-1.697352632429175497e-05
-7.335525566272428633e-02
6.383652124900073867e-03
-3.609064351184430430e-05
-1.201196650776692134e-04
-9.976485441298621124e-04
1.477383708628834946e-06
6.384875929566740348e-03
-5.557426017761352361e-04
3.102152474824485667e-06
6.705073698131877591e-07
5.568869184539512740e-06
-8.246748561813177503e-09
-3.564034551184426438e-05
3.102152424089028165e-06
-1.731619940492645782e-08
-5.218973336004453095e-02
-7.648904495597261786e-03
-1.174048512609740145e-07
7.657255897489631535e-02
-6.457025177867122857e-03
-1.690929169924996366e-07
-7.647878802597262403e-03
-1.120719467480481464e-03
2.836005918354150415e-08
1.122093586117226850e-02
-9.462118851034919884e-04
-2.477886074008983116e-08
1.935331487389079979e-07
2.836033011239410853e-08
-7.175648963908543010e-13
-2.839510281308841349e-07
2.394433410866937046e-08
6.271511088229431152e-13
7.657255897489631535e-02
1.122093586117226850e-02
-2.839510281308841349e-07
-1.123469389566353199e-01
9.472376172263010513e-03
-2.329932445512435221e-07
-6.457025177867122857e-03
-9.462118851034919884e-04
2.394433410866937046e-08
9.473720392929678089e-03
-7.988769335145529983e-04
-2.092048666181024838e-08
-1.690929169924996366e-07
-2.477886074008983116e-08
6.271511088229431152e-13
2.480924221154196653e-07
-2.092053649206686678e-08
-5.478742459708030310e-13
-1.131238546437945136e-01
-1.001603178038292198e-06
5.557275576090350519e-07
1.119539497749268558e-01
-3.693317947046487555e-07
-3.175506488983243419e-07
3.546254886283733350e-07
-1.111744539390707952e-12
-2.992993840899735690e-13
-3.509580208747965480e-07
1.157806124443751811e-12
9.954817579373156879e-13
6.505555760904567819e-08
-2.039215374444648814e-13
-3.743473047004731893e-14
-6.438276570469559460e-08
2.123997037690783618e-13
1.826061015435787359e-13
1.119539497749268558e-01
-3.509580208747965480e-07
-6.438276570469559460e-08
-1.107961438343226523e-01
-1.052118429423272415e-06
-1.827737313889186416e-07
-3.693317947046487555e-07
1.157806124443751811e-12
2.123997037690783618e-13
3.655122372433937101e-07
-1.205810844654324465e-12
-9.438400232904775404e-13
-3.175506488983243419e-07
9.954817579373156879e-13
1.826061015435787359e-13
3.142666019444045456e-07
-1.036708808632318383e-12
-8.913973198860084594e-13
-9.321699497394821121e-02
-9.287395904131649223e-07
4.861628550225605510e-07
9.234796346585606719e-02
-2.261277802724992550e-07
-2.770986738637752055e-07
2.262507429201693678e-07
-5.491649786988230271e-13
-2.269534170569694058e-13
-2.241414813493523793e-07
5.488709313753790483e-13
6.725672351176086143e-13
6.585418835589790854e-08
-1.598525782827105306e-13
-4.652047761116156395e-14
-6.524025133149913325e-08
1.597726966044403253e-13
1.957718965957789514e-13
9.234796346585606719e-02
-2.241414813493523793e-07
-6.524025133149913325e-08
-9.148703365383638320e-02
-9.027126682779995533e-07
-1.275722929661602164e-07
-2.261277802724992550e-07
5.488709313753790483e-13
1.597726966044403253e-13
2.240196650553350405e-07
-5.485545551344473076e-13
-5.459646626970245806e-13
-2.770986738637752055e-07
6.725672351176086143e-13
1.957718965957789514e-13
2.745153737004884618e-07
-6.721527851482674707e-13
-8.236974997024560905e-13
1.606928226895048065e-02
1.259034944961245558e-03
2.408557008890375062e-04
-1.575276650640910353e-02
-5.025143674340084785e-05
-4.205184065920314612e-05
3.778939269612453604e-04
8.886757830457725493e-06
1.347385632175998604e-06
-3.704505712189162759e-04
-1.181739946388288276e-06
-9.889138131418534483e-07
5.729523155570425720e-05
1.347385632175998604e-06
2.042868813296322417e-07
-5.616669055416268440e-05
-1.791721407559676571e-07
-1.499363758948601966e-07
-1.575276650640910353e-02
-3.704505712189162759e-04
-5.616669055416268440e-05
1.544248513730607855e-02
8.336047349780244557e-04
1.695426698835972800e-04
-5.025143674340084785e-05
-1.181739946388288276e-06
-1.791721407559676571e-07
4.926163697802413404e-05
1.571449708831496039e-07
1.315034097535555668e-07
-4.205184065920314612e-05
-9.889138131418534483e-07
-1.499363758948601966e-07
4.122354788359788695e-05
1.315034097535555668e-07
1.100458175474529343e-07
-3.712380637194973715e-02
1.416154701664140399e-05
7.411518583384667420e-05
3.723083405928880735e-02
6.862137935955526331e-05
3.447653291587017836e-04
1.470433901664140643e-05
-5.824229966366889499e-09
-2.928346042078099325e-08
-1.474673152841015771e-05
-2.718018771163954739e-08
-1.365578257364353241e-07
7.393147783384667606e-05
-2.928346042078099325e-08
-1.472333780023557578e-07
-7.414462179367706696e-05
-1.366584001767585975e-07
-6.865947429073469923e-07
3.723083405928880735e-02
-1.474673152841015771e-05
-7.414462179367706696e-05
-3.733817030674008858e-02
-6.937089300739605218e-05
-3.459422673140795249e-04
6.862137935955526331e-05
-2.718018771163954739e-08
-1.366584001767585975e-07
-6.881921434072940289e-05
-1.268429658356218237e-07
-6.372803533598450166e-07
3.447653291587017836e-04
-1.365578257364353241e-07
-6.865947429073469923e-07
-3.457592853140794989e-04
-6.372803533598450166e-07
-3.201803473483765281e-06
-3.632755937938714902e-02
-2.663973198516460663e-07
1.321073753081783697e-07
3.595655801674352975e-02
-7.923648664791499470e-08
-7.090349233794405132e-08
8.597668014835385697e-08
-2.034726553912236113e-13
-2.575481187322440639e-14
-8.509862871551034354e-08
1.875444244348045686e-13
1.678310393704297433e-13
1.088937530817824335e-08
-2.575481188064641369e-14
-3.256077154380494878e-15
-1.077816571560825843e-08
2.377464731381483705e-14
2.125036382374913259e-14
3.595655801674352975e-02
-8.509862871551034354e-08
-1.077816571560825843e-08
-3.558934556845136377e-02
-2.486020627459616456e-07
-3.673662160538135101e-08
-7.923648664791499470e-08
1.875444244348045686e-13
2.377464731381483705e-14
7.842727058737149480e-08
-1.728183568472374532e-13
-1.546181571826056979e-13
-7.090349233794405132e-08
1.678310393704297433e-13
2.125036382374913259e-14
7.017937839461888983e-08
-1.546181571629633895e-13
-1.383736888067024524e-13
-2.248454918133795458e-02
-2.446283712441788011e-07
1.088543516384188629e-07
2.220108284451440331e-02
-4.455007688552450298e-08
-6.337864493370268881e-08
4.317696208915292877e-08
-8.291271563640760990e-14
-1.724058084312424303e-14
-4.263262317166630553e-08
8.554830820037334643e-14
1.217067180571734487e-13
1.478835163841942864e-08
-2.839658751713108946e-14
-9.720119164106032862e-15
-1.460191250476192747e-08
2.930315360677130338e-14
4.168386898786157284e-14
2.220108284451440331e-02
-4.263262317166630553e-08
-1.460191250476192747e-08
-2.192119021350390912e-02
-2.432395731194116733e-07
-3.103571319531291209e-08
-4.455007688552450298e-08
8.554830820037334643e-14
2.930315360677130338e-14
4.398842688058666856e-08
-8.827915234189696585e-14
-1.255720012546845395e-13
-6.337864493370268881e-08
1.217067180571734487e-13
4.168386898786157284e-14
6.257962013802050473e-08
-1.255720012546845395e-13
-1.786545987228962238e-13
-1.111081928586251211e+00
-3.367300262145104028e+00
7.969141564367519803e-02
-2.577528624757335352e-01
2.734087193238223246e-01
-3.149277493700489844e-02
1.808421657497885748e+00
1.461436575892391954e+00
-5.081834841760416444e-01
1.794270856931568847e+00
5.524461760885181150e+00
4.661853483022924266e-02
-3.141633490547325602e-02
-6.839755812981772320e-02
1.724177948522531700e-02
4.354596866234709651e+00
-7.098847077882272316e+00
-2.602017398764663314e-01
3.411337066984197752e-02
-6.378992976540229787e-01
2.063215672122976907e-01
-9.570140713210101291e-02
6.045067256837559355e-02
-4.632392005877172814e-04
-3.962204091692999031e-01
1.006151698355439272e+00
-1.886924321664941451e-01
-2.577528624757335352e-01
-3.141633490547325602e-02
-9.570140713210101291e-02
7.245085950141805231e-02
6.514191687911879969e-01
7.187263056563812647e-02
-9.829553329166393350e-02
8.268445212104916231e-03
1.644434946018711874e-01
2.734087193238223246e-01
-6.839755812981772320e-02
6.045067256837559355e-02
-3.268499074814557037e-02
2.902158729806945947e-03
3.038457213216083294e-02
-3.046724717687416054e-02
-1.597681830902606959e-01
-8.100539238633508443e-02
-3.149277493700489844e-02
1.724177948522531700e-02
-4.632392005877172814e-04
-2.492275199327861901e-03
4.131412784263828464e-03
-6.739925543012715431e-04
1.856134221764568076e-02
4.407662528428667875e-02
-3.813690277720212934e-03
1.808421657497885748e+00
4.354596866234709651e+00
-3.962204091692999031e-01
-9.829553329166393350e-02
-3.046724717687416054e-02
1.856134221764568076e-02
3.499316961375096735e+00
4.410416652427765705e+00
2.347220427807984233e+00
1.461436575892391954e+00
-7.098847077882272316e+00
1.006151698355439272e+00
8.268445212104916231e-03
-1.597681830902606959e-01
4.407662528428667875e-02
-5.767588765960261377e+00
3.874310072053944065e+00
-1.833492469419824911e+00
-5.081834841760416444e-01
-2.602017398764663314e-01
-1.886924321664941451e-01
1.644434946018711874e-01
-8.100539238633508443e-02
-3.813690277720212934e-03
-3.784333836683976271e-01
6.842933397878767088e-02
3.725973038549531546e-01
8.753926228067828719e-01
-4.993296838568230256e-01
2.484040483529955379e-01
-3.289692534552413061e-01
3.298013646579693592e-02
-4.041870143548141614e-03
-1.358387122538197989e-01
2.132393175718728107e-01
-7.649058610668933722e-02
6.856322130085144018e-01
1.742368585666936420e+00
-3.565728948588284264e-01
-1.007038131059055652e-01
9.843741204703661610e-03
-5.430900410358348654e-03
5.230130827345621514e-01
-1.168752490442699576e+00
4.910843525032962398e-01
3.690608716129857858e-01
3.077946039290394703e-02
2.139454493146393244e-01
-1.600589867475536443e-01
1.587664608352047993e-02
-1.368601441189918472e-03
-2.596139459556084383e-01
4.121120197682259234e-01
-1.493236655133404478e-01
-3.289692534552413061e-01
-1.007038131059055652e-01
-1.600589867475536443e-01
1.940587795364235868e-01
2.651903782766639184e-01
3.534875075046527149e-02
-1.420793853787089556e-01
-1.073552941530226401e-01
1.045225604839189609e-01
3.298013646579693592e-02
9.843741204703661610e-03
1.587664608352047993e-02
-2.039997229666803968e-02
2.156592701598048466e-03
6.007740143915992100e-03
1.913117008034850852e-02
8.365260183869988042e-03
-1.066748490685336462e-02
-4.041870143548141614e-03
-5.430900410358348654e-03
-1.368601441189918472e-03
6.126932406477856446e-04
-4.979786387400366061e-05
3.039264526969126610e-05
2.807657118957824355e-03
-2.680903654771831478e-04
-7.315738925683071443e-04
-1.358387122538197989e-01
5.230130827345621514e-01
-2.596139459556084383e-01
-1.420793853787089556e-01
1.913117008034850852e-02
2.807657118957824355e-03
1.863287254589345299e+00
1.447534637081629105e+00
6.812702644496712034e-01
2.132393175718728107e-01
-1.168752490442699576e+00
4.121120197682259234e-01
-1.073552941530226401e-01
8.365260183869988042e-03
-2.680903654771831478e-04
-1.537829688332359002e+00
1.962760320060698671e+00
-3.222486618583862705e-02
-7.649058610668933722e-02
4.910843525032962398e-01
-1.493236655133404478e-01
1.045225604839189609e-01
-1.066748490685336462e-02
-7.315738925683071443e-04
2.774039766881358227e-01
-6.174084275355629092e-01
2.588784486237084570e-01
4.926272222321115279e-01
-1.332937685628206859e-01
-4.315608927820809015e-02
-4.219822554989373087e-01
-1.418814636124679854e-02
1.652162385555113952e-02
-3.203490629715749494e-02
6.763319873257563064e-02
-2.593711469574844566e-02
9.769733334451233264e-02
3.690041450820154001e-01
-3.010715213765710607e-01
-9.428216974703160225e-02
-6.906499072039499337e-03
6.964178701554944034e-03
4.809349705213906978e-02
-3.206923338597994499e-01
-1.714006838754389417e-03
1.621101456354351600e-01
-8.813735265551961295e-02
1.018634769398571449e-01
-1.408460560874284229e-01
1.019998975675988698e-02
-5.526439647012530536e-03
-1.320674937488609813e-02
1.415671276917145616e-01
-1.105776819950204937e-02
-4.219822554989373087e-01
-9.428216974703160225e-02
-1.408460560874284229e-01
3.662298275834384720e-01
7.170628086901288667e-02
5.373848579631691248e-03
1.311456289212037732e-02
-5.125335965756599998e-02
2.317293823611295961e-02
-1.418814636124679854e-02
-6.906499072039499337e-03
1.019998975675988698e-02
1.657230765012699877e-03
2.585606892120357464e-02
-1.814281352826504004e-02
3.060233215279676774e-02
1.019910278781039834e-02
-1.826461722004899153e-03
1.652162385555113952e-02
6.964178701554944034e-03
-5.526439647012530536e-03
-6.615320940065211493e-03
-1.881183923063428284e-02
1.376755894072962359e-02
-2.233456244791524534e-02
-7.187227469081572222e-03
9.908132951968547011e-04
-3.203490629715749494e-02
4.809349705213906978e-02
-1.320674937488609813e-02
1.311456289212037732e-02
3.060233215279676774e-02
-2.233456244791524534e-02
4.674861271522301465e-02
-1.778652471553811287e-01
1.132722999823680549e-01
6.763319873257563064e-02
-3.206923338597994499e-01
1.415671276917145616e-01
-5.125335965756599998e-02
1.019910278781039834e-02
-7.187227469081572222e-03
-4.659673277738082819e-02
3.312269167319960572e-01
-4.687602320343812190e-01
-2.593711469574844566e-02
-1.714006838754389417e-03
-1.105776819950204937e-02
2.317293823611295961e-02
-1.826461722004899153e-03
9.908132951968547011e-04
-8.030242971979479477e-04
-7.659910485123788172e-03
1.651922336524981605e-03
4.919664339556895083e-01
1.834259856294559107e-02
3.095135432026419400e-02
-9.605154229242035546e-01
5.276732817555677794e-03
-1.071684349682377677e-02
-2.492246871520660198e-02
-7.692900909155555222e-04
2.563953023128969552e-03
-1.609423618372102238e-02
1.328358825375814713e-02
-2.357845606631802510e-02
2.103566708580625021e-03
-1.169115982440200457e-02
2.005702345176875456e-02
1.599530878002592901e-02
-2.245510005074160750e-03
1.194055404345219489e-03
-3.021579945833499301e-02
-2.370857843020959116e-02
4.022408406394737540e-02
-2.304646860943145373e-03
2.061375023935577491e-02
-3.555384209455335343e-02
-2.887585921372327197e-02
3.958787955298523516e-03
-2.157882001236999508e-03
-9.605154229242035546e-01
2.103566708580625021e-03
-2.304646860943145373e-03
4.668709143111652304e-01
2.860755131061867157e-02
1.777634140706030102e-03
1.034765636025431965e-03
6.654168444730783252e-04
-2.022394452601709858e-03
5.276732817555677794e-03
-1.169115982440200457e-02
2.061375023935577491e-02
-8.493927680479910125e-04
1.026056447250001287e-02
-1.756949762685634103e-02
-1.412041081349219365e-02
1.972144122361439884e-03
-1.058086083306036514e-03
-1.071684349682377677e-02
2.005702345176875456e-02
-3.555384209455335343e-02
-1.323903950466270819e-04
-1.762867192365355495e-02
3.027691475401153576e-02
2.420126189500951611e-02
-3.391428187557821855e-03
1.821008934063230887e-03
-2.492246871520660198e-02
1.599530878002592901e-02
-2.887585921372327197e-02
1.034765636025431965e-03
-1.412041081349219365e-02
2.420126189500951611e-02
1.921570713465541036e-02
1.667200119768668526e-02
-6.399804760167435332e-03
-7.692900909155555222e-04
-2.245510005074160750e-03
3.958787955298523516e-03
6.654168444730783252e-04
1.972144122361439884e-03
-3.391428187557821855e-03
-2.715224544979913217e-03
3.805251962422247745e-04
-1.176933085280392442e-02
2.563953023128969552e-03
1.194055404345219489e-03
-2.157882001236999508e-03
-2.022394452601709858e-03
-1.058086083306036514e-03
1.821008934063230887e-03
1.441854353386309807e-03
-2.071820332702029542e-04
1.176277865600368333e-04
4.578473344440519566e-01
1.547458184778433277e-01
3.534062100356507446e-02
-4.669731945012438046e-01
4.453853162172164391e-03
-8.163850752364544203e-03
-4.181499291304971444e-03
2.347838874994736050e-03
1.298599739746873457e-03
-6.428318252156725761e-03
1.046929390845669806e-02
-2.835671620276807893e-03
7.686321122868834330e-03
-6.483766991896866907e-03
1.533544674589785647e-02
1.067405417689782157e-02
2.196065651990249633e-03
-9.187642488933063512e-03
-1.605498077007211019e-02
-1.072848441691001166e-02
-2.980719506328580355e-03
7.053475206525230967e-03
1.066260602869992594e-02
-2.612913087328929893e-02
-1.435677595999790973e-02
-1.833195919407302815e-03
3.245203579372443053e-02
-4.669731945012438046e-01
7.686321122868834330e-03
7.053475206525230967e-03
4.720289323824330974e-01
3.286179177557339848e-02
1.020313712118764947e-02
3.644341101344890539e-03
-1.828191275573365186e-03
9.959090575082671024e-03
4.453853162172164391e-03
-6.483766991896866907e-03
1.066260602869992594e-02
-3.066320431093214928e-03
2.934362974896008360e-03
-6.517380433233545094e-03
-5.725000447519434758e-03
-1.517195742464039297e-03
-4.211897382957052608e-04
-8.163850752364544203e-03
1.533544674589785647e-02
-2.612913087328929893e-02
4.412378879283159958e-03
-6.726068267826286300e-03
1.537255247061683483e-02
1.338023807569144706e-02
3.639315386655292590e-03
2.169538377638592641e-03
-4.181499291304971444e-03
1.067405417689782157e-02
-1.435677595999790973e-02
3.644341101344890539e-03
-5.725000447519434758e-03
1.338023807569144706e-02
1.017418648160631559e-02
1.065740902380273199e-02
2.062037406184222266e-02
2.347838874994736050e-03
2.196065651990249633e-03
-1.833195919407302815e-03
-1.828191275573365186e-03
-1.517195742464039297e-03
3.639315386655292590e-03
2.389784476469384179e-03
4.667887801200268361e-04
2.369762582123653705e-02
1.298599739746873457e-03
-9.187642488933063512e-03
3.245203579372443053e-02
9.959090575082671024e-03
-4.211897382957052608e-04
2.169538377638592641e-03
-4.404076463938418756e-03
-2.871547962038666080e-03
-2.637352843404637895e-02
2.813596574900774083e-01
1.056023603279804823e-01
6.306720507039462187e-02
-2.089991665135415566e-02
6.812616407508517019e-03
1.449955554207798744e-04
-1.984065698168408290e-02
-1.607069388901101459e-02
-1.454552205009906340e-01
-1.208544242669124108e-01
8.352465569179289007e-02
8.035307184953716098e-02
-1.091557163633521677e-01
2.216547770721941091e-01
1.134402123770453102e-01
-2.581893904048644314e-02
-2.230983016547029990e-02
-7.302253088748134578e-04
-8.927182312863336452e-03
-3.293672141996162317e-02
4.550365289716046951e-02
8.769882330730753572e-02
-1.046149108096507824e-01
-7.605775462169843404e-02
-7.666062421948199868e-02
9.783002051785404107e-02
6.016571067467701983e-01
8.819647073182857247e-03
-7.277845706366355832e-03
-3.373270268229700691e-02
-8.450258898637530436e-02
-1.043733681754699036e-02
-2.766116256216895608e-01
1.146206924717436126e-01
-6.911081152599332644e-02
-2.109319329498613449e-01
-2.089991665135415566e-02
-2.581893904048644314e-02
8.819647073182857247e-03
9.869751598995651215e-03
-1.106451389237978269e-02
7.328251099161561810e-03
2.233281561662886928e-03
1.480626082573534633e-02
4.130525614099730611e-03
1.676430670967890644e-03
7.028750506262068133e-03
-4.683833469755920020e-03
6.812616407508517019e-03
-2.230983016547029990e-02
-7.277845706366355832e-03
-7.217927797131064348e-04
5.454718249989380652e-02
-2.208418253925942959e-03
5.171976974848196094e-03
-8.046142064591579532e-03
-8.717838376744804080e-03
-1.237754407403164787e-02
-1.081401004478086715e-02
1.000705328562426395e-02
1.449955554207798744e-04
-7.302253088748134578e-04
-3.373270268229700691e-02
7.237432845801422196e-03
4.683649122223144598e-03
6.750813430940778848e-02
1.550500155531941981e-02
3.647325642716476440e-02
5.940546173163363530e-03
-5.460877022058214028e-03
-2.255823233621132712e-02
1.539344686604988445e-02
-1.984065698168408290e-02
-8.927182312863336452e-03
-8.450258898637530436e-02
2.233281561662886928e-03
5.171976974848196094e-03
1.550500155531941981e-02
4.505415905544844779e-02
-1.020585429369041258e-03
3.327080600560893275e-01
4.557460980289834707e-02
-4.186208951344157214e-02
9.837900705955382463e-02
-1.607069388901101459e-02
-3.293672141996162317e-02
-1.043733681754699036e-02
1.480626082573534633e-02
-8.046142064591579532e-03
3.647325642716476440e-02
-2.659613978702370790e-03
3.915715232752600000e-02
-7.259513834720246472e-02
-2.400279881560949541e-02
2.092658394603581079e-02
-2.541667300066127039e-02
-1.454552205009906340e-01
4.550365289716046951e-02
-2.766116256216895608e-01
4.130525614099730611e-03
-8.717838376744804080e-03
5.940546173163363530e-03
1.385089211639338458e-02
2.340833096466697627e-02
3.184188132918657765e-01
-5.478223339946569626e-02
3.979433947331799393e-02
-5.448796253890105662e-02
-1.208544242669124108e-01
8.769882330730753572e-02
1.146206924717436126e-01
1.676430670967890644e-03
-1.237754407403164787e-02
-5.460877022058214028e-03
4.557460980289834707e-02
-2.400279881560949541e-02
-5.478223339946569626e-02
1.649890693957968557e-01
-1.025884143464544096e-01
-2.027416734153860145e-01
8.352465569179289007e-02
-1.046149108096507824e-01
-6.911081152599332644e-02
7.028750506262068133e-03
-1.081401004478086715e-02
-2.255823233621132712e-02
-4.186208951344157214e-02
2.092658394603581079e-02
3.979433947331799393e-02
-1.273918240484543940e-01
1.294813954471193407e-01
1.858165951413022765e-01
8.035307184953716098e-02
-7.605775462169843404e-02
-2.109319329498613449e-01
-4.683833469755920020e-03
1.000705328562426395e-02
1.539344686604988445e-02
9.837900705955382463e-02
-2.541667300066127039e-02
-5.448796253890105662e-02
6.987715081904688486e-02
-6.205336068028839691e-02
2.807660114791376560e-01
3.048901338254263460e-01
5.155411093301370817e-02
7.594098548303646057e-03
-1.207964297279365794e-02
8.420761244314943841e-03
-1.324383616455660547e-04
-6.911274240028157656e-02
-8.440121902505438520e-03
-1.459954057447577780e-01
-1.202940907649046320e-01
6.679166308829155574e-02
8.532013643646750578e-02
-1.338915649843189504e-01
1.085655778784072739e-01
6.833932395177239050e-02
-1.503316049323189831e-02
2.653222202845397990e-02
-4.361122769506267996e-03
9.309768216152968304e-03
-2.747884918151814390e-02
3.657709926802042016e-02
5.380017562409791787e-02
-6.494784040709408734e-02
-6.694944064125003813e-02
-1.274740209835433999e-02
6.978513484191692373e-02
6.052171259107795853e-01
2.545648892431886384e-03
-4.789935035737803715e-03
-1.642205961039709672e-02
-1.003553480929103014e-01
6.687102186220351963e-03
-2.799733364995293239e-01
1.184006499127505663e-01
-5.459141830541916485e-02
-2.301013177217967609e-01
-1.207964297279365794e-02
-1.503316049323189831e-02
2.545648892431886384e-03
3.234253766939987080e-03
-3.304029462150854363e-04
1.011596262608926381e-03
2.348811704070617040e-03
9.166788676637980388e-03
1.511860094774025286e-03
5.602143349854509478e-03
7.884067827858097857e-03
-4.943498288613019064e-04
8.420761244314943841e-03
2.653222202845397990e-02
-4.789935035737803715e-03
4.902753350451576758e-03
-3.386404500097375120e-02
8.144966913966133690e-03
5.101305216738767981e-03
-5.841705267896925985e-03
5.150133486249333647e-03
2.429324609768784143e-03
-8.676006851082615837e-03
-2.006618002854508240e-03
-1.324383616455660547e-04
-4.361122769506267996e-03
-1.642205961039709672e-02
1.720470518145000849e-03
-3.767984724911039446e-03
9.284811529807767555e-03
1.203811431527829212e-02
1.138312538018490527e-02
4.716483213559203788e-03
-6.942621797635196990e-03
-6.628545295724809668e-03
8.274585249908348455e-03
-6.911274240028157656e-02
9.309768216152968304e-03
-1.003553480929103014e-01
2.348811704070617040e-03
5.101305216738767981e-03
1.203811431527829212e-02
6.378885508673801108e-02
-4.512407558899406146e-02
3.003431964933201415e-01
4.109959363560258816e-02
-4.710079293933014388e-02
9.098481546397832465e-02
-8.440121902505438520e-03
-2.747884918151814390e-02
6.687102186220351963e-03
9.166788676637980388e-03
-5.841705267896925985e-03
1.138312538018490527e-02
-7.280545968327452322e-03
4.421635094848002517e-02
-1.394557111675676919e-01
-2.913294893948392694e-02
3.585408123602202429e-02
-5.454638452428883788e-02
-1.459954057447577780e-01
3.657709926802042016e-02
-2.799733364995293239e-01
1.511860094774025286e-03
5.150133486249333647e-03
4.716483213559203788e-03
3.061270531929044178e-02
3.277824761330788012e-02
2.969807179476723902e-01
-7.200613835662236784e-02
6.316023410967992746e-02
-6.746540708315862389e-02
-1.202940907649046320e-01
5.380017562409791787e-02
1.184006499127505663e-01
5.602143349854509478e-03
2.429324609768784143e-03
-6.942621797635196990e-03
4.109959363560258816e-02
-2.913294893948392694e-02
-7.200613835662236784e-02
1.339687394722485492e-01
-1.133989646416424524e-01
-2.225191721041877568e-01
6.679166308829155574e-02
-6.494784040709408734e-02
-5.459141830541916485e-02
7.884067827858097857e-03
-8.676006851082615837e-03
-6.628545295724809668e-03
-4.710079293933014388e-02
3.585408123602202429e-02
6.316023410967992746e-02
-8.333971528230921244e-02
1.039985590078847111e-01
1.926054507552931727e-01
8.532013643646750578e-02
-6.694944064125003813e-02
-2.301013177217967609e-01
-4.943498288613019064e-04
-2.006618002854508240e-03
8.274585249908348455e-03
9.098481546397832465e-02
-5.454638452428883788e-02
-6.746540708315862389e-02
3.553176692505916057e-02
-6.218602818456854531e-02
3.042255019475793576e-01
3.098463296367527375e-01
4.208564114834956182e-02
6.069106296218880481e-03
-1.074989223899264559e-02
7.207102682891684993e-03
-3.212102773065617697e-05
-7.243943697802000814e-02
-5.682463085132809233e-03
-1.453746027101797955e-01
-1.200349939844390923e-01
6.571848365849175533e-02
8.852910421088992787e-02
-1.367135964583160723e-01
1.022562249093321302e-01
6.261112854472992983e-02
-1.221347352588716094e-02
2.372948323669584608e-02
-4.051310432894208134e-03
1.049500843772065845e-02
-2.635786776478011781e-02
3.851747326764391743e-02
5.123073562011180859e-02
-6.123371555310713754e-02
-6.650243146336090594e-02
-9.208593988058896146e-03
6.404971504387023395e-02
6.030402342833836027e-01
1.962828292726061501e-03
-4.311831446560623893e-03
-1.502028736844865722e-02
-9.899792562139710095e-02
8.849726842232129992e-03
-2.801521757902653009e-01
1.175954611412362294e-01
-5.398646808378607803e-02
-2.326231656846735607e-01
-1.074989223899264559e-02
-1.221347352588716094e-02
1.962828292726061501e-03
2.854368875580302195e-03
1.260956172570071006e-03
9.266668009537310001e-04
2.762676422897817393e-03
8.599909994938870206e-03
1.515062645525906563e-03
5.269498431970652888e-03
6.893909117966884673e-03
-7.065929804082474522e-04
7.207102682891684993e-03
2.372948323669584608e-02
-4.311831446560623893e-03
4.604146611236739975e-03
-3.528682474740242603e-02
6.856625648716105879e-03
4.815251838796034793e-03
-4.878189437095493269e-03
6.177336827400238886e-03
3.511288904481785472e-03
-6.049316900732388744e-03
-3.608258809605050139e-03
-3.212102773065617697e-05
-4.051310432894208134e-03
-1.502028736844865722e-02
1.595437826585282106e-03
-3.696423699581299037e-03
6.499071755094446533e-03
1.026890672928764889e-02
8.875269731523791061e-03
4.597649568287177392e-03
-6.787938659440237964e-03
-5.595442794913197716e-03
7.499521431424568257e-03
-7.243943697802000814e-02
1.049500843772065845e-02
-9.899792562139710095e-02
2.762676422897817393e-03
4.815251838796034793e-03
1.026890672928764889e-02
6.437474542932992982e-02
-4.840477546491200878e-02
2.972521602583422240e-01
4.075920537209479916e-02
-4.755002794064064342e-02
8.941562926468885064e-02
-5.682463085132809233e-03
-2.635786776478011781e-02
8.849726842232129992e-03
8.599909994938870206e-03
-4.878189437095493269e-03
8.875269731523791061e-03
-8.839260714911962788e-03
4.346916625064786016e-02
-1.468251327278609630e-01
-2.925490482259544139e-02
3.790327128372636412e-02
-5.642593858857022915e-02
-1.453746027101797955e-01
3.851747326764391743e-02
-2.801521757902653009e-01
1.515062645525906563e-03
6.177336827400238886e-03
4.597649568287177392e-03
3.011296667721664183e-02
3.213443358399634131e-02
2.951524039285678414e-01
-7.270654495896575198e-02
6.594642045796839103e-02
-6.659470641483247744e-02
-1.200349939844390923e-01
5.123073562011180859e-02
1.175954611412362294e-01
5.269498431970652888e-03
3.511288904481785472e-03
-6.787938659440237964e-03
4.075920537209479916e-02
-2.925490482259544139e-02
-7.270654495896575198e-02
1.334688197321696745e-01
-1.020072445204917161e-01
-2.224250703530828988e-01
6.571848365849175533e-02
-6.123371555310713754e-02
-5.398646808378607803e-02
6.893909117966884673e-03
-6.049316900732388744e-03
-5.595442794913197716e-03
-4.755002794064064342e-02
3.790327128372636412e-02
6.594642045796839103e-02
-7.915689587715833697e-02
1.059658760077491907e-01
1.882226553123931556e-01
8.852910421088992787e-02
-6.650243146336090594e-02
-2.326231656846735607e-01
-7.065929804082474522e-04
-3.608258809605050139e-03
7.499521431424568257e-03
8.941562926468885064e-02
-5.642593858857022915e-02
-6.659470641483247744e-02
3.169389470172497003e-02
-6.308778197591770331e-02
3.059953301092222522e-01
2.659782451610536835e+00
6.715395553282713648e-01
1.071916917543499270e+00
-2.659452909962977785e+00
1.931306485709454734e-01
-4.630850415445257329e-01
-1.923682909870600699e-01
1.391300230395667824e-02
3.135406146967774366e-02
1.923444569462294806e-01
-1.396813968011505203e-02
3.349254295953715127e-02
-4.335173019204947575e-01
3.135406146967763263e-02
7.065888074817081033e-02
4.334635900066361458e-01
-3.147831794887387402e-02
7.547811951633746907e-02
-2.659452909962977785e+00
1.923444569462294806e-01
4.334635900066361458e-01
2.659123409144962924e+00
6.708011262397719499e-01
-1.042406553216252307e+00
1.931306485709454734e-01
-1.396813968011505203e-02
-3.147831794887387402e-02
-1.931067200755595126e-01
1.402349556628267567e-02
-3.362527426363261240e-02
-4.630850415445257329e-01
3.349254295953715127e-02
7.547811951633746907e-02
4.630276662477419425e-01
-3.362527426363233485e-02
8.062605104129692835e-02
2.761666343550878144e-01
3.568254915855468591e-04
-8.289609321730744939e-05
-2.761666343740033502e-01
1.197319690780665003e-04
8.236787518174069650e-05
-1.195960570811228804e-04
5.179198014742205947e-08
3.535288524562408847e-08
1.195960570892877766e-04
-5.185083795556978692e-08
-3.567003351290763419e-08
-8.163552855064078217e-05
3.535288524562408847e-08
2.413166072003092300e-08
8.163552855623275816e-05
-3.539306116087171435e-08
-2.434814415868237839e-08
-2.761666343740033502e-01
1.195960570892877766e-04
8.163552855623275816e-05
2.761666343929188860e-01
3.566895795804019410e-04
-8.110731052071529581e-05
1.197319690780665003e-04
-5.185083795556978692e-08
-3.539306116087171435e-08
-1.197319690862678256e-04
5.190976256478624639e-08
3.571056984539059623e-08
8.236787518174069650e-05
-3.567003351290763419e-08
-2.434814415868237839e-08
-8.236787518738196304e-05
3.571056984539059623e-08
2.456656966634378214e-08
4.438745459028701351e-03
9.885943315002139453e-05
6.584734152677038728e-05
-4.438261937199999667e-03
2.086573253686281766e-04
-2.015027456424882743e-05
1.989490401500215407e-04
8.917096270022094805e-06
-9.035841067321332064e-07
-1.989273682148721143e-04
9.352231387328249450e-06
-9.031555921026425458e-07
-2.015983513989649223e-05
-9.035841067321387121e-07
9.156167142879145793e-08
2.015763908688001179e-05
-9.476770675533685050e-07
9.151824930872520802e-08
-4.438261937199999667e-03
-1.989273682148721143e-04
2.015763908688001179e-05
4.437778468042254988e-03
-3.087242028896735615e-04
-6.585909711398053401e-05
2.086573253686281766e-04
9.352231387328249450e-06
-9.476770675533685050e-07
-2.086345958896734017e-04
9.808600162340419944e-06
-9.472276423024633044e-07
-2.015027456424882743e-05
-9.031555921026425458e-07
9.151824930872520802e-08
2.014807955268635228e-05
-9.472276423024472107e-07
9.147484783186832225e-08
5.484089680415994650e+00
-8.508551660947838435e-02
-2.278156114385641168e-02
-5.484103478596338732e+00
-4.147648189189261786e-02
7.387033986090384141e-03
-5.953145902145562211e-03
6.462320676616439222e-06
-7.947434549042051155e-06
5.953160880488811077e-03
4.502398075206493443e-05
-8.018849739142158706e-06
7.321245692810163935e-03
-7.947434549035112261e-06
9.773844266924847091e-06
-7.321264113345614215e-03
-5.537099721128826979e-05
9.861671471655952814e-06
-5.484103478596338732e+00
5.953160880488811077e-03
-7.321264113345614215e-03
5.484117276811402597e+00
-3.765578445901835575e-02
2.271575426451482443e-02
-4.147648189189261786e-02
4.502398075206493443e-05
-5.537099721128826979e-05
4.147658624831447594e-02
3.136889894916774601e-04
-5.586855781254500275e-05
7.387033986090384141e-03
-8.018849739142158706e-06
9.861671471655952814e-06
-7.387052572151744240e-03
-5.586855781254847220e-05
9.950287884419317663e-06
3.129265885296748095e+00
-5.509210083788365631e-03
-1.527074740659395240e-02
-3.129266044776589872e+00
-2.255911425998789396e-03
4.275225893853558563e-03
5.586166048782591946e-04
9.972067771535364500e-08
1.073465318583613059e-06
-5.586166333494612616e-04
-4.027109324067357221e-07
7.631860831548318777e-07
6.005133936072591140e-03
1.071998243063301045e-06
1.152399154092464438e-05
-6.005134242118108194e-03
-4.329146438316624178e-06
8.204257816325061418e-06
-3.129266044776589872e+00
-5.586166333494612616e-04
-6.005134242118108194e-03
3.129266204256444084e+00
-3.811915147697716392e-03
1.700065523093044137e-02
-2.255911425998789396e-03
-4.027109324067357221e-07
-4.329146438316624178e-06
2.255911540968907024e-03
1.626303596236056137e-06
-3.083509732523630198e-06
4.275225893853558563e-03
7.631860831548318777e-07
8.204257816325061418e-06
-4.275226111736102168e-03
-3.082042657000716099e-06
5.840844822601914541e-06
-8.164384788175313434e-02
-2.296160973692665346e-06
6.764192951662095711e-07
8.164384788089117106e-02
-2.809412538184972200e-07
-3.388611571109820880e-07
3.107276929739903442e-07
-1.182512421316062046e-12
6.512212110110789556e-13
-3.107276929536425481e-07
1.069047628199371047e-12
1.289726791784481101e-12
-1.377270483353261545e-08
5.238055635554705766e-14
-2.236659583085976547e-15
1.377270483338014290e-08
-4.729541092705445859e-14
-5.721938144996117291e-14
8.164384788089117106e-02
-3.107276929536425481e-07
1.377270483338014290e-08
-8.164384788002934656e-02
-2.325947412857390123e-06
-3.513308428923454980e-07
-2.809412538184972200e-07
1.069047628199371047e-12
-4.729541092705445859e-14
2.809412538092655138e-07
-9.667683320557785009e-13
-1.764805650129223487e-12
-3.388611571109820880e-07
1.289726791784481101e-12
-5.721938144996117291e-14
3.388611571073965976e-07
-1.165965515071329267e-12
-1.406434065875757420e-12
-9.289905467578146725e-02
2.123379313759748109e-03
6.370521684655518506e-05
9.289905468127745980e-02
3.549431571489608701e-04
-1.866789516439158275e-05
-3.549201589069042335e-04
-1.355969871053019915e-06
-6.981723733238791307e-08
3.549201589279847558e-04
1.356057735754645499e-06
-7.132055696701779593e-08
-1.828122748677446716e-05
-6.984329583301432387e-08
-3.597488255340886853e-09
1.828122748785720566e-05
6.984782159228470830e-08
-3.673579135325416594e-09
9.289905468127745980e-02
3.549201589279847558e-04
1.828122748785720566e-05
-9.289905468677388256e-02
2.123356315496764853e-03
-6.331854916783335215e-05
3.549431571489608701e-04
1.356057735754645499e-06
6.984782159228470830e-08
-3.549431571698878152e-04
-1.356145606132286296e-06
7.129912007677744260e-08
-1.866789516439158275e-05
-7.132055696701779593e-08
-3.673579135325416594e-09
1.866789516549628990e-05
7.132517837574224931e-08
-3.751279226239374697e-09
-8.638218364799735149e-02
-1.469559963192267807e-06
4.364946196701648310e-07
8.638218364796436399e-02
-3.350203826832384284e-07
-1.718240113488339004e-07
3.353043701410663111e-07
-1.301570818038092887e-12
7.465799615502643948e-13
-3.353043701196760822e-07
1.300425931931946819e-12
6.669672136713179799e-13
-9.954604699638141758e-08
3.863974269339726850e-13
-1.147413327545754314e-13
9.954604699634449224e-08
-3.860673148210016039e-13
-1.979189381828838634e-13
8.638218364796436399e-02
-3.353043701196760822e-07
9.954604699634449224e-08
-8.638218364793147364e-02
-1.469843950638938624e-06
-3.642166553177754257e-07
-3.350203826832384284e-07
1.300425931931946819e-12
-3.860673148210016039e-13
3.350203826943954935e-07
-1.299328839682267865e-12
-1.026555008911220335e-12
-1.718240113488339004e-07
6.669672136713179799e-13
-1.979189381828838634e-13
1.718240113487707700e-07
-6.663719902738121052e-13
-3.417372721609135411e-13
-8.354837433230384580e-02
1.050579638256544024e-03
6.112385884644874301e-05
8.354837432644675321e-02
2.589037429380359589e-04
-2.077667597138930887e-05
-2.589032997434518994e-04
-8.023006929175363697e-07
-6.413441933048723710e-08
2.589032997252765510e-04
8.023020662888624890e-07
-6.438365808771744114e-08
-2.070166082021656780e-05
-6.415119791925950269e-08
-5.129468491019834042e-09
2.070166081876521750e-05
6.415130773085881018e-08
-5.148055775509169374e-09
8.354837432644675321e-02
2.589032997252765510e-04
2.070166081876521750e-05
-8.354837432058979940e-02
1.050579195080097745e-03
-6.104884369673235312e-05
2.589037429380359589e-04
8.023020662888624890e-07
6.415130773085881018e-08
-2.589037429198985576e-04
-8.023034396777250491e-07
6.436698972353233712e-08
-2.077667597138930887e-05
-6.438365808771744114e-08
-5.148055775509169374e-09
2.077667596993298141e-05
6.438376831235881283e-08
-5.166710449235056846e-09
5.956122655183978543e-01
5.841783771178615456e-04
-2.781091522709685832e-04
-5.956122655349476158e-01
2.008756620877530212e-04
7.510681964790888031e-05
-1.927828328821455607e-04
6.239834679904803953e-08
-4.210821160055590860e-08
1.927828328875147738e-04
-6.501776649091634616e-08
-2.430995178932386950e-08
1.301416680623646916e-04
-4.212317458786668197e-08
2.843603925418991540e-08
-1.301416680659807227e-04
4.389146304110795593e-08
1.641088902119315629e-08
-5.956122655349476158e-01
1.927828328875147738e-04
-1.301416680659807227e-04
5.956122655514979325e-01
5.760855479066702813e-04
3.331440006833371833e-04
2.008756620877530212e-04
-6.501776649091634616e-08
4.389146304110795593e-08
-2.008756620933366895e-04
6.774714685986295991e-08
2.531549610192420047e-08
7.510681964790888031e-05
-2.430995178932386950e-08
1.641088902119315629e-08
-7.510681964999609147e-05
2.533045908928918395e-08
9.470984198940365917e-09
-3.724172562931341024e-02
-8.169581592347920504e-07
-1.609972211514021927e-07
3.724172562999290836e-02
-8.897877570019896194e-08
1.771347228356706901e-08
8.273850743187292575e-08
-1.839015051352532737e-13
-3.570115981322839595e-13
-8.273850743717889895e-08
1.976752095345091220e-13
-3.932932629328437615e-14
1.607167788485990164e-07
-3.570115980727269554e-13
-6.935275699775839760e-13
-1.607167788515271298e-07
3.840870581885793014e-13
-7.649523767182102836e-14
3.724172562999290836e-02
-8.273850743717889895e-08
-1.607167788515271298e-07
-3.724172563067269098e-02
-8.107178909448098964e-07
3.040005277161140278e-07
-8.897877570019896194e-08
1.976752095345091220e-13
3.840870581885793014e-13
8.897877572185510624e-08
-2.126285258974291992e-13
4.238877484173131247e-14
1.771347228356706901e-08
-3.932932629328437615e-14
-7.649523767182102836e-14
-1.771347228388706549e-08
4.238877482187897777e-14
-8.450004390511770795e-15
-9.440863937251847693e-02
-1.093404012058645946e-06
4.959296883560895815e-07
9.440863937243339221e-02
-2.476400498069422741e-07
-2.739539667891975128e-07
2.237386546080275182e-07
-5.302639434505358381e-13
-1.286569257550315417e-13
-2.237386546060966271e-07
5.868798674060345075e-13
6.492514638393115571e-13
5.428068835609045530e-08
-1.286569257815013213e-13
-3.119845961435663284e-14
-5.428068835604205531e-08
1.423838225221362806e-13
1.574880633889441661e-13
9.440863937243339221e-02
-2.237386546060966271e-07
-5.428068835604205531e-08
-9.440863937234848791e-02
-1.069502616853952202e-06
-1.676950332110481132e-07
-2.476400498069422741e-07
5.868798674060345075e-13
1.423838225221362806e-13
2.476400498127213152e-07
-6.495985511564390373e-13
-7.185721142669380068e-13
-2.739539667891975128e-07
6.492514638393115571e-13
1.574880633889441661e-13
2.739539667889511321e-07
-7.185721141842199455e-13
-7.949457064837517350e-13
-8.512509064453509244e-02
-8.236586337830652533e-07
4.285622598583783278e-07
8.512509064444701012e-02
-2.837231649183235728e-07
-2.451762465365330260e-07
2.730623662169356110e-07
-8.759287782947322576e-13
-1.952317440512906063e-13
-2.730623661999245424e-07
9.101313994987203504e-13
7.864839066329875825e-13
6.086092652504336576e-08
-1.952317440512906063e-13
-4.352043482682130644e-14
-6.086092652497688691e-08
2.028658504110521688e-13
1.752954592061353738e-13
8.512509064444701012e-02
-2.730623661999245424e-07
-6.086092652497688691e-08
-8.512509064435899719e-02
-8.129978350798711526e-07
-1.225250867970634971e-07
-2.837231649183235728e-07
9.101313994987203504e-13
2.028658504110521688e-13
2.837231649201297117e-07
-9.456466642729366434e-13
-8.171454036864759813e-13
-2.451762465365330260e-07
7.864839066329875825e-13
1.752954592061353738e-13
2.451762465362710282e-07
-8.171454036864759813e-13
-7.061324022845114075e-13
3.981570297258289148e+00
1.485934836540331982e+00
-1.588038088980483709e+00
-3.981456631633752075e+00
4.206074223830600367e-01
6.330636349246033800e-01
-4.282387921923339058e-01
4.605933072803852779e-02
-6.806089653684202490e-02
4.282265668575703232e-01
-4.523853683369158385e-02
-6.808931807324407337e-02
6.327996147841873364e-01
-6.806092132080857060e-02
1.005722171342151444e-01
-6.327815496596127520e-01
6.684805114269654069e-02
1.006141784285491947e-01
-3.981456631633752075e+00
4.282265668575703232e-01
-6.327815496596127520e-01
3.981342969254144215e+00
1.493578213824488632e+00
1.587792141501868537e+00
4.206074223830600367e-01
-4.523853683369158385e-02
6.684805114269654069e-02
-4.205954149081774229e-01
4.443236978273290561e-02
6.687591707079462711e-02
6.330636349246033800e-01
-6.808931807324407337e-02
1.006141784285491947e-01
-6.330455622628021750e-01
6.687594185476239406e-02
1.006561572302088342e-01
1.918097636255844174e+00
1.532046958280005276e-03
-1.739275965339038936e-03
-1.918097611720120055e+00
3.986427028864956393e-04
8.080798859395380528e-04
-4.974234250533219508e-04
1.289976380158819325e-07
-3.676616426291721279e-08
4.974234186897034428e-04
-1.033806700245776256e-07
-2.095606903215752048e-07
1.417727626609654383e-04
-3.676616426248353192e-08
1.047888042935950429e-08
-1.417727608474499005e-04
2.946496380521954062e-08
5.972778244266663840e-08
-1.918097611720120055e+00
4.974234186897034428e-04
-1.417727608474499005e-04
1.918097587184395270e+00
1.630827685546018882e-03
1.072968852397178765e-03
3.986427028864956393e-04
-1.033806700245776256e-07
2.946496380521954062e-08
-3.986426977873087788e-04
8.285084224235461647e-08
1.679451263305242401e-07
8.080798859395380528e-04
-2.095606903215752048e-07
5.972778244266663840e-08
-8.080798756028256639e-04
1.679451263305242401e-07
3.404378847741853049e-07
-1.538174651651870797e-02
-7.121790114072821740e-03
-9.290786981380935164e-04
1.538177862107563756e-02
-7.121591094977100002e-03
9.291129275951131921e-04
-7.121546714739488380e-03
-3.297182641499943508e-03
-4.301842618414679549e-04
7.121561578727968536e-03
-3.297203188967282646e-03
4.301670886352730746e-04
-9.291500198047600518e-04
-4.301842618414679549e-04
-5.612625057732864597e-05
9.291519591131011365e-04
-4.301869426747930878e-04
5.612400998475053452e-05
1.538177862107563756e-02
7.121561578727968536e-03
9.291519591131011365e-04
-1.538181072569965585e-02
7.121362559724839399e-03
-9.291861884927582168e-04
-7.121591094977100002e-03
-3.297203188967282646e-03
-4.301869426747930878e-04
7.121605959058172758e-03
-3.297223736562776217e-03
4.301697693615637633e-04
9.291129275951131921e-04
4.301670886352730746e-04
5.612400998475053452e-05
-9.291148668260918982e-04
4.301697693615637633e-04
-5.612176948160330683e-05
-2.596700511643479023e-02
-5.875295853430081728e-05
1.163230479562390263e-07
2.596700512502543232e-02
-5.855800983971589247e-05
-6.446018769115318236e-08
-5.842380853430082400e-05
-1.314491751595792347e-07
2.807693742462546837e-11
5.842380855363227070e-05
-1.317511179830807328e-07
-1.450305794725821590e-10
1.247904795623924470e-08
2.807693742461885093e-11
-5.998673779927798932e-15
-1.247904796042505653e-08
2.814139771259321243e-11
3.099256962180163555e-14
2.596700512502543232e-02
5.842380855363227070e-05
-1.247904796042505653e-08
-2.596700513361611257e-02
5.822885985908683119e-05
-3.938381228750853567e-08
-5.855800983971589247e-05
-1.317511179830807328e-07
2.814139771259321243e-11
5.855800985908682447e-05
-1.320537544161215386e-07
-1.453637110439740904e-10
-6.446018769115318236e-08
-1.450305794725821590e-10
3.099256962180163555e-14
6.446018771249125255e-08
-1.453637110439550652e-10
-1.599814031250090807e-13
1.735978714041642501e+00
-1.328155192550444473e-03
9.967741686670144804e-03
-1.673503647715449016e+00
3.127333563274204992e-03
-4.751116149485551214e-03
2.825579404782884232e-03
4.599076537006863141e-06
2.438014483387151987e-07
-2.723891371804568456e-03
5.090229066070928177e-06
-7.733191561144769910e-06
1.499516220035363519e-04
2.440699366744458754e-07
1.295262943776243070e-08
-1.445551056438759046e-04
2.701350751387054938e-07
-4.103953390142967006e-07
-1.673503647715449016e+00
-2.723891371804568456e-03
-1.445551056438759046e-04
1.613276957985634752e+00
-3.515893144157345319e-03
-8.529914281020535820e-04
3.127333563274204992e-03
5.090229066070928177e-06
2.701350751387054938e-07
-3.014785886157349184e-03
5.633833604561794273e-06
-8.553807495760915036e-06
-4.751116149485551214e-03
-7.733191561144769910e-06
-4.103953390142967006e-07
4.580131163228719909e-03
-8.559047917560541618e-06
1.300309991328872650e-05
2.897259733481318336e-02
-5.283408141025372414e-05
-1.017505929888044424e-04
-2.866558662002959695e-02
-1.911248723028508505e-05
-4.181224229379850821e-05
-5.140990974358705819e-05
9.122339960564850273e-08
1.797637763752663558e-07
5.086514004434016022e-05
3.391381302281835796e-08
7.419298920999550285e-08
-1.013078016554711018e-04
1.797638256173946073e-07
3.542406141615606074e-07
1.002342844888878674e-04
6.683018585995661163e-08
1.462038871080650893e-07
-2.866558662002959695e-02
5.086514004434016022e-05
1.002342844888878674e-04
2.836182917169948955e-02
1.753383405267499125e-05
4.094196180134991456e-05
-1.911248723028508505e-05
3.391381302281835796e-08
6.683018585995661163e-08
1.890996005267499096e-05
1.260802287905536188e-08
2.758252890705931149e-08
-4.181224229379850821e-05
7.419298920999550285e-08
1.462038871080650893e-07
4.136917513468324139e-05
2.758247510501897395e-08
6.034197017057429946e-08
-3.921641361732998432e-02
-1.558036358574159501e-06
-3.986859551955782892e-07
4.276802621444186769e-02
-2.107369853318597414e-07
-1.306169459332742122e-07
1.865486414258426707e-07
-8.874176816851482401e-13
-7.271857784857603452e-13
-2.034433149611551834e-07
1.002468842221575819e-12
6.213932356308402976e-13
1.293820448044111105e-07
-6.153452085365635510e-13
-4.269085085439883187e-13
-1.410994574329879449e-07
6.953331225665782366e-13
4.309747003716779545e-13
4.276802621444186769e-02
-2.034433149611551834e-07
-1.410994574329879449e-07
-4.664128862285597810e-02
-1.456506403955228475e-06
-3.825198033070883938e-07
-2.107369853318597414e-07
1.002468842221575819e-12
6.953331225665782366e-13
2.298222627114427476e-07
-1.132441828184123536e-12
-6.426363726697915256e-13
-1.306169459332742122e-07
6.213932356308402976e-13
4.309747003716779545e-13
1.424461966929093734e-07
-7.017844920496836347e-13
-4.351102811384066626e-13
-8.755316065641866041e-02
-9.503520894505109809e-07
4.549026650174854165e-07
8.748756121816374243e-02
-2.279813331979586659e-07
-2.476491325383215180e-07
2.430795772161578626e-07
-6.748835356746721648e-13
-4.949145273889643989e-13
-2.428974491639289286e-07
6.329730953490566953e-13
6.875769674101372983e-13
5.704699835095988341e-08
-1.583851119433677298e-13
-3.714231856663642084e-14
-5.700425573664922557e-08
1.485475650996949902e-13
1.613480492936527836e-13
8.748756121816374243e-02
-2.428974491639289286e-07
-5.700425573664922557e-08
-8.742201093046236826e-02
-9.327784824132511402e-07
-1.422427525647015786e-07
-2.279813331979586659e-07
6.329730953490566953e-13
1.485475650996949902e-13
2.278105175867519474e-07
-5.936595135041280338e-13
-2.902196501461740317e-13
-2.476491325383215180e-07
6.875769674101372983e-13
1.613480492936527836e-13
2.474635807684719484e-07
-6.448543745105406364e-13
-7.004912996549339336e-13
3.720610502186126323e-01
-2.864608553955136903e-04
1.502055541316192578e-03
-3.851012411327978668e-01
1.240466398363054097e-03
4.388926147405837670e-04
-5.015460273955147427e-04
6.760944673486757317e-07
3.582953329796419173e-07
5.191244757325139689e-04
-1.672174482762744940e-06
-5.916363652672118612e-07
-2.657936273504724685e-04
3.582953329796419173e-07
1.898781190401667353e-07
2.751093018678293966e-04
-8.861665670721651303e-07
-3.135368778539433473e-07
-3.851012411327978668e-01
5.191244757325139689e-04
2.751093018678293966e-04
3.985984715005309598e-01
1.060717449082103402e-03
1.610700747937648730e-03
1.240466398363054097e-03
-1.672174482762744940e-06
-8.861665670721651303e-07
-1.283942915584566002e-03
4.135764505829031545e-06
1.463285503198281587e-06
4.388926147405837670e-04
-5.916363652672118612e-07
-3.135368778539433473e-07
-4.542751533956825732e-04
1.463285503198281587e-06
5.177288168215182611e-07
2.145829981695288324e-01
4.354574646351037090e-04
1.674180672917331605e-03
-2.182851038818604539e-01
5.220074118248477744e-04
5.161307772444993997e-04
-1.124048130698228386e-03
5.888090906180920570e-06
3.376957898769232524e-06
1.143440836742501583e-03
-2.734426587758936877e-06
-2.703643067346935686e-06
-6.446679024160024106e-04
3.376957898769232524e-06
1.936764366045409802e-06
6.557900730653520079e-04
-1.568257625690497661e-06
-1.550602556355624648e-06
-2.182851038818604539e-01
1.143440836742501583e-03
6.557900730653520079e-04
2.220510803892793983e-01
1.813438288058236017e-04
1.326544157700922880e-03
5.220074118248477744e-04
-2.734426587758936877e-06
-1.568257625690497661e-06
-5.310133751941780193e-04
1.269866393587004705e-06
1.255570541426956344e-06
5.161307772444993997e-04
-2.703643067346935686e-06
-1.550602556355624648e-06
-5.250353536324110912e-04
1.255570541426956344e-06
1.241435628678228334e-06
-4.042656181183670004e-03
4.059610661193324330e-04
1.553142907073664747e-04
7.434889323715542300e-03
6.053837769935389813e-04
1.401203459960192229e-04
4.064193471193324500e-04
-4.085845501285156889e-05
-1.559750833245165946e-05
-7.474498768688703394e-04
-6.086089649396829102e-05
-1.408668385012232238e-05
1.551485280406997877e-04
-1.559750833245165946e-05
-5.954269835330150418e-06
-2.853352061174344316e-04
-2.323333909494580685e-05
-5.377520237784261248e-06
7.434889323715542300e-03
-7.474498768688703394e-04
-2.853352061174344316e-04
-1.367357914659818145e-02
2.947741803387776693e-03
3.042660667776407937e-04
6.053837769935389813e-04
-6.086089649396829102e-05
-2.323333909494580685e-05
-1.113367345278922947e-03
-9.065562368414277483e-05
-2.098288365110726611e-05
1.401203459960192229e-04
-1.408668385012232238e-05
-5.377520237784261248e-06
-2.576967265556929631e-04
-2.098288365110813347e-05
-4.856636449730722394e-06
-2.288712700298814462e-02
-2.418438157275394903e-07
1.092413316270766242e-07
2.257536185240642881e-02
-4.338796655604789422e-08
-6.297555240810487827e-08
4.364951760579217228e-08
-8.324022256397256927e-14
-1.914867517776226140e-14
-4.305493016148466907e-08
8.274208743698856996e-14
1.201054990529022381e-13
1.584866496041059748e-08
-3.022488457187417470e-14
-1.097446730340879095e-14
-1.563277672703911649e-08
3.004687834467499084e-14
4.361428275024501732e-14
2.257536185240642881e-02
-4.305493016148466907e-08
-1.563277672703911649e-08
-2.226784352184303650e-02
-2.419530580814207721e-07
-3.132362483784785667e-08
-4.338796655604789422e-08
8.274208743698856996e-14
3.004687834467499084e-14
4.279694191857745980e-08
-8.224904057345522709e-14
-1.193805163119965582e-13
-6.297555240810487827e-08
1.201054990529022381e-13
4.361428275024501732e-14
6.211770849548555476e-08
-1.193805163119965582e-13
-1.732819701720373419e-13
4.277511035673701723e-01
-2.762525319926544931e+00
-2.377207220055671255e-01
-3.793244285626176104e-01
3.626834403608710788e-01
-3.693541007818120642e-02
-5.368725450637218399e-02
5.239569227822242770e-01
2.242057818501355382e-01
-3.260556502332171425e-01
7.837607029768911104e+00
2.257071994063928333e+00
-1.944505679589318414e-01
3.880007402659971238e-01
-4.241008543881204240e-02
4.411670618970164881e+00
-6.821790895860063486e+00
6.207863197992447707e-02
-1.796684637694958009e-01
-2.033305728479667618e+00
5.161718932643555302e-01
1.820589218537965737e-01
-8.568937942974183541e-02
2.152869241618082796e-02
-9.830123905311991539e-01
1.584322977443687774e+00
2.461588213548600995e-02
-3.793244285626176104e-01
-1.944505679589318414e-01
1.820589218537965737e-01
2.929727777460009452e-01
4.415065398758122872e-01
8.785909006239249475e-02
-7.396642050080839970e-02
-7.608544779851314499e-02
-9.458146079180985988e-02
3.626834403608710788e-01
3.880007402659971238e-01
-8.568937942974183541e-02
-1.991143980395227164e-01
-4.412533288376150817e-04
1.151994593851531253e-02
-1.140163098614221937e-02
-7.208837256220650136e-02
-5.399449920098984418e-02
-3.693541007818120642e-02
-4.241008543881204240e-02
2.152869241618082796e-02
2.815274753578964756e-02
-1.728931676950899721e-02
2.730301170539191791e-03
-1.676791311389670344e-02
1.193702598831430928e-02
-6.929246805676671228e-03
-5.368725450637218399e-02
4.411670618970164881e+00
-9.830123905311991539e-01
-7.396642050080839970e-02
-1.140163098614221937e-02
-1.676791311389670344e-02
2.192135607575856682e+00
1.465080332329261825e+00
1.805633606545200109e+00
5.239569227822242770e-01
-6.821790895860063486e+00
1.584322977443687774e+00
-7.608544779851314499e-02
-7.208837256220650136e-02
1.193702598831430928e-02
-3.720832624433387359e+00
6.071115312751694582e+00
-1.536263995883419442e+00
2.242057818501355382e-01
6.207863197992447707e-02
2.461588213548600995e-02
-9.458146079180985988e-02
-5.399449920098984418e-02
-6.929246805676671228e-03
-1.457606569370465954e-01
1.106746803801242074e-01
-6.640058611176914705e-02
1.005580239475453608e+00
-1.320304974462638947e+00
4.484705146230411055e-01
-2.726204314186564948e-01
9.153371414752277391e-02
-1.362012258519137986e-02
4.285087157457005413e-01
1.642901337410063167e-01
-2.347300232827056465e-01
7.572356304793561588e-01
4.228827774224404479e+00
-5.439861867595044975e-01
-7.306111528209943695e-02
4.937193142035015830e-02
-1.232127696128204435e-02
2.211676571942177372e+00
-2.762495067369902024e+00
2.417537957472896959e-01
4.901829007964360052e-01
-2.952886129616860145e-01
4.352045381040664518e-01
-2.125965503945764085e-03
9.247116952180039345e-03
-1.584703348877732412e-02
-1.363724166068783217e-01
6.331577241371483256e-01
-2.070426454836173102e-01
-2.726204314186564948e-01
-7.306111528209943695e-02
-2.125965503945764085e-03
3.955802202627424768e-01
3.136913541444301123e-01
3.009857183127693722e-02
-5.241870767141315612e-02
-8.962824168998345664e-02
4.474147742589411336e-02
9.153371414752277391e-02
4.937193142035015830e-02
9.247116952180039345e-03
-1.052132393922353137e-01
2.847690068983248918e-02
1.544062054024055927e-02
3.004487896462576524e-02
1.548781565946871774e-02
-1.504783749220850626e-02
-1.362012258519137986e-02
-1.232127696128204435e-02
-1.584703348877732412e-02
-1.600147001988164522e-02
3.705072980300231841e-03
1.400315425255453314e-03
-6.590247815466155137e-03
-4.263152768895887151e-03
5.049457713515336475e-03
4.285087157457005413e-01
2.211676571942177372e+00
-1.363724166068783217e-01
-5.241870767141315612e-02
3.004487896462576524e-02
-6.590247815466155137e-03
1.157983327073252022e+00
3.396442327451938414e-01
2.099190251017324371e+00
1.642901337410063167e-01
-2.762495067369902024e+00
6.331577241371483256e-01
-8.962824168998345664e-02
1.548781565946871774e-02
-4.263152768895887151e-03
-1.421032120504140961e+00
2.314794282490776567e+00
-8.346820438117112939e-01
-2.347300232827056465e-01
2.417537957472896959e-01
-2.070426454836173102e-01
4.474147742589411336e-02
-1.504783749220850626e-02
5.049457713515336475e-03
1.165446367019319501e-01
-3.748666402361202632e-01
1.063194246746021615e-01
4.502429231351799954e-01
-9.222506105005909283e-02
4.084597234317918074e-02
-4.525179173208935257e-01
3.478044121353802455e-03
-6.587141785972883481e-03
-1.430880232903671868e-02
-7.792216157108769817e-03
1.003329984678664848e-02
8.915113421274099489e-03
6.627136547858805682e-02
-4.420794623752900138e-02
-4.219267800080499752e-03
-1.381810787034956980e-02
2.054019374683551530e-02
1.187587190695194028e-02
-8.751776949918809584e-03
2.574092103644917001e-02
-3.051139632154766662e-02
-3.714984650248439463e-02
8.257556680595523613e-02
1.245049335510196517e-02
2.395172491041240581e-02
-3.488311302014619752e-02
-2.274700325148147628e-02
1.500400728747860145e-02
-3.384549956379032110e-02
-4.525179173208935257e-01
-4.219267800080499752e-03
1.245049335510196517e-02
4.591769740631399532e-01
8.086004542764844288e-03
1.602986207617141876e-02
1.964776072962370890e-02
4.700764319703313807e-03
-3.327508542750231765e-03
3.478044121353802455e-03
-1.381810787034956980e-02
2.395172491041240581e-02
-8.760896422568425351e-03
7.464365807217991818e-03
-1.089939801005565360e-02
-7.317679466834510829e-03
4.407894566295905009e-03
-1.050249314571766179e-02
-6.587141785972883481e-03
2.054019374683551530e-02
-3.488311302014619752e-02
1.428364278853543404e-02
-1.093721173441982407e-02
1.603372582125413282e-02
1.074738114511092878e-02
-6.428158920480360125e-03
1.538883104515593320e-02
-1.430880232903671868e-02
1.187587190695194028e-02
-2.274700325148147628e-02
1.964776072962370890e-02
-7.317679466834510829e-03
1.074738114511092878e-02
7.480590815641275509e-03
1.439200253534486315e-02
-3.422836663362424647e-02
-7.792216157108769817e-03
-8.751776949918809584e-03
1.500400728747860145e-02
4.700764319703313807e-03
4.407894566295905009e-03
-6.428158920480360125e-03
-4.073831472655130292e-03
2.820685034508167016e-03
-8.086058910363029539e-02
1.003329984678664848e-02
2.574092103644917001e-02
-3.384549956379032110e-02
-3.327508542750231765e-03
-1.050249314571766179e-02
1.538883104515593320e-02
9.746467113387682901e-03
-6.566317887681455585e-03
1.610784883146978291e-02
4.774736972131569668e-01
4.996466408535317309e-03
3.773600711696566828e-02
-8.074608728261847279e-01
7.348026492642015413e-03
-1.277961431166251688e-02
-2.555683740546671814e-02
-7.005848342998788510e-03
1.121944916995211601e-02
-3.449367516797959953e-03
1.856982739714028996e-02
-2.915580059826315684e-02
9.830064366857266690e-04
-1.088354867362835085e-02
1.841900132680303337e-02
1.581219909471241747e-02
-5.973826066316276912e-03
1.440200607845955501e-02
-3.578375644141427309e-02
-2.931220096735001612e-02
4.471107191717237778e-02
4.816467863818942432e-04
1.735203558566913301e-02
-2.949007312286002977e-02
-2.593780346395437031e-02
9.122440206256835285e-03
-2.227609923427299743e-02
-8.074608728261847279e-01
9.830064366857266690e-04
4.816467863818942432e-04
4.702868147511832797e-01
2.773088979513872385e-02
3.835902453487389108e-03
3.148414058836376296e-04
7.719554796404735561e-05
-8.191212736291538605e-04
7.348026492642015413e-03
-1.088354867362835085e-02
1.735203558566913301e-02
-1.219059574861272718e-03
6.359979530736504204e-03
-1.064840037437049698e-02
-9.157389274573490834e-03
3.535207832493948623e-03
-8.490606735156964319e-03
-1.277961431166251688e-02
1.841900132680303337e-02
-2.949007312286002977e-02
6.117280919743184288e-04
-1.074828822765347067e-02
1.816007476664726131e-02
1.542595632912432263e-02
-6.007305325141729622e-03
1.440901009203775403e-02
-2.555683740546671814e-02
1.581219909471241747e-02
-2.593780346395437031e-02
3.148414058836376296e-04
-9.157389274573490834e-03
1.542595632912432263e-02
1.285633220907852863e-02
1.226446311354839613e-02
-1.651793872165068650e-02
-7.005848342998788510e-03
-5.973826066316276912e-03
9.122440206256835285e-03
7.719554796404735561e-05
3.535207832493948623e-03
-6.007305325141729622e-03
-5.279610477118271659e-03
1.861188986002068353e-03
-4.740843556199774572e-02
1.121944916995211601e-02
1.440200607845955501e-02
-2.227609923427299743e-02
-8.191212736291538605e-04
-8.490606735156964319e-03
1.440901009203775403e-02
1.255425639828799955e-02
-4.542883563408033933e-03
1.103744642743223828e-02
-8.131466204012570698e-01
-6.202278963650943444e-01
2.458245313488812422e-01
6.151521543822248139e-01
-4.660363993159084145e-02
1.946551401504172801e-02
-1.871573241530977427e-01
3.596042376412236230e-01
3.107145006948472954e-01
-1.711814247222948060e-01
-3.213744096325100164e-01
-3.374533281640096360e-01
4.137428180275747325e-01
1.281406014567016527e+00
5.825997875498088341e+00
3.057813101577352977e-01
-5.313527426690100697e+00
-3.991584419804342421e+00
4.709832051828105604e-02
1.078468143484188624e-01
-3.657459346023012037e-02
-6.274413955075541782e-02
1.597986322336453491e-01
-6.308827380502889104e-02
2.458245313488827410e-01
-2.978938832352646671e-01
-5.949862475993805688e-01
-3.280039672941206796e-01
-2.807090619557843336e+00
-3.705007085793825983e+00
8.766803094437529420e-02
1.504191608515731415e-02
-6.827893471187290730e-02
-7.973140307206331989e-02
1.079813729636835973e-02
-5.913734910350244844e-02
6.151521543822248139e-01
3.057813101577352977e-01
-3.280039672941206796e-01
2.275340899532729277e-01
1.513333328538804867e+00
3.041391526825111824e-01
-2.238826888873296506e-02
-2.374280170145850327e-02
-6.001740000668771141e-02
7.041663048331567309e-02
1.460420782727440414e-01
1.122148042960976685e-02
-4.660363993159084145e-02
-5.313527426690100697e+00
-2.807090619557843336e+00
-1.187574100235858410e+00
4.321922423443136374e+00
5.650405282235904103e-02
1.341461493025618568e-01
-9.491556006456976224e-02
-9.418790665944917762e-02
-3.805752719019757369e-02
-1.466620812740021818e-01
-2.323319691815876192e-03
1.946551401504172801e-02
-3.991584419804342421e+00
-3.705007085793825983e+00
3.041391526825110714e-01
6.171313568983585185e-01
1.838117735148819376e+00
5.390118816305713989e-02
2.270283330431905333e-01
5.450473606237164065e-02
-2.962846543641322120e-02
1.825811179978860110e-01
-2.205645661121185749e-02
-1.871573241530977427e-01
4.709832051828105604e-02
8.766803094437529420e-02
-2.238826888873296506e-02
1.341461493025618568e-01
5.390118816305713989e-02
9.618276507395315256e-02
4.062411113591979372e-01
-3.026330883064213828e-01
-7.723097172645231046e-02
3.018787516456928818e-02
1.161601477762577023e-01
3.596042376412236230e-01
1.078468143484188624e-01
1.504191608515731415e-02
-2.374280170145850327e-02
-9.491556006456976224e-02
2.270283330431905333e-01
3.624421640253069898e-02
2.945818019772155488e-03
-1.375619981453756746e-01
-3.331630306063956826e-02
2.239665601329059175e-02
4.268134061595343920e-02
3.107145006948472954e-01
-3.657459346023012037e-02
-6.827893471187290730e-02
-6.001740000668771141e-02
-9.418790665944917762e-02
5.450473606237164065e-02
9.311763986196786025e-02
5.737142228373970365e-02
1.491480554964004501e-01
-1.119158771332317143e-01
5.777976488041045716e-03
7.881359401526706610e-02
-1.711814247222948060e-01
-6.274413955075541782e-02
-7.973140307206331989e-02
7.041663048331567309e-02
-3.805752719019757369e-02
-2.962846543641322120e-02
-7.723097172645231046e-02
-3.331630306063956826e-02
-1.119158771332317143e-01
8.573370406548368183e-02
-4.345005265752998058e-01
3.263057775072161770e-01
-3.213744096325100164e-01
1.597986322336453491e-01
1.079813729636835973e-02
1.460420782727440414e-01
-1.466620812740021818e-01
1.825811179978860110e-01
3.018787516456928818e-02
2.239665601329059175e-02
5.777976488041045716e-03
3.059138966986490321e-04
6.492322580257003928e-02
-1.299302063409778496e-01
-3.374533281640096360e-01
-6.308827380502889104e-02
-5.913734910350244844e-02
1.122148042960976685e-02
-2.323319691815876192e-03
-2.205645661121185749e-02
1.161601477762577023e-01
4.268134061595343920e-02
7.881359401526706610e-02
-7.402680735128029654e-02
6.726010704144118335e-02
1.449530460661976050e-01
3.068528777998519308e-01
-9.184382059596925968e-03
7.636145909272779031e-02
-2.142738119780696060e-02
-1.003989749638270479e-02
-1.634192849215066606e-02
-7.852985939888272593e-02
-4.683401453508024767e-03
-1.038013051549508681e-01
-1.042164660685171579e-01
8.256039292059477730e-02
9.787600393866036086e-02
-1.009046388702633940e-01
4.039313870350252356e-01
7.447077840665879134e-02
-3.693018557543648051e-02
-2.058946410485680834e-01
1.063442343429717857e-02
1.666088617492822443e-02
-3.973511497277642385e-02
1.405596928960861809e-02
1.027452277145262799e-01
-1.007852227671059420e-01
-8.725818646691216318e-02
-5.190420923850960766e-02
4.031428415517956249e-02
6.237198881996048883e-01
1.177615569597258507e-02
5.394117620265292262e-02
-4.600968742042620824e-02
-1.305124755482339471e-01
-7.894312145169179312e-03
-2.464021783306405700e-01
1.146489840236764729e-01
-9.072395426112159211e-02
-1.731635174312420589e-01
-2.142738119780696060e-02
-3.693018557543648051e-02
1.177615569597258507e-02
1.150594931933985807e-02
-2.802070872900109394e-02
-3.642028381882240519e-03
8.997909189196537025e-03
1.886356723767658450e-02
-4.420327605257392753e-03
-3.715291971449529232e-03
9.044368247603207581e-03
-8.180386318154595979e-03
-1.003989749638270479e-02
-2.058946410485680834e-01
5.394117620265292262e-02
1.640860328166562562e-02
1.498980052136989760e-01
-1.408451012849314399e-01
-1.152187517822093193e-02
-8.196499588175183357e-03
-3.029093666588915205e-03
-2.063258766115969381e-03
4.328037339123624871e-03
4.016172840927643983e-02
-1.634192849215066606e-02
1.063442343429717857e-02
-4.600968742042620824e-02
2.495029362894073469e-03
-1.183767431725343822e-02
9.628974209694912689e-03
2.546816576505998506e-02
8.932022969912269822e-03
9.184519846753662342e-03
1.509102741840140371e-02
-1.010447839089202021e-02
2.699109429169638946e-02
-7.852985939888272593e-02
1.666088617492822443e-02
-1.305124755482339471e-01
8.997909189196537025e-03
-1.152187517822093193e-02
2.546816576505998506e-02
2.019387242011297934e-01
8.241060757093241970e-03
2.348925019386529922e-01
4.647142091939493284e-03
8.158981967425784493e-03
3.297984990817388190e-02
-4.683401453508024767e-03
-3.973511497277642385e-02
-7.894312145169179312e-03
1.886356723767658450e-02
-8.196499588175183357e-03
8.932022969912269822e-03
-1.071213215557342835e-02
5.284954037345418465e-02
-5.395991237763075876e-03
-1.015203901077032546e-02
1.963123080998448178e-02
-4.869217951572694242e-04
-1.038013051549508681e-01
1.405596928960861809e-02
-2.464021783306405700e-01
-4.420327605257392753e-03
-3.029093666588915205e-03
9.184519846753662342e-03
-9.751956133597763920e-02
1.260125525644503405e-02
3.871507223850593205e-01
-2.619722481552808069e-02
4.706626976108169332e-03
-1.065566766459137733e-02
-1.042164660685171579e-01
1.027452277145262799e-01
1.146489840236764729e-01
-3.715291971449529232e-03
-2.063258766115969381e-03
1.509102741840140371e-02
4.647142091939493284e-03
-1.015203901077032546e-02
-2.619722481552808069e-02
1.955448121459392452e-01
-9.749279289810905413e-02
-1.803022298625225894e-01
8.256039292059477730e-02
-1.007852227671059420e-01
-9.072395426112159211e-02
9.044368247603207581e-03
4.328037339123624871e-03
-1.010447839089202021e-02
8.158981967425784493e-03
1.963123080998448178e-02
4.706626976108169332e-03
-1.649847721474422546e-01
1.432891778167793007e-01
1.587015791016267718e-01
9.787600393866036086e-02
-8.725818646691216318e-02
-1.731635174312420589e-01
-8.180386318154595979e-03
4.016172840927643983e-02
2.699109429169638946e-02
3.297984990817388190e-02
-4.869217951572694242e-04
-1.065566766459137733e-02
9.735029136752773593e-02
-8.144903074413765987e-02
2.814363744550344437e-01
3.061607138855880206e-01
5.182961867255326399e-02
6.899176245668733540e-03
-1.278485311186545841e-02
8.976869357887596462e-03
-2.519399826806228157e-04
-7.479616073086896300e-02
-5.646915531847382722e-03
-1.453371594310444159e-01
-1.229625885390002865e-01
6.681289804240557462e-02
8.564918610690332168e-02
-1.325090315674469499e-01
1.089040100209675010e-01
6.767737376398436089e-02
-1.451305207860065054e-02
2.639015397351730449e-02
-5.039787465720004661e-03
1.184090424683554438e-02
-2.913188935208031391e-02
3.717071554287953994e-02
5.531765529187117336e-02
-6.382189333823874711e-02
-6.712011593599247206e-02
-1.219276780654213362e-02
6.903437003993276311e-02
6.057513917956934835e-01
2.984883216582753709e-03
-5.907741550071267389e-03
-1.586706775885814852e-02
-1.010977847424001375e-01
1.403582251561771854e-03
-2.776144625335812965e-01
1.153894074308522699e-01
-5.234402024750378635e-02
-2.300749131902546651e-01
-1.278485311186545841e-02
-1.451305207860065054e-02
2.984883216582753709e-03
3.262808910025222567e-03
-6.513733881375709245e-04
1.363441713649211949e-03
2.696447310934886599e-03
9.053327017551904277e-03
1.204017606968208051e-03
5.194156269031819512e-03
6.948597824859945905e-03
-3.496320691847160642e-04
8.976869357887596462e-03
2.639015397351730449e-02
-5.907741550071267389e-03
4.628411685862398803e-03
-3.415035028808451750e-02
7.740836126409533086e-03
4.446417150764673566e-03
-6.311121509963969756e-03
6.684482283843587794e-03
3.092144350203729960e-03
-7.127928037223433058e-03
-3.641267800372847540e-03
-2.519399826806228157e-04
-5.039787465720004661e-03
-1.586706775885814852e-02
2.089057948174424025e-03
-4.453472021720280075e-03
8.864286652004600350e-03
1.161596589445669167e-02
1.125279904589122047e-02
4.056866214808238155e-03
-7.380901950747940921e-03
-7.012196018452652654e-03
8.476911255370840961e-03
-7.479616073086896300e-02
1.184090424683554438e-02
-1.010977847424001375e-01
2.696447310934886599e-03
4.446417150764673566e-03
1.161596589445669167e-02
6.698538258543330903e-02
-4.439410587311732465e-02
3.047092897551379465e-01
4.304259131921472914e-02
-5.020318567219105022e-02
9.077687432191859640e-02
-5.646915531847382722e-03
-2.913188935208031391e-02
1.403582251561771854e-03
9.053327017551904277e-03
-6.311121509963969756e-03
1.125279904589122047e-02
-8.235373311784031577e-03
4.300633312050919366e-02
-1.409267203499894316e-01
-3.250388886936864813e-02
3.567289168629755175e-02
-5.088914742997725782e-02
-1.453371594310444159e-01
3.717071554287953994e-02
-2.776144625335812965e-01
1.204017606968208051e-03
6.684482283843587794e-03
4.056866214808238155e-03
3.193867638316387481e-02
3.324848088757131892e-02
2.934354371513302473e-01
-6.729299309135144957e-02
6.195627371411747270e-02
-6.720023480394110571e-02
-1.229625885390002865e-01
5.531765529187117336e-02
1.153894074308522699e-01
5.194156269031819512e-03
3.092144350203729960e-03
-7.380901950747940921e-03
4.304259131921472914e-02
-3.250388886936864813e-02
-6.729299309135144957e-02
1.327105978798538699e-01
-1.124294775313147837e-01
-2.253769590384376298e-01
6.681289804240557462e-02
-6.382189333823874711e-02
-5.234402024750378635e-02
6.948597824859945905e-03
-7.127928037223433058e-03
-7.012196018452652654e-03
-5.020318567219105022e-02
3.567289168629755175e-02
6.195627371411747270e-02
-8.157428273998157398e-02
1.044516634728167304e-01
1.925158909923166684e-01
8.564918610690332168e-02
-6.712011593599247206e-02
-2.300749131902546651e-01
-3.496320691847160642e-04
-3.641267800372847540e-03
8.476911255370840961e-03
9.077687432191859640e-02
-5.088914742997725782e-02
-6.720023480394110571e-02
3.257159499330724434e-02
-6.217449618235728476e-02
3.012558390590030499e-01
5.669418965298135049e+00
-1.259830397448716971e-02
-3.507030757449294822e-01
-5.669418889512560789e+00
-1.283868733104858925e-02
1.192036740898875791e-01
-1.277946199448718421e-02
2.880624096712747217e-05
-2.686179598603566365e-04
1.277946182365734609e-02
2.893974105622199033e-05
-2.686975212028985815e-04
1.191683778790705722e-01
-2.686179598602733698e-04
2.504860264032977152e-03
-1.191683762860950013e-01
-2.698628470931621615e-04
2.505602172897046509e-03
-5.669418889512560789e+00
1.277946182365734609e-02
-1.191683762860950013e-01
5.669418813726987416e+00
1.301984517942806480e-02
3.506677811275591417e-01
-1.283868733104858925e-02
2.893974105622199033e-05
-2.698628470931621615e-04
1.283868715942805203e-02
2.907385984007859747e-05
-2.699427771559320677e-04
1.192036740898875791e-01
-2.686975212028985815e-04
2.505602172897046509e-03
-1.192036724964409405e-01
-2.699427771559598233e-04
2.506344301506390794e-03
-1.470079200501777095e-01
-2.115862245549843060e-06
8.006823929865699672e-07
1.470079200499372074e-01
-5.371341568448873408e-07
-4.330788258901093208e-07
5.366104211168194793e-07
-1.958752604558355870e-12
5.144972956573421084e-13
-5.366104210737729473e-07
1.960646922594122543e-12
1.580888393611869949e-12
5.543372632024742499e-08
-2.023015530807846560e-13
-2.086534413914939258e-14
-5.543372632017101997e-08
2.025834957575119406e-13
1.633345811654445021e-13
1.470079200499372074e-01
-5.366104210737729473e-07
-5.543372632017101997e-08
-1.470079200496969274e-01
-2.115338509808363490e-06
-3.121698407769351714e-07
-5.371341568448873408e-07
1.960646922594122543e-12
2.025834957575119406e-13
5.371341568582990488e-07
-1.962582873993312660e-12
-2.299109067482335162e-12
-4.330788258901093208e-07
1.580888393611869949e-12
1.633345811654445021e-13
4.330788258893874370e-07
-1.582310218818422008e-12
-1.275840564297387403e-12
-9.078584623975749501e-02
-1.190348580005034233e-06
3.477917200253582723e-07
9.078584623980212598e-02
-1.688290531981903733e-07
-1.116882024079441886e-07
1.530450866616332368e-07
-2.579453284703277670e-13
5.369754506700366917e-13
-1.530450866097332782e-07
2.845840002451708223e-13
1.882852447699299312e-13
-1.227072799745243705e-07
2.068627981445258334e-13
-1.658270959783991749e-13
1.227072799745841128e-07
-2.282079127612682080e-13
-1.509703820290475562e-13
9.078584623980212598e-02
-1.530450866097332782e-07
1.227072799745841128e-07
-9.078584623984667368e-02
-1.174263280140182809e-06
-3.612451309252165747e-07
-1.688290531981903733e-07
2.845840002451708223e-13
-2.282079127612682080e-13
1.688290531931508978e-07
-3.139491338686483808e-13
-5.395035366821133510e-13
-1.116882024079441886e-07
1.882852447699299312e-13
-1.509703820290475562e-13
1.116882024079988222e-07
-2.076829014356521645e-13
-1.373999655371327400e-13
-7.944264309993089024e-02
-1.052690035041134944e-06
7.159246482364237771e-07
7.944264309968104842e-02
-2.473130699226739138e-07
-4.912376965843394465e-07
2.443432982921964844e-07
-7.515419493328567846e-13
-5.354042030472383819e-13
-2.443432982925105748e-07
7.606696305825777493e-13
1.510947316513152572e-12
2.712366482365246355e-07
-8.342040160342843783e-13
-9.260529685180293286e-13
-2.712366482356587032e-07
8.444308775036494995e-13
1.677203564991603309e-12
7.944264309968104842e-02
-2.443432982925105748e-07
-2.712366482356587032e-07
-7.944264309943116498e-02
-1.049720263406937293e-06
4.654969658290783713e-08
-2.473130699226739138e-07
7.606696305825777493e-13
8.444308775036494995e-13
2.473130699263940296e-07
-7.699113699008441891e-13
-1.828038813870087435e-12
-4.912376965843394465e-07
1.510947316513152572e-12
1.677203564991603309e-12
4.912376965828070580e-07
-1.529238599349409578e-12
-3.037595388974591679e-12
2.684023829935243022e+00
3.566711358182214631e-01
-7.830029061951955527e-02
-2.683999331261649690e+00
1.088223949667120188e-01
2.366892791419427516e-02
-1.178630101891122300e-01
5.175695169284330599e-03
-1.196019708137013859e-03
1.178619343836795619e-01
-4.778696412346475353e-03
-1.039368973107503147e-03
2.723627958114702499e-02
-1.196021384751888572e-03
2.763816465217875176e-04
-2.723603097950787547e-02
1.104281244058483852e-03
2.401817490830888621e-04
-2.683999331261649690e+00
1.178619343836795619e-01
-2.723603097950787547e-02
2.683974832811671707e+00
3.657127443270082323e-01
8.186785832678175612e-02
1.088223949667120188e-01
-4.778696412346475353e-03
1.104281244058483852e-03
-1.088214016803253914e-01
4.412149219471722672e-03
9.596430900188426816e-04
2.366892791419427516e-02
-1.039368973107503147e-03
2.401817490830888621e-04
-2.366871187388482067e-02
9.596447666337173943e-04
2.087232394726011055e-04
1.730353552133178541e+00
-3.282119983780637518e-02
-2.489948933638799159e-03
-1.730353424305412613e+00
-9.958303449102520744e-03
8.377836865976351225e-04
1.030831563152712071e-02
6.141020777457317781e-05
5.617877950587525648e-06
-1.030831487001283679e-02
-5.932506393284409096e-05
4.990967689188618300e-06
9.430168236945496050e-04
5.617877950587525648e-06
5.139300739467054287e-07
-9.430167540303362964e-04
-5.427126542428134526e-06
4.565795873260464471e-07
-1.730353424305412613e+00
-1.030831487001283679e-02
-9.430167540303362964e-04
1.730353296477656455e+00
-3.317121275588852392e-02
2.595182132625975004e-03
-9.958303449102520744e-03
-5.932506393284409096e-05
-5.427126542428134526e-06
9.958302713444968507e-03
5.731071980255575404e-05
-4.821502613088640699e-06
8.377836865976351225e-04
4.990967689188618300e-06
4.565795873260464471e-07
-8.377836247073731099e-04
-4.821502613088640699e-06
4.056289562711593716e-07
2.788191052874102183e-01
1.664622981654741380e-06
8.188630858126316660e-08
-2.788191052873399411e-01
6.446095259441129523e-07
3.975736988851294718e-07
-6.551650183452536367e-07
1.539473409861713549e-12
1.933510981225563304e-12
6.551650181478368323e-07
-1.514677272496101068e-12
-9.343477995631447285e-13
-8.860176914187277504e-07
2.082047856231874095e-12
2.815562498220970782e-12
8.860176914185014867e-07
-2.048542324508751452e-12
-1.263389752549911252e-12
-2.788191052873399411e-01
6.551650181478368323e-07
8.860176914185014867e-07
2.788191052872693865e-01
1.675178474073017541e-06
-1.365477698885015688e-06
6.446095259441129523e-07
-1.514677272496101068e-12
-2.048542324508751452e-12
-6.446095259269769464e-07
1.490314815999482789e-12
1.067771225780824070e-12
3.975736988851294718e-07
-9.343477995631447285e-13
-1.263389752549911252e-12
-3.975736988850251808e-07
9.192343524685791731e-13
5.669405361807950651e-13
1.270950932441291259e-01
4.623858254450685346e-07
-2.907266631402404675e-07
-1.270950932439077752e-01
3.352109729847156390e-07
4.341459387077197331e-07
-3.395365078882648865e-07
9.070101293043234382e-13
1.499714753967242020e-12
3.395365078074956892e-07
-8.954824348255650665e-13
-1.160247238725636149e-12
-5.862413298068985052e-07
1.566568990957369067e-12
2.704031443201415641e-12
5.862413298058356906e-07
-1.546591237781662354e-12
-2.002474575046875316e-12
-1.270950932439077752e-01
3.395365078074956892e-07
5.862413298058356906e-07
1.270950932436863690e-01
4.667113603815862632e-07
-7.296606053736210528e-07
3.352109729847156390e-07
-8.954824348255650665e-13
-1.546591237781662354e-12
-3.352109729517471579e-07
8.841109098626998892e-13
1.212309231138092996e-12
4.341459387077197331e-07
-1.160247238725636149e-12
-2.002474575046875316e-12
-4.341459387069630151e-07
1.145454994147965949e-12
1.482924893991821591e-12
6.313337753552870739e-03
-4.502954674417094937e-07
-1.360715569271841875e-07
-6.313337754222466194e-03
2.430891318461158348e-08
6.736325251728648183e-08
-7.807467441708185347e-09
9.603429163007604075e-15
-9.663106617843499589e-15
7.807467485750484003e-09
-3.005234949782220610e-14
-8.338111907654735232e-14
4.434077640614367687e-08
-5.475240386635135236e-14
3.114954504271970177e-13
-4.434077641084781331e-08
1.706705196864530853e-13
4.730642786377927599e-13
-6.313337754222466194e-03
7.807467485750484003e-09
-4.434077641084781331e-08
6.313337754892071191e-03
-4.667969132194551157e-07
1.130490808088981552e-07
2.430891318461158348e-08
-3.005234949782220610e-14
1.706705196864530853e-13
-2.430891321945388672e-08
9.366118991493976864e-14
2.143562328039338579e-13
6.736325251728648183e-08
-8.338111907654735232e-14
4.730642786377927599e-13
-6.736325252442972243e-08
2.594455188094028248e-13
7.187889498464442080e-13
-7.588394361978870184e-02
-1.193555692156000697e-06
4.634706289026458040e-07
7.588394361948358480e-02
-1.372163502709816704e-07
-2.479369499489524833e-07
1.454949745106664811e-07
-2.789643516187823025e-13
-4.928636915290098507e-14
-1.454949745233816632e-07
2.631020401544503784e-13
4.753900850121651545e-13
2.570196223597848410e-08
-4.928636917937076467e-14
-8.711480779087619219e-15
-2.570196223587330644e-08
4.651317579264277848e-14
8.399049685415949408e-14
7.588394361948358480e-02
-1.454949745233816632e-07
-2.570196223587330644e-08
-7.588394361917878694e-02
-1.201834316401322565e-06
-1.898317167187087305e-07
-1.372163502709816704e-07
2.631020401544503784e-13
4.651317579264277848e-14
1.372163502653446662e-07
-2.481695404732420229e-13
-4.482903074770609215e-13
-2.479369499489524833e-07
4.753900850121651545e-13
8.399049685415949408e-14
2.479369499479586490e-07
-4.482903073976515827e-13
-8.100761872801720447e-13
-8.961128738030867125e-02
-6.542330463417514496e-05
4.638569198161690980e-07
8.961128736324129596e-02
-6.476084370999349521e-05
-2.623089542104986873e-07
-6.421769263417515146e-05
-4.602000672752253399e-08
4.495650781083154177e-11
6.421769262196200701e-05
-4.640924239753072694e-08
-1.879771096777330754e-10
6.273358648283381192e-08
4.495650781080507199e-11
-4.388434060758465717e-14
-6.273358647094398397e-08
4.533674603742763906e-11
1.836551003993442060e-13
8.961128736324129596e-02
6.421769262196200701e-05
-6.273358647094398397e-08
-8.961128734617404556e-02
6.355523169765973977e-05
-1.388143791728101397e-07
-6.476084370999349521e-05
-4.640924239753072694e-08
4.533674603742763906e-11
6.476084369765974682e-05
-4.680177018422668547e-08
-1.895670079386108192e-10
-2.623089542104986873e-07
-1.879771096777330754e-10
1.836551003993442060e-13
2.623089541605251728e-07
-1.895670079385380273e-10
-7.677667767433535456e-13
3.082194964528169212e+00
9.733606350718064792e-01
-8.713314637982441102e-01
-3.082419013866445567e+00
3.106220329035003780e-01
3.104835544718760887e-01
-3.059153406881943704e-01
3.036284100954148371e-02
-3.234261739107859718e-02
3.059375781295091135e-01
-3.082999165027751343e-02
-3.081624732940496658e-02
3.258623559624227450e-01
-3.234263075144774152e-02
3.445151142462780924e-02
-3.258860433819598112e-01
3.284024165267777906e-02
3.282560114209855107e-02
-3.082419013866445567e+00
3.059375781295091135e-01
-3.258860433819598112e-01
3.082643079491204752e+00
9.686313632787213468e-01
8.866876957772146239e-01
3.106220329035003780e-01
-3.082999165027751343e-02
3.284024165267777906e-02
-3.106446124812793363e-01
3.130432968567115753e-02
3.129036053975313425e-02
3.104835544718760887e-01
-3.081624732940496658e-02
3.282560114209855107e-02
-3.105061239834522868e-01
3.129037390012300024e-02
3.127642433620269474e-02
1.079786461354407257e-01
1.794864159229313998e-04
5.924007861733094293e-06
-1.079786460479632282e-01
6.734242273620900064e-05
4.695182540123743191e-06
-6.736113007707298132e-05
4.202239997094785432e-08
9.913601420948481985e-09
6.736113002254120346e-05
-4.201072951005564717e-08
-2.929030994174497068e-09
-1.589131980493346170e-05
9.913601420948481985e-09
2.338740645591030898e-09
1.589131979205946215e-05
-9.910848250616792823e-09
-6.909944613026075544e-10
-1.079786460479632282e-01
6.736113002254120346e-05
1.589131979205946215e-05
1.079786459604858140e-01
1.795051233183462809e-04
-2.651051020298651647e-05
6.734242273620900064e-05
-4.201072951005564717e-08
-9.910848250616792823e-09
-6.734242268165812728e-05
4.199906252348676066e-08
2.928217547235566209e-09
4.695182540123743191e-06
-2.929030994174497068e-09
-6.909944613026075544e-10
-4.695182536319957088e-06
2.928217547235566209e-09
2.041583378048494879e-10
-3.064067338031727095e-02
-3.064162018737493692e-07
1.526649810120657806e-07
3.064067338028341261e-02
-8.968249329418238785e-08
-8.596858890529582539e-08
9.626846479291684723e-08
-3.024768960525523666e-13
-5.570506180479624518e-14
-9.626846479116910062e-08
2.817859954061882659e-13
2.701216564097775397e-13
1.773564767873294755e-08
-5.570506181306805131e-14
-1.026457564778926468e-14
-1.773564767871585469e-08
5.193781933825307902e-14
4.976178974089306983e-14
3.064067338028341261e-02
-9.626846479116910062e-08
-1.773564767871585469e-08
-3.064067338024958551e-02
-3.130021733715219432e-07
-4.896074442813408228e-08
-8.968249329418238785e-08
2.817859954061882659e-13
5.193781933825307902e-14
8.968249329514428640e-08
-2.625031175749085297e-13
-2.515821957168293866e-13
-8.596858890529582539e-08
2.701216564097775397e-13
4.976178974089306983e-14
8.596858890519874748e-08
-2.515821956920656670e-13
-2.412015357410035588e-13
-6.378684609929667453e-03
3.783177620232647096e-05
-1.042692160427454481e-04
7.057911169819841395e-03
4.242140451250247981e-05
-1.082203971712505496e-04
3.948914820232647655e-05
-2.444693413290998383e-07
6.423575057449767978e-07
-4.369410266030670695e-05
-2.626223480417045134e-07
6.699706231756002994e-07
-1.037600577094121283e-04
6.423575623676520963e-07
-1.687832246716203244e-06
1.148088226761315525e-04
6.900556541889618645e-07
-1.760387186799938775e-06
7.057911169819841395e-03
-4.369410266030670695e-05
1.148088226761315525e-04
-7.809464353124086732e-03
-4.854966209075608688e-05
1.192209643550399016e-04
4.242140451250247981e-05
-2.626223480417045134e-07
6.900556541889618645e-07
-4.693859675742275057e-05
-2.821233014789665833e-07
7.197191813591505283e-07
-1.082203971712505496e-04
6.699706231756002994e-07
-1.760387186799938775e-06
1.197441160217065624e-04
7.197191154747865915e-07
-1.836061050169979225e-06
-1.175849624955296047e-01
6.019416202006864640e-05
2.585859266999692352e-06
1.151902971625980571e-01
8.320625309001376574e-05
-1.574760540927820738e-04
6.198831368673530910e-05
-3.267893215919077901e-08
-1.057714270146338856e-09
-6.072589659968585866e-05
-4.386458259643377159e-08
8.301805636624958254e-08
2.005707266999800435e-06
-1.057366608522456938e-09
-3.421238986556218720e-11
-1.964860227052340981e-06
-1.419291844478604708e-09
2.686150038511136984e-09
1.151902971625980571e-01
-6.072589659968585866e-05
-1.964860227052340981e-06
-1.128444001579890082e-01
-8.333506608284031833e-05
1.536879922072771762e-04
8.320625309001376574e-05
-4.386458259643377159e-08
-1.419291844478604708e-09
-8.151172408284031677e-05
-5.887896204527465399e-08
1.114343660141444391e-07
-1.574760540927820738e-04
8.301805636624958254e-08
2.686150038511136984e-09
1.542689905406105207e-04
1.114342525745590229e-07
-2.109003318095936663e-07
-1.143764138943016567e-01
5.547800245952376144e-05
2.799507438999976062e-05
1.120686808959626829e-01
5.694589447244140495e-05
-2.850891022795728260e-05
5.688008579285708932e-05
-2.828681226667680916e-08
-1.368868232201375830e-08
-5.573243614674084197e-05
-2.831953932445432942e-08
1.417765431574111168e-08
2.752541638999977583e-05
-1.368855686209569621e-08
-6.624167714353035308e-09
-2.697004566684571621e-05
-1.370439414151382231e-08
6.860851733958561738e-09
1.120686808959626829e-01
-5.573243614674084197e-05
-2.697004566684571621e-05
-1.098075102211859833e-01
-5.720101336086525368e-05
2.746840155943314440e-05
5.694589447244140495e-05
-2.831953932445432942e-08
-1.370439414151382231e-08
-5.579691702753191915e-05
-2.835230424944567640e-08
1.419414522385391807e-08
-2.850891022795728260e-05
1.417765431574111168e-08
6.860851733958561738e-09
2.793369589276646807e-05
1.419405744696123012e-08
-7.105992703981822700e-09
-1.086770825064879986e-01
1.682215931450838314e-04
7.031848438524766461e-05
1.078630049330668306e-01
1.702924498457892828e-04
-7.087956034004672524e-05
1.694430428117505068e-04
-2.641858254184995847e-07
-1.089224509970363863e-07
-1.681737799833526222e-04
-2.655101719209458741e-07
1.105113249448661395e-07
6.986043405191435032e-05
-1.089223619602668926e-07
-4.490809046853172504e-08
-6.933712397292997516e-05
-1.094683827255441173e-07
4.556321103743599110e-08
1.078630049330668306e-01
-1.681737799833526222e-04
-6.933712397292997516e-05
-1.070550254465678780e-01
-1.703013032847865886e-04
6.989525652989711795e-05
1.702924498457892828e-04
-2.655101719209458741e-07
-1.094683827255441173e-07
-1.690168242847865817e-04
-2.668411572717870258e-07
1.110653957616744981e-07
-7.087956034004672524e-05
1.105113249448661395e-07
4.556321103743599110e-08
7.034861619656376992e-05
1.110653110543411196e-07
-4.622788874614203181e-08
1.445116133284601867e-01
1.290306405196972616e-04
4.655508505815139815e-04
-1.479124366321503126e-01
5.200429056165610774e-05
2.735865225051612956e-04
9.334241418636450170e-05
6.029139185950369018e-08
-1.414677855441845433e-07
-9.553906157042056364e-05
3.359042159196577379e-08
1.767140081622257941e-07
-2.190187407518222090e-04
-1.414677855441845433e-07
3.319401651012687804e-07
2.241729565296241651e-04
-7.881660203440041257e-08
-4.146419394432387939e-07
-1.479124366321503126e-01
-9.553906157042056364e-05
2.241729565296241651e-04
1.513932922521127322e-01
-1.315629242030433039e-04
6.423871942118604753e-04
5.200429056165610774e-05
3.359042159196577379e-08
-7.881660203440041257e-08
-5.322811886971124008e-05
1.871438696075962936e-08
9.845349284486396013e-08
2.735865225051612956e-04
1.767140081622257941e-07
-4.146419394432387939e-07
-2.800248937881399903e-04
9.845349284443027926e-08
5.179485826137253390e-07
-1.205961597631458916e-02
3.949168599097331936e-04
2.112884158904585670e-05
1.367326883259435688e-02
4.594566254079444131e-04
4.117361835243155528e-05
3.954238945763999345e-04
-1.296559166638275307e-05
-6.874617713405141353e-07
-4.483341114670524332e-04
-1.506516696424264889e-05
-1.350045685926523826e-06
2.096617092237918815e-05
-6.874617713405141353e-07
-3.645060700085006746e-08
-2.377157713602551733e-05
-7.987854803026962595e-07
-7.158213999671286727e-08
1.367326883259435688e-02
-4.483341114670524332e-04
-2.377157713602551733e-05
-1.550283864225773800e-02
8.071253891798036264e-04
1.946961802200583938e-04
4.594566254079444131e-04
-1.506516696424264889e-05
-7.987854803026962595e-07
-5.209348264868536972e-04
-1.750473572673799660e-05
-1.568664523090020188e-06
4.117361835243155528e-05
-1.350045685926523826e-06
-7.158213999671286727e-08
-4.668290877994325046e-05
-1.568664523090033741e-06
-1.405738666359363910e-07
-3.606445217185436786e-02
-2.719434747826929475e-07
1.364946497436064686e-07
3.571160961832614555e-02
-7.774910427770807350e-08
-7.159215855136494084e-08
8.246252521730669910e-08
-1.885298869185340004e-13
-3.467184601681450183e-14
-8.165573941705881978e-08
1.777763356916677997e-13
1.637079204896134623e-13
1.517864974360643631e-08
-3.467184602425912734e-14
-6.373374050738789265e-15
-1.503014690460178948e-08
3.273741038147437190e-14
3.014082039509702327e-14
3.571160961832614555e-02
-8.165573941705881978e-08
-1.503014690460178948e-08
-3.536221915848258845e-02
-2.462482336554560850e-07
-3.380760854747972047e-08
-7.774910427770807350e-08
1.777763356916677997e-13
3.273741038147437190e-14
7.698843301121064977e-08
-1.676021821069202999e-13
-1.543380721207571820e-13
-7.159215855136494084e-08
1.637079204896134623e-13
3.014082039509702327e-14
7.089172478585385039e-08
-1.543380721015252327e-13
-1.421241596633038284e-13
-2.904774693012531980e-02
-1.108337576044979043e-07
5.749667438153821287e-08
2.726275066823044199e-02
-5.881931739175368170e-08
-4.190921524809657955e-08
4.197090906216800950e-08
-6.062922840150407651e-14
-1.217726962490757393e-14
-3.939177905471930644e-08
8.498409130987883546e-14
6.056498822435833422e-14
8.435341048205080392e-09
-1.217726962791175821e-14
-2.438765299592712736e-15
-7.916985794179076554e-09
1.708648578591634759e-14
1.217030386252432242e-14
2.726275066823044199e-02
-3.939177905471930644e-08
-7.916985794179076554e-09
-2.558744317712541294e-02
-1.508678210599966512e-07
-3.050612364950374378e-08
-5.881931739175368170e-08
8.498409130987883546e-14
1.708648578591634759e-14
5.520484560666892937e-08
-1.191087488290081270e-13
-8.486656468259425644e-14
-4.190921524809657955e-08
6.056498822435833422e-14
1.217030386252432242e-14
3.933387635049626485e-08
-8.486656466976487901e-14
-6.046537948513625334e-14
-2.636655703502083919e-02
3.803503250043231525e-07
8.886955961783622384e-08
2.521082294209061117e-02
6.407720544355644209e-06
-9.396974559058516131e-08
6.962283250043219262e-07
-1.838442725089023403e-11
5.547780377246763331e-13
-6.657103165011377043e-07
-1.692005758686682410e-10
2.481339240107789038e-12
-2.045044038216258719e-08
5.400099030928167801e-13
-1.584541633503626481e-14
1.955402940404105890e-08
4.969954326083589149e-12
-7.287728148646645508e-14
2.521082294209061117e-02
-6.657103165011377043e-07
1.955402940404105890e-08
-2.410574852731962869e-02
2.210279920849864580e-05
-1.058592829156000649e-08
6.407720544355644209e-06
-1.692005758686682410e-10
4.969954326083589149e-12
-6.126848791501477389e-06
-1.557233379488635053e-09
2.283695575064260062e-11
-9.396974559058516131e-08
2.481339240107789038e-12
-7.287728148646645508e-14
8.985073837510632141e-08
2.283695575064260062e-11
-3.348991296432980098e-13
-1.207300376569365286e+00
-2.911147519866950972e+00
4.136426212346981379e-01
-2.533589259798723625e-01
1.951066494712765109e-01
-2.060384511937938048e-02
1.532088541802545834e+00
1.535105999780374431e+00
-5.260657853851542498e-01
1.971481586873052638e+00
5.863382515669640860e+00
3.813459059822187913e-01
-2.148113636198636239e-02
-1.400799405372218746e-02
1.144199848250586696e-02
4.092186899044367721e+00
-7.209538950838196847e+00
-1.964600424880998397e-01
3.326345343911289443e-01
-8.352810917683700653e-01
7.279026135745906290e-01
-1.543098372535590956e-01
5.535006287702497890e-02
1.344711868542675798e-02
-3.129245546585062154e-01
1.217510029441482677e+00
-2.323388219713684033e-01
-2.533589259798723625e-01
-2.148113636198636239e-02
-1.543098372535590956e-01
3.766737627567884328e-02
6.740816553627567709e-01
6.305604500538872226e-02
-8.886205684087342127e-02
1.097937770207613323e-01
6.104002942718690650e-02
1.951066494712765109e-01
-1.400799405372218746e-02
5.535006287702497890e-02
-8.596758755911454442e-03
-3.865200169418582521e-03
2.776449515767766274e-02
2.068932938807062707e-02
-1.872280001743679978e-01
-1.073466788364436757e-02
-2.060384511937938048e-02
1.144199848250586696e-02
1.344711868542675798e-02
-5.333844047647223752e-03
3.620705333362388145e-03
-2.358893956892239852e-04
1.282522073124025414e-02
5.066524779664472594e-02
-9.979293441740134246e-03
1.532088541802545834e+00
4.092186899044367721e+00
-3.129245546585062154e-01
-8.886205684087342127e-02
2.068932938807062707e-02
1.282522073124025414e-02
2.970384075738500052e+00
2.769792077212745784e+00
2.968576938515715025e+00
1.535105999780374431e+00
-7.209538950838196847e+00
1.217510029441482677e+00
1.097937770207613323e-01
-1.872280001743679978e-01
5.066524779664472594e-02
-4.771731326981918819e+00
3.220497882680538826e+00
-1.794589930818746959e+00
-5.260657853851542498e-01
-1.964600424880998397e-01
-2.323388219713684033e-01
6.104002942718690650e-02
-1.073466788364436757e-02
-9.979293441740134246e-03
-2.617733508863844261e-01
4.595017745034966072e-01
1.021670983061526983e-01
4.567160297467502961e-01
-9.639535444874526571e-02
4.388804755698241106e-02
-4.516032663293623739e-01
1.086538494898550179e-02
-1.715635267690674912e-02
-2.223531754943924160e-02
-3.490342401503039593e-03
2.347009212316959054e-02
1.700639383125450085e-02
3.989268948126742376e-02
-6.460426693965683198e-02
-3.662500661491118782e-03
-1.472282777941088215e-02
2.155168020129118872e-02
1.740118879177238523e-02
-1.056575310492711625e-02
3.392203647763200602e-02
-3.546855011172828781e-02
-5.675494750060583460e-02
8.206694038280437642e-02
1.136790128698560859e-02
1.752316844232442578e-02
-2.585080931012186112e-02
-2.004867820692197294e-02
1.280655280508001710e-02
-5.214703905667530948e-02
-4.516032663293623739e-01
-3.662500661491118782e-03
1.136790128698560859e-02
4.762813773976642406e-01
1.488934089491237255e-02
5.059133018439590512e-03
8.526818011981509779e-03
1.081344762231450582e-02
5.933936011613997856e-03
1.086538494898550179e-02
-1.472282777941088215e-02
1.752316844232442578e-02
-1.038666488420909341e-03
1.470488495966288355e-02
-2.088237880121753681e-02
-1.896676903029258579e-02
1.027203352400954742e-02
-1.635920643223769295e-03
-1.715635267690674912e-02
2.155168020129118872e-02
-2.585080931012186112e-02
3.915061186349236451e-03
-2.090715324805694081e-02
2.975438994025951869e-02
2.696454846949979459e-02
-1.454980253564527176e-02
3.184167323084491786e-03
-2.223531754943924160e-02
1.740118879177238523e-02
-2.004867820692197294e-02
8.526818011981509779e-03
-1.896676903029258579e-02
2.696454846949979459e-02
2.466409207520208619e-02
3.090950237813019572e-03
-4.463458967883780076e-02
-3.490342401503039593e-03
-1.056575310492711625e-02
1.280655280508001710e-02
1.081344762231450582e-02
1.027203352400954742e-02
-1.454980253564527176e-02
-1.306489242485365902e-02
7.456200258916396637e-03
-7.703609763168281499e-02
2.347009212316959054e-02
3.392203647763200602e-02
-5.214703905667530948e-02
5.933936011613997856e-03
-1.635920643223769295e-03
3.184167323084491786e-03
2.426570789465136511e-04
-1.217224472794698614e-03
4.191642934601225862e-02
4.515734804150123849e-01
1.055386941912903748e-02
2.081302337682493925e-02
-6.714598190826882584e-01
1.674991877695225333e-03
-3.857273754122728278e-03
-2.581754357512206291e-02
-7.479457619171903104e-03
1.133012839150144072e-02
-8.894226771537611445e-03
1.921269507591690656e-02
-2.988367284589409784e-02
-9.510460524389348011e-04
-8.815358075842711152e-03
1.533562674436741297e-02
1.572093345839103290e-02
-4.222380957195186364e-03
1.956961178141927021e-02
-1.755617756720907058e-02
-2.996529657397436347e-02
4.525342639333611305e-02
3.912984121634805953e-03
1.330583724175047992e-02
-2.368933955305007125e-02
-2.591058390522747376e-02
5.893078157249028413e-03
-2.932486974890434472e-02
-6.714598190826882584e-01
-9.510460524389348011e-04
3.912984121634805953e-03
4.659193666115448162e-01
2.977956595418358027e-02
4.831617633835199460e-03
-5.615071826233129781e-03
-2.063669754421661173e-03
3.112483596978268341e-04
1.674991877695225333e-03
-8.815358075842711152e-03
1.330583724175047992e-02
-3.377002143149730393e-03
3.956135187683642446e-03
-6.825742108715716211e-03
-7.560386603282146997e-03
1.763281422031581346e-03
-8.652571307995494954e-03
-3.857273754122728278e-03
1.533562674436741297e-02
-2.368933955305007125e-02
-8.616443476801362062e-05
-6.978099468668091943e-03
1.220788736485430709e-02
1.274758893496136421e-02
-3.270928843948485518e-03
1.544277708005022814e-02
-2.581754357512206291e-02
1.572093345839103290e-02
-2.591058390522747376e-02
-5.615071826233129781e-03
-7.560386603282146997e-03
1.274758893496136421e-02
1.166577599988273192e-02
1.058228838431304365e-02
-2.265807459960037656e-02
-7.479457619171903104e-03
-4.222380957195186364e-03
5.893078157249028413e-03
-2.063669754421661173e-03
1.763281422031581346e-03
-3.270928843948485518e-03
-4.053258939686948600e-03
6.292313047883434964e-04
-6.236800664154496660e-02
1.133012839150144072e-02
1.956961178141927021e-02
-2.932486974890434472e-02
3.112483596978268341e-04
-8.652571307995494954e-03
1.544277708005022814e-02
1.708744821119865392e-02
-3.765146839294413079e-03
1.898875518744450042e-02
4.733201015454173710e-01
7.357401773857050187e-02
3.866626755693156059e-02
-4.582815512353995979e-01
7.187946094908603291e-03
-1.130701251505186397e-02
-1.391831112571638093e-02
4.150499119418415463e-03
1.952182594985641707e-03
-1.345515864342979907e-02
1.532870152326808524e-02
-1.047318384478725627e-02
1.814579723582630203e-03
-1.052295125906464908e-02
2.051949425453505199e-02
1.738218289124104227e-02
-4.610956636170696239e-03
1.236812250779486481e-03
-1.942191192135448927e-02
-1.422628134307056015e-02
3.917475207410692911e-02
7.733847257761395852e-03
1.424040678139767806e-02
-2.626046391329357396e-02
-1.591131673888893094e-02
-5.073742825658904970e-04
-6.133688172976835100e-03
-4.582815512353995979e-01
1.814579723582630203e-03
7.733847257761395852e-03
4.727928390188133601e-01
3.544401212145235208e-02
7.998566416868356163e-03
4.401395345179901267e-04
3.808483169116736768e-03
1.593128895134768904e-03
7.187946094908603291e-03
-1.052295125906464908e-02
1.424040678139767806e-02
-3.257833867214230891e-03
8.022825445779771525e-03
-1.513311576992392056e-02
-1.188145613123850995e-02
2.293550149409345675e-03
-1.733201512469133287e-03
-1.130701251505186397e-02
2.051949425453505199e-02
-2.626046391329357396e-02
2.091038830983235272e-03
-1.534727307123581568e-02
2.948442535129545614e-02
2.319876173941046865e-02
-4.812712592390437291e-03
3.056852842698139661e-03
-1.391831112571638093e-02
1.738218289124104227e-02
-1.591131673888893094e-02
4.401395345179901267e-04
-1.188145613123850995e-02
2.319876173941046865e-02
1.971877401995730805e-02
1.246041045880613533e-02
-2.126753909516596042e-02
4.150499119418415463e-03
-4.610956636170696239e-03
-5.073742825658904970e-04
3.808483169116736768e-03
2.293550149409345675e-03
-4.812712592390437291e-03
-5.291378650527215656e-03
2.348274507036160908e-03
-2.946846309061895708e-02
1.952182594985641707e-03
1.236812250779486481e-03
-6.133688172976835100e-03
1.593128895134768904e-03
-1.733201512469133287e-03
3.056852842698139661e-03
1.348342787914350504e-03
5.891251245275183103e-04
1.079511961935444072e-03
4.540490302220386298e-01
1.458314623548472855e-01
3.327153901012087911e-02
-4.645434531872804640e-01
3.643943267415897767e-03
-6.011073028784790981e-03
-4.215300885957042921e-03
1.616693078297556582e-03
-3.581649887011737615e-03
-6.163386508486071690e-03
2.977250253841973865e-02
-3.093046730700529500e-03
4.058980677010982224e-03
-3.223530870417733174e-03
8.680536468989483515e-03
9.023598446730778100e-03
4.522239770803753237e-03
-7.258330212525069061e-03
-8.908761712718983941e-03
-9.750880832256624692e-03
1.800973627247011086e-02
8.885628615656832388e-03
8.879650799663506636e-03
-1.986376537321712932e-02
-1.255186363454535714e-02
-2.888284973561229974e-03
6.383565974748237754e-03
-4.645434531872804640e-01
4.058980677010982224e-03
8.885628615656832388e-03
4.755159536352215888e-01
3.008354669117394020e-02
1.108435126393466502e-02
4.281660625072831669e-03
-1.907706790618191473e-03
3.956918215307668636e-03
3.643943267415897767e-03
-3.223530870417733174e-03
8.879650799663506636e-03
-4.017577411492698029e-03
4.652582929668257032e-03
-1.011034049941505510e-02
-6.229958529218337406e-03
-1.202921768679441738e-03
2.859611041073086089e-03
-6.011073028784790981e-03
8.680536468989483515e-03
-1.986376537321712932e-02
6.647768601224543321e-03
-1.025771526449315886e-02
2.271649643081403297e-02
1.401073131166278608e-02
2.877968617665560037e-03
-6.638464840152607377e-03
-4.215300885957042921e-03
9.023598446730778100e-03
-1.255186363454535714e-02
4.281660625072831669e-03
-6.229958529218337406e-03
1.401073131166278608e-02
9.150372186915209372e-03
1.042550689873928370e-02
1.760275255072238712e-02
1.616693078297556582e-03
4.522239770803753237e-03
-2.888284973561229974e-03
-1.907706790618191473e-03
-1.202921768679441738e-03
2.877968617665560037e-03
2.249959722072634484e-03
8.257091016167115646e-04
2.160728574407998551e-02
-3.581649887011737615e-03
-7.258330212525069061e-03
6.383565974748237754e-03
3.956918215307668636e-03
2.859611041073086089e-03
-6.638464840152607377e-03
-4.749704402421279018e-03
-1.490256715251414218e-03
2.863067923582242325e-03
3.444828336837917337e-01
-8.664514803106657115e-02
1.253122848616032223e-02
8.945197000686669342e-02
-1.315934191232133801e-02
-2.292053668972915750e-02
-2.694705583851905173e-01
1.204973748461381396e-02
1.654052008385217265e-01
-2.654366608870826760e-01
-2.042996348731539527e-02
-1.873492616266750066e-01
5.578503194359977352e-02
1.635964341838914926e+00
1.203656859263598111e+00
-7.554720741830486808e-02
-9.685996986226884653e-01
-3.675621921203823250e-01
-9.241932787148222916e-03
6.216723921997782329e-03
1.088041375395837687e-02
-3.476229544466281907e-04
6.558079047123343934e-03
-6.109337077087079182e-03
1.253122848616068305e-02
-2.468981916517336561e-01
1.896285294462284332e-01
5.241772775837427734e-03
2.747284696271576898e-01
-1.854603628867187715e-01
3.539628030195308972e-02
-1.625336140697542300e-02
-2.514991729275950494e-02
-4.349318553421298306e-02
-1.838944186075654533e-02
-3.781785050500481582e-02
8.945197000686669342e-02
-7.554720741830486808e-02
5.241772775837427734e-03
1.737810871945941193e-02
-2.331777682432139565e-01
3.301569008747059358e-02
-2.604189172093111793e-02
1.078902196410829253e-02
1.614724069873839027e-02
-3.100976846064419645e-02
-8.082542466674745574e-03
-6.117174507004416277e-03
-1.315934191232133801e-02
-9.685996986226884653e-01
2.747284696271576898e-01
4.141916557078555855e-02
6.828621472643657819e-01
7.588839717796883599e-01
3.981910668307922507e-02
-1.469674940482510947e-02
-1.375218303759475486e-02
-5.251388005440938561e-02
-1.607759172788753715e-02
-2.331720662478598688e-02
-2.292053668972915750e-02
-3.675621921203823250e-01
-1.854603628867187715e-01
3.301569008747078787e-02
1.413284530901953717e-02
4.652093215586648456e-01
-7.463688079475148951e-02
2.300666832330589689e-02
4.337493819195321204e-02
5.478858055623436057e-02
2.393592196072773237e-02
4.639289140706238934e-02
-2.694705583851905173e-01
-9.241932787148222916e-03
3.539628030195308972e-02
-2.604189172093111793e-02
3.981910668307922507e-02
-7.463688079475148951e-02
1.749699566304772080e-01
1.595834324759279332e-01
-2.674983133311265027e-01
-8.416525655702819519e-02
5.068885985617159473e-02
1.020312031713979523e-01
1.204973748461381396e-02
6.216723921997782329e-03
-1.625336140697542300e-02
1.078902196410829253e-02
-1.469674940482510947e-02
2.300666832330589689e-02
-1.010707061473944610e-02
8.169528481256613239e-03
-4.281321400984593878e-02
-5.011942285835296884e-02
4.567852372154217015e-03
2.829613548664300544e-03
1.654052008385217265e-01
1.088041375395837687e-02
-2.514991729275950494e-02
1.614724069873839027e-02
-1.375218303759475486e-02
4.337493819195321204e-02
8.480542517668117342e-02
4.350453777428527763e-02
7.259454947067392472e-02
-1.022582839864468462e-01
4.124186055967597915e-03
1.099187725409831590e-01
-2.654366608870826760e-01
-3.476229544466281907e-04
-4.349318553421298306e-02
-3.100976846064419645e-02
-5.251388005440938561e-02
5.478858055623436057e-02
-8.416525655702819519e-02
-5.011942285835296884e-02
-1.022582839864468462e-01
1.845949023226456931e-01
-1.446194543393480858e-01
2.601174428134887529e-01
-2.042996348731539527e-02
6.558079047123343934e-03
-1.838944186075654533e-02
-8.082542466674745574e-03
-1.607759172788753715e-02
2.393592196072773237e-02
5.068885985617159473e-02
4.567852372154217015e-03
4.124186055967597915e-03
6.997474504652108351e-03
1.042540152693050177e-02
-3.862046348708492172e-02
-1.873492616266750066e-01
-6.109337077087079182e-03
-3.781785050500481582e-02
-6.117174507004416277e-03
-2.331720662478598688e-02
4.639289140706238934e-02
1.020312031713979523e-01
2.829613548664300544e-03
1.099187725409831590e-01
-9.402604031691093323e-02
4.814804312214644721e-02
8.517827729831141392e-02
3.032460573443396257e-01
-7.149308158040318731e-03
8.686379304833283244e-02
-2.314565519398433663e-02
-1.108668149879706195e-02
-2.026955318991238708e-02
-7.799760872457320304e-02
-3.540367185106666099e-03
-1.010828793595520136e-01
-1.045479259092836899e-01
8.334792192773335384e-02
9.971487158249993377e-02
-1.104915804707067989e-01
4.076590441867030679e-01
7.573191187079840458e-02
-3.587793985757228854e-02
-2.116796798749935593e-01
6.924929794129987271e-03
1.951548403577881702e-02
-4.058105279484811034e-02
1.675776310932905466e-02
1.028187069475492432e-01
-1.012302189370824224e-01
-8.883498069059887758e-02
-5.835828753009680847e-02
3.706001139267978139e-02
6.348026650048868014e-01
1.171458492248993871e-02
5.510069649282689497e-02
-4.665038233165406251e-02
-1.307974064147242599e-01
-6.196669660002359324e-03
-2.471294629630392259e-01
1.139785979308775149e-01
-8.976734773821230806e-02
-1.764321200610733387e-01
-2.314565519398433663e-02
-3.587793985757228854e-02
1.171458492248993871e-02
1.233862057576074790e-02
-2.561326509512182326e-02
-2.071716756605685578e-03
9.865180052610446684e-03
1.973301408022270359e-02
-3.252723523779695730e-03
-2.706316050785288578e-03
7.935185783696513048e-03
-8.331598021084341693e-03
-1.108668149879706195e-02
-2.116796798749935593e-01
5.510069649282689497e-02
1.740041346887819668e-02
1.563767634618782876e-01
-1.477056953039541654e-01
-9.020579076636735943e-03
-5.879285141988799777e-03
-3.278514017646158574e-03
-1.933058142840105714e-03
6.242324653660332942e-03
4.001811045426299784e-02
-2.026955318991238708e-02
6.924929794129987271e-03
-4.665038233165406251e-02
4.520425997940476573e-03
-9.131901421781885020e-03
1.103172590402012876e-02
2.734096273535089466e-02
1.101254528610409386e-02
1.035902752374143199e-02
1.538756113253379049e-02
-9.864711293349814891e-03
2.628437947312138936e-02
-7.799760872457320304e-02
1.951548403577881702e-02
-1.307974064147242599e-01
9.865180052610446684e-03
-9.020579076636735943e-03
2.734096273535089466e-02
2.029799405914776422e-01
9.381128391663452401e-03
2.339898590461358119e-01
4.483338818243110327e-03
7.388504616462366129e-03
3.224265396981684795e-02
-3.540367185106666099e-03
-4.058105279484811034e-02
-6.196669660002359324e-03
1.973301408022270359e-02
-5.879285141988799777e-03
1.101254528610409386e-02
-1.138337469166989663e-02
5.235710898703683364e-02
-5.321049582016590743e-03
-1.100420612374401405e-02
1.905202762659087903e-02
-1.861532815556497279e-03
-1.010828793595520136e-01
1.675776310932905466e-02
-2.471294629630392259e-01
-3.252723523779695730e-03
-3.278514017646158574e-03
1.035902752374143199e-02
-9.818716958960124752e-02
1.266347181344157184e-02
3.877125067552772975e-01
-2.556799504620004687e-02
5.176050392133514644e-03
-1.080325467619267475e-02
-1.045479259092836899e-01
1.028187069475492432e-01
1.139785979308775149e-01
-2.706316050785288578e-03
-1.933058142840105714e-03
1.538756113253379049e-02
4.483338818243110327e-03
-1.100420612374401405e-02
-2.556799504620004687e-02
1.972634271462390398e-01
-1.008876811907919724e-01
-1.782383308946774991e-01
8.334792192773335384e-02
-1.012302189370824224e-01
-8.976734773821230806e-02
7.935185783696513048e-03
6.242324653660332942e-03
-9.864711293349814891e-03
7.388504616462366129e-03
1.905202762659087903e-02
5.176050392133514644e-03
-1.649940367187918144e-01
1.414530761073318210e-01
1.588061111675751480e-01
9.971487158249993377e-02
-8.883498069059887758e-02
-1.764321200610733387e-01
-8.331598021084341693e-03
4.001811045426299784e-02
2.628437947312138936e-02
3.224265396981684795e-02
-1.861532815556497279e-03
-1.080325467619267475e-02
9.887589194396444181e-02
-8.087890705884066833e-02
2.813936239226176306e-01
2.945914872376071969e-01
8.025393180288344086e-02
1.023864047069442812e-02
-1.638990045482784444e-02
7.511595427855292245e-03
-1.876025401046933208e-03
-5.737168535985152917e-02
-1.391054089989827124e-02
-1.530687418196505223e-01
-1.238107529685897462e-01
7.244981965683360003e-02
7.261537524870562144e-02
-1.212060423964508166e-01
1.465721918787827316e-01
7.782534537579242906e-02
-2.123137558213710266e-02
-7.683127373759325238e-03
-4.524086323276672872e-03
-2.272640496116203057e-03
-2.922345337715201788e-02
2.559962861319564284e-02
7.524810585974472943e-02
-8.902819763234795514e-02
-8.558611745700599183e-02
-3.175828395842873048e-02
7.719697808884566637e-02
5.581540092803483066e-01
5.120523381076342445e-03
-5.931080252074858415e-03
-3.382964866270339599e-02
-1.419747729945213532e-01
1.403431651218738432e-02
-3.217687300132277550e-01
1.529499403622086307e-01
-9.183908234910688473e-02
-2.645093713111223432e-01
-1.638990045482784444e-02
-2.123137558213710266e-02
5.120523381076342445e-03
9.839247998923968466e-03
-8.063712384435426858e-03
1.035056666259632444e-04
2.266454078359475370e-03
1.404578395730582407e-02
2.409221951445280653e-03
6.748495696084327519e-03
8.995002475259403218e-03
-1.604891591249677906e-03
7.511595427855292245e-03
-7.683127373759325238e-03
-5.931080252074858415e-03
6.375368855646099944e-04
3.622287247286065832e-04
1.236025933677658596e-02
-2.205758659414528561e-03
4.599693861012631169e-04
-5.505509803270964078e-03
-1.081092456476525493e-03
2.518332272477487050e-03
3.983381439064775237e-03
-1.876025401046933208e-03
-4.524086323276672872e-03
-3.382964866270339599e-02
6.491697746099209156e-04
-1.221583865403403930e-03
2.164497470744777829e-02
8.963723646740995657e-03
2.059865769563179114e-02
2.652576011578891731e-04
-3.630187348936627419e-03
-1.809358640352040637e-02
5.177863217261323078e-03
-5.737168535985152917e-02
-2.272640496116203057e-03
-1.419747729945213532e-01
2.266454078359475370e-03
-2.205758659414528561e-03
8.963723646740995657e-03
2.324136989993423608e-02
-7.408956732953881144e-03
2.826411124657159379e-01
7.592150108249438867e-02
-7.538955050870788099e-02
5.783841911824116888e-02
-1.391054089989827124e-02
-2.922345337715201788e-02
1.403431651218738432e-02
1.404578395730582407e-02
4.599693861012631169e-04
2.059865769563179114e-02
8.735417537046083480e-03
3.887514277671217516e-02
-9.619356711382605341e-02
-3.900399747713868132e-02
3.760399231639106887e-02
-2.616885643385147980e-02
-1.530687418196505223e-01
2.559962861319564284e-02
-3.217687300132277550e-01
2.409221951445280653e-03
-5.505509803270964078e-03
2.652576011578891731e-04
-8.141658549482625601e-03
4.278528140985219524e-02
2.641438344258176252e-01
-3.160113835105898134e-02
2.895450118901246941e-02
-1.032716014750992006e-01
-1.238107529685897462e-01
7.524810585974472943e-02
1.529499403622086307e-01
6.748495696084327519e-03
-1.081092456476525493e-03
-3.630187348936627419e-03
7.592150108249438867e-02
-3.900399747713868132e-02
-3.160113835105898134e-02
1.223753705633498501e-01
-8.813321972397182569e-02
-1.854163161823244588e-01
7.244981965683360003e-02
-8.902819763234795514e-02
-9.183908234910688473e-02
8.995002475259403218e-03
2.518332272477487050e-03
-1.809358640352040637e-02
-7.538955050870788099e-02
3.760399231639106887e-02
2.895450118901246941e-02
-8.242025999330516994e-02
9.579860422482641691e-02
1.651362824480430980e-01
7.261537524870562144e-02
-8.558611745700599183e-02
-2.645093713111223432e-01
-1.604891591249677906e-03
3.983381439064775237e-03
5.177863217261323078e-03
5.783841911824116888e-02
-2.616885643385147980e-02
-1.032716014750992006e-01
7.966214102805532771e-02
-8.733137220848205540e-02
2.527388349176445392e-01
3.033448272356775721e-01
5.993066134373101206e-02
8.822072991148588797e-03
-1.439224361834733762e-02
1.062912357513068340e-02
-7.331250317996009826e-04
-7.022760611539330400e-02
-9.219892575944639568e-03
-1.468869437154451119e-01
-1.245513430782562159e-01
6.900497510622628783e-02
8.345448203246154384e-02
-1.292752574082694228e-01
1.151768504232530133e-01
7.404353702058756592e-02
-1.717536658392295607e-02
2.598712123639656049e-02
-6.204745861495122861e-03
1.019107647748777185e-02
-2.992389006325534007e-02
3.563259930906931272e-02
5.799675551335406465e-02
-6.711261356114880949e-02
-6.903598293670815123e-02
-1.595248460636813220e-02
7.520039148176628496e-02
6.068436624385692424e-01
3.552631204428475555e-03
-6.566684494102860772e-03
-1.886443926592819287e-02
-1.004550952947609044e-01
-9.724852818914081487e-04
-2.783102507993170383e-01
1.162318405549372241e-01
-5.324567236605698417e-02
-2.281332936553776003e-01
-1.439224361834733762e-02
-1.717536658392295607e-02
3.552631204428475555e-03
4.066766340178856742e-03
-2.064380160567679152e-03
1.685800007126179523e-03
2.116445824975596302e-03
9.886059172855673344e-03
1.567203554282437091e-03
5.620022380892147375e-03
8.327229325780083694e-03
-3.270821195281016329e-04
1.062912357513068340e-02
2.598712123639656049e-02
-6.566684494102860772e-03
4.602502659432286189e-03
-3.150187379708641738e-02
8.760273732816804479e-03
4.427407883259982038e-03
-6.305262146214975737e-03
5.580339570103484519e-03
1.788623003534918054e-03
-8.033981543798673561e-03
-2.372655418026373923e-03
-7.331250317996009826e-04
-6.204745861495122861e-03
-1.886443926592819287e-02
2.433514741379153284e-03
-4.921332592248102607e-03
1.230161572661771577e-02
1.317810897737859213e-02
1.357629006512921059e-02
5.002661617332884725e-03
-8.500029658389239920e-03
-8.489156926625102476e-03
9.903472954066482037e-03
-7.022760611539330400e-02
1.019107647748777185e-02
-1.004550952947609044e-01
2.116445824975596302e-03
4.427407883259982038e-03
1.317810897737859213e-02
6.475153706453944114e-02
-3.838434366728891295e-02
3.087415035105653405e-01
4.389686528484286476e-02
-5.096607242116308473e-02
9.250128244146349488e-02
-9.219892575944639568e-03
-2.992389006325534007e-02
-9.724852818914081487e-04
9.886059172855673344e-03
-6.305262146214975737e-03
1.357629006512921059e-02
-7.445217281955589586e-03
4.183129447707495396e-02
-1.323658130715986980e-01
-3.171808495076783307e-02
3.371375342272660280e-02
-4.761021327430076805e-02
-1.468869437154451119e-01
3.563259930906931272e-02
-2.783102507993170383e-01
1.567203554282437091e-03
5.580339570103484519e-03
5.002661617332884725e-03
3.128216329105792254e-02
3.325609612831730705e-02
2.955048275771874344e-01
-6.593672284661469818e-02
5.965651041370814700e-02
-6.633834021515325197e-02
-1.245513430782562159e-01
5.799675551335406465e-02
1.162318405549372241e-01
5.620022380892147375e-03
1.788623003534918054e-03
-8.500029658389239920e-03
4.389686528484286476e-02
-3.171808495076783307e-02
-6.593672284661469818e-02
1.370912846564387721e-01
-1.130511087201973575e-01
-2.231196294039785866e-01
6.900497510622628783e-02
-6.711261356114880949e-02
-5.324567236605698417e-02
8.327229325780083694e-03
-8.033981543798673561e-03
-8.489156926625102476e-03
-5.096607242116308473e-02
3.371375342272660280e-02
5.965651041370814700e-02
-8.615709163219725797e-02
1.071092285191592164e-01
1.921776331636755597e-01
8.345448203246154384e-02
-6.903598293670815123e-02
-2.281332936553776003e-01
-3.270821195281016329e-04
-2.372655418026373923e-03
9.903472954066482037e-03
9.250128244146349488e-02
-4.761021327430076805e-02
-6.633834021515325197e-02
3.651582837311313084e-02
-6.242174260841309996e-02
2.998159072795489322e-01
5.749176727314860846e-01
1.207585952690366955e-02
1.777825294299072850e-02
-5.749173812012048357e-01
3.839204723973927390e-03
-6.142021618836336454e-03
-3.397326249762976785e-03
2.007561463977791671e-05
3.217690889249482039e-05
3.397324527040562845e-03
-2.268678039588079010e-05
3.629467706772250037e-05
-5.445186071675817488e-03
3.217690889249341093e-05
5.157269077201999510e-05
5.445183310521104630e-03
-3.636204813462190055e-05
5.817259088926844809e-05
-5.749173812012048357e-01
3.397324527040562845e-03
5.445183310521104630e-03
5.749170896710720235e-01
1.163398299948349701e-02
-1.708142051033748401e-02
3.839204723973927390e-03
-2.268678039588079010e-05
-3.636204813462190055e-05
-3.839202777183150627e-03
2.563757145016692940e-05
-4.101540017332740368e-05
-6.142021618836336454e-03
3.629467706772250037e-05
5.817259088926844809e-05
6.142018504329061976e-03
-4.101540017332317529e-05
6.561709850911979862e-05
5.226433346322486261e-03
6.031159839840815945e-04
8.999787324140151059e-05
-5.226912624926353945e-03
-1.650337114705467331e-05
-9.791095099987223781e-05
5.463719731741361425e-05
5.711779206274414378e-07
9.399868830779018955e-07
-5.464220770172423768e-05
-1.725264412374971634e-07
-1.023562264110548965e-06
8.991637624140151640e-05
9.399868830779018955e-07
1.546935391764828099e-06
-8.992462182541697852e-05
-2.839265768671099532e-07
-1.684475305623646876e-06
-5.226912624926353945e-03
-5.464220770172423768e-05
-8.992462182541697852e-05
5.227391947481380315e-03
5.649836712191666412e-04
9.783843270882533493e-05
-1.650337114705467331e-05
-1.725264412374971634e-07
-2.839265768671099532e-07
1.650488455249876944e-05
5.211226114520961517e-08
3.091708353835861955e-07
-9.791095099987223781e-05
-1.023562264110548965e-06
-1.684475305623646876e-06
9.791992970882532911e-05
3.091708353835861955e-07
1.834244060964161831e-06
-1.190130501669340868e-01
-2.271340013169122783e-06
7.648491074162238505e-07
1.190130501664743989e-01
-3.104258568822193413e-07
-3.932290669294470111e-07
3.085149868308687353e-07
-7.998463003033862151e-13
5.724835492425982413e-13
-3.085149868108504880e-07
8.047312816117369039e-13
1.019420030892263298e-12
2.633377408316657531e-08
-6.828453512748604183e-14
-5.880571877435461790e-15
-2.633377408307437114e-08
6.881604175888947000e-14
8.699118796320813735e-14
1.190130501664743989e-01
-3.085149868108504880e-07
-2.633377408307437114e-08
-1.190130501660151829e-01
-2.269429143101280763e-06
-3.452862664051373387e-07
-3.104258568822193413e-07
8.047312816117369039e-13
6.881604175888947000e-14
3.104258568987107023e-07
-8.099215742518595107e-13
-1.666326787655303556e-12
-3.932290669294470111e-07
1.019420030892263298e-12
8.699118796320813735e-14
3.932290669279199166e-07
-1.025559259263087472e-12
-1.299258958247746660e-12
-1.511222959831823309e-01
-2.117069520260554531e-06
8.301180101185188671e-07
1.511222959829016665e-01
-5.031651117706370060e-07
-4.503756418401764839e-07
4.879541464061001295e-07
-1.575559127608983090e-12
3.743928873189920751e-13
-4.879541463893834049e-07
1.624603229721799380e-12
1.454227738817272464e-12
6.902401011875042568e-08
-2.228478247754515245e-13
-3.155092010353256677e-14
-6.902401011862210019e-08
2.298366259135505355e-13
2.057293084999427532e-13
1.511222959829016665e-01
-4.879541463893834049e-07
-6.902401011862210019e-08
-1.511222959826212520e-01
-2.101858554894925406e-06
-3.107183581604262850e-07
-5.031651117706370060e-07
1.624603229721799380e-12
2.298366259135505355e-13
5.031651117717293608e-07
-1.675326544159361219e-12
-2.096794601640689142e-12
-4.503756418401764839e-07
1.454227738817272464e-12
2.057293084999427532e-13
4.503756418393420506e-07
-1.499555881132462774e-12
-1.342243238177778985e-12
-7.650124676591378570e-02
-3.824361656608477976e-06
1.035491090570019663e-06
7.650124676615072117e-02
-9.567272094431507024e-07
-2.931153330408794824e-07
9.566523433915341068e-07
-1.196298647577558612e-11
6.182152944918482835e-12
-9.566523433981130117e-07
1.196391604130246598e-11
3.665429323231427344e-12
-4.696895760966152411e-07
5.873510756717934935e-12
-2.883719305013521250e-12
4.696895760980689614e-07
-5.873962237128297651e-12
-1.799608530771157344e-12
7.650124676615072117e-02
-9.566523433981130117e-07
4.696895760980689614e-07
-7.650124676638775378e-02
-3.824286790549140463e-06
-1.212065333624845337e-06
-9.567272094431507024e-07
1.196391604130246598e-11
-5.873962237128297651e-12
9.567272094508731018e-07
-1.196487648544051031e-11
-3.974364531541071480e-12
-2.931153330408794824e-07
3.665429323231427344e-12
-1.799608530771157344e-12
2.931153330417897252e-07
-3.665722342487700368e-12
-1.123085131837786577e-12
3.093673937747599467e+00
1.346356271298356291e-02
-4.940466247270076938e-02
-3.093674031095539068e+00
3.993661617700605855e-03
1.672065306083677858e-02
-3.742019185016326119e-03
4.526238984003949639e-06
-2.034171623549463348e-05
3.742019297926157777e-03
-4.830618446138856825e-06
-2.022482194241961850e-05
1.681816392929946086e-02
-2.034276828953573979e-05
9.142871667863576839e-05
-1.681816443676763251e-02
2.171077402387915078e-05
9.089861757834448485e-05
-3.093674031095539068e+00
3.742019297926157777e-03
-1.681816443676763251e-02
3.093674124443482221e+00
1.321192015979515827e-02
4.950217283663741613e-02
3.993661617700605855e-03
-4.830618446138856825e-06
2.171077402387915078e-05
-3.993661738204727293e-03
5.155466748785197950e-06
2.158384399404342235e-05
1.672065306083677858e-02
-2.022482194241961850e-05
9.089861757834448485e-05
-1.672065356536280717e-02
2.158489604809840645e-05
9.037159196619628252e-05
6.094080748903002442e-01
1.222057264419181997e-03
-2.173571369330142976e-04
-6.094080751926108652e-01
4.201382791997357270e-04
1.166711293824568778e-04
-4.201596149141523934e-04
2.896812647066454582e-07
1.163349550714412053e-08
4.201596151222332333e-04
-2.896665548743349028e-07
-8.043952613230964210e-08
-1.686280093301457790e-05
1.162614709765199812e-08
4.666069757780578426e-10
1.686280094138051903e-05
-1.162555672896923849e-08
-3.228381948974004225e-09
-6.094080751926108652e-01
4.201596151222332333e-04
1.686280094138051903e-05
6.094080754949212642e-01
1.222078599925184106e-03
8.382320655966574803e-05
4.201382791997357270e-04
-2.896665548743349028e-07
-1.162555672896923849e-08
-4.201382794081501217e-04
2.896518456127483709e-07
8.042809301483605055e-08
1.166711293824568778e-04
-8.043952613230964210e-08
-3.228381948974004225e-09
-1.166711294403339615e-04
8.043544142435527801e-08
2.233667879885254196e-08
5.413093840220021408e-02
-4.454545656586771168e-07
7.684184304524895702e-08
-5.413093840217229197e-02
2.833558183509379141e-07
-9.124226619523564434e-08
-2.828352323253438982e-07
1.477769295821218520e-12
-5.453037448386569775e-13
2.828352323073029964e-07
-1.480621181215724391e-12
4.767200607723921417e-13
1.057178430452480041e-07
-5.523906685100623029e-13
2.064649436111334823e-13
-1.057178430451933837e-07
5.533227015014324255e-13
-1.781657579556041513e-13
-5.413093840217229197e-02
2.828352323073029964e-07
-1.057178430451933837e-07
5.413093840214437680e-02
-4.459751516801389884e-07
1.201182661951875487e-07
2.833558183509379141e-07
-1.480621181215724391e-12
5.533227015014324255e-13
-2.833558183468057168e-07
1.483230205323593509e-12
-4.847151060805327662e-13
-9.124226619523564434e-08
4.767200607723921417e-13
-1.781657579556041513e-13
9.124226619518850166e-08
-4.776281824223623306e-13
1.537691686226314117e-13
-9.508832416322020309e-02
-1.082750731432041154e-06
5.022871591742464803e-07
9.508832416309899449e-02
-2.338162847532520586e-07
-2.821194594856179488e-07
2.322392685679655933e-07
-5.672296212011506034e-13
-1.487423762868436149e-13
-2.322392685446661521e-07
5.710802412249043217e-13
6.890365763645734641e-13
6.089382584091447391e-08
-1.487423763133133945e-13
-3.900428157538327056e-14
-6.089382584088400719e-08
1.497360037348725725e-13
1.807182062416728963e-13
9.508832416309899449e-02
-2.322392685446661521e-07
-6.089382584088400719e-08
-9.508832416297795243e-02
-1.081173715246731766e-06
-1.592738738481196540e-07
-2.338162847532520586e-07
5.710802412249043217e-13
1.497360037348725725e-13
2.338162847532752726e-07
-5.749372666371735269e-13
-6.936809790060769910e-13
-2.821194594856179488e-07
6.890365763645734641e-13
1.807182062416728963e-13
2.821194594852124847e-07
-6.936809789200502073e-13
-8.369658319271749969e-13
-8.459740482156580255e-02
-7.967999720214971063e-07
4.197238254890820721e-07
8.459740482150063245e-02
-2.528563891120408921e-07
-2.407997571986180072e-07
2.718293613118372749e-07
-8.734771803423080350e-13
-1.939561096673574447e-13
-2.718293613106828220e-07
8.124857123897877287e-13
7.737429474919544346e-13
6.036215882241378794e-08
-1.939561096896913212e-13
-4.306502551710593361e-14
-6.036215882241524378e-08
1.804236737733875351e-13
1.718102716136555140e-13
8.459740482150063245e-02
-2.718293613106828220e-07
-6.036215882241524378e-08
-8.459740482143553175e-02
-8.157729442189042209e-07
-1.185619094682829993e-07
-2.528563891120408921e-07
8.124857123897877287e-13
1.804236737733875351e-13
2.528563891144302662e-07
-7.557924555298689562e-13
-7.197385289552887793e-13
-2.407997571986180072e-07
7.737429474919544346e-13
1.718102716136555140e-13
2.407997571983852319e-07
-7.197385288899415109e-13
-6.854265876631539922e-13
3.110949486719251755e+00
3.136691947466601071e-01
-9.523726172494783038e-01
-3.110935827996397673e+00
8.371073960877294107e-02
3.747788703484578043e-01
-8.287904683800648153e-02
2.207987122291754645e-03
-9.957954410998733075e-03
8.287868295490963266e-02
-2.230144313978221771e-03
-9.984512986182088323e-03
3.737825226785210231e-01
-9.957969210542434724e-03
4.491020341421785023e-02
-3.737808815744432800e-01
1.005789761609049079e-02
4.502991520867861974e-02
-3.110935827996397673e+00
8.287868295490963266e-02
-3.737808815744432800e-01
3.110922169333516063e+00
3.128378695105631380e-01
9.513779150581125332e-01
8.371073960877294107e-02
-2.230144313978221771e-03
1.005789761609049079e-02
-8.371037207410358949e-02
2.252523853492532924e-03
1.008469295946735206e-02
3.747788703484578043e-01
-9.984512986182088323e-03
4.502991520867861974e-02
-3.747772248698867381e-01
1.008470775901177535e-02
4.514994610465162400e-02
4.079195476685740784e-01
-2.771267317885361698e-04
3.696480967511459124e-07
-4.079195475654873171e-01
-2.796229077985621660e-04
3.994533380941510262e-07
-2.817922597885361711e-04
1.946630852916741193e-07
8.027509003368136988e-10
2.817922597174079549e-04
1.931644892513794690e-07
-2.759437919151372636e-10
-1.162053903248851110e-06
8.027509003368136988e-10
3.310379748100444885e-12
1.162053902955176952e-06
7.965710302759314342e-10
-1.137930027983458103e-12
-4.079195475654873171e-01
2.817922597174079549e-04
1.162053902955176952e-06
4.079195474624006112e-01
2.842884357278967428e-04
-1.931155337993203638e-06
-2.796229077985621660e-04
1.931644892513794690e-07
7.965710302759314342e-10
2.796229077278967416e-04
1.916774300323399573e-07
-2.738194725408594848e-10
3.994533380941510262e-07
-2.759437919151372636e-10
-1.137930027983458103e-12
-3.994533379932062453e-07
-2.738194725400124518e-10
3.911489188102024173e-13
-2.152370921876147272e-03
-2.662278071826166586e-07
6.871861659591563525e-08
2.152370922346293330e-03
-5.598591307323999212e-09
-1.229261242146590615e-08
2.229526150716246868e-09
-2.296773882193292593e-15
1.264766544309066148e-14
-2.229526153285506247e-09
5.806119474094373345e-15
1.275079800422641775e-14
-1.223138340408456684e-08
1.264766544309066148e-14
-6.948369884519976167e-14
1.223138340675825446e-08
-3.180477131695030798e-14
-6.987339044676744043e-14
2.152370922346293330e-03
-2.229526153285506247e-09
1.223138340675825446e-08
-2.152370922816438954e-03
-2.628587420217178738e-07
-6.865738757585016599e-08
-5.598591307323999212e-09
5.806119474094373345e-15
-3.180477131695030798e-14
5.598591311614995331e-09
-1.458208553906104044e-14
-3.198872307676208009e-14
-1.229261242146590615e-08
1.275079800422641775e-14
-6.987339044676744043e-14
1.229261242415004272e-08
-3.198872306352719028e-14
-7.019662368365758403e-14
1.630200823855455283e+00
-6.091196793487295945e-03
-3.015039460607195354e-03
-1.574758660331768034e+00
-2.128502718428798655e-03
-1.866965422259813431e-03
5.209606611179403400e-03
1.664825624285496520e-05
2.852217938547254478e-06
-5.032430978947345993e-03
-6.802021978855781262e-06
-5.966231438681550295e-06
8.924884693928410943e-04
2.852111078891581725e-06
4.886119896440093617e-07
-8.621354656775894647e-04
-1.165294548662248271e-06
-1.022110336183049047e-06
-1.574758660331768034e+00
-5.032430978947345993e-03
-8.621354656775894647e-04
1.521202051919578135e+00
-1.058979626910155555e-02
-5.975752333548139603e-03
-2.128502718428798655e-03
-6.802021978855781262e-06
-1.165294548662248271e-06
2.056113602898471636e-03
2.779120066742608126e-06
2.445142232132966795e-06
-1.866965422259813431e-03
-5.966231438681550295e-06
-1.022110336183049047e-06
1.803471035114806746e-03
2.437638920538523122e-06
2.138116873046619446e-06
3.577556834964722154e-02
1.972102406389244608e-05
-2.169254655067961765e-05
-1.903421990480065260e-02
-4.421754385137939081e-07
5.013716127237683915e-07
2.115013439722577949e-05
1.250373514851120206e-08
-1.254729564464852416e-08
-1.125282777331964304e-05
-2.614106394064741159e-10
2.964069453041035960e-10
-2.122375955067962197e-05
-1.254726172733512186e-08
1.259093730010462668e-08
1.129199968386108635e-05
2.623208179908497530e-10
-2.974363737266322104e-10
-1.903421990480065260e-02
-1.125282777331964304e-05
1.129199968386108635e-05
1.012706559525229644e-02
-1.232646341088510845e-06
-7.976733667897220126e-07
-4.421754385137939081e-07
-2.614106394064741159e-10
2.623208179908497530e-10
2.352573255781501612e-07
5.466431931979584475e-12
-6.198202045565216100e-12
5.013716127237683915e-07
2.964069453041035960e-10
-2.974363737266322104e-10
-2.667523667897192400e-07
-6.198202045565216100e-12
7.025431453694484180e-12
-8.518556471841251532e-02
9.827760438291890249e-03
-1.935241452896300845e-05
9.274570048022834357e-02
-5.277072772625013503e-04
-3.503522237208995305e-06
-2.066194024041486180e-03
-5.011597632881535793e-05
7.358115431058544036e-08
2.249566727898547145e-03
-1.279965245682245368e-05
-8.497867836871426852e-08
3.034426471028523098e-06
7.360066058240024960e-08
-1.080903144767830781e-10
-3.303728859952227234e-06
1.879765590442048807e-08
1.248002395870528858e-10
9.274570048022834357e-02
2.249566727898547145e-03
-3.303728859952227234e-06
-1.009767909152455012e-01
6.488093692888980465e-04
-1.864738958226793439e-05
-5.277072772625013503e-04
-1.279965245682245368e-05
1.879765590442048807e-08
5.745407832888980559e-04
-3.269039436520500761e-06
-2.170128231855758452e-08
-3.503522237208995305e-06
-8.497867836871426852e-08
1.248002395870528858e-10
3.814456417731942608e-06
-2.170360888870072249e-08
-1.440932928531424295e-10
-9.707376709657507263e-02
-9.494306134631772552e-07
5.072816330507753582e-07
9.694464175289711771e-02
-2.415708904450678086e-07
-2.848605558353132664e-07
2.308560532034887796e-07
-5.490279423010973918e-13
-2.172101802576275660e-13
-2.305489736528225233e-07
5.745102447742302230e-13
6.774346876287256936e-13
6.162363305078170497e-08
-1.465479541871883058e-13
-3.912718132574583787e-14
-6.154166268024623160e-08
1.533544439797892882e-13
1.808361543466782793e-13
9.694464175289711771e-02
-2.305489736528225233e-07
-6.154166268024623160e-08
-9.681568816884993101e-02
-9.442197750504162993e-07
-1.535363592736264343e-07
-2.415708904450678086e-07
5.745102447742302230e-13
1.533544439797892882e-13
2.412495582829205496e-07
-6.011759847844619494e-13
-5.794698701324666737e-13
-2.848605558353132664e-07
6.774346876287256936e-13
1.808361543466782793e-13
2.844816407263539236e-07
-7.088646289290526916e-13
-8.359176148892406907e-13
4.584310578225396227e-01
1.152438255294604627e-02
5.486149214266006040e-03
-4.250001101413626303e-01
7.526016259475692624e-03
1.718695364217211197e-04
-1.595639139838727835e-02
5.553865125715607689e-04
6.114224582904085811e-05
1.479277633148134118e-02
-2.619544619799857397e-04
-5.982181062571048646e-06
-1.756631793067343602e-03
6.114224582904085811e-05
6.731121733013697983e-06
1.628529945325896859e-03
-2.883844628530493268e-05
-6.585755628896183822e-07
-4.250001101413626303e-01
1.479277633148134118e-02
1.628529945325896859e-03
3.940071043137984841e-01
1.844272630100850935e-02
1.094173283413820341e-03
7.526016259475692624e-03
-2.619544619799857397e-04
-2.883844628530493268e-05
-6.977183776324830458e-03
1.235538469119648076e-04
2.821564777405038277e-06
1.718695364217211197e-04
-5.982181062571048646e-06
-6.585755628896183822e-07
-1.593360019195050759e-04
2.821564777405038277e-06
6.443528872274173480e-08
-3.673267179183501568e-02
-3.653839023587652781e-07
1.778822621734747846e-07
3.646793711698025769e-02
-1.081289705979784985e-07
-9.718104007268119860e-08
1.051214309745698943e-07
-3.008253431747577100e-13
-4.947625710702330078e-14
-1.043638142197538251e-07
3.094538578676975085e-13
2.781188279109909074e-13
1.728559550680767841e-08
-4.947625711685899525e-14
-8.170547571850761415e-15
-1.716101713330288151e-08
5.089461397847854978e-14
4.572384137979668139e-14
3.646793711698025769e-02
-1.043638142197538251e-07
-1.716101713330288151e-08
-3.620511040157017857e-02
-3.560023216970483603e-07
-5.413534979254102491e-08
-1.081289705979784985e-07
3.094538578676975085e-13
5.089461397847854978e-14
1.073496783029535113e-07
-3.183113560618799831e-13
-2.860481418033781704e-13
-9.718104007268119860e-08
2.781188279109909074e-13
4.572384137979668139e-14
9.648065020745930945e-08
-2.860481417757096252e-13
-2.571033663745225795e-13
-2.828854098562745556e-02
-1.310224507347621560e-07
6.459248681480983172e-08
2.802464732742014977e-02
-5.683479955162265424e-08
-4.088395142897926533e-08
4.671588259857030618e-08
-7.716350352004856525e-14
-1.479020008431698252e-14
-4.628008687603335271e-08
9.387175152399271718e-14
6.751496199567066559e-14
8.956820148143396567e-09
-1.479020008762570497e-14
-2.846599229339682687e-15
-8.873265183750511282e-09
1.800098427136047593e-14
1.294490640065264021e-14
2.802464732742014977e-02
-4.628008687603335271e-08
-8.873265183750511282e-09
-2.776321543855184495e-02
-1.596667252522160819e-07
-2.705410696482016699e-08
-5.683479955162265424e-08
9.387175152399271718e-14
1.800098427136047593e-14
5.630460808111631637e-08
-1.142079861582914627e-13
-8.212697687473987645e-14
-4.088395142897926533e-08
6.751496199567066559e-14
1.294490640065264021e-14
4.050255970184645478e-08
-8.212697686233216726e-14
-5.909026688197238557e-14
-2.162702263109842968e-02
-2.431742911687059619e-07
1.114724947325168581e-07
2.147656885997562340e-02
-4.209165173523524096e-08
-6.140535923394867848e-08
4.278304216462543274e-08
-8.463869028335853616e-14
-1.679087918080999583e-14
-4.248541126885754331e-08
8.325997025103349679e-14
1.214822383027837146e-13
1.431349473251749001e-08
-2.831380697504024909e-14
-9.468455868421822215e-15
-1.421391934029557399e-08
2.785830687210674242e-14
4.063707180563127523e-14
2.147656885997562340e-02
-4.248541126885754331e-08
-1.421391934029557399e-08
-2.132716175799592717e-02
-2.433698359924329539e-07
-3.273248911288228615e-08
-4.209165173523524096e-08
8.325997025103349679e-14
2.785830687210674242e-14
4.179883067423174887e-08
-8.192100685525800377e-14
-1.195137199488134027e-13
-6.140535923394867848e-08
1.214822383027837146e-13
4.063707180563127523e-14
6.097817755378444858e-08
-1.195137199488134027e-13
-1.743488784387191706e-13
5.393528166413887881e-01
-4.257076919976499951e+00
2.997407959941839617e-01
-3.456769617759473112e-01
1.022743281803834281e-01
-2.074048735711474939e-02
8.191220345877825437e-01
-4.027433969561988736e-01
-6.820528347671519498e-01
8.204822483355103113e-01
6.630074507242953885e+00
-1.711630196412610827e+00
-8.939352407214813667e-02
6.305952605492748386e-02
-1.816023881522298503e-02
4.536117679236693512e+00
-5.722141706643115278e+00
2.474230864911531602e-01
3.978166325145607307e-01
-2.386697157129513969e-01
-1.022515389557766413e-01
-4.910856612492339734e-03
2.242014716722701140e-02
-2.062687165435157441e-03
1.898411742902242072e-01
4.264101482806882393e-01
1.069646339920594380e-01
-3.456769617759473112e-01
-8.939352407214813667e-02
-4.910856612492339734e-03
6.482661820177648693e-02
6.934444829795438636e-01
7.699848881537994794e-02
-3.194098337845239777e-01
-1.093999812745388156e-01
5.182735634190237251e-02
1.022743281803834281e-01
6.305952605492748386e-02
2.242014716722701140e-02
-3.232141089445704496e-02
1.234899900473789176e-02
2.317035225248158942e-02
1.117480223241053283e-01
1.538491462261093456e-03
-4.764230092269040179e-02
-2.074048735711474939e-02
-1.816023881522298503e-02
-2.062687165435157441e-03
5.128607655274435712e-03
-2.201984644898916533e-03
3.854999971692526367e-04
-2.626145672090191008e-02
5.029727122903920877e-03
5.855643510430815456e-03
8.191220345877825437e-01
4.536117679236693512e+00
1.898411742902242072e-01
-3.194098337845239777e-01
1.117480223241053283e-01
-2.626145672090191008e-02
3.235733083456570292e+00
4.075281568662582288e+00
1.068609776112306564e+00
-4.027433969561988736e-01
-5.722141706643115278e+00
4.264101482806882393e-01
-1.093999812745388156e-01
1.538491462261093456e-03
5.029727122903920877e-03
-3.720205364279419946e+00
5.140125984686489069e+00
-1.620485014139501967e+00
-6.820528347671519498e-01
2.474230864911531602e-01
1.069646339920594380e-01
5.182735634190237251e-02
-4.764230092269040179e-02
5.855643510430815456e-03
-4.063562887983348526e-01
-5.912750292489062920e-01
-7.798302126653017252e-02
8.902419562240697637e-01
-5.614566122836224249e-01
2.036181086603970347e-01
-3.235438573691166164e-01
2.272349012180984243e-02
1.438111320762675265e-03
-4.210078650823665530e-02
1.924009156905142626e-01
-5.000803094682459982e-02
7.618764373883822882e-01
1.621641516863218335e+00
-4.318764118058040502e-01
-8.932092026075449942e-02
2.046911879950259749e-02
-9.983242712825579623e-03
3.742674549270942341e-01
-9.094598262692620283e-01
3.397161450182130671e-01
3.892687366828810336e-01
1.641297325256825534e-01
2.097890003095478351e-01
-1.509054196904285605e-01
8.911128897749771155e-03
1.489378000673939172e-03
-2.061767972362922308e-01
3.303245323047925286e-01
-9.770825340272257242e-02
-3.235438573691166164e-01
-8.932092026075449942e-02
-1.509054196904285605e-01
2.073572473783575898e-01
2.649220384478945811e-01
3.334765025879668499e-02
-1.726154122942145375e-01
-1.421224004189155787e-01
7.109209923939921461e-02
2.272349012180984243e-02
2.046911879950259749e-02
8.911128897749771155e-03
-1.000776483677054407e-02
6.519731815945806544e-04
6.840013779174318638e-03
9.087898024392171079e-03
-1.157048530486357030e-03
-1.058938684882987716e-04
1.438111320762675265e-03
-9.983242712825579623e-03
1.489378000673939172e-03
-5.207571363526312599e-03
1.164608742431883469e-04
2.503333781263883721e-04
7.758148751165967402e-03
6.356203896444756474e-03
-3.513278983544006542e-03
-4.210078650823665530e-02
3.742674549270942341e-01
-2.061767972362922308e-01
-1.726154122942145375e-01
9.087898024392171079e-03
7.758148751165967402e-03
1.511344053966933609e+00
1.041723811763353380e+00
5.078241373226596300e-01
1.924009156905142626e-01
-9.094598262692620283e-01
3.303245323047925286e-01
-1.421224004189155787e-01
-1.157048530486357030e-03
6.356203896444756474e-03
-1.141197627827976069e+00
1.575178682737434777e+00
-1.427530502587513184e-01
-5.000803094682459982e-02
3.397161450182130671e-01
-9.770825340272257242e-02
7.109209923939921461e-02
-1.058938684882987716e-04
-3.513278983544006542e-03
2.695645041270410269e-01
-4.879802328791922328e-01
1.620169306663155062e-01
4.624302375388096298e-01
1.367298615972487308e-01
3.413380699050449357e-02
-4.715127582252890415e-01
6.939203627634842227e-03
-1.340518436559646684e-02
-1.112883978822478206e-02
3.563855085993087972e-04
3.107568694500057946e-03
-8.010412636084485172e-03
1.052134840478845257e-02
-6.353657247190588712e-03
7.342654137313490981e-03
-8.076555294449809172e-03
1.749153858718091592e-02
1.266261120838605737e-02
1.073283301880574320e-03
-6.450149338823688364e-03
-1.935057899340042811e-02
-1.325662025713884168e-02
-6.663072717821894074e-04
4.826852357051100023e-03
1.475600503732651773e-02
-3.338952219518371428e-02
-2.477891670617072759e-02
-5.159802790015327253e-03
2.342982019814415784e-02
-4.715127582252890415e-01
7.342654137313490981e-03
4.826852357051100023e-03
4.675803904286239820e-01
3.590092152145835103e-02
8.264530390019510578e-03
2.956895363821292286e-03
-3.544720748601966776e-03
9.937047687377773691e-03
6.939203627634842227e-03
-8.076555294449809172e-03
1.475600503732651773e-02
-2.601960904541571803e-03
5.088354872652184682e-03
-1.048713608739849749e-02
-7.579093476153300236e-03
7.496266765314140964e-05
1.298628665032406119e-03
-1.340518436559646684e-02
1.749153858718091592e-02
-3.338952219518371428e-02
2.876689974755647274e-03
-1.069811658121464816e-02
2.238644647884674779e-02
1.579435554897367852e-02
-4.152568378893936336e-04
-1.772678016530902486e-03
-1.112883978822478206e-02
1.266261120838605737e-02
-2.477891670617072759e-02
2.956895363821292286e-03
-7.579093476153300236e-03
1.579435554897367852e-02
1.111492205022629638e-02
1.188076752705030659e-02
1.883238586886096244e-02
3.563855085993087972e-04
1.073283301880574320e-03
-5.159802790015327253e-03
-3.544720748601966776e-03
7.496266765314140964e-05
-4.152568378893936336e-04
-4.396952296163649139e-04
-6.102173888614939243e-04
2.484620599524066387e-02
3.107568694500057946e-03
-6.450149338823688364e-03
2.342982019814415784e-02
9.937047687377773691e-03
1.298628665032406119e-03
-1.772678016530902486e-03
-7.265866870897438098e-04
2.278494218055226485e-03
-8.007435575500964839e-03
4.595943646649459091e-01
1.477596350046559703e-01
3.452098918895153690e-02
-4.687307196434872258e-01
5.454626714089997816e-03
-1.032990735320179695e-02
-6.900695700752302632e-03
1.892786822964307629e-03
2.410767112924908865e-03
-6.705297717344016473e-03
1.064740210208087352e-02
-4.278977931667747939e-03
7.294331374573061189e-03
-7.289515197511945918e-03
1.651786410070163469e-02
1.180620094770194056e-02
1.891013440908648549e-03
-8.812733021258643828e-03
-1.721050424580010396e-02
-1.175875228477406970e-02
-1.904795970628200786e-03
6.542438421465569288e-03
1.251138689453198255e-02
-2.948895574131289374e-02
-1.847189447329165499e-02
-2.987608907527173306e-03
3.081455873348469543e-02
-4.687307196434872258e-01
7.294331374573061189e-03
6.542438421465569288e-03
4.712830235009116686e-01
3.486000367737918104e-02
9.682927760948412815e-03
4.048153207008061381e-03
-2.321294490750152109e-03
1.068727079502495951e-02
5.454626714089997816e-03
-7.289515197511945918e-03
1.251138689453198255e-02
-2.959135036620787022e-03
3.739625040862489935e-03
-7.966383193232706370e-03
-6.580019323230553753e-03
-1.085233751789484516e-03
2.162904370072078232e-04
-1.032990735320179695e-02
1.651786410070163469e-02
-2.948895574131289374e-02
3.970777786865312478e-03
-8.184183330799772380e-03
1.783248394639100690e-02
1.456981032454706879e-02
2.426406679389426536e-03
8.220836431708109177e-04
-6.900695700752302632e-03
1.180620094770194056e-02
-1.847189447329165499e-02
4.048153207008061381e-03
-6.580019323230553753e-03
1.456981032454706879e-02
1.129113206115307799e-02
1.223318484715821275e-02
2.065553086781484957e-02
1.892786822964307629e-03
1.891013440908648549e-03
-2.987608907527173306e-03
-2.321294490750152109e-03
-1.085233751789484516e-03
2.426406679389426536e-03
1.856384357158220085e-03
3.236530566972685430e-04
2.518247044057539408e-02
2.410767112924908865e-03
-8.812733021258643828e-03
3.081455873348469543e-02
1.068727079502495951e-02
2.162904370072078232e-04
8.220836431708109177e-04
-2.808224320631224052e-03
-6.420803392535671386e-04
-1.964361790167121549e-02
-6.884452912987056861e-01
-3.224782949818842948e-01
4.815958037848682566e-02
8.333727016280504385e-01
-8.956965016604435947e-02
-4.538517689833617558e-02
-2.289464744686054154e-01
2.682992587927100492e-01
3.648877928618571298e-01
-2.381388211403819011e-01
-1.982900441749798626e-01
-3.415742876868186895e-01
8.300526175144669339e-02
3.366801641608353712e+00
6.312728780850791033e+00
-1.586412512744689307e-01
-4.000535671049622266e+00
-1.701223447526907906e+00
-3.821947754512360768e-02
4.777404691038899393e-02
3.282514653609908128e-02
1.997621653273270667e-02
3.093621093435781205e-02
9.695814772902421400e-03
4.815958037848808854e-02
1.135819127676104046e+00
1.011923075137559858e+00
-3.412131864415782895e-02
-8.349974473186879687e-01
-1.619381016583308019e+00
2.030457641325140658e-02
-8.791871945887061446e-02
-3.815217755330853507e-03
-2.480881937612603588e-02
-4.900240616258476345e-02
-2.935024240757356725e-02
8.333727016280504385e-01
-1.586412512744689307e-01
-3.412131864415782895e-02
-4.604667230719050597e-01
-4.453713930282499067e-01
5.584704927313347694e-02
3.138326056582791540e-02
-1.086545359035863412e-01
-9.477785196383835264e-02
6.608018425170723853e-02
5.174822382499513762e-02
2.969598250850888008e-02
-8.956965016604435947e-02
-4.000535671049622266e+00
-8.349974473186879687e-01
2.017010567864182535e-01
5.176707046893490372e+00
1.457876686786530929e+00
8.214163916705616297e-02
-1.472564244678539191e-01
-5.677207103080154915e-02
-5.358583583951007090e-02
-8.753549597051515918e-02
-3.595059013251154095e-02
-4.538517689833617558e-02
-1.701223447526907906e+00
-1.619381016583308019e+00
5.584704927313353245e-02
1.164976164061863884e+00
2.600464515927862763e+00
-4.331659389820136097e-02
1.575151638365637485e-01
2.596123200088787733e-02
3.158880427268794672e-02
7.824697267532811085e-02
3.735667602824795097e-02
-2.289464744686054154e-01
-3.821947754512360768e-02
2.030457641325140658e-02
3.138326056582791540e-02
8.214163916705616297e-02
-4.331659389820136097e-02
1.342170817145877104e-01
3.973218746341375951e-01
-3.371793735405473336e-01
-7.877056648250410631e-02
2.218686968666399098e-02
1.327985628795645967e-01
2.682992587927100492e-01
4.777404691038899393e-02
-8.791871945887061446e-02
-1.086545359035863412e-01
-1.472564244678539191e-01
1.575151638365637485e-01
5.920203986803776464e-03
3.168584656967506769e-02
-1.295640776936027860e-01
-2.107343769127818789e-02
3.143285730761789104e-02
3.080143894115425565e-02
3.648877928618571298e-01
3.282514653609908128e-02
-3.815217755330853507e-03
-9.477785196383835264e-02
-5.677207103080154915e-02
2.596123200088787733e-02
5.494707546790155578e-02
6.358414543086848836e-02
1.850440754089179574e-01
-1.185436601632833681e-01
2.512278109354911318e-02
5.990402577577241122e-02
-2.381388211403819011e-01
1.997621653273270667e-02
-2.480881937612603588e-02
6.608018425170723853e-02
-5.358583583951007090e-02
3.158880427268794672e-02
-7.877056648250410631e-02
-2.107343769127818789e-02
-1.185436601632833681e-01
1.120698553498285371e-01
-4.043109969059480724e-01
3.580412189720919569e-01
-1.982900441749798626e-01
3.093621093435781205e-02
-4.900240616258476345e-02
5.174822382499513762e-02
-8.753549597051515918e-02
7.824697267532811085e-02
2.218686968666399098e-02
3.143285730761789104e-02
2.512278109354911318e-02
-6.632775359498543606e-04
2.738141328387875412e-02
-1.317643430842700136e-01
-3.415742876868186895e-01
9.695814772902421400e-03
-2.935024240757356725e-02
2.969598250850888008e-02
-3.595059013251154095e-02
3.735667602824795097e-02
1.327985628795645967e-01
3.080143894115425565e-02
5.990402577577241122e-02
-4.270396235221164682e-02
6.562920138517572277e-02
2.005130361119657478e-01
4.293839951228564100e-01
-3.330495515306061000e-02
8.547059463940463384e-03
5.587905396753695131e-02
-4.643518934591310716e-03
-2.401968978381973079e-03
-2.032357543405221567e-01
3.227822084733399099e-02
1.011086322268480442e-01
-2.052483311423428380e-01
-3.464453871569102977e-02
-1.087277864429780083e-01
1.580189513627263190e-02
1.548613618821311322e+00
1.205316515677197220e+00
-2.266765085364459004e-02
-9.541054549157554909e-01
-2.255016458010350722e-01
5.097767344633487990e-03
6.585657551157740944e-03
-1.035378262521847136e-02
-7.401027591259473799e-03
5.266704636176381196e-03
-1.231475020530920818e-02
8.547059463940841553e-03
-3.356494071401336377e-01
3.015893217302538232e-01
3.822532733822232593e-03
3.386901391295715769e-01
-2.153932323241622981e-01
5.277841358991282317e-02
-1.827937023934948432e-02
-3.724252183224066592e-02
-5.706319299665538886e-02
-1.854274365322122406e-02
-4.292799539460349922e-02
5.587905396753695131e-02
-2.266765085364459004e-02
3.822532733822232593e-03
7.810824795420515110e-03
-8.465511593761328168e-02
6.816911478209014205e-03
-2.568435438508829063e-02
2.699014807482274202e-03
1.302967218806273808e-02
-2.769372776623211380e-02
-5.900870602882941386e-03
-1.428038984791814639e-02
-4.643518934591310716e-03
-9.541054549157554909e-01
3.386901391295715769e-01
1.373729355371967019e-02
6.676431651931261646e-01
8.592526802856184087e-01
4.258847698327927062e-02
-2.230427913387188210e-02
-1.765337913736870004e-02
-4.191250635499919192e-02
-2.002649773016586601e-02
-1.842287950839526650e-02
-2.401968978381973079e-03
-2.255016458010350722e-01
-2.153932323241622981e-01
6.816911478209229311e-03
-1.101588346371698036e-02
3.404975229697870809e-01
-6.702508908045232139e-02
1.165784626828797639e-02
4.306026821705330465e-02
6.040607856305180851e-02
1.121287078879560327e-02
4.387696684870096703e-02
-2.032357543405221567e-01
5.097767344633487990e-03
5.277841358991282317e-02
-2.568435438508829063e-02
4.258847698327927062e-02
-6.702508908045232139e-02
2.438404035394508285e-01
1.551458800880382571e-01
-3.240771584117921322e-01
-5.233812009167293500e-02
2.180169949406197266e-02
1.310059431242466266e-01
3.227822084733399099e-02
6.585657551157740944e-03
-1.827937023934948432e-02
2.699014807482274202e-03
-2.230427913387188210e-02
1.165784626828797639e-02
-1.859771809529593006e-02
3.926252107523634655e-02
-3.751641996721424149e-02
-1.744581450828593117e-02
2.421924356221579269e-02
3.237770682313771686e-02
1.011086322268480442e-01
-1.035378262521847136e-02
-3.724252183224066592e-02
1.302967218806273808e-02
-1.765337913736870004e-02
4.306026821705330465e-02
2.620282538415246582e-02
4.830549275023420658e-02
1.275923534950419436e-01
-1.295574692207481782e-01
3.297357689735547909e-02
8.139300682254191344e-02
-2.052483311423428380e-01
-7.401027591259473799e-03
-5.706319299665538886e-02
-2.769372776623211380e-02
-4.191250635499919192e-02
6.040607856305180851e-02
-5.233812009167293500e-02
-1.744581450828593117e-02
-1.295574692207481782e-01
2.513053960264707842e-01
-1.472955425723510847e-01
3.171099001391385341e-01
-3.464453871569102977e-02
5.266704636176381196e-03
-1.854274365322122406e-02
-5.900870602882941386e-03
-2.002649773016586601e-02
1.121287078879560327e-02
2.180169949406197266e-02
2.421924356221579269e-02
3.297357689735547909e-02
9.961840858315645572e-03
3.379035129406680882e-02
-3.621995235874944652e-02
-1.087277864429780083e-01
-1.231475020530920818e-02
-4.292799539460349922e-02
-1.428038984791814639e-02
-1.842287950839526650e-02
4.387696684870096703e-02
1.310059431242466266e-01
3.237770682313771686e-02
8.139300682254191344e-02
-3.485976414487355901e-02
5.001594805010015077e-02
1.379941367083737658e-01
5.421363955527901402e-01
7.194479208880938392e-02
2.855136841638789558e-01
-9.268456815565949414e-03
-2.629163330186728986e-03
3.960886586390415659e-03
-1.114199507065585654e-01
-6.051582280676676140e-03
-1.487250530905614709e-01
-9.677515207247996964e-02
8.824154095244059193e-02
9.505652694586523566e-02
2.209726077947600509e-02
4.292908149961557340e-01
1.176015064348888139e-01
-2.805752283241871523e-02
-2.890534003348504966e-01
4.118966437012980264e-02
3.637496473721246737e-03
-2.337860283143785439e-02
-1.221814603245946831e-02
1.210812480329966356e-01
-1.169531820891258483e-01
-3.729102913724446217e-02
-2.984747352407623455e-01
-9.741124933454450852e-02
5.160879670647496864e-01
7.953584774608821184e-03
1.477125674808456857e-01
-7.156774667098679543e-02
-1.744515550992791209e-01
-1.645912350960104450e-02
-3.046339988171164470e-01
1.572269861357626919e-01
-1.471116643095925491e-01
-1.404638554141666162e-01
-9.268456815565949414e-03
-2.805752283241871523e-02
7.953584774608821184e-03
5.870096603099930234e-03
3.268880049669897151e-03
-3.013690794823730562e-02
-4.133264032049430050e-04
1.214484800863341145e-02
-8.023018841252817224e-03
-4.685172703918817801e-03
8.480555004008714232e-03
1.495709738388775484e-03
-2.629163330186728986e-03
-2.890534003348504966e-01
1.477125674808456857e-01
1.427988005900322939e-02
2.134116693823320254e-01
-2.649048980968115030e-01
-3.601581372111562623e-02
1.653599109222225402e-03
1.144986076507192516e-02
-6.479365130467144851e-02
5.745713745375330417e-02
2.232545401423144393e-02
3.960886586390415659e-03
4.118966437012980264e-02
-7.156774667098679543e-02
-2.968602690730451008e-03
-2.885254282187076774e-02
1.856094420910597148e-03
-2.445977750892432828e-02
-2.464881890401945247e-04
4.878399636939968927e-04
8.679076483202301934e-03
-8.555759588750135036e-03
-4.103495452895896539e-03
-1.114199507065585654e-01
3.637496473721246737e-03
-1.744515550992791209e-01
-4.133264032049430050e-04
-3.601581372111562623e-02
-2.445977750892432828e-02
1.470527832375417843e-01
3.155159802171782213e-02
1.963086637822448466e-01
-3.188282888029845413e-02
3.691886881836677070e-02
-4.938417788482086374e-02
-6.051582280676676140e-03
-2.337860283143785439e-02
-1.645912350960104450e-02
1.214484800863341145e-02
1.653599109222225402e-03
-2.464881890401945247e-04
-6.690655900282031429e-03
3.105472349825138395e-02
3.260497530134346539e-02
-4.050144668595039889e-03
1.396781968646618882e-02
6.816947482478611167e-03
-1.487250530905614709e-01
-1.221814603245946831e-02
-3.046339988171164470e-01
-8.023018841252817224e-03
1.144986076507192516e-02
4.878399636939968927e-04
-1.768192659922556975e-01
-4.260283710741364326e-03
2.180134908150600237e-01
1.030597679509451942e-02
-2.212879958184149620e-02
-9.947887512643086710e-03
-9.677515207247996964e-02
1.210812480329966356e-01
1.572269861357626919e-01
-4.685172703918817801e-03
-6.479365130467144851e-02
8.679076483202301934e-03
-3.188282888029845413e-02
-4.050144668595039889e-03
1.030597679509451942e-02
8.729491500809129223e-02
-5.513322585412646498e-03
-3.134227439113970726e-01
8.824154095244059193e-02
-1.169531820891258483e-01
-1.471116643095925491e-01
8.480555004008714232e-03
5.745713745375330417e-02
-8.555759588750135036e-03
3.691886881836677070e-02
1.396781968646618882e-02
-2.212879958184149620e-02
-8.255946032274613655e-02
8.202418127638884393e-02
2.698752750784409460e-01
9.505652694586523566e-02
-3.729102913724446217e-02
-1.404638554141666162e-01
1.495709738388775484e-03
2.232545401423144393e-02
-4.103495452895896539e-03
-4.938417788482086374e-02
6.816947482478611167e-03
-9.947887512643086710e-03
-3.591868780363112468e-02
3.413010892709517768e-02
2.284413147473472738e-02
4.730297350198696127e-01
7.812963178721421542e-02
2.873397498078236745e-01
-1.567282809839617985e-02
-1.873247814629367194e-02
-1.001063682463624737e-04
8.458321958223463666e-03
-9.450395583192501558e-03
-1.314909269554707105e-01
-1.383679398525142767e-01
1.128028622891253663e-01
1.019234344859425018e-01
-2.498798002678577837e-02
3.301792150549250904e-01
1.216280294759761599e-01
-2.654420654076938488e-02
-2.042093707387236112e-01
1.300646890016101190e-02
2.547395962985838508e-02
-2.700531957143231104e-02
5.936356199612543780e-03
8.465646367030253694e-02
-8.097470860667217718e-02
-7.405388338524951375e-02
-2.500151430867547098e-01
-2.146684188710389074e-02
6.152336168961132223e-01
1.435589943553077126e-02
5.482919894747177725e-02
-4.250942485991717618e-02
-6.804642383964112917e-02
-1.156299664234778854e-02
-2.389449129691022522e-01
1.085826881738364280e-01
-8.007367795749509298e-02
-1.787602600656935659e-01
-1.567282809839617985e-02
-2.654420654076938488e-02
1.435589943553077126e-02
2.908259004768122373e-04
1.491981025388612299e-03
-3.273358715412845368e-03
-5.663818146139231076e-03
2.091730996227421022e-02
2.429035393658457789e-03
4.362132884893631796e-03
1.574225221442893466e-02
-1.144075588947785979e-03
-1.873247814629367194e-02
-2.042093707387236112e-01
5.482919894747177725e-02
7.427928184055286945e-03
1.527045406512124726e-01
-1.679139693383166765e-01
-3.850395083804712681e-03
-9.457556502479988816e-03
-1.984256475047763146e-02
-1.990792634342679682e-02
1.210664455082933848e-02
5.864653244789038572e-02
-1.001063682463624737e-04
1.300646890016101190e-02
-4.250942485991717618e-02
4.015137859495732618e-03
-1.470208366035959113e-02
1.216031162522565601e-02
1.442232175167910621e-02
9.814115839036951019e-03
1.282154015500717482e-02
2.033760285095220430e-02
-1.412216257486147673e-02
3.592829199040840915e-02
8.458321958223463666e-03
2.547395962985838508e-02
-6.804642383964112917e-02
-5.663818146139231076e-03
-3.850395083804712681e-03
1.442232175167910621e-02
3.837067051565329345e-02
9.234925484219209599e-03
3.785084650704927389e-01
5.236128946660083272e-02
-4.976013894593760839e-02
8.203123945717016863e-02
-9.450395583192501558e-03
-2.700531957143231104e-02
-1.156299664234778854e-02
2.091730996227421022e-02
-9.457556502479988816e-03
9.814115839036951019e-03
-1.099737433244740194e-02
3.271922542218483332e-02
-2.822031209857128221e-03
-1.737619850074972536e-02
2.255418456872075941e-02
4.199420603923911463e-05
-1.314909269554707105e-01
5.936356199612543780e-03
-2.389449129691022522e-01
2.429035393658457789e-03
-1.984256475047763146e-02
1.282154015500717482e-02
4.678028695546829208e-03
1.741766299437770560e-02
2.744027224629433381e-01
-5.613015134310667814e-02
4.096535629901872089e-02
-2.580768800386024422e-02
-1.383679398525142767e-01
8.465646367030253694e-02
1.085826881738364280e-01
4.362132884893631796e-03
-1.990792634342679682e-02
2.033760285095220430e-02
5.236128946660083272e-02
-1.737619850074972536e-02
-5.613015134310667814e-02
1.680167768016663232e-01
-1.111427861702469211e-01
-1.920993078056980885e-01
1.128028622891253663e-01
-8.097470860667217718e-02
-8.007367795749509298e-02
1.574225221442893466e-02
1.210664455082933848e-02
-1.412216257486147673e-02
-4.976013894593760839e-02
2.255418456872075941e-02
4.096535629901872089e-02
-1.515383126675803604e-01
1.252323572744476754e-01
1.698011650002496653e-01
1.019234344859425018e-01
-7.405388338524951375e-02
-1.787602600656935659e-01
-1.144075588947785979e-03
5.864653244789038572e-02
3.592829199040840915e-02
8.203123945717016863e-02
4.199420603923911463e-05
-2.580768800386024422e-02
8.267663782398879113e-02
-6.786140194342148158e-02
2.476054764136356445e-01
3.662760576637459353e-01
8.590244744140604349e-02
2.428111728546812342e-01
-2.116973408718085189e-02
-2.705640775720834397e-03
5.806558771843316549e-03
-6.119773977786637648e-02
-4.863366134591558428e-03
-9.694274153416444773e-02
-1.254793517429557692e-01
8.355600123757161990e-02
1.149762202401050093e-01
-7.945969986526010831e-02
2.309620568354135151e-01
1.378239318990956419e-01
-2.541438312599472032e-02
-7.407288129057917891e-02
2.105784916508817578e-02
-5.344083710838387624e-02
-1.228709792382147448e-02
7.570983259323452175e-02
1.052813697268119436e-01
-1.123253159350329627e-01
-5.227583566840732221e-02
-1.815886891812945048e-01
6.113473878274369722e-02
6.402820958502605242e-01
1.137789370603638564e-02
7.216766166210012226e-03
-3.975570374348089131e-02
-8.671221417581087554e-02
-1.146951892515673394e-02
-2.624463287103617204e-01
1.255944541874969844e-01
-8.251810125636299675e-02
-2.088651970455344120e-01
-2.116973408718085189e-02
-2.541438312599472032e-02
1.137789370603638564e-02
1.747087315142414193e-02
1.102177936024471318e-02
2.015096835610540038e-04
7.399429069809420299e-03
2.068122611710585326e-02
-2.731319507097103305e-03
-1.218901236592519763e-03
1.715662939880004817e-02
-3.553255192007350512e-03
-2.705640775720834397e-03
-7.407288129057917891e-02
7.216766166210012226e-03
-1.032784715975524313e-02
9.206419251578490393e-02
-4.975504227104846772e-02
3.842385135236005278e-02
-1.364515582711421995e-02
-4.133162096299406590e-02
-3.000323134067330380e-02
4.328780052212457836e-04
3.518651765912257038e-03
5.806558771843316549e-03
2.105784916508817578e-02
-3.975570374348089131e-02
1.099271314633778421e-03
3.837442352612809721e-02
1.153019645684565248e-01
1.508483214319336629e-02
3.554062002184057989e-02
4.245000380851899138e-03
-6.472858397913220339e-04
-3.152153016759239729e-02
6.444826749787650223e-03
-6.119773977786637648e-02
-5.344083710838387624e-02
-8.671221417581087554e-02
7.399429069809420299e-03
3.842385135236005278e-02
1.508483214319336629e-02
9.197512196641804971e-02
4.523684722287593489e-03
3.437448195622371250e-01
4.094806251790855667e-02
-3.199567588883574232e-02
9.761862622914185827e-02
-4.863366134591558428e-03
-1.228709792382147448e-02
-1.146951892515673394e-02
2.068122611710585326e-02
-1.364515582711421995e-02
3.554062002184057989e-02
-5.782778353712416698e-03
4.082660246155201539e-02
-4.661296492644086131e-02
-1.964995928813600620e-02
2.578969583426278175e-02
-2.097903056027573820e-02
-9.694274153416444773e-02
7.570983259323452175e-02
-2.624463287103617204e-01
-2.731319507097103305e-03
-4.133162096299406590e-02
4.245000380851899138e-03
1.404481097698419279e-02
1.507622782816780624e-02
2.847294678488543340e-01
-5.159183410511047896e-02
3.866861319817525844e-02
-5.317154018513377267e-02
-1.254793517429557692e-01
1.052813697268119436e-01
1.255944541874969844e-01
-1.218901236592519763e-03
-3.000323134067330380e-02
-6.472858397913220339e-04
4.094806251790855667e-02
-1.964995928813600620e-02
-5.159183410511047896e-02
1.722926896271501918e-01
-1.150775916915182939e-01
-2.062963499799404243e-01
8.355600123757161990e-02
-1.123253159350329627e-01
-8.251810125636299675e-02
1.715662939880004817e-02
4.328780052212457836e-04
-3.152153016759239729e-02
-3.199567588883574232e-02
2.578969583426278175e-02
3.866861319817525844e-02
-1.397066866115182215e-01
1.378970196613320820e-01
1.846824170933730191e-01
1.149762202401050093e-01
-5.227583566840732221e-02
-2.088651970455344120e-01
-3.553255192007350512e-03
3.518651765912257038e-03
6.444826749787650223e-03
9.761862622914185827e-02
-2.097903056027573820e-02
-5.317154018513377267e-02
6.708786825292517575e-02
-5.751802796972366183e-02
2.625062394916349851e-01
2.934892847365022095e-01
9.252502926964201180e-02
6.204421596950254747e-02
-1.783292647140141685e-02
6.789318363590469280e-03
8.862508002679971540e-04
-3.852617260402559779e-02
-1.812940217172663571e-02
-1.446791487999690706e-01
-1.293918211477972091e-01
8.078869475749579643e-02
7.868995342883036703e-02
-1.125347176590245912e-01
1.750012279941725590e-01
9.854689034557312377e-02
-2.240249821391020191e-02
-2.425957069620021667e-02
1.098572353846329324e-03
3.235563105412796875e-03
-3.282876543506362682e-02
3.842484757523784850e-02
7.478183531796155081e-02
-8.809183547395919855e-02
-7.579377183713792432e-02
-6.815908966186270956e-02
9.104241101447727025e-02
6.095334159689701492e-01
7.425915928223236935e-03
-2.278087829929683825e-03
-2.942016437472041307e-02
-9.247505090359245394e-02
-6.176448605688313054e-03
-2.757819344365273762e-01
1.197211427275990392e-01
-6.575546464248044343e-02
-2.148847125575759909e-01
-1.783292647140141685e-02
-2.240249821391020191e-02
7.425915928223236935e-03
1.141346285510301539e-02
-4.241151601467765646e-03
1.024111615080560561e-03
1.640575216092665265e-03
1.445563874341678282e-02
4.101995964066185163e-03
6.715721821671774040e-03
1.210484679972849593e-02
-1.716617923485362325e-03
6.789318363590469280e-03
-2.425957069620021667e-02
-2.278087829929683825e-03
-2.182582379801096140e-03
1.834298080685999727e-02
7.008682781250189127e-03
3.548018045940183303e-04
-1.894680682249898652e-03
-8.491686044518321347e-03
-9.854210726418221114e-03
-3.112812083890027261e-04
1.008181724075196337e-02
8.862508002679971540e-04
1.098572353846329324e-03
-2.942016437472041307e-02
1.384497977915393569e-03
-5.434490956713358863e-03
3.100867768661255686e-02
1.595418637959605465e-02
2.474051186082695114e-02
8.121960770575590433e-03
-6.730853811151885427e-03
-1.462791536678034743e-02
1.309206666208163200e-02
-3.852617260402559779e-02
3.235563105412796875e-03
-9.247505090359245394e-02
1.640575216092665265e-03
3.548018045940183303e-04
1.595418637959605465e-02
5.238415351916283352e-02
-1.129097348507455446e-02
3.236527599084654816e-01
4.560003134753291137e-02
-4.779350811738850707e-02
9.643309718408671349e-02
-1.812940217172663571e-02
-3.282876543506362682e-02
-6.176448605688313054e-03
1.445563874341678282e-02
-1.894680682249898652e-03
2.474051186082695114e-02
-1.281720757741204933e-03
4.525432749546529076e-02
-9.026442390463451648e-02
-2.544113071218764149e-02
2.373385138316330342e-02
-3.215637700636043983e-02
-1.446791487999690706e-01
3.842484757523784850e-02
-2.757819344365273762e-01
4.101995964066185163e-03
-8.491686044518321347e-03
8.121960770575590433e-03
2.617639012015776645e-02
2.799143738202746617e-02
3.078226008211147890e-01
-5.549966014293854222e-02
4.664998839571455475e-02
-5.961765724743226663e-02
-1.293918211477972091e-01
7.478183531796155081e-02
1.197211427275990392e-01
6.715721821671774040e-03
-9.854210726418221114e-03
-6.730853811151885427e-03
4.560003134753291137e-02
-2.544113071218764149e-02
-5.549966014293854222e-02
1.575100469150996219e-01
-1.020090646066096757e-01
-2.071126047851532814e-01
8.078869475749579643e-02
-8.809183547395919855e-02
-6.575546464248044343e-02
1.210484679972849593e-02
-3.112812083890027261e-04
-1.462791536678034743e-02
-4.779350811738850707e-02
2.373385138316330342e-02
4.664998839571455475e-02
-1.102873513899430419e-01
1.229219296178030302e-01
1.857594991945833995e-01
7.868995342883036703e-02
-7.579377183713792432e-02
-2.148847125575759909e-01
-1.716617923485362325e-03
1.008181724075196337e-02
1.309206666208163200e-02
9.643309718408671349e-02
-3.215637700636043983e-02
-5.961765724743226663e-02
5.917192247280080725e-02
-6.243844638024381721e-02
2.906025983449885275e-01
3.084917665011596699e-01
5.276327727161719133e-02
6.780309870695391643e-03
-1.282049732599526738e-02
9.028000018485349970e-03
-7.872094560023914773e-05
-7.431393046424322746e-02
-5.835116870724502483e-03
-1.465071740301255310e-01
-1.236936844993260370e-01
6.713756580182561606e-02
8.565428626521093269e-02
-1.337973197763831501e-01
1.085406293315679671e-01
6.829021994603290402e-02
-1.464839757656042664e-02
2.577097335675497883e-02
-5.022784710599322196e-03
1.157100377503859738e-02
-2.833759934414689652e-02
3.707913965236132869e-02
5.535722609635800734e-02
-6.416296580459686372e-02
-6.690969037031374578e-02
-1.235753192423189387e-02
6.965047849143748970e-02
6.067314666594416650e-01
2.665383848145931427e-03
-5.399489676912137825e-03
-1.709932694596414879e-02
-1.018793538320979380e-01
1.153357654091004270e-03
-2.772867652177563591e-01
1.158707128453416169e-01
-5.273384088162182820e-02
-2.298452591056489580e-01
-1.282049732599526738e-02
-1.464839757656042664e-02
2.665383848145931427e-03
2.833562560488871000e-03
-2.136230344048895523e-03
1.177677421699418895e-03
2.214321711525796179e-03
8.657931631637928380e-03
1.185282625283024969e-03
5.060995262081154945e-03
7.197413209159649397e-03
-1.267754280901187787e-04
9.028000018485349970e-03
2.577097335675497883e-02
-5.399489676912137825e-03
5.572447557284408194e-03
-3.432346344733021998e-02
8.072108485837456784e-03
5.079152924348806671e-03
-5.609440325675000248e-03
7.019648101957161324e-03
3.335906052268964358e-03
-6.808419443030680300e-03
-4.096308051297392443e-03
-7.872094560023914773e-05
-5.022784710599322196e-03
-1.709932694596414879e-02
1.900770622390508249e-03
-4.079798940564321671e-03
8.269043876145590333e-03
1.144926274023444837e-02
1.081921901638864363e-02
4.851702899233886410e-03
-7.290583706103991035e-03
-6.297997933528887496e-03
8.779744056304694330e-03
-7.431393046424322746e-02
1.157100377503859738e-02
-1.018793538320979380e-01
2.214321711525796179e-03
5.079152924348806671e-03
1.144926274023444837e-02
6.648856474582938436e-02
-4.444790596860558052e-02
3.049015795978173848e-01
4.258359029631354764e-02
-4.982619039031307290e-02
9.126685233651318785e-02
-5.835116870724502483e-03
-2.833759934414689652e-02
1.153357654091004270e-03
8.657931631637928380e-03
-5.609440325675000248e-03
1.081921901638864363e-02
-8.245497116605661828e-03
4.247041315337733020e-02
-1.408029588014981237e-01
-3.216346811193214472e-02
3.562606178030904708e-02
-5.083912554023295449e-02
-1.465071740301255310e-01
3.707913965236132869e-02
-2.772867652177563591e-01
1.185282625283024969e-03
7.019648101957161324e-03
4.851702899233886410e-03
3.205024418484223037e-02
3.342378676322403652e-02
2.928504229458136487e-01
-6.734855087677067698e-02
6.169758079150024915e-02
-6.720117455866522760e-02
-1.236936844993260370e-01
5.535722609635800734e-02
1.158707128453416169e-01
5.060995262081154945e-03
3.335906052268964358e-03
-7.290583706103991035e-03
4.258359029631354764e-02
-3.216346811193214472e-02
-6.734855087677067698e-02
1.328619614186443698e-01
-1.129251009889191693e-01
-2.250429051261970126e-01
6.713756580182561606e-02
-6.416296580459686372e-02
-5.273384088162182820e-02
7.197413209159649397e-03
-6.808419443030680300e-03
-6.297997933528887496e-03
-4.982619039031307290e-02
3.562606178030904708e-02
6.169758079150024915e-02
-8.206607110225264123e-02
1.044810847084445132e-01
1.924880625692858005e-01
8.565428626521093269e-02
-6.690969037031374578e-02
-2.298452591056489580e-01
-1.267754280901187787e-04
-4.096308051297392443e-03
8.779744056304694330e-03
9.126685233651318785e-02
-5.083912554023295449e-02
-6.720117455866522760e-02
3.304800422956628153e-02
-6.234288182900489528e-02
3.009114638409214337e-01
