4.958322166217387084e-01
-1.715140379243928061e-06
-1.329473799489362985e-06
-4.958322166219000793e-01
1.715140379085196840e-06
3.980269270531909107e-07
-1.715140379243928061e-06
5.932983271339509201e-12
4.598825194853149104e-12
1.715140379019494188e-06
-5.932879187930950593e-12
-1.376783267301770512e-12
-1.329473799489362985e-06
4.598825194853149104e-12
3.564751060802544139e-12
1.329473799489775066e-06
-4.598843649601375188e-12
-1.067207172095059665e-12
-4.958322166219000793e-01
1.715140379019494188e-06
1.329473799489775066e-06
4.958322166220613947e-01
-1.715140379112668871e-06
-3.980269270533360710e-07
1.715140379085196840e-06
-5.932879187930950593e-12
-4.598843649601375188e-12
-1.715140379112668871e-06
5.932865310143142779e-12
1.376820957705214393e-12
3.980269270531909107e-07
-1.376783267301770512e-12
-1.067207172095059665e-12
-3.980269270533360710e-07
1.376820957705214393e-12
3.194857927053247865e-13
2.770616617398448667e-01
-9.472460350327913240e-07
-6.829036641664064092e-07
-2.770616617398455883e-01
9.472460349672383854e-07
2.052975239606006696e-07
-9.472460350327913240e-07
3.238555148880883916e-12
2.334780826618620747e-12
9.472460349371174703e-07
-3.238538669007862136e-12
-7.018898276200326436e-13
-6.829036641664064092e-07
2.334780826618620747e-12
1.683226767115819317e-12
6.829036641664059857e-07
-2.334780512243756336e-12
-5.060192585504496393e-13
-2.770616617398455883e-01
9.472460349371174703e-07
6.829036641664059857e-07
2.770616617398460879e-01
-9.472460349661568302e-07
-2.052975239606053283e-07
9.472460349672383854e-07
-3.238538669007862136e-12
-2.334780512243756336e-12
-9.472460349661568302e-07
3.238538777428079385e-12
7.018904288420049369e-13
2.052975239606006696e-07
-7.018898276200326436e-13
-5.060192585504496393e-13
-2.052975239606053283e-07
7.018904288420049369e-13
1.521228956101042689e-13
-8.528599384038475922e-03
2.859585373740933067e-08
4.762257175710377811e-08
8.528599384434390127e-03
-2.859585373961517652e-08
1.933585605537583340e-08
2.859585373740933067e-08
-9.585041094162249919e-14
-1.597823548727413506e-13
-2.859585373210245750e-08
9.584694149467054558e-14
-6.471485300509264606e-14
4.762257175710377811e-08
-1.597823548727413506e-13
-2.658777506237146167e-13
-4.762257175931381942e-08
1.598071236830834899e-13
-1.079933218761942990e-13
8.528599384434390127e-03
-2.859585373210245750e-08
-4.762257175931381942e-08
-8.528599384830309535e-03
2.859585373128675153e-08
-1.933585605627573312e-08
-2.859585373961517652e-08
9.584694149467054558e-14
1.598071236830834899e-13
2.859585373128675153e-08
-9.584000260076663835e-14
6.472956518921629200e-14
1.933585605537583340e-08
-6.471485300509264606e-14
-1.079933218761942990e-13
-1.933585605627573312e-08
6.472956518921629200e-14
-4.381232999766800895e-14
1.086152882358900840e+00
-3.885122150810601598e-06
-3.143235268917653751e-06
-1.086152882359685545e+00
3.885122150714228730e-06
8.290828069793468234e-07
-3.885122150810601598e-06
1.389671711038431567e-11
1.123882938049839729e-11
3.885122150701884919e-06
-1.389677262153554693e-11
-2.969746876757462095e-12
-3.143235268917653751e-06
1.123882938049839729e-11
9.096161754269908430e-12
3.143235268920229578e-06
-1.124737788320412521e-11
-2.399214583859997021e-12
-1.086152882359685545e+00
3.885122150701884919e-06
3.143235268920229578e-06
1.086152882360470473e+00
-3.885122150652993331e-06
-8.290828069796326970e-07
3.885122150714228730e-06
-1.389677262153554693e-11
-1.124737788320412521e-11
-3.885122150652993331e-06
1.389707793286731885e-11
2.961300068125932368e-12
8.290828069793468234e-07
-2.969746876757462095e-12
-2.399214583859997021e-12
-8.290828069796326970e-07
2.961300068125932368e-12
6.328788884711099273e-13
5.182566456831758650e-01
-1.887383528367671475e-06
-1.482203856170627147e-06
-5.182566456834590829e-01
1.887383528414996053e-06
4.001358077181236037e-07
-1.887383528367671475e-06
6.873487889968998843e-12
5.397809523796016129e-12
1.887383528526403120e-06
-6.873390745454344142e-12
-1.457183772566009148e-12
-1.482203856170627147e-06
5.397809523796016129e-12
4.239054892150068304e-12
1.482203856171441992e-06
-5.397886828590887489e-12
-1.144322145055952732e-12
-5.182566456834590829e-01
1.887383528526403120e-06
1.482203856171441992e-06
5.182566456837425228e-01
-1.887383528408935321e-06
-4.001358077183332973e-07
1.887383528414996053e-06
-6.873390745454344142e-12
-5.397886828590887489e-12
-1.887383528408935321e-06
6.873432378817767585e-12
1.457187893370957782e-12
4.001358077181236037e-07
-1.457183772566009148e-12
-1.144322145055952732e-12
-4.001358077183332973e-07
1.457187893370957782e-12
3.089071310698429034e-13
7.276243560652824460e-02
-2.213088362147277232e-07
-2.321899303519461079e-07
-7.276243560651088349e-02
2.213088362069838568e-07
1.764743147152922421e-07
-2.213088362147277232e-07
6.731282198302324105e-13
7.064428647964484660e-13
2.213088362053488980e-07
-6.731178114893765496e-13
-5.369803891451744125e-13
-2.321899303519461079e-07
7.064428647964484660e-13
7.409450872332386749e-13
2.321899303518918184e-07
-7.064500655086163556e-13
-5.631359320790603840e-13
-7.276243560651088349e-02
2.213088362053488980e-07
2.321899303518918184e-07
7.276243560649352238e-02
-2.213088362064121625e-07
-1.764743147152493610e-07
2.213088362069838568e-07
-6.731178114893765496e-13
-7.064500655086163556e-13
-2.213088362064121625e-07
6.731282198302324105e-13
5.369865577396569112e-13
1.764743147152922421e-07
-5.369803891451744125e-13
-5.631359320790603840e-13
-1.764743147152493610e-07
5.369865577396569112e-13
4.280183216655543433e-13
9.261248321219361923e-01
-3.267051608933139172e-06
-2.539503992220004603e-06
-9.261248321223911617e-01
3.267051608762354460e-06
6.616404284572013376e-07
-3.267051608933139172e-06
1.152530848536059693e-11
8.958495752275948496e-12
3.267051608802516527e-06
-1.152514195190690316e-11
-2.333933174716205709e-12
-2.539503992220004603e-06
8.958495752275948496e-12
6.963514041854153526e-12
2.539503992221236189e-06
-8.958605835951702830e-12
-1.814355147845511748e-12
-9.261248321223911617e-01
3.267051608802516527e-06
2.539503992221236189e-06
9.261248321228456870e-01
-3.267051608840736771e-06
-6.616404284575376097e-07
3.267051608762354460e-06
-1.152514195190690316e-11
-8.958605835951702830e-12
-3.267051608840736771e-06
1.152505868518005627e-11
2.333991440927400912e-12
6.616404284572013376e-07
-2.333933174716205709e-12
-1.814355147845511748e-12
-6.616404284575376097e-07
2.333991440927400912e-12
4.727338726692724755e-13
1.585300872594348487e-01
-4.475028395308325622e-07
-3.120083194069365873e-07
-1.585300872594338217e-01
4.475028395188359287e-07
1.290259266111119074e-07
-4.475028395308325622e-07
1.263236043547166787e-12
8.808899761733737545e-13
4.475028395192803034e-07
-1.263208287971551158e-12
-3.643556853452868038e-13
-3.120083194069365873e-07
8.808899761733737545e-13
6.140539327075919425e-13
3.120083194069355286e-07
-8.808764709281329179e-13
-2.539218692386058649e-13
-1.585300872594338217e-01
4.475028395192803034e-07
3.120083194069355286e-07
1.585300872594328503e-01
-4.475028395148072812e-07
-1.290259266111100546e-07
4.475028395188359287e-07
-1.263208287971551158e-12
-8.808764709281329179e-13
-4.475028395148072812e-07
1.263218696312407019e-12
3.643407542427895697e-13
1.290259266111119074e-07
-3.643556853452868038e-13
-2.539218692386058649e-13
-1.290259266111100546e-07
3.643407542427895697e-13
1.050097361924819432e-13
-8.818742050061598170e-03
3.058267942486937404e-08
4.819989130053524698e-08
8.818742050442977126e-03
-3.058267942712204493e-08
1.723693081250691316e-08
3.058267942486937404e-08
-1.060436460864622177e-13
-1.671129004381554497e-13
-3.058267943616113056e-08
1.060297682986544032e-13
-5.982482895284653918e-14
4.819989130053524698e-08
-1.671129004381554497e-13
-2.633928865680716872e-13
-4.819989130262578385e-08
1.671317950650046649e-13
-9.424464186330270643e-14
8.818742050442977126e-03
-3.058267943616113056e-08
-4.819989130262578385e-08
-8.818742050824357817e-03
3.058267943505808190e-08
-1.723693081325790052e-08
-3.058267942712204493e-08
1.060297682986544032e-13
1.671317950650046649e-13
3.058267943505808190e-08
-1.060124210638946352e-13
5.981488909281333173e-14
1.723693081250691316e-08
-5.982482895284653918e-14
-9.424464186330270643e-14
-1.723693081325790052e-08
5.981488909281333173e-14
-3.365305284521099417e-14
1.008295442658283081e+00
-3.519509375915417891e-06
-3.120430098958799297e-06
-1.008295442659338903e+00
3.519509375802760815e-06
8.844841223123127606e-07
-3.519509375915417891e-06
1.228520063456528533e-11
1.089185331789621509e-11
3.519509375911148422e-06
-1.228517287898966970e-11
-3.087559844257322162e-12
-3.120430098958799297e-06
1.089185331789621509e-11
9.657108159638091986e-12
3.120430098962065456e-06
-1.089217577208626975e-11
-2.737144460257285096e-12
-1.008295442659338903e+00
3.519509375911148422e-06
3.120430098962065456e-06
1.008295442660396057e+00
-3.519509375887591588e-06
-8.844841223132369794e-07
3.519509375802760815e-06
-1.228517287898966970e-11
-1.089217577208626975e-11
-3.519509375887591588e-06
1.228522839014090096e-11
3.087292628205883226e-12
8.844841223123127606e-07
-3.087559844257322162e-12
-2.737144460257285096e-12
-8.844841223132369794e-07
3.087292628205883226e-12
7.756865892485020415e-13
5.939662105433200778e-02
-2.544176459629949389e-07
-1.646361641806291725e-07
-5.939662105425832367e-02
2.544176459541487386e-07
1.074388682367800245e-07
-2.544176459629949389e-07
1.089760226502534124e-12
7.037750032802069310e-13
2.544176459394052831e-07
-1.089794920972053660e-12
-4.587918581476932530e-13
-1.646361641806291725e-07
7.037750032802069310e-13
4.562524557889379921e-13
1.646361641804253817e-07
-7.037881001144682731e-13
-2.977264867557511874e-13
-5.939662105425832367e-02
2.544176459394052831e-07
1.646361641804253817e-07
5.939662105418460486e-02
-2.544176459443318914e-07
-1.074388682366465242e-07
2.544176459541487386e-07
-1.089794920972053660e-12
-7.037881001144682731e-13
-2.544176459443318914e-07
1.089794920972053660e-12
4.587936512943413584e-13
1.074388682367800245e-07
-4.587918581476932530e-13
-2.977264867557511874e-13
-1.074388682366465242e-07
4.587936512943413584e-13
1.942675797420824654e-13
-8.132950294001104613e-03
2.862111859266166727e-08
4.826991958790456370e-08
8.132950294454509288e-03
-2.862111859258063004e-08
1.991778841463878285e-08
2.862111859266166727e-08
-1.006937588865497446e-13
-1.698345835293469815e-13
-2.862111860437634469e-08
1.007006977804536518e-13
-7.012830303674083329e-14
4.826991958790456370e-08
-1.698345835293469815e-13
-2.864986923837025494e-13
-4.826991959059109412e-08
1.698340495583087868e-13
-1.182296487199724767e-13
8.132950294454509288e-03
-2.862111860437634469e-08
-4.826991959059109412e-08
-8.132950294907903555e-03
2.862111860720346274e-08
-1.991778841574529243e-08
-2.862111859258063004e-08
1.007006977804536518e-13
1.698340495583087868e-13
2.862111860720346274e-08
-1.007041672274056054e-13
7.013140183543403532e-14
1.991778841463878285e-08
-7.012830303674083329e-14
-1.182296487199724767e-13
-1.991778841574529243e-08
7.013140183543403532e-14
-4.873054002717692242e-14
1.650982216878064679e-01
-5.435634300507630879e-07
-3.924593245131276804e-07
-1.650982216877689424e-01
5.435634300169803434e-07
1.787028555976600276e-07
-5.435634300507630879e-07
1.789589310075001549e-12
1.291750634269316051e-12
5.435634299953677684e-07
-1.789606657309761317e-12
-5.879896510633043284e-13
-3.924593245131276804e-07
1.291750634269316051e-12
9.329379548944606920e-13
3.924593245130387419e-07
-1.291752429228859716e-12
-4.248097100550223525e-13
-1.650982216877689424e-01
5.435634299953677684e-07
3.924593245130387419e-07
1.650982216877314168e-01
-5.435634300113479979e-07
-1.787028555976179406e-07
5.435634300169803434e-07
-1.789606657309761317e-12
-1.291752429228859716e-12
-5.435634300113479979e-07
1.789624004544521085e-12
5.879808787364973944e-13
1.787028555976600276e-07
-5.879896510633043284e-13
-4.248097100550223525e-13
-1.787028555976179406e-07
5.879808787364973944e-13
1.934461874390153410e-13
8.574920475628564076e-02
-2.261148521178941510e-07
-1.564869801065444335e-07
-8.574920475625631699e-02
2.261148521154193854e-07
8.941001556203749498e-08
-2.261148521178941510e-07
5.962834392914118098e-13
4.126212272112139357e-13
2.261148521222841375e-07
-5.962695615036039953e-13
-2.357314370586578125e-13
-1.564869801065444335e-07
4.126212272112139357e-13
2.855701767533683568e-13
1.564869801064914146e-07
-4.126263606166958913e-13
-1.631576799019068475e-13
-8.574920475625631699e-02
2.261148521222841375e-07
1.564869801064914146e-07
8.574920475622696547e-02
-2.261148521184675923e-07
-8.941001556200647240e-08
2.261148521154193854e-07
-5.962695615036039953e-13
-4.126263606166958913e-13
-2.261148521184675923e-07
5.962903781853157170e-13
2.357514889610587797e-13
8.941001556203749498e-08
-2.357314370586578125e-13
-1.631576799019068475e-13
-8.941001556200647240e-08
2.357514889610587797e-13
9.322403764457490549e-14
8.559667110066535023e-02
-2.083842610071391532e-07
-2.840688319254223755e-07
-8.559667110066601636e-02
2.083842609946058449e-07
1.551430511759840398e-07
-2.083842610071391532e-07
5.073098787843760560e-13
6.915627881833867209e-13
2.083842609953335521e-07
-5.073117219280692813e-13
-3.776940831596911021e-13
-2.840688319254223755e-07
6.915627881833867209e-13
9.427357444762852234e-13
2.840688319254250755e-07
-6.915627422568554910e-13
-5.148712405143188675e-13
-8.559667110066601636e-02
2.083842609953335521e-07
2.840688319254250755e-07
8.559667110066669637e-02
-2.083842609946799338e-07
-1.551430511759836428e-07
2.083842609946058449e-07
-5.073117219280692813e-13
-6.915627422568554910e-13
-2.083842609946799338e-07
5.073070598587275937e-13
3.776944037853637653e-13
1.551430511759840398e-07
-3.776940831596911021e-13
-5.148712405143188675e-13
-1.551430511759836428e-07
3.776944037853637653e-13
2.811961819493894577e-13
3.314662169783765044e+00
-1.202516182927126230e-05
-2.914817070370567501e-06
-3.314662169782666812e+00
1.201681629103041250e-05
9.182383664580104479e-06
-1.202516182927126569e-05
4.362654681955291380e-11
1.057470055006863951e-11
1.202516182967698939e-05
-4.359523853025848439e-11
-3.331289656753056068e-11
-2.914817070370567501e-06
1.057470055006863951e-11
2.563398507602170810e-12
2.914817070369716233e-06
-1.056750906952062592e-11
-8.074656527883396379e-12
-3.314662169782666812e+00
1.202516182967698939e-05
2.914817070369716233e-06
3.314662169781568135e+00
-1.201681629097076444e-05
-9.182383664576975539e-06
1.201681629103041250e-05
-4.359523853025848439e-11
-1.056750906952062592e-11
-1.201681629097076444e-05
4.356498495283744887e-11
3.328896561594126276e-11
9.182383664580104479e-06
-3.331289656753056068e-11
-8.074656527883396379e-12
-9.182383664576975539e-06
3.328896561594126276e-11
2.543776738267243891e-11
-6.065350652667906434e-02
2.172659304514281604e-07
2.342745788981984782e-07
6.065350652749410681e-02
-2.139867021826700401e-07
6.947756881978936643e-08
2.172659304514281604e-07
-7.782802180500425493e-13
-8.390995080538125738e-13
-2.172659304509486868e-07
7.664840984134002611e-13
-2.485169384173752924e-13
2.342745788981984782e-07
-8.390995080538125738e-13
-9.048877239324742388e-13
-2.342745789013253533e-07
8.269551455062576849e-13
-2.683405200128666903e-13
6.065350652749410681e-02
-2.172659304509486868e-07
-2.342745789013253533e-07
-6.065350652830912848e-02
2.139867021763721913e-07
-6.947756882071314850e-08
-2.139867021826700401e-07
7.664840984134002611e-13
8.269551455062576849e-13
2.139867021763719796e-07
-7.548822678060673752e-13
2.452817498713905212e-13
6.947756881978936643e-08
-2.485169384173752924e-13
-2.683405200128666903e-13
-6.947756882071314850e-08
2.452817498713905212e-13
-7.961719979296627489e-14
-1.561000549448140762e-01
5.585716253317045840e-07
4.810701743338257976e-07
1.561000549451281028e-01
-5.589728428676554677e-07
-9.355340883133855340e-08
5.585716253317045840e-07
-1.998762266808284949e-12
-1.721351685481917095e-12
-5.585716253260402629e-07
2.000136167801258580e-12
3.347935921619613376e-13
4.810701743338257976e-07
-1.721351685481917095e-12
-1.482681976443686874e-12
-4.810701743347959680e-07
1.722768015051808168e-12
2.883176877907130961e-13
1.561000549451281028e-01
-5.585716253260402629e-07
-4.810701743347959680e-07
-1.561000549454424069e-01
5.589728428936649908e-07
9.355340883152216103e-08
-5.589728428676554677e-07
2.000136167801258580e-12
1.722768015051808168e-12
5.589728428936652025e-07
-2.001607213308886912e-12
-3.349794027929615143e-13
-9.355340883133855340e-08
3.347935921619613376e-13
2.883176877907130961e-13
9.355340883152216103e-08
-3.349794027929615143e-13
-5.611431377127191337e-14
-1.539482302131508495e-01
5.442982186794176385e-07
4.630860058087957756e-07
1.539482302133957647e-01
-5.446940708943386085e-07
-9.171189614386361035e-08
5.442982186794176385e-07
-1.924453651991342440e-12
-1.637172506095900870e-12
-5.442982186671054852e-07
1.925834491878219978e-12
3.243292598144576425e-13
4.630860058087957756e-07
-1.637172506095900870e-12
-1.393031549621226867e-12
-4.630860058094682139e-07
1.638516096970373398e-12
2.759320714946413629e-13
1.539482302133957647e-01
-5.442982186671054852e-07
-4.630860058094682139e-07
-1.539482302136405967e-01
5.446940709014405562e-07
9.171189614407179516e-08
-5.446940708943386085e-07
1.925834491878219978e-12
1.638516096970373398e-12
5.446940709014405562e-07
-1.927250026234617053e-12
-3.243809904672548230e-13
-9.171189614386361035e-08
3.243292598144576425e-13
2.759320714946413629e-13
9.171189614407179516e-08
-3.243809904672548230e-13
-5.465767770534425096e-14
-1.047198918710742083e-01
3.009767898618949192e-07
2.743192119987781394e-07
1.047198918711455679e-01
-3.009767898641146219e-07
-1.186211570676341260e-07
3.009767898618949192e-07
-8.650534715631819083e-13
-7.883857791638567800e-13
-3.009767898629060647e-07
8.650990080544262995e-13
3.409396419768619757e-13
2.743192119987781394e-07
-7.883857791638567800e-13
-7.186225617049026118e-13
-2.743192119989640102e-07
7.884581683872118391e-13
3.107390413922292519e-13
1.047198918711455679e-01
-3.009767898629060647e-07
-2.743192119989640102e-07
-1.047198918712170801e-01
3.009767898672772841e-07
1.186211570677150176e-07
-3.009767898641146219e-07
8.650990080544262995e-13
7.884581683872118391e-13
3.009767898672772841e-07
-8.650085855932410084e-13
-3.408953718058255527e-13
-1.186211570676341260e-07
3.409396419768619757e-13
3.107390413922292519e-13
1.186211570677150176e-07
-3.408953718058255527e-13
-1.343676893823230586e-13
3.349689484092042147e+00
-1.233000707811700336e-05
-2.488541061357612392e-06
-3.349689484091026959e+00
1.233000707818503197e-05
9.170586890186060533e-06
-1.233000707811700336e-05
4.538586173552516811e-11
9.159245393818874641e-12
1.233000707769498953e-05
-4.538602826897886189e-11
-3.375744837540001895e-11
-2.488541061357612392e-06
9.159245393818874641e-12
1.848860976291565400e-12
2.488541061356741219e-06
-9.161140391213942501e-12
-6.813001659669404807e-12
-3.349689484091026959e+00
1.233000707769498953e-05
2.488541061356741219e-06
3.349689484090009994e+00
-1.233000707816926360e-05
-9.170586890183402544e-06
1.233000707818503197e-05
-4.538602826897886189e-11
-9.161140391213942501e-12
-1.233000707816926021e-05
4.538636133588624944e-11
3.375571703519614506e-11
9.170586890186060533e-06
-3.375744837540001895e-11
-6.813001659669404807e-12
-9.170586890183402544e-06
3.375571703519614506e-11
2.510686855666100880e-11
8.179130871084897558e-01
-9.219337168155138443e-06
-5.629833239243291637e-07
-8.179130871085774634e-01
9.243992374032220712e-06
2.133673825312382177e-06
-9.219337168155141831e-06
1.039182628836954336e-10
6.345257804868273255e-12
9.219337168223629527e-06
-1.041962210956981494e-10
-2.404972949811723279e-11
-5.629833239243291637e-07
6.345257804868273255e-12
3.875328744516211675e-13
5.629833239243885619e-07
-6.362265099829972489e-12
-1.468656953530158236e-12
-8.179130871085774634e-01
9.219337168223629527e-06
5.629833239243885619e-07
8.179130871086653931e-01
-9.243992374027934725e-06
-2.133673825312606640e-06
9.243992374032220712e-06
-1.041962210956981494e-10
-6.362265099829972489e-12
-9.243992374027934725e-06
1.044748593193034480e-10
2.411407871535563896e-11
2.133673825312382177e-06
-2.404972949811723279e-11
-1.468656953530158236e-12
-2.133673825312606640e-06
2.411407871535563896e-11
5.566076491353119213e-12
-1.383247626274130004e-01
4.667385334355697340e-07
4.229467315023236372e-07
1.383247626278183706e-01
-4.670660248540787155e-07
-5.804655062877786093e-08
4.667385334355697340e-07
-1.574795849279553295e-12
-1.426899195899699885e-12
-4.667385334607854284e-07
1.575975461243217524e-12
1.958443015734511673e-13
4.229467315023236372e-07
-1.426899195899699885e-12
-1.293146179317866047e-12
-4.229467315035650698e-07
1.428309134410459719e-12
1.774830492103400715e-13
1.383247626278183706e-01
-4.667385334607854284e-07
-4.229467315035650698e-07
-1.383247626282242959e-01
4.670660248119829780e-07
5.804655062894726752e-08
-4.670660248540787155e-07
1.575975461243217524e-12
1.428309134410459719e-12
4.670660248119831897e-07
-1.577044050904419237e-12
-1.958548252029409448e-13
-5.804655062877786093e-08
1.958443015734511673e-13
1.774830492103400715e-13
5.804655062894726752e-08
-1.958548252029409448e-13
-2.434165286109151460e-14
-1.384982926537088599e-01
2.983625210022174983e-07
3.597394708939439616e-07
1.384982926538190218e-01
-2.983625209785158753e-07
-1.046502412223826255e-07
2.983625210022174983e-07
-6.427705590006382863e-13
-7.749838352969879990e-13
-2.983625210021977518e-07
6.427358645311187502e-13
2.254296176241495924e-13
3.597394708939439616e-07
-7.749838352969879990e-13
-9.344750035172236776e-13
-3.597394708967313882e-07
7.749971523625815124e-13
2.717898616690448382e-13
1.384982926538190218e-01
-2.983625210021977518e-07
-3.597394708967313882e-07
-1.384982926539294334e-01
2.983625209735563386e-07
1.046502412199710565e-07
-2.983625209785158753e-07
6.427358645311187502e-13
7.749971523625815124e-13
2.983625209735563386e-07
-6.427358645311187502e-13
-2.254448877363489783e-13
-1.046502412223826255e-07
2.254296176241495924e-13
2.717898616690448382e-13
1.046502412199710565e-07
-2.254448877363489783e-13
-7.909682702822363395e-14
-8.905812965186604702e-02
5.413998423567303344e-07
-2.775086402088722480e-08
8.905812965145563920e-02
-5.413998423383662366e-07
5.605971265673455608e-07
5.413998423567305462e-07
-3.291250049230012954e-12
1.706661103423469273e-13
-5.413998423761322594e-07
3.291251811952334513e-12
-3.407968407401038136e-12
-2.804036402088706338e-08
1.704629906483356137e-13
-8.822315707840422405e-15
2.804036402074792829e-08
-1.704723594247867697e-13
1.765035058214070585e-13
8.905812965145563920e-02
-5.413998423761322594e-07
2.804036402074792829e-08
-8.905812965104525913e-02
5.413998423303590224e-07
-5.608866265647731721e-07
-5.413998423383662366e-07
3.291251811952334513e-12
-1.704723594247867697e-13
5.413998423303592342e-07
-3.291253578836559586e-12
3.407750724910429334e-12
5.605971265673455608e-07
-3.407968407401038136e-12
1.765035058214070585e-13
-5.605971265647733335e-07
3.407953844604337250e-12
-3.528798835170793291e-12
1.417518360338118066e+00
-7.318920315754724599e-06
-1.407182111808374218e-06
-1.417518360338138494e+00
7.318920315738966398e-06
3.889212411965328074e-06
-7.318920315754724599e-06
3.778904619777812002e-11
7.265490046124016232e-12
7.318920315410043176e-06
-3.778894731853998934e-11
-2.008075420038507765e-11
-1.407182111808374218e-06
7.265490046124016232e-12
1.396949155188061185e-12
1.407182111808413393e-06
-7.265614216862929189e-12
-3.860822591123980430e-12
-1.417518360338138494e+00
7.318920315410043176e-06
1.407182111808413393e-06
1.417518360338157812e+00
-7.318920315737220663e-06
-3.889212411965375507e-06
7.318920315738966398e-06
-3.778894731853998934e-11
-7.265614216862929189e-12
-7.318920315737220663e-06
3.778909130058849541e-11
2.008073152891291798e-11
3.889212411965328074e-06
-2.008075420038507765e-11
-3.860822591123980430e-12
-3.889212411965375507e-06
2.008073152891291798e-11
1.067072638860856424e-11
1.449959528605492043e+00
-5.784414774642020970e-06
-1.377587036099588136e-06
-1.449959528605510695e+00
5.784414774601981723e-06
3.962207476834145722e-06
-5.784414774642020970e-06
2.307605755785813173e-11
5.495668001197538417e-12
5.784414774321864539e-06
-2.307612000790326690e-11
-1.580669156734845218e-11
-1.377587036099588136e-06
5.495668001197538417e-12
1.308861205148916812e-12
1.377587036099626041e-06
-5.495712387685633365e-12
-3.764440744768671195e-12
-1.449959528605510695e+00
5.784414774321864539e-06
1.377587036099626041e-06
1.449959528605529124e+00
-5.784414774599720145e-06
-3.962207476834187227e-06
5.784414774601981723e-06
-2.307612000790326690e-11
-5.495712387685633365e-12
-5.784414774599720145e-06
2.307615556973452442e-11
1.580666967864899009e-11
3.962207476834145722e-06
-1.580669156734845218e-11
-3.764440744768671195e-12
-3.962207476834187227e-06
1.580666967864899009e-11
1.082726541580566974e-11
2.103650061490123721e-02
3.374781486501828308e-06
6.399427662882205891e-08
-2.103650061503989366e-02
-3.374781486487210213e-06
7.489869353501844749e-08
3.374781486501828308e-06
5.413995224357037728e-10
1.026630392271656007e-11
-3.374781486564034408e-06
-5.413996195802184275e-10
1.201563991167152594e-11
6.399427662882205891e-08
1.026630392271656007e-11
1.947823058992672136e-13
-6.399427662929250630e-08
-1.026625662953171584e-11
2.277237868843785318e-13
-2.103650061503989366e-02
-3.374781486564034408e-06
-6.399427662929250630e-08
2.103650061517855011e-02
3.374781486528479353e-06
-7.489869353549029778e-08
-3.374781486487210213e-06
-5.413996195802184275e-10
-1.026625662953171584e-11
3.374781486528482741e-06
5.413997028469452744e-10
-1.201566907308443318e-11
7.489869353501844749e-08
1.201563991167152594e-11
2.277237868843785318e-13
-7.489869353549029778e-08
-1.201566907308443318e-11
2.668138453040702192e-13
-1.359735506527283144e-01
2.080224176047931301e-07
3.264554203615397964e-07
1.359735506528124138e-01
-2.080224175998467753e-07
-1.775199107738935930e-07
2.080224176047930772e-07
-3.181968577514737717e-13
-4.994436222911848494e-13
-2.080224176057859586e-07
3.183356356295519163e-13
2.715607561879512944e-13
3.264554203615397964e-07
-4.994436222911848494e-13
-7.838243955248923034e-13
-3.264554203617449901e-07
4.994165834707922862e-13
4.261660526139319659e-13
1.359735506528124138e-01
-2.080224176057859586e-07
-3.264554203617449901e-07
-1.359735506528966797e-01
2.080224176094681167e-07
1.775199107740000280e-07
-2.080224175998467753e-07
3.183356356295519163e-13
4.994165834707922862e-13
2.080224176094680638e-07
-3.181274688124346994e-13
-2.716052334418381501e-13
-1.775199107738935930e-07
2.715607561879512944e-13
4.261660526139319659e-13
1.775199107740000280e-07
-2.716052334418381501e-13
-2.317729604234314566e-13
-7.943888301427269594e-02
5.213862902081062815e-07
5.583689500067254872e-07
7.943888301455738488e-02
-5.213862474462601324e-07
-2.996713703266581793e-07
5.213862902081061756e-07
-3.422048424793142085e-12
-3.664768059256882541e-12
-5.213862902068071447e-07
3.422087727121894685e-12
1.966858574741804081e-12
5.583689500067254872e-07
-3.664768059256882541e-12
-3.924752942225462607e-12
-5.583689500087270260e-07
3.664803017005130979e-12
2.106358207350792307e-12
7.943888301455738488e-02
-5.213862902068071447e-07
-5.583689500087270260e-07
-7.943888301484212933e-02
5.213862474535774383e-07
2.996713703277301525e-07
-5.213862474462601324e-07
3.422087727121894685e-12
3.664803017005130979e-12
5.213862474535773324e-07
-3.422003755663635682e-12
-1.966842122124965097e-12
-2.996713703266581793e-07
1.966858574741804081e-12
2.106358207350792307e-12
2.996713703277301525e-07
-1.966842122124965097e-12
-1.130463804710328889e-12
3.503143006633035572e+00
-1.185924548130844876e-05
-3.245664117848703157e-06
-3.503143006631982637e+00
1.185924548172539565e-05
9.472688577096280034e-06
-1.185924548130844876e-05
4.014766297188998578e-11
1.098172545522580046e-11
1.185924548163692644e-05
-4.014727439383136698e-11
-3.207449936363414654e-11
-3.245664117848703157e-06
1.098172545522580046e-11
3.007427844835551373e-12
3.245664117848052635e-06
-1.099385109121011616e-11
-8.776535241666153073e-12
-3.503143006631982637e+00
1.185924548163692644e-05
3.245664117848052635e-06
3.503143006630931033e+00
-1.185924548172631891e-05
-9.472688577093139236e-06
1.185924548172539565e-05
-4.014727439383136698e-11
-1.099385109121011616e-11
-1.185924548172631891e-05
4.014727439383136698e-11
3.206175786533461878e-11
9.472688577096280034e-06
-3.207449936363414654e-11
-8.776535241666153073e-12
-9.472688577093139236e-06
3.206175786533461878e-11
2.561501028466219382e-11
-1.524028286826749345e-01
5.412763210277482522e-07
4.405656534549852178e-07
1.524028286829235967e-01
-5.417333132721104675e-07
-4.839648804994310283e-08
5.412763210277480404e-07
-1.922392800501881993e-12
-1.564718877501513703e-12
-5.412763210044986801e-07
1.924058135038819728e-12
1.718725886119585744e-13
4.405656534549852178e-07
-1.564718877501513703e-12
-1.273524689370222538e-12
-4.405656534557017547e-07
1.566037528972212021e-12
1.398807993991940815e-13
1.524028286829235967e-01
-5.412763210044986801e-07
-4.405656534557017547e-07
-1.524028286831721757e-01
5.417333132882127756e-07
4.839648805002318715e-08
-5.417333132721104675e-07
1.924058135038819728e-12
1.566037528972212021e-12
5.417333132882125638e-07
-1.925681836212334019e-12
-1.720345119672413663e-13
-4.839648804994310283e-08
1.718725886119585744e-13
1.398807993991940815e-13
4.839648805002318715e-08
-1.720345119672413663e-13
-1.534638825348504627e-14
-1.525430882868818172e-01
3.215989134980358867e-07
6.575800752263924484e-08
1.525430882867968574e-01
-3.167448389546488435e-07
2.902238634054227362e-07
3.215989134980360985e-07
-6.780895289715260787e-13
-1.386114770575322013e-13
-3.215989134399488024e-07
6.678060882059355663e-13
-6.118630075190502556e-13
6.575800752263924484e-08
-1.386114770575322013e-13
-2.838701632308400773e-14
-6.575800752261360886e-08
1.365073354117448487e-13
-1.250735670438849117e-13
1.525430882867968574e-01
-3.215989134399488024e-07
-6.575800752261360886e-08
-1.525430882867118421e-01
3.167448389865291520e-07
-2.902238634052736054e-07
-3.167448389546488435e-07
6.678060882059355663e-13
1.365073354117448487e-13
3.167448389865291520e-07
-6.577099975757505490e-13
6.026205406172697387e-13
2.902238634054227362e-07
-6.118630075190502556e-13
-1.250735670438849117e-13
-2.902238634052736054e-07
6.026205406172697387e-13
-5.521347412082918830e-13
-1.372461004228539561e-01
1.932982406364373544e-07
-1.837110339306106778e-07
1.372461004225632997e-01
-1.884575667020187823e-07
5.344094446081835002e-07
1.932982406364373544e-07
-2.723322597874849453e-13
2.587231626809911370e-13
-1.932982405717233225e-07
2.654743477380305050e-13
-7.526960714460996509e-13
-1.837110339306106778e-07
2.587231626809911370e-13
-2.459228567314175606e-13
1.837110339302048961e-07
-2.523100300712995149e-13
7.153323072772721503e-13
1.372461004225632997e-01
-1.932982405717233225e-07
1.837110339302048961e-07
-1.372461004222725600e-01
1.884575667200039387e-07
-5.344094446070683813e-07
-1.884575667020187823e-07
2.654743477380305050e-13
-2.523100300712995149e-13
1.884575667200039387e-07
-2.587870143372592121e-13
7.337465214937790828e-13
5.344094446081835002e-07
-7.526960714460996509e-13
7.153323072772721503e-13
-5.344094446070683813e-07
7.337465214937790828e-13
-2.080884943522764985e-12
-8.847258780481577489e-02
5.596282855617153137e-07
-4.307460713348941203e-08
8.847258780436356718e-02
-5.596282854633993525e-07
5.779270176574721282e-07
5.596282855617153137e-07
-3.539885580543742297e-12
2.724294437134996087e-13
-5.596282855450128828e-07
3.539895603915897432e-12
-3.655643231064233742e-12
-4.307460713348941203e-08
2.724294437134996087e-13
-2.091070914513049050e-14
4.307460713327243925e-08
-2.724743405465966981e-13
2.813449885390173488e-13
8.847258780436356718e-02
-5.596282855450128828e-07
4.307460713327243925e-08
-8.847258780391145661e-02
5.596282854646841956e-07
-5.779270176545175714e-07
-5.596282854633993525e-07
3.539895603915897432e-12
-2.724743405465966981e-13
5.596282854646841956e-07
-3.539913378223803897e-12
3.655656999841941133e-12
5.779270176574721282e-07
-3.655643231064233742e-12
2.813449885390173488e-13
-5.779270176545175714e-07
3.655656999841941133e-12
-3.775159546949569123e-12
7.830363545243936851e-01
-1.124368575445177626e-05
-6.609476894083803988e-07
-7.830363545241509904e-01
1.127032374635391902e-05
2.048712561020575812e-06
-1.124368575445177287e-05
1.614489375523220360e-10
9.490599502646924327e-12
1.124368575441462709e-05
-1.618314232620932103e-10
-2.941757412118963268e-11
-6.609476894083803988e-07
9.490599502646924327e-12
5.578987751766814929e-13
6.609476894081741463e-07
-9.513089795233108071e-12
-1.729281976823499675e-12
-7.830363545241509904e-01
1.124368575441462709e-05
6.609476894081741463e-07
7.830363545239085177e-01
-1.127032374636012777e-05
-2.048712561019924020e-06
1.127032374635391902e-05
-1.618314232620932103e-10
-9.513089795233108071e-12
-1.127032374636012439e-05
1.622148110280718925e-10
2.948727602239816161e-11
2.048712561020575812e-06
-2.941757412118963268e-11
-1.729281976823499675e-12
-2.048712561019924020e-06
2.948727602239816161e-11
5.360225241456490646e-12
-1.013323491740296678e-01
4.253568787504922042e-07
3.303507175779592173e-07
1.013323491745016375e-01
-4.241080180524313005e-07
1.346188429030439391e-08
4.253568787504922042e-07
-1.785557812716831450e-12
-1.386640515607651453e-12
-4.253568787419572356e-07
1.780312008925477585e-12
-5.644245999343142277e-14
3.303507175779592173e-07
-1.386640515607651453e-12
-1.076971849600890870e-12
-3.303507175794983291e-07
1.382792889478849941e-12
-4.370114240349843594e-14
1.013323491745016375e-01
-4.253568787419572356e-07
-3.303507175794983291e-07
-1.013323491749740513e-01
4.241080180577935484e-07
-1.346188429037073380e-08
-4.241080180524313005e-07
1.780312008925477585e-12
1.382792889478849941e-12
4.241080180577935484e-07
-1.775066205134123720e-12
5.643294512819223113e-14
1.346188429030439391e-08
-5.644245999343142277e-14
-4.370114240349843594e-14
-1.346188429037073380e-08
5.643294512819223113e-14
-1.804140911206380133e-15
-5.619140855913590943e-02
2.964182184397187294e-07
2.589813877264559633e-07
5.619140856024092134e-02
-2.905103505121209087e-07
5.652004742079482207e-08
2.964182184397185176e-07
-1.563707496821109544e-12
-1.366144055383976020e-12
-2.964182184473157149e-07
1.532454718677911387e-12
-2.980271628954372372e-13
2.589813877264559633e-07
-1.366144055383976020e-12
-1.193406492596098451e-12
-2.589813877315475313e-07
1.339082634663794269e-12
-2.603889175510522357e-13
5.619140856024092134e-02
-2.964182184473157149e-07
-2.589813877315475313e-07
-5.619140856134621081e-02
2.905103505380894566e-07
-5.652004742191090047e-08
-2.905103505121209087e-07
1.532454718677911387e-12
1.339082634663794269e-12
2.905103505380892448e-07
-1.501965218864143026e-12
2.922682145009128480e-13
5.652004742079482207e-08
-2.980271628954372372e-13
-2.603889175510522357e-13
-5.652004742191090047e-08
2.922682145009128480e-13
-5.671854776296086618e-14
-6.892156828749075592e-02
3.298012680466008368e-07
2.763770371623713876e-07
6.892156828806973723e-02
-3.268162710571562316e-07
2.752993199853349779e-09
3.298012680466006250e-07
-1.578244479549795187e-12
-1.322433157703486850e-12
-3.298012680379535304e-07
1.563846274699187688e-12
-1.321841414727496776e-14
2.763770371623713876e-07
-1.322433157703486850e-12
-1.108219905720342727e-12
-2.763770371646937402e-07
1.310623156120334519e-12
-1.105849083333752318e-14
6.892156828806973723e-02
-3.298012680379535304e-07
-2.763770371646937402e-07
-6.892156828864914875e-02
3.268162710875354917e-07
-2.752993199877957575e-09
-3.268162710571562316e-07
1.563846274699187688e-12
1.310623156120334519e-12
3.268162710875352800e-07
-1.549746442286448200e-12
1.310078143921904071e-14
2.752993199853349779e-09
-1.321841414727496776e-14
-1.105849083333752318e-14
-2.752993199877957575e-09
1.310078143921904071e-14
-1.407745368239570898e-16
-1.067426903871902255e-01
3.262196025859910557e-07
2.928845134028245957e-07
1.067426903872680105e-01
-3.262196026119717267e-07
-1.457229613104071926e-07
3.262196025859910557e-07
-9.969668320064517530e-13
-8.950616000097813094e-13
-3.262196026121258867e-07
9.970126937583478899e-13
4.453871214209005004e-13
2.928845134028245957e-07
-8.950616000097813094e-13
-8.036638293430081232e-13
-2.928845134030446654e-07
8.951817813182765770e-13
3.998341582469533934e-13
1.067426903872680105e-01
-3.262196026121258867e-07
-2.928845134030446654e-07
-1.067426903873459759e-01
3.262196026035150556e-07
1.457229613105057396e-07
-3.262196026119717267e-07
9.970126937583478899e-13
8.951817813182765770e-13
3.262196026035150556e-07
-9.968873599872085656e-13
-4.452997393325479458e-13
-1.457229613104071926e-07
4.453871214209005004e-13
3.998341582469533934e-13
1.457229613105057396e-07
-4.452997393325479458e-13
-1.989444980019435200e-13
3.194563683265898568e+00
-1.153308214528393527e-05
-2.226667973974344936e-06
-3.194563683264543652e+00
1.153308211064170736e-05
8.783114901567366784e-06
-1.153308214528393527e-05
4.163674960366847699e-11
8.038625320949677189e-12
1.153308214464861991e-05
-4.163674960366847699e-11
-3.170944062880209913e-11
-2.226667973974344936e-06
8.038625320949677189e-12
1.551786477094196925e-12
2.226667974015244345e-06
-8.038791854403370962e-12
-6.122019557963653824e-12
-3.194563683264543652e+00
1.153308214464861991e-05
2.226667974015244345e-06
3.194563683263187404e+00
-1.153308211074440163e-05
-8.783114901608466516e-06
1.153308211064170736e-05
-4.163674960366847699e-11
-8.038791854403370962e-12
-1.153308211074440163e-05
4.163708267057586454e-11
3.170907980631909595e-11
8.783114901567366784e-06
-3.170944062880209913e-11
-6.122019557963653824e-12
-8.783114901608466516e-06
3.170907980631909595e-11
2.414808630835096892e-11
9.426975002466084219e-02
-1.154099333621776506e-07
-7.374398574712154684e-08
-9.426975002468500342e-02
1.081280499675997423e-07
9.076314979975792224e-08
-1.154099333621776506e-07
1.412481243079355409e-13
7.508223351283414750e-14
1.154099333106978733e-07
-1.323385845353186596e-13
-9.593561165644620432e-14
-7.374398574712154684e-08
7.508223351283414750e-14
5.769573751205471315e-14
7.374398574713871249e-08
-6.931961807442722865e-14
-7.100880412613222534e-14
-9.426975002468500342e-02
1.154099333106978733e-07
7.374398574713871249e-08
9.426975002470913689e-02
-1.081280499448893199e-07
-9.076314979977920394e-08
1.081280499675997423e-07
-1.323385845353186596e-13
-6.931961807442722865e-14
-1.081280499448893199e-07
1.240257896384378000e-13
8.889086616270297416e-14
9.076314979975792224e-08
-9.593561165644620432e-14
-7.100880412613222534e-14
-9.076314979977920394e-08
8.889086616270297416e-14
8.734984540207449992e-14
-3.553972339575594414e-02
9.972712830183515291e-08
-9.459824876714474110e-08
3.553972339461237973e-02
-1.416017215016296602e-07
-1.866355964010806832e-07
9.972712830183515291e-08
-2.798455911445785205e-13
2.655003356999324272e-13
-9.972712828651735615e-08
3.973557594072474330e-13
5.238092691393263570e-13
-9.459824876714474110e-08
2.655003356999324272e-13
-2.518686780478239685e-13
9.459824876410067675e-08
-3.768668033190270277e-13
-4.967464255440197201e-13
3.553972339461237973e-02
-9.972712828651735615e-08
9.459824876410067675e-08
-3.553972339346896797e-02
1.416017215023568115e-07
1.866355963950754578e-07
-1.416017215016296602e-07
3.973557594072474330e-13
-3.768668033190270277e-13
1.416017215023568115e-07
-5.642222800084084611e-13
-7.435132214402768763e-13
-1.866355964010806832e-07
5.238092691393263570e-13
-4.967464255440197201e-13
1.866355963950754578e-07
-7.435132214402768763e-13
-9.800241725088531790e-13
-7.307736369021225475e-02
2.393725047247324900e-07
1.947267647685748114e-07
7.307736369025087664e-02
-2.602394215632770393e-07
-1.694944547418590314e-08
2.393725047247324900e-07
-7.840603166719972705e-13
-6.377636266001626925e-13
-2.393725047025026396e-07
8.524292383071951917e-13
5.555792878458862337e-14
1.947267647685748114e-07
-6.377636266001626925e-13
-5.187894460622015840e-13
-1.947267647686775670e-07
6.935425301870639650e-13
4.520260792909822616e-14
7.307736369025087664e-02
-2.393725047025026396e-07
-1.947267647686775670e-07
-7.307736369028984547e-02
2.602394215311866138e-07
1.694944547419278860e-08
-2.602394215632770393e-07
8.524292383071951917e-13
6.935425301870639650e-13
2.602394215311866138e-07
-9.267656086997533293e-13
-6.023175991990274724e-14
-1.694944547418590314e-08
5.555792878458862337e-14
4.520260792909822616e-14
1.694944547419278860e-08
-6.023175991990274724e-14
-3.905575361538311008e-15
-9.219002148437806243e-02
3.262547449116282654e-07
2.673471566934328679e-07
9.219002148447391631e-02
-3.262547448665408605e-07
-6.289629015875817033e-08
3.262547449116282654e-07
-1.154579638938171136e-12
-9.460924195697364347e-13
-3.262547448943918861e-07
1.154636741648137046e-12
2.226121239746854095e-13
2.673471566934328679e-07
-9.460924195697364347e-13
-7.752909642402827650e-13
-2.673471566936942305e-07
9.462251235180268809e-13
1.824168528903602482e-13
9.219002148447391631e-02
-3.262547448943918861e-07
-2.673471566936942305e-07
-9.219002148456983958e-02
3.262547448673624824e-07
6.289629015883869140e-08
-3.262547448665408605e-07
1.154636741648137046e-12
9.462251235180268809e-13
3.262547448673624824e-07
-1.154594878008514067e-12
-2.225334000970085411e-13
-6.289629015875817033e-08
2.226121239746854095e-13
1.824168528903602482e-13
6.289629015883869140e-08
-2.225334000970085411e-13
-4.289092952330930686e-14
3.173398356190377356e+00
-1.103090278514883551e-05
-2.182456219038897836e-06
-3.173398356189192526e+00
1.103090275228863108e-05
8.403428649476926915e-06
-1.103090278514883551e-05
3.834438322414257527e-11
7.586264949566157156e-12
1.103090278389614154e-05
-3.834410566838641898e-11
-2.921091146745879996e-11
-2.182456219038897836e-06
7.586264949566157156e-12
1.500632951234592838e-12
2.182456219053320690e-06
-7.586459238595466559e-12
-5.779265954686252371e-12
-3.173398356189192526e+00
1.103090278389614154e-05
2.182456219053320690e-06
3.173398356188004144e+00
-1.103090275237601439e-05
-8.403428649488653239e-06
1.103090275228863108e-05
-3.834410566838641898e-11
-7.586459238595466559e-12
-1.103090275237601439e-05
3.834443873529380653e-11
2.921074493400510619e-11
8.403428649476926915e-06
-2.921091146745879996e-11
-5.779265954686252371e-12
-8.403428649488653239e-06
2.921074493400510619e-11
2.225299111646705796e-11
9.688317040490808107e-01
-3.126499939966071081e-06
-9.511178240022369650e-07
-9.688317040489938803e-01
3.126499889356164191e-06
2.507817099990887760e-06
-3.126499939966071081e-06
1.008959929493791208e-11
3.069451896645633072e-12
3.126499940112294379e-06
-1.008946398650678589e-11
-8.092836339022639966e-12
-9.511178240022369650e-07
3.069451896645633072e-12
9.337719979280239522e-13
9.511178240021514147e-07
-3.069248182204263538e-12
-2.461937683646969873e-12
-9.688317040489938803e-01
3.126499940112294379e-06
9.511178240021514147e-07
9.688317040489070608e-01
-3.126499889351968837e-06
-2.507817099990666684e-06
3.126499889356164191e-06
-1.008946398650678589e-11
-3.069248182204263538e-12
-3.126499889351968837e-06
1.008949174208240152e-11
8.093049780843315327e-12
2.507817099990887760e-06
-8.092836339022639966e-12
-2.461937683646969873e-12
-2.507817099990666684e-06
8.093049780843315327e-12
6.491509976267282763e-12
1.472114761189618776e-03
-6.429732890663527619e-09
-3.725263020212979225e-08
-1.472114762748020838e-03
2.312675644754611761e-09
-3.317303961222994613e-08
-6.429732890663474679e-09
2.810252031082427493e-14
1.657706238682892571e-13
6.429732889426038953e-09
-1.013078509970455343e-14
1.418147643621767238e-13
-3.725263020212979225e-08
1.657706238682892571e-13
9.426701827242381681e-13
3.725263024157035281e-08
-6.159509031227155922e-14
8.394309543353343009e-13
-1.472114762748020838e-03
6.429732889426038953e-09
3.725263024157035281e-08
1.472114764306456510e-03
-2.312675635629843458e-09
3.317303964734361093e-08
2.312675644754611761e-09
-1.013078509970455343e-14
-6.159509031227155922e-14
-2.312675635629843458e-09
3.635980405647387670e-15
-4.901995913272070085e-14
-3.317303961222994613e-08
1.418147643621767238e-13
8.394309543353343009e-13
3.317303964734361093e-08
-4.901995913272070085e-14
7.475559632023229792e-13
-9.715843449405717203e-02
3.356808720915618121e-07
2.859636877532184186e-07
9.715843449420386024e-02
-3.356808718417235150e-07
-5.722908577876708103e-08
3.356808720915618121e-07
-1.159766727099054151e-12
-9.879451495797527409e-13
-3.356808720483422736e-07
1.159822238250285409e-12
1.977891450711360984e-13
2.859636877532184186e-07
-9.879451495797527409e-13
-8.416422819916745937e-13
-2.859636877536535818e-07
9.880608873477198457e-13
1.684281407283430326e-13
9.715843449420386024e-02
-3.356808720483422736e-07
-2.859636877536535818e-07
-9.715843449435064560e-02
3.356808718720772583e-07
5.722908577884894544e-08
-3.356808718417235150e-07
1.159822238250285409e-12
9.880608873477198457e-13
3.356808718720772583e-07
-1.159794482674669780e-12
-1.977120900521360949e-13
-5.722908577876708103e-08
1.977891450711360984e-13
1.684281407283430326e-13
5.722908577884894544e-08
-1.977120900521360949e-13
-3.363747280968951201e-14
-8.496139865573942851e-02
2.954059782585812566e-07
2.450080214484269344e-07
8.496139865582016948e-02
-2.954059781135963211e-07
-5.703429957938712493e-08
2.954059782585812566e-07
-1.027085061880783818e-12
-8.518633877005176922e-13
-2.954059782607266322e-07
1.027119469261063995e-12
1.983097812533732097e-13
2.450080214484269344e-07
-8.518633877005176922e-13
-7.065539017574173908e-13
-2.450080214486613508e-07
8.519257327334649689e-13
1.644885670813028833e-13
8.496139865582016948e-02
-2.954059782607266322e-07
-2.450080214486613508e-07
-8.496139865590103535e-02
2.954059781161663249e-07
5.703429957943868144e-08
-2.954059781135963211e-07
1.027119469261063995e-12
8.519257327334649689e-13
2.954059781161663249e-07
-1.027094449997211661e-12
-1.982809648499789122e-13
-5.703429957938712493e-08
1.983097812533732097e-13
1.644885670813028833e-13
5.703429957943868144e-08
-1.982809648499789122e-13
-3.829393941702508020e-14
1.583974163333867091e+00
-5.640797458105125414e-06
-1.319946309885102223e-06
-1.583974163333485619e+00
5.640797433751023204e-06
4.341016358856921071e-06
-5.640797458105125414e-06
2.008780641826746205e-11
4.700978567531645565e-12
5.640797457075544161e-06
-2.008787580720650112e-11
-1.545861683984324194e-11
-1.319946309885102223e-06
4.700978567531645565e-12
1.099882446659278984e-12
1.319946309884898935e-06
-4.700063330644445401e-12
-3.617383964051685358e-12
-1.583974163333485619e+00
5.640797457075544161e-06
1.319946309884898935e-06
1.583974163333102148e+00
-5.640797433819064513e-06
-4.341016358855758095e-06
5.640797433751023204e-06
-2.008787580720650112e-11
-4.700063330644445401e-12
-5.640797433819064513e-06
2.008788968499430894e-11
1.545956673985974259e-11
4.341016358856921071e-06
-1.545861683984324194e-11
-3.617383964051685358e-12
-4.341016358855758095e-06
1.545956673985974259e-11
1.189700869010025161e-11
1.589084306661351809e+00
-5.648296461052026842e-06
-1.318768726149919783e-06
-1.589084306660966783e+00
5.648296437282455292e-06
4.340261409056391071e-06
-5.648296461052026842e-06
2.007638499890163075e-11
4.687434942691852402e-12
5.648296461110928666e-06
-2.007646826562847764e-11
-1.542710375238172654e-11
-1.318768726149919783e-06
4.687434942691852402e-12
1.094399112275763528e-12
1.318768726149582664e-06
-4.687481815801087560e-12
-3.601822708977741405e-12
-1.589084306660966783e+00
5.648296461110928666e-06
1.318768726149582664e-06
1.589084306660581980e+00
-5.648296437272308684e-06
-4.340261409055366161e-06
5.648296437282455292e-06
-2.007646826562847764e-11
-4.687481815801087560e-12
-5.648296437272308684e-06
2.007645438784066982e-11
1.542711103347694113e-11
4.340261409056391071e-06
-1.542710375238172654e-11
-3.601822708977741405e-12
-4.340261409055366161e-06
1.542711103347694113e-11
1.185442795530672071e-11
2.132446011742701319e-01
-8.317097365541508408e-07
-2.200642582877794841e-07
-2.132446011744303926e-01
8.317096981292059200e-07
5.609478724867394499e-07
-8.317097365541506290e-07
3.243780244410743308e-12
8.568779645075458545e-13
8.317097365250750584e-07
-3.243835755561974565e-12
-2.186410028733258950e-12
-2.200642582877794841e-07
8.568779645075458545e-13
2.270361925146217433e-13
2.200642582879470643e-07
-8.568842502331683103e-13
-5.788515083512095673e-13
-2.132446011744303926e-01
8.317097365250750584e-07
2.200642582879470643e-07
2.132446011745906533e-01
-8.317096981391679804e-07
-5.609478724871602135e-07
8.317096981292059200e-07
-3.243835755561974565e-12
-8.568842502331683103e-13
-8.317096981391679804e-07
3.243807999986358936e-12
2.186415244550389905e-12
5.609478724867394499e-07
-2.186410028733258950e-12
-5.788515083512095673e-13
-5.609478724871602135e-07
2.186415244550389905e-12
1.475603421273270482e-12
-9.060665978490271832e-02
3.274333405082875909e-07
2.818307140689910179e-07
9.060665978509466201e-02
-3.274333403989991649e-07
-4.919414405736033986e-08
3.274333405082875909e-07
-1.183261821857684026e-12
-1.018431832239693512e-12
-3.274333405372581294e-07
1.183227127388164490e-12
1.777637713093967761e-13
2.818307140689910179e-07
-1.018431832239693512e-12
-8.765849103509368012e-13
-2.818307140695887055e-07
1.018528534570062522e-12
1.529535117587574680e-13
9.060665978509466201e-02
-3.274333405372581294e-07
-2.818307140695887055e-07
-9.060665978528682774e-02
3.274333403709521570e-07
4.919414405746334700e-08
-3.274333403989991649e-07
1.183227127388164490e-12
1.018528534570062522e-12
3.274333403709521570e-07
-1.183261821857684026e-12
-1.777431463913121014e-13
-4.919414405736033986e-08
1.777637713093967761e-13
1.529535117587574680e-13
4.919414405746334700e-08
-1.777431463913121014e-13
-2.670574996265438021e-14
-7.260008002158974127e-02
2.488051791069922762e-07
2.154121677248330595e-07
7.260008002166042085e-02
-2.488051790888043083e-07
-5.317763201484472549e-08
2.488051791069922762e-07
-8.527033246163995273e-13
-7.382253325923979196e-13
-2.488051791063781243e-07
8.526615828327588353e-13
1.822429686676023664e-13
2.154121677248330595e-07
-7.382253325923979196e-13
-6.391345097848194269e-13
-2.154121677250436266e-07
7.382399337091971098e-13
1.577773923945799451e-13
7.260008002166042085e-02
-2.488051791063781243e-07
-2.154121677250436266e-07
-7.260008002173125308e-02
2.488051790949704434e-07
5.317763201489540188e-08
-2.488051790888043083e-07
8.526615828327588353e-13
7.382399337091971098e-13
2.488051790949704434e-07
-8.526548607792894252e-13
-1.822403627801363933e-13
-5.317763201484472549e-08
1.822429686676023664e-13
1.577773923945799451e-13
5.317763201489540188e-08
-1.822403627801363933e-13
-3.896081962311965415e-14
3.196114573282276883e+00
-1.087211354366001586e-05
-2.861909624434803871e-06
-3.196114573280889548e+00
1.087211350845098229e-05
8.849858103938718253e-06
-1.087211354366001586e-05
3.698222283965435508e-11
9.734935080274453867e-12
1.087211354399062298e-05
-3.698336081825459587e-11
-3.010447446882835720e-11
-2.861909624434803871e-06
9.734935080274453867e-12
2.562727807742248842e-12
2.861909624430396758e-06
-9.735434680635535187e-12
-7.924466638442595467e-12
-3.196114573280889548e+00
1.087211354399062298e-05
2.861909624430396758e-06
3.196114573279506210e+00
-1.087211350828409986e-05
-8.849858103940729109e-06
1.087211350845098229e-05
-3.698336081825459587e-11
-9.735434680635535187e-12
-1.087211350828409986e-05
3.698372164073759905e-11
3.010425242422343217e-11
8.849858103938718253e-06
-3.010447446882835720e-11
-7.924466638442595467e-12
-8.849858103940729109e-06
3.010425242422343217e-11
2.450489811067768642e-11
-8.562163042081234743e-02
2.712761167144246692e-07
2.547639664649816215e-07
8.562163042103916599e-02
-2.717250774110285554e-07
-2.240586078388939783e-08
2.712761167144246692e-07
-8.595901768160274514e-13
-8.071282942596458870e-13
-2.712761167255776578e-07
8.609432611272893610e-13
7.093518741401052359e-14
2.547639664649816215e-07
-8.071282942596458870e-13
-7.581065828821160376e-13
-2.547639664656555421e-07
8.086055211887301547e-13
6.662657119167127088e-14
8.562163042103916599e-02
-2.712761167255776578e-07
-2.547639664656555421e-07
-8.562163042126619272e-02
2.717250774405612061e-07
2.240586078394930225e-08
-2.717250774110285554e-07
8.609432611272893610e-13
8.086055211887301547e-13
2.717250774405612061e-07
-8.623518565897825283e-13
-7.110864286065392861e-14
-2.240586078388939783e-08
7.093518741401052359e-14
6.662657119167127088e-14
2.240586078394930225e-08
-7.110864286065392861e-14
-5.848329313215631579e-15
-8.232926736485755848e-02
3.032077404219384322e-07
2.705310845995654318e-07
8.232926736504757315e-02
-3.036907399005277587e-07
-5.128416128718785042e-08
3.036907404219384240e-07
-1.120180337377263413e-12
-9.978912289263192066e-13
-3.036907404241881435e-07
1.120187276271167320e-12
1.891871317240186011e-13
2.705310845995654318e-07
-9.978912289263192066e-13
-8.889614145687115522e-13
-2.705310846001877893e-07
9.979614356690514080e-13
1.685155380463785901e-13
8.232926736504757315e-02
-3.036907404241881435e-07
-2.705310846001877893e-07
-8.232926736523758782e-02
3.032077398927954148e-07
5.128416128730752691e-08
-3.036907399005277587e-07
1.120187276271167320e-12
9.979614356690514080e-13
3.036907398927954066e-07
-1.120201154058975135e-12
-1.891550687608730575e-13
-5.128416128718785042e-08
1.891871317240186011e-13
1.685155380463785901e-13
5.128416128730752691e-08
-1.891550687608730575e-13
-3.194456146767531673e-14
-8.578886553432470141e-02
3.287933955586854636e-07
2.738757357219286708e-07
8.578886553445254359e-02
-3.287933950952502859e-07
-6.214403230845279243e-08
3.287933955586854636e-07
-1.260161679866866891e-12
-1.049617292409526734e-12
-3.287933955594999387e-07
1.260151488366445527e-12
2.382081663181976522e-13
2.738757357219286708e-07
-1.049617292409526734e-12
-8.743373217941724355e-13
-2.738757357223342937e-07
1.049722771360080249e-12
1.984147560030309795e-13
8.578886553445254359e-02
-3.287933955594999387e-07
-2.738757357223342937e-07
-8.578886553458041353e-02
3.287933951024114730e-07
6.214403230854705131e-08
-3.287933950952502859e-07
1.260151488366445527e-12
1.049722771360080249e-12
3.287933951024114730e-07
-1.260128936961257828e-12
-2.381208129490648270e-13
-6.214403230845279243e-08
2.382081663181976522e-13
1.984147560030309795e-13
6.214403230854705131e-08
-2.381208129490648270e-13
-4.504699758999120949e-14
-8.762274699446451209e-02
2.889699029195691841e-07
2.406927400798419144e-07
8.762274699453841131e-02
-2.889699028118905972e-07
-5.844692336013307673e-08
2.889699029195691841e-07
-9.530186969447518308e-13
-7.937783392159653052e-13
-2.889699029134152780e-07
9.530055780984647562e-13
1.927472260290578934e-13
2.406932400798418753e-07
-7.937783392159653052e-13
-6.611832468575490055e-13
-2.406932400800444750e-07
7.938012087167662834e-13
1.605456228564318027e-13
8.762274699453841131e-02
-2.889699029134152780e-07
-2.406932400800444750e-07
-8.762274699461240768e-02
2.889699028182738375e-07
5.844742336018189418e-08
-2.889699028118905972e-07
9.530055780984647562e-13
7.938012087167662834e-13
2.889699028182738375e-07
-9.530075296623752301e-13
-1.927400725603671868e-13
-5.844692336013307673e-08
1.927472260290578934e-13
1.605456228564318027e-13
5.844692336018190685e-08
-1.927400725603671868e-13
-3.899046099431092954e-14
9.245455491901044542e-01
-3.205181077618340511e-06
-8.472547058305558675e-07
-9.245455491900232969e-01
3.205181027399285963e-06
2.472847296158582252e-06
-3.205181077618340511e-06
1.111168795864259096e-11
2.937225197645229298e-12
3.205181077622484196e-06
-1.111158734468098430e-11
-8.572756295991502745e-12
-8.472547058305558675e-07
2.937225197645229298e-12
7.764613419132921742e-13
8.472547058304800581e-07
-2.937231355362997600e-12
-2.266095741363341568e-12
-9.245455491900232969e-01
3.205181077622484196e-06
8.472547058304800581e-07
9.245455491899419176e-01
-3.205181027398859482e-06
-2.472847296158348895e-06
3.205181027399285963e-06
-1.111158734468098430e-11
-2.937231355362997600e-12
-3.205181027398859482e-06
1.111163938638526361e-11
8.572786939949468511e-12
2.472847296158582252e-06
-8.572756295991502745e-12
-2.266095741363341568e-12
-2.472847296158348895e-06
8.572786939949468511e-12
6.614037344961348491e-12
-2.955972675190502927e-02
9.027911637474035387e-08
-3.953108595591212637e-08
2.955972675104004757e-02
-9.388535018402886199e-08
-1.511749348081174223e-07
9.027911637474035387e-08
-2.757030714839459051e-13
1.207656299693719425e-13
-9.027911636975196508e-08
2.867012183216388621e-13
4.617865231151726526e-13
-3.953108595591212637e-08
1.207656299693719425e-13
-5.287615132309505129e-14
3.953108595474809134e-08
-1.254784041855899117e-13
-2.022367832439634107e-13
2.955972675104004757e-02
-9.027911636975196508e-08
3.953108595474809134e-08
-2.955972675017520118e-02
9.388535018782587246e-08
1.511749348036857194e-07
-9.388535018402886199e-08
2.867012183216388621e-13
-1.254784041855899117e-13
9.388535018782587246e-08
-2.982128433082209540e-13
-4.800466688096677271e-13
-1.511749348081174223e-07
4.617865231151726526e-13
-2.022367832439634107e-13
1.511749348036857194e-07
-4.800466688096677271e-13
-7.731616761653533595e-13
-5.981120842812037014e-02
1.901854004193181288e-07
2.078727877968252475e-07
5.981120842844016294e-02
-1.931164357173287607e-07
-1.042198833597958247e-08
1.901854004193181288e-07
-6.046205203169563447e-13
-6.595262457097344266e-13
-1.901854004169672418e-07
6.141545605409248765e-13
3.452766988573869374e-14
2.078727877968252475e-07
-6.595262457097344266e-13
-7.224140658730746896e-13
-2.078727877976665895e-07
6.725746965311657136e-13
3.626629249847150450e-14
5.981120842844016294e-02
-1.901854004169672418e-07
-2.078727877976665895e-07
-5.981120842876012922e-02
1.931164357208915930e-07
1.042198833630421116e-08
-1.931164357173287607e-07
6.141545605409248765e-13
6.725746965311657136e-13
1.931164357208915930e-07
-6.234526783721605625e-13
-3.218686617215593855e-14
-1.042198833597958247e-08
3.452766988573869374e-14
3.626629249847150450e-14
1.042198833630421116e-08
-3.218686617215593855e-14
-1.796414664290609223e-15
-8.109072000581973860e-02
2.605602246042454754e-07
2.527515916433547539e-07
8.109072000600762997e-02
-2.605602236817783679e-07
-5.240937450378340989e-08
2.605602246042454754e-07
-8.371775495064071038e-13
-8.120745962270454753e-13
-2.605602245893654888e-07
8.372538773393500833e-13
1.684903472414306315e-13
2.527515916433547539e-07
-8.120745962270454753e-13
-7.878512521164470496e-13
-2.527515916439263953e-07
8.121885781023303668e-13
1.633752561981374513e-13
8.109072000600762997e-02
-2.605602245893654888e-07
-2.527515916439263953e-07
-8.109072000619550746e-02
2.605602236798237864e-07
5.240937450391793593e-08
-2.605602236817783679e-07
8.372538773393500833e-13
8.121885781023303668e-13
2.605602236798236805e-07
-8.372816329149657122e-13
-1.683272750555269147e-13
-5.240937450378340989e-08
1.684903472414306315e-13
1.633752561981374513e-13
5.240937450391793593e-08
-1.683272750555269147e-13
-3.386547628259541440e-14
-9.275831714444703058e-02
3.199879846965162393e-07
2.676764330967930521e-07
9.275831714454702004e-02
-3.199879846461938531e-07
-6.378551203858523877e-08
3.199879846965162393e-07
-1.103846072707248549e-12
-9.233802571475963775e-13
-3.199879847124103361e-07
1.103878409037042929e-12
2.200630154784276722e-13
2.676764330967930521e-07
-9.233802571475963775e-13
-7.724819369713738958e-13
-2.676764330970773905e-07
9.233992915985747968e-13
1.840729466782509230e-13
9.275831714454702004e-02
-3.199879847124103361e-07
-2.676764330970773905e-07
-9.275831714464712052e-02
3.199879846452910748e-07
6.378551203865739539e-08
-3.199879846461938531e-07
1.103878409037042929e-12
9.233992915985747968e-13
3.199879846452910748e-07
-1.103903210161738535e-12
-2.200299922094625621e-13
-6.378551203858523877e-08
2.200630154784276722e-13
1.840729466782509230e-13
6.378551203865739539e-08
-2.200299922094625621e-13
-4.383019866929340624e-14
3.162645910574428232e+00
-1.071389335262433576e-05
-2.337162382301885464e-06
-3.162645910573074648e+00
1.070703174416244662e-05
8.400196296640325319e-06
-1.071389335262433576e-05
3.628236600050627203e-11
7.905009979936039599e-12
1.071389335165349539e-05
-3.625999500656007513e-11
-2.844446900240882314e-11
-2.337162382301885464e-06
7.905009979936039599e-12
1.738428845321493554e-12
2.337162382333416265e-06
-7.900013976325226395e-12
-6.219226522663490186e-12
-3.162645910573074648e+00
1.071389335165349539e-05
2.337162382333416265e-06
3.162645910571724617e+00
-1.070703174410112991e-05
-8.400196296669136298e-06
1.070703174416244662e-05
-3.625999500656007513e-11
-7.900013976325226395e-12
-1.070703174410112991e-05
3.623712441225279690e-11
2.842576174444388926e-11
8.400196296640325319e-06
-2.844446900240882314e-11
-6.219226522663490186e-12
-8.400196296669136298e-06
2.842576174444388926e-11
2.232353885078808275e-11
1.068256187401561974e-01
-3.545646553674032588e-07
-9.596938974095567495e-08
-1.068256187402006480e-01
3.520835710348108806e-07
2.459758809378213994e-07
-3.545646553674032588e-07
1.176831201932238002e-12
3.185535627605781775e-13
3.545646554092300104e-07
-1.168584326527444262e-12
-8.164397312538303037e-13
-9.596938974095567495e-08
3.185535627605781775e-13
8.621746174970012739e-14
9.596938974099606784e-08
-3.163211014781986522e-13
-2.209794558738857340e-13
-1.068256187402006480e-01
3.545646554092300104e-07
9.596938974099606784e-08
1.068256187402451263e-01
-3.520835710400178039e-07
-2.459758809379241021e-07
3.520835710348108806e-07
-1.168584326527444262e-12
-3.163211014781986522e-13
-3.520835710400178039e-07
1.160403370614737639e-12
8.107259644672457366e-13
2.459758809378213994e-07
-8.164397312538303037e-13
-2.209794558738857340e-13
-2.459758809379241021e-07
8.107259644672457366e-13
5.663871869356402398e-13
2.223714927676614245e-02
-4.984907701083494101e-08
-8.043844867849107843e-08
-2.223714927692049120e-02
3.459619714762838720e-08
5.650808826119598356e-08
-4.984907701083494101e-08
1.117422127050460290e-13
1.805355851902692236e-13
4.984907700833201159e-08
-7.754040465268730031e-14
-1.268922379288367603e-13
-8.043844867849107843e-08
1.805355851902692236e-13
2.909599628423606172e-13
8.043844867904981577e-08
-1.253725842342143822e-13
-2.044076697386403224e-13
-2.223714927692049120e-02
4.984907700833201159e-08
8.043844867904981577e-08
2.223714927707484343e-02
-3.459619714628678627e-08
-5.650808826158839143e-08
3.459619714762838720e-08
-7.754040465268730031e-14
-1.253725842342143822e-13
-3.459619714628678627e-08
5.381806111870446330e-14
8.812507042251490113e-14
5.650808826119598356e-08
-1.268922379288367603e-13
-2.044076697386403224e-13
-5.650808826158839143e-08
8.812507042251490113e-14
1.435986730183882537e-13
4.405567698301564132e-03
-2.367007556435847863e-08
-1.067457372285063387e-08
-4.405567698501968062e-03
-6.684422631346665642e-09
-3.394680398228171507e-08
-2.367007556435847863e-08
1.271951294290474266e-13
5.733946989495219511e-14
2.367007556490631043e-08
3.590183705881599963e-14
1.823877282454890693e-13
-1.067457372285063387e-08
5.733946989495219511e-14
2.589420088758478877e-14
1.067457372333635267e-08
1.619809649820962190e-14
8.223631749658343275e-14
-4.405567698501968062e-03
2.367007556490631043e-08
1.067457372333635267e-08
4.405567698702367654e-03
6.684422633671951408e-09
3.394680398382590246e-08
-6.684422631346665642e-09
3.590183705881599963e-14
1.619809649820962190e-14
6.684422633671951408e-09
1.015160178141627512e-14
5.149912843223512910e-14
-3.394680398228171507e-08
1.823877282454890693e-13
8.223631749658343275e-14
3.394680398382590246e-08
5.149912843223512910e-14
2.615806713153687112e-13
-3.023981999884088612e-02
1.071948081219267462e-07
8.683860866526593194e-08
3.023981999886933905e-02
-1.071948081097171236e-07
-2.127408156265483880e-08
1.071948081219267462e-07
-3.799961417214254685e-13
-3.078201252105589324e-13
-1.071948081077338357e-07
3.799923391155897247e-13
7.541823037112310791e-14
8.683860866526593194e-08
-3.078201252105589324e-13
-2.493748480283941582e-13
-8.683860866534780297e-08
3.078323714756290496e-13
6.109305769608219805e-14
3.023981999886933905e-02
-1.071948081077338357e-07
-8.683860866534780297e-08
-3.023981999889781627e-02
1.071948081151064899e-07
2.127408156267429078e-08
-1.071948081097171236e-07
3.799923391155897247e-13
3.078323714756290496e-13
1.071948081151064899e-07
-3.799934848883491479e-13
-7.541063626987291578e-14
-2.127408156265483880e-08
7.541823037112310791e-14
6.109305769608219805e-14
2.127408156267429078e-08
-7.541063626987291578e-14
-1.496318260268969524e-14
3.227802280191982565e+00
-1.121167161538020916e-05
-3.271396527167042024e-06
-3.227802280190019246e+00
1.121167161575605632e-05
9.498275699484388726e-06
-1.121167161538020916e-05
3.893468880633577101e-11
1.135033733667967226e-11
1.121167161562133573e-05
-3.893496636209192729e-11
-3.297961903570012510e-11
-3.271396527167042024e-06
1.135033733667967226e-11
3.323723241077658486e-12
3.271396527150985244e-06
-1.135050387013336604e-11
-9.634550102166627994e-12
-3.227802280190019246e+00
1.121167161562133573e-05
3.271396527150985244e-06
3.227802280188058592e+00
-1.121167161575153655e-05
-9.498275699470038293e-06
1.121167161575605632e-05
-3.893496636209192729e-11
-1.135050387013336604e-11
-1.121167161575153655e-05
3.893524391784808358e-11
3.297911943533904378e-11
9.498275699484388726e-06
-3.297961903570012510e-11
-9.634550102166627994e-12
-9.498275699470038293e-06
3.297911943533904378e-11
2.795877418471093279e-11
6.646688616742032485e-01
-2.356364146366955177e-06
-5.069875982726471846e-07
-6.646688616739881983e-01
2.356364146361998340e-06
1.802900630523976791e-06
-2.356364146366955177e-06
8.353887026579798203e-12
1.797378795999788763e-12
2.356364146268798881e-06
-8.353734370913912244e-12
-6.391569379290057984e-12
-5.069875982726471846e-07
1.797378795999788763e-12
3.867771556852109006e-13
5.069875982724733310e-07
-1.797394148819373604e-12
-1.375181864669118252e-12
-6.646688616739881983e-01
2.356364146268798881e-06
5.069875982724733310e-07
6.646688616737727040e-01
-2.356364146363858848e-06
-1.802900630523403138e-06
2.356364146361998340e-06
-8.353734370913912244e-12
-1.797394148819373604e-12
-2.356364146363858848e-06
8.353720493126104429e-12
6.391498352857660857e-12
1.802900630523976791e-06
-6.391569379290057984e-12
-1.375181864669118252e-12
-1.802900630523403138e-06
6.391498352857660857e-12
4.890357033536606182e-12
5.212582423173538898e-02
-2.230776558109727959e-07
-8.016692827647185442e-08
-5.212582423182353375e-02
2.180331436480454198e-07
1.557059711821996511e-07
-2.230776558109727959e-07
9.546825135986480859e-13
3.420670178842586256e-13
2.230776558074773821e-07
-9.330938799401167216e-13
-6.653406705839303551e-13
-8.016692827647185442e-08
3.420670178842586256e-13
1.233087087177616539e-13
8.016692827660772380e-08
-3.343004147120418453e-13
-2.394744689683483109e-13
-5.212582423182353375e-02
2.230776558074773821e-07
8.016692827660772380e-08
5.212582423191169240e-02
-2.180331436501675020e-07
-1.557059711824625754e-07
2.180331436480454198e-07
-9.330938799401167216e-13
-3.343004147120418453e-13
-2.180331436501675020e-07
9.120013771957147242e-13
6.502756233041689056e-13
1.557059711821996511e-07
-6.653406705839303551e-13
-2.394744689683483109e-13
-1.557059711824625754e-07
6.502756233041689056e-13
4.651082194357401049e-13
-2.263393717162900248e-02
8.183504108142388200e-08
7.027414724512595001e-08
2.263393717167820965e-02
-8.183504107472035738e-08
-1.186670704494355054e-08
8.183504108142388200e-08
-2.958761707860801948e-13
-2.540754484109483421e-13
-8.183504107704198204e-08
2.958865791269360557e-13
4.293434424203754592e-14
7.027414724512595001e-08
-2.540754484109483421e-13
-2.181779460816659243e-13
-7.027414724528029530e-08
2.541061567240569033e-13
3.683689320678240669e-14
2.263393717167820965e-02
-8.183504107704198204e-08
-7.027414724528029530e-08
-2.263393717172745498e-02
8.183504107999176105e-08
1.186670704496738657e-08
-8.183504107472035738e-08
2.958865791269360557e-13
2.541061567240569033e-13
8.183504107999176105e-08
-2.958865791269360557e-13
-4.289472081939074658e-14
-1.186670704494355054e-08
4.293434424203754592e-14
3.683689320678240669e-14
1.186670704496738657e-08
-4.289472081939074658e-14
-6.215554822889507284e-15
-3.058039438282135827e-02
1.047477008299803241e-07
8.158933540364330834e-08
3.058039438284430866e-02
-1.047477008256018123e-07
-1.597346662197766941e-08
1.047477008299803241e-07
-3.588024289450105198e-13
-2.794660186079342982e-13
-1.047477008285222231e-07
3.587953727832464331e-13
5.471048316756940057e-14
8.158933540364330834e-08
-2.794660186079342982e-13
-2.176789564573011759e-13
-8.158933540370498292e-08
2.794767779319058282e-13
4.262048206764637581e-14
3.058039438284430866e-02
-1.047477008285222231e-07
-8.158933540370498292e-08
-3.058039438286729722e-02
1.047477008283567737e-07
1.597346662198897862e-08
-1.047477008256018123e-07
3.587953727832464331e-13
2.794767779319058282e-13
1.047477008283567737e-07
-3.587921294214931205e-13
-5.470613801473380351e-14
-1.597346662197766941e-08
5.471048316756940057e-14
4.262048206764637581e-14
1.597346662198897862e-08
-5.470613801473380351e-14
-8.344040248239176227e-15
1.383145661702848361e+00
-4.819361512775540094e-06
-1.034149199042037860e-06
-1.383145661702325224e+00
4.819361513160960413e-06
3.722005165487928351e-06
-4.819361512775541788e-06
1.679231753648480208e-11
3.603353255214308532e-12
4.819361512702596157e-06
-1.679223426975795519e-11
-1.296883183122657139e-11
-1.034149199042037860e-06
3.603353255214308532e-12
7.733572421480397102e-13
1.034149199041597615e-06
-3.603337209415997116e-12
-2.782916472946478898e-12
-1.383145661702325224e+00
4.819361512702596157e-06
1.034149199041597615e-06
1.383145661701802309e+00
-4.819361513189696853e-06
-3.722005165486579028e-06
4.819361513160960413e-06
-1.679223426975795519e-11
-3.603337209415997116e-12
-4.819361513189696853e-06
1.679226202533357082e-11
1.296858866112104853e-11
3.722005165487928351e-06
-1.296883183122657139e-11
-2.782916472946478898e-12
-3.722005165486579028e-06
1.296858866112104853e-11
1.001579747940850386e-11
1.383145661702973372e+00
-4.823938482373462896e-06
-1.068634619667397304e-06
-1.383145661702435358e+00
4.823938482403227634e-06
3.758361299968904676e-06
-4.823938482373462896e-06
1.682370909250607838e-11
3.727020057347509374e-12
4.823938482217865485e-06
-1.682412542614031281e-11
-1.310796191270914877e-11
-1.068634619667397304e-06
3.727020057347509374e-12
8.255769753071425746e-13
1.068634619666714172e-06
-3.727135008678678973e-12
-2.903553746674293111e-12
-1.383145661702435358e+00
4.823938482217865485e-06
1.068634619666714172e-06
1.383145661701898010e+00
-4.823938482375031601e-06
-3.758361299967729418e-06
4.823938482403227634e-06
-1.682412542614031281e-11
-3.727135008678678973e-12
-4.823938482375031601e-06
1.682418093729154407e-11
1.310766369061859492e-11
3.758361299968904676e-06
-1.310796191270914877e-11
-2.903553746674293111e-12
-3.758361299967729418e-06
1.310766369061859492e-11
1.021248507699719712e-11
1.836993032581496210e-01
-7.206409755449550738e-07
-1.125110357265391641e-07
-1.836993032580573060e-01
7.281294753708708851e-07
5.147649809696514990e-07
-7.206409755449550738e-07
2.827021602924695287e-12
4.413732130437125244e-13
7.206409755571599716e-07
-2.856406951246004411e-12
-2.019390865966678439e-12
-1.125110357265391641e-07
4.413732130437125244e-13
6.890863901080351207e-14
1.125110357264854040e-07
-4.459597679524863311e-13
-3.152802107945562998e-13
-1.836993032580573060e-01
7.206409755571599716e-07
1.125110357264854040e-07
1.836993032579649909e-01
-7.281294753701702829e-07
-5.147649809693920952e-07
7.281294753708708851e-07
-2.856406951246004411e-12
-4.459597679524863311e-13
-7.281294753701702829e-07
2.886091105686050540e-12
2.040376282603158339e-12
5.147649809696514990e-07
-2.019390865966678439e-12
-3.152802107945562998e-13
-5.147649809693920952e-07
2.040376282603158339e-12
1.442481937500900323e-12
-2.100709236113276757e-02
7.821889951810252333e-08
6.560451881039715370e-08
2.100709236118083328e-02
-7.844241153022541025e-08
-9.857630352081906187e-09
7.821889951810252333e-08
-2.912409896582701663e-13
-2.442491528484507719e-13
-7.821889951947364468e-08
2.920875347145468481e-13
3.671540242208948245e-14
6.560451881039715370e-08
-2.442491528484507719e-13
-2.048743495684032444e-13
-6.560451881054750204e-08
2.449923947961618544e-13
3.079658387056374217e-14
2.100709236118083328e-02
-7.821889951947364468e-08
-6.560451881054750204e-08
-2.100709236122896145e-02
7.844241153073839458e-08
9.857630352104024997e-09
-7.844241153022541025e-08
2.920875347145468481e-13
2.449923947961618544e-13
7.844241153073839458e-08
-2.929080589186838779e-13
-3.678771700588441118e-14
-9.857630352081906187e-09
3.671540242208948245e-14
3.079658387056374217e-14
9.857630352104024997e-09
-3.678771700588441118e-14
-4.612668121232785687e-15
-2.840533271097944040e-02
1.031671802211903898e-07
8.215534714660255493e-08
2.840533271099768969e-02
-1.031671802139691692e-07
-2.174132985283995856e-08
1.031671802211903898e-07
-3.746970331676960831e-13
-2.983800288987555724e-13
-1.031671802127282130e-07
3.747025868675912786e-13
7.896481888792600946e-14
8.215534714660255493e-08
-2.983800288987555724e-13
-2.376073758930609577e-13
-8.215534714665519009e-08
2.983922408921577645e-13
6.288109766092392708e-14
2.840533271099768969e-02
-1.031671802127282130e-07
-8.215534714665519009e-08
-2.840533271101595980e-02
1.031671802159509749e-07
2.174132985285389821e-08
-1.031671802139691692e-07
3.747025868675912786e-13
2.983922408921577645e-13
1.031671802159509749e-07
-3.746963284659592235e-13
-7.895924508424476804e-14
-2.174132985283995856e-08
7.896481888792600946e-14
6.288109766092392708e-14
2.174132985285389821e-08
-7.895924508424476804e-14
-1.664096428878733200e-14
3.251316703613698511e+00
-1.078238075120795468e-05
-1.997743824924398920e-06
-3.251316703612577186e+00
1.078238075111593302e-05
8.164776209031705017e-06
-1.078238075120795468e-05
3.575861828863935443e-11
6.625222794000435507e-12
1.078238075065051213e-05
-3.575778562137088556e-11
-2.707653768612288194e-11
-1.997743824924398920e-06
6.625222794000435507e-12
1.227089849482497844e-12
1.997743824923715788e-06
-6.624786140003610232e-12
-5.016614205972241971e-12
-3.251316703612577186e+00
1.078238075065051213e-05
1.997743824923715788e-06
3.251316703611455416e+00
-1.078238075120907954e-05
-8.164776209028916585e-06
1.078238075111593302e-05
-3.575778562137088556e-11
-6.624786140003610232e-12
-1.078238075120907954e-05
3.575789664367334808e-11
2.707713414514443701e-11
8.164776209031705017e-06
-2.707653768612288194e-11
-5.016614205972241971e-12
-8.164776209028916585e-06
2.707713414514443701e-11
2.050350386177989064e-11
9.675238947942329734e-03
-5.369459724605708831e-08
-1.528697258699302265e-08
-9.675238947960190447e-03
5.347451963987706025e-08
2.140353197634168222e-08
-5.369459724605708831e-08
2.979855945328679923e-13
8.450084178777993830e-14
5.369459725786811573e-08
-2.967712880996842273e-13
-1.184537974846289164e-13
-1.528697258699302265e-08
8.450084178777993830e-14
2.417682357062665850e-14
1.528697258702120635e-08
-8.414547516591838837e-14
-3.382188605841763274e-14
-9.675238947960190447e-03
5.369459725786811573e-08
1.528697258702120635e-08
9.675238947978040752e-03
-5.347451964624654949e-08
-2.140353197638122477e-08
5.347451963987706025e-08
-2.967712880996842273e-13
-8.414547516591838837e-14
-5.347451964624654949e-08
2.955639205604043696e-13
1.179573829641075933e-13
2.140353197634168222e-08
-1.184537974846289164e-13
-3.382188605841763274e-14
-2.140353197638122477e-08
1.179573829641075933e-13
4.733885134450358663e-14
-1.871538671516483412e-02
7.735439676186006493e-08
6.434854016789990475e-08
1.871538671520901406e-02
-7.797806750093588391e-08
-9.375549163188097942e-09
7.735439676186006493e-08
-3.197286185807612924e-13
-2.659545439370911398e-13
-7.735439676345527943e-08
3.222873357078270828e-13
3.874635620811562927e-14
6.434854016789990475e-08
-2.659545439370911398e-13
-2.212571604767544769e-13
-6.434854016807473765e-08
2.681113323653814822e-13
3.222434418833711530e-14
1.871538671520901406e-02
-7.735439676345527943e-08
-6.434854016807473765e-08
-1.871538671525325298e-02
7.797806750085581283e-08
9.375549163187227748e-09
-7.797806750093588391e-08
3.222873357078270828e-13
2.681113323653814822e-13
7.797806750085581283e-08
-3.249067681565520616e-13
-3.906024428920258613e-14
-9.375549163188097942e-09
3.874635620811562927e-14
3.222434418833711530e-14
9.375549163187227748e-09
-3.906024428920258613e-14
-4.696018243418623844e-15
-2.652844562236937251e-02
9.994819241550368524e-08
7.935610290527048456e-08
2.652844562239838749e-02
-1.004168998187843151e-07
-1.372912647603458647e-08
9.994819241550368524e-08
-3.765742329509685904e-13
-2.989792547851602513e-13
-9.994819240753575219e-08
3.783363867419092808e-13
5.172224062225318552e-14
7.935610290527048456e-08
-2.989792547851602513e-13
-2.373717252068027903e-13
-7.935610290548483684e-08
3.003880533851043611e-13
4.106796463544768804e-14
2.652844562239838749e-02
-9.994819240753575219e-08
-7.935610290548483684e-08
-2.652844562242742676e-02
1.004168998219885216e-07
1.372912647592184341e-08
-1.004168998187843151e-07
3.783363867419092808e-13
3.003880533851043611e-13
1.004168998219885216e-07
-3.801026876061597282e-13
-5.195535441486190324e-14
-1.372912647603458647e-08
5.172224062225318552e-14
4.106796463544768804e-14
1.372912647592184341e-08
-5.195535441486190324e-14
-7.111232199712040314e-15
-3.077943911790314430e-02
1.055270679315780395e-07
7.920675857917333416e-08
3.077943911792349260e-02
-1.055270679284273548e-07
-1.429034188576750627e-08
1.055270679315780395e-07
-3.618041074425544082e-13
-2.715568715598954994e-13
-1.055270679310300753e-07
3.617967663960102165e-13
4.899477406757005127e-14
7.920675857917333416e-08
-2.715568715598954994e-13
-2.038369202161244287e-13
-7.920675857922577079e-08
2.715617237430912764e-13
3.677123167587781349e-14
3.077943911792349260e-02
-1.055270679310300753e-07
-7.920675857922577079e-08
-3.077943911794388254e-02
1.055270679296678214e-07
1.429034188577663173e-08
-1.055270679284273548e-07
3.617967663960102165e-13
2.715617237430912764e-13
1.055270679296678214e-07
-3.618075592755882333e-13
-4.899380559293480796e-14
-1.429034188576750627e-08
4.899477406757005127e-14
3.677123167587781349e-14
1.429034188577663173e-08
-4.899380559293480796e-14
-6.635371505719911411e-15
7.347513149327680182e-01
-2.677368812993620817e-06
-4.919715219002182941e-07
-7.347513149325353154e-01
2.677368812931105550e-06
1.991048924081678639e-06
-2.677368812993620817e-06
9.756001562166716212e-12
1.792711131087313999e-12
2.677368812774478571e-06
-9.756098706681370913e-12
-7.255227972240640200e-12
-4.919715219002182941e-07
1.792711131087313999e-12
3.293584443533394828e-13
4.919715219000735574e-07
-1.792731038596616490e-12
-1.333112208263608050e-12
-7.347513149325353154e-01
2.677368812774478571e-06
4.919715219000735574e-07
7.347513149323028347e-01
-2.677368812934054072e-06
-1.991048924081042517e-06
2.677368812931105550e-06
-9.756098706681370913e-12
-1.792731038596616490e-12
-2.677368812934054072e-06
9.756154217832602171e-12
7.255173870092320753e-12
1.991048924081678639e-06
-7.255227972240640200e-12
-1.333112208263608050e-12
-1.991048924081042517e-06
7.255173870092320753e-12
5.395405505396084611e-12
2.394445390501596244e-02
-4.087004712617057992e-08
-5.607094206503275546e-08
-2.394445390507260116e-02
3.550655878402742681e-08
5.339700941179593764e-08
-4.087004712617057992e-08
6.973935318121959881e-14
9.571782532910547592e-14
4.087004712666050907e-08
-6.059736046282182542e-14
-9.115367465795210399e-14
-5.607094206503275546e-08
9.571782532910547592e-14
1.312915193118132387e-13
5.607094206516559405e-08
-8.315666665119693056e-14
-1.250361063911801913e-13
-2.394445390507260116e-02
4.087004712666050907e-08
5.607094206516559405e-08
2.394445390512925376e-02
-3.550655878635271092e-08
-5.339700941192218525e-08
3.550655878402742681e-08
-6.059736046282182542e-14
-8.315666665119693056e-14
-3.550655878635271092e-08
5.265232694284804893e-14
7.918773355610108256e-14
5.339700941179593764e-08
-9.115367465795210399e-14
-1.250361063911801913e-13
-5.339700941192218525e-08
7.918773355610108256e-14
1.190825353553628423e-13
5.529339847823575536e-03
-2.125724689879481504e-08
4.635688904503921720e-09
-5.529339847854128354e-03
1.644929775233936806e-08
-4.857741485282201058e-09
-2.125724689879481504e-08
8.170547571850761415e-14
-1.786275404843361912e-14
2.125724691200160717e-08
-6.324107904021047943e-14
1.871103162803932917e-14
4.635688904503921720e-09
-1.786275404843361912e-14
3.911798058609574807e-15
-4.635688904529576727e-09
1.382852330635184522e-14
-4.074862064462627691e-15
-5.529339847854128354e-03
2.125724691200160717e-08
-4.635688904529576727e-09
5.529339847884675967e-03
-1.644929775951851492e-08
4.857741485309090218e-09
1.644929775233936806e-08
-6.324107904021047943e-14
1.382852330635184522e-14
-1.644929775951851492e-08
4.894522287468561217e-14
-1.448621541819516176e-14
-4.857741485282201058e-09
1.871103162803932917e-14
-4.074862064462627691e-15
4.857741485309090218e-09
-1.448621541819516176e-14
4.255273305075214354e-15
-1.114208160585318172e-02
3.592999283752687075e-08
3.507522853098741308e-08
1.114208160590489556e-02
-3.652077786361478019e-08
-4.785469581642728800e-10
3.592999283752687075e-08
-1.158656504074428994e-13
-1.130935932135153432e-13
-3.592999283615091867e-08
1.177877240188252017e-13
1.573640682581488092e-15
3.507522853098741308e-08
-1.130935932135153432e-13
-1.104276920535482711e-13
-3.507522853115004340e-08
1.150011001860074375e-13
1.528690467185019586e-15
1.114208160590489556e-02
-3.592999283615091867e-08
-3.507522853115004340e-08
-1.114208160595665624e-02
3.652077786658144691e-08
4.785469581659812148e-10
-3.652077786361478019e-08
1.177877240188252017e-13
1.150011001860074375e-13
3.652077786658144691e-08
-1.197011240128276199e-13
-1.555777072879708281e-15
-4.785469581642728800e-10
1.573640682581488092e-15
1.528690467185019586e-15
4.785469581659812148e-10
-1.555777072879708281e-15
-5.602597918740346383e-18
-3.074387357384015043e-02
1.087701376635266420e-07
8.789601051301638848e-08
3.074387357386770131e-02
-1.087701376544527750e-07
-2.177678605531424419e-08
1.087701376635266420e-07
-3.848387161140692949e-13
-3.109618567951946014e-13
-1.087701376529416418e-07
3.848266488343882867e-13
7.704376603883738578e-14
8.789601051301638848e-08
-3.109618567951946014e-13
-2.512901995863070503e-13
-8.789601051309416992e-08
3.109786998360514399e-13
6.225716556867988416e-14
3.074387357386770131e-02
-1.087701376529416418e-07
-8.789601051309416992e-08
-3.074387357389521055e-02
1.087701376572090070e-07
2.177678605533452997e-08
-1.087701376544527750e-07
3.848266488343882867e-13
3.109786998360514399e-13
1.087701376572090070e-07
-3.848226688815000037e-13
-7.703877247858743337e-14
-2.177678605531424419e-08
7.704376603883738578e-14
6.225716556867988416e-14
2.177678605533452997e-08
-7.703877247858743337e-14
-1.542429378664778028e-14
3.186845646446535785e+00
-1.138533198908960080e-05
-3.534559341357748817e-06
-3.083332386348901277e+00
9.273054976174314657e-06
7.755414912427204658e-06
-1.138533198908960419e-05
4.067557402009924772e-11
1.263204649412284103e-11
1.101552028031161973e-05
-3.312927709941959620e-11
-2.770250365671944786e-11
-3.534559341357748817e-06
1.263204649412284103e-11
3.920364035136912987e-12
3.419751847985262990e-06
-1.027987914625666394e-11
-8.602174529873885974e-12
-3.083332386348901277e+00
1.101552028031161973e-05
3.419751847985262990e-06
2.983181383544143639e+00
-8.971853017300569381e-06
-7.503508052147038371e-06
9.273054976174314657e-06
-3.312927709941959620e-11
-1.027987914625666394e-11
-8.971853017300567687e-06
2.698274936818734204e-11
2.257207413969538736e-11
7.755414912427204658e-06
-2.770250365671944786e-11
-8.602174529873885974e-12
-7.503508052147038371e-06
2.257207413969538736e-11
1.887379142015147651e-11
-4.440871942202783557e-03
8.582661624074881446e-08
9.251371574243052149e-09
3.421275602180597585e-03
5.052263375156574376e-08
3.786818723787817400e-08
8.582661624074881446e-08
-1.663891247005722107e-12
-1.684520578582038297e-13
-6.612136356121351800e-08
-9.712786130933181994e-13
-7.422326642192444979e-13
9.251371574243052149e-09
-1.684520578582038297e-13
-1.395151355554347106e-14
-7.127314692203817059e-09
-1.156227891208061465e-13
-8.425118241950357856e-14
3.421275602180597585e-03
-6.612136356121351800e-08
-7.127314692203817059e-09
-2.635772185826688874e-03
-3.892295396392243396e-08
-2.917388900105323392e-08
5.052263375156574376e-08
-9.712786130933181994e-13
-1.156227891208061465e-13
-3.892295396392243396e-08
-5.798833635495270755e-13
-4.204171732968831066e-13
3.786818723787817400e-08
-7.422326642192444979e-13
-8.425118241950357856e-14
-2.917388900105323392e-08
-4.204171732968831066e-13
-3.175047030845590257e-13
-9.005392427219728602e-02
2.958244496171437618e-07
5.789535892278590116e-08
9.032350383049402021e-02
-2.974881332384181781e-07
-2.542631142216231151e-09
2.958244496171437618e-07
-9.717504619504849346e-13
-1.902440960393753672e-13
-2.967100103938835003e-07
9.771905548913593955e-13
8.333155289132611901e-15
5.789535892278590116e-08
-1.902440960393753672e-13
-3.733124920302088867e-14
-5.806867069575448025e-08
1.912993017578478635e-13
1.554312234475219157e-15
9.032350383049402021e-02
-2.967100103938835003e-07
-5.806867069575448025e-08
-9.059389038458658117e-02
2.983786743176847459e-07
2.550242597165358826e-09
-2.974881332384181781e-07
9.771905548913593955e-13
1.912993017578478635e-13
2.983786743176847459e-07
-9.827971812894766709e-13
-8.364885982828144505e-15
-2.542631142216231151e-09
8.333155289132611901e-15
1.554312234475219157e-15
2.550242597165358826e-09
-8.364885982828144505e-15
-6.938893903907228378e-17
-1.015363569932249549e-01
2.797498655680299165e-07
6.376631511112071167e-08
1.020373476573814969e-01
-3.473051347872732195e-07
-5.075675715232829868e-09
2.797498655680298106e-07
-7.707584609846776783e-13
-1.762073450051629677e-13
-2.811301797289336226e-07
9.569012289438464994e-13
1.398795355536934368e-14
6.390098177778728399e-08
-1.760900062254496525e-13
-4.031497358170099687e-14
-6.421627569070302689e-08
2.186379551519110695e-13
3.178013407989510597e-15
1.020373476573814969e-01
-2.811301797289336226e-07
-6.421627569070302689e-08
-1.025408102601916144e-01
3.490187734749486125e-07
5.100719613047924253e-09
-3.473051347872732195e-07
9.569012289438464994e-13
2.186379551519110695e-13
3.490187734749486125e-07
-1.188049662765957932e-12
-1.731575108074069345e-14
-5.075675715232829868e-09
1.398795355536934368e-14
3.178013407989510597e-15
5.100719613047924253e-09
-1.731575108074069345e-14
-3.053113317719180486e-16
-1.080475192466473638e-01
4.380940271200095046e-07
3.112474593636888740e-07
1.076524800754935507e-01
-3.955738169317738952e-07
-6.217562335495169363e-08
4.380940271200095046e-07
-1.776286696383047365e-12
-1.261942663180850923e-12
-4.364922845967337979e-07
1.603932227276786045e-12
2.521851506516910811e-13
3.112474593636888740e-07
-1.261942663180850923e-12
-8.965612082962437536e-13
-3.101094884113545738e-07
1.139588292250927009e-12
1.791288700354833210e-13
1.076524800754935507e-01
-4.364922845967337979e-07
-3.101094884113545738e-07
-1.072588852313159646e-01
3.941275352139386067e-07
6.194829923974931994e-08
-3.955738169317738952e-07
1.603932227276786045e-12
1.139588292250927009e-12
3.941275352139387126e-07
-1.448228759196593106e-12
-2.275686338824108432e-13
-6.217562335495169363e-08
2.521851506516910811e-13
1.791288700354833210e-13
6.194829923974931994e-08
-2.275686338824108432e-13
-3.571291831471995677e-14
3.311800794373648493e+00
-1.115063107068162082e-05
-2.938920679079928659e-06
-3.137688664149414386e+00
9.563228624339359352e-06
8.190108871885458004e-06
-1.115063107068162421e-05
3.754341290592554984e-11
9.895130466562777478e-12
1.056440615861850485e-05
-3.219863267903426569e-11
-2.757595729806094569e-11
-2.938920679079928659e-06
9.895130466562777478e-12
2.608080418298186487e-12
2.784412068277070533e-06
-8.486558331988949951e-12
-7.268130541859818550e-12
-3.137688664149414386e+00
1.056440615861850485e-05
2.784412068277070533e-06
2.972730174428776184e+00
-9.060458617515794813e-06
-7.759528232834018199e-06
9.563228624339359352e-06
-3.219863267903426569e-11
-8.486558331988949951e-12
-9.060458617515794813e-06
2.761524343617775678e-11
2.364981622299904700e-11
8.190108871885458004e-06
-2.757595729806094569e-11
-7.268130541859818550e-12
-7.759528232834018199e-06
2.364981622299904700e-11
2.025474232780766215e-11
8.263265781893538442e-01
-1.180690871932605089e-06
2.119846167597856486e-06
-8.136544229217581581e-01
6.830535763894396171e-07
-1.992783173835441358e-06
-1.180690871932605089e-06
1.687122616514848005e-12
-3.028983252375631359e-12
1.162584352649307382e-06
-9.760386499912303683e-13
2.847422159508481559e-12
2.119846167597856486e-06
-3.028983252375631359e-12
5.438122174794557395e-12
-2.087337205054164026e-06
1.752340085422535319e-12
-5.112174572552419249e-12
-8.136544229217581581e-01
1.162584352649307382e-06
-2.087337205054164026e-06
8.011766018597472616e-01
-6.725785884029208324e-07
1.961918122860632589e-06
6.830535763894396171e-07
-9.760386499912303683e-13
1.752340085422535319e-12
-6.725785884029208324e-07
5.647148999309729545e-13
-1.647463319061486842e-12
-1.992783173835441358e-06
2.847422159508481559e-12
-5.112174572552419249e-12
1.962222789527299195e-06
-1.647292667857260545e-12
4.805773834437587766e-12
-6.735162185254310596e-02
2.872542458034546121e-07
-1.128491781102354658e-07
6.671562739643298323e-02
-2.888883570231840962e-07
1.119644168291248141e-07
2.872542458034546121e-07
-1.225256007764130572e-12
4.814242199666368686e-13
-2.845417334339076807e-07
1.231972857063112770e-12
-4.775096189302527064e-13
-1.128491781102354658e-07
4.814242199666368686e-13
-1.888843313635720901e-13
1.117835548975997823e-07
-4.840439322336058714e-13
1.877325241980694163e-13
6.671562739643298323e-02
-2.845417334339076807e-07
1.117835548975997823e-07
-6.608563857073104786e-02
2.861604139055193865e-07
-1.109071483265063156e-07
-2.888883570231840962e-07
1.231972857063112770e-12
-4.840439322336058714e-13
2.861604139055193865e-07
-1.239272573450023174e-12
4.803355667281407835e-13
1.119644168291248141e-07
-4.775096189302527064e-13
1.877325241980694163e-13
-1.109071483265063156e-07
4.803355667281407835e-13
-1.859007057471411075e-13
-1.173528275830871964e-01
4.000367567851176569e-07
3.445114687368183277e-07
1.176980633171738899e-01
-4.086720550903314673e-07
-6.334140030547441837e-08
4.001854234517844039e-07
-1.364644508505818976e-12
-1.175418945495371136e-12
-4.013627134197051794e-07
1.393642146130247284e-12
2.160176991206153319e-13
3.447291354034850736e-07
-1.175477090864681229e-12
-1.012564798989228330e-12
-3.457432806829353065e-07
1.200578617756974047e-12
1.861032897122473066e-13
1.176980633171738899e-01
-4.013627134197051794e-07
-3.457432806829353065e-07
-1.180443146868832283e-01
4.101616448992074200e-07
6.331007524881629540e-08
-4.086720550903314673e-07
1.393642146130247284e-12
1.200578617756974047e-12
4.098743115658742020e-07
-1.423097750752333468e-12
-2.204610879550788599e-13
-6.334140030547441837e-08
2.160176991206153319e-13
1.861032897122473066e-13
6.352774191548293536e-08
-2.205021503582218619e-13
-3.413688594668526402e-14
-9.927790104709657837e-02
2.357464982018155577e-07
3.066451239857127284e-07
9.925924588225772116e-02
-2.472363680055544609e-07
-8.504415599177934721e-08
2.346111648684822252e-07
-5.544610253113073114e-13
-7.240970087794930725e-13
-2.345670794027949845e-07
5.842625498947764407e-13
2.009713892955284967e-13
3.063947906523794730e-07
-7.240571101395456059e-13
-9.456504687073571657e-13
-3.063372164569595461e-07
7.630395350763152493e-13
2.624551646040139695e-13
9.925924588225772116e-02
-2.345670794027949845e-07
-3.063372164569595461e-07
-9.924059422288362964e-02
2.478249101864190097e-07
8.541317546930675525e-08
-2.472363680055544609e-07
5.842625498947764407e-13
7.630395350763152493e-13
2.471899101864190573e-07
-6.157485209067751284e-13
-2.119083699094133033e-13
-8.504415599177934721e-08
2.009713892955284967e-13
2.624551646040139695e-13
8.502817546930671574e-08
-2.117938781599988340e-13
-7.284836170102945876e-14
1.423259086114356586e+00
-4.549501637443351580e-06
-1.522958496838538977e-06
-1.423259086112486749e+00
4.273246497141057685e-06
3.515485175379461611e-06
-4.549501637443351580e-06
1.454278019509076997e-11
4.868148923184204661e-12
4.549501636685553554e-06
-1.365959789481405262e-11
-1.123739087560806029e-11
-1.522958496838538977e-06
4.868148923184204661e-12
1.629717194528979007e-12
1.522958496836551203e-06
-4.572628688758847041e-12
-3.761688877057522973e-12
-1.423259086112486749e+00
4.549501636685553554e-06
1.522958496836551203e-06
1.423259086110616023e+00
-4.273246497151809921e-06
-3.515485175374836388e-06
4.273246497141057685e-06
-1.365959789481405262e-11
-4.572628688758847041e-12
-4.273246497151809921e-06
1.283019267502221090e-11
1.055500684393400515e-11
3.515485175379461611e-06
-1.123739087560806029e-11
-3.761688877057522973e-12
-3.515485175374836388e-06
1.055500684393400515e-11
8.683331831349505592e-12
1.454337966197226217e+00
-4.699010468608954530e-06
-1.510290912322325503e-06
-1.454337966195038856e+00
4.366236689135739796e-06
3.588789617296271562e-06
-4.699010468608953683e-06
1.518247333572718346e-11
4.879730630404783386e-12
4.699010467700637055e-06
-1.410742351166557559e-11
-1.159551148539993684e-11
-1.510290912322325503e-06
4.879730630404783386e-12
1.568477986380045763e-12
1.510290912320071337e-06
-4.534282055322523857e-12
-3.726810526849533289e-12
-1.454337966195038856e+00
4.699010467700637055e-06
1.510290912320071337e-06
1.454337966192850606e+00
-4.366236689144101705e-06
-3.588789617290862833e-06
4.366236689135739796e-06
-1.410742351166557559e-11
-4.534282055322523857e-12
-4.366236689144102552e-06
1.310840484719615876e-11
1.077429190201053156e-11
3.588789617296271562e-06
-1.159551148539993684e-11
-3.726810526849533289e-12
-3.588789617290862833e-06
1.077429190201053156e-11
8.855870897717110779e-12
1.137837708202238118e-01
6.092110262562951265e-08
-7.575238147481843490e-08
-1.223556207060162021e-01
-2.515311512238796979e-09
1.173316561527943585e-07
6.092110262562951265e-08
3.255729019713271555e-14
-4.028967676749487216e-14
-6.551056687043886053e-08
-1.401656568589260132e-15
6.244313112545244372e-14
-7.575238147481843490e-08
-4.028967676749487216e-14
5.048739203868151424e-14
8.145915351983555552e-08
1.334908483551191973e-15
-7.821521207880159798e-14
-1.223556207060162021e-01
-6.551056687043886053e-08
8.145915351983555552e-08
1.315732270993919817e-01
2.704801406563466028e-09
-1.261707844058222028e-07
-2.515311512238796979e-09
-1.401656568589260132e-15
1.334908483551191973e-15
2.704801406563466028e-09
-1.387778780781445676e-17
-2.389713754278023503e-15
1.173316561527943585e-07
6.244313112545244372e-14
-7.821521207880159798e-14
-1.261707844058222028e-07
-2.389713754278023503e-15
1.209171651635516441e-13
-1.173687107535496682e-01
4.063706398185452643e-07
3.482628313775412413e-07
1.176961695280937525e-01
-4.122357879225620359e-07
-6.416132324189545235e-08
4.063656398185451263e-07
-1.406947445537102424e-12
-1.205685972456972131e-12
-4.074994001970694779e-07
1.427342606386959728e-12
2.222692618199666591e-13
3.482628313775412413e-07
-1.205685972456972131e-12
-1.033462987036603999e-12
-3.492344848893880070e-07
1.223340440311565663e-12
1.904825770030950827e-13
1.176961695280937525e-01
-4.074994001970694779e-07
-3.492344848893880070e-07
-1.180245419128187062e-01
4.142142593614276805e-07
6.434033337282618000e-08
-4.122357879225620359e-07
1.427342606386959728e-12
1.223340440311565663e-12
4.133859260280943520e-07
-1.447896853889798775e-12
-2.252418203647441986e-13
-6.416132324189545235e-08
2.222692618199666591e-13
1.904825770030950827e-13
6.434033337282618000e-08
-2.252418203647441986e-13
-3.506026868520446238e-14
-7.912562636721709453e-02
2.128070643267442315e-07
2.138389259855161431e-07
7.950604463707042213e-02
-2.189095240971635861e-07
-6.918356320688459020e-08
2.128660643267442719e-07
-5.726630203706120453e-13
-5.752746986468715779e-13
-2.138894766562506839e-07
5.888992805683311140e-13
1.861040967571326463e-13
2.138389259855161431e-07
-5.752746986468715779e-13
-5.778600883885264488e-13
-2.148670155944820693e-07
5.916333215944524596e-13
1.869732200511094634e-13
7.950604463707042213e-02
-2.138894766562506839e-07
-2.148670155944820693e-07
-7.988829187266706378e-02
2.199619920032122586e-07
6.951618226646957423e-08
-2.189095240971635861e-07
5.888992805683311140e-13
5.916333215944524596e-13
2.199619920032122586e-07
-6.056455334697003941e-13
-1.914085954929443577e-13
-6.918356320688459020e-08
1.861040967571326463e-13
1.869732200511094634e-13
6.951618226646957423e-08
-1.914085954929443577e-13
-6.046990661915256255e-14
3.280344743400414043e+00
-1.026115343615756695e-05
-3.454593363398367737e-06
-3.213895150390030597e+00
8.757290914134706895e-06
7.304288811342706840e-06
-1.026115343615757034e-05
3.209699173112312565e-11
1.080664217531069410e-11
1.005329434701865409e-05
-2.739319882039126242e-11
-2.284761619711729270e-11
-3.454593363398367737e-06
1.080664217531069410e-11
3.638153886022770158e-12
3.384614034708643056e-06
-9.221951655597546192e-12
-7.692021998017935219e-12
-3.213895150390030597e+00
1.005329434701865409e-05
3.384614034708643056e-06
3.148791619686094112e+00
-8.579895407618527779e-06
-7.156326613247393198e-06
8.757290914134706895e-06
-2.739319882039126242e-11
-9.221951655597546192e-12
-8.579895407618527779e-06
2.337868787449792762e-11
1.950028954711968405e-11
7.304288811342706840e-06
-2.284761619711729270e-11
-7.692021998017935219e-12
-7.156326613247393198e-06
1.950028954711968405e-11
1.626433129353100814e-11
-1.167556487782378666e-01
3.439367515113188647e-07
8.697462519276088841e-08
1.147176385557958089e-01
-3.991632442330333724e-07
-9.626776984379914221e-08
3.439367515113188647e-07
-1.013300554575380374e-12
-2.561731460442836821e-13
-3.379332165716072956e-07
1.175934349895157993e-12
2.836799065888354794e-13
8.697462519276088841e-08
-2.561731460442836821e-13
-6.487876240595080607e-14
-8.545645303497850003e-08
2.974829212023897081e-13
7.174826804526234573e-14
1.147176385557958089e-01
-3.379332165716072956e-07
-8.545645303497850003e-08
-1.127152025065113056e-01
3.921957118300429857e-07
9.458738263270098219e-08
-3.991632442330333724e-07
1.175934349895157993e-12
2.974829212023897081e-13
3.921957118300427740e-07
-1.364741653020473677e-12
-3.290074651339229841e-13
-9.626776984379914221e-08
2.836799065888354794e-13
7.174826804526234573e-14
9.458738263270098219e-08
-3.290074651339229841e-13
-7.939492980616832958e-14
-1.141622925019680074e-01
3.611344271883629984e-07
3.341889626283786943e-07
1.149911284619100638e-01
-3.690796467783003064e-07
-6.129339616371270047e-08
3.656664271883629492e-07
-1.171198589329410182e-12
-1.070992466941019488e-12
-3.683212221958479317e-07
1.182197087662954466e-12
1.963696594154347185e-13
3.344066292950453343e-07
-1.071050612310303732e-12
-9.794686655846979701e-13
-3.368344733189184453e-07
1.081263237464997123e-12
1.795516868027688781e-13
1.149911284619100638e-01
-3.683212221958479317e-07
-3.368344733189184453e-07
-1.158259818995452245e-01
3.671778889441662898e-07
6.173839573173182827e-08
-3.690796467783003064e-07
1.182197087662954466e-12
1.081263237464997123e-12
3.717592222774995593e-07
-1.193129905688312792e-12
-1.981053297528965751e-13
-6.129339616371270047e-08
1.963696594154347185e-13
1.795516868027688781e-13
6.173839573173182827e-08
-1.981053297528965751e-13
-3.286591000457714218e-14
-9.913460599167035758e-02
2.851385074669334848e-07
2.092299244910178961e-07
1.000118463631165105e-01
-3.056356970915890214e-07
1.388781140308042833e-09
2.908565074669332452e-07
-8.534408516613788636e-13
-6.144408721006338620e-13
-2.934302915168150330e-07
8.967787362278398588e-13
-4.053552469180977902e-15
2.094475911576845361e-07
-6.144831826012379429e-13
-4.425668869429972772e-13
-2.113009891797747298e-07
6.457985373170084015e-13
-2.860609591205037717e-15
1.000118463631165105e-01
-2.934302915168150330e-07
-2.113009891797747298e-07
-1.008968494190622400e-01
3.029092619922181233e-07
-5.594037733395369898e-10
-3.056356970915890214e-07
8.967787362278398588e-13
6.457985373170084015e-13
3.083402619922182200e-07
-9.422674174105135842e-13
4.176645957393634013e-15
1.388781140308042833e-09
-4.053552469180977902e-15
-2.860609591205037717e-15
-1.401070440006169834e-09
4.333905953721389189e-15
-7.920520511344927651e-17
-9.858350380836283788e-02
2.338637455629551800e-07
3.036541901002734559e-07
9.891026242410248803e-02
-2.532334206250909028e-07
-8.635846288766562709e-08
2.367787455629552826e-07
-5.687342552939128758e-13
-7.292877912255358029e-13
-2.375635573483422764e-07
6.082267177529622597e-13
2.074299567622948351e-13
3.036541901002734559e-07
-7.292877912255358029e-13
-9.352772823429797088e-13
-3.046606629794564328e-07
7.800535019819680597e-13
2.660037359154838522e-13
9.891026242410248803e-02
-2.375635573483422764e-07
-3.046606629794564328e-07
-9.923810409318120640e-02
2.506137720357768355e-07
8.664470116075776758e-08
-2.532334206250909028e-07
6.082267177529622597e-13
7.800535019819680597e-13
2.540727720357766019e-07
-6.504700272943936058e-13
-2.217926321199218904e-13
-8.635846288766562709e-08
2.074299567622948351e-13
2.660037359154838522e-13
8.664470116075774111e-08
-2.217926321199218904e-13
-7.561405131856248269e-14
8.735693248090357077e-01
-1.227855972251930135e-06
2.273937127148816118e-06
-8.711884341795055331e-01
6.642547465128609726e-07
-2.180710768710804457e-06
-1.227855972251930135e-06
1.725889887211523756e-12
-3.195902716938839074e-12
1.224509482270060545e-06
-9.336000163776678045e-13
3.064917406693870597e-12
2.273937127148816118e-06
-3.195902716938839074e-12
5.919140178001214281e-12
-2.267739570247021573e-06
1.728828189648783576e-12
-5.676466241499866783e-12
-8.711884341795055331e-01
1.224509482270060545e-06
-2.267739570247021573e-06
8.688140326058847451e-01
-6.624443373535194748e-07
2.174767297840791770e-06
6.642547465128609726e-07
-9.336000163776678045e-13
1.728828189648783576e-12
-6.624443373535194748e-07
5.051649233901900602e-13
-1.657927654918669409e-12
-2.180710768710804457e-06
3.064917406693870597e-12
-5.676466241499866783e-12
2.174767297840791770e-06
-1.657927654918669409e-12
5.443756556644530065e-12
-9.031265937558911883e-02
2.868768946316692563e-07
4.562354628279240465e-08
8.936502739846029220e-02
-2.814068530658067798e-07
-3.243481241537828552e-08
2.868768946316692563e-07
-9.112988141879441173e-13
-1.449190616464025350e-13
-2.838667549443680884e-07
8.939793350037916753e-13
1.030333161869242391e-13
4.562354628279240465e-08
-1.449190616464025350e-13
-2.312039809387961429e-14
-4.514482788752345084e-08
1.421455536670742280e-13
1.634803781016651522e-14
8.936502739846029220e-02
-2.838667549443680884e-07
-4.514482788752345084e-08
-8.842733872684718777e-02
2.784541094350856581e-07
3.209448066534150499e-08
-2.814068530658067798e-07
8.939793350037916753e-13
1.421455536670742280e-13
2.784541094350856581e-07
-8.768819004245642645e-13
-1.010157560195079010e-13
-3.243481241537828552e-08
1.030333161869242391e-13
1.634803781016651522e-14
3.209448066534150499e-08
-1.010157560195079010e-13
-1.154632340285078832e-14
-9.673355241354378298e-02
2.528121771895725458e-07
1.819504713611764230e-08
9.658199970097740283e-02
-3.338002518136523269e-07
-6.457058166216535134e-08
2.528121771895725458e-07
-6.606938663608947847e-13
-4.805630089875272193e-14
-2.524160956866354555e-07
8.723440100699367165e-13
1.687620485396503442e-13
1.834771380278423502e-08
-4.792327822275376109e-14
-3.497202527569243102e-15
-1.831896839101398957e-08
6.327392940547330389e-14
1.221245327087672194e-14
9.658199970097740283e-02
-2.524160956866354555e-07
-1.831896839101398957e-08
-9.643068442644711635e-02
3.332772860801809120e-07
6.446941876099201613e-08
-3.338002518136523269e-07
8.723440100699367165e-13
6.327392940547330389e-14
3.332772860801810179e-07
-1.151856536182944815e-12
-2.227981238174862928e-13
-6.457058166216535134e-08
1.687620485396503442e-13
1.221245327087672194e-14
6.446941876099201613e-08
-2.227981238174862928e-13
-4.310440893107170268e-14
-1.111123354821706155e-01
4.045093825587761428e-07
3.105504617738999799e-07
1.104476502526112736e-01
-3.874297314313093349e-07
-4.996165511182999488e-08
4.045093825587761428e-07
-1.472461041984729491e-12
-1.130571056558384183e-12
-4.020895664952038199e-07
1.410441208271606683e-12
1.819630227826562305e-13
3.105504617738999799e-07
-1.130571056558384183e-12
-8.678336085108770815e-13
-3.086927175002447440e-07
1.082915749043645890e-12
1.396522048608653495e-13
1.104476502526112736e-01
-4.020895664952038199e-07
-3.086927175002447440e-07
-1.097869412373264769e-01
3.851120875888978953e-07
4.966277943747110828e-08
-3.874297314313093349e-07
1.410441208271606683e-12
1.082915749043645890e-12
3.851120875888978953e-07
-1.350815292955331870e-12
-1.741673959951593913e-13
-4.996165511182999488e-08
1.819630227826562305e-13
1.396522048608653495e-13
4.966277943747110828e-08
-1.741673959951593913e-13
-2.232938715407629936e-14
-1.077561920358597741e-01
4.412145118816784710e-07
3.169884783040600717e-07
1.073892350394404088e-01
-4.048128813122603951e-07
-6.357202871574808550e-08
4.410335118816785570e-07
-1.805110054994068413e-12
-1.297389612049569225e-12
-4.395315997590407783e-07
1.656840173073412077e-12
2.601877722433271601e-13
3.169884783040600717e-07
-1.297389612049569225e-12
-9.325251998639165932e-13
-3.159089937964833191e-07
1.190872915428489796e-12
1.869894986107359320e-13
1.073892350394404088e-01
-4.395315997590407783e-07
-3.159089937964833191e-07
-1.070235276922030798e-01
4.034343162666725932e-07
6.335553813387974460e-08
-4.048128813122603951e-07
1.656840173073412077e-12
1.190872915428489796e-12
4.034343162666725932e-07
-1.520804165043195997e-12
-2.388214041892969923e-13
-6.357202871574808550e-08
2.601877722433271601e-13
1.869894986107359320e-13
6.335553813387974460e-08
-2.388214041892969923e-13
-3.751396248161439027e-14
3.090418608055600092e-01
-1.090217182332064470e-06
-7.930091331381002087e-07
-3.069460301556518056e-01
1.099407775757636612e-06
8.734074833582290919e-07
-1.090217182332064470e-06
3.845967768701169428e-12
2.797851034715916885e-12
1.082823651217712839e-06
-3.878400110013120038e-12
-3.081482049513150778e-12
-7.930091331381002087e-07
2.797851034715916885e-12
2.034860127619886327e-12
7.876311793471296739e-07
-2.821437097914938274e-12
-2.241156912830000181e-12
-3.069460301556518056e-01
1.082823651217712839e-06
7.876311793471296739e-07
3.048644128103801254e-01
-1.091951916842285059e-06
-8.674842916950975085e-07
1.099407775757636612e-06
-3.878400110013120038e-12
-2.821437097914938274e-12
-1.091951916842285059e-06
3.911099596134581703e-12
3.107460331465834523e-12
8.734074833582290919e-07
-3.081482049513150778e-12
-2.241156912830000181e-12
-8.674842916950975085e-07
3.107460331465834523e-12
2.468379667330822258e-12
-2.736313206977866730e-02
9.243473489936270372e-08
6.882610330014411325e-08
2.737988245168463883e-02
-9.693890943256407538e-08
-7.180554017818170537e-08
9.243473489936270372e-08
-3.122625369504028792e-13
-2.324986184948247565e-13
-9.249131895127349990e-08
3.274273706520315355e-13
2.425829606912807899e-13
6.882610330014411325e-08
-2.324986184948247565e-13
-1.731323417963892553e-13
-6.886823530142388445e-08
2.438694554096835927e-13
1.806402250004168764e-13
2.737988245168463883e-02
-9.249131895127349990e-08
-6.886823530142388445e-08
-2.739664308736190074e-02
9.699825072622816835e-08
7.184949604616715655e-08
-9.693890943256407538e-08
3.274273706520315355e-13
2.438694554096835927e-13
9.699825072622816835e-08
-3.434526283465486627e-13
-2.543795648930142487e-13
-7.180554017818170537e-08
2.425829606912807899e-13
1.806402250004168764e-13
7.184949604616715655e-08
-2.543795648930142487e-13
-1.884464806423125083e-13
-3.569635177945053306e-02
1.095555523693993877e-07
9.983503782334820752e-08
3.567539566732058631e-02
-1.110217407463519208e-07
-1.733044711032450999e-08
1.095555523693993877e-07
-3.362345304170409499e-13
-3.064053939158146451e-13
-1.094912360321187283e-07
3.407482809792052351e-13
5.322991191676710370e-14
9.983503782334820752e-08
-3.064053939158146451e-13
-2.792280295871307771e-13
-9.977642807353166833e-08
3.105568084260317011e-13
4.850286838831152636e-14
3.567539566732058631e-02
-1.094912360321187283e-07
-9.977642807353166833e-08
-3.565445185781027787e-02
1.109565636637507093e-07
1.732027299518924652e-08
-1.110217407463519208e-07
3.407482809792052351e-13
3.105568084260317011e-13
1.109565636637507093e-07
-3.452724398825611708e-13
-5.388372175465167960e-14
-1.733044711032450999e-08
5.322991191676710370e-14
4.850286838831152636e-14
1.732027299518924652e-08
-5.388372175465167960e-14
-8.437694987151189707e-15
-3.608465289923947633e-02
9.608222512584559935e-08
8.689606266392909317e-08
3.603697412076582729e-02
-9.967164009452862393e-08
-1.668790717998154805e-08
9.608222512584559935e-08
-2.558335570949911627e-13
-2.313592035226341418e-13
-9.595527134370730051e-08
2.653849446894739173e-13
4.443955360524842672e-14
8.689606266392909317e-08
-2.313592035226341418e-13
-2.092354067784185645e-13
-8.678124659157067604e-08
2.400594841360695002e-13
4.015884846886308424e-14
3.603697412076582729e-02
-9.595527134370730051e-08
-8.678124659157067604e-08
-3.598935834042955167e-02
9.953994360967727715e-08
1.666585738957525385e-08
-9.967164009452862393e-08
2.653849446894739173e-13
2.400594841360695002e-13
9.953994360967727715e-08
-2.752936853222269535e-13
-4.607847154999735260e-14
-1.668790717998154805e-08
4.443955360524842672e-14
4.015884846886308424e-14
1.666585738957525385e-08
-4.607847154999735260e-14
-7.698702786385069885e-15
-2.809067115436643738e-02
4.438858065254955011e-08
3.235369633945290263e-08
2.785296093821843996e-02
-4.839603290181620833e-08
-4.090637154343557834e-09
4.438858065254955011e-08
-7.014252534434824661e-14
-5.112093539309264833e-14
-4.401295349986988963e-08
7.646236282008699929e-14
6.464134892807407942e-15
3.235369633945290263e-08
-5.112093539309264833e-14
-3.726147669577581983e-14
-3.207991134842296768e-08
5.575189150628684842e-14
4.711197510745524210e-15
2.785296093821843996e-02
-4.401295349986988963e-08
-3.207991134842296768e-08
-2.761726228479004924e-02
4.798649368014591555e-08
4.056021169669599931e-09
-4.839603290181620833e-08
7.646236282008699929e-14
5.575189150628684842e-14
4.798649368014591555e-08
-8.338403060230738076e-14
-7.042107178731312945e-15
-4.090637154343557834e-09
6.464134892807407942e-15
4.711197510745524210e-15
4.056021169669599931e-09
-7.042107178731312945e-15
-5.982511849556316939e-16
2.996383815856719091e-01
-1.130574212803776746e-06
-8.765628811637138174e-07
-2.996383815764581682e-01
1.089465711926673242e-06
8.074822296524952220e-07
-1.130574212803776746e-06
4.265735044944322509e-12
3.307497732768436120e-12
1.130574212644108918e-06
-4.110651338534207626e-12
-3.046845806251727759e-12
-8.765628811637138174e-07
3.307497732768436120e-12
2.564289058870627969e-12
8.765628811368751549e-07
-3.187243856099734304e-12
-2.362190304472377989e-12
-2.996383815764581682e-01
1.130574212644108918e-06
8.765628811368751549e-07
2.996383815672444273e-01
-1.089465711887129509e-06
-8.074822296277802829e-07
1.089465711926673242e-06
-4.110651338534207626e-12
-3.187243856099734304e-12
-1.089465711887129509e-06
3.961193943415324321e-12
2.936071417640885539e-12
8.074822296524952220e-07
-3.046845806251727759e-12
-2.362190304472377989e-12
-8.074822296277802829e-07
2.936071417640885539e-12
2.176026719924450958e-12
3.740657847151745985e-02
-2.702794190506461834e-07
-4.534948876854702658e-07
-3.740657846481710430e-02
2.338493716101000319e-07
3.676529956411769933e-07
-2.702794190506461834e-07
1.952944748059483026e-12
3.276662158999905530e-12
2.702794190128162626e-07
-1.689627602098723184e-12
-2.656475349568452188e-12
-4.534948876854702658e-07
3.276662158999905530e-12
5.497859112413294724e-12
4.534948876042395944e-07
-2.835054488836005223e-12
-4.457247071432135499e-12
-3.740657846481710430e-02
2.702794190128162626e-07
4.534948876042395944e-07
3.740657845811679039e-02
-2.338493715735269492e-07
-3.676529955753225110e-07
2.338493716101000319e-07
-1.689627602098723184e-12
-2.835054488836005223e-12
-2.338493715735269492e-07
1.461997187481812955e-12
2.298348044781445835e-12
3.676529956411769933e-07
-2.656475349568452188e-12
-4.457247071432135499e-12
-3.676529955753225110e-07
2.298348044781445835e-12
3.613456756035304807e-12
-3.373582744859871668e-02
1.133342463892575841e-07
1.058522386412978594e-07
3.416355335264516235e-02
-1.160928308806916259e-07
-7.569589270746139630e-09
1.133342463892575841e-07
-3.807475168482454819e-13
-3.555744493027857110e-13
-1.147711755126956513e-07
3.900248179977694463e-13
2.545619009864766598e-14
1.058522386412978594e-07
-3.555744493027857110e-13
-3.321232984806409103e-13
-1.071943057519136171e-07
3.643115776437833285e-13
2.378313834557518970e-14
3.416355335264516235e-02
-1.147711755126956513e-07
-1.071943057519136171e-07
-3.459670225837359336e-02
1.175647352341106149e-07
7.665561702992502749e-09
-1.160928308806916259e-07
3.900248179977694463e-13
3.643115776437833285e-13
1.175647352341106149e-07
-3.994755914948910913e-13
-2.600431899152660034e-14
-7.569589270746139630e-09
2.545619009864766598e-14
2.378313834557518970e-14
7.665561702992502749e-09
-2.600431899152660034e-14
-1.696637892435635142e-15
-3.390816839885135020e-02
4.790876018774917923e-08
4.477003597815688122e-08
3.371624637005428415e-02
-4.304733819088535659e-08
-1.095760874456658947e-08
4.790876018774917923e-08
-6.771284010419564116e-14
-6.324431524043463379e-14
-4.763759405923000548e-08
6.082838548746404884e-14
1.548531435597447118e-14
4.477003597815688122e-08
-6.324431524043463379e-14
-5.912060548338128787e-14
-4.451663520365438836e-08
5.685742794515804217e-14
1.446463045449597077e-14
3.371624637005428415e-02
-4.763759405923000548e-08
-4.451663520365438836e-08
-3.352541063010378020e-02
4.280368798557038724e-08
1.089558809879459087e-08
-4.304733819088535659e-08
6.082838548746404884e-14
5.685742794515804217e-14
4.280368798557038724e-08
-5.465058368601772917e-14
-1.389863079967829922e-14
-1.095760874456658947e-08
1.548531435597447118e-14
1.446463045449597077e-14
1.089558809879459087e-08
-1.389863079967829922e-14
-3.543480991153853794e-15
-2.425545055101496761e-02
3.761970673313001242e-08
2.872257181630820426e-08
2.415448019842036595e-02
-3.905485401889193278e-08
-6.455544157247840384e-09
3.761970673313001242e-08
-5.834805406520197485e-14
-4.454224421329739146e-14
-3.746310377785260242e-08
6.057512481160834659e-14
1.002063369975541586e-14
2.872257181630820426e-08
-4.454224421329739146e-14
-3.402205339903666130e-14
-2.860300577495074424e-08
4.625539692493912632e-14
7.644691693541896000e-15
2.415448019842036595e-02
-3.746310377785260242e-08
-2.860300577495074424e-08
-2.405393016422311889e-02
3.889227685677879957e-08
6.428671081096610444e-09
-3.905485401889193278e-08
6.057512481160834659e-14
4.625539692493912632e-14
3.889227685677879957e-08
-6.288955235598314165e-14
-1.039136103117209260e-14
-6.455544157247840384e-09
1.002063369975541586e-14
7.644691693541896000e-15
6.428671081096610444e-09
-1.039136103117209260e-14
-1.709506489217581215e-15
7.618837258318941763e-02
-2.404437116924571796e-07
-1.725557519110887519e-07
-7.618837256841884398e-02
2.344658846767846513e-07
1.609785116317648455e-07
-2.404437116924571796e-07
7.588096817556788665e-13
5.474419332311416342e-13
2.404437116124580941e-07
-7.399636459126668342e-13
-5.108898214775086714e-13
-1.725557519110887519e-07
5.474419332311416342e-13
3.908053610059896618e-13
1.725557518776359798e-07
-5.339068439118492056e-13
-3.645902194891228233e-13
-7.618837256841884398e-02
2.404437116124580941e-07
1.725557518776359798e-07
7.618837255364820094e-02
-2.344658846266535092e-07
-1.609785116005565254e-07
2.344658846767846513e-07
-7.399636459126668342e-13
-5.339068439118492056e-13
-2.344658846266535092e-07
7.216033326429283079e-13
4.982638688471512635e-13
1.609785116317648455e-07
-5.108898214775086714e-13
-3.645902194891228233e-13
-1.609785116005565254e-07
4.982638688471512635e-13
3.401583737040939972e-13
7.693966274876291866e-02
-2.588869111754949320e-07
-1.916401190290886424e-07
-7.693966273029251290e-02
2.570317913924838908e-07
1.875302967172423277e-07
-2.588869111754949320e-07
8.710740462269939144e-13
6.418352065217085141e-13
2.588869110576999129e-07
-8.648567972890930378e-13
-6.279654171210590084e-13
-1.916401190290886424e-07
6.418352065217085141e-13
4.771944102319836817e-13
1.916401189830852242e-07
-6.371927090214857891e-13
-4.670289299253807846e-13
-7.693966273029251290e-02
2.588869110576999129e-07
1.916401189830852242e-07
7.693966271182205163e-02
-2.570317913129041396e-07
-1.875302966722201708e-07
2.570317913924838908e-07
-8.648567972890930378e-13
-6.371927090214857891e-13
-2.570317913129041396e-07
8.586326094572882539e-13
6.234456047400474474e-13
1.875302967172423277e-07
-6.279654171210590084e-13
-4.670289299253807846e-13
-1.875302966722201708e-07
6.234456047400474474e-13
4.570785553277271220e-13
-1.747518491686875924e-02
6.305104488105001612e-08
5.053020881594338706e-08
1.817724205156919653e-02
-6.862092649406634981e-08
-5.010464178385078015e-08
6.305104488105001612e-08
-2.274673505109348071e-13
-1.822478040542495706e-13
-6.558409022786073920e-08
2.475797344914099085e-13
1.808077619145631586e-13
5.053020881594338706e-08
-1.822478040542495706e-13
-1.461198406600758066e-13
-5.256023561027608243e-08
1.984149752025269778e-13
1.449159343958500387e-13
1.817724205156919653e-02
-6.558409022786073920e-08
-5.256023561027608243e-08
-1.890750399341363866e-02
7.137773915061942365e-08
5.211757162769942625e-08
-6.862092649406634981e-08
2.475797344914099085e-13
1.984149752025269778e-13
7.137773915061942365e-08
-2.694927614399489357e-13
-1.966993555084729624e-13
-5.010464178385078015e-08
1.808077619145631586e-13
1.449159343958500387e-13
5.211757162769942625e-08
-1.966993555084729624e-13
-1.436044753850831424e-13
-3.358113869106670729e-02
5.586121809876722769e-08
4.639506077730703350e-08
3.348261907807392052e-02
-5.296246716741767140e-08
-1.697039934675590997e-08
5.586121809876722769e-08
-9.294655505582640466e-14
-7.715621922142194881e-14
-5.569733367704542818e-08
8.812128377583595049e-14
2.823497674032764246e-14
4.639506077730703350e-08
-7.715621922142194881e-14
-6.409462301980415940e-14
-4.625894795890023505e-08
7.319705960869967710e-14
2.345213587146624556e-14
3.348261907807392052e-02
-5.569733367704542818e-08
-4.625894795890023505e-08
-3.338438849977514583e-02
5.280708704002299720e-08
1.692061195891999577e-08
-5.296246716741767140e-08
8.812128377583595049e-14
7.319705960869967710e-14
5.280708704002299720e-08
-8.350794955209092999e-14
-2.674584703468441804e-14
-1.697039934675590997e-08
2.823497674032764246e-14
2.345213587146624556e-14
1.692061195891999577e-08
-2.674584703468441804e-14
-8.574027916088059865e-15
-2.170654179751840829e-02
4.390983454978504569e-08
6.172219060756461264e-08
2.165994696672864789e-02
-4.405041479555521505e-08
-1.489804487809332739e-08
4.390983454978504569e-08
-8.883037957052260902e-14
-1.248501788306390029e-13
-4.381557856721878078e-08
8.911337968726674266e-14
3.014318920259733871e-14
6.172219060756461264e-08
-1.248501788306390029e-13
-1.754927697184353088e-13
-6.158969898096320345e-08
1.252628996858388545e-13
4.237170135736109931e-14
2.165994696672864789e-02
-4.381557856721878078e-08
-6.158969898096320345e-08
-2.161345215547571738e-02
4.395585705112776639e-08
1.486606503119075060e-08
-4.405041479555521505e-08
8.911337968726674266e-14
1.252628996858388545e-13
4.395585705112776639e-08
-8.939404669082256122e-14
-3.022658498927501679e-14
-1.489804487809332739e-08
3.014318920259733871e-14
4.237170135736109931e-14
1.486606503119075060e-08
-3.022658498927501679e-14
-1.021589802452668244e-14
2.933559160696000423e-01
-1.073481072890032706e-06
-8.111257106730224560e-07
-2.965776025003473704e-01
1.117844796785060407e-06
8.572791623216094518e-07
-1.073481072890032706e-06
3.928178962664397034e-12
2.968360891936266351e-12
1.085270231309010663e-06
-4.090498773035022850e-12
-3.137241438359071587e-12
-8.111257106730224560e-07
2.968360891936266351e-12
2.242750394655272375e-12
8.200336363447434940e-07
-3.091029645091126348e-12
-2.370361808057053639e-12
-2.965776025003473704e-01
1.085270231309010663e-06
8.200336363447434940e-07
2.998346700599195946e-01
-1.130121165565635475e-06
-8.666939533427660500e-07
1.117844796785060407e-06
-4.090498773035022850e-12
-3.091029645091126348e-12
-1.130121165565635475e-06
4.259554514662866609e-12
3.266891699507327712e-12
8.572791623216094518e-07
-3.137241438359071587e-12
-2.370361808057053639e-12
-8.666939533427660500e-07
3.266891699507327712e-12
2.505243446545642375e-12
-3.699997042388782770e-02
1.092922488721263743e-07
8.621528468897423616e-08
3.698873330253905217e-02
-1.060673517605195651e-07
-5.276994169731813320e-09
1.092922488721263743e-07
-3.228181610914759858e-13
-2.546413694753388423e-13
-1.092590561406266901e-07
3.132910597614113613e-13
1.559178256871164404e-14
8.621528468897423616e-08
-2.546413694753388423e-13
-2.008880152282717340e-13
-8.618910057035872459e-08
2.471734400106058576e-13
1.228540916251421363e-14
3.698873330253905217e-02
-1.092590561406266901e-07
-8.618910057035872459e-08
-3.697749959397415159e-02
1.060351384473642434e-07
5.275391513702710048e-09
-1.060673517605195651e-07
3.132910597614113613e-13
2.471734400106058576e-13
1.060351384473642434e-07
-3.040727392100706084e-13
-1.512291870448841449e-14
-5.276994169731813320e-09
1.559178256871164404e-14
1.228540916251421363e-14
5.275391513702710048e-09
-1.512291870448841449e-14
-7.494977376476487921e-16
-3.436602072557073950e-02
5.418225815588024544e-08
4.973454118234070737e-08
3.407969940190108682e-02
-4.890655102402968441e-08
-2.128303173386409061e-08
5.418225815588024544e-08
-8.540867163113689371e-14
-7.841040799343651911e-14
-5.373083737753430160e-08
7.710505950367372714e-14
3.356535613233625642e-14
4.973454118234070737e-08
-7.841040799343651911e-14
-7.199527898492421852e-14
-4.932017666288883563e-08
7.078310998497330824e-14
3.079501266088438620e-14
3.407969940190108682e-02
-5.373083737753430160e-08
-4.932017666288883563e-08
-3.379576357118810326e-02
4.849908492102063002e-08
2.110571164590817120e-08
-4.890655102402968441e-08
7.710505950367372714e-14
7.078310998497330824e-14
4.849908492102063002e-08
-6.961222034028634437e-14
-3.028360059453586971e-14
-2.128303173386409061e-08
3.356535613233625642e-14
3.079501266088438620e-14
2.110571164590817120e-08
-3.028360059453586971e-14
-1.318188448632902662e-14
-3.131304078143303665e-02
1.993279727087613906e-08
1.685098114039918885e-08
3.112330565981559494e-02
-1.745344178606612213e-08
-6.311560861612765801e-09
1.993279727087613906e-08
-1.268015245144974837e-14
-1.072337748744096045e-14
-1.981201845513845498e-08
1.111380991230885688e-14
4.027841512046799128e-15
1.685098114039918885e-08
-1.072337748744096045e-14
-9.090839371379201155e-15
-1.674887598305079807e-08
9.397002472738074474e-15
3.390902795036285460e-15
3.112330565981559494e-02
-1.981201845513845498e-08
-1.674887598305079807e-08
-3.093472020030306815e-02
1.734768613977334699e-08
6.273317218140498839e-09
-1.745344178606612213e-08
1.111380991230885688e-14
9.397002472738074474e-15
1.734768613977334699e-08
-9.735895979507437055e-15
-3.515053473461940892e-15
-6.311560861612765801e-09
4.027841512046799128e-15
3.390902795036285460e-15
6.273317218140498839e-09
-3.515053473461940892e-15
-1.276572238993205763e-15
-2.414007398744024563e-02
3.059072566832895437e-08
1.957007261142043524e-08
2.409204722422468581e-02
-3.275545980711091651e-08
2.682962407244131354e-09
3.059072566832895437e-08
-3.877586691731915332e-14
-2.478559082185052525e-14
-3.052986530129744386e-08
4.151180616390043859e-14
-3.391656164495652306e-15
1.957007261142043524e-08
-2.478559082185052525e-14
-1.585686488732678012e-14
-1.953113788222632777e-08
2.655975943305451045e-14
-2.164837536386938502e-15
2.409204722422468581e-02
-3.052986530129744386e-08
-1.953113788222632777e-08
-2.404411601042569582e-02
3.269029270619125752e-08
-2.677624643974630651e-09
-3.275545980711091651e-08
4.151180616390043859e-14
2.655975943305451045e-14
3.269029270619125752e-08
-4.445255141289752618e-14
3.645507610081342588e-15
2.682962407244131354e-09
-3.391656164495652306e-15
-2.164837536386938502e-15
-2.677624643974630651e-09
3.645507610081342588e-15
-2.813927319481645062e-16
4.257864787168833681e-02
-4.573258759216924412e-08
-1.322324322468495094e-07
-4.314811744832757617e-02
2.546026387614975657e-08
7.545650782187678041e-08
-4.573258759216924412e-08
4.914818514587699412e-14
1.418144642323996673e-13
4.634423963607237198e-08
-2.730454713258491855e-14
-8.089635244194793889e-14
-1.322324322468495094e-07
1.418144642323996673e-13
4.107408857478844766e-13
1.340009794171712041e-07
-7.892137234295836284e-14
-2.343750193922744529e-13
-4.314811744832757617e-02
4.634423963607237198e-08
1.340009794171712041e-07
4.372520341522175003e-02
-2.580078304361916023e-08
-7.646570345658759050e-08
2.546026387614975657e-08
-2.730454713258491855e-14
-7.892137234295836284e-14
-2.580078304361916023e-08
1.520311616034029400e-14
4.491938929871860485e-14
7.545650782187678041e-08
-8.089635244194793889e-14
-2.343750193922744529e-13
-7.646570345658759050e-08
4.491938929871860485e-14
1.337263633161001053e-13
-3.433741976080195019e-02
9.932275700133034534e-08
8.525462738203017793e-08
3.432424125016519945e-02
-9.670809558745584457e-08
-5.772105424444590844e-09
9.932275700133034534e-08
-2.872979631973748837e-13
-2.465705373188415245e-13
-9.928463747572983319e-08
2.797623244177316337e-13
1.673637458795188772e-14
8.525462738203017793e-08
-2.465705373188415245e-13
-2.116675145429095508e-13
-8.522190713043197033e-08
2.401499601663614487e-13
1.437741285873630768e-14
3.432424125016519945e-02
-9.928463747572983319e-08
-8.522190713043197033e-08
-3.431106779736759621e-02
9.667097956146037742e-08
5.769890122500785299e-09
-9.670809558745584457e-08
2.797623244177316337e-13
2.401499601663614487e-13
9.667097956146037742e-08
-2.723724024100704355e-13
-1.619974965253459339e-14
-5.772105424444590844e-09
1.673637458795188772e-14
1.437741285873630768e-14
5.769890122500785299e-09
-1.619974965253459339e-14
-9.645302039266603501e-16
-3.419161679548321509e-02
7.490884150641344898e-08
6.268936748824579930e-08
3.418894652461938743e-02
-7.275486354677016809e-08
-4.430910722966006071e-09
7.490884150641344898e-08
-1.640874935926461831e-13
-1.373070297740061077e-13
-7.490299133588521055e-08
1.593933318666529431e-13
9.729189881535515241e-15
6.268936748824579930e-08
-1.373070297740061077e-13
-1.149080846646798389e-13
-6.268447162173860309e-08
1.334373679819290563e-13
8.128915753928961516e-15
3.418894652461938743e-02
-7.490299133588521055e-08
-6.268447162173860309e-08
-3.418627646229646655e-02
7.274918159139266638e-08
4.430564681073413063e-09
-7.275486354677016809e-08
1.593933318666529431e-13
1.334373679819290563e-13
7.274918159139266638e-08
-1.547928452083624506e-13
-9.395375656981836349e-15
-4.430910722966006071e-09
9.729189881535515241e-15
8.128915753928961516e-15
4.430564681073413063e-09
-9.395375656981836349e-15
-5.342963087014822919e-16
-3.409957082828200814e-02
5.709990539193831898e-08
4.703733791445285678e-08
3.410333968723237158e-02
-5.433574045566285708e-08
-2.185645460702956940e-09
5.709990539193831898e-08
-9.561448854888965343e-14
-7.873690785004817151e-14
-5.710621636872754172e-08
9.098104214455560168e-14
3.673979499683601978e-15
4.703733791445285678e-08
-7.873690785004817151e-14
-6.490467979442507878e-14
-4.704253672175791001e-08
7.495911150154837843e-14
3.020154472991828310e-15
3.410333968723237158e-02
-5.710621636872754172e-08
-4.704253672175791001e-08
-3.410710896273640158e-02
5.434174592374435966e-08
2.185887029238050428e-09
-5.433574045566285708e-08
9.098104214455560168e-14
7.495911150154837843e-14
5.434174592374435966e-08
-8.659566119728623335e-14
-3.459158924971829169e-15
-2.185645460702956940e-09
3.673979499683601978e-15
3.020154472991828310e-15
2.185887029238050428e-09
-3.459158924971829169e-15
-1.214315068511403674e-16
-2.805264574950310300e-02
4.690569961016660573e-08
3.730704100519316659e-08
2.784928002109847769e-02
-5.081295417427418176e-08
-5.525745917294463332e-09
4.690569961016660573e-08
-7.842004162355432706e-14
-6.236296709079206001e-14
-4.656565996216543279e-08
8.496557917154216842e-14
9.246752650970003230e-15
3.730704100519316659e-08
-6.236296709079206001e-14
-4.958969947031503836e-14
-3.703658617407641089e-08
6.758970878451991836e-14
7.348247649900073283e-15
2.784928002109847769e-02
-4.656565996216543279e-08
-3.703658617407641089e-08
-2.764738857857264656e-02
5.044458915176416776e-08
5.485687401831407556e-09
-5.081295417427418176e-08
8.496557917154216842e-14
6.758970878451991836e-14
5.044458915176416776e-08
-9.203752233053212247e-14
-9.992546253885503741e-15
-5.525745917294463332e-09
9.246752650970003230e-15
7.348247649900073283e-15
5.485687401831407556e-09
-9.992546253885503741e-15
-1.070328521100971800e-15
-7.978356511076492019e-01
-2.490846345958326324e+00
4.708085282499259172e-01
-2.630958589124338109e-02
7.512084357930830514e-01
-1.260949073165290035e-01
1.083709910614796268e-01
1.886787974359189990e+00
-1.828743160030946724e-01
-2.373893344904658864e+00
7.611939367865102390e+00
-1.136517695751319224e+00
1.428509561076780898e-01
5.268075852518460112e-01
-9.081374192965971370e-02
2.535601123854358985e+00
-5.839321870961509120e+00
9.332806021074129266e-01
4.703559648166697471e-01
-1.116438192709957145e+00
1.675453960729724745e-01
-1.319982300987308267e-02
-1.082682203312387847e-01
1.825894492671548131e-02
-4.304861065960862154e-01
1.008215890553592953e+00
-1.747348709318197468e-01
-2.630958589124338109e-02
1.428509561076780898e-01
-1.319982300987308267e-02
8.734035017459590433e-03
2.745629963229490045e-02
-4.719223669235257310e-03
4.566351973092458438e-02
-3.393736872649835701e-03
-3.704815314360024314e-03
7.512084357930830514e-01
5.268075852518460112e-01
-1.082682203312387847e-01
2.745629963229485881e-02
-3.795489797140836896e-01
6.325085732062916966e-02
-3.200379874406669156e-01
4.177339575120572746e-02
-9.019240226019874240e-02
-1.260949073165290035e-01
-9.081374192965971370e-02
1.825894492671548131e-02
-4.865141441532215213e-03
6.298765917354101629e-02
-1.044353699862829096e-02
5.305310755880546236e-02
-8.911739437844422296e-03
1.560026686003025687e-02
1.083709910614796268e-01
2.535601123854358985e+00
-4.304861065960862154e-01
4.566351973092458438e-02
-3.200379874406669156e-01
5.305310755880546236e-02
3.312289715029550496e-01
-1.821708593109889085e+00
2.243016972406370324e-01
1.886787974359189990e+00
-5.839321870961509120e+00
1.008215890553592953e+00
-3.393736872649835701e-03
4.177339575120572746e-02
-8.911739437844422296e-03
-1.834396928461222931e+00
6.301820200786887760e+00
-1.063448125463958283e+00
-1.828743160030946724e-01
9.332806021074129266e-01
-1.747348709318197468e-01
-3.704815314360024314e-03
-9.019240226019874240e-02
1.560026686003025687e-02
2.198493495860616154e-01
-1.060722952884549430e+00
1.702149452139919972e-01
4.154304805062536965e-01
-2.857101641334118883e-02
-6.292540000207376416e-02
-4.337943754652522910e-01
2.072187027947218832e-02
-7.891749625859071152e-03
-2.317433659466199003e-02
-3.484493283932207919e-02
4.094436929600882985e-02
-2.622868778334114595e-02
2.039949497452071270e-01
-1.130769152819095513e-01
4.138467596310231589e-02
-5.140696420317631549e-03
5.538704274075989531e-03
-5.811197754700540841e-02
-1.695902487746098197e-01
8.949797799612146942e-02
-6.904725287146031010e-02
-1.145330692334114858e-01
1.541211544977422465e-01
2.181279586476295163e-02
1.923763146993792347e-02
-1.614692028456073819e-02
2.647248566333449543e-02
1.093308299888103019e-01
-1.130205751777214745e-01
-4.337943754652522910e-01
4.138467596310231589e-02
2.181279586476295163e-02
4.782460808463736002e-01
-3.341473445709813861e-02
1.705054491501464820e-02
2.723499895438868251e-02
2.300099636476610199e-02
-6.271231868096395490e-03
2.072187027947218832e-02
-5.140696420317631549e-03
1.923763146993792347e-02
-3.370937955776480421e-02
6.840618342496872575e-03
-4.499369026264417315e-03
-3.503887656038187984e-03
2.244675803648127008e-03
-1.432792115890682387e-02
-7.891749625859071152e-03
5.538704274075989531e-03
-1.614692028456073819e-02
1.696699689680784481e-02
-4.558205548358444659e-03
3.162872857162296603e-03
1.422931084628212967e-03
-4.134788377227555101e-03
1.189466517417075986e-02
-2.317433659466199003e-02
-5.811197754700540841e-02
2.647248566333449543e-02
2.723499895438868251e-02
-3.503887656038187984e-03
1.422931084628212967e-03
2.094100915523210149e-02
5.284974281620900827e-02
-2.146556241181501318e-02
-3.484493283932207919e-02
-1.695902487746098197e-01
1.093308299888103019e-01
2.300099636476610199e-02
2.244675803648127008e-03
-4.134788377227555101e-03
5.208245100120900695e-02
1.488690135466965436e-01
-7.636107220903826098e-02
4.094436929600882985e-02
8.949797799612146942e-02
-1.130205751777214745e-01
-6.271231868096395490e-03
-1.432792115890682387e-02
1.189466517417075986e-02
-2.052957753107065991e-02
-8.347410704178456764e-02
8.324711503403338375e-02
4.916612281642899207e-01
7.982540115460744906e-03
2.053251837349067549e-03
-4.581859894482533391e-01
1.683092311850759373e-02
-2.601630671976750200e-02
-3.722410090686669587e-02
-1.692141653527446526e-02
2.177638661019333857e-02
6.402868060460717957e-03
5.628282919968891074e-02
-7.150088275098800961e-02
-3.594622258563902502e-03
-1.230677223426177372e-02
1.819091206511078487e-02
-1.676749514019572514e-03
-3.863394740271301753e-02
5.231996820299802953e-02
6.271326968466823040e-03
-6.883471951662552268e-02
8.485880832923931028e-02
-5.438477445474410553e-03
1.728863939707728573e-02
-2.549212608101827926e-02
-2.261251431413867450e-03
4.580696862637471944e-02
-6.245236293996524191e-02
-4.581859894482533391e-01
-3.594622258563902502e-03
-5.438477445474410553e-03
4.681156188524037698e-01
4.702368999830679359e-03
-5.297364287394961714e-03
-5.559250094113592743e-03
7.436299897964902036e-04
-4.716853707925528980e-03
1.683092311850759373e-02
-1.230677223426177372e-02
1.728863939707728573e-02
4.993392800497345636e-03
1.433048787746219778e-02
-2.089156546607900261e-02
-2.178825887602731451e-02
1.053568333146604006e-03
-3.936005151726296690e-03
-2.601630671976750200e-02
1.819091206511078487e-02
-2.549212608101827926e-02
-5.140301470370037956e-03
-2.061488680278862271e-02
2.966928157070359076e-02
3.113607101624420864e-02
-1.913559220665149788e-03
6.165821134441915215e-03
-3.722410090686669587e-02
-1.676749514019572514e-03
-2.261251431413867450e-03
-5.559250094113592743e-03
-2.178825887602731451e-02
3.113607101624420864e-02
4.223187624389211636e-02
1.468636439137739093e-02
-1.607470066665601938e-02
-1.692141653527446526e-02
-3.863394740271301753e-02
4.580696862637471944e-02
7.436299897964902036e-04
1.053568333146604006e-03
-1.913559220665149788e-03
1.522985383271073002e-02
3.121842648323443561e-02
-3.977692672769896770e-02
2.177638661019333857e-02
5.231996820299802953e-02
-6.245236293996524191e-02
-4.716853707925528980e-03
-3.936005151726296690e-03
6.165821134441915215e-03
-1.586298968275933613e-02
-4.068921028142740565e-02
5.351012640981415297e-02
4.911311715775181219e-01
9.420515621777484500e-03
-1.722075298240459233e-04
-4.664028979776393413e-01
1.450279577030460024e-02
-2.577518857343735065e-02
-3.316465546130325376e-02
-2.061537101648936929e-02
3.061996609843583780e-02
6.335706570444159767e-03
4.974426075789723650e-02
-7.490564084455153537e-02
3.339920271619317444e-03
-7.214711495027076142e-03
1.234454525778090443e-02
-1.261942012324822511e-02
-4.107603894054485255e-02
6.502855412593512574e-02
-1.117290007904777043e-03
-7.466806566954990731e-02
1.122894038906664393e-01
-1.161531713793021413e-02
1.189274826817683650e-02
-2.032313266608241908e-02
1.705669968834621492e-02
6.111523070815805259e-02
-9.711841822358967258e-02
-4.664028979776393413e-01
3.339920271619317444e-03
-1.161531713793021413e-02
4.738669060756837137e-01
9.057067345752738098e-04
-1.085700692779200749e-03
9.241288903091267413e-04
6.042589937603231286e-03
-1.459743544581616065e-02
1.450279577030460024e-02
-7.214711495027076142e-03
1.189274826817683650e-02
1.628795149908608035e-03
1.119765148619465168e-02
-1.868173768878737817e-02
-1.543409987047082016e-02
2.109218895959542178e-03
-7.403179335527289295e-03
-2.577518857343735065e-02
1.234454525778090443e-02
-2.032313266608241908e-02
-9.878787161818976172e-04
-1.868062294478888691e-02
3.117239747206954764e-02
2.561303501896445428e-02
-3.755964742481735907e-03
1.269307453339595104e-02
-3.316465546130325376e-02
-1.261942012324822511e-02
1.705669968834621492e-02
9.241288903091267413e-04
-1.543409987047082016e-02
2.561303501896445428e-02
3.262393428110399451e-02
1.778636357859848804e-02
-2.025416025800972492e-02
-2.061537101648936929e-02
-4.107603894054485255e-02
6.111523070815805259e-02
6.042589937603231286e-03
2.109218895959542178e-03
-3.755964742481735907e-03
1.707411214659849963e-02
3.557199322017301490e-02
-5.433495319286429925e-02
3.061996609843583780e-02
6.502855412593512574e-02
-9.711841822358967258e-02
-1.459743544581616065e-02
-7.403179335527289295e-03
1.269307453339595104e-02
-2.016619996694802089e-02
-5.485922830267972450e-02
8.620851530221697312e-02
-6.542584271527396300e-01
-2.434087161791230969e+00
4.735698027041647107e-01
-3.347437641952055731e-02
7.262665074599763404e-01
-1.224060460726519722e-01
-1.010717691549135600e-01
1.921771360314950661e+00
-1.664667612253877549e-01
-2.415729219182563448e+00
8.084870685377763877e+00
-1.238605351167486379e+00
9.664162111128410393e-02
3.029220001962149578e-01
-5.112213421611073311e-02
2.635169585877895848e+00
-6.861073424247910779e+00
1.123765642873628012e+00
4.721946340184866031e-01
-1.256401451064396380e+00
2.313531732138444652e-01
-2.146501723605223275e-02
-1.225394036303606576e-01
2.243374407417048771e-02
-4.622779159701449481e-01
1.078081898789393867e+00
-1.931286189650758545e-01
-3.347437641952055731e-02
9.664162111128410393e-02
-2.146501723605223275e-02
2.207904013102085505e-03
-2.073182169097256486e-02
-6.127480679892419527e-03
3.450195674387357414e-02
-8.288935369234132211e-02
1.503745777627517322e-02
7.262665074599763404e-01
3.029220001962149578e-01
-1.225394036303606576e-01
9.192542531693746050e-03
-4.658928160313089428e-01
7.191556397218619445e-02
-3.067420912570825720e-01
-1.821113185621084929e-01
-5.562603157041856594e-02
-1.224060460726519722e-01
-5.112213421611073311e-02
2.243374407417048771e-02
-1.829261904142976194e-03
7.778904311218219625e-02
-1.291418735375824724e-02
5.150152827182003651e-02
3.086541554612057259e-02
9.096983566151893921e-03
-1.010717691549135600e-01
2.635169585877895848e+00
-4.622779159701449481e-01
3.450195674387357414e-02
-3.067420912570825720e-01
5.150152827182003651e-02
5.170821465849277931e-01
-2.160535534836227178e+00
2.849012316140389633e-01
1.921771360314950661e+00
-6.861073424247910779e+00
1.078081898789393867e+00
-8.288935369234132211e-02
-1.821113185621084929e-01
3.086541554612057259e-02
-2.172599531830893049e+00
5.810747721949332423e+00
-9.405732013359445753e-01
-1.664667612253877549e-01
1.123765642873628012e+00
-1.931286189650758545e-01
1.503745777627517322e-02
-5.562603157041856594e-02
9.096983566151893921e-03
2.825258123533420651e-01
-9.383130105759407424e-01
1.363777954177025353e-01
3.302047420156805080e-01
-3.614161106536326606e-01
1.731273505623898423e-01
-3.121708534930220380e-01
4.618677774367250383e-02
-1.657964635762453759e-02
-2.694335710831857189e-01
3.259567268596798573e-01
-1.869547377153276957e-01
-5.157811708006332374e-01
1.933413200521519659e+00
-6.360939671956731267e-01
-2.650853633280398497e-03
1.051450529588548663e-02
-4.157711982279353041e-03
6.930795610386796257e-01
-1.247297773548402100e+00
5.875219127629180971e-01
1.791181914658911134e-01
-6.797279212962209494e-01
2.392696465215814750e-01
4.682113255662600365e-03
-4.367390850599745661e-03
4.938490889762614522e-04
-2.427453000478795864e-01
4.387300970655770849e-01
-2.060166769569861112e-01
-3.121708534930220380e-01
-2.650853633280398497e-03
4.682113255662600365e-03
5.083359774105282725e-01
-8.299261695362004920e-02
2.868257764132505633e-02
1.363479402267265828e-01
1.281544753801755129e-02
4.839144069928263264e-02
4.618677774367250383e-02
1.051450529588548663e-02
-4.367390850599745661e-03
-7.965808564462011077e-02
1.256106064056755449e-02
-6.539539348514344583e-03
-1.771361087389729250e-02
-8.565281735701143345e-03
-4.566620261693599483e-03
-1.657964635762453759e-02
-4.157711982279353041e-03
4.938490889762614522e-04
2.808341964016944359e-02
-4.060461137767651038e-03
6.658365987588601466e-03
6.496732458135277832e-03
2.700832828084325302e-03
6.954642463824667505e-04
-2.694335710831857189e-01
6.930795610386796257e-01
-2.427453000478795864e-01
1.363479402267265828e-01
-1.771361087389729250e-02
6.496732458135277832e-03
2.855669726235636752e-01
-6.654312930666865800e-01
2.045224208658539544e-01
3.259567268596798573e-01
-1.247297773548402100e+00
4.387300970655770849e-01
1.281544753801755129e-02
-8.565281735701143345e-03
2.700832828084325302e-03
-4.441721770073534525e-01
8.049779401261387690e-01
-4.504795348528279897e-01
-1.869547377153276957e-01
5.875219127629180971e-01
-2.060166769569861112e-01
4.839144069928263264e-02
-4.566620261693599483e-03
6.954642463824667505e-04
2.238395410714521250e-01
-3.778631928085701697e-01
1.834092139961885359e-01
5.366355945962570928e-01
1.150260314086468116e-01
1.803368590502435129e-02
-4.759713183236866652e-01
2.393498911526549186e-02
-3.135268100275023090e-02
-4.558585449783524729e-02
-2.772639604597125149e-02
3.277895877217104625e-02
-2.022320468630933732e-05
7.083852511963731335e-02
-6.580605236289376048e-02
9.603613277889016045e-03
-1.860085707091804069e-02
2.340966479957087495e-02
4.307295043840243115e-03
-5.096481873992263906e-02
6.244761752293098711e-02
-3.722903503246668272e-02
-8.536344919851533708e-02
1.064650705818422360e-01
1.460019581798666782e-02
1.688185004153906071e-02
-2.126359065798835365e-02
5.108354962703415096e-03
6.673837002060319101e-02
-8.118300419727879358e-02
-4.759713183236866652e-01
9.603613277889016045e-03
1.460019581798666782e-02
4.700696473536066788e-01
2.573905164157353105e-03
-1.360820167591753407e-03
-7.393351670717534727e-03
-5.359598344582208393e-03
4.171755030121324787e-03
2.393498911526549186e-02
-1.860085707091804069e-02
1.688185004153906071e-02
2.524977271490686133e-03
2.075941865168706019e-02
-2.579148812983436331e-02
-3.044993418102764915e-02
-8.499755279564012462e-04
-9.591302587709778314e-04
-3.135268100275023090e-02
2.340966479957087495e-02
-2.126359065798835365e-02
-1.389935984757668334e-03
-2.578825009340103905e-02
3.204302009011963243e-02
3.770259899147016674e-02
7.885234247355256800e-04
1.502712272449240700e-03
-4.558585449783524729e-02
4.307295043840243115e-03
5.108354962703415096e-03
-7.393351670717534727e-03
-3.044993418102764915e-02
3.770259899147016674e-02
5.441310489340427103e-02
2.130842223061499632e-02
-2.642286277324702032e-02
-2.772639604597125149e-02
-5.096481873992263906e-02
6.673837002060319101e-02
-5.359598344582208393e-03
-8.499755279564012462e-04
7.885234247355256800e-04
2.320348757394831082e-02
4.950521120842079487e-02
-5.842890271784855621e-02
3.277895877217104625e-02
6.244761752293098711e-02
-8.118300419727879358e-02
4.171755030121324787e-03
-9.591302587709778314e-04
1.502712272449240700e-03
-2.474167542143655002e-02
-5.888844165644465528e-02
7.024558334606834098e-02
4.920961582583545657e-01
-7.511634671313200014e-03
1.859730593595433287e-02
-4.719146658056841970e-01
1.420360918148057608e-02
-2.467359332872760130e-02
-2.428959322998400228e-02
-4.501577768855761705e-03
5.803847345030963001e-03
-1.097592377297986269e-02
1.970227571622859206e-02
-3.089544158401604998e-02
-2.396923272660348369e-04
-1.061823333878157867e-02
1.803247167298414194e-02
8.370574946173003211e-03
-9.795555251969090618e-03
1.458863183989834306e-02
1.937916132609982314e-02
-3.060175648371872559e-02
4.767100279248533828e-02
-5.124851095653375124e-04
1.738695136560269860e-02
-2.949739465305507152e-02
-1.483086830227989955e-02
1.449236891736426988e-02
-2.189922232807796007e-02
-4.719146658056841970e-01
-2.396923272660348369e-04
-5.124851095653375124e-04
4.732849598903364208e-01
9.113809276693966410e-04
-1.219333339767620034e-03
3.853407639476562406e-04
2.573327063014627623e-03
-6.289575183225237440e-03
1.420360918148057608e-02
-1.061823333878157867e-02
1.738695136560269860e-02
1.228928278002734773e-03
1.153368763390593028e-02
-1.959271824451712732e-02
-1.635635317848327386e-02
6.363337517380349877e-04
-3.027435274042543194e-03
-2.467359332872760130e-02
1.803247167298414194e-02
-2.949739465305507152e-02
-1.200201527156432137e-03
-1.937943261221200530e-02
3.256741640170299212e-02
2.735875926639362229e-02
-1.240639823402402662e-03
5.301587123966977275e-03
-2.428959322998400228e-02
8.370574946173003211e-03
-1.483086830227989955e-02
3.853407639476562406e-04
-1.635635317848327386e-02
2.735875926639362229e-02
2.771657592702573766e-02
4.852635174291700104e-03
-2.116701354339067549e-03
-4.501577768855761705e-03
-9.795555251969090618e-03
1.449236891736426988e-02
2.573327063014627623e-03
6.363337517380349877e-04
-1.240639823402402662e-03
5.321252152625029208e-03
8.603012784700962354e-03
-9.990047376889086075e-03
5.803847345030963001e-03
1.458863183989834306e-02
-2.189922232807796007e-02
-6.289575183225237440e-03
-3.027435274042543194e-03
5.301587123966977275e-03
-3.697677247550313056e-03
-1.116549558220761816e-02
1.492921154803460160e-02
1.441647796359238454e+00
-1.165203764386775642e+00
3.857796374162758002e-01
-1.666331937797194795e+00
1.793122998178849903e-01
-2.225737700030324534e-02
9.423484686568824875e-01
8.888088191763608981e-01
-2.729029144120944661e-01
-1.124434831579775196e+00
2.723309947983188817e+00
-4.227411990983708234e-01
-5.524845417796285796e-01
1.980692750520479661e-01
-2.119669701427627506e-02
3.566406198640219016e-01
-3.679411056001215208e+00
5.880592255028014304e-01
3.932985275969571037e-01
-4.075513627542356465e-01
7.927404840841512090e-02
-7.568651122241150386e-02
-7.818780609015668626e-03
-5.561393375546220402e-05
3.812072569942524802e-02
6.264794814804829359e-01
-9.309029623567635636e-02
-1.666331937797194795e+00
-5.524845417796285796e-01
-7.568651122241150386e-02
1.482208478230423010e+00
-2.758579028121521115e-01
2.299077134649393436e-02
-8.637608757864823072e-01
1.372327306510993383e-01
-7.624216999891531010e-02
1.793122998178849903e-01
1.980692750520479661e-01
-7.818780609015668626e-03
-2.289857824248189289e-01
4.042281745090750555e-02
-2.011977548518236944e-02
1.349949287185002456e-01
-1.836224662694901644e-01
3.683598334928719215e-02
-2.225737700030324534e-02
-2.119669701427627506e-02
-5.561393375546220402e-05
3.199322896558967622e-02
-5.357923184850685652e-03
6.924273865594125343e-04
-1.875117509817358225e-02
2.285551209533184802e-02
-3.837354310380494595e-03
9.423484686568824875e-01
3.566406198640219016e-01
3.812072569942524802e-02
-8.637608757864823072e-01
1.349949287185002456e-01
-1.875117509817358225e-02
5.038233917465223533e-01
-1.425824932101166231e-01
4.936742598056374082e-02
8.888088191763608981e-01
-3.679411056001215208e+00
6.264794814804829359e-01
1.372327306510993383e-01
-1.836224662694901644e-01
2.285551209533184802e-02
-1.341384292357837849e-01
3.921159035406727167e+00
-7.864415378417372038e-01
-2.729029144120944661e-01
5.880592255028014304e-01
-9.309029623567635636e-02
-7.624216999891531010e-02
3.683598334928719215e-02
-3.837354310380494595e-03
5.222343609568051020e-02
-7.872572589372152096e-01
1.278082591503447996e-01
1.368576530514377554e+00
-8.775846529540309859e-01
3.193770940064745156e-01
-1.072780304090183767e+00
1.688211551831971802e-01
-3.337119013104568321e-02
5.815053857438060581e-01
1.082835726918100372e+00
-2.379063770204560557e-01
-8.398444502870308082e-01
3.170034237614517192e+00
-6.179164209909613348e-01
-3.426907651593775195e-01
2.164616406232573453e-01
-3.730362227174505163e-02
3.891038261192966141e-01
-3.594180726648781299e+00
7.538190875816765946e-01
3.230703884926277025e-01
-6.034645294696683315e-01
2.288378303236662248e-01
-5.918391649317451819e-02
2.975955853230898875e-03
1.306194155561336053e-03
1.398958298556459909e-02
7.374373476624948021e-01
-1.887421528567571893e-01
-1.072780304090183767e+00
-3.426907651593775195e-01
-5.918391649317451819e-02
1.237147392964352388e+00
-2.685948416530321570e-01
3.964387797636641231e-02
-7.413901057587671817e-01
2.716785885179198168e-01
-6.081564070391296678e-02
1.688211551831971802e-01
2.164616406232573453e-01
2.975955853230898875e-03
-2.475735922923656407e-01
6.099486698317922728e-02
-1.571506695451858546e-02
1.604245504167986225e-01
-2.150746437867451233e-01
3.868093429609929107e-02
-3.337119013104568321e-02
-3.730362227174505163e-02
1.306194155561336053e-03
4.811261418890177416e-02
-1.103503686712414660e-02
2.072892003699162728e-03
-3.045384349272627772e-02
3.750394629299522165e-02
-7.588773786092630272e-03
5.815053857438060581e-01
3.891038261192966141e-01
1.398958298556459909e-02
-7.413901057587671817e-01
1.604245504167986225e-01
-3.045384349272627772e-02
4.576694930899273817e-01
-3.751804655225419727e-01
7.092555853859680570e-02
1.082835726918100372e+00
-3.594180726648781299e+00
7.374373476624948021e-01
2.716785885179198168e-01
-2.150746437867451233e-01
3.750394629299522165e-02
-3.667364015482088013e-01
4.103183959451962792e+00
-8.736752036345731831e-01
-2.379063770204560557e-01
7.538190875816765946e-01
-1.887421528567571893e-01
-6.081564070391296678e-02
3.868093429609929107e-02
-7.588773786092630272e-03
7.384429395459732315e-02
-8.742258198844625738e-01
1.979901056958645877e-01
3.580889339926912607e-01
9.588695999082937418e-03
7.805355132448589528e-02
-3.998557797933028346e-01
-1.440738710108047105e-02
7.201261062515529679e-03
-2.722736956091604404e-02
5.804779183933971715e-02
-4.541036245004887589e-02
1.103217265341631566e-02
4.702361649082982820e-01
-1.845361601231707560e-01
-4.287835517996878287e-02
-1.522889920722598177e-02
1.167336147265639508e-02
7.901120304181391552e-02
-4.015616844771697225e-01
1.073096533758657045e-01
7.751442513196954431e-02
-1.867759192477941865e-01
1.668328452314887800e-01
-1.176804448132423228e-02
-7.966189797467717118e-03
7.244469116734249779e-03
-7.564101468039649556e-02
1.767794986201255969e-01
-1.142256208544627366e-01
-3.998557797933028346e-01
-4.287835517996878287e-02
-1.176804448132423228e-02
5.013135994465233169e-01
7.802361960546628193e-03
-4.062019930627927197e-05
-6.582987866090164210e-03
-3.703164847415617300e-02
-7.628973311380938226e-03
-1.440738710108047105e-02
-1.522889920722598177e-02
-7.966189797467717118e-03
7.918373175879962755e-03
2.622991398836257287e-03
-2.675490642243569944e-03
4.077867176067218741e-03
1.008691575846611815e-02
7.266961903741870135e-03
7.201261062515529679e-03
1.167336147265639508e-02
7.244469116734249779e-03
-8.090769659385493515e-05
-2.154551952478999527e-03
1.858210494169417956e-03
-3.840082435497209346e-03
-8.406161634492152063e-03
-6.710990327759499240e-03
-2.722736956091604404e-02
7.901120304181391552e-02
-7.564101468039649556e-02
-6.582987866090164210e-03
4.077867176067218741e-03
-3.840082435497209346e-03
3.477164912393559265e-02
-7.370225489167035737e-02
4.945132151965649786e-02
5.804779183933971715e-02
-4.015616844771697225e-01
1.767794986201255969e-01
-3.703164847415617300e-02
1.008691575846611815e-02
-8.406161634492152063e-03
-7.389126669700370187e-02
3.556836029822887935e-01
-1.063781762175937118e-01
-4.541036245004887589e-02
1.073096533758657045e-01
-1.142256208544627366e-01
-7.628973311380938226e-03
7.266961903741870135e-03
-6.710990327759499240e-03
5.277660870499383677e-02
-1.021837096379161341e-01
8.065464911606888554e-02
4.778629794140769049e-01
-1.009051998891115354e-02
2.608409186958330489e-02
-4.718657680374558350e-01
6.271005115778005741e-03
-1.522587900845358277e-02
-5.814789281043101880e-03
4.398779904143968258e-03
-1.066382924957878092e-02
-1.010723808824447525e-02
-7.931306603031587936e-04
1.834289674826662664e-03
4.065741657264525678e-04
-4.191558908041036202e-03
1.023918294133233445e-02
9.634366169800118521e-03
4.960264855139096506e-03
-1.212194560369465358e-02
2.603347489045240715e-02
1.865624641351125174e-03
-4.376058990623351089e-03
-2.124831010630326249e-03
1.036057881458029781e-02
-2.530923969609455773e-02
-2.374552815805820727e-02
-1.216384909766754507e-02
2.972717179935443349e-02
-4.718657680374558350e-01
4.065741657264525678e-04
-2.124831010630326249e-03
4.695151890319592680e-01
-1.391795043482145326e-03
3.220807097722176715e-03
2.097075062965577958e-03
5.641487554613549248e-04
-1.335160487968722236e-03
6.271005115778005741e-03
-4.191558908041036202e-03
1.036057881458029781e-02
-1.388790167815475481e-03
3.627745591743470124e-03
-8.912871325912166340e-03
-4.892835601418103579e-03
6.383757888632195926e-04
-1.500647095328670006e-03
-1.522587900845358277e-02
1.023918294133233445e-02
-2.530923969609455773e-02
3.216991124871937651e-03
-8.899733740172714735e-03
2.183292099105729051e-02
1.203442621108302690e-02
-1.521734984117530803e-03
3.573567272819702743e-03
-5.814789281043101880e-03
9.634366169800118521e-03
-2.374552815805820727e-02
2.097075062965577958e-03
-4.892835601418103579e-03
1.203442621108302690e-02
3.787855528659987443e-03
-4.650626335509599855e-03
1.177564965073070111e-02
4.398779904143968258e-03
4.960264855139096506e-03
-1.216384909766754507e-02
5.641487554613549248e-04
6.383757888632195926e-04
-1.521734984117530803e-03
-4.885161383176267469e-03
-5.647576405371065346e-03
1.372057699095546868e-02
-1.066382924957878092e-02
-1.212194560369465358e-02
2.972717179935443349e-02
-1.335160487968722236e-03
-1.500647095328670006e-03
3.573567272819702743e-03
1.180969789207583949e-02
1.374260747742380578e-02
-3.344000335650678529e-02
-9.130550420501319930e-01
-2.564499917181878086e+00
4.752741322055448747e-01
-5.113499024028057144e-02
7.344696773103958076e-01
-1.229439964497454074e-01
-2.023851270119360335e-02
1.892773072513947108e+00
-1.644541438825576907e-01
-2.638272142209211246e+00
7.145414618455514955e+00
-1.159722067113897914e+00
4.407610971668701749e-02
3.462085250606778963e-01
-5.834115938891486913e-02
2.716203246851805364e+00
-6.645802630586996607e+00
1.091518459455028234e+00
4.807528917117542266e-01
-1.179509151589856142e+00
2.364182990487603830e-01
-3.134377446053595792e-03
-7.391559229774781470e-02
1.125369234467580616e-02
-4.712099495004978267e-01
1.110624124791796730e+00
-1.820574435147610526e-01
-5.113499024028057144e-02
4.407610971668701749e-02
-3.134377446053595792e-03
-1.167928281775032495e-04
2.430882013260067531e-02
-4.256404907177803454e-05
3.496252085690031153e-02
-5.134746571493581380e-02
1.143655359730660903e-02
7.344696773103958076e-01
3.462085250606778963e-01
-7.391559229774781470e-02
1.836632181326740276e-02
-3.768754626305509947e-01
6.435787531763252634e-02
-3.173294851095373459e-01
-6.564004508910900593e-02
-5.576861694854433338e-02
-1.229439964497454074e-01
-5.834115938891486913e-02
1.125369234467580616e-02
-3.171075104224733640e-03
6.302413025962008697e-02
-1.050647112829748535e-02
5.302525345470199963e-02
1.130275589912149541e-02
9.187422140471260268e-03
-2.023851270119360335e-02
2.716203246851805364e+00
-4.712099495004978267e-01
3.496252085690031153e-02
-3.173294851095373459e-01
5.302525345470199963e-02
5.208593712951335997e-01
-2.222362650603442180e+00
2.902364429287322967e-01
1.892773072513947108e+00
-6.645802630586996607e+00
1.110624124791796730e+00
-5.134746571493581380e-02
-6.564004508910900593e-02
1.130275589912149541e-02
-2.234153436403443216e+00
6.014338338533833372e+00
-9.472851396206306562e-01
-1.644541438825576907e-01
1.091518459455028234e+00
-1.820574435147610526e-01
1.143655359730660903e-02
-5.576861694854433338e-02
9.187422140471260268e-03
2.907661343439279511e-01
-9.442653634764474058e-01
1.369255358904394315e-01
5.199825719897835929e-01
7.424008845074396915e-03
2.551780427946832505e-03
-5.077072774062201255e-01
8.286775440390152861e-03
-1.422038118704959872e-02
-2.635730826710308561e-02
-2.097297350176582226e-02
3.576199152455376840e-02
4.174340361407721800e-03
4.549431764007076662e-02
-7.485555623369498368e-02
5.750006255342348174e-03
-5.776549058038580632e-03
9.868124561954912111e-03
-1.458486983520727517e-02
-4.065115078615860744e-02
6.862753491652039128e-02
-8.050129812773883621e-04
-7.515593944427297057e-02
1.242465174062527267e-01
-1.512233764400451076e-02
1.008636192714050181e-02
-1.722204061231748240e-02
2.313121360263204265e-02
6.692691927886144920e-02
-1.129816309683821240e-01
-5.077072774062201255e-01
5.750006255342348174e-03
-1.512233764400451076e-02
5.038483206150471405e-01
-1.723889613136627558e-03
2.581342047125154398e-03
1.060687231418661058e-02
1.126021532455887160e-02
-1.934521032770316826e-02
8.286775440390152861e-03
-5.776549058038580632e-03
1.008636192714050181e-02
-1.449079432136627949e-03
1.129295283614422177e-02
-1.881398860911277435e-02
-1.440361941199437036e-02
4.252997112064079918e-03
-7.158277938013229806e-03
-1.422038118704959872e-02
9.868124561954912111e-03
-1.722204061231748240e-02
2.705477048700463336e-03
-1.907250001642465248e-02
3.221167666913326427e-02
2.427368210172672902e-02
-7.276348230488039436e-03
1.224726460346711558e-02
-2.635730826710308561e-02
-1.458486983520727517e-02
2.313121360263204265e-02
1.060687231418661058e-02
-1.440361941199437036e-02
2.427368210172672902e-02
2.995556451388692656e-02
1.529530450686736147e-02
-2.483070686667758833e-02
-2.097297350176582226e-02
-4.065115078615860744e-02
6.692691927886144920e-02
1.126021532455887160e-02
4.252997112064079918e-03
-7.276348230488039436e-03
1.479928889853402395e-02
3.693223687287036650e-02
-6.222955363248687533e-02
3.576199152455376840e-02
6.862753491652039128e-02
-1.129816309683821240e-01
-1.934521032770316826e-02
-7.158277938013229806e-03
1.224726460346711558e-02
-2.502513252832864674e-02
-6.236195553973405276e-02
1.053015875842167465e-01
4.928566934226868423e-01
2.677019650700898645e-02
-4.082421803864220988e-02
-4.690713696598872717e-01
5.222234051061590797e-03
-9.789956948896848948e-03
1.359817145113080897e-02
-5.461467939879452449e-02
1.037962621370555200e-01
2.340361102400897314e-02
9.783547918652484021e-02
-1.644719263612204885e-01
1.368211050981985900e-02
-4.248554898456335244e-03
8.059980456121461356e-03
-4.969995245609138551e-02
-8.354595543789633538e-02
1.586014400635737676e-01
-4.168258568789343088e-02
-1.629829706101518783e-01
3.141276165050111424e-01
-2.748253038153351813e-02
7.887251411047400615e-03
-1.496367904338841842e-02
9.264226675578646208e-02
1.557318571446827948e-01
-2.956712902502098839e-01
-4.690713696598872717e-01
1.368211050981985900e-02
-2.748253038153351813e-02
4.610518942531472986e-01
-6.797865319465780376e-03
1.263482458374240447e-02
-3.336951635985002662e-02
1.908114002600863959e-02
-3.633101748832749667e-02
5.222234051061590797e-03
-4.248554898456335244e-03
7.887251411047400615e-03
-6.786438985465783301e-03
2.810964613911109663e-04
-4.434121420207467958e-04
2.682489399769999363e-03
3.508865166710871571e-03
-6.660298270588642898e-03
-9.789956948896848948e-03
8.059980456121461356e-03
-1.496367904338841842e-02
1.276102137371404495e-02
-5.317714095478527723e-04
1.006012332923133645e-03
-5.082858990802869431e-03
-6.665051327988963208e-03
1.265119454366803349e-02
1.359817145113080897e-02
-4.969995245609138551e-02
9.264226675578646208e-02
-3.336951635985002662e-02
2.682489399769999363e-03
-5.082858990802869431e-03
2.892251867146441655e-02
4.464169489528937995e-02
-8.403725011741844386e-02
-5.461467939879452449e-02
-8.354595543789633538e-02
1.557318571446827948e-01
1.908114002600863959e-02
3.508865166710871571e-03
-6.665051327988963208e-03
4.446598097528937921e-02
8.008889789802954573e-02
-1.523421538392122077e-01
1.037962621370555200e-01
1.586014400635737676e-01
-2.956712902502098839e-01
-3.633101748832749667e-02
-6.660298270588642898e-03
1.265119454366803349e-02
-8.441474492678929797e-02
-1.520598058342307601e-01
2.887065381472772030e-01
4.803798765439921681e-01
-1.176979813070657375e-02
2.790803515629656714e-02
-4.719276113374519244e-01
7.518933168704531461e-03
-1.781297140114232458e-02
-8.768688359022181952e-03
4.186424336504466874e-03
-9.674423778597791845e-03
-1.176979813070657375e-02
-1.575223555158012062e-04
4.309340718032089452e-04
7.452107465101524700e-04
-5.105722228071840098e-03
1.183774387529790140e-02
1.108297392194092061e-02
5.321403783543995902e-03
-1.236365730158971339e-02
2.795427846160973909e-02
3.577961691984892184e-04
-8.115994500201778941e-04
-2.195880219296765957e-03
1.193234794302884191e-02
-2.766582508079198921e-02
-2.589507619235451030e-02
-1.242607054506480319e-02
2.887055508643162835e-02
-4.719276113374519244e-01
7.452107465101524700e-04
-2.195880219296765957e-03
4.694543051459723060e-01
-1.356729275196598460e-03
3.180742669414568340e-03
2.744584149643067034e-03
6.489534855002369830e-04
-1.449536165166121415e-03
7.518933168704531461e-03
-5.105722228071840098e-03
1.193234794302884191e-02
-1.169748728196596090e-03
4.615105322230275871e-03
-1.066517825120448515e-02
-6.388990474418061033e-03
5.468083812132467064e-04
-1.218742050262810279e-03
-1.781297140114232458e-02
1.183774387529790140e-02
-2.766582508079198921e-02
3.208846985063982648e-03
-1.064544680656349766e-02
2.455526296278982140e-02
1.469607292869775511e-02
-1.322922899996636925e-03
2.953868892729710153e-03
-8.768688359022181952e-03
1.108297392194092061e-02
-2.589507619235451030e-02
2.744584149643067034e-03
-6.388990474418061033e-03
1.469607292869775511e-02
6.069701161903195107e-03
-4.787091807891229005e-03
1.118069059955137216e-02
4.186424336504466874e-03
5.321403783543995902e-03
-1.242607054506480319e-02
6.489534855002369830e-04
5.468083812132467064e-04
-1.322922899996636925e-03
-4.854614491557896969e-03
-5.984262188377794875e-03
1.384006738896945837e-02
-9.674423778597791845e-03
-1.236365730158971339e-02
2.887055508643162835e-02
-1.449536165166121415e-03
-1.218742050262810279e-03
2.953868892729710153e-03
1.116810328845374740e-02
1.385150400943939084e-02
-3.206097596399588856e-02
3.384976113247871177e-01
1.944700972886075465e-03
6.805824072321253748e-02
-3.939872234849993715e-01
-1.287215374444804564e-02
5.081934119684973494e-03
-2.619453133621944124e-02
6.071699815609030160e-02
-4.130863718881969127e-02
4.698960833219387005e-03
4.623082555481264899e-01
-1.927670291192349616e-01
-3.505616545817739210e-02
-1.640824750160310361e-02
1.278325243303215890e-02
7.300222278765915174e-02
-3.969493905638604159e-01
1.063631917206984828e-01
6.577872553817484813e-02
-1.845231938327886179e-01
1.728690284160409041e-01
-5.805221735278129347e-03
-1.476049764077398685e-03
2.761208731494305471e-03
-6.765487705263985296e-02
1.852022606762497026e-01
-1.118925103645272007e-01
-3.939872234849993715e-01
-3.505616545817739210e-02
-5.805221735278129347e-03
5.009323691031511983e-01
1.193454486058299902e-02
-1.853628743337498719e-03
3.024930908925263506e-03
-3.571028823456796203e-02
-6.580892222088694085e-04
-1.287215374444804564e-02
-1.640824750160310361e-02
-1.476049764077398685e-03
1.225168897791633488e-02
1.410443627964996782e-03
-1.366066743549849277e-03
5.410356136202748578e-04
1.077297274952640840e-02
1.718706319926509730e-03
5.081934119684973494e-03
1.278325243303215890e-02
2.761208731494305471e-03
-2.005427442522321468e-03
-1.079580519937249627e-03
9.772456032167906037e-04
-1.033081259868354196e-03
-8.919917325388883669e-03
-2.569187297915265060e-03
-2.619453133621944124e-02
7.300222278765915174e-02
-6.765487705263985296e-02
3.024930908925263506e-03
5.410356136202748578e-04
-1.033081259868354196e-03
2.648162668062105027e-02
-7.017504353405883133e-02
4.390489543007132511e-02
6.071699815609030160e-02
-3.969493905638604159e-01
1.852022606762497026e-01
-3.571028823456796203e-02
1.077297274952640840e-02
-8.919917325388883669e-03
-7.317921950772553197e-02
3.554483637775340266e-01
-1.163376898443330837e-01
-4.130863718881969127e-02
1.063631917206984828e-01
-1.118925103645272007e-01
-6.580892222088694085e-04
1.718706319926509730e-03
-2.569187297915265060e-03
4.374065017316827730e-02
-1.092696828178688073e-01
7.315254588518423084e-02
5.172459240599120989e-01
2.502313494346204703e-02
1.290619480939192258e-02
-4.661054130997822620e-01
1.796314698013614514e-02
-2.775632177018012847e-02
-3.891979315008974732e-02
-1.679159086787554087e-02
2.201720617047298045e-02
9.885610708795167928e-03
4.751629416493875768e-02
-6.509475710277262683e-02
-6.590347432911003792e-03
-1.195519423350470574e-02
1.773416097692181656e-02
-1.114622250687588752e-03
-3.521458780039745523e-02
4.767824121282063232e-02
6.596785783041861362e-03
-6.062550032925426158e-02
7.856466386688945591e-02
-4.231258905836909716e-03
1.830514859707779718e-02
-2.709952449335425312e-02
-4.447545862469804573e-03
4.291426046260853056e-02
-5.850848194500865573e-02
-4.661054130997822620e-01
-6.590347432911003792e-03
-4.231258905836909716e-03
4.643656082280395725e-01
3.767780196646562836e-03
-5.088945235265487747e-03
-6.710549940151329731e-03
-2.262921425599473402e-03
1.391575101573571099e-04
1.796314698013614514e-02
-1.195519423350470574e-02
1.830514859707779718e-02
4.805416351979900809e-03
1.436298673087634502e-02
-2.103056690821768562e-02
-2.164579205044175891e-02
8.262540314612164521e-04
-2.891097648662213377e-03
-2.775632177018012847e-02
1.773416097692181656e-02
-2.709952449335425312e-02
-5.226440557056335687e-03
-2.091025470206468381e-02
3.045187924841893587e-02
3.134212663723213999e-02
-1.524600816460772558e-03
4.622191999834052677e-03
-3.891979315008974732e-02
-1.114622250687588752e-03
-4.447545862469804573e-03
-6.710549940151329731e-03
-2.164579205044175891e-02
3.134212663723213999e-02
4.236638546540687222e-02
1.619252769157383462e-02
-1.974385775912763930e-02
-1.679159086787554087e-02
-3.521458780039745523e-02
4.291426046260853056e-02
-2.262921425599473402e-03
8.262540314612164521e-04
-1.524600816460772558e-03
1.634747152090717040e-02
3.183406346119324604e-02
-4.051412030992203317e-02
2.201720617047298045e-02
4.767824121282063232e-02
-5.850848194500865573e-02
1.391575101573571099e-04
-2.891097648662213377e-03
4.622191999834052677e-03
-1.870680053421109809e-02
-4.182135503293818446e-02
5.517995485168063902e-02
4.904754118134470597e-01
1.674167139866230419e-02
9.689523132184326218e-03
-4.754565197840258106e-01
1.020463212831997091e-02
-1.907320012240562926e-02
-2.990720080217617108e-02
-1.442992122161862456e-02
2.082370040919919590e-02
1.166262097232894160e-02
3.540677979302415262e-02
-5.677872114597330711e-02
-5.483103934463759432e-03
-6.739929024543313968e-03
1.152090111048146605e-02
-8.455177640437721437e-03
-3.044865525707720830e-02
4.523159303664692210e-02
8.834246802127887141e-03
-5.273116501692862168e-02
8.114564028261360418e-02
-1.269409162269559063e-02
1.411323781016232681e-02
-2.397326780050428735e-02
4.737137181874161336e-03
4.383207594192922718e-02
-6.644631000297693268e-02
-4.754565197840258106e-01
-5.483103934463759432e-03
-1.269409162269559063e-02
4.798003765216511396e-01
1.155513967208432642e-03
-1.226420667589698567e-03
3.008771444581064165e-03
4.062032669474761361e-03
-1.046213515339431376e-02
1.020463212831997091e-02
-6.739929024543313968e-03
1.411323781016232681e-02
2.107820829541771045e-03
1.125098333302485334e-02
-1.824504563112755093e-02
-1.719960931762686690e-02
2.063020313241901646e-03
-6.765056003886751358e-03
-1.907320012240562926e-02
1.152090111048146605e-02
-2.397326780050428735e-02
-1.093590038011983505e-03
-1.859647976248778034e-02
3.075474239408238983e-02
2.822010610031143452e-02
-3.765684223097481506e-03
1.166283035001394568e-02
-2.990720080217617108e-02
-8.455177640437721437e-03
4.737137181874161336e-03
3.008771444581064165e-03
-1.719960931762686690e-02
2.822010610031143452e-02
3.753968388782992494e-02
1.386480003556496941e-02
-1.516175235160037958e-02
-1.442992122161862456e-02
-3.044865525707720830e-02
4.383207594192922718e-02
4.062032669474761361e-03
2.063020313241901646e-03
-3.765684223097481506e-03
1.431336768623164141e-02
2.758304320015266681e-02
-3.703922326575243007e-02
2.082370040919919590e-02
4.523159303664692210e-02
-6.644631000297693268e-02
-1.046213515339431376e-02
-6.765056003886751358e-03
1.166283035001394568e-02
-1.431125232461848487e-02
-3.958672763495565960e-02
5.815205667753914343e-02
4.966074759019088458e-01
-1.491301223789211032e-02
3.263753132097774873e-02
-5.224986988558313339e-01
5.452018509039442858e-03
-8.508966560349830524e-03
2.610500018726925366e-03
5.693622456560651010e-03
-1.445857605599816173e-02
-1.431963533222545271e-02
-4.914449071045875334e-03
5.478863738530896643e-03
-1.927844854141408382e-04
-1.952520894479384999e-03
2.535709619504253158e-03
3.527076413574249582e-03
1.171804053798852340e-03
-3.020316071724626558e-03
3.274622259206168284e-02
5.257516816361690326e-03
-1.338642741891094522e-02
-7.890306299893692921e-04
5.207835186413519238e-03
-5.427018984947211064e-03
-7.863596792830874344e-03
-2.631121538951836439e-03
6.750191689268721096e-03
-5.224986988558313339e-01
-1.927844854141408382e-04
-7.890306299893692921e-04
4.756664853128726445e-01
-1.614908335686106658e-02
1.969649779184693902e-02
1.490912615740638998e-02
6.078129612081782651e-04
-1.703163715737011918e-03
5.452018509039442858e-03
-1.952520894479384999e-03
5.207835186413519238e-03
-1.614637885086106853e-02
-1.458979825788708252e-03
1.124081789378773150e-03
2.515507765787171682e-03
9.935343930242280901e-04
-2.543581728420504957e-03
-8.508966560349830524e-03
2.535709619504253158e-03
-5.427018984947211064e-03
1.971366923883979133e-02
1.407159787592135447e-03
-1.420012102533259671e-03
-2.608513930814918870e-03
-1.055343962798469676e-03
2.703565577498966838e-03
2.610500018726925366e-03
3.527076413574249582e-03
-7.863596792830874344e-03
1.490912615740638998e-02
2.515507765787171682e-03
-2.608513930814918870e-03
-4.195156258617074169e-03
1.848575630653482432e-02
1.940186396965556340e-03
5.693622456560651010e-03
1.171804053798852340e-03
-2.631121538951836439e-03
6.078129612081782651e-04
9.935343930242280901e-04
-1.055343962798469676e-03
-1.543171552798509524e-03
-5.227295498603044127e-04
-7.170159625632378103e-03
-1.445857605599816173e-02
-3.020316071724626558e-03
6.750191689268721096e-03
-1.703163715737011918e-03
-2.543581728420504957e-03
2.703565577498966838e-03
3.956652094725007958e-03
1.341534726727884597e-03
-3.442945549180356779e-03
-1.163348140491148097e+00
2.336075185325543063e-02
-2.258448738500673514e-02
1.007658206054410810e+00
4.019460028003699059e-02
-4.142540385382658535e-02
-1.793634214914598124e-01
3.819043197309929250e-01
3.855024574382048819e-01
-1.128375027627017690e-01
-3.504383973992642454e-01
-3.955558271668261905e-01
2.335966712058876529e-02
2.545857973764284576e+00
3.927383987122218922e+00
1.235749881558910294e-02
-2.678034677371059935e+00
-2.914918621075420102e+00
9.718343055242130435e-02
5.077462472857610098e-01
-6.922815380602581614e-02
-1.241627393187669931e-01
4.802427116537345553e-01
-1.542854841548276235e-01
-2.258558601467341304e-02
3.984618871668883511e+00
2.792310836869438706e+00
-1.290519769069330483e-02
-2.712571003230414224e+00
-1.988088727769106612e+00
1.691281149763890490e-01
-2.617238628452071558e-01
-5.979832640682176265e-02
-1.340614055824654594e-01
-2.753102477415889648e-01
-4.502060222145098239e-02
1.007658206054410810e+00
1.235749881558910294e-02
-1.290519769069330483e-02
-5.137685227520607523e-01
2.558153312048990283e-02
-3.212517212204925310e-02
-7.940659564557039918e-02
-1.613602816707074006e-01
-4.983129721460973632e-02
-6.083458643540322341e-02
2.097796346072293427e-01
8.182044457420346861e-02
4.019460028003699059e-02
-2.678034677371059935e+00
-2.712571003230414224e+00
2.665575185548991338e-02
8.030848102347830642e-01
-8.712690846591263361e-01
9.671628080966094762e-03
-6.025692833449170643e-02
5.910638615644119714e-02
-4.465658829121423729e-02
-8.983083862291346700e-02
-4.486415375252681553e-02
-4.142540385382658535e-02
-2.914918621075420102e+00
-1.988088727769106612e+00
-3.208925613871627114e-02
5.660125681232071049e-01
1.024116739286253103e-01
1.461694731334178040e-03
1.622426218495781614e-01
1.256046923655726455e-02
8.831577934975518018e-02
1.782235298167448023e-01
4.296379988531625477e-02
-1.793634214914598124e-01
9.718343055242130435e-02
1.691281149763890490e-01
-7.940659564557039918e-02
9.671628080966094762e-03
1.461694731334178040e-03
2.560713385289844490e-01
-1.515015233399392806e-02
-2.181272958322897360e-01
-5.392874768087622256e-02
5.477723128580913592e-02
1.106433863113964744e-02
3.819043197309929250e-01
5.077462472857610098e-01
-2.617238628452071558e-01
-1.613602816707074006e-01
-6.025692833449170643e-02
1.622426218495781614e-01
-2.914849626327347364e-03
-2.495166032762041741e-01
-2.695193048196401538e-03
-8.787434599361362841e-02
-1.361096332911678475e-01
8.055091332279341529e-04
3.855024574382048819e-01
-6.922815380602581614e-02
-5.979832640682176265e-02
-4.983129721460973632e-02
5.910638615644119714e-02
1.256046923655726455e-02
-2.179227899433833215e-01
-3.755635732847253157e-03
1.557336197100746000e-01
8.628778709457029725e-03
3.298009410409447062e-02
-9.881275017085636853e-03
-1.128375027627017690e-01
-1.241627393187669931e-01
-1.340614055824654594e-01
-6.083458643540322341e-02
-4.465658829121423729e-02
8.831577934975518018e-02
-5.392874768087622256e-02
-8.787434599361362841e-02
8.628778709457029725e-03
2.092186653996691570e-01
-4.251396943453158994e-02
1.816614496770144194e-01
-3.504383973992642454e-01
4.802427116537345553e-01
-2.753102477415889648e-01
2.097796346072293427e-01
-8.983083862291346700e-02
1.782235298167448023e-01
5.477723128580913592e-02
-1.361096332911678475e-01
3.298009410409447062e-02
-4.051235338786494944e-02
-2.910837707731181445e-01
-5.646104049019693566e-02
-3.955558271668261905e-01
-1.542854841548276235e-01
-4.502060222145098239e-02
8.182044457420346861e-02
-4.486415375252681553e-02
4.296379988531625477e-02
1.106433863113964744e-02
8.055091332279341529e-04
-9.881275017085636853e-03
1.821620086127916371e-01
-5.539048622962517571e-02
1.249622806907581679e-01
3.043816981170240910e-01
-8.560397820386050904e-02
5.604443223243153055e-02
-2.642983157259952767e-02
1.334009511290488482e-02
-7.720798824918300406e-03
-1.315589791877292969e-01
1.424305761990278226e-03
-1.439780192757620370e-01
-1.310163020431187042e-01
8.685626810168853296e-02
1.107717462448515738e-01
-8.031031230719386238e-02
3.860606561964123329e-01
5.703890533407474095e-02
-2.393357438708452328e-02
-2.316498486285653580e-01
7.287789159106904113e-02
9.925782083364779670e-03
-4.072270357045307265e-02
8.853903346910505304e-03
1.167893112024816771e-01
-1.216912245189084446e-01
-1.285365532030138813e-01
4.820806772958993736e-02
5.504266054827186561e-02
5.774360105294672474e-01
8.885660536165247703e-03
6.587824975044546949e-02
-7.879723315444145393e-02
-1.897329943887803572e-01
-8.440824465678840524e-03
-2.989775833699055418e-01
1.429165927563415539e-01
-1.130147161511237952e-01
-2.078347622035824072e-01
-2.642983157259952767e-02
-2.393357438708452328e-02
8.885660536165247703e-03
1.937572222460326107e-02
-1.922341084631929440e-03
4.397283465219162767e-03
1.460471098348589333e-04
1.761865635678805733e-02
-9.517082547644464124e-03
-9.015766660879077736e-04
2.323900019298551223e-02
-5.098363367753407441e-03
1.334009511290488482e-02
-2.316498486285653580e-01
6.587824975044546949e-02
-4.283991732631927361e-03
2.141524158904574704e-01
-8.592836633937195323e-02
-7.239983730576020869e-03
3.291466939198661387e-03
-4.113927659038380262e-04
-9.364446569353377173e-03
-9.152425073649298956e-03
1.003851032277329816e-02
-7.720798824918300406e-03
7.287789159106904113e-02
-7.879723315444145393e-02
5.347095833497511087e-03
-8.539014880324719003e-02
1.118631716973134127e-01
-1.411224343004393970e-03
4.340625163954979493e-02
-1.550436409477218801e-02
-1.288059787458962710e-04
-2.584357167610899092e-02
8.338026101886795993e-03
-1.315589791877292969e-01
9.925782083364779670e-03
-1.897329943887803572e-01
1.460471098348589333e-04
-7.239983730576020869e-03
-1.411224343004393970e-03
1.165984728689705291e-01
-1.520364563140562744e-02
1.659054189508335220e-01
8.989399751964763374e-03
-1.030083134014899001e-03
1.823257926974123158e-02
1.424305761990278226e-03
-4.072270357045307265e-02
-8.440824465678840524e-03
1.761865635678805733e-02
3.291466939198661387e-03
4.340625163954979493e-02
-1.511164224940562614e-02
4.875697001871840547e-02
-6.354540703361186670e-03
-1.385414140308626613e-02
5.012827367459205506e-03
-1.642271734054720142e-02
-1.439780192757620370e-01
8.853903346910505304e-03
-2.989775833699055418e-01
-9.517082547644464124e-03
-4.113927659038380262e-04
-1.550436409477218801e-02
1.659289515081393551e-01
-6.126453826046928362e-03
3.308380056118699897e-01
-1.752580445988443161e-02
-4.359762204888076656e-03
-2.679668201277042930e-02
-1.310163020431187042e-01
1.167893112024816771e-01
1.429165927563415539e-01
-9.015766660879077736e-04
-9.364446569353377173e-03
-1.288059787458962710e-04
8.989399751964763374e-03
-1.385414140308626613e-02
-1.752580445988443161e-02
1.255044843212773376e-01
-1.178228312950586332e-01
-1.265797059017020054e-01
8.685626810168853296e-02
-1.216912245189084446e-01
-1.130147161511237952e-01
2.323900019298551223e-02
-9.152425073649298956e-03
-2.584357167610899092e-02
-1.030083134014899001e-03
5.012827367459205506e-03
-4.359762204888076656e-03
-1.174759925027253071e-01
1.617825069046079089e-01
1.315049191802748485e-01
1.107717462448515738e-01
-1.285365532030138813e-01
-2.078347622035824072e-01
-5.098363367753407441e-03
1.003851032277329816e-02
8.338026101886795993e-03
1.823257926974123158e-02
-1.642271734054720142e-02
-2.679668201277042930e-02
-1.258094610154725790e-01
1.323954454827627192e-01
2.261657841854930462e-01
3.023761118392385705e-01
-9.780539952903091749e-02
5.229853465426725218e-02
-1.640260879193172414e-02
2.191124424769409426e-02
-6.780668544028269594e-03
-1.265069819476503099e-01
1.299686712222880049e-02
-1.363464904604021477e-01
-1.272692719501824776e-01
7.417490863886766483e-02
1.129807185375565765e-01
-9.914708862969752456e-02
1.870699642715657751e-01
9.433816747058690333e-02
-1.687393011774368165e-02
-5.097548057244263159e-02
3.925767052503598836e-03
2.243892044226887192e-02
-4.385880698678626399e-02
2.597560819390246772e-02
1.043134489764308281e-01
-1.100177114480890977e-01
-1.179458857035546732e-01
5.330086383749477880e-02
9.386981641533521936e-02
5.611321107918958440e-01
2.307668151868410341e-03
5.108747971404823188e-03
-4.183411703154619327e-02
-1.821655274873740793e-01
1.088251697725743129e-02
-2.900860406147475756e-01
1.489389964686312628e-01
-1.026311089346306632e-01
-2.260627357719901809e-01
-1.640260879193172414e-02
-1.687393011774368165e-02
2.307668151868410341e-03
8.167094362114145703e-03
-7.109598133868346923e-03
-6.106979993436127425e-04
4.741798655919619594e-04
1.241057666932421713e-02
-2.790623904914413256e-03
2.403446805234249668e-04
1.368006600863253333e-02
-4.277047032161269274e-03
2.191124424769409426e-02
-5.097548057244263159e-02
5.108747971404823188e-03
-6.241908404868362799e-03
7.263570900829435795e-02
-5.414304817719378313e-03
-3.494321652053967997e-03
-1.699789782650846636e-03
-1.759173497750254585e-03
-2.349553221227092519e-03
-1.530681024944829591e-02
7.004916472992258128e-03
-6.780668544028269594e-03
3.925767052503598836e-03
-4.183411703154619327e-02
-5.885257139360588249e-04
-4.561613303502055905e-03
3.742905359959572409e-02
1.255654622034506514e-03
2.821403567729478465e-02
-3.440579992672684537e-03
-1.351428608716623010e-04
-2.620273256634069944e-02
7.520680329625494508e-03
-1.265069819476503099e-01
2.243892044226887192e-02
-1.821655274873740793e-01
4.741798655919619594e-04
-3.494321652053967997e-03
1.255654622034506514e-03
1.089531813551925660e-01
-2.697914069458787895e-02
1.599111450915063071e-01
6.093915393056966411e-03
-2.609329716098229401e-04
1.545666308615309230e-02
1.299686712222880049e-02
-4.385880698678626399e-02
1.088251697725743129e-02
1.241057666932421713e-02
-1.699789782650846636e-03
2.821403567729478465e-02
-2.707009232092122408e-02
5.543823202791836602e-02
-2.890942638890803967e-02
-8.619076900046851106e-03
8.858503946704264238e-04
-1.456802727272736228e-02
-1.363464904604021477e-01
2.597560819390246772e-02
-2.900860406147475756e-01
-2.790623904914413256e-03
-1.759173497750254585e-03
-3.440579992672684537e-03
1.598309760575941374e-01
-2.914179053939474490e-02
3.277849466023105562e-01
-1.798191850883633369e-02
-1.811115060368915673e-03
-2.927601400244404795e-02
-1.272692719501824776e-01
1.043134489764308281e-01
1.489389964686312628e-01
2.403446805234249668e-04
-2.349553221227092519e-03
-1.351428608716623010e-04
6.093915393056966411e-03
-8.619076900046851106e-03
-1.798191850883633369e-02
1.189566915649233891e-01
-9.877233572878012235e-02
-1.362668608266184578e-01
7.417490863886766483e-02
-1.100177114480890977e-01
-1.026311089346306632e-01
1.368006600863253333e-02
-1.530681024944829591e-02
-2.620273256634069944e-02
-2.609329716098229401e-04
8.858503946704264238e-04
-1.811115060368915673e-03
-9.871787253511345173e-02
1.299640821249750111e-01
1.224582083362837776e-01
1.129807185375565765e-01
-1.179458857035546732e-01
-2.260627357719901809e-01
-4.277047032161269274e-03
7.004916472992258128e-03
7.520680329625494508e-03
1.545666308615309230e-02
-1.456802727272736228e-02
-2.927601400244404795e-02
-1.356721087182567731e-01
1.231065801000813809e-01
2.451246705767056722e-01
3.017240510465925007e-01
-1.004073481921348987e-01
4.269106920094459939e-02
-1.924520736205006730e-02
1.395937701502045040e-02
-2.514558751749920631e-03
-1.313428037316507480e-01
1.714374544589380989e-02
-1.360229548316058967e-01
-1.307798748192495475e-01
7.176412646738576651e-02
1.157912930741171187e-01
-1.008148775254682633e-01
1.539459408289028941e-01
8.686802427602464960e-02
-2.173315116202237038e-02
-2.293306612303872005e-02
-4.512842208454769487e-03
2.647773608427441902e-02
-4.415025003261835446e-02
3.195417159964644704e-02
9.858032341778119600e-02
-1.027963429944405288e-01
-1.122777429881775396e-01
4.308398281509460276e-02
8.632234997552601374e-02
5.666348297507485254e-01
3.899216295690852499e-03
-2.022391245410770384e-03
-3.574397695089288896e-02
-1.830278210479392431e-01
1.857375936218291432e-02
-2.882787530486773386e-01
1.552558598692292124e-01
-1.002615420569303861e-01
-2.308425901621102561e-01
-1.924520736205006730e-02
-2.173315116202237038e-02
3.899216295690852499e-03
1.037888147692279939e-02
6.810895237423429086e-05
-9.510351111298742145e-04
2.063023516976484392e-03
1.270076895657807833e-02
-3.976439228399929193e-03
2.396943469458296359e-03
1.356711284288181218e-02
-3.261488163428279043e-03
1.395937701502045040e-02
-2.293306612303872005e-02
-2.022391245410770384e-03
-2.299525272924328445e-04
3.638197457615438557e-02
5.320303265171364218e-03
-7.859750940487434659e-04
1.083894739939790823e-03
1.032474063009137426e-03
-1.368410044669950056e-03
-9.724673424828559135e-03
4.575921334423403188e-03
-2.514558751749920631e-03
-4.512842208454769487e-03
-3.574397695089288896e-02
-9.299212423226745159e-04
5.230965558828012257e-03
2.695822045882213455e-02
1.189680762473622252e-03
2.250136713233255592e-02
-2.214534809961526008e-03
-1.694960007013866397e-03
-2.206788012434830748e-02
6.325232209552953191e-03
-1.313428037316507480e-01
2.647773608427441902e-02
-1.830278210479392431e-01
2.063023516976484392e-03
-7.859750940487434659e-04
1.189680762473622252e-03
1.135062467886474580e-01
-2.970977726191948234e-02
1.586499864731497900e-01
7.642455682763003508e-03
5.636418576970623866e-04
1.709222108584371527e-02
1.714374544589380989e-02
-4.415025003261835446e-02
1.857375936218291432e-02
1.270076895657807833e-02
1.083894739939790823e-03
2.250136713233255592e-02
-2.959853509025282131e-02
5.056227391565088630e-02
-3.460690908193739951e-02
-7.129383732152244635e-03
1.249679245749384018e-03
-1.421754966447934948e-02
-1.360229548316058967e-01
3.195417159964644704e-02
-2.882787530486773386e-01
-3.976439228399929193e-03
1.032474063009137426e-03
-2.214534809961526008e-03
1.586122927593252019e-01
-3.469122772513039826e-02
3.240004331529925952e-01
-1.803474680865530325e-02
6.221307920346838593e-04
-3.125566510527730268e-02
-1.307798748192495475e-01
9.858032341778119600e-02
1.552558598692292124e-01
2.396943469458296359e-03
-1.368410044669950056e-03
-1.694960007013866397e-03
7.642455682763003508e-03
-7.129383732152244635e-03
-1.803474680865530325e-02
1.208770405562286099e-01
-9.266212094738067451e-02
-1.394608111422680208e-01
7.176412646738576651e-02
-1.027963429944405288e-01
-1.002615420569303861e-01
1.356711284288181218e-02
-9.724673424828559135e-03
-2.206788012434830748e-02
5.636418576970623866e-04
1.249679245749384018e-03
6.221307920346838593e-04
-9.288600494404734842e-02
1.167175222672021118e-01
1.182171905811586765e-01
1.157912930741171187e-01
-1.122777429881775396e-01
-2.308425901621102561e-01
-3.261488163428279043e-03
4.575921334423403188e-03
6.325232209552953191e-03
1.709222108584371527e-02
-1.421754966447934948e-02
-3.125566510527730268e-02
-1.386790425360256707e-01
1.190413575180129940e-01
2.524251765365255196e-01
-1.280162972652991948e+00
-3.006511211049913129e-03
1.245895510371389800e-03
9.288977572098231494e-01
1.551777651964828973e-03
8.444207928711301020e-03
-1.374763373006256395e-01
2.572947629095177491e-01
3.783681517203659750e-01
-1.323895630226513132e-01
-2.760898380677103137e-01
-3.899056027646559675e-01
-3.006872631716579931e-03
2.834723284113038311e+00
4.209198237683199117e+00
-4.410997736940218752e-03
-2.385778381782555524e+00
-2.762382777185445448e+00
-1.716006185545311535e-02
4.850583206443152551e-01
7.452442946758695841e-04
3.535807790317534172e-02
4.731532716122636151e-01
-2.733750875189278409e-02
1.245210925038056421e-03
4.209198237683199117e+00
3.204850167022484708e+00
9.730986145824847486e-03
-2.556249346024216607e+00
-1.737424961710433813e+00
2.297349453628597660e-01
-2.028060275407303492e-01
-7.768968852456072105e-02
-2.268550276088945328e-01
-2.439737320498004125e-01
-8.514660211764255027e-02
9.288977572098231494e-01
-4.410997736940218752e-03
9.730986145824847486e-03
-4.756281117130538583e-01
-3.091758834411644386e-03
-7.826370095772737859e-03
-6.610923868250222213e-02
-1.385983408072433976e-01
-6.593523119484517858e-02
-6.106137380601667219e-02
1.695329686011581849e-01
9.762198190762616523e-02
1.551777651964828973e-03
-2.385778381782555524e+00
-2.556249346024216607e+00
-3.091899793078310438e-03
8.823198222543832125e-01
-5.700132583304552414e-01
-4.768713290604401078e-02
-4.381547983705581101e-02
7.129442631704108191e-02
7.847028200015798705e-02
-8.061876713196622357e-02
4.675735954344176215e-02
8.444207928711301020e-03
-2.762382777185445448e+00
-1.737424961710433813e+00
-7.823622693106388817e-03
7.235029845002147741e-01
4.503664275390614202e-01
7.812601479966611862e-02
1.381317024447386022e-01
-1.658694749555681552e-02
-7.599180229183863378e-02
1.191308466386219456e-01
-8.114685488360340315e-02
-1.374763373006256395e-01
-1.716006185545311535e-02
2.297349453628597660e-01
-6.610923868250222213e-02
-4.768713290604401078e-02
7.812601479966611862e-02
2.293144621411591644e-01
-3.369015324342632817e-02
-1.957905452629105647e-01
-3.927638273997356710e-03
-1.215559838930350446e-02
3.756823400286399967e-02
2.572947629095177491e-01
4.850583206443152551e-01
-2.028060275407303492e-01
-1.385983408072433976e-01
-4.381547983705581101e-02
1.381317024447386022e-01
-2.773119320742627875e-02
-1.784148054424869456e-01
-8.841842680566053964e-03
1.442109481448103706e-02
-9.625316497788302672e-02
7.432017701636228768e-02
3.783681517203659750e-01
7.452442946758695841e-04
-7.768968852456072105e-02
-6.593523119484517858e-02
7.129442631704108191e-02
-1.658694749555681552e-02
-1.961192488956519930e-01
-8.489749437334274257e-03
1.391664977589803787e-01
-5.810370163439008973e-02
6.676963387973609831e-02
-3.909934278743461972e-02
-1.323895630226513132e-01
3.535807790317534172e-02
-2.268550276088945328e-01
-6.106137380601667219e-02
7.847028200015798705e-02
-7.599180229183863378e-02
-3.927638273997356710e-03
1.442109481448103706e-02
-5.810370163439008973e-02
2.473413296454094190e-01
2.157424543312987109e-02
1.905305818338587920e-01
-2.760898380677103137e-01
4.731532716122636151e-01
-2.439737320498004125e-01
1.695329686011581849e-01
-8.061876713196622357e-02
1.191308466386219456e-01
-1.215559838930350446e-02
-9.625316497788302672e-02
6.676963387973609831e-02
1.695257495812988249e-02
-2.086510740526410779e-01
-1.497599354808430011e-02
-3.899056027646559675e-01
-2.733750875189278409e-02
-8.514660211764255027e-02
9.762198190762616523e-02
4.675735954344176215e-02
-8.114685488360340315e-02
3.756823400286399967e-02
7.432017701636228768e-02
-3.909934278743461972e-02
1.899181158057647034e-01
-1.620399537501371334e-02
1.011377988093443425e-01
2.708578172535462403e-01
1.646344434079817336e-03
-2.543181431883655835e-03
1.078398290483023325e-01
1.544624621467090438e-04
2.830124297671811513e-03
-2.308288921549228323e-01
1.810503234578604570e-02
1.804257323412306602e-01
-2.246281738498518143e-01
-2.495892384341795445e-02
-1.859444380996426172e-01
1.646316594746484148e-03
1.268142918558173182e+00
1.026238484236054793e+00
-8.576972235728696744e-04
-1.308704678767480978e+00
-8.506396419616631954e-01
6.600261921896254276e-03
2.594676520113570542e-02
-3.667730457581408476e-02
-1.030338926395631995e-02
1.657449384930874750e-02
-3.304930080400941828e-02
-2.543149374216964465e-03
9.250745015863897081e-01
8.128659564401862214e-01
-4.966177114678282066e-03
-8.434427950851212108e-01
-4.307919717009077165e-01
1.576238318392902127e-01
-2.620042142961440113e-02
-1.415432224711394571e-01
-1.589607095348758437e-01
-2.813976977515674632e-02
-1.460086175600794622e-01
1.078398290483023325e-01
-8.576972235728696744e-04
-4.966177114678282066e-03
-5.733161413820715008e-02
1.004744051347062359e-03
-2.102913289882241566e-03
-1.272087070226149592e-02
-1.356029562141642525e-02
8.780318903496177677e-03
-2.534905181356436610e-02
1.796484955959418844e-02
-3.332692988544940730e-03
1.544624621467090438e-04
-1.308704678767480978e+00
-8.434427950851212108e-01
9.994567143470618840e-04
1.371213539923742397e+00
9.139886404900714467e-01
-3.354122386186847004e-03
-9.829429057671869654e-03
3.526208242244743656e-03
6.573300878804182873e-03
-1.155179347004797914e-02
-1.657101972747775358e-03
2.830124297671811513e-03
-8.506396419616631954e-01
-4.307919717009077165e-01
-2.348158337882265932e-03
9.139886404900714467e-01
6.336779459502175360e-01
4.603613892918091352e-03
1.027731545798106841e-02
-3.619567403617712786e-02
3.286484192063813745e-04
-1.219374324421742140e-03
-3.773546080443578726e-02
-2.308288921549228323e-01
6.600261921896254276e-03
1.576238318392902127e-01
-1.272087070226149592e-02
-3.354122386186847004e-03
4.603613892918091352e-03
3.025312195279878380e-01
-1.484240147138049526e-02
-1.991286298121432985e-01
-2.041169371976036748e-02
-4.620133860018783845e-03
1.376457251633201456e-02
1.810503234578604570e-02
2.594676520113570542e-02
-2.620042142961440113e-02
-1.356029562141642525e-02
-9.829429057671869654e-03
1.027731545798106841e-02
-9.734097852047103594e-03
-1.565289644048435680e-02
9.340025589533408265e-03
4.499063845301885106e-03
-5.825905464674131784e-03
7.368673393991758552e-03
1.804257323412306602e-01
-3.667730457581408476e-02
-1.415432224711394571e-01
8.780318903496177677e-03
3.526208242244743656e-03
-3.619567403617712786e-02
-1.990920385600759568e-01
9.353264883290057438e-03
1.498511854662183118e-01
-1.451649663592313906e-02
1.118190662216281446e-02
-8.170687265409277283e-03
-2.246281738498518143e-01
-1.030338926395631995e-02
-1.589607095348758437e-01
-2.534905181356436610e-02
6.573300878804182873e-03
3.286484192063813745e-04
-2.041169371976036748e-02
4.499063845301885106e-03
-1.451649663592313906e-02
2.989266708061731337e-01
8.890403821756622665e-03
1.965420850153619114e-01
-2.495892384341795445e-02
1.657449384930874750e-02
-2.813976977515674632e-02
1.796484955959418844e-02
-1.155179347004797914e-02
-1.219374324421742140e-03
-4.620133860018783845e-03
-5.825905464674131784e-03
1.118190662216281446e-02
4.130236601756648654e-03
-1.185678173259720712e-02
3.245291257976730664e-03
-1.859444380996426172e-01
-3.304930080400941828e-02
-1.460086175600794622e-01
-3.332692988544940730e-03
-1.657101972747775358e-03
-3.773546080443578726e-02
1.376457251633201456e-02
7.368673393991758552e-03
-8.170687265409277283e-03
1.969389634786716525e-01
4.978234192879158609e-03
1.503275274271400341e-01
3.197572889997506995e-01
-9.330530184483507017e-02
1.050144647560966038e-01
-2.608405083545489375e-02
1.610310332123416135e-02
-6.064002550304200406e-03
-1.361572127276994004e-01
6.316196883377654496e-03
-1.481999107508885360e-01
-1.372396380850412212e-01
8.509999924177848174e-02
1.195137023885258915e-01
-9.283433682750175109e-02
2.378561563734205020e-01
1.095658701895990267e-01
-2.232257938909004008e-02
-1.065241212042981611e-01
1.605383614716512572e-02
1.631943191078614672e-02
-4.108834555743612338e-02
2.035911317886519162e-02
1.138580594402211488e-01
-1.215350832258892816e-01
-1.288837701814759817e-01
4.522197116775593384e-02
9.927842980291372299e-02
6.169495411254055650e-01
5.626576802107643646e-03
1.738168978734446965e-02
-5.964261101921759095e-02
-1.943710693079724883e-01
6.137651473293616582e-04
-3.071941221233833175e-01
1.550729315223732252e-01
-1.135366146150569439e-01
-2.284619592797588472e-01
-2.608405083545489375e-02
-2.232257938909004008e-02
5.626576802107643646e-03
1.702521629341770606e-02
-8.198386390354608227e-03
1.576054510566366872e-03
1.697867374861952282e-03
1.892032573782371010e-02
-7.433278400124588604e-03
1.123917278733511634e-03
1.934934161962731033e-02
-4.974671828044759450e-03
1.610310332123416135e-02
-1.065241212042981611e-01
1.738168978734446965e-02
-8.102503190687941614e-03
1.271586187890071107e-01
-1.959076429530665076e-02
-6.372534885125931761e-03
1.808268215342629173e-03
-2.658723095036121431e-04
-8.394653649986896088e-03
-1.380422827112882424e-02
1.119721973685147698e-02
-6.064002550304200406e-03
1.605383614716512572e-02
-5.964261101921759095e-02
1.664271090150345675e-03
-1.959166294435278621e-02
5.525815596359665016e-02
3.979278472396068599e-03
3.409678089650369781e-02
-5.124613716798306559e-03
-1.294819183062007831e-03
-2.733434221732248051e-02
1.099478739638811743e-02
-1.361572127276994004e-01
1.631943191078614672e-02
-1.943710693079724883e-01
1.697867374861952282e-03
-6.372534885125931761e-03
3.979278472396068599e-03
1.156745042014875324e-01
-2.072231182170765351e-02
1.632045847402310013e-01
1.002227647223706379e-02
-5.643552613927979231e-04
1.762261096277309425e-02
6.316196883377654496e-03
-4.108834555743612338e-02
6.137651473293616582e-04
1.892032573782371010e-02
1.808268215342629173e-03
3.409678089650369781e-02
-2.109447224170766730e-02
5.656611127367135172e-02
-2.052761611697263150e-02
-1.253259123270974995e-02
3.696734238375120989e-03
-1.549184308148069365e-02
-1.481999107508885360e-01
2.035911317886519162e-02
-3.071941221233833175e-01
-7.433278400124588604e-03
-2.658723095036121431e-04
-5.124613716798306559e-03
1.631780882458102044e-01
-2.043861540159554180e-02
3.301437789417218105e-01
-1.882236163516036107e-02
-8.518629578518142464e-04
-2.845400114562687821e-02
-1.372396380850412212e-01
1.138580594402211488e-01
1.550729315223732252e-01
1.123917278733511634e-03
-8.394653649986896088e-03
-1.294819183062007831e-03
1.002227647223706379e-02
-1.253259123270974995e-02
-1.882236163516036107e-02
1.247177355195420029e-01
-1.086518619671875130e-01
-1.288002355782971731e-01
8.509999924177848174e-02
-1.215350832258892816e-01
-1.135366146150569439e-01
1.934934161962731033e-02
-1.380422827112882424e-02
-2.733434221732248051e-02
-5.643552613927979231e-04
3.696734238375120989e-03
-8.518629578518142464e-04
-1.073814901078541800e-01
1.446070738448800019e-01
1.267614151542101331e-01
1.195137023885258915e-01
-1.288837701814759817e-01
-2.284619592797588472e-01
-4.974671828044759450e-03
1.119721973685147698e-02
1.099478739638811743e-02
1.762261096277309425e-02
-1.549184308148069365e-02
-2.845400114562687821e-02
-1.289724558287631273e-01
1.265670212152343599e-01
2.366773083583755544e-01
3.016699822486184623e-01
-1.035702464036330206e-01
3.658746770855701713e-02
-2.152364346108846804e-02
1.393427363336137426e-02
-3.079583878774383443e-03
-1.349802324900199468e-01
1.909437431065575189e-02
-1.414498963044522051e-01
-1.336931451107636615e-01
7.421235535125446370e-02
1.204334579144499540e-01
-1.038536088466329860e-01
1.434281623652080562e-01
9.105346853954091046e-02
-2.134025505636458903e-02
3.591290455453560737e-03
-9.390867547943293828e-03
2.842464167670709363e-02
-4.711368635256564519e-02
3.403698827884196060e-02
1.005104745734543420e-01
-1.062613935078203647e-01
-1.159879292385100763e-01
3.638087321293940329e-02
9.109166007982388846e-02
5.766586513592050212e-01
3.746402985962426092e-03
-9.671586704059865341e-03
-3.783187342045139095e-02
-1.882468772700363335e-01
2.047235761762095790e-02
-2.973495929971394780e-01
1.581205955112591210e-01
-1.024468333850892948e-01
-2.382153450182329102e-01
-2.152364346108846804e-02
-2.134025505636458903e-02
3.746402985962426092e-03
1.170652743098711708e-02
-5.420033179055733230e-03
5.324903625820989403e-04
3.535134157116316157e-03
1.347956143055358338e-02
-3.422495272085768637e-03
3.554476336960481209e-03
1.412973720614983664e-02
-2.979551690363834229e-03
1.393427363336137426e-02
3.591290455453560737e-03
-9.671586704059865341e-03
-4.765993807722399868e-03
4.140516171433967184e-03
7.803631436398784406e-03
-3.771641779547455723e-03
1.950785735744033859e-03
-2.074952189185749665e-03
-4.756880105179981701e-03
-9.813700277694440213e-03
5.630367399141302312e-03
-3.079583878774383443e-03
-9.390867547943293828e-03
-3.783187342045139095e-02
5.923741941139547317e-04
7.616893565937904627e-03
2.980365152378629257e-02
3.099839222704603957e-03
2.482172970402942574e-02
7.020961990306287103e-04
-3.095754527143044534e-03
-2.166967006688531178e-02
8.977586592680339775e-03
-1.349802324900199468e-01
2.842464167670709363e-02
-1.882468772700363335e-01
3.535134157116316157e-03
-3.771641779547455723e-03
3.099839222704603957e-03
1.170900910636958475e-01
-2.769575097262632485e-02
1.615246698203567643e-01
8.124368862346117992e-03
1.118032398312945050e-03
1.767425848454312609e-02
1.909437431065575189e-02
-4.711368635256564519e-02
2.047235761762095790e-02
1.347956143055358338e-02
1.950785735744033859e-03
2.482172970402942574e-02
-2.794927290462632594e-02
4.978931471825333299e-02
-3.062596424642241577e-02
-7.179369406756538723e-03
2.302490430661014906e-04
-1.262227924413964267e-02
-1.414498963044522051e-01
3.403698827884196060e-02
-2.973495929971394780e-01
-3.422495272085768637e-03
-2.074952189185749665e-03
7.020961990306287103e-04
1.614155429583765400e-01
-3.088476174510048494e-02
3.240126070191085006e-01
-1.878980706868339096e-02
4.342396051073869412e-04
-2.963842716562394008e-02
-1.336931451107636615e-01
1.005104745734543420e-01
1.581205955112591210e-01
3.554476336960481209e-03
-4.756880105179981701e-03
-3.095754527143044534e-03
8.124368862346117992e-03
-7.179369406756538723e-03
-1.878980706868339096e-02
1.207765294165960290e-01
-9.137542995708418381e-02
-1.399009602529529828e-01
7.421235535125446370e-02
-1.062613935078203647e-01
-1.024468333850892948e-01
1.412973720614983664e-02
-9.813700277694440213e-03
-2.166967006688531178e-02
1.118032398312945050e-03
2.302490430661014906e-04
4.342396051073869412e-04
-9.137011584475084047e-02
1.181566593523519504e-01
1.204782441743900007e-01
1.204334579144499540e-01
-1.159879292385100763e-01
-2.382153450182329102e-01
-2.979551690363834229e-03
5.630367399141302312e-03
8.977586592680339775e-03
1.767425848454312609e-02
-1.262227924413964267e-02
-2.963842716562394008e-02
-1.395865767540478419e-01
1.208975827595329816e-01
2.572361573940179502e-01
3.824247107008987845e-01
-2.420793518649493384e-04
-4.480344657371468061e-04
5.766867044138576093e-01
-4.238562750949358062e-05
7.333242947306944817e-05
-3.201955245273097606e-01
-7.138320402725249758e-02
2.975302856323446266e-01
-3.257728300408593292e-01
7.396692494801830609e-02
-2.928444165391587695e-01
-3.432566618649493572e-04
2.103539767012013506e+00
2.097492186802151881e+00
-1.796357888760215975e-03
-1.527105639138869098e+00
-1.126460865522496579e+00
-1.580728288470113763e-01
1.066152250124985656e-01
1.202553598861768325e-01
1.568919209355633948e-01
1.059367980345923554e-01
1.219241604816183044e-01
-4.480244470704803457e-04
2.097492186802151881e+00
1.756297393503614579e+00
-3.139126264242851454e-03
-1.087555742268400127e+00
-8.317039810145979706e-01
2.724908124092533246e-01
5.584460342567013069e-02
-8.762088444060114889e-02
-2.704013210618558261e-01
5.837124452481990550e-02
-8.478431484114890004e-02
5.766867044138576093e-01
-1.796357888760215975e-03
-3.139126264242851454e-03
5.060237062008367259e-02
-1.626773928896976243e-03
-5.662285514946783756e-04
-2.070995645516482131e-01
4.713753726859629123e-02
3.424326413665185753e-01
-1.928815702786279562e-01
-5.355523668048417507e-02
-3.455408636975483283e-01
-4.238562750949358062e-05
-1.527105639138869098e+00
-1.087555742268400127e+00
-1.625292364896977404e-03
9.435910313306283825e-01
6.373791175412155674e-01
1.283428159593160700e-01
-1.273149183338974366e-02
-1.113251892610862687e-01
-1.266075591667680800e-01
-1.581034318518100001e-02
-1.115789988455854198e-01
7.333242947306944817e-05
-1.126460865522496579e+00
-8.317039810145979706e-01
-6.346183718280118359e-04
6.373791175412155674e-01
4.477891131656175361e-01
-6.151308409490352513e-03
-1.357120446050967544e-02
-2.949616780646066583e-02
6.802427288533086092e-03
-1.590023816249754030e-02
-3.009509689937509003e-02
-3.201955245273097606e-01
-1.580728288470113763e-01
2.724908124092533246e-01
-2.070995645516482131e-01
1.283428159593160700e-01
-6.151308409490352513e-03
5.094244792834605740e-01
7.081865380797164322e-02
-3.069963948218938921e-01
-1.672916935924143589e-01
6.523740179163803332e-02
1.233610414909945552e-01
-7.138320402725249758e-02
1.066152250124985656e-01
5.584460342567013069e-02
4.713753726859629123e-02
-1.273149183338974366e-02
-1.357120446050967544e-02
7.417169637430498508e-02
-1.582274716754687033e-02
-4.701637129952625227e-02
-6.289098954798656715e-02
1.934870190252126892e-02
2.684807008114839522e-02
2.975302856323446266e-01
1.202553598861768325e-01
-8.762088444060114889e-02
3.424326413665185753e-01
-1.113251892610862687e-01
-2.949616780646066583e-02
-3.076857883366480584e-01
-4.619970615224226751e-02
3.841421290937817590e-01
-1.258454094575618964e-01
3.320422820690700771e-02
-4.387545109477913874e-02
-3.257728300408593292e-01
1.568919209355633948e-01
-2.704013210618558261e-01
-1.928815702786279562e-01
-1.266075591667680800e-01
6.802427288533086092e-03
-1.672916935924143589e-01
-6.289098954798656715e-02
-1.258454094575618964e-01
5.142483548129006543e-01
-7.465054594639558561e-02
2.989299502873968839e-01
7.396692494801830609e-02
1.059367980345923554e-01
5.837124452481990550e-02
-5.355523668048417507e-02
-1.581034318518100001e-02
-1.590023816249754030e-02
6.523740179163803332e-02
1.934870190252126892e-02
3.320422820690700771e-02
-7.580284233572888442e-02
-1.448553364499311977e-02
-3.881848636292787452e-02
-2.928444165391587695e-01
1.219241604816183044e-01
-8.478431484114890004e-02
-3.455408636975483283e-01
-1.115789988455854198e-01
-3.009509689937509003e-02
1.233610414909945552e-01
2.684807008114839522e-02
-4.387545109477913874e-02
2.981356848188452813e-01
-3.862230188511694279e-02
3.899052032376638111e-01
2.693209932492804382e-01
6.719233813394508181e-05
-4.054751077174475679e-03
5.201531488160103800e-01
-1.734925792451521946e-03
-3.083386777010795575e-03
-3.084436717740865475e-01
-3.630162210753268281e-02
2.463188752862610909e-01
-2.971221671326443325e-01
3.563425993630341820e-02
-2.428756852568970115e-01
6.719233813394508181e-05
1.979786509213963042e+00
1.893346124669795350e+00
-3.774089731523297452e-04
-1.938493554377383798e+00
-1.752463031621379841e+00
1.520129563648043268e-02
3.607779744887634060e-02
7.188674544333239005e-03
-1.379195887255009814e-02
3.737693067425594540e-02
4.388744069579814978e-03
-4.054692649507812482e-03
1.893346124669795350e+00
1.575310626999759211e+00
-8.915950943161643147e-03
-1.643766882343896008e+00
-1.022639161578398515e+00
2.025515954271631669e-01
6.406926949449290309e-02
-1.000361261579350292e-01
-1.886434513130716140e-01
6.155350527232809899e-02
-9.895951514116223258e-02
5.201531488160103800e-01
-3.774089731523297452e-04
-8.915950943161643147e-03
-1.393147801971744149e-01
-1.226573760508050098e-03
-3.915603825192111830e-03
-1.450902026529485300e-01
7.923760818307214182e-02
2.702924465873521309e-01
-1.450532362061895952e-01
-7.784091676336217513e-02
-2.578193895930568358e-01
-1.734925792451521946e-03
-1.938493554377383798e+00
-1.643766882343896008e+00
-7.866917648413782266e-04
2.041302657335845261e+00
1.859998314306733125e+00
1.693972605425378697e-01
-4.693404551824309490e-02
-1.578179655435376083e-01
-1.709873794544612136e-01
-4.701359640124860850e-02
-1.528078991794020736e-01
-3.083386777010795575e-03
-1.752463031621379841e+00
-1.022639161578398515e+00
-3.938478981525445587e-03
1.859998314306733125e+00
1.342061529554034571e+00
2.333967956458125048e-01
-8.552521741161132895e-02
-2.678379591408016069e-01
-2.380359552077198904e-01
-8.157926806663789998e-02
-2.564813688537945779e-01
-3.084436717740865475e-01
1.520129563648043268e-02
2.025515954271631669e-01
-1.450902026529485300e-01
1.693972605425378697e-01
2.333967956458125048e-01
4.150113878728291517e-01
-1.590034814120991347e-02
-3.484258158194112887e-01
-6.721886892754255771e-02
1.754385876048754692e-02
4.567491130640692620e-02
-3.630162210753268281e-02
3.607779744887634060e-02
6.406926949449290309e-02
7.923760818307214182e-02
-4.693404551824309490e-02
-8.552521741161132895e-02
-1.551813511154325094e-02
-1.245385643941900392e-02
7.901339769777186717e-03
-1.665727940458299958e-02
1.583118286317868051e-02
1.979620829422030354e-02
2.463188752862610909e-01
7.188674544333239005e-03
-1.000361261579350292e-01
2.702924465873521309e-01
-1.578179655435376083e-01
-2.678379591408016069e-01
-3.483436718467321502e-01
8.686578608612625929e-03
3.560326095064873519e-01
-4.261427205553088016e-02
1.833633780854863546e-02
-1.772196331742986741e-02
-2.971221671326443325e-01
-1.379195887255009814e-02
-1.886434513130716140e-01
-1.450532362061895952e-01
-1.709873794544612136e-01
-2.380359552077198904e-01
-6.721886892754255771e-02
-1.665727940458299958e-02
-4.261427205553088016e-02
4.053284689696856069e-01
1.531549945146441945e-02
3.429996068825773015e-01
3.563425993630341820e-02
3.737693067425594540e-02
6.155350527232809899e-02
-7.784091676336217513e-02
-4.701359640124860850e-02
-8.157926806663789998e-02
1.754385876048754692e-02
1.583118286317868051e-02
1.833633780854863546e-02
1.584532166879776965e-02
-1.308721479570461831e-02
6.428297516034710973e-03
-2.428756852568970115e-01
4.388744069579814978e-03
-9.895951514116223258e-02
-2.578193895930568358e-01
-1.528078991794020736e-01
-2.564813688537945779e-01
4.567491130640692620e-02
1.979620829422030354e-02
-1.772196331742986741e-02
3.428023652339507454e-01
6.729453384655113141e-03
3.453946882516129024e-01
4.264799909426509328e-01
-3.474205913623363423e-02
1.382396088454913297e-01
-2.054644838063371046e-02
1.501984596626512562e-02
-8.305294205724449152e-03
-1.214569440707644887e-01
-2.990159428800545464e-03
-1.393642875210313881e-01
-1.182592331762508386e-01
9.322147598004368318e-02
9.698341816323392817e-02
-3.536598766323365700e-02
3.893923036949288319e-01
8.214868599387244175e-02
-1.927976529584773252e-02
-2.815719314889563174e-01
1.049110532476239671e-01
-3.784380099828263226e-03
-3.034926443657658818e-02
-1.610479224723435077e-02
1.162206994039369917e-01
-1.275712969742805458e-01
-1.281242505495368555e-01
1.381277353027047794e-01
8.210751012531075643e-02
5.435010427120851029e-01
1.689368930560384728e-03
9.271994494110757934e-02
-9.278782294188198110e-02
-1.884588399837703598e-01
-2.224801996699932866e-02
-2.783210931719428682e-01
1.247325660063485497e-01
-1.264566676332600781e-01
-1.797540894213045526e-01
-2.054644838063371046e-02
-1.927976529584773252e-02
1.689368930560384728e-03
1.628339496308834830e-02
5.461363643883100812e-03
5.243113789818607852e-03
-1.430558130807658979e-02
1.902016008871676780e-02
-1.398422959330037491e-02
-6.727100836578978581e-03
1.725751779071522246e-02
-8.456580060124063714e-03
1.501984596626512562e-02
-2.815719314889563174e-01
9.271994494110757934e-02
1.015788948883095035e-03
2.984503622590466976e-01
-1.126858509099180061e-01
-1.424374301279533392e-02
1.262115590549038255e-02
-1.165533169742568979e-02
-1.221359140661068370e-02
-8.976298832714765807e-03
6.562982146486503673e-03
-8.305294205724449152e-03
1.049110532476239671e-01
-9.278782294188198110e-02
1.025421781506129920e-02
-1.132957490415445745e-01
1.779854341540350327e-01
-6.486378406833184437e-03
3.623987972518043915e-02
-1.395412703811883294e-02
1.867394771305108626e-03
-3.129394777041882847e-02
9.573074735974846164e-03
-1.214569440707644887e-01
-3.784380099828263226e-03
-1.884588399837703598e-01
-1.430558130807658979e-02
-1.424374301279533392e-02
-6.486378406833184437e-03
1.109887848927835208e-01
-8.922208960247495282e-03
1.634910220001843384e-01
1.601485837567736669e-03
-1.043840758866365452e-02
1.344192686897356659e-02
-2.990159428800545464e-03
-3.034926443657658818e-02
-2.224801996699932866e-02
1.902016008871676780e-02
1.262115590549038255e-02
3.623987972518043915e-02
-8.478176630914172063e-03
4.132963075763251143e-02
1.819743395004368852e-02
-1.614221561884156622e-02
8.691727498007997474e-03
-2.269612512410909555e-02
-1.393642875210313881e-01
-1.610479224723435077e-02
-2.783210931719428682e-01
-1.398422959330037491e-02
-1.165533169742568979e-02
-1.395412703811883294e-02
1.646432997529865272e-01
1.802228367509279422e-02
2.924497122684666661e-01
-1.471736882827336459e-02
-1.022978296833787666e-02
-2.098206402670119153e-02
-1.182592331762508386e-01
1.162206994039369917e-01
1.247325660063485497e-01
-6.727100836578978581e-03
-1.221359140661068370e-02
1.867394771305108626e-03
1.601485837567736669e-03
-1.614221561884156622e-02
-1.471736882827336459e-02
1.156742592782994267e-01
-1.297055471593644982e-01
-1.225852601968398931e-01
9.322147598004368318e-02
-1.275712969742805458e-01
-1.264566676332600781e-01
1.725751779071522246e-02
-8.976298832714765807e-03
-3.129394777041882847e-02
-1.043840758866365452e-02
8.691727498007997474e-03
-1.022978296833787666e-02
-1.283157831520311543e-01
1.736760607136805523e-01
1.389709115910516546e-01
9.698341816323392817e-02
-1.281242505495368555e-01
-1.797540894213045526e-01
-8.456580060124063714e-03
6.562982146486503673e-03
9.573074735974846164e-03
1.344192686897356659e-02
-2.269612512410909555e-02
-2.098206402670119153e-02
-1.208504990322050582e-01
1.410482683406062976e-01
2.077150263022980170e-01
2.745988515195443291e-01
-1.090339652462970349e-01
1.302558696510662008e-02
-1.202937378516542692e-02
1.786860555714343390e-03
-2.216400057540290338e-04
-1.312825397339537070e-01
3.765515635419936641e-02
-1.408894557670460346e-01
-1.313571699033333207e-01
6.913910913913555445e-02
1.282601799684193744e-01
-1.081132092996302946e-01
9.416302334961809684e-02
5.550438435287164546e-02
-1.330796358515939394e-02
3.319232732504809325e-02
-5.899078399068980426e-03
4.056615634910151064e-02
-4.588218679187533455e-02
4.995060682836739013e-02
8.148348976352007278e-02
-8.233342804304220885e-02
-9.973225571738550399e-02
1.301732338704707226e-02
5.572398803701153480e-02
5.620097380566569933e-01
1.606939592575881096e-03
-5.929542669388822469e-03
-1.692638546102337785e-02
-1.815126028799688707e-01
5.362515079009586710e-02
-2.905913996480020689e-01
1.670803095181834508e-01
-1.031536206440785974e-01
-2.540340463400842519e-01
-1.202937378516542692e-02
-1.330796358515939394e-02
1.606939592575881096e-03
4.617749583017526603e-03
3.433245567886993965e-04
-5.869956374895507175e-05
3.633004973798356629e-03
6.543918461832595734e-03
-4.130182804096910404e-04
3.626752922673331849e-03
6.457417540486336260e-03
-1.118859013062826254e-03
1.786860555714343390e-03
3.319232732504809325e-02
-5.929542669388822469e-03
3.433245567886995049e-04
-3.599781302742236649e-02
5.276809462513041248e-03
-8.698954908357348819e-04
2.634670838483795831e-03
-3.629455763199164204e-04
-1.160297210093904968e-03
6.110340884028723617e-04
8.473274639600604074e-04
-2.216400057540290338e-04
-5.899078399068980426e-03
-1.692638546102337785e-02
-5.839089410943250347e-05
5.271938728265654697e-03
9.008284443183979182e-03
2.643367593057189061e-03
1.004326836956076323e-02
2.775416516276287947e-03
-2.383742001841718510e-03
-9.602444734186513578e-03
5.027390519107103294e-03
-1.312825397339537070e-01
4.056615634910151064e-02
-1.815126028799688707e-01
3.633004973798356629e-03
-8.698954908357348819e-04
2.643367593057189061e-03
1.188905905473855440e-01
-4.083730086509727852e-02
1.596791047212138548e-01
8.792365479025610747e-03
8.400557102285737942e-04
1.899166125611448028e-02
3.765515635419936641e-02
-4.588218679187533455e-02
5.362515079009586710e-02
6.543918461832595734e-03
2.634670838483795831e-03
1.004326836956076323e-02
-4.079681858276393291e-02
4.226193433051615017e-02
-5.317894817844263239e-02
-3.764339026195533382e-03
9.923455885550217220e-04
-1.052385418094564130e-02
-1.408894557670460346e-01
4.995060682836739013e-02
-2.905913996480020689e-01
-4.130182804096910404e-04
-3.629455763199164204e-04
2.775416516276287947e-03
1.596819532503335193e-01
-5.317123570403267663e-02
3.176348063672932431e-01
-1.873568619044568145e-02
3.137909203909832086e-03
-2.993413337393161996e-02
-1.313571699033333207e-01
8.148348976352007278e-02
1.670803095181834508e-01
3.626752922673331849e-03
-1.160297210093904968e-03
-2.383742001841718510e-03
8.792365479025610747e-03
-3.764339026195533382e-03
-1.873568619044568145e-02
1.191352068784437973e-01
-7.682552512081457230e-02
-1.459407042843044178e-01
6.913910913913555445e-02
-8.233342804304220885e-02
-1.031536206440785974e-01
6.457417540486336260e-03
6.110340884028723617e-04
-9.602444734186513578e-03
8.400557102285737942e-04
9.923455885550217220e-04
3.137909203909832086e-03
-7.680600186614790215e-02
8.114142644558397510e-02
1.098000174799185769e-01
1.282601799684193744e-01
-9.973225571738550399e-02
-2.540340463400842519e-01
-1.118859013062826254e-03
8.473274639600604074e-04
5.027390519107103294e-03
1.899166125611448028e-02
-1.052385418094564130e-02
-2.993413337393161996e-02
-1.459493892423803785e-01
1.097790581233762386e-01
2.787152256491212121e-01
-1.224042842275805398e+00
2.872499048298976509e-03
-1.639819947325601643e-02
8.352415388256203554e-01
-1.105713576700026804e-02
1.841335389823843711e-03
-1.470053009802017030e-01
1.822577557499565903e-01
3.010929394141271254e-01
-1.575747071707082059e-01
-2.260608846547025874e-01
-3.013710797289372856e-01
2.872144812965642807e-03
2.899612217659282898e+00
3.939950651579125385e+00
-6.424342995163716610e-04
-2.598630249707197581e+00
-2.979492661154270916e+00
2.322780501223342328e-02
2.821427693213464649e-01
-2.739972700828109675e-02
2.195755309058671639e-03
2.683318176073767880e-01
-2.612690272251766074e-02
-1.639842599858936517e-02
3.997185536125790861e+00
3.744441365808596878e+00
1.290066860055399250e-02
-2.333198683478125535e+00
-1.676333674629833848e+00
1.168567953095629164e-01
-2.024523372749768499e-02
-9.727654537513431843e-02
-1.208497527899902030e-01
-3.339404098887801403e-02
-8.388583164537945225e-02
8.352415388256203554e-01
-6.424342995163716610e-04
1.290066860055399250e-02
-4.518928616415917587e-01
-5.008739758491404133e-04
6.952068591590426002e-04
-3.443139175002904451e-02
-1.096147419674541462e-01
-5.912585466461457023e-02
-2.310660719290737880e-02
1.390462365441006987e-01
8.119957388569153112e-02
-1.105713576700026804e-02
-2.598630249707197581e+00
-2.333198683478125535e+00
-3.209345391824739921e-04
1.517074290577796969e+00
-4.306052593399836148e-01
-1.412766103860998990e-01
7.995410181902840030e-02
1.076331252468439442e-01
1.598748071377482927e-01
8.163386527754930289e-02
1.077444116511660221e-01
1.841335389823843711e-03
-2.979492661154270916e+00
-1.676333674629833848e+00
6.983324391587602143e-04
7.217180836080135942e-01
4.405589710338232989e-01
6.361824388787523654e-02
1.480859158071153592e-01
-1.721567952591888245e-02
-6.032160097713623603e-02
1.474695564756419996e-01
-6.889165317967912983e-02
-1.470053009802017030e-01
2.322780501223342328e-02
1.168567953095629164e-01
-3.443139175002904451e-02
-1.412766103860998990e-01
6.361824388787523654e-02
2.124226137085027388e-01
-1.880254521385510760e-02
-1.517835221365871623e-01
6.760220017333432030e-02
-2.380838544229749859e-02
8.619120479301872750e-02
1.822577557499565903e-01
2.821427693213464649e-01
-2.024523372749768499e-02
-1.096147419674541462e-01
7.995410181902840030e-02
1.480859158071153592e-01
-8.152721143521838437e-03
-7.088719943365971721e-02
-2.125764801674751361e-02
1.832843565577178119e-02
-1.266524322100308006e-02
4.584761944141504952e-02
3.010929394141271254e-01
-2.739972700828109675e-02
-9.727654537513431843e-02
-5.912585466461457023e-02
1.076331252468439442e-01
-1.721567952591888245e-02
-1.523812242391433536e-01
-1.869973477439293083e-02
1.432304058596598206e-01
-8.901764318719765368e-02
4.436900049972999915e-02
-3.461757400708697502e-02
-1.575747071707082059e-01
2.195755309058671639e-03
-1.208497527899902030e-01
-2.310660719290737880e-02
1.598748071377482927e-01
-6.032160097713623603e-02
6.760220017333432030e-02
1.832843565577178119e-02
-8.901764318719765368e-02
1.847835659556558707e-01
-2.997990913314372771e-03
1.380254884165443841e-01
-2.260608846547025874e-01
2.683318176073767880e-01
-3.339404098887801403e-02
1.390462365441006987e-01
8.163386527754930289e-02
1.474695564756419996e-01
-2.380838544229749859e-02
-1.266524322100308006e-02
4.436900049972999915e-02
-6.645969903143738450e-04
-8.304170089921161790e-02
-2.457649706843213766e-02
-3.013710797289372856e-01
-2.612690272251766074e-02
-8.388583164537945225e-02
8.119957388569153112e-02
1.077444116511660221e-01
-6.889165317967912983e-02
8.619120479301872750e-02
4.584761944141504952e-02
-3.461757400708697502e-02
1.377318876090889432e-01
-2.377364515580566301e-02
1.150611441493374076e-01
2.853268136569943048e-01
-1.018298851177791148e-01
3.035311767452246803e-02
-1.543762346387101553e-02
1.203169726672776926e-02
-2.368382642412778828e-03
-1.330899023069261888e-01
1.847303390209520391e-02
-1.417197378318110768e-01
-1.333566814507476384e-01
7.484600742304112209e-02
1.209862602439195217e-01
-1.017050165477791090e-01
1.457889628685808681e-01
8.756296855582465510e-02
-2.155535097283771406e-02
-2.334655434899544912e-03
-7.500314637825528617e-03
2.769328786093193731e-02
-4.577274868413733905e-02
3.445295926099208039e-02
1.002425117527519782e-01
-1.072621865959353382e-01
-1.157116641735815715e-01
3.001588350901818539e-02
8.750731033787947921e-02
5.738832263492990027e-01
4.560083253673474085e-03
-7.599915314907385380e-03
-3.625078296623476110e-02
-1.867131858183116722e-01
2.100144959388302451e-02
-2.973000355561079000e-01
1.588984367690929045e-01
-1.028909203419108159e-01
-2.372644923775042713e-01
-1.543762346387101553e-02
-2.155535097283771406e-02
4.560083253673474085e-03
1.003387321139248209e-02
-5.151003043906547153e-03
-1.274065078672287875e-04
2.143058224994422601e-03
1.336511380363258894e-02
-3.645086576702613688e-03
1.672583023636378284e-03
1.390390903054044246e-02
-2.194758513785533428e-03
1.203169726672776926e-02
-2.334655434899544912e-03
-7.599915314907385380e-03
-5.268016504239883720e-03
2.417823198284053607e-02
9.345273761452685055e-03
-3.468781401326245881e-03
-7.665623050791612984e-04
-5.972081282582447420e-04
-3.152002504344154216e-03
-8.514787025512957422e-03
5.121422501812855632e-03
-2.368382642412778828e-03
-7.500314637825528617e-03
-3.625078296623476110e-02
-1.125354253799653752e-04
9.302654014969383850e-03
2.964084748362275784e-02
2.786842041883700379e-03
2.400549927272124795e-02
2.833607502574270100e-04
-1.843177196264550932e-03
-2.095097115805332269e-02
8.366840522096925109e-03
-1.330899023069261888e-01
2.769328786093193731e-02
-1.867131858183116722e-01
2.143058224994422601e-03
-3.468781401326245881e-03
2.786842041883700379e-03
1.185731715960240268e-01
-2.771630800594787961e-02
1.614824742434307625e-01
9.699147690174178202e-03
1.267713779749730452e-03
1.827667783247792499e-02
1.847303390209520391e-02
-4.577274868413733905e-02
2.100144959388302451e-02
1.336511380363258894e-02
-7.665623050791612984e-04
2.400549927272124795e-02
-2.771630800594787961e-02
5.033936186767001136e-02
-3.182707798491653250e-02
-6.799577208615166166e-03
1.358767939779613161e-03
-1.240345780640626262e-02
-1.417197378318110768e-01
3.445295926099208039e-02
-2.973000355561079000e-01
-3.645086576702613688e-03
-5.972081282582447420e-04
2.833607502574270100e-04
1.615738054506537513e-01
-3.161627412167999224e-02
3.252642173990374364e-01
-1.839117856836422829e-02
1.134322889234388489e-03
-2.924391803108114182e-02
-1.333566814507476384e-01
1.002425117527519782e-01
1.588984367690929045e-01
1.672583023636378284e-03
-3.152002504344154216e-03
-1.843177196264550932e-03
9.699147690174178202e-03
-6.799577208615166166e-03
-1.839117856836422829e-02
1.232070535803418687e-01
-9.265646689578418971e-02
-1.400942511937454393e-01
7.484600742304112209e-02
-1.072621865959353382e-01
-1.028909203419108159e-01
1.390390903054044246e-02
-8.514787025512957422e-03
-2.095097115805332269e-02
1.267713779749730452e-03
1.358767939779613161e-03
1.134322889234388489e-03
-9.256148615511750055e-02
1.143597924618049155e-01
1.200932658334325637e-01
1.209862602439195217e-01
-1.157116641735815715e-01
-2.372644923775042713e-01
-2.194758513785533428e-03
5.121422501812855632e-03
8.366840522096925109e-03
1.827667783247792499e-02
-1.240345780640626262e-02
-2.924391803108114182e-02
-1.399686244466122054e-01
1.202205519511002213e-01
2.558479190800656555e-01
2.883307089733212480e-01
-1.024750734103554578e-01
3.355525265723106193e-02
-1.006359873137675515e-03
5.709779820684179365e-03
-5.420345313748550818e-04
-1.339381806223470528e-01
2.376801413441977096e-02
-1.419883588202331404e-01
-1.334165041609664537e-01
7.378088056191332844e-02
1.224004977630986923e-01
-1.024733229980221011e-01
1.193211057599261604e-01
7.823112871310686223e-02
-1.958442857027003006e-02
2.399174745029758124e-02
-6.178544050194102570e-03
3.123692615844373549e-02
-4.751290214619201258e-02
3.826129338690564125e-02
9.529897410654865342e-02
-1.026497461099719483e-01
-1.116166997257908855e-01
3.354155308805537722e-02
7.826241760809563019e-02
5.716796755371035266e-01
4.536197597177238708e-03
-6.071630283805936820e-03
-7.180880916547560666e-03
-1.884443258698978996e-01
3.362153213693876846e-02
-2.983820160939273380e-01
1.623902282621109139e-01
-1.052810556819826354e-01
-2.442474535153327797e-01
-1.006359873137675515e-03
-1.958442857027003006e-02
4.536197597177238708e-03
4.943924899129214373e-03
-2.607935768757978310e-03
-5.602124064406630629e-04
-2.169922001107264797e-03
1.010286751656630337e-02
-1.552857882924426648e-03
-2.234389084546468170e-03
1.084053860021607502e-02
-2.867277652707317988e-03
5.709779820684179365e-03
2.399174745029758124e-02
-6.071630283805936820e-03
-2.698273857091313451e-03
-6.820312312591250009e-03
7.330752968820865821e-03
-3.127884073996838651e-03
1.062595468794069942e-04
-1.744443689691089431e-03
-2.359943061249055504e-03
-8.361447312796243050e-03
4.030163923069434058e-03
-5.420345313748550818e-04
-6.178544050194102570e-03
-7.180880916547560666e-03
-4.864335455033217499e-04
7.277561502976876394e-03
1.447632903187797207e-02
-1.069686664432687069e-03
1.846535417131702633e-02
-4.176753596173508193e-03
7.663321198515077272e-04
-1.860526532126951377e-02
1.035369600745437513e-03
-1.339381806223470528e-01
3.123692615844373549e-02
-1.884443258698978996e-01
-2.169922001107264797e-03
-3.127884073996838651e-03
-1.069686664432687069e-03
1.162110571377388823e-01
-2.831920301150389271e-02
1.600721100979886624e-01
8.425663612458594159e-03
9.035338039247717886e-04
1.676087981790318898e-02
2.376801413441977096e-02
-4.751290214619201258e-02
3.362153213693876846e-02
1.010286751656630337e-02
1.062595468794069942e-04
1.846535417131702633e-02
-2.827577946217055618e-02
4.947206003459053009e-02
-3.449528806044201146e-02
-6.737610300233725681e-03
-6.413090709152642838e-04
-9.409679448748580616e-03
-1.419883588202331404e-01
3.826129338690564125e-02
-2.983820160939273380e-01
-1.552857882924426648e-03
-1.744443689691089431e-03
-4.176753596173508193e-03
1.598802977637439060e-01
-3.489661331719203646e-02
3.212763872280596789e-01
-1.868101282666742580e-02
-8.274302069759878735e-04
-3.103223982085763846e-02
-1.334165041609664537e-01
9.529897410654865342e-02
1.623902282621109139e-01
-2.234389084546468170e-03
-2.359943061249055504e-03
7.663321198515077272e-04
8.425663612458594159e-03
-6.737610300233725681e-03
-1.868101282666742580e-02
1.215866452088692901e-01
-8.428074549240358038e-02
-1.428341188150448193e-01
7.378088056191332844e-02
-1.026497461099719483e-01
-1.052810556819826354e-01
1.084053860021607502e-02
-8.361447312796243050e-03
-1.860526532126951377e-02
9.035338039247717886e-04
-6.413090709152642838e-04
-8.274302069759878735e-04
-8.434448345073690401e-02
1.035473598151075564e-01
1.145650861312805108e-01
1.224004977630986923e-01
-1.116166997257908855e-01
-2.442474535153327797e-01
-2.867277652707317988e-03
4.030163923069434058e-03
1.035369600745437513e-03
1.676087981790318898e-02
-9.409679448748580616e-03
-3.103223982085763846e-02
-1.427358608101459148e-01
1.146543536078723086e-01
2.636368813071345851e-01
2.761195667108022334e-01
-1.071223099304334514e-01
1.380224637760727249e-02
-1.341409805775196050e-02
3.323624556178593047e-03
-4.125058477539297408e-04
-1.310594028478858919e-01
3.463857227577343822e-02
-1.391708808619850357e-01
-1.309258223164008472e-01
6.913548753005184511e-02
1.257200435316953024e-01
-1.070829734244334724e-01
9.700997464164502759e-02
6.111176964454129862e-02
-1.498361394154552016e-02
3.433724893517633298e-02
-7.283311562555637268e-03
3.871373537527154907e-02
-4.562383886014149265e-02
4.689006341146552403e-02
8.346236398004873436e-02
-8.516457038115318734e-02
-1.007082049638798327e-01
1.382819012105109859e-02
6.127689303107536345e-02
5.629836025543722977e-01
1.888497796797050914e-03
-7.205060989734998929e-03
-2.082852051756867509e-02
-1.813661073084679165e-01
4.742477192821453053e-02
-2.900646371599054918e-01
1.654421852242626279e-01
-1.021485484992534915e-01
-2.506090604400894040e-01
-1.341409805775196050e-02
-1.498361394154552016e-02
1.888497796797050914e-03
5.690821922546994080e-03
-4.136157932307878474e-04
7.289330050836318343e-05
3.776906373518448389e-03
7.767103305803602087e-03
-3.762398065143148602e-04
3.770396283700413499e-03
7.600379257402044113e-03
-1.687925920614533016e-03
3.323624556178593047e-03
3.433724893517633298e-02
-7.205060989734998929e-03
-4.136157932307879016e-04
-3.492002514096651661e-02
6.185183768145135520e-03
-1.026068794759918889e-03
1.411942084290301533e-03
-4.959292655522638685e-04
-1.676320084255646754e-03
-1.388048618460683507e-03
1.820555099314898929e-03
-4.125058477539297408e-04
-7.283311562555637268e-03
-2.082852051756867509e-02
7.435944229086769190e-05
6.176032423894651721e-03
1.134056314897637953e-02
2.934181966841547910e-03
1.212310952879062757e-02
2.736525388236563626e-03
-2.495254200747436171e-03
-1.109638225787648591e-02
5.628242313553270468e-03
-1.310594028478858919e-01
3.871373537527154907e-02
-1.813661073084679165e-01
3.776906373518448389e-03
-1.026068794759918889e-03
2.934181966841547910e-03
1.184760139120071970e-01
-3.835270683762245780e-02
1.597567385136254292e-01
8.575870454959676897e-03
1.076771049695515953e-03
1.864441869063923965e-02
3.463857227577343822e-02
-4.562383886014149265e-02
4.742477192821453053e-02
7.767103305803602087e-03
1.411942084290301533e-03
1.212310952879062757e-02
-3.853242929795579197e-02
4.299802528035426286e-02
-5.003450546630209411e-02
-3.668013360328695616e-03
7.533491832111651517e-04
-1.084628901979538262e-02
-1.391708808619850357e-01
4.689006341146552403e-02
-2.900646371599054918e-01
-3.762398065143148602e-04
-4.959292655522638685e-04
2.736525388236563626e-03
1.597449851061328863e-01
-5.005291212895078556e-02
3.179321788408489557e-01
-1.825410145305326332e-02
2.808048306652100035e-03
-3.069744370529182628e-02
-1.309258223164008472e-01
8.346236398004873436e-02
1.654421852242626279e-01
3.770396283700413499e-03
-1.676320084255646754e-03
-2.495254200747436171e-03
8.575870454959676897e-03
-3.668013360328695616e-03
-1.825410145305326332e-02
1.183196394739882279e-01
-7.833079512294854885e-02
-1.443422013719809771e-01
6.913548753005184511e-02
-8.516457038115318734e-02
-1.021485484992534915e-01
7.600379257402044113e-03
-1.388048618460683507e-03
-1.109638225787648591e-02
1.076771049695515953e-03
7.533491832111651517e-04
2.808048306652100035e-03
-7.836249597794854582e-02
8.627318112089329971e-02
1.115181132744907377e-01
1.257200435316953024e-01
-1.007082049638798327e-01
-2.506090604400894040e-01
-1.687925920614533016e-03
1.820555099314898929e-03
5.628242313553270468e-03
1.864441869063923965e-02
-1.084628901979538262e-02
-3.069744370529182628e-02
-1.445299030816890318e-01
1.113418954472763789e-01
2.755063102107752626e-01
4.613622089073301513e-01
-1.762692204882214397e-02
1.970227853582871280e-01
-1.885947170562446776e-02
1.672361905783205024e-02
-9.440953899982916508e-03
-1.116107422876840699e-01
1.444017641023997685e-03
-1.329173291103818155e-01
-1.121047812131584637e-01
8.837443198956514145e-02
9.302229280080387408e-02
-1.764900411682218673e-02
3.822341205233736883e-01
1.032773300961437185e-01
-1.673827473616320421e-02
-2.638172124357146542e-01
1.052431367787001748e-01
-1.914060961324276890e-03
-3.112605810356961628e-02
-1.535029957370928969e-02
1.121471218111304291e-01
-1.194158797054328675e-01
-1.254865913620082096e-01
1.958350388144511067e-01
1.031029654500388720e-01
5.703812200441297220e-01
2.296857812899364814e-03
8.551162505503971667e-02
-9.047305700199215206e-02
-1.779428402773908791e-01
-1.889347657590272067e-02
-2.641068651027987380e-01
1.191941244330107369e-01
-1.165797096878757183e-01
-1.730379653559470099e-01
-1.885947170562446776e-02
-1.673827473616320421e-02
2.296857812899364814e-03
1.525877501859256719e-02
2.731603932247951127e-03
1.446476349289211845e-03
-1.228106484816509324e-02
1.612122396851376968e-02
-1.531065112574272850e-02
-7.043062921320100180e-03
2.066403342990659822e-02
-6.189616510946506674e-03
1.672361905783205024e-02
-2.638172124357146542e-01
8.551162505503971667e-02
-2.542661746752058940e-03
2.710240770863799331e-01
-1.298805942125285384e-01
-1.793215006797013733e-02
8.870266275764699185e-03
-1.187512400151776587e-02
-1.047442064427500479e-02
-6.498804682037718355e-03
5.253498044975773648e-03
-9.440953899982916508e-03
1.052431367787001748e-01
-9.047305700199215206e-02
8.406934997671203919e-03
-1.323458053872355600e-01
1.703974059574149824e-01
-1.051287171444835120e-02
3.686459340318436889e-02
-1.466538315543816987e-02
1.409245423617778601e-03
-2.417613150480644665e-02
1.951463569267546149e-03
-1.116107422876840699e-01
-1.914060961324276890e-03
-1.779428402773908791e-01
-1.228106484816509324e-02
-1.793215006797013733e-02
-1.051287171444835120e-02
9.306340355609564463e-02
-6.875406231877946236e-03
1.191416374421320756e-01
-3.086978751610343179e-03
-5.057014681343209583e-03
8.422866217947768547e-03
1.444017641023997685e-03
-3.112605810356961628e-02
-1.889347657590272067e-02
1.612122396851376968e-02
8.870266275764699185e-03
3.686459340318436889e-02
-6.965260210544612154e-03
4.280720575243612130e-02
1.422320022736184471e-02
-1.375526909677680064e-02
7.547766369080072951e-03
-2.410560278851697422e-02
-1.329173291103818155e-01
-1.535029957370928969e-02
-2.641068651027987380e-01
-1.531065112574272850e-02
-1.187512400151776587e-02
-1.466538315543816987e-02
1.460757737171499426e-01
1.663516237130761508e-02
2.617502267244330993e-01
-1.438056119550593613e-02
-9.956091811263919136e-03
-1.935121865132598262e-02
-1.121047812131584637e-01
1.121471218111304291e-01
1.191941244330107369e-01
-7.043062921320100180e-03
-1.047442064427500479e-02
1.409245423617778601e-03
-3.086978751610343179e-03
-1.375526909677680064e-02
-1.438056119550593613e-02
1.141601579508193381e-01
-1.290292998837218319e-01
-1.234387621633516174e-01
8.837443198956514145e-02
-1.194158797054328675e-01
-1.165797096878757183e-01
2.066403342990659822e-02
-6.498804682037718355e-03
-2.417613150480644665e-02
-5.057014681343209583e-03
7.547766369080072951e-03
-9.956091811263919136e-03
-1.275185473247218149e-01
1.728345503396708227e-01
1.387052359931959244e-01
9.302229280080387408e-02
-1.254865913620082096e-01
-1.730379653559470099e-01
-6.189616510946506674e-03
5.253498044975773648e-03
1.951463569267546149e-03
8.422866217947768547e-03
-2.410560278851697422e-02
-1.935121865132598262e-02
-1.230472828517146511e-01
1.394723263316791639e-01
1.999620058454130433e-01
3.058421091093795341e-01
-1.001621647228477102e-01
6.024570673841313923e-02
-2.237915106169492685e-02
2.038088807798278668e-02
-4.894313392285119281e-03
-1.296611611150121079e-01
1.311747035296489949e-02
-1.437498782197885183e-01
-1.291918484801948264e-01
7.768673708980160242e-02
1.175171818948697600e-01
-9.994064904918098513e-02
1.906257085365724024e-01
9.963245188451712309e-02
-1.983406362620215857e-02
-5.126389654288470571e-02
-1.538696136830650855e-04
2.382597287994512800e-02
-4.447471657100166009e-02
2.748244980512807439e-02
1.062607494880955655e-01
-1.127456076394400403e-01
-1.220073185880789363e-01
5.646071289670287485e-02
9.909235519845924212e-02
5.804768673892553021e-01
2.777283144600498424e-03
1.652963406236668134e-03
-4.515125234654955577e-02
-1.868868909072356477e-01
1.008817018273440447e-02
-2.972741326727299516e-01
1.514576535377953892e-01
-1.047822373335168672e-01
-2.308552256980543615e-01
-2.237915106169492685e-02
-1.983406362620215857e-02
2.777283144600498424e-03
1.319647674006738623e-02
-1.019584867161605658e-02
1.570797396560980530e-04
7.724229150405563862e-04
1.546136009590568482e-02
-5.521852391190250169e-03
1.385582589900902217e-03
1.621787115646622715e-02
-4.234576241745258672e-03
2.038088807798278668e-02
-5.126389654288470571e-02
1.652963406236668134e-03
-9.811416826949389061e-03
7.667325623106639731e-02
-2.829380266873387801e-03
-3.660561679642551983e-03
-1.832518753307085541e-03
-1.119497778063738552e-03
-2.577781561412773818e-03
-1.529570386081532431e-02
7.830145015625981572e-03
-4.894313392285119281e-03
-1.538696136830650855e-04
-4.515125234654955577e-02
3.471350210846616208e-04
-2.171254597611064433e-03
4.087393135319722370e-02
7.096067974547532690e-04
3.012484524891133331e-02
-2.751421015619566392e-03
-1.720275665179928559e-03
-2.689502044631805061e-02
7.789651644121063645e-03
-1.296611611150121079e-01
2.382597287994512800e-02
-1.868868909072356477e-01
7.724229150405563862e-04
-3.660561679642551983e-03
7.096067974547532690e-04
1.108816018742868614e-01
-2.772817326611201269e-02
1.608556099733492450e-01
6.805288503145690525e-03
-4.322648321624764263e-04
1.659548845291039174e-02
1.311747035296489949e-02
-4.447471657100166009e-02
1.008817018273440447e-02
1.546136009590568482e-02
-1.832518753307085541e-03
3.012484524891133331e-02
-2.741698054677868535e-02
5.408167581705012467e-02
-2.886590476609648959e-02
-9.652615146613153715e-03
9.780302600864683796e-04
-1.391294128350656530e-02
-1.437498782197885183e-01
2.748244980512807439e-02
-2.972741326727299516e-01
-5.521852391190250169e-03
-1.119497778063738552e-03
-2.751421015619566392e-03
1.609827421777073608e-01
-2.829324024940675988e-02
3.296679371110319279e-01
-1.942389532979976741e-02
-1.041080529051284119e-03
-2.729462386773082519e-02
-1.291918484801948264e-01
1.062607494880955655e-01
1.514576535377953892e-01
1.385582589900902217e-03
-2.577781561412773818e-03
-1.720275665179928559e-03
6.805288503145690525e-03
-9.652615146613153715e-03
-1.942389532979976741e-02
1.203860679883788504e-01
-1.009882157770202876e-01
-1.364977925993839936e-01
7.768673708980160242e-02
-1.127456076394400403e-01
-1.047822373335168672e-01
1.621787115646622715e-02
-1.529570386081532431e-02
-2.689502044631805061e-02
-4.322648321624764263e-04
9.780302600864683796e-04
-1.041080529051284119e-03
-9.983866451535362840e-02
1.311235096947275247e-01
1.240905214338461904e-01
1.175171818948697600e-01
-1.220073185880789363e-01
-2.308552256980543615e-01
-4.234576241745258672e-03
7.830145015625981572e-03
7.789651644121063645e-03
1.659548845291039174e-02
-1.391294128350656530e-02
-2.729462386773082519e-02
-1.356700965470113707e-01
1.250322918421073459e-01
2.455033772957970206e-01
2.954237857619382290e-01
-1.002010992895299296e-01
4.421359363831701972e-02
-2.458131983042914637e-02
1.320214934880045189e-02
-3.067623053158206360e-03
-1.333549491289719724e-01
1.750124279601932009e-02
-1.412884536231245602e-01
-1.323814845485579150e-01
7.324642139041219469e-02
1.189487153144950793e-01
-1.007117551395299571e-01
1.551625721869450691e-01
8.749467062991579669e-02
-1.872279523558849010e-02
-3.299203801997864505e-02
-4.379341047770867260e-03
2.702280983627609184e-02
-4.235833652572927599e-02
3.218564292674199606e-02
9.934064389719642063e-02
-1.032764553998655327e-01
-1.159402994914719848e-01
4.737359717521658076e-02
8.736796810014593739e-02
5.755990531260531951e-01
1.234104101213349307e-03
-3.089739179151803727e-04
-4.229400301438621806e-02
-1.865990984351275361e-01
1.933046083168333401e-02
-2.934604669958919554e-01
1.567183522896866132e-01
-1.029093657778872434e-01
-2.347055796845872455e-01
-2.458131983042914637e-02
-1.872279523558849010e-02
1.234104101213349307e-03
1.291694440703472502e-02
-3.211595854384381634e-03
-1.005635609592366118e-03
4.072064329526258082e-03
1.411305806902292403e-02
-4.437467555956317068e-03
3.925879446240921992e-03
1.507868215292770299e-02
-2.970464574395681543e-03
1.320214934880045189e-02
-3.299203801997864505e-02
-3.089739179151803727e-04
-3.434583043384374385e-03
4.188267596112595081e-02
4.455138336609423474e-03
-3.086596395169740725e-03
2.674216161799723452e-03
-2.378941401323175027e-05
-2.458538039280846500e-03
-7.381197814081115818e-03
5.271075808993995124e-03
-3.067623053158206360e-03
-4.379341047770867260e-03
-4.229400301438621806e-02
-9.097765186295846433e-04
5.539762626567093506e-03
3.182900290417742251e-02
2.863541764847142915e-03
2.343810951639063375e-02
1.883122402908523425e-04
-2.938736195511040036e-03
-2.310688902249579194e-02
8.666348490928165241e-03
-1.333549491289719724e-01
2.702280983627609184e-02
-1.865990984351275361e-01
4.072064329526258082e-03
-3.086596395169740725e-03
2.863541764847142915e-03
1.155996533825605077e-01
-3.023923379198950601e-02
1.599788262096646652e-01
9.307943623392040192e-03
-3.142932761578606251e-05
1.753260732390663976e-02
1.750124279601932009e-02
-4.235833652572927599e-02
1.933046083168333401e-02
1.411305806902292403e-02
2.674216161799723452e-03
2.343810951639063375e-02
-3.027306089732284197e-02
5.193777147654449200e-02
-3.404804525017664923e-02
-8.432266369778829845e-03
2.952381017887721268e-03
-1.468243591416395870e-02
-1.412884536231245602e-01
3.218564292674199606e-02
-2.934604669958919554e-01
-4.437467555956317068e-03
-2.378941401323175027e-05
1.883122402908523425e-04
1.598869747111005546e-01
-3.425532249568508103e-02
3.262749563497355787e-01
-1.992134140265799935e-02
-3.537969884081800355e-04
-2.890735646537051159e-02
-1.323814845485579150e-01
9.934064389719642063e-02
1.567183522896866132e-01
3.925879446240921992e-03
-2.458538039280846500e-03
-2.938736195511040036e-03
9.307943623392040192e-03
-8.432266369778829845e-03
-1.992134140265799935e-02
1.245279393066677370e-01
-9.459951397252643057e-02
-1.397395750850233542e-01
7.324642139041219469e-02
-1.032764553998655327e-01
-1.029093657778872434e-01
1.507868215292770299e-02
-7.381197814081115818e-03
-2.310688902249579194e-02
-3.142932761578606251e-05
2.952381017887721268e-03
-3.537969884081800355e-04
-9.444433397519309825e-02
1.187903786521933291e-01
1.208906591644105244e-01
1.189487153144950793e-01
-1.159402994914719848e-01
-2.347055796845872455e-01
-2.970464574395681543e-03
5.271075808993995124e-03
8.666348490928165241e-03
1.753260732390663976e-02
-1.468243591416395870e-02
-2.890735646537051159e-02
-1.394476380427813189e-01
1.212193763360153026e-01
2.539027566464395202e-01
2.689347644921483704e-01
-1.098456327329204313e-01
2.739567932209948861e-02
-1.119945477696869703e-02
4.287846455006017778e-03
-4.583156624666997613e-04
-1.181860255002242094e-01
4.607318213199206036e-02
-1.530457342958987110e-01
-1.294921469915245871e-01
6.734583657553461222e-02
1.318276497563445337e-01
-1.098744656349204540e-01
9.831021590620522832e-02
5.270035851527690718e-02
-1.022122614737687105e-02
3.130474183632617896e-02
-4.829584518497128526e-03
4.429211705260927695e-02
-2.365227359415608341e-02
5.571679014220062148e-02
7.988192047995119893e-02
-7.804824452798786449e-02
-1.016899224170279697e-01
2.739948231783897667e-02
5.280657750654511873e-02
5.611576855504682992e-01
4.743570948213918529e-05
-1.016816253169659616e-02
-1.800683383933567028e-02
-1.827585587221232932e-01
5.930168609989710377e-02
-2.743949472788179134e-01
1.642578892628017151e-01
-1.057601455412926633e-01
-2.542941783007043877e-01
-1.119945477696869703e-02
-1.022122614737687105e-02
4.743570948213918529e-05
3.942660692630207270e-03
-1.964907071574588816e-03
1.503606459407343544e-03
1.427938691464883956e-03
2.471807978621192673e-03
2.259577200175289565e-03
3.983956290399415755e-03
4.301748563196376891e-03
-3.128303250147301123e-03
4.287846455006017778e-03
3.130474183632617896e-02
-1.016816253169659616e-02
-1.571680751907923290e-03
-3.397624231001963868e-02
7.040274359656963944e-03
-6.981922612060847966e-04
-2.298805319925378409e-03
-2.984631504205017757e-03
-1.679465809691641854e-03
-1.898813025083108830e-03
2.886955112128683151e-03
-4.583156624666997613e-04
-4.829584518497128526e-03
-1.800683383933567028e-02
1.326371640595198648e-03
6.979486958705898546e-03
1.490886062185572958e-02
3.842501309220899223e-03
1.196833001296055549e-02
6.214623748137468491e-03
-3.564613025716247170e-03
-6.768074905471592462e-03
2.546625665900642630e-03
-1.181860255002242094e-01
4.429211705260927695e-02
-1.827585587221232932e-01
1.427938691464883956e-03
-6.981922612060847966e-04
3.842501309220899223e-03
1.070373537293151794e-01
-4.087065273471136850e-02
1.545076995182242119e-01
3.656607176966052575e-03
-1.044859266063480688e-03
1.730762627474938600e-02
4.607318213199206036e-02
-2.365227359415608341e-02
5.930168609989710377e-02
2.471807978621192673e-03
-2.298805319925378409e-03
1.196833001296055549e-02
-4.159569762037802765e-02
2.829894486890744201e-02
-5.263518937980565110e-02
-5.026990818094532500e-03
-1.402095734118836371e-03
-1.020701005833358176e-02
-1.530457342958987110e-01
5.571679014220062148e-02
-2.743949472788179134e-01
2.259577200175289565e-03
-2.984631504205017757e-03
6.214623748137468491e-03
1.543025416851132037e-01
-5.293167473609643875e-02
3.042995049793493778e-01
-1.791724417593530683e-02
3.956858034210000014e-03
-3.292931911102070508e-02
-1.294921469915245871e-01
7.988192047995119893e-02
1.642578892628017151e-01
3.983956290399415755e-03
-1.679465809691641854e-03
-3.564613025716247170e-03
3.656607176966052575e-03
-5.026990818094532500e-03
-1.791724417593530683e-02
1.214305539539942969e-01
-7.547583129084946274e-02
-1.419599578091874093e-01
6.734583657553461222e-02
-7.804824452798786449e-02
-1.057601455412926633e-01
4.301748563196376891e-03
-1.898813025083108830e-03
-6.768074905471592462e-03
-1.044859266063480688e-03
-1.402095734118836371e-03
3.956858034210000014e-03
-7.419518969118278628e-02
6.720788499801697014e-02
1.029682025650428268e-01
1.318276497563445337e-01
-1.016899224170279697e-01
-2.542941783007043877e-01
-3.128303250147301123e-03
2.886955112128683151e-03
2.546625665900642630e-03
1.730762627474938600e-02
-1.020701005833358176e-02
-3.292931911102070508e-02
-1.419136982715198947e-01
1.032171375086856635e-01
2.659321738324865736e-01
