4.608330179015384664e-01
-2.412884657857881689e-06
-1.608589771880312656e-06
-4.608330179015383554e-01
2.412884657821066249e-06
1.608589771880313080e-06
-2.412884657857881689e-06
1.263362678360913094e-11
8.422401664986978176e-12
2.412884657787466993e-06
-1.263372045867683369e-11
-8.422419012221737944e-12
-1.608589771880312656e-06
8.422401664986978176e-12
5.615008458192960461e-12
1.608589771884637818e-06
-8.422415542774785990e-12
-5.614966824829537018e-12
-4.608330179015383554e-01
2.412884657787466993e-06
1.608589771884637818e-06
4.608330179015384664e-01
-2.412884657824282433e-06
-1.608589771884637183e-06
2.412884657821066249e-06
-1.263372045867683369e-11
-8.422415542774785990e-12
-2.412884657824282433e-06
1.263367188641950634e-11
8.422419012221737944e-12
1.608589771880313080e-06
-8.422419012221737944e-12
-5.614966824829537018e-12
-1.608589771884637183e-06
8.422419012221737944e-12
5.615011927639912415e-12
2.317226250997119485e-01
-1.213277544509689113e-06
-8.088861096783602121e-07
-2.317226250997120596e-01
1.213277544472559212e-06
8.088861096783600003e-07
-1.213277544509689113e-06
6.352604206560918954e-12
4.235261880786156397e-12
1.213277544434652158e-06
-6.352617216986988780e-12
-4.235263615509632373e-12
-8.088861096783602121e-07
4.235261880786156397e-12
2.823617641783959797e-12
8.088861096787840462e-07
-4.235263615509632373e-12
-2.823619376507435774e-12
-2.317226250997120596e-01
1.213277544434652158e-06
8.088861096787840462e-07
2.317226250997119485e-01
-1.213277544471781636e-06
-8.088861096787842580e-07
1.213277544472559212e-06
-6.352617216986988780e-12
-4.235263615509632373e-12
-1.213277544471781636e-06
6.352618951710464756e-12
4.235261880786156397e-12
8.088861096783600003e-07
-4.235263615509632373e-12
-2.823619376507435774e-12
-8.088861096787842580e-07
4.235261880786156397e-12
2.823622845954387728e-12
-1.077868000114883505e-02
5.644358215047936509e-08
3.763808718461775986e-08
1.077868000114877954e-02
-5.644358214883871521e-08
-3.763808718461793191e-08
5.644358215047936509e-08
-2.955413691552166711e-13
-1.970958118935328685e-13
-5.644358215527065990e-08
2.955795330716881608e-13
1.971010160639607989e-13
3.763808718461775986e-08
-1.970958118935328685e-13
-1.314000991348152070e-13
-3.763808718696732337e-08
1.970854035526770076e-13
1.313879560704833693e-13
1.077868000114877954e-02
-5.644358215527065990e-08
-3.763808718696732337e-08
-1.077868000114883505e-02
5.644358215691130978e-08
3.763808718696695280e-08
-5.644358214883871521e-08
2.955795330716881608e-13
1.970854035526770076e-13
5.644358215691130978e-08
-2.955517774960725319e-13
-1.970975466170088453e-13
-3.763808718461793191e-08
1.971010160639607989e-13
1.313879560704833693e-13
3.763808718696695280e-08
-1.970975466170088453e-13
-1.314347936043347431e-13
9.354418426062253156e-01
-4.897867996532521666e-06
-3.265245330699162164e-06
-9.354418426062250935e-01
4.897867996481963117e-06
3.265245330699161740e-06
-4.897867996532521666e-06
2.564481352967939998e-11
1.709628272283936212e-11
4.897867996478619031e-06
-2.564446398289899065e-11
-1.709619945611251524e-11
-3.265245330699162164e-06
1.709628272283936212e-11
1.139799366001170711e-11
3.265245330700697834e-06
-1.709623415058203477e-11
-1.139791039328486022e-11
-9.354418426062250935e-01
4.897867996478619031e-06
3.265245330700697834e-06
9.354418426062253156e-01
-4.897867996529179274e-06
-3.265245330700699105e-06
4.897867996481963117e-06
-2.564446398289899065e-11
-1.709623415058203477e-11
-4.897867996529179274e-06
2.564458628090404702e-11
1.709615088385518789e-11
3.265245330699161740e-06
-1.709619945611251524e-11
-1.139791039328486022e-11
-3.265245330700699105e-06
1.709615088385518789e-11
1.139782712655801333e-11
4.608330179015384664e-01
-2.412884657857881689e-06
-1.608589771880312656e-06
-4.608330179015383554e-01
2.412884657821066249e-06
1.608589771880313080e-06
-2.412884657857881689e-06
1.263362678360913094e-11
8.422401664986978176e-12
2.412884657787466993e-06
-1.263372045867683369e-11
-8.422419012221737944e-12
-1.608589771880312656e-06
8.422401664986978176e-12
5.615008458192960461e-12
1.608589771884637818e-06
-8.422415542774785990e-12
-5.614966824829537018e-12
-4.608330179015383554e-01
2.412884657787466993e-06
1.608589771884637818e-06
4.608330179015384664e-01
-2.412884657824282433e-06
-1.608589771884637183e-06
2.412884657821066249e-06
-1.263372045867683369e-11
-8.422415542774785990e-12
-2.412884657824282433e-06
1.263367188641950634e-11
8.422419012221737944e-12
1.608589771880313080e-06
-8.422419012221737944e-12
-5.614966824829537018e-12
-1.608589771884637183e-06
8.422419012221737944e-12
5.615011927639912415e-12
-1.607230870102755241e-02
8.414713051393897529e-08
5.611083657375346934e-08
1.607230870102748996e-02
-8.414713051350680320e-08
-5.611083657375353551e-08
8.414713051393897529e-08
-4.405399656182140689e-13
-2.937615428688644670e-13
-8.414713051310999473e-08
4.405642517468777442e-13
2.937684817627683742e-13
5.611083657375346934e-08
-2.937615428688644670e-13
-1.958745665664451963e-13
-5.611083657437106224e-08
2.937493998045326293e-13
1.958658929490653122e-13
1.607230870102748996e-02
-8.414713051310999473e-08
-5.611083657437106224e-08
-1.607230870102755241e-02
8.414713051354232564e-08
5.611083657437081077e-08
-8.414713051350680320e-08
4.405642517468777442e-13
2.937493998045326293e-13
8.414713051354232564e-08
-4.405330267243101616e-13
-2.937598081453884902e-13
-5.611083657375353551e-08
2.937684817627683742e-13
1.958658929490653122e-13
5.611083657437081077e-08
-2.937598081453884902e-13
-1.959040568655368020e-13
1.938531461818318702e+00
-1.014986739172657723e-05
-6.766551349735099404e-06
-1.938531461818317814e+00
1.014986739153160888e-05
6.766551349735099404e-06
-1.014986739172657723e-05
5.314376716469837447e-11
3.542857673899391102e-11
1.014986739152382126e-05
-5.314360063124468070e-11
-3.542846571669144851e-11
-6.766551349735099404e-06
3.542857673899391102e-11
2.361896789260242713e-11
6.766551349697242114e-06
-3.542854898341829539e-11
-2.361852380339257707e-11
-1.938531461818317814e+00
1.014986739152382126e-05
6.766551349697242114e-06
1.938531461818318702e+00
-1.014986739171879469e-05
-6.766551349697242114e-06
1.014986739153160888e-05
-5.314360063124468070e-11
-3.542854898341829539e-11
-1.014986739171879469e-05
5.314304551973236812e-11
3.542852122784267976e-11
6.766551349735099404e-06
-3.542846571669144851e-11
-2.361852380339257707e-11
-6.766551349697242114e-06
3.542852122784267976e-11
2.361924544835858342e-11
1.383392844989587700e-01
-7.242769906710270822e-07
-4.828924838994435465e-07
-1.383392844989587700e-01
7.242769906793328756e-07
4.828924838994435465e-07
-7.242769906710270822e-07
3.792046537887117097e-12
2.528192932782502567e-12
7.242769906924506631e-07
-3.792029190652357329e-12
-2.528205075846834404e-12
-4.828924838994435465e-07
2.528192932782502567e-12
1.685642944670995291e-12
4.828924838977697036e-07
-2.528196402229454520e-12
-1.685646414117947245e-12
-1.383392844989587700e-01
7.242769906924506631e-07
4.828924838977697036e-07
1.383392844989587700e-01
-7.242769906841449756e-07
-4.828924838977694918e-07
7.242769906793328756e-07
-3.792029190652357329e-12
-2.528196402229454520e-12
-7.242769906841449756e-07
3.792011843417597561e-12
2.528210280017262335e-12
4.828924838994435465e-07
-2.528205075846834404e-12
-1.685646414117947245e-12
-4.828924838977694918e-07
2.528210280017262335e-12
1.685649883564899199e-12
-1.077868000114883505e-02
5.644358215047936509e-08
3.763808718461775986e-08
1.077868000114877954e-02
-5.644358214883871521e-08
-3.763808718461793191e-08
5.644358215047936509e-08
-2.955413691552166711e-13
-1.970958118935328685e-13
-5.644358215527065990e-08
2.955795330716881608e-13
1.971010160639607989e-13
3.763808718461775986e-08
-1.970958118935328685e-13
-1.314000991348152070e-13
-3.763808718696732337e-08
1.970854035526770076e-13
1.313879560704833693e-13
1.077868000114877954e-02
-5.644358215527065990e-08
-3.763808718696732337e-08
-1.077868000114883505e-02
5.644358215691130978e-08
3.763808718696695280e-08
-5.644358214883871521e-08
2.955795330716881608e-13
1.970854035526770076e-13
5.644358215691130978e-08
-2.955517774960725319e-13
-1.970975466170088453e-13
-3.763808718461793191e-08
1.971010160639607989e-13
1.313879560704833693e-13
3.763808718696695280e-08
-1.970975466170088453e-13
-1.314347936043347431e-13
9.354418426062253156e-01
-4.897867996532521666e-06
-3.265245330699162164e-06
-9.354418426062250935e-01
4.897867996481963117e-06
3.265245330699161740e-06
-4.897867996532521666e-06
2.564481352967939998e-11
1.709628272283936212e-11
4.897867996478619031e-06
-2.564446398289899065e-11
-1.709619945611251524e-11
-3.265245330699162164e-06
1.709628272283936212e-11
1.139799366001170711e-11
3.265245330700697834e-06
-1.709623415058203477e-11
-1.139791039328486022e-11
-9.354418426062250935e-01
4.897867996478619031e-06
3.265245330700697834e-06
9.354418426062253156e-01
-4.897867996529179274e-06
-3.265245330700699105e-06
4.897867996481963117e-06
-2.564446398289899065e-11
-1.709623415058203477e-11
-4.897867996529179274e-06
2.564458628090404702e-11
1.709615088385518789e-11
3.265245330699161740e-06
-1.709619945611251524e-11
-1.139791039328486022e-11
-3.265245330700699105e-06
1.709615088385518789e-11
1.139782712655801333e-11
6.339259329867794057e-02
-3.319752549739632445e-07
-2.213168366425490126e-07
-6.339259329867794057e-02
3.319752549718920372e-07
2.213168366425490126e-07
-3.319752549739632445e-07
1.738525989836148256e-12
1.159065898814759521e-12
3.319752549593643140e-07
-1.738557214858715838e-12
-1.159067633538235498e-12
-2.213168366425490126e-07
1.159065898814759521e-12
7.726406320296419494e-13
2.213168366398215665e-07
-1.159069368261711475e-12
-7.726562445409257407e-13
-6.339259329867794057e-02
3.319752549593643140e-07
2.213168366398215665e-07
6.339259329867794057e-02
-3.319752549614353096e-07
-2.213168366398214342e-07
3.319752549718920372e-07
-1.738557214858715838e-12
-1.159069368261711475e-12
-3.319752549614353096e-07
1.738557214858715838e-12
1.159069368261711475e-12
2.213168366425490126e-07
-1.159067633538235498e-12
-7.726562445409257407e-13
-2.213168366398214342e-07
1.159069368261711475e-12
7.726753264991614856e-13
-1.077868000114883505e-02
5.644358215047936509e-08
3.763808718461775986e-08
1.077868000114877954e-02
-5.644358214883871521e-08
-3.763808718461793191e-08
5.644358215047936509e-08
-2.955413691552166711e-13
-1.970958118935328685e-13
-5.644358215527065990e-08
2.955795330716881608e-13
1.971010160639607989e-13
3.763808718461775986e-08
-1.970958118935328685e-13
-1.314000991348152070e-13
-3.763808718696732337e-08
1.970854035526770076e-13
1.313879560704833693e-13
1.077868000114877954e-02
-5.644358215527065990e-08
-3.763808718696732337e-08
-1.077868000114883505e-02
5.644358215691130978e-08
3.763808718696695280e-08
-5.644358214883871521e-08
2.955795330716881608e-13
1.970854035526770076e-13
5.644358215691130978e-08
-2.955517774960725319e-13
-1.970975466170088453e-13
-3.763808718461793191e-08
1.971010160639607989e-13
1.313879560704833693e-13
3.763808718696695280e-08
-1.970975466170088453e-13
-1.314347936043347431e-13
1.383392844989587700e-01
-7.242769906710270822e-07
-4.828924838994435465e-07
-1.383392844989587700e-01
7.242769906793328756e-07
4.828924838994435465e-07
-7.242769906710270822e-07
3.792046537887117097e-12
2.528192932782502567e-12
7.242769906924506631e-07
-3.792029190652357329e-12
-2.528205075846834404e-12
-4.828924838994435465e-07
2.528192932782502567e-12
1.685642944670995291e-12
4.828924838977697036e-07
-2.528196402229454520e-12
-1.685646414117947245e-12
-1.383392844989587700e-01
7.242769906924506631e-07
4.828924838977697036e-07
1.383392844989587700e-01
-7.242769906841449756e-07
-4.828924838977694918e-07
7.242769906793328756e-07
-3.792029190652357329e-12
-2.528196402229454520e-12
-7.242769906841449756e-07
3.792011843417597561e-12
2.528210280017262335e-12
4.828924838994435465e-07
-2.528205075846834404e-12
-1.685646414117947245e-12
-4.828924838977694918e-07
2.528210280017262335e-12
1.685649883564899199e-12
6.339259329867794057e-02
-3.319752549739632445e-07
-2.213168366425490126e-07
-6.339259329867794057e-02
3.319752549718920372e-07
2.213168366425490126e-07
-3.319752549739632445e-07
1.738525989836148256e-12
1.159065898814759521e-12
3.319752549593643140e-07
-1.738557214858715838e-12
-1.159067633538235498e-12
-2.213168366425490126e-07
1.159065898814759521e-12
7.726406320296419494e-13
2.213168366398215665e-07
-1.159069368261711475e-12
-7.726562445409257407e-13
-6.339259329867794057e-02
3.319752549593643140e-07
2.213168366398215665e-07
6.339259329867794057e-02
-3.319752549614353096e-07
-2.213168366398214342e-07
3.319752549718920372e-07
-1.738557214858715838e-12
-1.159069368261711475e-12
-3.319752549614353096e-07
1.738557214858715838e-12
1.159069368261711475e-12
2.213168366425490126e-07
-1.159067633538235498e-12
-7.726562445409257407e-13
-2.213168366398214342e-07
1.159069368261711475e-12
7.726753264991614856e-13
-1.607230870102755241e-02
8.414713051393897529e-08
5.611083657375346934e-08
1.607230870102748996e-02
-8.414713051350680320e-08
-5.611083657375353551e-08
8.414713051393897529e-08
-4.405399656182140689e-13
-2.937615428688644670e-13
-8.414713051310999473e-08
4.405642517468777442e-13
2.937684817627683742e-13
5.611083657375346934e-08
-2.937615428688644670e-13
-1.958745665664451963e-13
-5.611083657437106224e-08
2.937493998045326293e-13
1.958658929490653122e-13
1.607230870102748996e-02
-8.414713051310999473e-08
-5.611083657437106224e-08
-1.607230870102755241e-02
8.414713051354232564e-08
5.611083657437081077e-08
-8.414713051350680320e-08
4.405642517468777442e-13
2.937493998045326293e-13
8.414713051354232564e-08
-4.405330267243101616e-13
-2.937598081453884902e-13
-5.611083657375353551e-08
2.937684817627683742e-13
1.958658929490653122e-13
5.611083657437081077e-08
-2.937598081453884902e-13
-1.959040568655368020e-13
3.195826348208947731e+00
-1.673151226350053881e-05
-1.115431037749556926e-05
-3.195826348208947731e+00
1.673151226356288043e-05
1.115431037749556926e-05
-1.673151226350053881e-05
8.759687419868100733e-11
5.839753680625392462e-11
1.673151226360334150e-05
-8.759626357601746349e-11
-5.839752292846611681e-11
-1.115431037749556926e-05
5.839753680625392462e-11
3.893180222647174560e-11
1.115431037748075973e-05
-5.839756456182954025e-11
-3.893171895974489871e-11
-3.195826348208947731e+00
1.673151226360334150e-05
1.115431037748075973e-05
3.195826348208947731e+00
-1.673151226354100326e-05
-1.115431037748075973e-05
1.673151226356288043e-05
-8.759626357601746349e-11
-5.839756456182954025e-11
-1.673151226354100326e-05
8.759657582624313932e-11
5.839755068404173244e-11
1.115431037749556926e-05
-5.839752292846611681e-11
-3.893171895974489871e-11
-1.115431037748075973e-05
5.839755068404173244e-11
3.893171895974489871e-11
-1.083416412292016739e-01
5.656763193057243744e-07
3.771007525728121550e-07
1.083416412792014977e-01
-5.656763192858099945e-07
-3.771007525728125786e-07
5.656763193057243744e-07
-2.953509848594039253e-12
-1.968895504099536650e-12
-5.656763195553340784e-07
2.953542776226568636e-12
1.968954541943431084e-12
3.771007525728121550e-07
-1.968895504099536650e-12
-1.312533444204649071e-12
-3.771007527417562116e-07
1.968899030792199826e-12
1.312429302961743703e-12
1.083416412792014977e-01
-5.656763195553340784e-07
-3.771007527417562116e-07
-1.083416413292016683e-01
5.656763195752488818e-07
3.771007527417551528e-07
-5.656763192858099945e-07
2.953542776226568636e-12
1.968899030792199826e-12
5.656763195752488818e-07
-2.953398826291576737e-12
-1.968951015250767907e-12
-3.771007525728125786e-07
1.968954541943431084e-12
1.312429302961743703e-12
3.771007527417551528e-07
-1.968951015250767907e-12
-1.312554260886360793e-12
-1.776246419029854362e-01
9.274892424190659033e-07
6.183261616257230400e-07
1.776246419029852142e-01
-9.274892424466743070e-07
-6.183261616257231459e-07
9.274892424190659033e-07
-4.842925348788187658e-12
-3.228642185684168024e-12
-9.274892424614654080e-07
4.843007262736873362e-12
3.228643909034571353e-12
6.183261616257230400e-07
-3.228642185684168024e-12
-2.152441474017744942e-12
-6.183261616340080810e-07
3.228636970140667446e-12
2.152337281663837028e-12
1.776246419029852142e-01
-9.274892424614654080e-07
-6.183261616340080810e-07
-1.776246419029854362e-01
9.274892424338570044e-07
6.183261616340077634e-07
-9.274892424466743070e-07
4.843007262736873362e-12
3.228636970140667446e-12
9.274892424338570044e-07
-4.842925348788187658e-12
-3.228649124578071931e-12
-6.183261616257231459e-07
3.228643909034571353e-12
2.152337281663837028e-12
6.183261616340077634e-07
-3.228649124578071931e-12
-2.152451882358600803e-12
-1.693319100024414936e-01
8.849987328663899296e-07
5.899991552385366220e-07
1.693319100024413826e-01
-8.849987328535720976e-07
-5.899991552385364103e-07
8.849987328663899296e-07
-4.625371592676422984e-12
-3.083645052878655238e-12
-8.849987328549956424e-07
4.625422982134615744e-12
3.083623032232377623e-12
5.899991552385366220e-07
-3.083645052878655238e-12
-2.055782839996736811e-12
-5.899991552341988604e-07
3.083636910020185437e-12
2.055692209309797590e-12
1.693319100024413826e-01
-8.849987328549956424e-07
-5.899991552341988604e-07
-1.693319100024414936e-01
8.849987328678135802e-07
5.899991552341993898e-07
-8.849987328535720976e-07
4.625422982134615744e-12
3.083636910020185437e-12
8.849987328678135802e-07
-4.625350775994711262e-12
-3.083631175090847423e-12
-5.899991552385364103e-07
3.083623032232377623e-12
2.055692209309797590e-12
5.899991552341993898e-07
-3.083631175090847423e-12
-2.055734267739409461e-12
-1.038419544020263430e-01
7.601564718122147138e-07
5.067443590947328331e-07
1.038419544020263430e-01
-7.601564717988894032e-07
-5.067443590947327272e-07
7.601564718122147138e-07
-5.564624702323293925e-12
-3.709518803240775949e-12
-7.601564717923904371e-07
5.564573012984720679e-12
3.709521839007299963e-12
5.067443590947328331e-07
-3.709518803240775949e-12
-2.472898736658593509e-12
-5.067443590946606235e-07
3.709526392656424402e-12
2.472898507312890172e-12
1.038419544020263430e-01
-7.601564717923904371e-07
-5.067443590946606235e-07
-1.038419544020263430e-01
7.601564718057157476e-07
5.067443590946606235e-07
-7.601564717988894032e-07
5.564573012984720679e-12
3.709526392656424402e-12
7.601564718057157476e-07
-5.564611542819425383e-12
-3.709529862102935301e-12
-5.067443590947327272e-07
3.709521839007299963e-12
2.472898507312890172e-12
5.067443590946606235e-07
-3.709529862102935301e-12
-2.472888328317737649e-12
3.195826348208947731e+00
-1.673151226350053881e-05
-1.115431037749556926e-05
-3.195826348208947731e+00
1.673151226356288043e-05
1.115431037749556926e-05
-1.673151226350053881e-05
8.759687419868100733e-11
5.839753680625392462e-11
1.673151226360334150e-05
-8.759626357601746349e-11
-5.839752292846611681e-11
-1.115431037749556926e-05
5.839753680625392462e-11
3.893180222647174560e-11
1.115431037748075973e-05
-5.839756456182954025e-11
-3.893171895974489871e-11
-3.195826348208947731e+00
1.673151226360334150e-05
1.115431037748075973e-05
3.195826348208947731e+00
-1.673151226354100326e-05
-1.115431037748075973e-05
1.673151226356288043e-05
-8.759626357601746349e-11
-5.839756456182954025e-11
-1.673151226354100326e-05
8.759657582624313932e-11
5.839755068404173244e-11
1.115431037749556926e-05
-5.839752292846611681e-11
-3.893171895974489871e-11
-1.115431037748075973e-05
5.839755068404173244e-11
3.893171895974489871e-11
6.905762848963594713e-01
-3.614973081233289586e-06
-2.409982054132943645e-06
-6.905762848963594713e-01
3.614973081195581797e-06
2.409982054132944069e-06
-3.614973081233289586e-06
1.892339063225279006e-11
1.261574872346571397e-11
3.614973081159175473e-06
-1.892359879906990727e-11
-1.261571402899619443e-11
-2.409982054132943645e-06
1.261574872346571397e-11
8.410532686964344862e-12
2.409982054136400810e-06
-1.261572096789009834e-11
-8.410518809176537047e-12
-6.905762848963594713e-01
3.614973081159175473e-06
2.409982054136400810e-06
6.905762848963594713e-01
-3.614973081196882416e-06
-2.409982054136401234e-06
3.614973081195581797e-06
-1.892359879906990727e-11
-1.261572096789009834e-11
-3.614973081196882416e-06
1.892358492128209946e-11
1.261571402899619443e-11
2.409982054132944069e-06
-1.261571402899619443e-11
-8.410518809176537047e-12
-2.409982054136401234e-06
1.261571402899619443e-11
8.410508400835681186e-12
-1.623692162035804687e-01
8.459137857193720072e-07
5.639211898165174289e-07
1.623692162035802466e-01
-8.459137856978247596e-07
-5.639211898165172172e-07
8.459137857193720072e-07
-4.406991888543499515e-12
-2.937914624706471035e-12
-8.459137856888258816e-07
4.407138092894657331e-12
2.937919916440458233e-12
5.639211898165174289e-07
-2.937914624706471035e-12
-1.958488933366823100e-12
-5.639211898017302454e-07
2.937912977546554326e-12
1.958447286449768247e-12
1.623692162035802466e-01
-8.459137856888258816e-07
-5.639211898017302454e-07
-1.623692162035804687e-01
8.459137857103729174e-07
5.639211898017300336e-07
-8.459137856978247596e-07
4.407138092894657331e-12
2.937912977546554326e-12
8.459137857103729174e-07
-4.407033521906922959e-12
-2.937921563600374942e-12
-5.639211898165172172e-07
2.937919916440458233e-12
1.958447286449768247e-12
5.639211898017300336e-07
-2.937921563600374942e-12
-1.958561791752814126e-12
-1.318587211772533629e-01
8.169726601135174533e-07
5.446739290623509733e-07
1.318587614272470898e-01
-8.169726601313610493e-07
-5.446739290623511851e-07
8.169726601135174533e-07
-5.061768774646181418e-12
-3.374676857137895910e-12
-8.169729095227058914e-07
5.061820692080020218e-12
3.374688098678010432e-12
5.446739290623509733e-07
-3.374676857137895910e-12
-2.249877367793169325e-12
-5.446740953271144872e-07
3.374674220890202618e-12
2.249887776035157716e-12
1.318587614272470898e-01
-8.169729095227058914e-07
-5.446740953271144872e-07
-1.318588016772533345e-01
8.169729095048622953e-07
5.446740953271140637e-07
-8.169726601313610493e-07
5.061820692080020218e-12
3.374674220890202618e-12
8.169729095048622953e-07
-5.061782652433989232e-12
-3.374687265478751771e-12
-5.446739290623511851e-07
3.374688098678010432e-12
2.249887776035157716e-12
5.446740953271140637e-07
-3.374687265478751771e-12
-2.249927674773972653e-12
-8.925703510028022702e-02
-2.722023052776303074e-07
-1.814952238062771760e-07
8.925703360028013067e-02
2.722023052880793588e-07
1.814952238062771231e-07
-2.722023052776303074e-07
-8.301215104007642047e-13
-5.534946247639472115e-13
2.722023007234912273e-07
8.301372256462624684e-13
5.534948753019885605e-13
-1.814952238062771760e-07
-5.534946247639472115e-13
-3.690720468611561669e-13
1.814952207581328977e-07
5.534844669611326996e-13
3.690493227200232982e-13
8.925703360028013067e-02
2.722023007234912273e-07
1.814952207581328977e-07
-8.925703210028021473e-02
-2.722023007130422818e-07
-1.814952207581329242e-07
2.722023052880793588e-07
8.301372256462624684e-13
5.534844669611326996e-13
-2.722023007130422818e-07
-8.301041631660043356e-13
-5.534928900404712347e-13
1.814952238062771231e-07
5.534948753019885605e-13
3.690493227200232982e-13
-1.814952207581329242e-07
-5.534928900404712347e-13
-3.690642406055142712e-13
6.291042708030099462e+00
-3.293809501341463895e-05
-2.195875974874853469e-05
-6.291042708030099462e+00
3.293809501263209570e-05
2.195875974874853469e-05
-3.293809501341463895e-05
1.724567988414804631e-10
1.149708661607462545e-10
3.293809501201119344e-05
-1.724554665738509129e-10
-1.149707551384437920e-10
-2.195875974874853469e-05
1.149708661607462545e-10
7.664580081723215699e-11
2.195875974873859392e-05
-1.149703665603851732e-10
-7.664557877262723196e-11
-6.291042708030099462e+00
3.293809501201119344e-05
2.195875974873859392e-05
6.291042708030099462e+00
-3.293809501279375024e-05
-2.195875974873859392e-05
3.293809501263209570e-05
-1.724554665738509129e-10
-1.149703665603851732e-10
-3.293809501279375024e-05
1.724554388182752973e-10
1.149702555380827107e-10
2.195875974874853469e-05
-1.149707551384437920e-10
-7.664557877262723196e-11
-2.195875974873859392e-05
1.149702555380827107e-10
7.664568979492969447e-11
3.195826348208947731e+00
-1.673151226350053881e-05
-1.115431037749556926e-05
-3.195826348208947731e+00
1.673151226356288043e-05
1.115431037749556926e-05
-1.673151226350053881e-05
8.759687419868100733e-11
5.839753680625392462e-11
1.673151226360334150e-05
-8.759626357601746349e-11
-5.839752292846611681e-11
-1.115431037749556926e-05
5.839753680625392462e-11
3.893180222647174560e-11
1.115431037748075973e-05
-5.839756456182954025e-11
-3.893171895974489871e-11
-3.195826348208947731e+00
1.673151226360334150e-05
1.115431037748075973e-05
3.195826348208947731e+00
-1.673151226354100326e-05
-1.115431037748075973e-05
1.673151226356288043e-05
-8.759626357601746349e-11
-5.839756456182954025e-11
-1.673151226354100326e-05
8.759657582624313932e-11
5.839755068404173244e-11
1.115431037749556926e-05
-5.839752292846611681e-11
-3.893171895974489871e-11
-1.115431037748075973e-05
5.839755068404173244e-11
3.893171895974489871e-11
8.970797995323902263e-03
-4.691508401861286795e-08
-3.127672264644105990e-08
-8.970797995323905732e-03
4.691508400846035089e-08
3.127672264644444803e-08
-4.691508401861286795e-08
2.454763348429429837e-13
1.637002165766343609e-13
4.691508406425218105e-08
-2.455323474376790160e-13
-1.636516443193070103e-13
-3.127672264644105990e-08
1.637002165766343609e-13
1.092181900474997747e-13
3.127672264630087595e-08
-1.637236353435600478e-13
-1.091210455328450735e-13
-8.970797995323905732e-03
4.691508406425218105e-08
3.127672264630087595e-08
8.970797995323902263e-03
-4.691508407440388416e-08
-3.127672264629838779e-08
4.691508400846035089e-08
-2.455323474376790160e-13
-1.637236353435600478e-13
-4.691508407440388416e-08
2.455883600324150484e-13
1.636754967671016914e-13
3.127672264644444803e-08
-1.636516443193070103e-13
-1.091210455328450735e-13
-3.127672264629838779e-08
1.636754967671016914e-13
1.090932899572294446e-13
-1.318587211772533629e-01
8.169726601135174533e-07
5.446739290623509733e-07
1.318587614272470898e-01
-8.169726601313610493e-07
-5.446739290623511851e-07
8.169726601135174533e-07
-5.061768774646181418e-12
-3.374676857137895910e-12
-8.169729095227058914e-07
5.061820692080020218e-12
3.374688098678010432e-12
5.446739290623509733e-07
-3.374676857137895910e-12
-2.249877367793169325e-12
-5.446740953271144872e-07
3.374674220890202618e-12
2.249887776035157716e-12
1.318587614272470898e-01
-8.169729095227058914e-07
-5.446740953271144872e-07
-1.318588016772533345e-01
8.169729095048622953e-07
5.446740953271140637e-07
-8.169726601313610493e-07
5.061820692080020218e-12
3.374674220890202618e-12
8.169729095048622953e-07
-5.061782652433989232e-12
-3.374687265478751771e-12
-5.446739290623511851e-07
3.374688098678010432e-12
2.249887776035157716e-12
5.446740953271140637e-07
-3.374687265478751771e-12
-2.249927674773972653e-12
-7.764375176569524029e-02
4.073314852663314587e-06
2.715749377095208587e-06
7.764374156566315743e-02
-4.073314852651276554e-06
-2.715749377095208587e-06
4.073314852663314587e-06
-2.136926262041956780e-10
-1.424725389747239443e-10
-4.073314317531359630e-06
2.136925826162677464e-10
1.424725337707333765e-10
2.715749377095208587e-06
-1.424725389747239443e-10
-9.498889496882353851e-11
-2.715749020327236827e-06
1.424725389749037010e-10
9.498889634203447446e-11
7.764374156566315743e-02
-4.073314317531359630e-06
-2.715749020327236827e-06
-7.764373136563236522e-02
4.073314317543399356e-06
2.715749020327236827e-06
-4.073314852651276554e-06
2.136925826162677464e-10
1.424725389749037010e-10
4.073314317543399356e-06
-2.136925932444493243e-10
-1.424725355052768890e-10
-2.715749377095208587e-06
1.424725337707333765e-10
9.498889634203447446e-11
2.715749020327236827e-06
-1.424725355052768890e-10
-9.498889410146180052e-11
3.195826348208947731e+00
-1.673151226350053881e-05
-1.115431037749556926e-05
-3.195826348208947731e+00
1.673151226356288043e-05
1.115431037749556926e-05
-1.673151226350053881e-05
8.759687419868100733e-11
5.839753680625392462e-11
1.673151226360334150e-05
-8.759626357601746349e-11
-5.839752292846611681e-11
-1.115431037749556926e-05
5.839753680625392462e-11
3.893180222647174560e-11
1.115431037748075973e-05
-5.839756456182954025e-11
-3.893171895974489871e-11
-3.195826348208947731e+00
1.673151226360334150e-05
1.115431037748075973e-05
3.195826348208947731e+00
-1.673151226354100326e-05
-1.115431037748075973e-05
1.673151226356288043e-05
-8.759626357601746349e-11
-5.839756456182954025e-11
-1.673151226354100326e-05
8.759657582624313932e-11
5.839755068404173244e-11
1.115431037749556926e-05
-5.839752292846611681e-11
-3.893171895974489871e-11
-1.115431037748075973e-05
5.839755068404173244e-11
3.893171895974489871e-11
-1.693319100024414936e-01
8.849987328663899296e-07
5.899991552385366220e-07
1.693319100024413826e-01
-8.849987328535720976e-07
-5.899991552385364103e-07
8.849987328663899296e-07
-4.625371592676422984e-12
-3.083645052878655238e-12
-8.849987328549956424e-07
4.625422982134615744e-12
3.083623032232377623e-12
5.899991552385366220e-07
-3.083645052878655238e-12
-2.055782839996736811e-12
-5.899991552341988604e-07
3.083636910020185437e-12
2.055692209309797590e-12
1.693319100024413826e-01
-8.849987328549956424e-07
-5.899991552341988604e-07
-1.693319100024414936e-01
8.849987328678135802e-07
5.899991552341993898e-07
-8.849987328535720976e-07
4.625422982134615744e-12
3.083636910020185437e-12
8.849987328678135802e-07
-4.625350775994711262e-12
-3.083631175090847423e-12
-5.899991552385364103e-07
3.083623032232377623e-12
2.055692209309797590e-12
5.899991552341993898e-07
-3.083631175090847423e-12
-2.055734267739409461e-12
-1.318587211772533629e-01
8.169726601135174533e-07
5.446739290623509733e-07
1.318587614272470898e-01
-8.169726601313610493e-07
-5.446739290623511851e-07
8.169726601135174533e-07
-5.061768774646181418e-12
-3.374676857137895910e-12
-8.169729095227058914e-07
5.061820692080020218e-12
3.374688098678010432e-12
5.446739290623509733e-07
-3.374676857137895910e-12
-2.249877367793169325e-12
-5.446740953271144872e-07
3.374674220890202618e-12
2.249887776035157716e-12
1.318587614272470898e-01
-8.169729095227058914e-07
-5.446740953271144872e-07
-1.318588016772533345e-01
8.169729095048622953e-07
5.446740953271140637e-07
-8.169726601313610493e-07
5.061820692080020218e-12
3.374674220890202618e-12
8.169729095048622953e-07
-5.061782652433989232e-12
-3.374687265478751771e-12
-5.446739290623511851e-07
3.374688098678010432e-12
2.249887776035157716e-12
5.446740953271140637e-07
-3.374687265478751771e-12
-2.249927674773972653e-12
-1.178838868004217638e-01
-3.521635621602178193e-07
-2.347496161164376928e-07
1.178838867004216723e-01
3.521635621566428109e-07
2.347496161164376928e-07
-3.521635621602178193e-07
-1.052028977139133619e-12
-7.012685315493925903e-13
3.521635618519192670e-07
1.052069168577415010e-12
7.012779501830436440e-13
-2.347496161164376928e-07
-7.012685315493925903e-13
-4.675287980692150899e-13
2.347496159177034346e-07
7.012779501830436440e-13
4.674732776944761195e-13
1.178838867004216723e-01
3.521635618519192670e-07
2.347496159177034346e-07
-1.178838866004217611e-01
-3.521635618554942755e-07
-2.347496159177034346e-07
3.521635621566428109e-07
1.052069168577415010e-12
7.012779501830436440e-13
-3.521635618554942755e-07
-1.052028977139133619e-12
-7.012876135076283352e-13
2.347496161164376928e-07
7.012779501830436440e-13
4.674732776944761195e-13
-2.347496159177034346e-07
-7.012876135076283352e-13
-4.675062466640273914e-13
-8.925703510028022702e-02
-2.722023052776303074e-07
-1.814952238062771760e-07
8.925703360028013067e-02
2.722023052880793588e-07
1.814952238062771231e-07
-2.722023052776303074e-07
-8.301215104007642047e-13
-5.534946247639472115e-13
2.722023007234912273e-07
8.301372256462624684e-13
5.534948753019885605e-13
-1.814952238062771760e-07
-5.534946247639472115e-13
-3.690720468611561669e-13
1.814952207581328977e-07
5.534844669611326996e-13
3.690493227200232982e-13
8.925703360028013067e-02
2.722023007234912273e-07
1.814952207581328977e-07
-8.925703210028021473e-02
-2.722023007130422818e-07
-1.814952207581329242e-07
2.722023052880793588e-07
8.301372256462624684e-13
5.534844669611326996e-13
-2.722023007130422818e-07
-8.301041631660043356e-13
-5.534928900404712347e-13
1.814952238062771231e-07
5.534948753019885605e-13
3.690493227200232982e-13
-1.814952207581329242e-07
-5.534928900404712347e-13
-3.690642406055142712e-13
6.905762848963594713e-01
-3.614973081233289586e-06
-2.409982054132943645e-06
-6.905762848963594713e-01
3.614973081195581797e-06
2.409982054132944069e-06
-3.614973081233289586e-06
1.892339063225279006e-11
1.261574872346571397e-11
3.614973081159175473e-06
-1.892359879906990727e-11
-1.261571402899619443e-11
-2.409982054132943645e-06
1.261574872346571397e-11
8.410532686964344862e-12
2.409982054136400810e-06
-1.261572096789009834e-11
-8.410518809176537047e-12
-6.905762848963594713e-01
3.614973081159175473e-06
2.409982054136400810e-06
6.905762848963594713e-01
-3.614973081196882416e-06
-2.409982054136401234e-06
3.614973081195581797e-06
-1.892359879906990727e-11
-1.261572096789009834e-11
-3.614973081196882416e-06
1.892358492128209946e-11
1.261571402899619443e-11
2.409982054132944069e-06
-1.261571402899619443e-11
-8.410518809176537047e-12
-2.409982054136401234e-06
1.261571402899619443e-11
8.410508400835681186e-12
-1.776246419029854362e-01
9.274892424190659033e-07
6.183261616257230400e-07
1.776246419029852142e-01
-9.274892424466743070e-07
-6.183261616257231459e-07
9.274892424190659033e-07
-4.842925348788187658e-12
-3.228642185684168024e-12
-9.274892424614654080e-07
4.843007262736873362e-12
3.228643909034571353e-12
6.183261616257230400e-07
-3.228642185684168024e-12
-2.152441474017744942e-12
-6.183261616340080810e-07
3.228636970140667446e-12
2.152337281663837028e-12
1.776246419029852142e-01
-9.274892424614654080e-07
-6.183261616340080810e-07
-1.776246419029854362e-01
9.274892424338570044e-07
6.183261616340077634e-07
-9.274892424466743070e-07
4.843007262736873362e-12
3.228636970140667446e-12
9.274892424338570044e-07
-4.842925348788187658e-12
-3.228649124578071931e-12
-6.183261616257231459e-07
3.228643909034571353e-12
2.152337281663837028e-12
6.183261616340077634e-07
-3.228649124578071931e-12
-2.152451882358600803e-12
-1.693319100024414936e-01
8.849987328663899296e-07
5.899991552385366220e-07
1.693319100024413826e-01
-8.849987328535720976e-07
-5.899991552385364103e-07
8.849987328663899296e-07
-4.625371592676422984e-12
-3.083645052878655238e-12
-8.849987328549956424e-07
4.625422982134615744e-12
3.083623032232377623e-12
5.899991552385366220e-07
-3.083645052878655238e-12
-2.055782839996736811e-12
-5.899991552341988604e-07
3.083636910020185437e-12
2.055692209309797590e-12
1.693319100024413826e-01
-8.849987328549956424e-07
-5.899991552341988604e-07
-1.693319100024414936e-01
8.849987328678135802e-07
5.899991552341993898e-07
-8.849987328535720976e-07
4.625422982134615744e-12
3.083636910020185437e-12
8.849987328678135802e-07
-4.625350775994711262e-12
-3.083631175090847423e-12
-5.899991552385364103e-07
3.083623032232377623e-12
2.055692209309797590e-12
5.899991552341993898e-07
-3.083631175090847423e-12
-2.055734267739409461e-12
-1.518844594770373535e-01
8.057529233695246753e-07
5.371811451508636826e-07
1.518844582270386379e-01
-8.057529233394821107e-07
-5.371811451508636826e-07
8.057529233695246753e-07
-4.274535319755836684e-12
-2.849782231701538707e-12
-8.057529166952519109e-07
4.274593099321615404e-12
2.849790526498309258e-12
5.371811451508636826e-07
-2.849782231701538707e-12
-1.899883028662928123e-12
-5.371811407367608010e-07
2.849787057051387193e-12
1.899813639753246693e-12
1.518844582270386379e-01
-8.057529166952519109e-07
-5.371811407367608010e-07
-1.518844569770401720e-01
8.057529167252944755e-07
5.371811407367609069e-07
-8.057529233394821107e-07
4.274593099321615404e-12
2.849787057051387193e-12
8.057529167252944755e-07
-4.274543993373336122e-12
-2.849771823360712735e-12
-5.371811451508636826e-07
2.849790526498309258e-12
1.899813639753246693e-12
5.371811407367609069e-07
-2.849771823360712735e-12
-1.899883028662928123e-12
-1.038419544020263430e-01
7.601564718122147138e-07
5.067443590947328331e-07
1.038419544020263430e-01
-7.601564717988894032e-07
-5.067443590947327272e-07
7.601564718122147138e-07
-5.564624702323293925e-12
-3.709518803240775949e-12
-7.601564717923904371e-07
5.564573012984720679e-12
3.709521839007299963e-12
5.067443590947328331e-07
-3.709518803240775949e-12
-2.472898736658593509e-12
-5.067443590946606235e-07
3.709526392656424402e-12
2.472898507312890172e-12
1.038419544020263430e-01
-7.601564717923904371e-07
-5.067443590946606235e-07
-1.038419544020263430e-01
7.601564718057157476e-07
5.067443590946606235e-07
-7.601564717988894032e-07
5.564573012984720679e-12
3.709526392656424402e-12
7.601564718057157476e-07
-5.564611542819425383e-12
-3.709529862102935301e-12
-5.067443590947327272e-07
3.709521839007299963e-12
2.472898507312890172e-12
5.067443590946606235e-07
-3.709529862102935301e-12
-2.472888328317737649e-12
3.122926908414107583e+00
-1.634550205212001426e-05
-1.089691045603956876e-05
-3.122926908414107583e+00
1.634550205214772918e-05
1.089691045603956537e-05
-1.634550205212001426e-05
8.555300218260342149e-11
5.703465477679969808e-11
1.634550205208073226e-05
-8.555261880871523061e-11
-5.703465477679969808e-11
-1.089691045603956876e-05
5.703465477679969808e-11
3.802269610275743617e-11
1.089691045603361751e-05
-5.703469641016312153e-11
-3.802286263621112994e-11
-3.122926908414107583e+00
1.634550205208073226e-05
1.089691045603361751e-05
3.122926908414107583e+00
-1.634550205205301734e-05
-1.089691045603361920e-05
1.634550205214772918e-05
-8.555261880871523061e-11
-5.703469641016312153e-11
-1.634550205205301734e-05
8.555290156864181483e-11
5.703468253237531371e-11
1.089691045603956537e-05
-5.703465477679969808e-11
-3.802286263621112994e-11
-1.089691045603361920e-05
5.703468253237531371e-11
3.802291814736236120e-11
7.516730349731684524e-02
-3.960467449503656700e-07
-2.646334909180541870e-07
-7.516730349731706728e-02
3.960467449284013116e-07
2.646334909180539752e-07
-3.960467449503656700e-07
2.086567030268327017e-12
1.394357719564087716e-12
3.960467449055983906e-07
-2.086691930358597347e-12
-1.394372464713633519e-12
-2.646334909180541870e-07
1.394357719564087716e-12
9.315060658585117004e-13
2.646334909200393675e-07
-1.394308279945022377e-12
-9.315911757290518125e-13
-7.516730349731706728e-02
3.960467449055983906e-07
2.646334909200393675e-07
7.516730349731684524e-02
-3.960467449275624314e-07
-2.646334909200391028e-07
3.960467449284013116e-07
-2.086691930358597347e-12
-1.394308279945022377e-12
-3.960467449275624314e-07
2.086705808146405161e-12
1.394322157732830192e-12
2.646334909180539752e-07
-1.394372464713633519e-12
-9.315911757290518125e-13
-2.646334909200391028e-07
1.394322157732830192e-12
9.316206660281434182e-13
-5.255252500233435070e-02
2.750934854689033042e-07
1.833165438690130382e-07
5.255252500233428131e-02
-2.750934854645961417e-07
-1.833165438690129853e-07
2.750934854689033042e-07
-1.440028651877867105e-12
-9.596137090246009693e-13
-2.750934854603306426e-07
1.440042529665674920e-12
9.596097245816170851e-13
1.833165438690130382e-07
-9.596137090246009693e-13
-6.394811576895904014e-13
-1.833165438689707660e-07
9.596151726975338248e-13
6.394811466781620871e-13
5.255252500233428131e-02
-2.750934854603306426e-07
-1.833165438689707660e-07
-5.255252500233435070e-02
2.750934854646378051e-07
1.833165438689709248e-07
-2.750934854645961417e-07
1.440042529665674920e-12
9.596151726975338248e-13
2.750934854646378051e-07
-1.440028651877867105e-12
-9.596112153596042527e-13
-1.833165438690129853e-07
9.596097245816170851e-13
6.394811466781620871e-13
1.833165438689709248e-07
-9.596112153596042527e-13
-6.394603190379616103e-13
-7.982956360205815949e-02
4.179836640940710470e-07
2.786759453252557407e-07
7.982956360205807622e-02
-4.179836641022461325e-07
-2.786759453252558466e-07
4.179836640940710470e-07
-2.188596526231378903e-12
-1.459101069134494111e-12
-4.179836641080251736e-07
2.188520198398435923e-12
1.459099334411018134e-12
2.786759453252557407e-07
-1.459101069134494111e-12
-9.728439841899527707e-13
-2.786759453251063453e-07
1.459123620539681809e-12
9.728438757697355221e-13
7.982956360205807622e-02
-4.179836641080251736e-07
-2.786759453251063453e-07
-7.982956360205815949e-02
4.179836640998500351e-07
2.786759453251061864e-07
-4.179836641022461325e-07
2.188520198398435923e-12
1.459123620539681809e-12
4.179836640998500351e-07
-2.188554892867955459e-12
-1.459121018454467844e-12
-2.786759453252558466e-07
1.459099334411018134e-12
9.728438757697355221e-13
2.786759453251061864e-07
-1.459121018454467844e-12
-9.728577535575433366e-13
-9.405563970099559135e-02
4.924687680669319542e-07
3.283388041233504335e-07
9.405563970099556359e-02
-4.924687680513386070e-07
-3.283388041233503805e-07
4.924687680669319542e-07
-2.578510321926685833e-12
-1.719161813773406742e-12
-4.924687680366605848e-07
2.578506852479733880e-12
1.719162681138142048e-12
3.283388041233504335e-07
-1.719161813773406742e-12
-1.146179486716933172e-12
-3.283388041233426513e-07
1.719154115940979413e-12
1.146188550213084389e-12
9.405563970099556359e-02
-4.924687680366605848e-07
-3.283388041233426513e-07
-9.405563970099559135e-02
4.924687680522537202e-07
3.283388041233426513e-07
-4.924687680513386070e-07
2.578506852479733880e-12
1.719154115940979413e-12
4.924687680522537202e-07
-2.578551955290109277e-12
-1.719154874879502834e-12
-3.283388041233503805e-07
1.719162681138142048e-12
1.146188550213084389e-12
3.283388041233426513e-07
-1.719154874879502834e-12
-1.146196883079603881e-12
3.122926908414107583e+00
-1.634550205212001426e-05
-1.089691045603956876e-05
-3.122926908414107583e+00
1.634550205214772918e-05
1.089691045603956537e-05
-1.634550205212001426e-05
8.555300218260342149e-11
5.703465477679969808e-11
1.634550205208073226e-05
-8.555261880871523061e-11
-5.703465477679969808e-11
-1.089691045603956876e-05
5.703465477679969808e-11
3.802269610275743617e-11
1.089691045603361751e-05
-5.703469641016312153e-11
-3.802286263621112994e-11
-3.122926908414107583e+00
1.634550205208073226e-05
1.089691045603361751e-05
3.122926908414107583e+00
-1.634550205205301734e-05
-1.089691045603361920e-05
1.634550205214772918e-05
-8.555261880871523061e-11
-5.703469641016312153e-11
-1.634550205205301734e-05
8.555290156864181483e-11
5.703468253237531371e-11
1.089691045603956537e-05
-5.703465477679969808e-11
-3.802286263621112994e-11
-1.089691045603361920e-05
5.703468253237531371e-11
3.802291814736236120e-11
8.554023320002682729e-01
-4.478319751549379785e-06
-2.985546233707501994e-06
-8.554023320002684949e-01
4.478319751465000056e-06
2.985546233707501994e-06
-4.478319751549379785e-06
2.344563128711674160e-11
1.563034380744343643e-11
4.478319751382455002e-06
-2.344551332592037518e-11
-1.563034510848604342e-11
-2.985546233707501994e-06
1.563034380744343643e-11
1.042022197694780772e-11
2.985546233708170726e-06
-1.563034250640082945e-11
-1.042022544639475967e-11
-8.554023320002684949e-01
4.478319751382455002e-06
2.985546233708170726e-06
8.554023320002682729e-01
-4.478319751466835577e-06
-2.985546233708170726e-06
4.478319751465000056e-06
-2.344551332592037518e-11
-1.563034250640082945e-11
-4.478319751466835577e-06
2.344551744588863063e-11
1.563034380744343643e-11
2.985546233707501994e-06
-1.563034510848604342e-11
-1.042022544639475967e-11
-2.985546233708170726e-06
1.563034380744343643e-11
1.042022544639475967e-11
-5.065507602559134008e-03
2.652740430608702831e-08
1.768009830843547545e-08
5.065507602559153090e-03
-2.652740429686498357e-08
-1.768009830843616367e-08
2.652740430608702831e-08
-1.388804436036616963e-13
-9.251800714427105277e-14
-2.652740430962393349e-08
1.388800099227927021e-13
9.251974186774702957e-14
1.768009830843547545e-08
-9.251800714427105277e-14
-6.168676680573526028e-14
-1.768009830783222917e-08
9.251453769731909915e-14
6.172840016915870365e-14
5.065507602559153090e-03
-2.652740430962393349e-08
-1.768009830783222917e-08
-5.065507602559134008e-03
2.652740431884602456e-08
1.768009830783143508e-08
-2.652740429686498357e-08
1.388800099227927021e-13
9.251453769731909915e-14
2.652740431884602456e-08
-1.388795762419237079e-13
-9.251453769731909915e-14
-1.768009830843616367e-08
9.251974186774702957e-14
6.172840016915870365e-14
1.768009830783143508e-08
-9.251453769731909915e-14
-6.171452238135088919e-14
-9.977553750148565603e-02
5.226391368765693726e-07
3.484018373931679345e-07
9.977553750148562828e-02
-5.226391368665189031e-07
-3.484018373931680404e-07
5.226391368765693726e-07
-2.737685078635364891e-12
-1.824967477424538475e-12
-5.226391368786293567e-07
2.737664261953654785e-12
1.824976584842724503e-12
3.484018373931679345e-07
-1.824967477424538475e-12
-1.216529331261912416e-12
-3.484018373932603140e-07
1.824963249156002932e-12
1.216544186788711691e-12
9.977553750148562828e-02
-5.226391368786293567e-07
-3.484018373932603140e-07
-9.977553750148565603e-02
5.226391368886799320e-07
3.484018373932599964e-07
-5.226391368665189031e-07
2.737664261953654785e-12
1.824963249156002932e-12
5.226391368886799320e-07
-2.737636506378037540e-12
-1.824972356334314660e-12
-3.484018373931680404e-07
1.824976584842724503e-12
1.216544186788711691e-12
3.484018373932599964e-07
-1.824972356334314660e-12
-1.216550527414384507e-12
-8.647113620079729945e-02
4.527548461499794427e-07
3.018635768935436649e-07
8.647112290079624064e-02
-4.527548461529270644e-07
-3.018635768935436649e-07
4.527548461499794427e-07
-2.370589839494951031e-12
-1.580546430373623472e-12
-4.527547765182868490e-07
2.370586362144212392e-12
1.580533311774813650e-12
3.018635768935436649e-07
-1.580546430373623472e-12
-1.053795359976342191e-12
-3.018635304643335336e-07
1.580545644574525673e-12
1.053784686617583533e-12
8.647112290079624064e-02
-4.527547765182868490e-07
-3.018635304643335336e-07
-8.647110960079729125e-02
4.527547765153391743e-07
3.018635304643337454e-07
-4.527548461529270644e-07
2.370586362144212392e-12
1.580545644574525673e-12
4.527547765153391743e-07
-2.370600247835806892e-12
-1.580532525480761345e-12
-3.018635768935436649e-07
1.580533311774813650e-12
1.053784686617583533e-12
3.018635304643337454e-07
-1.580532525480761345e-12
-1.053774289184746293e-12
6.165167249035314434e+00
-3.227603513135274293e-05
-2.151732690142775574e-05
-6.165167249035314434e+00
3.227603513074464104e-05
2.151732690142775574e-05
-3.227603513135274293e-05
1.689726691900261812e-10
1.126479465263230395e-10
3.227603513014612756e-05
-1.689720030562114061e-10
-1.126479465263230395e-10
-2.151732690142775574e-05
1.126479465263230395e-10
7.509848298781207632e-11
2.151732690145110674e-05
-1.126479465263230395e-10
-7.509881605471946386e-11
-6.165167249035314434e+00
3.227603513014612756e-05
2.151732690145110674e-05
6.165167249035314434e+00
-3.227603513075422945e-05
-2.151732690145110674e-05
3.227603513074464104e-05
-1.689720030562114061e-10
-1.126479465263230395e-10
-3.227603513075422945e-05
1.689726691900261812e-10
1.126479465263230395e-10
2.151732690142775574e-05
-1.126479465263230395e-10
-7.509881605471946386e-11
-2.151732690145110674e-05
1.126479465263230395e-10
7.509859401011453883e-11
3.122926908414107583e+00
-1.634550205212001426e-05
-1.089691045603956876e-05
-3.122926908414107583e+00
1.634550205214772918e-05
1.089691045603956537e-05
-1.634550205212001426e-05
8.555300218260342149e-11
5.703465477679969808e-11
1.634550205208073226e-05
-8.555261880871523061e-11
-5.703465477679969808e-11
-1.089691045603956876e-05
5.703465477679969808e-11
3.802269610275743617e-11
1.089691045603361751e-05
-5.703469641016312153e-11
-3.802286263621112994e-11
-3.122926908414107583e+00
1.634550205208073226e-05
1.089691045603361751e-05
3.122926908414107583e+00
-1.634550205205301734e-05
-1.089691045603361920e-05
1.634550205214772918e-05
-8.555261880871523061e-11
-5.703469641016312153e-11
-1.634550205205301734e-05
8.555290156864181483e-11
5.703468253237531371e-11
1.089691045603956537e-05
-5.703465477679969808e-11
-3.802286263621112994e-11
-1.089691045603361920e-05
5.703468253237531371e-11
3.802291814736236120e-11
2.112041717975509936e-01
-1.106234033371514148e-06
-7.377250895943439628e-07
-2.112041717975510491e-01
1.106234033342041002e-06
7.377250895943439628e-07
-1.106234033371514148e-06
5.794198454367460727e-12
3.864067052439246197e-12
1.106234033291039877e-06
-5.794240087730884170e-12
-3.864056644098390336e-12
-7.377250895943439628e-07
3.864067052439246197e-12
2.576891824923599472e-12
7.377250895952974043e-07
-3.864077460780102058e-12
-2.576889222838385507e-12
-2.112041717975510491e-01
1.106234033291039877e-06
7.377250895952974043e-07
2.112041717975509936e-01
-1.106234033320512812e-06
-7.377250895952975102e-07
1.106234033342041002e-06
-5.794240087730884170e-12
-3.864077460780102058e-12
-1.106234033320512812e-06
5.794253965518691984e-12
3.864067052439246197e-12
7.377250895943439628e-07
-3.864056644098390336e-12
-2.576889222838385507e-12
-7.377250895952975102e-07
3.864067052439246197e-12
2.576886620753171542e-12
-9.977553750148565603e-02
5.226391368765693726e-07
3.484018373931679345e-07
9.977553750148562828e-02
-5.226391368665189031e-07
-3.484018373931680404e-07
5.226391368765693726e-07
-2.737685078635364891e-12
-1.824967477424538475e-12
-5.226391368786293567e-07
2.737664261953654785e-12
1.824976584842724503e-12
3.484018373931679345e-07
-1.824967477424538475e-12
-1.216529331261912416e-12
-3.484018373932603140e-07
1.824963249156002932e-12
1.216544186788711691e-12
9.977553750148562828e-02
-5.226391368786293567e-07
-3.484018373932603140e-07
-9.977553750148565603e-02
5.226391368886799320e-07
3.484018373932599964e-07
-5.226391368665189031e-07
2.737664261953654785e-12
1.824963249156002932e-12
5.226391368886799320e-07
-2.737636506378037540e-12
-1.824972356334314660e-12
-3.484018373931680404e-07
1.824976584842724503e-12
1.216544186788711691e-12
3.484018373932599964e-07
-1.824972356334314660e-12
-1.216550527414384507e-12
-7.751268617562802332e-02
4.057475924031369043e-07
2.705260657141993288e-07
7.751268622562799970e-02
-4.057475921336201790e-07
-2.705260657141992229e-07
4.057475924031369043e-07
-2.123921335770262816e-12
-1.416080313098276896e-12
-4.057475926551485290e-07
2.123923527142530382e-12
1.416083904676006756e-12
2.705260657141993288e-07
-1.416080313098276896e-12
-9.441579457126842279e-13
-2.705260658887151151e-07
1.416081275485737873e-12
9.441510079332054594e-13
7.751268622562799970e-02
-4.057475926551485290e-07
-2.705260658887151151e-07
-7.751268627562801772e-02
4.057475924012057221e-07
2.705260658887150092e-07
-4.057475921336201790e-07
2.123923527142530382e-12
1.416081275485737873e-12
4.057475924012057221e-07
-2.123911763641768741e-12
-1.416085178455524915e-12
-2.705260657141992229e-07
1.416083904676006756e-12
9.441510079332054594e-13
2.705260658887150092e-07
-1.416085178455524915e-12
-9.441683540535400888e-13
3.122926908414107583e+00
-1.634550205212001426e-05
-1.089691045603956876e-05
-3.122926908414107583e+00
1.634550205214772918e-05
1.089691045603956537e-05
-1.634550205212001426e-05
8.555300218260342149e-11
5.703465477679969808e-11
1.634550205208073226e-05
-8.555261880871523061e-11
-5.703465477679969808e-11
-1.089691045603956876e-05
5.703465477679969808e-11
3.802269610275743617e-11
1.089691045603361751e-05
-5.703469641016312153e-11
-3.802286263621112994e-11
-3.122926908414107583e+00
1.634550205208073226e-05
1.089691045603361751e-05
3.122926908414107583e+00
-1.634550205205301734e-05
-1.089691045603361920e-05
1.634550205214772918e-05
-8.555261880871523061e-11
-5.703469641016312153e-11
-1.634550205205301734e-05
8.555290156864181483e-11
5.703468253237531371e-11
1.089691045603956537e-05
-5.703465477679969808e-11
-3.802286263621112994e-11
-1.089691045603361920e-05
5.703468253237531371e-11
3.802291814736236120e-11
-7.982956360205815949e-02
4.179836640940710470e-07
2.786759453252557407e-07
7.982956360205807622e-02
-4.179836641022461325e-07
-2.786759453252558466e-07
4.179836640940710470e-07
-2.188596526231378903e-12
-1.459101069134494111e-12
-4.179836641080251736e-07
2.188520198398435923e-12
1.459099334411018134e-12
2.786759453252557407e-07
-1.459101069134494111e-12
-9.728439841899527707e-13
-2.786759453251063453e-07
1.459123620539681809e-12
9.728438757697355221e-13
7.982956360205807622e-02
-4.179836641080251736e-07
-2.786759453251063453e-07
-7.982956360205815949e-02
4.179836640998500351e-07
2.786759453251061864e-07
-4.179836641022461325e-07
2.188520198398435923e-12
1.459123620539681809e-12
4.179836640998500351e-07
-2.188554892867955459e-12
-1.459121018454467844e-12
-2.786759453252558466e-07
1.459099334411018134e-12
9.728438757697355221e-13
2.786759453251061864e-07
-1.459121018454467844e-12
-9.728577535575433366e-13
-9.977553750148565603e-02
5.226391368765693726e-07
3.484018373931679345e-07
9.977553750148562828e-02
-5.226391368665189031e-07
-3.484018373931680404e-07
5.226391368765693726e-07
-2.737685078635364891e-12
-1.824967477424538475e-12
-5.226391368786293567e-07
2.737664261953654785e-12
1.824976584842724503e-12
3.484018373931679345e-07
-1.824967477424538475e-12
-1.216529331261912416e-12
-3.484018373932603140e-07
1.824963249156002932e-12
1.216544186788711691e-12
9.977553750148562828e-02
-5.226391368786293567e-07
-3.484018373932603140e-07
-9.977553750148565603e-02
5.226391368886799320e-07
3.484018373932599964e-07
-5.226391368665189031e-07
2.737664261953654785e-12
1.824963249156002932e-12
5.226391368886799320e-07
-2.737636506378037540e-12
-1.824972356334314660e-12
-3.484018373931680404e-07
1.824976584842724503e-12
1.216544186788711691e-12
3.484018373932599964e-07
-1.824972356334314660e-12
-1.216550527414384507e-12
-9.899606390122603350e-02
5.184303582341150287e-07
3.456456200633888967e-07
9.899606390122597799e-02
-5.184303582393446101e-07
-3.456456200633889496e-07
5.184303582341150287e-07
-2.714987956675691617e-12
-1.810122798362923706e-12
-5.184303582504991870e-07
2.714942853865303295e-12
1.810105776021508313e-12
3.456456200633888967e-07
-1.810122798362923706e-12
-1.206854591653293924e-12
-3.456456200634734941e-07
1.810126592703220035e-12
1.206826545833009654e-12
9.899606390122597799e-02
-5.184303582504991870e-07
-3.456456200634734941e-07
-9.899606390122603350e-02
5.184303582452696056e-07
3.456456200634737588e-07
-5.184303582393446101e-07
2.714942853865303295e-12
1.810126592703220035e-12
5.184303582452696056e-07
-2.714981017781787710e-12
-1.810109571096419382e-12
-3.456456200633889496e-07
1.810105776021508313e-12
1.206826545833009654e-12
3.456456200634737588e-07
-1.810109571096419382e-12
-1.206815758580794103e-12
-8.647113620079729945e-02
4.527548461499794427e-07
3.018635768935436649e-07
8.647112290079624064e-02
-4.527548461529270644e-07
-3.018635768935436649e-07
4.527548461499794427e-07
-2.370589839494951031e-12
-1.580546430373623472e-12
-4.527547765182868490e-07
2.370586362144212392e-12
1.580533311774813650e-12
3.018635768935436649e-07
-1.580546430373623472e-12
-1.053795359976342191e-12
-3.018635304643335336e-07
1.580545644574525673e-12
1.053784686617583533e-12
8.647112290079624064e-02
-4.527547765182868490e-07
-3.018635304643335336e-07
-8.647110960079729125e-02
4.527547765153391743e-07
3.018635304643337454e-07
-4.527548461529270644e-07
2.370586362144212392e-12
1.580545644574525673e-12
4.527547765153391743e-07
-2.370600247835806892e-12
-1.580532525480761345e-12
-3.018635768935436649e-07
1.580533311774813650e-12
1.053784686617583533e-12
3.018635304643337454e-07
-1.580532525480761345e-12
-1.053774289184746293e-12
8.554023320002682729e-01
-4.478319751549379785e-06
-2.985546233707501994e-06
-8.554023320002684949e-01
4.478319751465000056e-06
2.985546233707501994e-06
-4.478319751549379785e-06
2.344563128711674160e-11
1.563034380744343643e-11
4.478319751382455002e-06
-2.344551332592037518e-11
-1.563034510848604342e-11
-2.985546233707501994e-06
1.563034380744343643e-11
1.042022197694780772e-11
2.985546233708170726e-06
-1.563034250640082945e-11
-1.042022544639475967e-11
-8.554023320002684949e-01
4.478319751382455002e-06
2.985546233708170726e-06
8.554023320002682729e-01
-4.478319751466835577e-06
-2.985546233708170726e-06
4.478319751465000056e-06
-2.344551332592037518e-11
-1.563034250640082945e-11
-4.478319751466835577e-06
2.344551744588863063e-11
1.563034380744343643e-11
2.985546233707501994e-06
-1.563034510848604342e-11
-1.042022544639475967e-11
-2.985546233708170726e-06
1.563034380744343643e-11
1.042022544639475967e-11
-5.255252500233435070e-02
2.750934854689033042e-07
1.833165438690130382e-07
5.255252500233428131e-02
-2.750934854645961417e-07
-1.833165438690129853e-07
2.750934854689033042e-07
-1.440028651877867105e-12
-9.596137090246009693e-13
-2.750934854603306426e-07
1.440042529665674920e-12
9.596097245816170851e-13
1.833165438690130382e-07
-9.596137090246009693e-13
-6.394811576895904014e-13
-1.833165438689707660e-07
9.596151726975338248e-13
6.394811466781620871e-13
5.255252500233428131e-02
-2.750934854603306426e-07
-1.833165438689707660e-07
-5.255252500233435070e-02
2.750934854646378051e-07
1.833165438689709248e-07
-2.750934854645961417e-07
1.440042529665674920e-12
9.596151726975338248e-13
2.750934854646378051e-07
-1.440028651877867105e-12
-9.596112153596042527e-13
-1.833165438690129853e-07
9.596097245816170851e-13
6.394811466781620871e-13
1.833165438689709248e-07
-9.596112153596042527e-13
-6.394603190379616103e-13
-7.982956360205815949e-02
4.179836640940710470e-07
2.786759453252557407e-07
7.982956360205807622e-02
-4.179836641022461325e-07
-2.786759453252558466e-07
4.179836640940710470e-07
-2.188596526231378903e-12
-1.459101069134494111e-12
-4.179836641080251736e-07
2.188520198398435923e-12
1.459099334411018134e-12
2.786759453252557407e-07
-1.459101069134494111e-12
-9.728439841899527707e-13
-2.786759453251063453e-07
1.459123620539681809e-12
9.728438757697355221e-13
7.982956360205807622e-02
-4.179836641080251736e-07
-2.786759453251063453e-07
-7.982956360205815949e-02
4.179836640998500351e-07
2.786759453251061864e-07
-4.179836641022461325e-07
2.188520198398435923e-12
1.459123620539681809e-12
4.179836640998500351e-07
-2.188554892867955459e-12
-1.459121018454467844e-12
-2.786759453252558466e-07
1.459099334411018134e-12
9.728438757697355221e-13
2.786759453251061864e-07
-1.459121018454467844e-12
-9.728577535575433366e-13
-9.434032380176586574e-02
4.939343159757219339e-07
3.293454635073846740e-07
9.434032380176586574e-02
-4.940343159578354643e-07
-3.293454635073848328e-07
4.939343159757219339e-07
-2.586111880198416202e-12
-1.724349070648945048e-12
-4.939343159516007649e-07
2.586590663877785801e-12
1.724348094866989811e-12
3.293454635073846740e-07
-1.724349070648945048e-12
-1.149681366682244951e-12
-3.293454635074345431e-07
1.724697424806964641e-12
1.149709108705333424e-12
9.434032380176586574e-02
-4.939343159516007649e-07
-3.293454635074345431e-07
-9.434032380176586574e-02
4.940343159694794144e-07
3.293454635074342254e-07
-4.940343159578354643e-07
2.586590663877785801e-12
1.724697424806964641e-12
4.940343159694794144e-07
-2.587131897602290564e-12
-1.724696340604792155e-12
-3.293454635073848328e-07
1.724348094866989811e-12
1.149709108705333424e-12
3.293454635074342254e-07
-1.724696340604792155e-12
-1.149736850728421897e-12
-9.405563970099559135e-02
4.924687680669319542e-07
3.283388041233504335e-07
9.405563970099556359e-02
-4.924687680513386070e-07
-3.283388041233503805e-07
4.924687680669319542e-07
-2.578510321926685833e-12
-1.719161813773406742e-12
-4.924687680366605848e-07
2.578506852479733880e-12
1.719162681138142048e-12
3.283388041233504335e-07
-1.719161813773406742e-12
-1.146179486716933172e-12
-3.283388041233426513e-07
1.719154115940979413e-12
1.146188550213084389e-12
9.405563970099556359e-02
-4.924687680366605848e-07
-3.283388041233426513e-07
-9.405563970099559135e-02
4.924687680522537202e-07
3.283388041233426513e-07
-4.924687680513386070e-07
2.578506852479733880e-12
1.719154115940979413e-12
4.924687680522537202e-07
-2.578551955290109277e-12
-1.719154874879502834e-12
-3.283388041233503805e-07
1.719162681138142048e-12
1.146188550213084389e-12
3.283388041233426513e-07
-1.719154874879502834e-12
-1.146196883079603881e-12
2.855410571314991763e+00
-1.494511440103753913e-05
-9.963409600566051224e-06
-2.855410571314992652e+00
1.494511440041205950e-05
9.963409600566049530e-06
-1.494511440103753913e-05
7.822166525617291200e-11
5.214806364506330283e-11
1.494511439995106521e-05
-7.822206771201933861e-11
-5.214800813391207157e-11
-9.963409600566051224e-06
5.214806364506330283e-11
3.476541277080968939e-11
9.963409600564182670e-06
-5.214786935603399343e-11
-3.476552379311215191e-11
-2.855410571314992652e+00
1.494511439995106521e-05
9.963409600564182670e-06
2.855410571314991763e+00
-1.494511440057654144e-05
-9.963409600564182670e-06
1.494511440041205950e-05
-7.822206771201933861e-11
-5.214786935603399343e-11
-1.494511440057654144e-05
7.822195668971687610e-11
5.214781384488276217e-11
9.963409600566049530e-06
-5.214800813391207157e-11
-3.476552379311215191e-11
-9.963409600564182670e-06
5.214781384488276217e-11
3.476557930426338316e-11
9.365448659966549294e-02
-4.900554263702869777e-07
-3.267036175746253767e-07
-9.365448659966552070e-02
4.900554263620224772e-07
3.267036175746253767e-07
-4.900554263702869777e-07
2.564293395487106259e-12
1.709512298875638362e-12
4.900554263517640612e-07
-2.564276915998507783e-12
-1.709514915248709928e-12
-3.267036175746253767e-07
1.709512298875638362e-12
1.139677062686348855e-12
3.267036175753969178e-07
-1.709510578440019986e-12
-1.139679328446398606e-12
-9.365448659966552070e-02
4.900554263517640612e-07
3.267036175753969178e-07
9.365448659966549294e-02
-4.900554263600285616e-07
-3.267036175753968649e-07
4.900554263620224772e-07
-2.564276915998507783e-12
-1.709510578440019986e-12
-4.900554263600285616e-07
2.564282987146250398e-12
1.709513599918245345e-12
3.267036175746253767e-07
-1.709514915248709928e-12
-1.139679328446398606e-12
-3.267036175753968649e-07
1.709513599918245345e-12
1.139680532133300809e-12
2.708237469944555637e-02
-1.427764930555346522e-07
-9.525231750554945398e-08
-2.708237469944556330e-02
1.427764930521072393e-07
9.525231750554945398e-08
-1.427764930555346522e-07
7.527312088046014688e-13
5.021859910813937845e-13
1.427764930462271895e-07
-7.527329473105867768e-13
-5.021859417631339638e-13
-9.525231750554945398e-08
5.021859910813937845e-13
3.350129456094473761e-13
9.525231750788820460e-08
-5.021876764866099406e-13
-3.350213949013803989e-13
-2.708237469944556330e-02
1.427764930462271895e-07
9.525231750788820460e-08
2.708237469944555637e-02
-1.427764930496546024e-07
-9.525231750788816489e-08
1.427764930521072393e-07
-7.527329473105867768e-13
-5.021876764866099406e-13
-1.427764930496546024e-07
7.527329435280774456e-13
5.021868584431317729e-13
9.525231750554945398e-08
-5.021859417631339638e-13
-3.350213949013803989e-13
-9.525231750788816489e-08
5.021868584431317729e-13
3.350259560355172021e-13
8.377234799460805612e-03
-4.323250936219690619e-08
-2.882167290849161272e-08
-8.377234799460805612e-03
4.323250936193730382e-08
2.882167290849165905e-08
-4.323250936219690619e-08
2.231411503705625799e-13
1.487663289457417981e-13
4.323250936140113858e-08
-2.231390152296587436e-13
-1.487656353981582591e-13
-2.882167290849161272e-08
1.487663289457417981e-13
9.917890097984766054e-14
2.882167290624314391e-08
-1.487665027598962475e-13
-9.916677917812649743e-14
-8.377234799460805612e-03
4.323250936140113858e-08
2.882167290624314391e-08
8.377234799460805612e-03
-4.323250936166075418e-08
-2.882167290624315053e-08
4.323250936193730382e-08
-2.231390152296587436e-13
-1.487665027598962475e-13
-4.323250936166075418e-08
2.231359462001346495e-13
1.487671963074797865e-13
2.882167290849165905e-08
-1.487656353981582591e-13
-9.916677917812649743e-14
-2.882167290624315053e-08
1.487671963074797865e-13
9.916589055377783448e-14
-3.242349827532320372e-02
1.697734856032059438e-07
1.132089548680360259e-07
3.242349822532319265e-02
-1.697734855986143635e-07
-1.132089548680359862e-07
1.697734856032059438e-07
-8.889571721546594090e-13
-5.927734209953563899e-13
-1.697734853349348334e-07
8.889591836504942052e-13
5.927747664036650682e-13
1.132089548680360259e-07
-5.927734209953563899e-13
-3.952779943593070361e-13
-1.132089546939105365e-07
5.927778021697480276e-13
3.952688870702365103e-13
3.242349822532319265e-02
-1.697734853349348334e-07
-1.132089546939105365e-07
-3.242349817532320239e-02
1.697734853395264667e-07
1.132089546939105629e-07
-1.697734855986143635e-07
8.889591836504942052e-13
5.927778021697480276e-13
1.697734853395264667e-07
-8.889476311755415366e-13
-5.927768904423083435e-13
-1.132089548680359862e-07
5.927747664036650682e-13
3.952688870702365103e-13
1.132089546939105629e-07
-5.927768904423083435e-13
-3.952810301253899955e-13
2.855410571314991763e+00
-1.494511440103753913e-05
-9.963409600566051224e-06
-2.855410571314992652e+00
1.494511440041205950e-05
9.963409600566049530e-06
-1.494511440103753913e-05
7.822166525617291200e-11
5.214806364506330283e-11
1.494511439995106521e-05
-7.822206771201933861e-11
-5.214800813391207157e-11
-9.963409600566051224e-06
5.214806364506330283e-11
3.476541277080968939e-11
9.963409600564182670e-06
-5.214786935603399343e-11
-3.476552379311215191e-11
-2.855410571314992652e+00
1.494511439995106521e-05
9.963409600564182670e-06
2.855410571314991763e+00
-1.494511440057654144e-05
-9.963409600564182670e-06
1.494511440041205950e-05
-7.822206771201933861e-11
-5.214786935603399343e-11
-1.494511440057654144e-05
7.822195668971687610e-11
5.214781384488276217e-11
9.963409600566049530e-06
-5.214800813391207157e-11
-3.476552379311215191e-11
-9.963409600564182670e-06
5.214781384488276217e-11
3.476557930426338316e-11
6.924513134025325201e-01
-3.623917120856087726e-06
-2.415975260124800428e-06
-6.924513134025320760e-01
3.623917120949418474e-06
2.415975260124799581e-06
-3.623917120856087726e-06
1.896548196267389130e-11
1.264393104105643317e-11
3.623917121021077885e-06
-1.896569012949100852e-11
-1.264390675492776950e-11
-2.415975260124800428e-06
1.264393104105643317e-11
8.429458520087251827e-12
2.415975260128255475e-06
-1.264392063271557731e-11
-8.429371783913452987e-12
-6.924513134025320760e-01
3.623917121021077885e-06
2.415975260128255475e-06
6.924513134025325201e-01
-3.623917120927746713e-06
-2.415975260128256323e-06
3.623917120949418474e-06
-1.896569012949100852e-11
-1.264392063271557731e-11
-3.623917120927746713e-06
1.896561380165806554e-11
1.264391369382167341e-11
2.415975260124799581e-06
-1.264390675492776950e-11
-8.429371783913452987e-12
-2.415975260128256323e-06
1.264391369382167341e-11
8.429455050640299874e-12
5.078553119951208228e-02
-2.663140801691674456e-07
-1.775427201079948549e-07
-5.078553119951209616e-02
2.663140801640626956e-07
1.775427201079948549e-07
-2.663140801691674456e-07
1.396533930164700621e-12
9.310356305358702400e-13
2.663140801530643963e-07
-1.396540869058604528e-12
-9.310364978976082284e-13
-1.775427201079948549e-07
9.310356305358702400e-13
6.206801565766806306e-13
1.775427201089668253e-07
-9.310364978976082284e-13
-6.206818913001566074e-13
-5.078553119951209616e-02
2.663140801530643963e-07
1.775427201089668253e-07
5.078553119951208228e-02
-2.663140801581690404e-07
-1.775427201089667988e-07
2.663140801640626956e-07
-1.396540869058604528e-12
-9.310364978976082284e-13
-2.663140801581690404e-07
1.396554746846412343e-12
9.310347631741322516e-13
1.775427201079948549e-07
-9.310364978976082284e-13
-6.206818913001566074e-13
-1.775427201089667988e-07
9.310347631741322516e-13
6.206844933853705726e-13
-2.146298350046674241e-02
1.121763989362645720e-07
7.478426595623877261e-08
2.146298350046672160e-02
-1.121763989340798887e-07
-7.478426595623879908e-08
1.121763989362645720e-07
-5.862868702741800702e-13
-3.908592825854566959e-13
-1.121763989323434315e-07
5.862942591419147549e-13
3.908574226704959082e-13
7.478426595623877261e-08
-3.908592825854566959e-13
-2.605723798608063339e-13
-7.478426595577936311e-08
3.908600247557098734e-13
2.605606700469452215e-13
2.146298350046672160e-02
-1.121763989323434315e-07
-7.478426595577936311e-08
-2.146298350046674241e-02
1.121763989345281147e-07
7.478426595577932341e-08
-1.121763989340798887e-07
5.862942591419147549e-13
3.908600247557098734e-13
1.121763989345281147e-07
-5.862851355507040934e-13
-3.908601499471946843e-13
-7.478426595623879908e-08
3.908574226704959082e-13
2.605606700469452215e-13
7.478426595577932341e-08
-3.908601499471946843e-13
-2.605771503503652702e-13
-3.221050270025299644e-02
1.686421071688000079e-07
1.124002564847963985e-07
3.221050270025298257e-02
-1.686421071681778358e-07
-1.124002564847963853e-07
1.686421071688000079e-07
-8.829467575265263204e-13
-5.884855232824157928e-13
-1.686421071693459736e-07
8.829488319518460091e-13
5.884861912513763310e-13
1.124002564847963985e-07
-5.884855232824157928e-13
-3.922253156553513365e-13
-1.124002564854295027e-07
5.884848902087693484e-13
3.922218443517887620e-13
3.221050270025298257e-02
-1.686421071693459736e-07
-1.124002564854295027e-07
-3.221050270025299644e-02
1.686421071699681987e-07
1.124002564854295027e-07
-1.686421071681778358e-07
8.829488319518460091e-13
5.884848902087693484e-13
1.686421071699681987e-07
-8.829398186326224132e-13
-5.884855232824157928e-13
-1.124002564847963853e-07
5.884861912513763310e-13
3.922218443517887620e-13
1.124002564854295027e-07
-5.884855232824157928e-13
-3.922296524640412785e-13
6.086030346235386190e+00
-3.185601594489950901e-05
-2.123731490054150836e-05
-6.086030346235382638e+00
3.185601594595874065e-05
2.123731490054150836e-05
-3.185601594489950901e-05
1.667422866447054730e-10
1.111628566974331989e-10
3.185601594679574473e-05
-1.667438964680911795e-10
-1.111623570970721175e-10
-2.123731490054150836e-05
1.111628566974331989e-10
7.410727587142673656e-11
2.123731490050035273e-05
-1.111627456751307363e-10
-7.410744240488043033e-11
-6.086030346235382638e+00
3.185601594679574473e-05
2.123731490050035273e-05
6.086030346235386190e+00
-3.185601594573649276e-05
-2.123731490050035273e-05
3.185601594595874065e-05
-1.667438964680911795e-10
-1.111627456751307363e-10
-3.185601594573649276e-05
1.667436744234862545e-10
1.111623570970721175e-10
2.123731490054150836e-05
-1.111623570970721175e-10
-7.410744240488043033e-11
-2.123731490050035273e-05
1.111623570970721175e-10
7.410771996063658662e-11
2.855410571314991763e+00
-1.494511440103753913e-05
-9.963409600566051224e-06
-2.855410571314992652e+00
1.494511440041205950e-05
9.963409600566049530e-06
-1.494511440103753913e-05
7.822166525617291200e-11
5.214806364506330283e-11
1.494511439995106521e-05
-7.822206771201933861e-11
-5.214800813391207157e-11
-9.963409600566051224e-06
5.214806364506330283e-11
3.476541277080968939e-11
9.963409600564182670e-06
-5.214786935603399343e-11
-3.476552379311215191e-11
-2.855410571314992652e+00
1.494511439995106521e-05
9.963409600564182670e-06
2.855410571314991763e+00
-1.494511440057654144e-05
-9.963409600564182670e-06
1.494511440041205950e-05
-7.822206771201933861e-11
-5.214786935603399343e-11
-1.494511440057654144e-05
7.822195668971687610e-11
5.214781384488276217e-11
9.963409600566049530e-06
-5.214800813391207157e-11
-3.476552379311215191e-11
-9.963409600564182670e-06
5.214781384488276217e-11
3.476557930426338316e-11
1.816184210000159893e-01
-9.501808104866718614e-07
-6.333873553345590847e-07
-1.816184210000160448e-01
9.501808104680300427e-07
6.333873553345590847e-07
-9.501808104866718614e-07
4.971130224042802359e-12
3.313719307632134736e-12
9.501808104493796477e-07
-4.971101601105448742e-12
-3.313719334737189048e-12
-6.333873553345590847e-07
3.313719307632134736e-12
2.208914691784191753e-12
6.333873553345311327e-07
-3.313719443157406297e-12
-2.208914176788159822e-12
-1.816184210000160448e-01
9.501808104493796477e-07
6.333873553345311327e-07
1.816184210000159893e-01
-9.501808104680216782e-07
-6.333873553345311327e-07
9.501808104680300427e-07
-4.971101601105448742e-12
-3.313719443157406297e-12
-9.501808104680216782e-07
4.971101275844796996e-12
3.313719470262460609e-12
6.333873553345590847e-07
-3.313719334737189048e-12
-2.208914176788159822e-12
-6.333873553345311327e-07
3.313719470262460609e-12
2.208914745994300377e-12
-2.146298350046674241e-02
1.121763989362645720e-07
7.478426595623877261e-08
2.146298350046672160e-02
-1.121763989340798887e-07
-7.478426595623879908e-08
1.121763989362645720e-07
-5.862868702741800702e-13
-3.908592825854566959e-13
-1.121763989323434315e-07
5.862942591419147549e-13
3.908574226704959082e-13
7.478426595623877261e-08
-3.908592825854566959e-13
-2.605723798608063339e-13
-7.478426595577936311e-08
3.908600247557098734e-13
2.605606700469452215e-13
2.146298350046672160e-02
-1.121763989323434315e-07
-7.478426595577936311e-08
-2.146298350046674241e-02
1.121763989345281147e-07
7.478426595577932341e-08
-1.121763989340798887e-07
5.862942591419147549e-13
3.908600247557098734e-13
1.121763989345281147e-07
-5.862851355507040934e-13
-3.908601499471946843e-13
-7.478426595623879908e-08
3.908574226704959082e-13
2.605606700469452215e-13
7.478426595577932341e-08
-3.908601499471946843e-13
-2.605771503503652702e-13
-2.991717197519106961e-02
1.566401523470255344e-07
1.044554726727130468e-07
2.991717192519106894e-02
-1.566401523420592215e-07
-1.044554726727130468e-07
1.566401523470255344e-07
-8.201394837015041152e-13
-5.469100017697719432e-13
-1.566401520774249000e-07
8.201374063066147112e-13
5.469094776665479094e-13
1.044554726727130468e-07
-5.469100017697719432e-13
-3.647084804297693401e-13
-1.044554724976508183e-07
5.469086103048099210e-13
3.647032762593995708e-13
2.991717192519106894e-02
-1.566401520774249000e-07
-1.044554724976508183e-07
-2.991717187519107174e-02
1.566401520823912394e-07
1.044554724976508183e-07
-1.566401523420592215e-07
8.201374063066147112e-13
5.469086103048099210e-13
1.566401520823912394e-07
-8.201347132119451789e-13
-5.469091344080339548e-13
-1.044554726727130468e-07
5.469094776665479094e-13
3.647032762593995708e-13
1.044554724976508183e-07
-5.469091344080339548e-13
-3.647084804297693401e-13
2.855410571314991763e+00
-1.494511440103753913e-05
-9.963409600566051224e-06
-2.855410571314992652e+00
1.494511440041205950e-05
9.963409600566049530e-06
-1.494511440103753913e-05
7.822166525617291200e-11
5.214806364506330283e-11
1.494511439995106521e-05
-7.822206771201933861e-11
-5.214800813391207157e-11
-9.963409600566051224e-06
5.214806364506330283e-11
3.476541277080968939e-11
9.963409600564182670e-06
-5.214786935603399343e-11
-3.476552379311215191e-11
-2.855410571314992652e+00
1.494511439995106521e-05
9.963409600564182670e-06
2.855410571314991763e+00
-1.494511440057654144e-05
-9.963409600564182670e-06
1.494511440041205950e-05
-7.822206771201933861e-11
-5.214786935603399343e-11
-1.494511440057654144e-05
7.822195668971687610e-11
5.214781384488276217e-11
9.963409600566049530e-06
-5.214800813391207157e-11
-3.476552379311215191e-11
-9.963409600564182670e-06
5.214781384488276217e-11
3.476557930426338316e-11
8.377234799460805612e-03
-4.323250936219690619e-08
-2.882167290849161272e-08
-8.377234799460805612e-03
4.323250936193730382e-08
2.882167290849165905e-08
-4.323250936219690619e-08
2.231411503705625799e-13
1.487663289457417981e-13
4.323250936140113858e-08
-2.231390152296587436e-13
-1.487656353981582591e-13
-2.882167290849161272e-08
1.487663289457417981e-13
9.917890097984766054e-14
2.882167290624314391e-08
-1.487665027598962475e-13
-9.916677917812649743e-14
-8.377234799460805612e-03
4.323250936140113858e-08
2.882167290624314391e-08
8.377234799460805612e-03
-4.323250936166075418e-08
-2.882167290624315053e-08
4.323250936193730382e-08
-2.231390152296587436e-13
-1.487665027598962475e-13
-4.323250936166075418e-08
2.231359462001346495e-13
1.487671963074797865e-13
2.882167290849165905e-08
-1.487656353981582591e-13
-9.916677917812649743e-14
-2.882167290624315053e-08
1.487671963074797865e-13
9.916589055377783448e-14
-2.146298350046674241e-02
1.121763989362645720e-07
7.478426595623877261e-08
2.146298350046672160e-02
-1.121763989340798887e-07
-7.478426595623879908e-08
1.121763989362645720e-07
-5.862868702741800702e-13
-3.908592825854566959e-13
-1.121763989323434315e-07
5.862942591419147549e-13
3.908574226704959082e-13
7.478426595623877261e-08
-3.908592825854566959e-13
-2.605723798608063339e-13
-7.478426595577936311e-08
3.908600247557098734e-13
2.605606700469452215e-13
2.146298350046672160e-02
-1.121763989323434315e-07
-7.478426595577936311e-08
-2.146298350046674241e-02
1.121763989345281147e-07
7.478426595577932341e-08
-1.121763989340798887e-07
5.862942591419147549e-13
3.908600247557098734e-13
1.121763989345281147e-07
-5.862851355507040934e-13
-3.908601499471946843e-13
-7.478426595623879908e-08
3.908574226704959082e-13
2.605606700469452215e-13
7.478426595577932341e-08
-3.908601499471946843e-13
-2.605771503503652702e-13
-2.926983230039737621e-02
1.532624005443216175e-07
1.021749336972663472e-07
2.926983230039734846e-02
-1.532624005464577552e-07
-1.021749336972663604e-07
1.532624005443216175e-07
-8.024953593370430026e-13
-5.350057988054813801e-13
-1.532624005462502586e-07
8.025098319149083993e-13
5.350046009230567951e-13
1.021749336972663472e-07
-5.350057988054813801e-13
-3.566639234804319157e-13
-1.021749336968078377e-07
5.350063356465327719e-13
3.566569719264451267e-13
2.926983230039734846e-02
-1.532624005462502586e-07
-1.021749336968078377e-07
-2.926983230039737621e-02
1.532624005441140680e-07
1.021749336968078112e-07
-1.532624005464577552e-07
8.025098319149083993e-13
5.350063356465327719e-13
1.532624005441140680e-07
-8.025022982309469098e-13
-5.350040640820054033e-13
-1.021749336972663604e-07
5.350046009230567951e-13
3.566569719264451267e-13
1.021749336968078112e-07
-5.350040640820054033e-13
-3.566725970978117997e-13
-3.221050270025299644e-02
1.686421071688000079e-07
1.124002564847963985e-07
3.221050270025298257e-02
-1.686421071681778358e-07
-1.124002564847963853e-07
1.686421071688000079e-07
-8.829467575265263204e-13
-5.884855232824157928e-13
-1.686421071693459736e-07
8.829488319518460091e-13
5.884861912513763310e-13
1.124002564847963985e-07
-5.884855232824157928e-13
-3.922253156553513365e-13
-1.124002564854295027e-07
5.884848902087693484e-13
3.922218443517887620e-13
3.221050270025298257e-02
-1.686421071693459736e-07
-1.124002564854295027e-07
-3.221050270025299644e-02
1.686421071699681987e-07
1.124002564854295027e-07
-1.686421071681778358e-07
8.829488319518460091e-13
5.884848902087693484e-13
1.686421071699681987e-07
-8.829398186326224132e-13
-5.884855232824157928e-13
-1.124002564847963853e-07
5.884861912513763310e-13
3.922218443517887620e-13
1.124002564854295027e-07
-5.884855232824157928e-13
-3.922296524640412785e-13
6.924513134025325201e-01
-3.623917120856087726e-06
-2.415975260124800428e-06
-6.924513134025320760e-01
3.623917120949418474e-06
2.415975260124799581e-06
-3.623917120856087726e-06
1.896548196267389130e-11
1.264393104105643317e-11
3.623917121021077885e-06
-1.896569012949100852e-11
-1.264390675492776950e-11
-2.415975260124800428e-06
1.264393104105643317e-11
8.429458520087251827e-12
2.415975260128255475e-06
-1.264392063271557731e-11
-8.429371783913452987e-12
-6.924513134025320760e-01
3.623917121021077885e-06
2.415975260128255475e-06
6.924513134025325201e-01
-3.623917120927746713e-06
-2.415975260128256323e-06
3.623917120949418474e-06
-1.896569012949100852e-11
-1.264392063271557731e-11
-3.623917120927746713e-06
1.896561380165806554e-11
1.264391369382167341e-11
2.415975260124799581e-06
-1.264390675492776950e-11
-8.429371783913452987e-12
-2.415975260128256323e-06
1.264391369382167341e-11
8.429455050640299874e-12
2.708237469944555637e-02
-1.427764930555346522e-07
-9.525231750554945398e-08
-2.708237469944556330e-02
1.427764930521072393e-07
9.525231750554945398e-08
-1.427764930555346522e-07
7.527312088046014688e-13
5.021859910813937845e-13
1.427764930462271895e-07
-7.527329473105867768e-13
-5.021859417631339638e-13
-9.525231750554945398e-08
5.021859910813937845e-13
3.350129456094473761e-13
9.525231750788820460e-08
-5.021876764866099406e-13
-3.350213949013803989e-13
-2.708237469944556330e-02
1.427764930462271895e-07
9.525231750788820460e-08
2.708237469944555637e-02
-1.427764930496546024e-07
-9.525231750788816489e-08
1.427764930521072393e-07
-7.527329473105867768e-13
-5.021876764866099406e-13
-1.427764930496546024e-07
7.527329435280774456e-13
5.021868584431317729e-13
9.525231750554945398e-08
-5.021859417631339638e-13
-3.350213949013803989e-13
-9.525231750788816489e-08
5.021868584431317729e-13
3.350259560355172021e-13
8.377234799460805612e-03
-4.323250936219690619e-08
-2.882167290849161272e-08
-8.377234799460805612e-03
4.323250936193730382e-08
2.882167290849165905e-08
-4.323250936219690619e-08
2.231411503705625799e-13
1.487663289457417981e-13
4.323250936140113858e-08
-2.231390152296587436e-13
-1.487656353981582591e-13
-2.882167290849161272e-08
1.487663289457417981e-13
9.917890097984766054e-14
2.882167290624314391e-08
-1.487665027598962475e-13
-9.916677917812649743e-14
-8.377234799460805612e-03
4.323250936140113858e-08
2.882167290624314391e-08
8.377234799460805612e-03
-4.323250936166075418e-08
-2.882167290624315053e-08
4.323250936193730382e-08
-2.231390152296587436e-13
-1.487665027598962475e-13
-4.323250936166075418e-08
2.231359462001346495e-13
1.487671963074797865e-13
2.882167290849165905e-08
-1.487656353981582591e-13
-9.916677917812649743e-14
-2.882167290624315053e-08
1.487671963074797865e-13
9.916589055377783448e-14
-8.580660600518421818e-03
4.462013864097686627e-08
2.977294462222480470e-08
8.580660600518387124e-03
-4.462013864261682793e-08
-2.977294462222479146e-08
4.462013864097686627e-08
-2.320243416841248396e-13
-1.548124074879334928e-13
-4.462013863740629152e-08
2.320315353744308262e-13
1.548131815687388751e-13
2.977294462222480470e-08
-1.548124074879334928e-13
-1.033340247840565100e-13
-2.977294462073024815e-08
1.548157836539528403e-13
1.033097051212527047e-13
8.580660600518387124e-03
-4.462013863740629152e-08
-2.977294462073024815e-08
-8.580660600518421818e-03
4.462013863576629015e-08
2.977294462073030770e-08
-4.462013864261682793e-08
2.320315353744308262e-13
1.548157836539528403e-13
4.462013863576629015e-08
-2.320278111310767932e-13
-1.548193463818374000e-13
-2.977294462222479146e-08
1.548131815687388751e-13
1.033097051212527047e-13
2.977294462073030770e-08
-1.548193463818374000e-13
-1.033158101875587536e-13
-3.242349827532320372e-02
1.697734856032059438e-07
1.132089548680360259e-07
3.242349822532319265e-02
-1.697734855986143635e-07
-1.132089548680359862e-07
1.697734856032059438e-07
-8.889571721546594090e-13
-5.927734209953563899e-13
-1.697734853349348334e-07
8.889591836504942052e-13
5.927747664036650682e-13
1.132089548680360259e-07
-5.927734209953563899e-13
-3.952779943593070361e-13
-1.132089546939105365e-07
5.927778021697480276e-13
3.952688870702365103e-13
3.242349822532319265e-02
-1.697734853349348334e-07
-1.132089546939105365e-07
-3.242349817532320239e-02
1.697734853395264667e-07
1.132089546939105629e-07
-1.697734855986143635e-07
8.889591836504942052e-13
5.927778021697480276e-13
1.697734853395264667e-07
-8.889476311755415366e-13
-5.927768904423083435e-13
-1.132089548680359862e-07
5.927747664036650682e-13
3.952688870702365103e-13
1.132089546939105629e-07
-5.927768904423083435e-13
-3.952810301253899955e-13
3.075367914410409576e+00
-1.612455187386119192e-05
-1.074970125066965901e-05
-3.075367914410409576e+00
1.612455187375343578e-05
1.074970125066966240e-05
-1.612455187386119192e-05
8.454329250562331310e-11
5.636222044635985640e-11
1.612455187366974214e-05
-8.454299760263239705e-11
-5.636223432414766421e-11
-1.074970125066965901e-05
5.636222044635985640e-11
3.757455457886749173e-11
1.074970125066948113e-05
-5.636216493520862514e-11
-3.757447131214064484e-11
-3.075367914410409576e+00
1.612455187366974214e-05
1.074970125066948113e-05
3.075367914410409576e+00
-1.612455187377749829e-05
-1.074970125066947605e-05
1.612455187375343578e-05
-8.454299760263239705e-11
-5.636216493520862514e-11
-1.612455187377749829e-05
8.454334107788064046e-11
5.636217881299643295e-11
1.074970125066966240e-05
-5.636223432414766421e-11
-3.757447131214064484e-11
-1.074970125066947605e-05
5.636217881299643295e-11
3.757461009001872299e-11
-2.104789160385906605e-02
1.101872705338824374e-07
7.346409963428528700e-08
2.104789160385905911e-02
-1.101872705490657147e-07
-7.346409963428459879e-08
1.101872705338824374e-07
-5.767192279293453794e-13
-3.844979890033073389e-13
-1.101872705382254929e-07
5.767192279293453794e-13
3.844771723215956172e-13
7.346409963428528700e-08
-3.844979890033073389e-13
-2.563886603024201349e-13
-7.346409963776166904e-08
3.844424778520760810e-13
2.564511103475553000e-13
2.104789160385905911e-02
-1.101872705382254929e-07
-7.346409963776166904e-08
-2.104789160385906605e-02
1.101872705230422156e-07
7.346409963776219843e-08
-1.101872705490657147e-07
5.767192279293453794e-13
3.844424778520760810e-13
1.101872705230422156e-07
-5.767747390805766372e-13
-3.844494167459799883e-13
-7.346409963428459879e-08
3.844771723215956172e-13
2.564511103475553000e-13
7.346409963776219843e-08
-3.844494167459799883e-13
-2.564407020066994392e-13
-1.088129209030573308e-01
5.699225395545350627e-07
3.799873687759492389e-07
1.088129209030571365e-01
-5.699225395564772034e-07
-3.799873687759494507e-07
5.699225395545350627e-07
-2.984938689982173988e-12
-1.990213549873628661e-12
-5.699225395516467863e-07
2.985028885865160741e-12
1.990241304739329454e-12
3.799873687759492389e-07
-1.990213549873628661e-12
-1.326924681270056748e-12
-3.799873687792944367e-07
1.990178854694194289e-12
1.326893456195734235e-12
1.088129209030571365e-01
-5.699225395516467863e-07
-3.799873687792944367e-07
-1.088129209030573308e-01
5.699225395497047515e-07
3.799873687792935897e-07
-5.699225395564772034e-07
2.985028885865160741e-12
1.990178854694194289e-12
5.699225395497047515e-07
-2.984945628876077895e-12
-1.990227427661436476e-12
-3.799873687759494507e-07
1.990241304739329454e-12
1.326893456195734235e-12
3.799873687792935897e-07
-1.990227427661436476e-12
-1.326976722974336052e-12
-1.214947284026303420e-01
6.361471656288295590e-07
4.241412142281571071e-07
1.214947284026301755e-01
-6.361471658787243954e-07
-4.241412142281570012e-07
6.361471656288295590e-07
-3.330929499237300639e-12
-2.220992487145245775e-12
-6.361471656255312127e-07
3.330913236204713357e-12
2.220997691315673706e-12
4.241412142281571071e-07
-2.220992487145245775e-12
-1.480690570154763665e-12
-4.241412142286846498e-07
2.221002895486101636e-12
1.480593425640108560e-12
1.214947284026301755e-01
-6.361471656255312127e-07
-4.241412142286846498e-07
-1.214947284026303420e-01
6.361471658992370982e-07
4.241412142286849145e-07
-6.361471658787243954e-07
3.330913236204713357e-12
2.221002895486101636e-12
6.361471658992370982e-07
-3.330883312224752757e-12
-2.220997691315673706e-12
-4.241412142281570012e-07
2.220997691315673706e-12
1.480593425640108560e-12
4.241412142286849145e-07
-2.220997691315673706e-12
-1.480676692366955851e-12
-1.083351908012946396e-01
5.666457691364140338e-07
3.777638460900801979e-07
1.083351908012945564e-01
-5.666457691353478311e-07
-3.777638460900802509e-07
5.666457691364140338e-07
-2.963802874662387118e-12
-1.975913813174907878e-12
-5.666457691370645551e-07
2.963847856711969378e-12
1.975902491573149129e-12
3.777638460900801979e-07
-1.975913813174907878e-12
-1.317277940418773675e-12
-3.777638460916461501e-07
1.975895552679245222e-12
1.317230990035919468e-12
1.083351908012945564e-01
-5.666457691370645551e-07
-3.777638460916461501e-07
-1.083351908012946396e-01
5.666457691381307579e-07
3.777638460916462030e-07
-5.666457691353478311e-07
2.963847856711969378e-12
1.975895552679245222e-12
5.666457691381307579e-07
-2.963823691344098840e-12
-1.975889527046244203e-12
-3.777638460900802509e-07
1.975902491573149129e-12
1.317230990035919468e-12
3.777638460916462030e-07
-1.975889527046244203e-12
-1.317267532077917814e-12
3.075367914410409576e+00
-1.612455187386119192e-05
-1.074970125066965901e-05
-3.075367914410409576e+00
1.612455187375343578e-05
1.074970125066966240e-05
-1.612455187386119192e-05
8.454329250562331310e-11
5.636222044635985640e-11
1.612455187366974214e-05
-8.454299760263239705e-11
-5.636223432414766421e-11
-1.074970125066965901e-05
5.636222044635985640e-11
3.757455457886749173e-11
1.074970125066948113e-05
-5.636216493520862514e-11
-3.757447131214064484e-11
-3.075367914410409576e+00
1.612455187366974214e-05
1.074970125066948113e-05
3.075367914410409576e+00
-1.612455187377749829e-05
-1.074970125066947605e-05
1.612455187375343578e-05
-8.454299760263239705e-11
-5.636216493520862514e-11
-1.612455187377749829e-05
8.454334107788064046e-11
5.636217881299643295e-11
1.074970125066966240e-05
-5.636223432414766421e-11
-3.757447131214064484e-11
-1.074970125066947605e-05
5.636217881299643295e-11
3.757461009001872299e-11
7.480068940229860353e-01
-3.597041091651777574e-06
-2.397991139355317507e-06
-7.480068939729860311e-01
3.597041091431411365e-06
2.397991139355317930e-06
-3.597041091651777574e-06
1.729769626146460126e-11
1.153165410383572009e-11
3.597041091473677462e-06
-1.729769799618807724e-11
-1.153153961208630562e-11
-2.397991139355317507e-06
1.153165410383572009e-11
7.687725456229088650e-12
2.397991139191630931e-06
-1.153156042876801735e-11
-7.687656067290049577e-12
-7.480068939729860311e-01
3.597041091473677462e-06
2.397991139191630931e-06
7.480068939229860270e-01
-3.597041091213160197e-06
-2.397991139191631354e-06
3.597041091431411365e-06
-1.729769799618807724e-11
-1.153156042876801735e-11
-3.597041091213160197e-06
1.729765809754812977e-11
1.153166104272962400e-11
2.397991139355317930e-06
-1.153153961208630562e-11
-7.687656067290049577e-12
-2.397991139191631354e-06
1.153166104272962400e-11
7.687628311714433949e-12
-8.041509800348783932e-02
4.212356641332341264e-07
2.808078600302860905e-07
8.041509800348761727e-02
-4.212356644037473330e-07
-2.808078600302858787e-07
4.212356641332341264e-07
-2.206638084062406691e-12
-1.471071528480472068e-12
-4.212356641295321689e-07
2.206604907475928634e-12
1.471085406268279883e-12
2.808078600302860905e-07
-1.471071528480472068e-12
-9.806877532270164011e-13
-2.808078600310614433e-07
1.471116631290847465e-12
9.805073419855148131e-13
8.041509800348761727e-02
-4.212356641295321689e-07
-2.808078600310614433e-07
-8.041509800348783932e-02
4.212356643828455245e-07
2.808078600310617080e-07
-4.212356644037473330e-07
2.206604907475928634e-12
1.471116631290847465e-12
4.212356643828455245e-07
-2.206557636261208266e-12
-1.471114896567371488e-12
-2.808078600302858787e-07
1.471085406268279883e-12
9.805073419855148131e-13
2.808078600310617080e-07
-1.471114896567371488e-12
-9.806044865001695143e-13
-1.207516275018819807e-01
6.319609900000000995e-07
4.213312398882970269e-07
1.207516275018818974e-01
-6.319609902374353989e-07
-4.213312398882970798e-07
6.319609900000000995e-07
-3.307460574408609133e-12
-2.205074664529682593e-12
-6.319609899698258213e-07
3.307443149246818218e-12
2.205062738305785253e-12
4.213312398882970269e-07
-2.205074664529682593e-12
-1.470157329208633704e-12
-4.213312398883124323e-07
2.205064256188826732e-12
1.470081001375687898e-12
1.207516275018818974e-01
-6.319609899698258213e-07
-4.213312398883124323e-07
-1.207516275018819807e-01
6.319609902557468748e-07
4.213312398883126441e-07
-6.319609902374353989e-07
3.307443149246818218e-12
2.205064256188826732e-12
6.319609902557468748e-07
-3.307418788579255184e-12
-2.205049944720149924e-12
-4.213312398882970798e-07
2.205062738305785253e-12
1.470081001375687898e-12
4.213312398883126441e-07
-2.205049944720149924e-12
-1.470122634739114168e-12
-9.962918820106485274e-02
5.224070330183597183e-07
3.482713553361397043e-07
9.962918820106482498e-02
-5.224070330019250556e-07
-3.482713553361396513e-07
5.224070330183597183e-07
-2.739297462888727632e-12
-1.826173866313780324e-12
-5.224070329996952414e-07
2.739274993918656951e-12
1.826175390052924498e-12
3.482713553361397043e-07
-1.826173866313780324e-12
-1.217437622528827963e-12
-3.482713553372641405e-07
1.826171920605972544e-12
1.217413309458314568e-12
9.962918820106482498e-02
-5.224070329996952414e-07
-3.482713553372641405e-07
-9.962918820106485274e-02
5.224070330161300099e-07
3.482713553372641405e-07
-5.224070330019250556e-07
2.739274993918656951e-12
1.826171920605972544e-12
5.224070330161300099e-07
-2.739248890631400281e-12
-1.826168662143352393e-12
-3.482713553361396513e-07
1.826175390052924498e-12
1.217413309458314568e-12
3.482713553372641405e-07
-1.826168662143352393e-12
-1.217446296146207847e-12
5.914673424230734611e+00
-3.100075638949783072e-05
-2.066711197830747287e-05
-5.914673424230732834e+00
3.100075638959554444e-05
2.066711197830747287e-05
-3.100075638949783072e-05
1.624848033898729227e-10
1.083233780452275141e-10
3.100075638970370038e-05
-1.624840262337556851e-10
-1.083231837561982047e-10
-2.066711197830747287e-05
1.083233780452275141e-10
7.221513664834589008e-11
2.066711197830477253e-05
-1.083233225340762829e-10
-7.221508113719465882e-11
-5.914673424230732834e+00
3.100075638970370038e-05
2.066711197830477253e-05
5.914673424230734611e+00
-3.100075638960598666e-05
-2.066711197830477253e-05
3.100075638959554444e-05
-1.624840262337556851e-10
-1.083233225340762829e-10
-3.100075638960598666e-05
1.624854695236876978e-10
1.083231560006225891e-10
2.066711197830747287e-05
-1.083231837561982047e-10
-7.221508113719465882e-11
-2.066711197830477253e-05
1.083231560006225891e-10
7.221501174825561975e-11
3.075367914410409576e+00
-1.612455187386119192e-05
-1.074970125066965901e-05
-3.075367914410409576e+00
1.612455187375343578e-05
1.074970125066966240e-05
-1.612455187386119192e-05
8.454329250562331310e-11
5.636222044635985640e-11
1.612455187366974214e-05
-8.454299760263239705e-11
-5.636223432414766421e-11
-1.074970125066965901e-05
5.636222044635985640e-11
3.757455457886749173e-11
1.074970125066948113e-05
-5.636216493520862514e-11
-3.757447131214064484e-11
-3.075367914410409576e+00
1.612455187366974214e-05
1.074970125066948113e-05
3.075367914410409576e+00
-1.612455187377749829e-05
-1.074970125066947605e-05
1.612455187375343578e-05
-8.454299760263239705e-11
-5.636216493520862514e-11
-1.612455187377749829e-05
8.454334107788064046e-11
5.636217881299643295e-11
1.074970125066966240e-05
-5.636223432414766421e-11
-3.757447131214064484e-11
-1.074970125066947605e-05
5.636217881299643295e-11
3.757461009001872299e-11
9.605142627048131321e-02
-8.021544116603563203e-06
-5.346655669940492028e-06
-9.605142627048139647e-02
8.021544116612055556e-06
5.346655669940493722e-06
-8.021544116603563203e-06
6.699034105217549495e-10
4.465153594090942590e-10
8.021544116639091153e-06
-6.699032856216646792e-10
-4.465153316535186434e-10
-5.346655669940492028e-06
4.465153594090942590e-10
2.976188809289403991e-10
5.346655669935985813e-06
-4.465153455313064512e-10
-2.976189711345611499e-10
-9.605142627048139647e-02
8.021544116639091153e-06
5.346655669935985813e-06
9.605142627048131321e-02
-8.021544116630602189e-06
-5.346655669935987507e-06
8.021544116612055556e-06
-6.699032856216646792e-10
-4.465153455313064512e-10
-8.021544116630602189e-06
6.699033827661793339e-10
4.465153247146247395e-10
5.346655669940493722e-06
-4.465153316535186434e-10
-2.976189711345611499e-10
-5.346655669935987507e-06
4.465153247146247395e-10
2.976188809289403991e-10
-1.207516275018819807e-01
6.319609900000000995e-07
4.213312398882970269e-07
1.207516275018818974e-01
-6.319609902374353989e-07
-4.213312398882970798e-07
6.319609900000000995e-07
-3.307460574408609133e-12
-2.205074664529682593e-12
-6.319609899698258213e-07
3.307443149246818218e-12
2.205062738305785253e-12
4.213312398882970269e-07
-2.205074664529682593e-12
-1.470157329208633704e-12
-4.213312398883124323e-07
2.205064256188826732e-12
1.470081001375687898e-12
1.207516275018818974e-01
-6.319609899698258213e-07
-4.213312398883124323e-07
-1.207516275018819807e-01
6.319609902557468748e-07
4.213312398883126441e-07
-6.319609902374353989e-07
3.307443149246818218e-12
2.205064256188826732e-12
6.319609902557468748e-07
-3.307418788579255184e-12
-2.205049944720149924e-12
-4.213312398882970798e-07
2.205062738305785253e-12
1.470081001375687898e-12
4.213312398883126441e-07
-2.205049944720149924e-12
-1.470122634739114168e-12
-9.041854930086724862e-02
4.751683814897072703e-07
3.168326669922276243e-07
9.041854930086716535e-02
-4.751683814903089813e-07
-3.168326669922275714e-07
4.751683814897072703e-07
-2.497099479325084310e-12
-1.665026562241305382e-12
-4.751683814897576688e-07
2.497119101031339988e-12
1.665026684800192473e-12
3.168326669922276243e-07
-1.665026562241305382e-12
-1.110210920481357985e-12
-3.168326669920783348e-07
1.665024950076716496e-12
1.110188291235103722e-12
9.041854930086716535e-02
-4.751683814897576688e-07
-3.168326669920783348e-07
-9.041854930086724862e-02
4.751683814891559577e-07
3.168326669920784406e-07
-4.751683814903089813e-07
2.497119101031339988e-12
1.665024950076716496e-12
4.751683814891559577e-07
-2.497102948772036263e-12
-1.665021358070877452e-12
-3.168326669922275714e-07
1.665026684800192473e-12
1.110188291235103722e-12
3.168326669920784406e-07
-1.665021358070877452e-12
-1.110207451034406031e-12
3.075367914410409576e+00
-1.612455187386119192e-05
-1.074970125066965901e-05
-3.075367914410409576e+00
1.612455187375343578e-05
1.074970125066966240e-05
-1.612455187386119192e-05
8.454329250562331310e-11
5.636222044635985640e-11
1.612455187366974214e-05
-8.454299760263239705e-11
-5.636223432414766421e-11
-1.074970125066965901e-05
5.636222044635985640e-11
3.757455457886749173e-11
1.074970125066948113e-05
-5.636216493520862514e-11
-3.757447131214064484e-11
-3.075367914410409576e+00
1.612455187366974214e-05
1.074970125066948113e-05
3.075367914410409576e+00
-1.612455187377749829e-05
-1.074970125066947605e-05
1.612455187375343578e-05
-8.454299760263239705e-11
-5.636216493520862514e-11
-1.612455187377749829e-05
8.454334107788064046e-11
5.636217881299643295e-11
1.074970125066966240e-05
-5.636223432414766421e-11
-3.757447131214064484e-11
-1.074970125066947605e-05
5.636217881299643295e-11
3.757461009001872299e-11
-1.214947284026303420e-01
6.361471656288295590e-07
4.241412142281571071e-07
1.214947284026301755e-01
-6.361471658787243954e-07
-4.241412142281570012e-07
6.361471656288295590e-07
-3.330929499237300639e-12
-2.220992487145245775e-12
-6.361471656255312127e-07
3.330913236204713357e-12
2.220997691315673706e-12
4.241412142281571071e-07
-2.220992487145245775e-12
-1.480690570154763665e-12
-4.241412142286846498e-07
2.221002895486101636e-12
1.480593425640108560e-12
1.214947284026301755e-01
-6.361471656255312127e-07
-4.241412142286846498e-07
-1.214947284026303420e-01
6.361471658992370982e-07
4.241412142286849145e-07
-6.361471658787243954e-07
3.330913236204713357e-12
2.221002895486101636e-12
6.361471658992370982e-07
-3.330883312224752757e-12
-2.220997691315673706e-12
-4.241412142281570012e-07
2.220997691315673706e-12
1.480593425640108560e-12
4.241412142286849145e-07
-2.220997691315673706e-12
-1.480676692366955851e-12
-1.207516275018819807e-01
6.319609900000000995e-07
4.213312398882970269e-07
1.207516275018818974e-01
-6.319609902374353989e-07
-4.213312398882970798e-07
6.319609900000000995e-07
-3.307460574408609133e-12
-2.205074664529682593e-12
-6.319609899698258213e-07
3.307443149246818218e-12
2.205062738305785253e-12
4.213312398882970269e-07
-2.205074664529682593e-12
-1.470157329208633704e-12
-4.213312398883124323e-07
2.205064256188826732e-12
1.470081001375687898e-12
1.207516275018818974e-01
-6.319609899698258213e-07
-4.213312398883124323e-07
-1.207516275018819807e-01
6.319609902557468748e-07
4.213312398883126441e-07
-6.319609902374353989e-07
3.307443149246818218e-12
2.205064256188826732e-12
6.319609902557468748e-07
-3.307418788579255184e-12
-2.205049944720149924e-12
-4.213312398882970798e-07
2.205062738305785253e-12
1.470081001375687898e-12
4.213312398883126441e-07
-2.205049944720149924e-12
-1.470122634739114168e-12
-1.156682029015684010e-01
6.051806766151662943e-07
4.034622953911383758e-07
1.156682029015683455e-01
-6.052806765899021678e-07
-4.034622953911383758e-07
6.051806766151662943e-07
-3.166388512029903878e-12
-2.110915262952017195e-12
-6.051806765854464493e-07
3.166896079179061375e-12
2.110919424449209720e-12
4.034622953911383758e-07
-2.110915262952017195e-12
-1.407358864702971119e-12
-4.034622953870896642e-07
2.111262899697453128e-12
1.407306302902341371e-12
1.156682029015683455e-01
-6.051806765854464493e-07
-4.034622953870896642e-07
-1.156682029015684010e-01
6.052806766107031794e-07
4.034622953870896642e-07
-6.052806765899021678e-07
3.166896079179061375e-12
2.111262899697453128e-12
6.052806766107031794e-07
-3.167339140494739168e-12
-2.111279554881972325e-12
-4.034622953911383758e-07
2.110919424449209720e-12
1.407306302902341371e-12
4.034622953870896642e-07
-2.111279554881972325e-12
-1.407343252191687328e-12
-9.962918820106485274e-02
5.224070330183597183e-07
3.482713553361397043e-07
9.962918820106482498e-02
-5.224070330019250556e-07
-3.482713553361396513e-07
5.224070330183597183e-07
-2.739297462888727632e-12
-1.826173866313780324e-12
-5.224070329996952414e-07
2.739274993918656951e-12
1.826175390052924498e-12
3.482713553361397043e-07
-1.826173866313780324e-12
-1.217437622528827963e-12
-3.482713553372641405e-07
1.826171920605972544e-12
1.217413309458314568e-12
9.962918820106482498e-02
-5.224070329996952414e-07
-3.482713553372641405e-07
-9.962918820106485274e-02
5.224070330161300099e-07
3.482713553372641405e-07
-5.224070330019250556e-07
2.739274993918656951e-12
1.826171920605972544e-12
5.224070330161300099e-07
-2.739248890631400281e-12
-1.826168662143352393e-12
-3.482713553361396513e-07
1.826175390052924498e-12
1.217413309458314568e-12
3.482713553372641405e-07
-1.826168662143352393e-12
-1.217446296146207847e-12
7.480068940229860353e-01
-3.597041091651777574e-06
-2.397991139355317507e-06
-7.480068939729860311e-01
3.597041091431411365e-06
2.397991139355317930e-06
-3.597041091651777574e-06
1.729769626146460126e-11
1.153165410383572009e-11
3.597041091473677462e-06
-1.729769799618807724e-11
-1.153153961208630562e-11
-2.397991139355317507e-06
1.153165410383572009e-11
7.687725456229088650e-12
2.397991139191630931e-06
-1.153156042876801735e-11
-7.687656067290049577e-12
-7.480068939729860311e-01
3.597041091473677462e-06
2.397991139191630931e-06
7.480068939229860270e-01
-3.597041091213160197e-06
-2.397991139191631354e-06
3.597041091431411365e-06
-1.729769799618807724e-11
-1.153156042876801735e-11
-3.597041091213160197e-06
1.729765809754812977e-11
1.153166104272962400e-11
2.397991139355317930e-06
-1.153153961208630562e-11
-7.687656067290049577e-12
-2.397991139191631354e-06
1.153166104272962400e-11
7.687628311714433949e-12
-1.088129209030573308e-01
5.699225395545350627e-07
3.799873687759492389e-07
1.088129209030571365e-01
-5.699225395564772034e-07
-3.799873687759494507e-07
5.699225395545350627e-07
-2.984938689982173988e-12
-1.990213549873628661e-12
-5.699225395516467863e-07
2.985028885865160741e-12
1.990241304739329454e-12
3.799873687759492389e-07
-1.990213549873628661e-12
-1.326924681270056748e-12
-3.799873687792944367e-07
1.990178854694194289e-12
1.326893456195734235e-12
1.088129209030571365e-01
-5.699225395516467863e-07
-3.799873687792944367e-07
-1.088129209030573308e-01
5.699225395497047515e-07
3.799873687792935897e-07
-5.699225395564772034e-07
2.985028885865160741e-12
1.990178854694194289e-12
5.699225395497047515e-07
-2.984945628876077895e-12
-1.990227427661436476e-12
-3.799873687759494507e-07
1.990241304739329454e-12
1.326893456195734235e-12
3.799873687792935897e-07
-1.990227427661436476e-12
-1.326976722974336052e-12
-1.214947284026303420e-01
6.361471656288295590e-07
4.241412142281571071e-07
1.214947284026301755e-01
-6.361471658787243954e-07
-4.241412142281570012e-07
6.361471656288295590e-07
-3.330929499237300639e-12
-2.220992487145245775e-12
-6.361471656255312127e-07
3.330913236204713357e-12
2.220997691315673706e-12
4.241412142281571071e-07
-2.220992487145245775e-12
-1.480690570154763665e-12
-4.241412142286846498e-07
2.221002895486101636e-12
1.480593425640108560e-12
1.214947284026301755e-01
-6.361471656255312127e-07
-4.241412142286846498e-07
-1.214947284026303420e-01
6.361471658992370982e-07
4.241412142286849145e-07
-6.361471658787243954e-07
3.330913236204713357e-12
2.221002895486101636e-12
6.361471658992370982e-07
-3.330883312224752757e-12
-2.220997691315673706e-12
-4.241412142281570012e-07
2.220997691315673706e-12
1.480593425640108560e-12
4.241412142286849145e-07
-2.220997691315673706e-12
-1.480676692366955851e-12
-1.219593593022350320e-01
6.383823267988110934e-07
4.255426516721353266e-07
1.219593593022348654e-01
-6.383823267954441374e-07
-4.255426516721352737e-07
6.383823267988110934e-07
-3.341556457302873617e-12
-2.227466086275894027e-12
-6.383823268001197593e-07
3.341604511775853859e-12
2.227470333486240365e-12
4.255426516721353266e-07
-2.227466086275894027e-12
-1.484930314571950103e-12
-4.255426516744407915e-07
2.227480741827096226e-12
1.484812192891785034e-12
1.219593593022348654e-01
-6.383823268001197593e-07
-4.255426516744407915e-07
-1.219593593022350320e-01
6.383823268034868212e-07
4.255426516744411621e-07
-6.383823267954441374e-07
3.341604511775853859e-12
2.227480741827096226e-12
6.383823268034868212e-07
-3.341528701727257988e-12
-2.227469555722845980e-12
-4.255426516721352737e-07
2.227470333486240365e-12
1.484812192891785034e-12
4.255426516744411621e-07
-2.227469555722845980e-12
-1.484864395079862984e-12
-1.083351908012946396e-01
5.666457691364140338e-07
3.777638460900801979e-07
1.083351908012945564e-01
-5.666457691353478311e-07
-3.777638460900802509e-07
5.666457691364140338e-07
-2.963802874662387118e-12
-1.975913813174907878e-12
-5.666457691370645551e-07
2.963847856711969378e-12
1.975902491573149129e-12
3.777638460900801979e-07
-1.975913813174907878e-12
-1.317277940418773675e-12
-3.777638460916461501e-07
1.975895552679245222e-12
1.317230990035919468e-12
1.083351908012945564e-01
-5.666457691370645551e-07
-3.777638460916461501e-07
-1.083351908012946396e-01
5.666457691381307579e-07
3.777638460916462030e-07
-5.666457691353478311e-07
2.963847856711969378e-12
1.975895552679245222e-12
5.666457691381307579e-07
-2.963823691344098840e-12
-1.975889527046244203e-12
-3.777638460900802509e-07
1.975902491573149129e-12
1.317230990035919468e-12
3.777638460916462030e-07
-1.975889527046244203e-12
-1.317267532077917814e-12
2.622550346989934167e-01
-1.373276948424621712e-06
-9.155179656269333531e-07
-2.622550346989934167e-01
1.373276948436580123e-06
9.155179656269331413e-07
-1.373276948424621712e-06
7.191108819526448315e-12
4.794088737103407993e-12
1.373276948458069772e-06
-7.191129636208160036e-12
-4.794085267656456040e-12
-9.155179656269333531e-07
4.794088737103407993e-12
3.196028511287529739e-12
9.155179656298879099e-07
-4.794087002379932017e-12
-3.196033715457957669e-12
-2.622550346989934167e-01
1.373276948458069772e-06
9.155179656298879099e-07
2.622550346989934167e-01
-1.373276948446111361e-06
-9.155179656298881217e-07
1.373276948436580123e-06
-7.191129636208160036e-12
-4.794087002379932017e-12
-1.373276948446111361e-06
7.191112288973400268e-12
4.794081798209504086e-12
9.155179656269331413e-07
-4.794085267656456040e-12
-3.196033715457957669e-12
-9.155179656298881217e-07
4.794081798209504086e-12
3.196042389075337553e-12
-2.734007440112615900e-02
1.441880153928395826e-07
9.614180341601672643e-08
2.734007440112608961e-02
-1.441880153963720276e-07
-9.614180341601673966e-08
1.441880153928395826e-07
-7.603917495657697145e-13
-5.070770192627804818e-13
-1.441880153937738599e-07
7.604333829291931579e-13
5.070614067514966905e-13
9.614180341601672643e-08
-5.070770192627804818e-13
-3.380455637636003985e-13
-9.614180341629816636e-08
5.070648761984486441e-13
3.380334206992685608e-13
2.734007440112608961e-02
-1.441880153937738599e-07
-9.614180341629816636e-08
-2.734007440112615900e-02
1.441880153902414149e-07
9.614180341629817959e-08
-1.441880153963720276e-07
7.604333829291931579e-13
5.070648761984486441e-13
1.441880153902414149e-07
-7.604056273535775290e-13
-5.070562025810687601e-13
-9.614180341601673966e-08
5.070614067514966905e-13
3.380334206992685608e-13
9.614180341629817959e-08
-5.070562025810687601e-13
-3.380750540626920042e-13
-3.767725700077449030e-02
1.915190553662163593e-07
1.276793700252124983e-07
3.767725700077446255e-02
-1.915190553653494210e-07
-1.276793700252124983e-07
1.915190553662163593e-07
-9.735322022712451524e-13
-6.490239931860458666e-13
-1.915190553644883591e-07
9.735044462721130498e-13
6.490249960730554157e-13
1.276793700252124983e-07
-6.490239931860458666e-13
-4.326539126964235038e-13
-1.276793700252617850e-07
6.490239118708829302e-13
4.326573821433754574e-13
3.767725700077446255e-02
-1.915190553644883591e-07
-1.276793700252617850e-07
-3.767725700077449030e-02
1.915190553653552973e-07
1.276793700252617850e-07
-1.915190553653494210e-07
9.735044462721130498e-13
6.490239118708829302e-13
1.915190553653552973e-07
-9.735322014242122051e-13
-6.490249418629467915e-13
-1.276793700252124983e-07
6.490249960730554157e-13
4.326573821433754574e-13
1.276793700252617850e-07
-6.490249418629467915e-13
-4.326608515903274110e-13
-3.799638020053681259e-02
1.751877240255247272e-07
1.167689870725051707e-07
3.799638020053678483e-02
-1.751877240295661596e-07
-1.167689870725052236e-07
1.751877240255247272e-07
-8.077493732934606712e-13
-5.383944700655673987e-13
-1.751877240353596532e-07
8.077181027428721738e-13
5.383919221904620578e-13
1.167689870725051707e-07
-5.383944700655673987e-13
-3.588483676875142692e-13
-1.167689870724809111e-07
5.383887237940532255e-13
3.588553065814181764e-13
3.799638020053678483e-02
-1.751877240353596532e-07
-1.167689870724809111e-07
-3.799638020053681259e-02
1.751877240313182208e-07
1.167689870724808582e-07
-1.751877240295661596e-07
8.077181027428721738e-13
5.383887237940532255e-13
1.751877240313182208e-07
-8.077527521078872686e-13
-5.383861759189478846e-13
-1.167689870725052236e-07
5.383919221904620578e-13
3.588553065814181764e-13
1.167689870724808582e-07
-5.383861759189478846e-13
-3.588483676875142692e-13
-2.784439940000758840e-02
-2.234857737122448564e-08
-1.484749773048818202e-08
2.784439940000756758e-02
2.234857737502984733e-08
1.484749773048818202e-08
-2.234857737122448564e-08
-1.794430154129221948e-14
-1.191499944024000841e-14
2.234857737780332437e-08
1.793389287824951005e-14
1.191485607991368562e-14
-1.484749773048818202e-08
-1.191499944024000841e-14
-7.913808497406193965e-15
1.484749773048828790e-08
1.191290896292618480e-14
7.913808497406193965e-15
2.784439940000756758e-02
2.234857737780332437e-08
1.484749773048828790e-08
-2.784439940000758840e-02
-2.234857737399796268e-08
-1.484749773048828790e-08
2.234857737502984733e-08
1.793389287824951005e-14
1.191290896292618480e-14
-2.234857737399796268e-08
-1.794430089689267291e-14
-1.191276560259986201e-14
1.484749773048818202e-08
1.191485607991368562e-14
7.913808497406193965e-15
-1.484749773048828790e-08
-1.191276560259986201e-14
-7.913808497406193965e-15
2.622550346989934167e-01
-1.373276948424621712e-06
-9.155179656269333531e-07
-2.622550346989934167e-01
1.373276948436580123e-06
9.155179656269331413e-07
-1.373276948424621712e-06
7.191108819526448315e-12
4.794088737103407993e-12
1.373276948458069772e-06
-7.191129636208160036e-12
-4.794085267656456040e-12
-9.155179656269333531e-07
4.794088737103407993e-12
3.196028511287529739e-12
9.155179656298879099e-07
-4.794087002379932017e-12
-3.196033715457957669e-12
-2.622550346989934167e-01
1.373276948458069772e-06
9.155179656298879099e-07
2.622550346989934167e-01
-1.373276948446111361e-06
-9.155179656298881217e-07
1.373276948436580123e-06
-7.191129636208160036e-12
-4.794087002379932017e-12
-1.373276948446111361e-06
7.191112288973400268e-12
4.794081798209504086e-12
9.155179656269331413e-07
-4.794085267656456040e-12
-3.196033715457957669e-12
-9.155179656298881217e-07
4.794081798209504086e-12
3.196042389075337553e-12
1.318732617351719115e-02
-6.907730990518831001e-08
-4.605153993664060542e-08
-1.318732612351719222e-02
6.907730990437364960e-08
4.605153993664071130e-08
-6.907730990518831001e-08
3.618355615131463310e-13
2.412479938040945626e-13
6.907730964387891047e-08
-3.618494393009541454e-13
-2.412479938040945626e-13
-4.605153993664060542e-08
2.412479938040945626e-13
1.608227440108578321e-13
4.605153975980220183e-08
-2.412445243571426090e-13
-1.608036620526220872e-13
-1.318732612351719222e-02
6.907730964387891047e-08
4.605153975980220183e-08
1.318732607351719155e-02
-6.907730964469349147e-08
-4.605153975980217536e-08
6.907730990437364960e-08
-3.618494393009541454e-13
-2.412445243571426090e-13
-6.907730964469349147e-08
3.618563781948580527e-13
2.412445243571426090e-13
4.605153993664071130e-08
-2.412479938040945626e-13
-1.608036620526220872e-13
-4.605153975980217536e-08
2.412445243571426090e-13
1.608071314995740408e-13
-3.449288790097800733e-02
1.819825797077759700e-07
1.213412689059443738e-07
3.449288790097795182e-02
-1.819825797060871451e-07
-1.213412689059443473e-07
1.819825797077759700e-07
-9.601312969597453310e-13
-6.401667364219482126e-13
-1.819825797142259936e-07
9.601451409014449574e-13
6.401806194922537996e-13
1.213412689059443738e-07
-6.401667364219482126e-13
-4.268712124014851022e-13
-1.213412689056019342e-07
6.401702111513979387e-13
4.268573337892167181e-13
3.449288790097795182e-02
-1.819825797142259936e-07
-1.213412689056019342e-07
-3.449288790097800733e-02
1.819825797159148184e-07
1.213412689056018019e-07
-1.819825797060871451e-07
9.601451409014449574e-13
6.401702111513979387e-13
1.819825797159148184e-07
-9.601312969597453310e-13
-6.401771447628040735e-13
-1.213412689059443473e-07
6.401806194922537996e-13
4.268573337892167181e-13
1.213412689056018019e-07
-6.401771447628040735e-13
-4.268850901892929166e-13
-3.414260790010121421e-02
8.219664619426898284e-08
5.479776412775258253e-08
3.414260790010118646e-02
-8.219664619062381626e-08
-5.479776412775258253e-08
8.219664619426898284e-08
-1.978748014348989229e-13
-1.319083742683305879e-13
-8.219664618983485801e-08
1.978902165448777781e-13
1.319187802990780959e-13
5.479776412775258253e-08
-1.319083742683305879e-13
-8.794614343685131559e-14
-5.479776412692871063e-08
1.319127087669121771e-13
8.793703611156816151e-14
3.414260790010118646e-02
-8.219664618983485801e-08
-5.479776412692871063e-08
-3.414260790010121421e-02
8.219664619348001135e-08
5.479776412692865108e-08
-8.219664619062381626e-08
1.978902165448777781e-13
1.319127087669121771e-13
8.219664619348001135e-08
-1.978748014348989229e-13
-1.319222520561384023e-13
-5.479776412775258253e-08
1.319187802990780959e-13
8.793703611156816151e-14
5.479776412692865108e-08
-1.319222520561384023e-13
-8.795091392641025181e-14
-2.448065940026397658e-02
1.281959200334210014e-07
8.543774682741343303e-08
2.448065940026395576e-02
-1.281959200327765681e-07
-8.543774682741343303e-08
1.281959200334210014e-07
-6.713111040435473407e-13
-4.474047005137219522e-13
-1.281959200317035362e-07
6.713171614669119882e-13
4.474025312689796542e-13
8.543774682741343303e-08
-4.474047005137219522e-13
-2.981820519915516979e-13
-8.543774682749555552e-08
4.474025312689796542e-13
2.981751130475891262e-13
2.448065940026395576e-02
-1.281959200317035362e-07
-8.543774682749555552e-08
-2.448065940026397658e-02
1.281959200323479695e-07
8.543774682749555552e-08
-1.281959200327765681e-07
6.713171614669119882e-13
4.474025312689796542e-13
1.281959200323479695e-07
-6.713128387670233175e-13
-4.474025321093769812e-13
-8.543774682741343303e-08
4.474025312689796542e-13
2.981751130475891262e-13
8.543774682749555552e-08
-4.474025321093769812e-13
-2.981855214385036515e-13
6.917937422008533233e-01
-3.622161359893781473e-06
-2.414774239854258973e-06
-6.917937422008535453e-01
3.622161359780985060e-06
2.414774239854260244e-06
-3.622161359893781473e-06
1.896536400147752488e-11
1.264350429908134288e-11
3.622161359676084689e-06
-1.896528767364458190e-11
-1.264350082963439093e-11
-2.414774239854258973e-06
1.264350429908134288e-11
8.429031778112161533e-12
2.414774239855472771e-06
-1.264350603380481886e-11
-8.429009226706973834e-12
-6.917937422008535453e-01
3.622161359676084689e-06
2.414774239855472771e-06
6.917937422008533233e-01
-3.622161359788881525e-06
-2.414774239855471924e-06
3.622161359780985060e-06
-1.896528767364458190e-11
-1.264350603380481886e-11
-3.622161359788881525e-06
1.896526338751591823e-11
1.264350429908134288e-11
2.414774239854260244e-06
-1.264350082963439093e-11
-8.429009226706973834e-12
-2.414774239855471924e-06
1.264350429908134288e-11
8.429028308665209579e-12
2.622550346989934167e-01
-1.373276948424621712e-06
-9.155179656269333531e-07
-2.622550346989934167e-01
1.373276948436580123e-06
9.155179656269331413e-07
-1.373276948424621712e-06
7.191108819526448315e-12
4.794088737103407993e-12
1.373276948458069772e-06
-7.191129636208160036e-12
-4.794085267656456040e-12
-9.155179656269333531e-07
4.794088737103407993e-12
3.196028511287529739e-12
9.155179656298879099e-07
-4.794087002379932017e-12
-3.196033715457957669e-12
-2.622550346989934167e-01
1.373276948458069772e-06
9.155179656298879099e-07
2.622550346989934167e-01
-1.373276948446111361e-06
-9.155179656298881217e-07
1.373276948436580123e-06
-7.191129636208160036e-12
-4.794087002379932017e-12
-1.373276948446111361e-06
7.191112288973400268e-12
4.794081798209504086e-12
9.155179656269331413e-07
-4.794085267656456040e-12
-3.196033715457957669e-12
-9.155179656298881217e-07
4.794081798209504086e-12
3.196042389075337553e-12
-1.621852170125075501e-02
8.488959795626071286e-08
5.660437035067837737e-08
1.621852170125068562e-02
-8.488959795483142417e-08
-5.660437035067835090e-08
8.488959795626071286e-08
-4.442730905385161577e-13
-2.962595446742710692e-13
-8.488959794812437906e-08
4.443320711366993692e-13
2.962664835681749764e-13
5.660437035067837737e-08
-2.962595446742710692e-13
-1.975971469780901657e-13
-5.660437035112776805e-08
2.962803613559827909e-13
1.975503094442387919e-13
1.621852170125068562e-02
-8.488959794812437906e-08
-5.660437035112776805e-08
-1.621852170125075501e-02
8.488959794955340305e-08
5.660437035112787393e-08
-8.488959795483142417e-08
4.443320711366993692e-13
2.962803613559827909e-13
8.488959794955340305e-08
-4.443077850080356939e-13
-2.962716877386029068e-13
-5.660437035067835090e-08
2.962664835681749764e-13
1.975503094442387919e-13
5.660437035112787393e-08
-2.962716877386029068e-13
-1.975815344668063744e-13
-3.414260790010121421e-02
8.219664619426898284e-08
5.479776412775258253e-08
3.414260790010118646e-02
-8.219664619062381626e-08
-5.479776412775258253e-08
8.219664619426898284e-08
-1.978748014348989229e-13
-1.319083742683305879e-13
-8.219664618983485801e-08
1.978902165448777781e-13
1.319187802990780959e-13
5.479776412775258253e-08
-1.319083742683305879e-13
-8.794614343685131559e-14
-5.479776412692871063e-08
1.319127087669121771e-13
8.793703611156816151e-14
3.414260790010118646e-02
-8.219664618983485801e-08
-5.479776412692871063e-08
-3.414260790010121421e-02
8.219664619348001135e-08
5.479776412692865108e-08
-8.219664619062381626e-08
1.978902165448777781e-13
1.319127087669121771e-13
8.219664619348001135e-08
-1.978748014348989229e-13
-1.319222520561384023e-13
-5.479776412775258253e-08
1.319187802990780959e-13
8.793703611156816151e-14
5.479776412692865108e-08
-1.319222520561384023e-13
-8.795091392641025181e-14
-2.148838810021524645e-02
1.125499438708645670e-07
7.503329591182221186e-08
2.148838810021523257e-02
-1.125499438678373903e-07
-7.503329591182219863e-08
1.125499438708645670e-07
-5.895008553379439639e-13
-3.930015947352986330e-13
-1.125499438647992155e-07
5.895061235140379488e-13
3.930016122297926615e-13
7.503329591182221186e-08
-3.930015947352986330e-13
-2.620115500233188268e-13
-7.503329591159019101e-08
3.930016122297926615e-13
2.620013576949887256e-13
2.148838810021523257e-02
-1.125499438647992155e-07
-7.503329591159019101e-08
-2.148838810021524645e-02
1.125499438678263789e-07
7.503329591159023071e-08
-1.125499438678373903e-07
5.895061235140379488e-13
3.930016122297926615e-13
1.125499438678263789e-07
-5.895025900614199407e-13
-3.930020284161676272e-13
-7.503329591182219863e-08
3.930016122297926615e-13
2.620013576949887256e-13
7.503329591159023071e-08
-3.930020284161676272e-13
-2.620059121720219022e-13
2.622550346989934167e-01
-1.373276948424621712e-06
-9.155179656269333531e-07
-2.622550346989934167e-01
1.373276948436580123e-06
9.155179656269331413e-07
-1.373276948424621712e-06
7.191108819526448315e-12
4.794088737103407993e-12
1.373276948458069772e-06
-7.191129636208160036e-12
-4.794085267656456040e-12
-9.155179656269333531e-07
4.794088737103407993e-12
3.196028511287529739e-12
9.155179656298879099e-07
-4.794087002379932017e-12
-3.196033715457957669e-12
-2.622550346989934167e-01
1.373276948458069772e-06
9.155179656298879099e-07
2.622550346989934167e-01
-1.373276948446111361e-06
-9.155179656298881217e-07
1.373276948436580123e-06
-7.191129636208160036e-12
-4.794087002379932017e-12
-1.373276948446111361e-06
7.191112288973400268e-12
4.794081798209504086e-12
9.155179656269331413e-07
-4.794085267656456040e-12
-3.196033715457957669e-12
-9.155179656298881217e-07
4.794081798209504086e-12
3.196042389075337553e-12
-3.799638020053681259e-02
1.751877240255247272e-07
1.167689870725051707e-07
3.799638020053678483e-02
-1.751877240295661596e-07
-1.167689870725052236e-07
1.751877240255247272e-07
-8.077493732934606712e-13
-5.383944700655673987e-13
-1.751877240353596532e-07
8.077181027428721738e-13
5.383919221904620578e-13
1.167689870725051707e-07
-5.383944700655673987e-13
-3.588483676875142692e-13
-1.167689870724809111e-07
5.383887237940532255e-13
3.588553065814181764e-13
3.799638020053678483e-02
-1.751877240353596532e-07
-1.167689870724809111e-07
-3.799638020053681259e-02
1.751877240313182208e-07
1.167689870724808582e-07
-1.751877240295661596e-07
8.077181027428721738e-13
5.383887237940532255e-13
1.751877240313182208e-07
-8.077527521078872686e-13
-5.383861759189478846e-13
-1.167689870725052236e-07
5.383919221904620578e-13
3.588553065814181764e-13
1.167689870724808582e-07
-5.383861759189478846e-13
-3.588483676875142692e-13
-3.414260790010121421e-02
8.219664619426898284e-08
5.479776412775258253e-08
3.414260790010118646e-02
-8.219664619062381626e-08
-5.479776412775258253e-08
8.219664619426898284e-08
-1.978748014348989229e-13
-1.319083742683305879e-13
-8.219664618983485801e-08
1.978902165448777781e-13
1.319187802990780959e-13
5.479776412775258253e-08
-1.319083742683305879e-13
-8.794614343685131559e-14
-5.479776412692871063e-08
1.319127087669121771e-13
8.793703611156816151e-14
3.414260790010118646e-02
-8.219664618983485801e-08
-5.479776412692871063e-08
-3.414260790010121421e-02
8.219664619348001135e-08
5.479776412692865108e-08
-8.219664619062381626e-08
1.978902165448777781e-13
1.319127087669121771e-13
8.219664619348001135e-08
-1.978748014348989229e-13
-1.319222520561384023e-13
-5.479776412775258253e-08
1.319187802990780959e-13
8.793703611156816151e-14
5.479776412692865108e-08
-1.319222520561384023e-13
-8.795091392641025181e-14
-3.115686600000567089e-02
1.955219918803876249e-08
1.303479942859830342e-08
3.115686600000565007e-02
-1.955219919125482086e-08
-1.303479942859830011e-08
1.955219918803876249e-08
-1.228340676306904554e-14
-8.180830975346902248e-15
-1.955219919166844425e-08
1.226605967738273349e-14
8.180320214479707905e-15
1.303479942859830342e-08
-8.180830975346902248e-15
-5.467848396278895962e-15
-1.303479942859830011e-08
8.182212274325637198e-15
5.462644225850965540e-15
3.115686600000565007e-02
-1.955219919166844425e-08
-1.303479942859830011e-08
-3.115686600000567089e-02
1.955219918845238919e-08
1.303479942859830673e-08
-1.955219919125482086e-08
1.226605967738273349e-14
8.182212274325637198e-15
1.955219918845238919e-08
-1.227646816731205035e-14
-8.181701513458442855e-15
-1.303479942859830011e-08
8.180320214479707905e-15
5.462644225850965540e-15
1.303479942859830673e-08
-8.181701513458442855e-15
-5.457440055423035119e-15
-2.448065940026397658e-02
1.281959200334210014e-07
8.543774682741343303e-08
2.448065940026395576e-02
-1.281959200327765681e-07
-8.543774682741343303e-08
1.281959200334210014e-07
-6.713111040435473407e-13
-4.474047005137219522e-13
-1.281959200317035362e-07
6.713171614669119882e-13
4.474025312689796542e-13
8.543774682741343303e-08
-4.474047005137219522e-13
-2.981820519915516979e-13
-8.543774682749555552e-08
4.474025312689796542e-13
2.981751130475891262e-13
2.448065940026395576e-02
-1.281959200317035362e-07
-8.543774682749555552e-08
-2.448065940026397658e-02
1.281959200323479695e-07
8.543774682749555552e-08
-1.281959200327765681e-07
6.713171614669119882e-13
4.474025312689796542e-13
1.281959200323479695e-07
-6.713128387670233175e-13
-4.474025321093769812e-13
-8.543774682741343303e-08
4.474025312689796542e-13
2.981751130475891262e-13
8.543774682749555552e-08
-4.474025321093769812e-13
-2.981855214385036515e-13
1.318732617351719115e-02
-6.907730990518831001e-08
-4.605153993664060542e-08
-1.318732612351719222e-02
6.907730990437364960e-08
4.605153993664071130e-08
-6.907730990518831001e-08
3.618355615131463310e-13
2.412479938040945626e-13
6.907730964387891047e-08
-3.618494393009541454e-13
-2.412479938040945626e-13
-4.605153993664060542e-08
2.412479938040945626e-13
1.608227440108578321e-13
4.605153975980220183e-08
-2.412445243571426090e-13
-1.608036620526220872e-13
-1.318732612351719222e-02
6.907730964387891047e-08
4.605153975980220183e-08
1.318732607351719155e-02
-6.907730964469349147e-08
-4.605153975980217536e-08
6.907730990437364960e-08
-3.618494393009541454e-13
-2.412445243571426090e-13
-6.907730964469349147e-08
3.618563781948580527e-13
2.412445243571426090e-13
4.605153993664071130e-08
-2.412479938040945626e-13
-1.608036620526220872e-13
-4.605153975980217536e-08
2.412445243571426090e-13
1.608071314995740408e-13
-3.767725700077449030e-02
1.915190553662163593e-07
1.276793700252124983e-07
3.767725700077446255e-02
-1.915190553653494210e-07
-1.276793700252124983e-07
1.915190553662163593e-07
-9.735322022712451524e-13
-6.490239931860458666e-13
-1.915190553644883591e-07
9.735044462721130498e-13
6.490249960730554157e-13
1.276793700252124983e-07
-6.490239931860458666e-13
-4.326539126964235038e-13
-1.276793700252617850e-07
6.490239118708829302e-13
4.326573821433754574e-13
3.767725700077446255e-02
-1.915190553644883591e-07
-1.276793700252617850e-07
-3.767725700077449030e-02
1.915190553653552973e-07
1.276793700252617850e-07
-1.915190553653494210e-07
9.735044462721130498e-13
6.490239118708829302e-13
1.915190553653552973e-07
-9.735322014242122051e-13
-6.490249418629467915e-13
-1.276793700252124983e-07
6.490249960730554157e-13
4.326573821433754574e-13
1.276793700252617850e-07
-6.490249418629467915e-13
-4.326608515903274110e-13
-3.799638020053681259e-02
1.751877240255247272e-07
1.167689870725051707e-07
3.799638020053678483e-02
-1.751877240295661596e-07
-1.167689870725052236e-07
1.751877240255247272e-07
-8.077493732934606712e-13
-5.383944700655673987e-13
-1.751877240353596532e-07
8.077181027428721738e-13
5.383919221904620578e-13
1.167689870725051707e-07
-5.383944700655673987e-13
-3.588483676875142692e-13
-1.167689870724809111e-07
5.383887237940532255e-13
3.588553065814181764e-13
3.799638020053678483e-02
-1.751877240353596532e-07
-1.167689870724809111e-07
-3.799638020053681259e-02
1.751877240313182208e-07
1.167689870724808582e-07
-1.751877240295661596e-07
8.077181027428721738e-13
5.383887237940532255e-13
1.751877240313182208e-07
-8.077527521078872686e-13
-5.383861759189478846e-13
-1.167689870725052236e-07
5.383919221904620578e-13
3.588553065814181764e-13
1.167689870724808582e-07
-5.383861759189478846e-13
-3.588483676875142692e-13
-3.655160660028364261e-02
1.340747959885326453e-07
8.940701996125744843e-08
3.655160660028364261e-02
-1.340747959830523421e-07
-8.940701996125747490e-08
1.340747959885326453e-07
-4.918184198907526604e-13
-3.279434558113580866e-13
-1.340747959787610350e-07
4.917906697679116294e-13
3.279478739352109651e-13
8.940701996125744843e-08
-3.279434558113580866e-13
-2.186931191694441168e-13
-8.940701996125382207e-08
3.279446755388021328e-13
2.186948538929200936e-13
3.655160660028364261e-02
-1.340747959787610350e-07
-8.940701996125382207e-08
-3.655160660028364261e-02
1.340747959842413381e-07
8.940701996125375589e-08
-1.340747959830523421e-07
4.917906697679116294e-13
3.279446755388021328e-13
1.340747959842413381e-07
-4.918114919553375083e-13
-3.279490936626550113e-13
-8.940701996125747490e-08
3.279478739352109651e-13
2.186948538929200936e-13
8.940701996125375589e-08
-3.279490936626550113e-13
-2.186965886163960704e-13
-2.784439940000758840e-02
-2.234857737122448564e-08
-1.484749773048818202e-08
2.784439940000756758e-02
2.234857737502984733e-08
1.484749773048818202e-08
-2.234857737122448564e-08
-1.794430154129221948e-14
-1.191499944024000841e-14
2.234857737780332437e-08
1.793389287824951005e-14
1.191485607991368562e-14
-1.484749773048818202e-08
-1.191499944024000841e-14
-7.913808497406193965e-15
1.484749773048828790e-08
1.191290896292618480e-14
7.913808497406193965e-15
2.784439940000756758e-02
2.234857737780332437e-08
1.484749773048828790e-08
-2.784439940000758840e-02
-2.234857737399796268e-08
-1.484749773048828790e-08
2.234857737502984733e-08
1.793389287824951005e-14
1.191290896292618480e-14
-2.234857737399796268e-08
-1.794430089689267291e-14
-1.191276560259986201e-14
1.484749773048818202e-08
1.191485607991368562e-14
7.913808497406193965e-15
-1.484749773048828790e-08
-1.191276560259986201e-14
-7.913808497406193965e-15
-2.685478274858502101e-01
-2.881640847751974821e+00
4.942743430975428676e-01
-2.594095138858504290e-01
6.508370454250095305e-01
-1.116338931986462918e-01
5.279573413937903581e-01
2.230803802325552088e+00
-3.826404499071351939e-01
-2.881640847751974821e+00
7.782334416764668639e+00
-1.334854558162501093e+00
1.125247479594104483e-01
3.126911746130278669e-01
-5.363474629593573129e-02
2.769116099760868810e+00
-8.095025591370111684e+00
1.388489304502640298e+00
4.942743430975428676e-01
-1.334854558162501093e+00
2.289591523435975384e-01
-1.929988656358905263e-02
-5.363665283529142624e-02
9.200094209912988708e-03
-4.749744565285177744e-01
1.388491210996492198e+00
-2.381592465610916642e-01
-2.594095138858504290e-01
1.125247479594104483e-01
-1.929988656358905263e-02
4.776448727141493489e-01
-1.229472727082112360e-01
2.108683699306634213e-02
-2.182353588062096728e-01
1.042252474738784677e-02
-1.786950437715821094e-03
6.508370454250095305e-01
3.126911746130278669e-01
-5.363665283529142624e-02
-1.229472727082112360e-01
-3.028842472860025503e-01
5.195265022367562269e-02
-5.278897727343051516e-01
-9.806927326654458696e-03
1.684002613761157114e-03
-1.116338931986462918e-01
-5.363474629593573129e-02
9.200094209912988708e-03
2.108683699306634213e-02
5.195265022367562269e-02
-8.911252029262951152e-03
9.054705620858229109e-02
1.682096072196207241e-03
-2.888421810174665160e-04
5.279573413937903581e-01
2.769116099760868810e+00
-4.749744565285177744e-01
-2.182353588062096728e-01
-5.278897727343051516e-01
9.054705620858229109e-02
-3.097219826317483271e-01
-2.241226327023737142e+00
3.844274003364119840e-01
2.230803802325552088e+00
-8.095025591370113460e+00
1.388491210996492198e+00
1.042252474738784677e-02
-9.806927326654458696e-03
1.682096072196207241e-03
-2.241226327023737142e+00
8.104832518688821708e+00
-1.390173307115039503e+00
-3.826404499071351939e-01
1.388489304502640298e+00
-2.381592465610916642e-01
-1.786950437715821094e-03
1.684002613761157114e-03
-2.888421810174665160e-04
3.844274003364119840e-01
-1.390173307115039503e+00
2.384480887500590174e-01
5.157518238972187419e-01
1.101827863224645078e-02
-1.118192241835874561e-02
-4.632548249027812481e-01
2.793363829399281642e-02
-2.835731717598283588e-02
-5.249699898120614022e-02
-3.895191690601050583e-02
3.953923951558791644e-02
1.101827863224645078e-02
1.209114535579036420e-01
-1.227353295738096983e-01
-4.322972928779898923e-03
-2.310072796574904816e-02
2.344917743458673279e-02
-6.695305666150595109e-03
-9.781072557706195492e-02
9.928615211885098712e-02
-1.118192241835874561e-02
-1.227353295738096983e-01
1.245867176670520382e-01
4.385880145911454780e-03
2.344933784871853361e-02
-2.380304573177032326e-02
6.796042234568314827e-03
9.928599170977099597e-02
-1.007836719146028293e-01
-4.632548249027812481e-01
-4.322972928779898923e-03
4.385880145911454780e-03
4.718301076972186703e-01
5.929513779712118626e-03
-6.016612698228544602e-03
-8.575282781206025259e-03
-1.606540829645447662e-03
1.630732614980658166e-03
2.793363829399281642e-02
-2.310072796574904816e-02
2.344933784871853361e-02
5.929513779712118626e-03
2.475867373478754518e-02
-2.513212504392279417e-02
-3.386315206671075551e-02
-1.657945748370866440e-03
1.682787190434421746e-03
-2.835731717598283588e-02
2.344917743458673279e-02
-2.380304573177032326e-02
-6.016612698228544602e-03
-2.513212504392279417e-02
2.551120937564796756e-02
3.437392986711175491e-02
1.682947588356777536e-03
-1.708163639035529960e-03
-5.249699898120614022e-02
-6.695305666150595109e-03
6.796042234568314827e-03
-8.575282781206025259e-03
-3.386315206671075551e-02
3.437392986711175491e-02
6.107228173595006387e-02
4.055845769134560491e-02
-4.116997208558994398e-02
-3.895191690601050583e-02
-9.781072557706195492e-02
9.928599170977099597e-02
-1.606540829645447662e-03
-1.657945748370866440e-03
1.682947588356777536e-03
4.055845769134560491e-02
9.946867128967261384e-02
-1.009689392729859331e-01
3.953923951558791644e-02
9.928615211885098712e-02
-1.007836719146028293e-01
1.630732614980658166e-03
1.682787190434421746e-03
-1.708163639035529960e-03
-4.116997208558994398e-02
-1.009689392729859331e-01
1.024918355281173171e-01
5.027901008863233656e-01
-1.508802166394974074e-02
2.268717029708855817e-02
-4.691388033136764113e-01
2.128374875485264731e-02
-3.200188910363610528e-02
-3.365129751464435853e-02
-6.195727035361349964e-03
9.314718848968348355e-03
-1.508802166394974074e-02
2.532311500561850587e-02
-3.807198981794045894e-02
-5.561709019928229173e-04
-1.453438713050612778e-02
2.185163900498607314e-02
1.564419256341728279e-02
-1.078872784656337291e-02
1.622035078919776760e-02
2.268717029708855817e-02
-3.807198981794045894e-02
5.723926179194526592e-02
8.332150844887817450e-04
2.185177668362464631e-02
-3.285292538942112539e-02
-2.352038537778005506e-02
1.622021309139443437e-02
-2.438633636680705152e-02
-4.691388033136764113e-01
-5.561709019928229173e-04
8.332150844887817450e-04
4.697991153863236846e-01
4.842393419529952402e-04
-7.250658794335138567e-04
-6.603121146441596470e-04
7.193153231792567327e-05
-1.081492180169620114e-04
2.128374875485264731e-02
-1.453438713050612778e-02
2.185177668362464631e-02
4.842393419529952402e-04
1.497807384438525589e-02
-2.251869774181660191e-02
-2.176798808786090458e-02
-4.436867066783662088e-04
6.669210794977431392e-04
-3.200188910363610528e-02
2.185163900498607314e-02
-3.285292538942112539e-02
-7.250658794335138567e-04
-2.251869774181660191e-02
3.385560476836002586e-02
3.272695496962144818e-02
6.670587260044271447e-04
-1.002679410971026985e-03
-3.365129751464435853e-02
1.564419256341728279e-02
-2.352038537778005506e-02
-6.603121146441596470e-04
-2.176798808786090458e-02
3.272695496962144818e-02
3.431160961328334758e-02
6.123795496624186672e-03
-9.206569621300520964e-03
-6.195727035361349964e-03
-1.078872784656337291e-02
1.622021309139443437e-02
7.193153231792567327e-05
-4.436867066783662088e-04
6.670587260044271447e-04
6.123795496624186672e-03
1.123241451749204013e-02
-1.688727181494800722e-02
9.314718848968348355e-03
1.622035078919776760e-02
-2.438633636680705152e-02
-1.081492180169620114e-04
6.669210794977431392e-04
-1.002679410971026985e-03
-9.206569621300520964e-03
-1.688727181494800722e-02
2.538901577409317933e-02
4.971332694967772192e-01
-1.631212949274995355e-02
2.797272601340264689e-02
-4.705221228032227532e-01
1.763407041757026825e-02
-3.023918232173478798e-02
-2.661114670527896242e-02
-1.321940946224951221e-03
2.266456345032882933e-03
-1.631212949274995355e-02
1.313951569699451510e-02
-2.252953281885434686e-02
2.185778747745595568e-04
-1.154144514333883126e-02
1.978932014710006043e-02
1.609355159840901439e-02
-1.598070554746459969e-03
2.740212673624523032e-03
2.797272601340264689e-02
-2.252953281885434686e-02
3.863002724314684722e-02
-3.780404810852845167e-04
1.978944082863268866e-02
-3.393158963082201773e-02
-2.759468549876831905e-02
2.740091992091776407e-03
-4.698437615531340927e-03
-4.705221228032227532e-01
2.185778747745595568e-04
-3.780404810852845167e-04
4.693995005967772638e-01
-6.175193952637855364e-04
1.062070101201070121e-03
1.122622194721188162e-03
3.989415494642301789e-04
-6.840296697967644451e-04
1.763407041757026825e-02
-1.154144514333883126e-02
1.978944082863268866e-02
-6.175193952637855364e-04
1.157389566076637982e-02
-1.984496357817892506e-02
-1.701655102876079018e-02
-3.245051336089670272e-05
5.552274257352618925e-05
-3.023918232173478798e-02
1.978932014710006043e-02
-3.393158963082201773e-02
1.062070101201070121e-03
-1.984496357817892506e-02
3.402679540433593136e-02
2.917711223160040709e-02
5.564342410626342967e-05
-9.520576155865098764e-05
-2.661114670527896242e-02
1.609355159840901439e-02
-2.759468549876831905e-02
1.122622194721188162e-03
-1.701655102876079018e-02
2.917711223160040709e-02
2.548852453400657012e-02
9.229994227814298504e-04
-1.582426719851851146e-03
-1.321940946224951221e-03
-1.598070554746459969e-03
2.740091992091776407e-03
3.989415494642301789e-04
-3.245051336089670272e-05
5.564342410626342290e-05
9.229994227814298504e-04
1.630521065131490706e-03
-2.795735411095562253e-03
2.266456345032882933e-03
2.740212673624523032e-03
-4.698437615531340927e-03
-6.840296697967644451e-04
5.552274257352618925e-05
-9.520576155865098764e-05
-1.582426719851851146e-03
-2.795735411095562253e-03
4.793643368341230990e-03
-2.685478274858502101e-01
-2.881640847751974821e+00
4.942743430975428676e-01
-2.594095138858504290e-01
6.508370454250095305e-01
-1.116338931986462918e-01
5.279573413937903581e-01
2.230803802325552088e+00
-3.826404499071351939e-01
-2.881640847751974821e+00
7.782334416764668639e+00
-1.334854558162501093e+00
1.125247479594104483e-01
3.126911746130278669e-01
-5.363474629593573129e-02
2.769116099760868810e+00
-8.095025591370111684e+00
1.388489304502640298e+00
4.942743430975428676e-01
-1.334854558162501093e+00
2.289591523435975384e-01
-1.929988656358905263e-02
-5.363665283529142624e-02
9.200094209912988708e-03
-4.749744565285177744e-01
1.388491210996492198e+00
-2.381592465610916642e-01
-2.594095138858504290e-01
1.125247479594104483e-01
-1.929988656358905263e-02
4.776448727141493489e-01
-1.229472727082112360e-01
2.108683699306634213e-02
-2.182353588062096728e-01
1.042252474738784677e-02
-1.786950437715821094e-03
6.508370454250095305e-01
3.126911746130278669e-01
-5.363665283529142624e-02
-1.229472727082112360e-01
-3.028842472860025503e-01
5.195265022367562269e-02
-5.278897727343051516e-01
-9.806927326654458696e-03
1.684002613761157114e-03
-1.116338931986462918e-01
-5.363474629593573129e-02
9.200094209912988708e-03
2.108683699306634213e-02
5.195265022367562269e-02
-8.911252029262951152e-03
9.054705620858229109e-02
1.682096072196207241e-03
-2.888421810174665160e-04
5.279573413937903581e-01
2.769116099760868810e+00
-4.749744565285177744e-01
-2.182353588062096728e-01
-5.278897727343051516e-01
9.054705620858229109e-02
-3.097219826317483271e-01
-2.241226327023737142e+00
3.844274003364119840e-01
2.230803802325552088e+00
-8.095025591370113460e+00
1.388491210996492198e+00
1.042252474738784677e-02
-9.806927326654458696e-03
1.682096072196207241e-03
-2.241226327023737142e+00
8.104832518688821708e+00
-1.390173307115039503e+00
-3.826404499071351939e-01
1.388489304502640298e+00
-2.381592465610916642e-01
-1.786950437715821094e-03
1.684002613761157114e-03
-2.888421810174665160e-04
3.844274003364119840e-01
-1.390173307115039503e+00
2.384480887500590174e-01
4.686761203978744295e-01
-5.456453622018290206e-01
2.054380877190108146e-01
-4.164453877021256356e-01
6.304847340489920515e-02
-2.373670041189041360e-02
-5.223073269574845384e-02
4.825968887870324964e-01
-1.817013873334075991e-01
-5.456453622018290206e-01
1.683497193161238803e+00
-6.338481006528011719e-01
3.335818209357669512e-02
1.540362184614288074e-02
-5.799711072421103765e-03
5.122871801082525822e-01
-1.698900815031137101e+00
6.396478116621271415e-01
2.054380877190108146e-01
-6.338481006528011719e-01
2.386481048736261157e-01
-1.255806867171423841e-02
-5.799821767304124895e-03
2.183726057376776490e-03
-1.928800190472964859e-01
6.396479224290495535e-01
-2.408318309072468022e-01
-4.164453877021256356e-01
3.335818209357669512e-02
-1.255806867171423841e-02
4.766027432978744427e-01
-4.172872876143324250e-02
1.570942190901896546e-02
-6.015735559574848790e-02
8.370546657959155451e-03
-3.151353263591955087e-03
6.304847340489920515e-02
1.540362184614288074e-02
-5.799821767304124895e-03
-4.172872876143324250e-02
-1.540751643897836538e-02
5.801208632160573427e-03
-2.131974464346594531e-02
3.894608774304185424e-06
-1.386822523163717989e-06
-2.373670041189041360e-02
-5.799711072421103765e-03
2.183726057376776490e-03
1.570942190901896546e-02
5.801208632160573427e-03
-2.184259974717463453e-03
8.027278502871449881e-03
-1.497565740475056616e-06
5.339014020480192374e-07
-5.223073269574845384e-02
5.122871801082525822e-01
-1.928800190472964859e-01
-6.015735559574848790e-02
-2.131974464346594531e-02
8.027278502871449881e-03
1.123880882914971152e-01
-4.909674354449920508e-01
1.848527405969996040e-01
4.825968887870324964e-01
-1.698900815031137101e+00
6.396479224290496646e-01
8.370546657959155451e-03
3.894608774304186271e-06
-1.497565740475056828e-06
-4.909674354449920508e-01
1.698896920430180035e+00
-6.396464248425470789e-01
-1.817013873334075991e-01
6.396478116621271415e-01
-2.408318309072468022e-01
-3.151353263591955087e-03
-1.386822523163717989e-06
5.339014020480192374e-07
1.848527405969996040e-01
-6.396464248425471899e-01
2.408312969980276608e-01
5.090426439859797592e-01
-9.339603372097545625e-03
1.184143087888825732e-02
-4.669686983140203806e-01
2.521299246044202136e-02
-3.196175916847810577e-02
-4.207394573050324271e-02
-1.587338904149967686e-02
2.012032823021168634e-02
-9.339603372097545625e-03
5.190586811600152173e-02
-6.579415679341109324e-02
-1.874985364059737454e-03
-1.850918933501147570e-02
2.346160517022478562e-02
1.121458873913965502e-02
-3.339667878653160976e-02
4.233255163021059503e-02
1.184143087888825732e-02
-6.579415679341109324e-02
8.339849088581079151e-02
2.374035573938838763e-03
2.346175780374575373e-02
-2.973930886458316797e-02
-1.421546645660774419e-02
4.233239899668997386e-02
-5.365918203013166077e-02
-4.669686983140203806e-01
-1.874985364059737454e-03
2.374035573938838763e-03
4.705849458859794887e-01
2.423489544951082115e-03
-3.069280352679345982e-03
-3.616247530503143102e-03
-5.485041959842814350e-04
6.952447978715558521e-04
2.521299246044202136e-02
-1.850918933501147570e-02
2.346175780374575373e-02
2.423489544951082115e-03
1.951367658426269094e-02
-2.473485575760249119e-02
-2.763648201543993099e-02
-1.004487230582813782e-03
1.273097930193561010e-03
-3.196175916847810577e-02
2.346160517022478562e-02
-2.973930886458316797e-02
-3.069280352679345982e-03
-2.473485575760249119e-02
3.135304036627840213e-02
3.503103953389271469e-02
1.273250563714192589e-03
-1.613731471700438234e-03
-4.207394573050324271e-02
1.121458873913965502e-02
-1.421546645660774419e-02
-3.616247530503143102e-03
-2.763648201543993099e-02
3.503103953389271469e-02
4.569019327809441949e-02
1.642189324454844737e-02
-2.081557303703787318e-02
-1.587338904149967686e-02
-3.339667878653160976e-02
4.233239899668997386e-02
-5.485041959842814350e-04
-1.004487230582813782e-03
1.273250563714192589e-03
1.642189324454844737e-02
3.440116600398758495e-02
-4.360564954376527219e-02
2.012032823021168634e-02
4.233255163021059503e-02
-5.365918203013166077e-02
6.952447978715558521e-04
1.273097930193561010e-03
-1.613731471700438234e-03
-2.081557303703787318e-02
-4.360564954376527219e-02
5.527291348074141880e-02
4.971332694967772192e-01
-1.631212949274995355e-02
2.797272601340264689e-02
-4.705221228032227532e-01
1.763407041757026825e-02
-3.023918232173478798e-02
-2.661114670527896242e-02
-1.321940946224951221e-03
2.266456345032882933e-03
-1.631212949274995355e-02
1.313951569699451510e-02
-2.252953281885434686e-02
2.185778747745595568e-04
-1.154144514333883126e-02
1.978932014710006043e-02
1.609355159840901439e-02
-1.598070554746459969e-03
2.740212673624523032e-03
2.797272601340264689e-02
-2.252953281885434686e-02
3.863002724314684722e-02
-3.780404810852845167e-04
1.978944082863268866e-02
-3.393158963082201773e-02
-2.759468549876831905e-02
2.740091992091776407e-03
-4.698437615531340927e-03
-4.705221228032227532e-01
2.185778747745595568e-04
-3.780404810852845167e-04
4.693995005967772638e-01
-6.175193952637855364e-04
1.062070101201070121e-03
1.122622194721188162e-03
3.989415494642301789e-04
-6.840296697967644451e-04
1.763407041757026825e-02
-1.154144514333883126e-02
1.978944082863268866e-02
-6.175193952637855364e-04
1.157389566076637982e-02
-1.984496357817892506e-02
-1.701655102876079018e-02
-3.245051336089670272e-05
5.552274257352618925e-05
-3.023918232173478798e-02
1.978932014710006043e-02
-3.393158963082201773e-02
1.062070101201070121e-03
-1.984496357817892506e-02
3.402679540433593136e-02
2.917711223160040709e-02
5.564342410626342967e-05
-9.520576155865098764e-05
-2.661114670527896242e-02
1.609355159840901439e-02
-2.759468549876831905e-02
1.122622194721188162e-03
-1.701655102876079018e-02
2.917711223160040709e-02
2.548852453400657012e-02
9.229994227814298504e-04
-1.582426719851851146e-03
-1.321940946224951221e-03
-1.598070554746459969e-03
2.740091992091776407e-03
3.989415494642301789e-04
-3.245051336089670272e-05
5.564342410626342290e-05
9.229994227814298504e-04
1.630521065131490706e-03
-2.795735411095562253e-03
2.266456345032882933e-03
2.740212673624523032e-03
-4.698437615531340927e-03
-6.840296697967644451e-04
5.552274257352618925e-05
-9.520576155865098764e-05
-1.582426719851851146e-03
-2.795735411095562253e-03
4.793643368341230990e-03
-2.012797774986303523e+00
-6.412519622495591598e+00
7.253666083068271986e-01
-6.488794218630385136e-02
1.621834142718881155e+00
-1.834554077372526348e-01
2.077685717108763264e+00
4.790685479765198984e+00
-5.419112005608779370e-01
-6.412519622495591598e+00
1.620729290911719644e+01
-1.833284064334482322e+00
1.992242985568778990e-01
7.644113653776263284e-01
-8.646797123302391030e-02
6.213295323933676784e+00
-1.697170427451084862e+01
1.919752035522747757e+00
7.253666083068271986e-01
-1.833284064334482322e+00
2.073714887784993133e-01
-2.253525789311102562e-02
-8.647296875213800194e-02
9.781568548762702847e-03
-7.028313504131491474e-01
1.919757033088435927e+00
-2.171530573221905625e-01
-6.488794218630385136e-02
1.992242985568778990e-01
-2.253525789311102562e-02
4.783375902136962621e-01
-1.983977445166149600e-01
2.244030887524222848e-02
-4.134496479912365685e-01
-8.265540517735331209e-04
9.494902656530894154e-05
1.621834142718881155e+00
7.644113653776263284e-01
-8.647296875213800194e-02
-1.983977445166149600e-01
-6.921177028370271156e-01
7.829038748528450997e-02
-1.423436398189929397e+00
-7.229366252897846679e-02
8.182581264643686708e-03
-1.834554077372526348e-01
-8.646797123302391030e-02
9.781568548762702847e-03
2.244030887524222848e-02
7.829038748528450997e-02
-8.855986117529553517e-03
1.610150988606152966e-01
8.177583746422590824e-03
-9.255824309761179550e-04
2.077685717108763264e+00
6.213295323933676784e+00
-7.028313504131491474e-01
-4.134496479912365685e-01
-1.423436398189929397e+00
1.610150988606152966e-01
-1.664236069089809922e+00
-4.789858925720730021e+00
5.418162515351381270e-01
4.790685479765198984e+00
-1.697170427451084862e+01
1.919757033088435927e+00
-8.265540517735331209e-04
-7.229366252897846679e-02
8.177583746422590824e-03
-4.789858925720730021e+00
1.704399793704424582e+01
-1.927934616787891908e+00
-5.419112005608779370e-01
1.919752035522747757e+00
-2.171530573221905625e-01
9.494902656530894154e-05
8.182581264643686708e-03
-9.255824309761179550e-04
5.418162515351381270e-01
-1.927934616787891908e+00
2.180786397478600147e-01
-2.685478274858502101e-01
-2.881640847751974821e+00
4.942743430975428676e-01
-2.594095138858504290e-01
6.508370454250095305e-01
-1.116338931986462918e-01
5.279573413937903581e-01
2.230803802325552088e+00
-3.826404499071351939e-01
-2.881640847751974821e+00
7.782334416764668639e+00
-1.334854558162501093e+00
1.125247479594104483e-01
3.126911746130278669e-01
-5.363474629593573129e-02
2.769116099760868810e+00
-8.095025591370111684e+00
1.388489304502640298e+00
4.942743430975428676e-01
-1.334854558162501093e+00
2.289591523435975384e-01
-1.929988656358905263e-02
-5.363665283529142624e-02
9.200094209912988708e-03
-4.749744565285177744e-01
1.388491210996492198e+00
-2.381592465610916642e-01
-2.594095138858504290e-01
1.125247479594104483e-01
-1.929988656358905263e-02
4.776448727141493489e-01
-1.229472727082112360e-01
2.108683699306634213e-02
-2.182353588062096728e-01
1.042252474738784677e-02
-1.786950437715821094e-03
6.508370454250095305e-01
3.126911746130278669e-01
-5.363665283529142624e-02
-1.229472727082112360e-01
-3.028842472860025503e-01
5.195265022367562269e-02
-5.278897727343051516e-01
-9.806927326654458696e-03
1.684002613761157114e-03
-1.116338931986462918e-01
-5.363474629593573129e-02
9.200094209912988708e-03
2.108683699306634213e-02
5.195265022367562269e-02
-8.911252029262951152e-03
9.054705620858229109e-02
1.682096072196207241e-03
-2.888421810174665160e-04
5.279573413937903581e-01
2.769116099760868810e+00
-4.749744565285177744e-01
-2.182353588062096728e-01
-5.278897727343051516e-01
9.054705620858229109e-02
-3.097219826317483271e-01
-2.241226327023737142e+00
3.844274003364119840e-01
2.230803802325552088e+00
-8.095025591370113460e+00
1.388491210996492198e+00
1.042252474738784677e-02
-9.806927326654458696e-03
1.682096072196207241e-03
-2.241226327023737142e+00
8.104832518688821708e+00
-1.390173307115039503e+00
-3.826404499071351939e-01
1.388489304502640298e+00
-2.381592465610916642e-01
-1.786950437715821094e-03
1.684002613761157114e-03
-2.888421810174665160e-04
3.844274003364119840e-01
-1.390173307115039503e+00
2.384480887500590174e-01
5.204786364838287493e-01
-6.851147808412724749e-02
5.244176481009400759e-02
-4.563972718161712350e-01
-2.476644490076211971e-02
1.896018355737119632e-02
-6.408136460785969490e-02
9.327792293217969377e-02
-7.140194840242364283e-02
-6.851147808412724749e-02
2.987123717204681062e-01
-2.286575508330080941e-01
8.985469330242412678e-03
-2.566040554351037284e-02
1.964244527342007274e-02
5.952600875805968278e-02
-2.730519661695493538e-01
2.090151055486599019e-01
5.244176481009400759e-02
-2.286575508330080941e-01
1.750321731059425456e-01
-6.876175874712746675e-03
1.964259367327061967e-02
-1.503594987349842101e-02
-4.556558893857727555e-02
2.090149571540672324e-01
-1.599962232240786930e-01
-4.563972718161712350e-01
8.985469330242412678e-03
-6.876175874712746675e-03
4.733880666838288231e-01
-1.218803967681621192e-02
9.327599471427814107e-03
-1.699079490785964514e-02
3.202570434053896194e-03
-2.451423613050417172e-03
-2.476644490076211971e-02
-2.566040554351037284e-02
1.964259367327061967e-02
-1.218803967681621192e-02
2.777448983705165658e-02
-2.126071695185596452e-02
3.695448456480305427e-02
-2.114084316209486562e-03
1.618123312025712300e-03
1.896018355737119632e-02
1.964244527342007274e-02
-1.503594987349842101e-02
9.327599471427814107e-03
-2.126071695185596452e-02
1.627457743454717443e-02
-2.828778301901963693e-02
1.618271695787541634e-03
-1.238627586646550956e-03
-6.408136460785969490e-02
5.952600875805968278e-02
-4.556558893857727555e-02
-1.699079490785964514e-02
3.695448456480305427e-02
-2.828778301901963693e-02
8.107215949612343875e-02
-9.648049335763315970e-02
7.385337200889072196e-02
9.327792293217969377e-02
-2.730519661695493538e-01
2.090149571540671214e-01
3.202570434053896194e-03
-2.114084316209486562e-03
1.618271695787541634e-03
-9.648049335763315970e-02
2.751660505010191660e-01
-2.106332288723667956e-01
-7.140194840242364283e-02
2.090151055486599019e-01
-1.599962232240786930e-01
-2.451423613050417172e-03
1.618123312025712300e-03
-1.238627586646550956e-03
7.385337200889072196e-02
-2.106332288723667956e-01
1.612348508279576320e-01
4.774968516067943924e-01
-1.079102545598783006e-02
2.625645139112315826e-02
-4.718576171932057362e-01
6.205644661398821739e-03
-1.510122948534627953e-02
-5.639234401662323107e-03
4.585380796122555912e-03
-1.115522191744295309e-02
-1.079102545598783006e-02
-7.886969067642092632e-04
1.918617942190386973e-03
8.790591508637818222e-04
-4.358424805855458384e-03
1.060304690383222226e-02
9.911966319042876672e-03
5.147121734898634296e-03
-1.252166483438427874e-02
2.625645139112315826e-02
1.918617942190386973e-03
-4.667312290639552205e-03
-2.142879726981608470e-03
1.060309577190862371e-02
-2.579489769267824875e-02
-2.411357169800266639e-02
-1.252171376829834017e-02
3.046220995500439899e-02
-4.718576171932057362e-01
8.790591508637818222e-04
-2.142879726981608470e-03
4.696020765067942526e-01
-1.341968754772164714e-03
3.269010974556574908e-03
2.255540698337819751e-03
4.629096054418305227e-04
-1.126131259240770177e-03
6.205644661398821739e-03
-4.358424805855458384e-03
1.060309577190862371e-02
-1.341968754772164714e-03
3.712082758399206945e-03
-9.030650531986362389e-03
-4.863675900124292406e-03
6.463420414986908221e-04
-1.572445254656175927e-03
-1.510122948534627953e-02
1.060304690383222226e-02
-2.579489769267824875e-02
3.269010974556574908e-03
-9.030650531986362389e-03
2.196951266593821089e-02
1.183221849497104704e-02
-1.572396357352357985e-03
3.825385062584087809e-03
-5.639234401662323107e-03
9.911966319042876672e-03
-2.411357169800266639e-02
2.255540698337819751e-03
-4.863675900124292406e-03
1.183221849497104704e-02
3.383693679472275437e-03
-5.048290421985551085e-03
1.228135322636349225e-02
4.585380796122555912e-03
5.147121734898634296e-03
-1.252171376829834017e-02
4.629096054418305227e-04
6.463420414986908221e-04
-1.572396357352357985e-03
-5.048290421985551085e-03
-5.793463792718589987e-03
1.409411012874631566e-02
-1.115522191744295309e-02
-1.252166483438427874e-02
3.046220995500439899e-02
-1.126131259240770177e-03
-1.572445254656175927e-03
3.825385062584087809e-03
1.228135322636349225e-02
1.409411012874631566e-02
-3.428759502511910529e-02
-2.685478274858502101e-01
-2.881640847751974821e+00
4.942743430975428676e-01
-2.594095138858504290e-01
6.508370454250095305e-01
-1.116338931986462918e-01
5.279573413937903581e-01
2.230803802325552088e+00
-3.826404499071351939e-01
-2.881640847751974821e+00
7.782334416764668639e+00
-1.334854558162501093e+00
1.125247479594104483e-01
3.126911746130278669e-01
-5.363474629593573129e-02
2.769116099760868810e+00
-8.095025591370111684e+00
1.388489304502640298e+00
4.942743430975428676e-01
-1.334854558162501093e+00
2.289591523435975384e-01
-1.929988656358905263e-02
-5.363665283529142624e-02
9.200094209912988708e-03
-4.749744565285177744e-01
1.388491210996492198e+00
-2.381592465610916642e-01
-2.594095138858504290e-01
1.125247479594104483e-01
-1.929988656358905263e-02
4.776448727141493489e-01
-1.229472727082112360e-01
2.108683699306634213e-02
-2.182353588062096728e-01
1.042252474738784677e-02
-1.786950437715821094e-03
6.508370454250095305e-01
3.126911746130278669e-01
-5.363665283529142624e-02
-1.229472727082112360e-01
-3.028842472860025503e-01
5.195265022367562269e-02
-5.278897727343051516e-01
-9.806927326654458696e-03
1.684002613761157114e-03
-1.116338931986462918e-01
-5.363474629593573129e-02
9.200094209912988708e-03
2.108683699306634213e-02
5.195265022367562269e-02
-8.911252029262951152e-03
9.054705620858229109e-02
1.682096072196207241e-03
-2.888421810174665160e-04
5.279573413937903581e-01
2.769116099760868810e+00
-4.749744565285177744e-01
-2.182353588062096728e-01
-5.278897727343051516e-01
9.054705620858229109e-02
-3.097219826317483271e-01
-2.241226327023737142e+00
3.844274003364119840e-01
2.230803802325552088e+00
-8.095025591370113460e+00
1.388491210996492198e+00
1.042252474738784677e-02
-9.806927326654458696e-03
1.682096072196207241e-03
-2.241226327023737142e+00
8.104832518688821708e+00
-1.390173307115039503e+00
-3.826404499071351939e-01
1.388489304502640298e+00
-2.381592465610916642e-01
-1.786950437715821094e-03
1.684002613761157114e-03
-2.888421810174665160e-04
3.844274003364119840e-01
-1.390173307115039503e+00
2.384480887500590174e-01
4.971332694967772192e-01
-1.631212949274995355e-02
2.797272601340264689e-02
-4.705221228032227532e-01
1.763407041757026825e-02
-3.023918232173478798e-02
-2.661114670527896242e-02
-1.321940946224951221e-03
2.266456345032882933e-03
-1.631212949274995355e-02
1.313951569699451510e-02
-2.252953281885434686e-02
2.185778747745595568e-04
-1.154144514333883126e-02
1.978932014710006043e-02
1.609355159840901439e-02
-1.598070554746459969e-03
2.740212673624523032e-03
2.797272601340264689e-02
-2.252953281885434686e-02
3.863002724314684722e-02
-3.780404810852845167e-04
1.978944082863268866e-02
-3.393158963082201773e-02
-2.759468549876831905e-02
2.740091992091776407e-03
-4.698437615531340927e-03
-4.705221228032227532e-01
2.185778747745595568e-04
-3.780404810852845167e-04
4.693995005967772638e-01
-6.175193952637855364e-04
1.062070101201070121e-03
1.122622194721188162e-03
3.989415494642301789e-04
-6.840296697967644451e-04
1.763407041757026825e-02
-1.154144514333883126e-02
1.978944082863268866e-02
-6.175193952637855364e-04
1.157389566076637982e-02
-1.984496357817892506e-02
-1.701655102876079018e-02
-3.245051336089670272e-05
5.552274257352618925e-05
-3.023918232173478798e-02
1.978932014710006043e-02
-3.393158963082201773e-02
1.062070101201070121e-03
-1.984496357817892506e-02
3.402679540433593136e-02
2.917711223160040709e-02
5.564342410626342967e-05
-9.520576155865098764e-05
-2.661114670527896242e-02
1.609355159840901439e-02
-2.759468549876831905e-02
1.122622194721188162e-03
-1.701655102876079018e-02
2.917711223160040709e-02
2.548852453400657012e-02
9.229994227814298504e-04
-1.582426719851851146e-03
-1.321940946224951221e-03
-1.598070554746459969e-03
2.740091992091776407e-03
3.989415494642301789e-04
-3.245051336089670272e-05
5.564342410626342290e-05
9.229994227814298504e-04
1.630521065131490706e-03
-2.795735411095562253e-03
2.266456345032882933e-03
2.740212673624523032e-03
-4.698437615531340927e-03
-6.840296697967644451e-04
5.552274257352618925e-05
-9.520576155865098764e-05
-1.582426719851851146e-03
-2.795735411095562253e-03
4.793643368341230990e-03
4.918769098997962108e-01
-1.607216479444038490e-02
3.054161648367662019e-02
-4.713676540002037507e-01
1.446089531300369033e-02
-2.747996884875382809e-02
-2.050925589556055334e-02
1.611269470004784250e-03
-3.061647643566082176e-03
-1.607216479444038490e-02
6.492363996141502745e-03
-1.233594196343655580e-02
6.538976231822363552e-04
-9.298700363252913881e-03
1.766800813365604350e-02
1.541826714099806157e-02
2.806336360378153955e-03
-5.332066149362821479e-03
3.054161648367662019e-02
-1.233594196343655580e-02
2.343914549162697328e-02
-1.245971635813253623e-03
1.766811160093786914e-02
-3.357031924063436784e-02
-2.929564479036767671e-02
-5.332169624707816177e-03
1.013117370937863942e-02
-4.713676540002037507e-01
6.538976231822363552e-04
-1.245971635813253623e-03
4.693056975997964009e-01
-1.182468244302898328e-03
2.250267165916941883e-03
2.061956404439268739e-03
5.285706096887460119e-04
-1.004295538747209055e-03
1.446089531300369033e-02
-9.298700363252913881e-03
1.766811160093786914e-02
-1.182468244302898328e-03
9.051476171137771629e-03
-1.719827357319237901e-02
-1.327842705627764464e-02
2.472241829302030932e-04
-4.698380419920008969e-04
-2.747996884875382809e-02
1.766800813365604350e-02
-3.357031924063436784e-02
2.250267165916941883e-03
-1.719827357319237901e-02
3.267761065096311951e-02
2.522970165923232519e-02
-4.697345430118961078e-04
8.927086167402837127e-04
-2.050925589556055334e-02
1.541826714099806157e-02
-2.929564479036767671e-02
2.061956404439268739e-03
-1.327842705627764464e-02
2.522970165923232519e-02
1.844729948305781284e-02
-2.139840061856607568e-03
4.065943148422175406e-03
1.611269470004784250e-03
2.806336360378153955e-03
-5.332169624707816177e-03
5.285706096887460119e-04
2.472241829302030932e-04
-4.697345430118961078e-04
-2.139840061856607568e-03
-3.053560527390121460e-03
5.801904161109557208e-03
-3.061647643566082176e-03
-5.332066149362821479e-03
1.013117370937863942e-02
-1.004295538747209055e-03
-4.698380419920008969e-04
8.927086167402837127e-04
4.065943148422175406e-03
5.801904161109557208e-03
-1.102388231355913226e-02
4.800514068808053314e-01
-1.227606969424521917e-02
2.854872309931317381e-02
-4.719083059191946372e-01
7.726803605872037406e-03
-1.797063670685515938e-02
-8.143100917593491112e-03
4.549266096336471513e-03
-1.057808638903321580e-02
-1.227606969424521917e-02
-2.346771955701124892e-04
5.455661045689288611e-04
9.459946957932119154e-04
-5.216256198144854535e-03
1.212891720063334795e-02
1.133007499973983680e-02
5.450933430968654680e-03
-1.267448328918043508e-02
2.854872309931317381e-02
5.455661045689288611e-04
-1.268305397866938567e-03
-2.203808911522515263e-03
1.212897709076408287e-02
-2.820247960714728636e-02
-2.634491419078450331e-02
-1.267454328195563237e-02
2.947078496776013926e-02
-4.719083059191946372e-01
9.459946957932119154e-04
-2.203808911522515263e-03
4.694114923808053175e-01
-1.467675173796731229e-03
3.416805326310215149e-03
2.496813482406494162e-03
5.216804859667839101e-04
-1.212996411362911873e-03
7.726803605872037406e-03
-5.216256198144854535e-03
1.212897709076408287e-02
-1.467675173796731229e-03
4.590734772873908062e-03
-1.067445099588922031e-02
-6.259128438075381613e-03
6.255214207987667930e-04
-1.454526096798191680e-03
-1.797063670685515938e-02
1.212891720063334795e-02
-2.820247960714728636e-02
3.416805326310215149e-03
-1.067445099588922031e-02
2.482040672551374602e-02
1.455383139449597553e-02
-1.454466194345204822e-03
3.382072886105802305e-03
-8.143100917593491112e-03
1.133007499973983680e-02
-2.634491419078450331e-02
2.496813482406494162e-03
-6.259128438075381613e-03
1.455383139449597553e-02
5.646287447153130329e-03
-5.070946577590893303e-03
1.179108278943894611e-02
4.549266096336471513e-03
5.450933430968654680e-03
-1.267454328195563237e-02
5.216804859667839101e-04
6.255214207987667930e-04
-1.454466194345204822e-03
-5.070946577590893303e-03
-6.076454884548912645e-03
1.412900946220242530e-02
-1.057808638903321580e-02
-1.267448328918043508e-02
2.947078496776013926e-02
-1.212996411362911873e-03
-1.454526096798191680e-03
3.382072886105802305e-03
1.179108278943894611e-02
1.412900946220242530e-02
-3.285285782108404024e-02
5.204786364838287493e-01
-6.851147808412724749e-02
5.244176481009400759e-02
-4.563972718161712350e-01
-2.476644490076211971e-02
1.896018355737119632e-02
-6.408136460785969490e-02
9.327792293217969377e-02
-7.140194840242364283e-02
-6.851147808412724749e-02
2.987123717204681062e-01
-2.286575508330080941e-01
8.985469330242412678e-03
-2.566040554351037284e-02
1.964244527342007274e-02
5.952600875805968278e-02
-2.730519661695493538e-01
2.090151055486599019e-01
5.244176481009400759e-02
-2.286575508330080941e-01
1.750321731059425456e-01
-6.876175874712746675e-03
1.964259367327061967e-02
-1.503594987349842101e-02
-4.556558893857727555e-02
2.090149571540672324e-01
-1.599962232240786930e-01
-4.563972718161712350e-01
8.985469330242412678e-03
-6.876175874712746675e-03
4.733880666838288231e-01
-1.218803967681621192e-02
9.327599471427814107e-03
-1.699079490785964514e-02
3.202570434053896194e-03
-2.451423613050417172e-03
-2.476644490076211971e-02
-2.566040554351037284e-02
1.964259367327061967e-02
-1.218803967681621192e-02
2.777448983705165658e-02
-2.126071695185596452e-02
3.695448456480305427e-02
-2.114084316209486562e-03
1.618123312025712300e-03
1.896018355737119632e-02
1.964244527342007274e-02
-1.503594987349842101e-02
9.327599471427814107e-03
-2.126071695185596452e-02
1.627457743454717443e-02
-2.828778301901963693e-02
1.618271695787541634e-03
-1.238627586646550956e-03
-6.408136460785969490e-02
5.952600875805968278e-02
-4.556558893857727555e-02
-1.699079490785964514e-02
3.695448456480305427e-02
-2.828778301901963693e-02
8.107215949612343875e-02
-9.648049335763315970e-02
7.385337200889072196e-02
9.327792293217969377e-02
-2.730519661695493538e-01
2.090149571540671214e-01
3.202570434053896194e-03
-2.114084316209486562e-03
1.618271695787541634e-03
-9.648049335763315970e-02
2.751660505010191660e-01
-2.106332288723667956e-01
-7.140194840242364283e-02
2.090151055486599019e-01
-1.599962232240786930e-01
-2.451423613050417172e-03
1.618123312025712300e-03
-1.238627586646550956e-03
7.385337200889072196e-02
-2.106332288723667956e-01
1.612348508279576320e-01
5.027901008863233656e-01
-1.508802166394974074e-02
2.268717029708855817e-02
-4.691388033136764113e-01
2.128374875485264731e-02
-3.200188910363610528e-02
-3.365129751464435853e-02
-6.195727035361349964e-03
9.314718848968348355e-03
-1.508802166394974074e-02
2.532311500561850587e-02
-3.807198981794045894e-02
-5.561709019928229173e-04
-1.453438713050612778e-02
2.185163900498607314e-02
1.564419256341728279e-02
-1.078872784656337291e-02
1.622035078919776760e-02
2.268717029708855817e-02
-3.807198981794045894e-02
5.723926179194526592e-02
8.332150844887817450e-04
2.185177668362464631e-02
-3.285292538942112539e-02
-2.352038537778005506e-02
1.622021309139443437e-02
-2.438633636680705152e-02
-4.691388033136764113e-01
-5.561709019928229173e-04
8.332150844887817450e-04
4.697991153863236846e-01
4.842393419529952402e-04
-7.250658794335138567e-04
-6.603121146441596470e-04
7.193153231792567327e-05
-1.081492180169620114e-04
2.128374875485264731e-02
-1.453438713050612778e-02
2.185177668362464631e-02
4.842393419529952402e-04
1.497807384438525589e-02
-2.251869774181660191e-02
-2.176798808786090458e-02
-4.436867066783662088e-04
6.669210794977431392e-04
-3.200188910363610528e-02
2.185163900498607314e-02
-3.285292538942112539e-02
-7.250658794335138567e-04
-2.251869774181660191e-02
3.385560476836002586e-02
3.272695496962144818e-02
6.670587260044271447e-04
-1.002679410971026985e-03
-3.365129751464435853e-02
1.564419256341728279e-02
-2.352038537778005506e-02
-6.603121146441596470e-04
-2.176798808786090458e-02
3.272695496962144818e-02
3.431160961328334758e-02
6.123795496624186672e-03
-9.206569621300520964e-03
-6.195727035361349964e-03
-1.078872784656337291e-02
1.622021309139443437e-02
7.193153231792567327e-05
-4.436867066783662088e-04
6.670587260044271447e-04
6.123795496624186672e-03
1.123241451749204013e-02
-1.688727181494800722e-02
9.314718848968348355e-03
1.622035078919776760e-02
-2.438633636680705152e-02
-1.081492180169620114e-04
6.669210794977431392e-04
-1.002679410971026985e-03
-9.206569621300520964e-03
-1.688727181494800722e-02
2.538901577409317933e-02
4.971332694967772192e-01
-1.631212949274995355e-02
2.797272601340264689e-02
-4.705221228032227532e-01
1.763407041757026825e-02
-3.023918232173478798e-02
-2.661114670527896242e-02
-1.321940946224951221e-03
2.266456345032882933e-03
-1.631212949274995355e-02
1.313951569699451510e-02
-2.252953281885434686e-02
2.185778747745595568e-04
-1.154144514333883126e-02
1.978932014710006043e-02
1.609355159840901439e-02
-1.598070554746459969e-03
2.740212673624523032e-03
2.797272601340264689e-02
-2.252953281885434686e-02
3.863002724314684722e-02
-3.780404810852845167e-04
1.978944082863268866e-02
-3.393158963082201773e-02
-2.759468549876831905e-02
2.740091992091776407e-03
-4.698437615531340927e-03
-4.705221228032227532e-01
2.185778747745595568e-04
-3.780404810852845167e-04
4.693995005967772638e-01
-6.175193952637855364e-04
1.062070101201070121e-03
1.122622194721188162e-03
3.989415494642301789e-04
-6.840296697967644451e-04
1.763407041757026825e-02
-1.154144514333883126e-02
1.978944082863268866e-02
-6.175193952637855364e-04
1.157389566076637982e-02
-1.984496357817892506e-02
-1.701655102876079018e-02
-3.245051336089670272e-05
5.552274257352618925e-05
-3.023918232173478798e-02
1.978932014710006043e-02
-3.393158963082201773e-02
1.062070101201070121e-03
-1.984496357817892506e-02
3.402679540433593136e-02
2.917711223160040709e-02
5.564342410626342967e-05
-9.520576155865098764e-05
-2.661114670527896242e-02
1.609355159840901439e-02
-2.759468549876831905e-02
1.122622194721188162e-03
-1.701655102876079018e-02
2.917711223160040709e-02
2.548852453400657012e-02
9.229994227814298504e-04
-1.582426719851851146e-03
-1.321940946224951221e-03
-1.598070554746459969e-03
2.740091992091776407e-03
3.989415494642301789e-04
-3.245051336089670272e-05
5.564342410626342290e-05
9.229994227814298504e-04
1.630521065131490706e-03
-2.795735411095562253e-03
2.266456345032882933e-03
2.740212673624523032e-03
-4.698437615531340927e-03
-6.840296697967644451e-04
5.552274257352618925e-05
-9.520576155865098764e-05
-1.582426719851851146e-03
-2.795735411095562253e-03
4.793643368341230990e-03
4.754967996328264834e-01
-9.370389013409056653e-03
2.368699128890956393e-02
-4.717645099671736175e-01
4.955261924374124854e-03
-1.252827725500311670e-02
-3.732289606373465508e-03
4.415127089431552902e-03
-1.115871403490897688e-02
-9.370389013409056653e-03
-1.050242882298478260e-03
2.654267904020539068e-03
7.728567881701723990e-04
-3.651737401013579500e-03
9.229314391734832687e-03
8.597532215337823705e-03
4.701980288977019966e-03
-1.188358231007285472e-02
2.368699128890956393e-02
2.654267904020539068e-03
-6.708103594129218895e-03
-1.957774321317875751e-03
9.229354091045419844e-03
-2.332605040822226597e-02
-2.172921694256764111e-02
-1.188362200938369861e-02
3.003415403853698998e-02
-4.717645099671736175e-01
7.728567881701723990e-04
-1.957774321317875751e-03
4.698048505328263347e-01
-1.178785507391330242e-03
2.983689444968018033e-03
1.959659393626619027e-03
4.059287196177437649e-04
-1.025915124652585202e-03
4.955261924374124854e-03
-3.651737401013579500e-03
9.229354091045419844e-03
-1.178785507391330242e-03
3.014967069567858326e-03
-7.619961298539762104e-03
-3.776476404925974226e-03
6.367703298726463870e-04
-1.609392788529860185e-03
-1.252827725500311670e-02
9.229314391734832687e-03
-2.332605040822226597e-02
2.983689444968018033e-03
-7.619961298539762104e-03
1.925852222556532004e-02
9.544587779562616059e-03
-1.609353089219152030e-03
4.067528172608666018e-03
-3.732289606373465508e-03
8.597532215337823705e-03
-2.172921694256764111e-02
1.959659393626619027e-03
-3.776476404925974226e-03
9.544587779562616059e-03
1.772630194187917781e-03
-4.821055811205132019e-03
1.218462916500998375e-02
4.415127089431552902e-03
4.701980288977019966e-03
-1.188362200938369861e-02
4.059287196177437649e-04
6.367703298726463870e-04
-1.609353089219152030e-03
-4.821055811205132019e-03
-5.338750622941466385e-03
1.349297510894446710e-02
-1.115871403490897688e-02
-1.188358231007285472e-02
3.003415403853698998e-02
-1.025915124652585202e-03
-1.609392788529860185e-03
4.067528172608666018e-03
1.218462916500998375e-02
1.349297510894446710e-02
-3.410168223728264614e-02
-9.375824479112391252e-01
1.736554054280145824e-05
2.010605880044947477e-05
1.195449909594511695e+00
-2.402778305863693056e-05
-1.957673915839415669e-05
-1.289328062199170122e-01
3.134958272635451904e-01
3.891547238966772126e-01
-1.289346554985652260e-01
-3.134891650309934441e-01
-3.891552532374670803e-01
1.736554054280145824e-05
3.041374122328536878e+00
4.313729522732418609e+00
-2.337116765737939775e-05
-3.747079188411880590e+00
-4.227063098834952015e+00
-2.073287932318802068e-02
3.528507511027471621e-01
-4.333561422464125151e-02
2.073888493501956087e-02
3.528543149557555880e-01
-4.333080968220907880e-02
2.010605880044947477e-05
4.313729522732419497e+00
2.937487174177043414e+00
-1.706475727741883026e-05
-3.814228705146230691e+00
-2.679016523076897638e+00
1.509474130406759929e-01
-2.497508298021338946e-01
-1.292344667967661453e-01
-1.509504543894303608e-01
-2.497499877839120253e-01
-1.292361843368415031e-01
1.195449909594511695e+00
-2.337116765737939775e-05
-1.706475727741883026e-05
-9.356325261028056728e-01
2.376396926509216441e-05
1.703737607175728880e-05
-1.299102030964422450e-01
-2.797106221937046278e-01
-1.380865981223642069e-01
-1.299071804167301059e-01
2.797102293740473256e-01
1.380866255041266755e-01
-2.402778305863693056e-05
-3.747079188411881034e+00
-3.814228705146230691e+00
2.376396926509216441e-05
3.954699313802680916e+00
3.780569840549052429e+00
1.537942143614164873e-03
-1.038083693226688337e-01
1.683027540087088381e-02
-1.537678298103402211e-03
-1.038117560368538861e-01
1.682858921695548626e-02
-1.957673915839415669e-05
-4.227063098834952015e+00
-2.679016523076897638e+00
1.703737607175728880e-05
3.780569840549051985e+00
2.826223811399070751e+00
2.300410302568349497e-02
2.232460442412917134e-01
-7.360382719836813803e-02
-2.300156361222975218e-02
2.232472140940432170e-01
-7.360346109100032730e-02
-1.289328062199170122e-01
-2.073287932318802068e-02
1.509474130406759929e-01
-1.299102030964422450e-01
1.537942143614164873e-03
2.300410302568349497e-02
2.987725155976207470e-01
-7.294996319672012591e-03
-2.125101145171587047e-01
-3.992950630291113023e-02
2.648993355059914984e-02
3.855859849434117859e-02
3.134958272635450793e-01
3.528507511027471621e-01
-2.497508298021338946e-01
-2.797106221937045167e-01
-1.038083693226688337e-01
2.232460442412917134e-01
-7.294996319672012591e-03
-2.048754336725400471e-01
-4.385757766767327259e-02
-2.649020876013883155e-02
-4.416694811369398926e-02
7.036236322457048442e-02
3.891547238966772126e-01
-4.333561422464125151e-02
-1.292344667967661453e-01
-1.380865981223642069e-01
1.683027540087088381e-02
-7.360382719836813803e-02
-2.125101145171587047e-01
-4.385757766767327259e-02
1.577573391657073609e-01
-3.855801128448998333e-02
7.036291645207777556e-02
4.508095482247186786e-02
-1.289346554985652260e-01
2.073888493501956087e-02
-1.509504543894303608e-01
-1.299071804167301059e-01
-1.537678298103402211e-03
-2.300156361222975218e-02
-3.992950630291113023e-02
-2.649020876013883155e-02
-3.855801128448998333e-02
2.987713422965573296e-01
7.289002099884955496e-03
2.125100292631996735e-01
-3.134891650309934441e-01
3.528543149557554770e-01
-2.497499877839120253e-01
2.797102293740473256e-01
-1.038117560368538861e-01
2.232472140940432170e-01
2.648993355059914984e-02
-4.416694811369398926e-02
7.036291645207777556e-02
7.289002099884955496e-03
-2.048756108054834990e-01
-4.386014276952832774e-02
-3.891552532374670803e-01
-4.333080968220907880e-02
-1.292361843368415031e-01
1.380866255041266755e-01
1.682858921695548626e-02
-7.360346109100032730e-02
3.855859849434117859e-02
7.036236322457048442e-02
4.508095482247186786e-02
2.125100292631996735e-01
-4.386014276952832774e-02
1.577586906129861410e-01
2.916238773068195456e-01
-1.113770419498428810e-01
3.674902254506244581e-02
-2.716081582274010656e-02
2.153107496265856471e-02
-7.104373397807608667e-03
-1.322299280975778868e-01
3.570665768590886458e-03
-1.401439021678541064e-01
-1.322331334016741688e-01
8.627530120507252709e-02
1.104992530571078102e-01
-1.113770419498428810e-01
3.417263576064843433e-01
8.640146698002576509e-02
-2.658123269966337562e-02
-1.583646692009610946e-01
3.320132490011862281e-02
1.444317947863193660e-02
-4.880404068311830490e-02
9.030810313850053811e-03
1.235150952305666544e-01
-1.345576476173033775e-01
-1.286336022519515287e-01
3.674902254506244581e-02
8.640146698002586223e-02
5.750676301004908897e-01
8.771098438088981500e-03
3.320159029783847221e-02
-6.869946239886215444e-02
-1.880356943173767947e-01
-1.283948166875198936e-02
-2.960624888074784855e-01
1.425155733393460855e-01
-1.067635755532153619e-01
-2.103056788621146811e-01
-2.716081582274010656e-02
-2.658123269966337562e-02
8.771098438088981500e-03
2.170696235899845228e-02
-1.458661218119022482e-02
4.812927242608532920e-03
2.726928570846689354e-03
1.999186165430408280e-02
-8.585724847757087927e-03
2.726924892381028375e-03
2.117598319230476131e-02
-4.998300839278338459e-03
2.153107496265856471e-02
-1.583646692009610946e-01
3.320159029783847221e-02
-1.458661218119022482e-02
1.837652235921067023e-01
-4.314366124315270612e-02
-2.999611179354365678e-03
-2.659236036418072702e-03
6.065426005794009298e-05
-3.944851642240675658e-03
-2.274131833208801329e-02
9.881416746135662441e-03
-7.104373397807608667e-03
3.320132490011862281e-02
-6.869946239886215444e-02
4.812927242608532920e-03
-4.314366124315270612e-02
6.725002662605775172e-02
2.578022571146477461e-03
3.699878106930812316e-02
-9.316325968969866450e-03
-2.865763942068760470e-04
-2.705644471722682895e-02
1.076576173089449640e-02
-1.322299280975778868e-01
1.444317947863193660e-02
-1.880356943173767947e-01
2.726928570846689354e-03
-2.999611179354365678e-03
2.578022571146477461e-03
1.197633063250741203e-01
-1.395475504285156529e-02
1.659226048578260337e-01
9.739693199412287686e-03
2.511186735028861881e-03
1.953506686662088640e-02
3.570665768590886458e-03
-4.880404068311830490e-02
-1.283948166875198936e-02
1.999186165430408280e-02
-2.659236036418072702e-03
3.699878106930812316e-02
-1.395475504285156529e-02
5.340308348916347064e-02
-7.000797703968799496e-03
-9.607772394722676954e-03
-1.939806800621418420e-03
-1.715850167382264313e-02
-1.401439021678541064e-01
9.030810313850053811e-03
-2.960624888074784855e-01
-8.585724847757087927e-03
6.065426005793979482e-05
-9.316325968969866450e-03
1.659226048578260337e-01
-7.000797703968799496e-03
3.333110872162068361e-01
-1.719297790668153705e-02
-2.090666896760785994e-03
-2.793227240832997851e-02
-1.322331334016741688e-01
1.235150952305666544e-01
1.425155733393460855e-01
2.726924892381028375e-03
-3.944851642240675658e-03
-2.865763942068760470e-04
9.739693199412287686e-03
-9.607772394722676954e-03
-1.719297790668153705e-02
1.197665153278121286e-01
-1.099624711372927804e-01
-1.250360190468450261e-01
8.627530120507252709e-02
-1.345576476173033775e-01
-1.067635755532153619e-01
2.117598319230476131e-02
-2.274131833208801329e-02
-2.705644471722682895e-02
2.511186735028861881e-03
-1.939806800621418420e-03
-2.090666896760785994e-03
-1.099624711372927804e-01
1.592387726532658865e-01
1.359106871415159956e-01
1.104992530571078102e-01
-1.286336022519515287e-01
-2.103056788621146811e-01
-4.998300839278338459e-03
9.881416746135662441e-03
1.076576173089449640e-02
1.953506686662088640e-02
-1.715850167382264313e-02
-2.793227240832997851e-02
-1.250360190468449428e-01
1.359106871415158846e-01
2.274721894869656813e-01
2.922814255929429561e-01
-1.094517706435318705e-01
2.615328899549523856e-02
-2.408751950668990005e-02
1.805719852114103310e-02
-4.314874045495972234e-03
-1.340953320311216168e-01
1.469661754857477971e-02
-1.406476472406194000e-01
-1.340985740108589508e-01
7.669795465095496922e-02
1.188092322421940711e-01
-1.094517706435318705e-01
1.699610434856399233e-01
1.031355784222489358e-01
-2.349017312841659294e-02
-7.559141023244310247e-03
-9.878293196591484207e-03
2.551395363003901295e-02
-4.864519199340613942e-02
2.726952554352149796e-02
1.074279901623271249e-01
-1.137567104205540747e-01
-1.205268107103123348e-01
2.615328899549523856e-02
1.031355784222489358e-01
5.769139740121167481e-01
5.613422233769772493e-03
-9.878069590356766683e-03
-4.653620968226538507e-02
-1.872761302666108851e-01
7.930559345588729728e-03
-2.977462623991491419e-01
1.555094190869736603e-01
-1.011880682188960323e-01
-2.326315018740282292e-01
-2.408751950668990005e-02
-2.349017312841659294e-02
5.613422233769772493e-03
1.526813481948412037e-02
-9.150725329378257486e-03
2.186565390724842361e-03
4.409675858966162140e-03
1.623781102585020869e-02
-4.245169600334403742e-03
4.409708814659920283e-03
1.640308741987390670e-02
-3.554818019711354464e-03
1.805719852114103310e-02
-7.559141023244310247e-03
-9.878069590356766683e-03
-9.150725329378257486e-03
2.449411737694668148e-02
3.207048807966991159e-03
-3.639374702231373219e-03
-2.799859846004431902e-03
-1.531222458826382755e-03
-5.267098487043573446e-03
-1.413511656660471419e-02
8.202243198633406285e-03
-4.314874045495972234e-03
-9.878293196591484207e-03
-4.653620968226538507e-02
2.186565390724842361e-03
3.207048807966991159e-03
3.714864542839010908e-02
4.469878506266396906e-03
3.056557482264029776e-02
-9.738297543943299399e-04
-2.341569876897800842e-03
-2.389433040615568382e-02
1.036139395887785385e-02
-1.340953320311216168e-01
2.551395363003901295e-02
-1.872761302666108851e-01
4.409675858966162140e-03
-3.639374702231373219e-03
4.469878506266396906e-03
1.199134116733117095e-01
-2.359314235276107827e-02
1.631775034004433467e-01
9.772244474287228658e-03
1.718563397399418919e-03
1.962874837842440434e-02
1.469661754857477971e-02
-4.864519199340613942e-02
7.930559345588729728e-03
1.623781102585020869e-02
-2.799859846004431902e-03
3.056557482264029776e-02
-2.359314235276107827e-02
5.326659598144834612e-02
-2.517883208191990310e-02
-7.341286246885925584e-03
-1.821544140377362540e-03
-1.331730213529210179e-02
-1.406476472406194000e-01
2.726952554352149796e-02
-2.977462623991491419e-01
-4.245169600334403742e-03
-1.531222458826382755e-03
-9.738297543943299399e-04
1.631775034004433467e-01
-2.517883208191990310e-02
3.279189175381438948e-01
-1.828468656831214872e-02
-5.594710451432065258e-04
-2.919882536653353386e-02
-1.340985740108589508e-01
1.074279901623271249e-01
1.555094190869736603e-01
4.409708814659920283e-03
-5.267098487043573446e-03
-2.341569876897800842e-03
9.772244474287228658e-03
-7.341286246885925584e-03
-1.828468656831214872e-02
1.199166207157757180e-01
-9.481960546591190753e-02
-1.348831626163099207e-01
7.669795465095496922e-02
-1.137567104205540747e-01
-1.011880682188960323e-01
1.640308741987390670e-02
-1.413511656660471419e-02
-2.389433040615568382e-02
1.718563397399418919e-03
-1.821544140377362540e-03
-5.594710451432065258e-04
-9.481960546591190753e-02
1.297133711363469277e-01
1.256418697028942044e-01
1.188092322421940711e-01
-1.205268107103124320e-01
-2.326315018740282292e-01
-3.554818019711354464e-03
8.202243198633406285e-03
1.036139395887785385e-02
1.962874837842440434e-02
-1.331730213529210179e-02
-2.919882536653353386e-02
-1.348831626163099207e-01
1.256418697028942044e-01
2.514689332563352364e-01
2.884447572089183787e-01
-1.084501542765746313e-01
2.248259537407955658e-02
-2.143925500109484378e-02
1.463453693083778193e-02
-3.033970951911357013e-03
-1.335011267869501417e-01
1.972407955285845893e-02
-1.408402647699106836e-01
-1.335043753181987536e-01
7.409153788779626604e-02
1.213916403112009351e-01
-1.084501542765746313e-01
1.443253187374326230e-01
9.359228448705550485e-02
-2.170626532542514059e-02
1.006804999116617597e-02
-1.085069810213116354e-02
2.925070811979359892e-02
-4.821244101312266439e-02
3.321346389521678821e-02
1.009057114770635782e-01
-1.061809276985389433e-01
-1.159550502643607872e-01
2.248259537407955658e-02
9.359228448705550485e-02
5.763561711677790411e-01
4.500321804012616736e-03
-1.085050408907310519e-02
-4.001891178866877341e-02
-1.862992819987649706e-01
1.783763820980323322e-02
-2.971544999611106519e-01
1.593163648126401655e-01
-1.005794186586572020e-01
-2.391827593858032452e-01
-2.143925500109484378e-02
-2.170626532542514059e-02
4.500321804012616736e-03
1.250883668094139242e-02
-6.636973198800544607e-03
1.375902298463600000e-03
4.465189915805771112e-03
1.417733521838256128e-02
-2.909912322759125158e-03
4.465228388455735366e-03
1.416590330873463040e-02
-2.966311755234531285e-03
1.463453693083778193e-02
1.006804999116617597e-02
-1.085050408907310519e-02
-6.636973198800544607e-03
2.647461210138993704e-03
5.804628458070996110e-03
-3.246413593106743482e-03
-2.148306357520029207e-03
-1.674135633122609016e-03
-4.751150142698444198e-03
-1.056720492843060862e-02
6.720011197091092271e-03
-3.033970951911357013e-03
-1.085069810213116354e-02
-4.001891178866877341e-02
1.375902298463600000e-03
5.804628458070996110e-03
2.944216900997285308e-02
4.457910493204078964e-03
2.615119476754043312e-02
1.078943268816875403e-03
-2.799841841159110643e-03
-2.110512508198614939e-02
9.497799524968141352e-03
-1.335011267869501417e-01
2.925070811979359892e-02
-1.862992819987649706e-01
4.465189915805771112e-03
-3.246413593106743482e-03
4.457910493204078964e-03
1.196076185350238852e-01
-2.742471461378427969e-02
1.622714163558439115e-01
9.428318296252399117e-03
1.420420045503447727e-03
1.956995514430116823e-02
1.972407955285845893e-02
-4.821244101312266439e-02
1.783763820980323322e-02
1.417733521838256128e-02
-2.148306357520029207e-03
2.615119476754043312e-02
-2.742471461378427969e-02
5.170635243841679302e-02
-3.164949907881463298e-02
-6.476700166965029641e-03
-1.345605020157292870e-03
-1.233933387537290011e-02
-1.408402647699106836e-01
3.321346389521678821e-02
-2.971544999611106519e-01
-2.909912322759125158e-03
-1.674135633122609016e-03
1.078943268816875403e-03
1.622714163558439115e-01
-3.164949907881473706e-02
3.256463911885021378e-01
-1.852123930662418969e-02
1.101708081898526036e-04
-2.957083456933917720e-02
-1.335043753181987536e-01
1.009057114770635782e-01
1.593163648126401655e-01
4.465228388455735366e-03
-4.751150142698444198e-03
-2.799841841159110643e-03
9.428318296252399117e-03
-6.476700166965029641e-03
-1.852123930662418969e-02
1.196108285865763593e-01
-8.967786122361551260e-02
-1.379952836473817834e-01
7.409153788779626604e-02
-1.061809276985389433e-01
-1.005794186586572020e-01
1.416590330873463040e-02
-1.056720492843060862e-02
-2.110512508198614939e-02
1.420420045503447727e-03
-1.345605020157292870e-03
1.101708081898526036e-04
-8.967786122361551260e-02
1.180937376672182293e-01
1.215743729605506945e-01
1.213916403112009351e-01
-1.159550502643607872e-01
-2.391827593858032452e-01
-2.966311755234531285e-03
6.720011197091092271e-03
9.497799524968141352e-03
1.956995514430116823e-02
-1.233933387537290011e-02
-2.957083456933917720e-02
-1.379952836473817834e-01
1.215743729605506945e-01
2.592557944560193173e-01
-9.375824479112391252e-01
1.736554054280145824e-05
2.010605880044947477e-05
1.195449909594511695e+00
-2.402778305863693056e-05
-1.957673915839415669e-05
-1.289328062199170122e-01
3.134958272635451904e-01
3.891547238966772126e-01
-1.289346554985652260e-01
-3.134891650309934441e-01
-3.891552532374670803e-01
1.736554054280145824e-05
3.041374122328536878e+00
4.313729522732418609e+00
-2.337116765737939775e-05
-3.747079188411880590e+00
-4.227063098834952015e+00
-2.073287932318802068e-02
3.528507511027471621e-01
-4.333561422464125151e-02
2.073888493501956087e-02
3.528543149557555880e-01
-4.333080968220907880e-02
2.010605880044947477e-05
4.313729522732419497e+00
2.937487174177043414e+00
-1.706475727741883026e-05
-3.814228705146230691e+00
-2.679016523076897638e+00
1.509474130406759929e-01
-2.497508298021338946e-01
-1.292344667967661453e-01
-1.509504543894303608e-01
-2.497499877839120253e-01
-1.292361843368415031e-01
1.195449909594511695e+00
-2.337116765737939775e-05
-1.706475727741883026e-05
-9.356325261028056728e-01
2.376396926509216441e-05
1.703737607175728880e-05
-1.299102030964422450e-01
-2.797106221937046278e-01
-1.380865981223642069e-01
-1.299071804167301059e-01
2.797102293740473256e-01
1.380866255041266755e-01
-2.402778305863693056e-05
-3.747079188411881034e+00
-3.814228705146230691e+00
2.376396926509216441e-05
3.954699313802680916e+00
3.780569840549052429e+00
1.537942143614164873e-03
-1.038083693226688337e-01
1.683027540087088381e-02
-1.537678298103402211e-03
-1.038117560368538861e-01
1.682858921695548626e-02
-1.957673915839415669e-05
-4.227063098834952015e+00
-2.679016523076897638e+00
1.703737607175728880e-05
3.780569840549051985e+00
2.826223811399070751e+00
2.300410302568349497e-02
2.232460442412917134e-01
-7.360382719836813803e-02
-2.300156361222975218e-02
2.232472140940432170e-01
-7.360346109100032730e-02
-1.289328062199170122e-01
-2.073287932318802068e-02
1.509474130406759929e-01
-1.299102030964422450e-01
1.537942143614164873e-03
2.300410302568349497e-02
2.987725155976207470e-01
-7.294996319672012591e-03
-2.125101145171587047e-01
-3.992950630291113023e-02
2.648993355059914984e-02
3.855859849434117859e-02
3.134958272635450793e-01
3.528507511027471621e-01
-2.497508298021338946e-01
-2.797106221937045167e-01
-1.038083693226688337e-01
2.232460442412917134e-01
-7.294996319672012591e-03
-2.048754336725400471e-01
-4.385757766767327259e-02
-2.649020876013883155e-02
-4.416694811369398926e-02
7.036236322457048442e-02
3.891547238966772126e-01
-4.333561422464125151e-02
-1.292344667967661453e-01
-1.380865981223642069e-01
1.683027540087088381e-02
-7.360382719836813803e-02
-2.125101145171587047e-01
-4.385757766767327259e-02
1.577573391657073609e-01
-3.855801128448998333e-02
7.036291645207777556e-02
4.508095482247186786e-02
-1.289346554985652260e-01
2.073888493501956087e-02
-1.509504543894303608e-01
-1.299071804167301059e-01
-1.537678298103402211e-03
-2.300156361222975218e-02
-3.992950630291113023e-02
-2.649020876013883155e-02
-3.855801128448998333e-02
2.987713422965573296e-01
7.289002099884955496e-03
2.125100292631996735e-01
-3.134891650309934441e-01
3.528543149557554770e-01
-2.497499877839120253e-01
2.797102293740473256e-01
-1.038117560368538861e-01
2.232472140940432170e-01
2.648993355059914984e-02
-4.416694811369398926e-02
7.036291645207777556e-02
7.289002099884955496e-03
-2.048756108054834990e-01
-4.386014276952832774e-02
-3.891552532374670803e-01
-4.333080968220907880e-02
-1.292361843368415031e-01
1.380866255041266755e-01
1.682858921695548626e-02
-7.360346109100032730e-02
3.855859849434117859e-02
7.036236322457048442e-02
4.508095482247186786e-02
2.125100292631996735e-01
-4.386014276952832774e-02
1.577586906129861410e-01
3.819861895949783759e-01
2.572458950780930811e-06
4.145361383797695334e-06
9.672828419630201402e-02
-5.727437838474522083e-06
-3.182098716672614458e-06
-2.393579394044764164e-01
3.954656231305831576e-02
2.007401532375756026e-01
-2.393565344010626372e-01
-3.954340737364079456e-02
-2.007411164176095553e-01
2.572458950780930811e-06
1.258906711583325677e+00
8.784318683657260651e-01
-5.716474818360719306e-06
-1.294908406634678766e+00
-7.962886672004086952e-01
7.263716532476620011e-03
1.800058261384946193e-02
-4.107271925434862608e-02
-7.260572510386797788e-03
1.800111250101220015e-02
-4.107048195402109025e-02
4.145361383797696181e-06
8.784318683657260651e-01
6.890035378244777631e-01
-3.160162642801489731e-06
-7.922125730972432445e-01
-3.917524463426495518e-01
1.541185994232352752e-01
-4.311041418006686388e-02
-1.486245772122328501e-01
-1.541195846230122846e-01
-4.310888111156277458e-02
-1.486265143021144597e-01
9.672828419630201402e-02
-5.716474818360719306e-06
-3.160162642801489731e-06
-4.034761679639421728e-02
5.509258058265267879e-06
3.108604903005984156e-06
-2.819048040284913639e-02
-1.746472850546622671e-02
1.055572984165805903e-02
-2.819018700400673441e-02
1.746493574864268691e-02
-1.055567832082069876e-02
-5.727437838474521236e-06
-1.294908406634678766e+00
-7.922125730972431334e-01
5.509258058265267879e-06
1.312195932112987462e+00
7.911161728808744353e-01
1.591382859448863332e-03
-8.643673068977784577e-03
5.481446214028540612e-04
-1.591164740603464136e-03
-8.643852431752243812e-03
5.482556271076380501e-04
-3.182098716672614458e-06
-7.962886672004086952e-01
-3.917524463426495518e-01
3.108604903005984580e-06
7.911161728808744353e-01
4.641765335110998869e-01
1.001980555775346289e-02
2.586142602483429073e-03
-3.621198761756190543e-02
-1.001973214785835571e-02
2.586351739163930338e-03
-3.621209954147534826e-02
-2.393579394044764164e-01
7.263716532476620011e-03
1.541185994232352752e-01
-2.819048040284913639e-02
1.591382859448863332e-03
1.001980555775346289e-02
3.010749914095285362e-01
-1.546862785817076924e-02
-1.877171140450668574e-01
-3.352657159159953826e-02
6.613528429738169123e-03
2.357870901575502207e-02
3.954656231305831576e-02
1.800058261384946193e-02
-4.311041418006686388e-02
-1.746472850546622671e-02
-8.643673068977784577e-03
2.586142602483429073e-03
-1.546862785817086985e-02
-1.222937459619512224e-02
2.397582870072302932e-02
-6.613205924955168485e-03
2.872465042124102644e-03
1.654844286636387302e-02
2.007401532375756026e-01
-4.107271925434862608e-02
-1.486245772122328501e-01
1.055572984165805903e-02
5.481446214028540612e-04
-3.621198761756190543e-02
-1.877171140450668574e-01
2.397582870072302932e-02
1.728924421320558458e-01
-2.357876900125574493e-02
1.654874593461386906e-02
1.194412271679719424e-02
-2.393565344010626372e-01
-7.260572510386797788e-03
-1.541195846230122846e-01
-2.819018700400673441e-02
-1.591164740603464136e-03
-1.001973214785835571e-02
-3.352657159159953826e-02
-6.613205924955168485e-03
-2.357876900125574493e-02
3.010732930072727576e-01
1.546494322550676787e-02
1.877180857747187959e-01
-3.954340737364079456e-02
1.800111250101220015e-02
-4.310888111156277458e-02
1.746493574864268691e-02
-8.643852431752243812e-03
2.586351739163930338e-03
6.613528429738169123e-03
2.872465042124102644e-03
1.654874593461386906e-02
1.546494322550676787e-02
-1.222972514327283836e-02
2.397378345919146114e-02
-2.007411164176095553e-01
-4.107048195402109025e-02
-1.486265143021144597e-01
-1.055567832082069876e-02
5.482556271076380501e-04
-3.621209954147534826e-02
2.357870901575502207e-02
1.654844286636387302e-02
1.194412271679719424e-02
1.877180857747187959e-01
2.397378345919146114e-02
1.728944911308405441e-01
2.947479086003432225e-01
-1.101784895080003546e-01
3.072609516244839342e-02
-2.651521227608475209e-02
2.058957254954868824e-02
-5.742090021721721685e-03
-1.341147337276544227e-01
9.137323033544763468e-03
-1.403441394156952071e-01
-1.341179626114798462e-01
8.045159395206641362e-02
1.153601342651325717e-01
-1.101784895080003546e-01
2.300323935914012075e-01
1.047404216418651168e-01
-2.525634017713107929e-02
-5.807311135509996697e-02
8.491998536320426822e-04
2.055728925286356631e-02
-4.901601051738928988e-02
1.932203694367576677e-02
1.148775403801811923e-01
-1.229432717115373913e-01
-1.249116584258913309e-01
3.072609516244839342e-02
1.047404216418651168e-01
5.763840063844917205e-01
7.043921080611198135e-03
8.494491454690481077e-04
-5.526457085094513971e-02
-1.879821871765005592e-01
-2.683136556808244071e-03
-2.975249620034955966e-01
1.502121709321238285e-01
-1.029067342096841725e-01
-2.235944735917272941e-01
-2.651521227608475209e-02
-2.525634017713107929e-02
7.043921080611198135e-03
1.848191404012721611e-02
-1.187780569790947496e-02
3.312463203666437747e-03
4.016638909797818138e-03
1.830844176465045575e-02
-6.104912493236578849e-03
4.016659328983878015e-03
1.882570411319095527e-02
-4.251471776191681831e-03
2.058957254954868824e-02
-5.807311135509996697e-02
8.494491454690481077e-04
-1.187780569790947496e-02
7.930832300303554405e-02
-9.302670242973683570e-03
-3.578512105507672316e-03
-2.948994709982601711e-03
-8.470733224995068622e-04
-5.133254699041436137e-03
-1.828621697142763375e-02
9.300294353967014302e-03
-5.742090021721721685e-03
8.491998536321426457e-04
-5.526457085094513971e-02
3.312463203666437747e-03
-9.302670242973683570e-03
4.854706760179822167e-02
4.002122815178630645e-03
3.465852258599269597e-02
-4.309849905681222004e-03
-1.572496015075098121e-03
-2.620505222227757086e-02
1.102735316730618469e-02
-1.341147337276544227e-01
2.055728925286346570e-02
-1.879821871765005592e-01
4.016638909797818138e-03
-3.578512105507672316e-03
4.002122815178630645e-03
1.201004368522753246e-01
-1.909237202153241109e-02
1.643442240923768671e-01
9.997657977953381542e-03
2.113594862901599022e-03
1.963584028606792792e-02
9.137323033544864082e-03
-4.901601051738928988e-02
-2.683136556808244071e-03
1.830844176465045575e-02
-2.948994709982601711e-03
3.465852258599269597e-02
-1.909237202153241109e-02
5.408195264729703799e-02
-1.718751645470000672e-02
-8.353392781028026390e-03
-2.116947433109627689e-03
-1.478786956313742247e-02
-1.403441394156952071e-01
1.932203694367576677e-02
-2.975249620034955966e-01
-6.104912493236578849e-03
-8.470733224995068622e-04
-4.309849905681222004e-03
1.643442240923768671e-01
-1.718751645470000672e-02
3.305301364235880279e-01
-1.789517217189655340e-02
-1.287447156766926854e-03
-2.869532448561955620e-02
-1.341179626114798462e-01
1.148775403801811923e-01
1.502121709321238285e-01
4.016659328983878015e-03
-5.133254699041436137e-03
-1.572496015075098121e-03
9.997657977953381542e-03
-8.353392781028026390e-03
-1.789517217189655340e-02
1.201036453042224339e-01
-1.013908929187971736e-01
-1.307445027672882454e-01
8.045159395206641362e-02
-1.229432717115373913e-01
-1.029067342096841725e-01
1.882570411319095527e-02
-1.828621697142763375e-02
-2.620505222227757086e-02
2.113594862901599022e-03
-2.116947433109627689e-03
-1.287447156766926854e-03
-1.013908929187971736e-01
1.433464361553591915e-01
1.303992336301372512e-01
1.153601342651325717e-01
-1.249116584258913309e-01
-2.235944735917272941e-01
-4.251471776191681831e-03
9.300294353967014302e-03
1.102735316730618469e-02
1.963584028606792792e-02
-1.478786956313742247e-02
-2.869532448561955620e-02
-1.307445027672882454e-01
1.303992336301372512e-01
2.412624449304482388e-01
2.884447572089183787e-01
-1.084501542765746313e-01
2.248259537407955658e-02
-2.143925500109484378e-02
1.463453693083778193e-02
-3.033970951911357013e-03
-1.335011267869501417e-01
1.972407955285845893e-02
-1.408402647699106836e-01
-1.335043753181987536e-01
7.409153788779626604e-02
1.213916403112009351e-01
-1.084501542765746313e-01
1.443253187374326230e-01
9.359228448705550485e-02
-2.170626532542514059e-02
1.006804999116617597e-02
-1.085069810213116354e-02
2.925070811979359892e-02
-4.821244101312266439e-02
3.321346389521678821e-02
1.009057114770635782e-01
-1.061809276985389433e-01
-1.159550502643607872e-01
2.248259537407955658e-02
9.359228448705550485e-02
5.763561711677790411e-01
4.500321804012616736e-03
-1.085050408907310519e-02
-4.001891178866877341e-02
-1.862992819987649706e-01
1.783763820980323322e-02
-2.971544999611106519e-01
1.593163648126401655e-01
-1.005794186586572020e-01
-2.391827593858032452e-01
-2.143925500109484378e-02
-2.170626532542514059e-02
4.500321804012616736e-03
1.250883668094139242e-02
-6.636973198800544607e-03
1.375902298463600000e-03
4.465189915805771112e-03
1.417733521838256128e-02
-2.909912322759125158e-03
4.465228388455735366e-03
1.416590330873463040e-02
-2.966311755234531285e-03
1.463453693083778193e-02
1.006804999116617597e-02
-1.085050408907310519e-02
-6.636973198800544607e-03
2.647461210138993704e-03
5.804628458070996110e-03
-3.246413593106743482e-03
-2.148306357520029207e-03
-1.674135633122609016e-03
-4.751150142698444198e-03
-1.056720492843060862e-02
6.720011197091092271e-03
-3.033970951911357013e-03
-1.085069810213116354e-02
-4.001891178866877341e-02
1.375902298463600000e-03
5.804628458070996110e-03
2.944216900997285308e-02
4.457910493204078964e-03
2.615119476754043312e-02
1.078943268816875403e-03
-2.799841841159110643e-03
-2.110512508198614939e-02
9.497799524968141352e-03
-1.335011267869501417e-01
2.925070811979359892e-02
-1.862992819987649706e-01
4.465189915805771112e-03
-3.246413593106743482e-03
4.457910493204078964e-03
1.196076185350238852e-01
-2.742471461378427969e-02
1.622714163558439115e-01
9.428318296252399117e-03
1.420420045503447727e-03
1.956995514430116823e-02
1.972407955285845893e-02
-4.821244101312266439e-02
1.783763820980323322e-02
1.417733521838256128e-02
-2.148306357520029207e-03
2.615119476754043312e-02
-2.742471461378427969e-02
5.170635243841679302e-02
-3.164949907881463298e-02
-6.476700166965029641e-03
-1.345605020157292870e-03
-1.233933387537290011e-02
-1.408402647699106836e-01
3.321346389521678821e-02
-2.971544999611106519e-01
-2.909912322759125158e-03
-1.674135633122609016e-03
1.078943268816875403e-03
1.622714163558439115e-01
-3.164949907881473706e-02
3.256463911885021378e-01
-1.852123930662418969e-02
1.101708081898526036e-04
-2.957083456933917720e-02
-1.335043753181987536e-01
1.009057114770635782e-01
1.593163648126401655e-01
4.465228388455735366e-03
-4.751150142698444198e-03
-2.799841841159110643e-03
9.428318296252399117e-03
-6.476700166965029641e-03
-1.852123930662418969e-02
1.196108285865763593e-01
-8.967786122361551260e-02
-1.379952836473817834e-01
7.409153788779626604e-02
-1.061809276985389433e-01
-1.005794186586572020e-01
1.416590330873463040e-02
-1.056720492843060862e-02
-2.110512508198614939e-02
1.420420045503447727e-03
-1.345605020157292870e-03
1.101708081898526036e-04
-8.967786122361551260e-02
1.180937376672182293e-01
1.215743729605506945e-01
1.213916403112009351e-01
-1.159550502643607872e-01
-2.391827593858032452e-01
-2.966311755234531285e-03
6.720011197091092271e-03
9.497799524968141352e-03
1.956995514430116823e-02
-1.233933387537290011e-02
-2.957083456933917720e-02
-1.379952836473817834e-01
1.215743729605506945e-01
2.592557944560193173e-01
-3.343205784811300596e+00
3.533614283132233288e-05
4.624035968837397921e-05
3.318168857183196430e+00
-4.779634841426049033e-05
-4.689571010154622603e-05
1.252172467523788787e-02
7.068221509181076279e-01
7.432331164415894031e-01
1.251520292431485340e-02
-7.068096907845268229e-01
-7.432324611191641894e-01
3.533614283132233288e-05
3.868047458134990624e+00
9.148061605153891662e+00
-4.659999682173288299e-05
-5.715345592266486641e+00
-9.196248702868301095e+00
-3.390896847078517934e-02
9.236448903009396583e-01
2.408890014581441252e-02
3.392023224780128798e-02
9.236532438233662212e-01
2.409819765538998362e-02
4.624035968837398599e-05
9.148061605153891662e+00
6.895535287253724555e+00
-3.969264298815449940e-05
-8.035593349473135305e+00
-6.572138534631370987e+00
1.469073809226083271e-01
-5.562343116763609485e-01
-1.616974588870942198e-01
-1.469139286836195490e-01
-5.562339439890899850e-01
-1.616992936658172009e-01
3.318168857183196430e+00
-4.659999682173288299e-05
-3.969264298815449262e-05
-2.792326808019975015e+00
4.892504801066747326e-05
4.005372333387198372e-05
-2.629246282793502032e-01
-6.487391979736780723e-01
-4.475664173511751387e-01
-2.629174208267086033e-01
6.487368728924237660e-01
4.475660563066066189e-01
-4.779634841426049033e-05
-5.715345592266486641e+00
-8.035593349473133529e+00
4.892504801066747326e-05
6.420816004664255061e+00
8.022878104874420657e+00
-6.033666270359606260e-04
-3.527311754886255923e-01
6.360399937097454409e-03
6.022379776563394982e-04
-3.527392369200604283e-01
6.354844583310691533e-03
-4.689571010154622603e-05
-9.196248702868301095e+00
-6.572138534631370099e+00
4.005372333387198372e-05
8.022878104874420657e+00
6.669044963232845902e+00
3.223920372377225146e-02
5.866844300374683963e-01
-4.845364255418298932e-02
-3.223236176341237602e-02
5.866861678879514708e-01
-4.845278611689869674e-02
1.252172467523788787e-02
-3.390896847078517934e-02
1.469073809226083271e-01
-2.629246282793502032e-01
-6.033666270359606260e-04
3.223920372377225146e-02
2.962954033953510979e-01
-1.178460017299062974e-02
-2.374071806063603185e-01
-4.589249980550846875e-02
4.629693528534777058e-02
5.826059599025891489e-02
7.068221509181075168e-01
9.236448903009396583e-01
-5.562343116763609485e-01
-6.487391979736780723e-01
-3.527311754886255923e-01
5.866844300374683963e-01
-1.178460017299062974e-02
-4.293294340277271637e-01
-1.417923545972893662e-01
-4.629835274897905334e-02
-1.415842807710220308e-01
1.113422362386958242e-01
7.432331164415892921e-01
2.408890014581441252e-02
-1.616974588870942198e-01
-4.475664173511751387e-01
6.360399937097454409e-03
-4.845364255418289218e-02
-2.374071806063603185e-01
-1.417923545972893662e-01
1.078293572003020950e-01
-5.825951842567890504e-02
1.113430544981674625e-01
1.023217442519164244e-01
1.251520292431485340e-02
3.392023224780128798e-02
-1.469139286836195490e-01
-2.629174208267086033e-01
6.022379776563394982e-04
-3.223236176341237602e-02
-4.589249980550846875e-02
-4.629835274897905334e-02
-5.825951842567890504e-02
2.962947176936322480e-01
1.177588261105498232e-02
2.374058088346429340e-01
-7.068096907845269339e-01
9.236532438233662212e-01
-5.562339439890900961e-01
6.487368728924238770e-01
-3.527392369200604283e-01
5.866861678879515818e-01
4.629693528534777058e-02
-1.415842807710220308e-01
1.113430544981674625e-01
1.177588261105498232e-02
-4.293297261277649324e-01
-1.417952784080336315e-01
-7.432324611191643005e-01
2.409819765539008424e-02
-1.616992936658172009e-01
4.475660563066066189e-01
6.354844583310691533e-03
-4.845278611689859960e-02
5.826059599025891489e-02
1.113422362386958242e-01
1.023217442519164244e-01
2.374058088346429340e-01
-1.417952784080336315e-01
1.078303355200346814e-01
-9.375824479112391252e-01
1.736554054280145824e-05
2.010605880044947477e-05
1.195449909594511695e+00
-2.402778305863693056e-05
-1.957673915839415669e-05
-1.289328062199170122e-01
3.134958272635451904e-01
3.891547238966772126e-01
-1.289346554985652260e-01
-3.134891650309934441e-01
-3.891552532374670803e-01
1.736554054280145824e-05
3.041374122328536878e+00
4.313729522732418609e+00
-2.337116765737939775e-05
-3.747079188411880590e+00
-4.227063098834952015e+00
-2.073287932318802068e-02
3.528507511027471621e-01
-4.333561422464125151e-02
2.073888493501956087e-02
3.528543149557555880e-01
-4.333080968220907880e-02
2.010605880044947477e-05
4.313729522732419497e+00
2.937487174177043414e+00
-1.706475727741883026e-05
-3.814228705146230691e+00
-2.679016523076897638e+00
1.509474130406759929e-01
-2.497508298021338946e-01
-1.292344667967661453e-01
-1.509504543894303608e-01
-2.497499877839120253e-01
-1.292361843368415031e-01
1.195449909594511695e+00
-2.337116765737939775e-05
-1.706475727741883026e-05
-9.356325261028056728e-01
2.376396926509216441e-05
1.703737607175728880e-05
-1.299102030964422450e-01
-2.797106221937046278e-01
-1.380865981223642069e-01
-1.299071804167301059e-01
2.797102293740473256e-01
1.380866255041266755e-01
-2.402778305863693056e-05
-3.747079188411881034e+00
-3.814228705146230691e+00
2.376396926509216441e-05
3.954699313802680916e+00
3.780569840549052429e+00
1.537942143614164873e-03
-1.038083693226688337e-01
1.683027540087088381e-02
-1.537678298103402211e-03
-1.038117560368538861e-01
1.682858921695548626e-02
-1.957673915839415669e-05
-4.227063098834952015e+00
-2.679016523076897638e+00
1.703737607175728880e-05
3.780569840549051985e+00
2.826223811399070751e+00
2.300410302568349497e-02
2.232460442412917134e-01
-7.360382719836813803e-02
-2.300156361222975218e-02
2.232472140940432170e-01
-7.360346109100032730e-02
-1.289328062199170122e-01
-2.073287932318802068e-02
1.509474130406759929e-01
-1.299102030964422450e-01
1.537942143614164873e-03
2.300410302568349497e-02
2.987725155976207470e-01
-7.294996319672012591e-03
-2.125101145171587047e-01
-3.992950630291113023e-02
2.648993355059914984e-02
3.855859849434117859e-02
3.134958272635450793e-01
3.528507511027471621e-01
-2.497508298021338946e-01
-2.797106221937045167e-01
-1.038083693226688337e-01
2.232460442412917134e-01
-7.294996319672012591e-03
-2.048754336725400471e-01
-4.385757766767327259e-02
-2.649020876013883155e-02
-4.416694811369398926e-02
7.036236322457048442e-02
3.891547238966772126e-01
-4.333561422464125151e-02
-1.292344667967661453e-01
-1.380865981223642069e-01
1.683027540087088381e-02
-7.360382719836813803e-02
-2.125101145171587047e-01
-4.385757766767327259e-02
1.577573391657073609e-01
-3.855801128448998333e-02
7.036291645207777556e-02
4.508095482247186786e-02
-1.289346554985652260e-01
2.073888493501956087e-02
-1.509504543894303608e-01
-1.299071804167301059e-01
-1.537678298103402211e-03
-2.300156361222975218e-02
-3.992950630291113023e-02
-2.649020876013883155e-02
-3.855801128448998333e-02
2.987713422965573296e-01
7.289002099884955496e-03
2.125100292631996735e-01
-3.134891650309934441e-01
3.528543149557554770e-01
-2.497499877839120253e-01
2.797102293740473256e-01
-1.038117560368538861e-01
2.232472140940432170e-01
2.648993355059914984e-02
-4.416694811369398926e-02
7.036291645207777556e-02
7.289002099884955496e-03
-2.048756108054834990e-01
-4.386014276952832774e-02
-3.891552532374670803e-01
-4.333080968220907880e-02
-1.292361843368415031e-01
1.380866255041266755e-01
1.682858921695548626e-02
-7.360346109100032730e-02
3.855859849434117859e-02
7.036236322457048442e-02
4.508095482247186786e-02
2.125100292631996735e-01
-4.386014276952832774e-02
1.577586906129861410e-01
2.733734845085106224e-01
-1.150856223652353821e-01
4.557136175393897148e-02
-2.187941010078820261e-02
1.960609622674615304e-02
-7.763721346173499925e-03
-1.257454555058326040e-01
-5.177517029330593046e-04
-1.407673583171603349e-01
-1.257486189018898748e-01
9.599727789201703554e-02
1.029597179112309163e-01
-1.150856223652353821e-01
5.436342025629987695e-01
1.676594055457982652e-02
-2.641213543312284640e-02
-3.471344738599690394e-01
1.177041223700252826e-01
7.815789013422301534e-03
-4.644181915225678581e-02
-4.176852779338469622e-03
1.336819688079730062e-01
-1.500579095889593706e-01
-1.302932101341849058e-01
4.557136175393897148e-02
1.676594055457982652e-02
5.793358606403744560e-01
1.045918511699655065e-02
1.177043815737791183e-01
-9.650645193831439150e-02
-1.869387532373653626e-01
-1.997896198341149801e-02
-2.932243301210060715e-01
1.309082062888021203e-01
-1.144913602513405876e-01
-1.896050785105050929e-01
-2.187941010078820261e-02
-2.641213543312284640e-02
1.045918511699655065e-02
2.332629571036877111e-02
-1.660234512901187856e-02
6.574242447890702064e-03
-7.234190118385454369e-04
2.031171555752351796e-02
-1.153527850150318917e-02
-7.234665977420957038e-04
2.270276497555078626e-02
-5.498149088210443208e-03
1.960609622674615304e-02
-3.471344738599690394e-01
1.177043815737791183e-01
-1.660234512901187856e-02
3.761498342944444295e-01
-1.275414447283365615e-01
-1.991839657011956147e-03
-2.630541071552584299e-03
5.668774747391928633e-04
-1.011911489274860314e-03
-2.638481930708899345e-02
9.270185748027969658e-03
-7.763721346173499925e-03
1.177041223700252826e-01
-9.650645193831439150e-02
6.574242447890702064e-03
-1.275414447283366726e-01
1.045757814054394108e-01
-6.425597501118659712e-04
3.456032995879325387e-02
-1.591182871585539518e-02
1.832038661588862279e-03
-2.472300756944858374e-02
7.842499211015993912e-03
-1.257454555058326040e-01
7.815789013422301534e-03
-1.869387532373653626e-01
-7.234190118385454369e-04
-1.991839657011956147e-03
-6.425597501118659712e-04
1.181597525367732993e-01
-8.458938244119189320e-03
1.682191733653232990e-01
8.309122002994714234e-03
2.634988897211176882e-03
1.936213961460670277e-02
-5.177517029330593046e-04
-4.644181915225678581e-02
-1.997896198341149801e-02
2.031171555752351796e-02
-2.630541071552584299e-03
3.456032995879325387e-02
-8.458938244119189320e-03
4.996535462589258431e-02
6.620639484109529585e-03
-1.133502561282164964e-02
-8.929944171615270378e-04
-2.120200750499152617e-02
-1.407673583171603349e-01
-4.176852779338469622e-03
-2.932243301210061270e-01
-1.153527850150318917e-02
5.668774747391928633e-04
-1.591182871585539518e-02
1.682191733653232990e-01
6.620639484109529585e-03
3.358071341775525909e-01
-1.591653650846007809e-02
-3.010664209153558323e-03
-2.667097538499019552e-02
-1.257486189018898748e-01
1.336819688079730062e-01
1.309082062888020093e-01
-7.234665977420957038e-04
-1.011911489274860314e-03
1.832038661588862279e-03
8.309122002994714234e-03
-1.133502561282164964e-02
-1.591653650846007809e-02
1.181629634745399587e-01
-1.213350317369134151e-01
-1.168237084113933760e-01
9.599727789201703554e-02
-1.500579095889593706e-01
-1.144913602513405876e-01
2.270276497555078626e-02
-2.638481930708899345e-02
-2.472300756944858374e-02
2.634988897211176882e-03
-8.929944171615270378e-04
-3.010664209153558323e-03
-1.213350317369134151e-01
1.773357233106408193e-01
1.422250319961516074e-01
1.029597179112309163e-01
-1.302932101341849058e-01
-1.896050785105049818e-01
-5.498149088210443208e-03
9.270185748027969658e-03
7.842499211015993912e-03
1.936213961460670277e-02
-2.120200750499152617e-02
-2.667097538499019552e-02
-1.168237084113933760e-01
1.422250319961516074e-01
2.084335546959436292e-01
2.746553110226448990e-01
-1.084872117373196221e-01
1.275904420091118242e-02
-1.193086629209567061e-02
1.580020476678870110e-03
-1.858906567308065067e-04
-1.313606256009099693e-01
3.762880843233706168e-02
-1.408224126781348895e-01
-1.313638191757030282e-01
6.927838280095174883e-02
1.282492592561040867e-01
-1.084872117373196221e-01
9.362841468339912210e-02
5.581164166846969144e-02
-1.348104171743211808e-02
3.341164652788100597e-02
-6.003660894399835517e-03
4.047891252333908618e-02
-4.523306687449870495e-02
4.995533206116010982e-02
8.148934087977756369e-02
-8.180699433082887218e-02
-9.976331278454407536e-02
1.275904420091128304e-02
5.581164166846979552e-02
5.615700196342094941e-01
1.585644581540403492e-03
-6.003568701166932600e-03
-1.692326713188975137e-02
-1.815010686719806532e-01
5.355920787629630392e-02
-2.906120498069848512e-01
1.671563799050392041e-01
-1.033672807911661939e-01
-2.540347027422150128e-01
-1.193086629209567061e-02
-1.348104171743211808e-02
1.585644581540403492e-03
4.664136809121537282e-03
5.102920267941697197e-04
-6.002626840036951350e-05
3.633356596445974120e-03
6.531705848454067917e-03
-3.686428998397508062e-04
3.633372917570527102e-03
6.439043845977599802e-03
-1.156975455890663518e-03
1.580020476678870110e-03
3.341164652788100597e-02
-6.003568701166932600e-03
5.102920267941697197e-04
-3.659811386919314957e-02
5.417384164762014710e-03
-7.408338118448182458e-04
2.662060250037209200e-03
-2.757398376314106818e-04
-1.349478744211481162e-03
5.244070886990239919e-04
8.619244254179860183e-04
-1.858906567308065067e-04
-6.003660894399835517e-03
-1.692326713188975137e-02
-6.002626840036952706e-05
5.417384164762014710e-03
8.822260130294180130e-03
2.710164052148348723e-03
9.823052988323650869e-03
2.981721646762286199e-03
-2.464247119567505775e-03
-9.236776278757909478e-03
5.119285313865279581e-03
-1.313606256009099693e-01
4.047891252333908618e-02
-1.815010686719806532e-01
3.633356596445974120e-03
-7.408338118448182458e-04
2.710164052148348723e-03
1.190007412981770873e-01
-4.056570437553119052e-02
1.598280184144179605e-01
8.726527710408436486e-03
8.276256654422388739e-04
1.896288618965183068e-02
3.762880843233706168e-02
-4.523306687449870495e-02
5.355920787629630392e-02
6.531705848454067917e-03
2.662060250037209200e-03
9.823052988323650869e-03
-4.056570437553119052e-02
4.151176842653084981e-02
-5.283218192706510413e-02
-3.594809843893721855e-03
1.059238184284265905e-03
-1.055007904369505839e-02
-1.408224126781348895e-01
4.995533206116010982e-02
-2.906120498069848512e-01
-3.686428998397508062e-04
-2.757398376314106818e-04
2.981721646762286199e-03
1.598280184144180716e-01
-5.283218192706510413e-02
3.175822413759130103e-01
-1.863696279866784364e-02
3.152589738762581403e-03
-2.995191317116537022e-02
-1.313638191757030282e-01
8.148934087977756369e-02
1.671563799050392041e-01
3.633372917570527102e-03
-1.349478744211481162e-03
-2.464247119567505775e-03
8.726527710408436486e-03
-3.594809843893721855e-03
-1.863696279866784364e-02
1.190039185586238418e-01
-7.654505226951952013e-02
-1.460551700506008133e-01
6.927838280095174883e-02
-8.180699433082887218e-02
-1.033672807911661939e-01
6.439043845977599802e-03
5.244070886990239919e-04
-9.236776278757909478e-03
8.276256654422388739e-04
1.059238184284265905e-03
3.152589738762581403e-03
-7.654505226951942298e-02
8.022334906811537381e-02
1.094514673352339623e-01
1.282492592561040867e-01
-9.976331278454407536e-02
-2.540347027422150128e-01
-1.156975455890663518e-03
8.619244254179860183e-04
5.119285313865279581e-03
1.896288618965183068e-02
-1.055007904369505839e-02
-2.995191317116537022e-02
-1.460551700506008133e-01
1.094514673352339623e-01
2.788673306428379739e-01
-9.375824479112391252e-01
1.736554054280145824e-05
2.010605880044947477e-05
1.195449909594511695e+00
-2.402778305863693056e-05
-1.957673915839415669e-05
-1.289328062199170122e-01
3.134958272635451904e-01
3.891547238966772126e-01
-1.289346554985652260e-01
-3.134891650309934441e-01
-3.891552532374670803e-01
1.736554054280145824e-05
3.041374122328536878e+00
4.313729522732418609e+00
-2.337116765737939775e-05
-3.747079188411880590e+00
-4.227063098834952015e+00
-2.073287932318802068e-02
3.528507511027471621e-01
-4.333561422464125151e-02
2.073888493501956087e-02
3.528543149557555880e-01
-4.333080968220907880e-02
2.010605880044947477e-05
4.313729522732419497e+00
2.937487174177043414e+00
-1.706475727741883026e-05
-3.814228705146230691e+00
-2.679016523076897638e+00
1.509474130406759929e-01
-2.497508298021338946e-01
-1.292344667967661453e-01
-1.509504543894303608e-01
-2.497499877839120253e-01
-1.292361843368415031e-01
1.195449909594511695e+00
-2.337116765737939775e-05
-1.706475727741883026e-05
-9.356325261028056728e-01
2.376396926509216441e-05
1.703737607175728880e-05
-1.299102030964422450e-01
-2.797106221937046278e-01
-1.380865981223642069e-01
-1.299071804167301059e-01
2.797102293740473256e-01
1.380866255041266755e-01
-2.402778305863693056e-05
-3.747079188411881034e+00
-3.814228705146230691e+00
2.376396926509216441e-05
3.954699313802680916e+00
3.780569840549052429e+00
1.537942143614164873e-03
-1.038083693226688337e-01
1.683027540087088381e-02
-1.537678298103402211e-03
-1.038117560368538861e-01
1.682858921695548626e-02
-1.957673915839415669e-05
-4.227063098834952015e+00
-2.679016523076897638e+00
1.703737607175728880e-05
3.780569840549051985e+00
2.826223811399070751e+00
2.300410302568349497e-02
2.232460442412917134e-01
-7.360382719836813803e-02
-2.300156361222975218e-02
2.232472140940432170e-01
-7.360346109100032730e-02
-1.289328062199170122e-01
-2.073287932318802068e-02
1.509474130406759929e-01
-1.299102030964422450e-01
1.537942143614164873e-03
2.300410302568349497e-02
2.987725155976207470e-01
-7.294996319672012591e-03
-2.125101145171587047e-01
-3.992950630291113023e-02
2.648993355059914984e-02
3.855859849434117859e-02
3.134958272635450793e-01
3.528507511027471621e-01
-2.497508298021338946e-01
-2.797106221937045167e-01
-1.038083693226688337e-01
2.232460442412917134e-01
-7.294996319672012591e-03
-2.048754336725400471e-01
-4.385757766767327259e-02
-2.649020876013883155e-02
-4.416694811369398926e-02
7.036236322457048442e-02
3.891547238966772126e-01
-4.333561422464125151e-02
-1.292344667967661453e-01
-1.380865981223642069e-01
1.683027540087088381e-02
-7.360382719836813803e-02
-2.125101145171587047e-01
-4.385757766767327259e-02
1.577573391657073609e-01
-3.855801128448998333e-02
7.036291645207777556e-02
4.508095482247186786e-02
-1.289346554985652260e-01
2.073888493501956087e-02
-1.509504543894303608e-01
-1.299071804167301059e-01
-1.537678298103402211e-03
-2.300156361222975218e-02
-3.992950630291113023e-02
-2.649020876013883155e-02
-3.855801128448998333e-02
2.987713422965573296e-01
7.289002099884955496e-03
2.125100292631996735e-01
-3.134891650309934441e-01
3.528543149557554770e-01
-2.497499877839120253e-01
2.797102293740473256e-01
-1.038117560368538861e-01
2.232472140940432170e-01
2.648993355059914984e-02
-4.416694811369398926e-02
7.036291645207777556e-02
7.289002099884955496e-03
-2.048756108054834990e-01
-4.386014276952832774e-02
-3.891552532374670803e-01
-4.333080968220907880e-02
-1.292361843368415031e-01
1.380866255041266755e-01
1.682858921695548626e-02
-7.360346109100032730e-02
3.855859849434117859e-02
7.036236322457048442e-02
4.508095482247186786e-02
2.125100292631996735e-01
-4.386014276952832774e-02
1.577586906129861410e-01
2.884447572089183787e-01
-1.084501542765746313e-01
2.248259537407955658e-02
-2.143925500109484378e-02
1.463453693083778193e-02
-3.033970951911357013e-03
-1.335011267869501417e-01
1.972407955285845893e-02
-1.408402647699106836e-01
-1.335043753181987536e-01
7.409153788779626604e-02
1.213916403112009351e-01
-1.084501542765746313e-01
1.443253187374326230e-01
9.359228448705550485e-02
-2.170626532542514059e-02
1.006804999116617597e-02
-1.085069810213116354e-02
2.925070811979359892e-02
-4.821244101312266439e-02
3.321346389521678821e-02
1.009057114770635782e-01
-1.061809276985389433e-01
-1.159550502643607872e-01
2.248259537407955658e-02
9.359228448705550485e-02
5.763561711677790411e-01
4.500321804012616736e-03
-1.085050408907310519e-02
-4.001891178866877341e-02
-1.862992819987649706e-01
1.783763820980323322e-02
-2.971544999611106519e-01
1.593163648126401655e-01
-1.005794186586572020e-01
-2.391827593858032452e-01
-2.143925500109484378e-02
-2.170626532542514059e-02
4.500321804012616736e-03
1.250883668094139242e-02
-6.636973198800544607e-03
1.375902298463600000e-03
4.465189915805771112e-03
1.417733521838256128e-02
-2.909912322759125158e-03
4.465228388455735366e-03
1.416590330873463040e-02
-2.966311755234531285e-03
1.463453693083778193e-02
1.006804999116617597e-02
-1.085050408907310519e-02
-6.636973198800544607e-03
2.647461210138993704e-03
5.804628458070996110e-03
-3.246413593106743482e-03
-2.148306357520029207e-03
-1.674135633122609016e-03
-4.751150142698444198e-03
-1.056720492843060862e-02
6.720011197091092271e-03
-3.033970951911357013e-03
-1.085069810213116354e-02
-4.001891178866877341e-02
1.375902298463600000e-03
5.804628458070996110e-03
2.944216900997285308e-02
4.457910493204078964e-03
2.615119476754043312e-02
1.078943268816875403e-03
-2.799841841159110643e-03
-2.110512508198614939e-02
9.497799524968141352e-03
-1.335011267869501417e-01
2.925070811979359892e-02
-1.862992819987649706e-01
4.465189915805771112e-03
-3.246413593106743482e-03
4.457910493204078964e-03
1.196076185350238852e-01
-2.742471461378427969e-02
1.622714163558439115e-01
9.428318296252399117e-03
1.420420045503447727e-03
1.956995514430116823e-02
1.972407955285845893e-02
-4.821244101312266439e-02
1.783763820980323322e-02
1.417733521838256128e-02
-2.148306357520029207e-03
2.615119476754043312e-02
-2.742471461378427969e-02
5.170635243841679302e-02
-3.164949907881463298e-02
-6.476700166965029641e-03
-1.345605020157292870e-03
-1.233933387537290011e-02
-1.408402647699106836e-01
3.321346389521678821e-02
-2.971544999611106519e-01
-2.909912322759125158e-03
-1.674135633122609016e-03
1.078943268816875403e-03
1.622714163558439115e-01
-3.164949907881473706e-02
3.256463911885021378e-01
-1.852123930662418969e-02
1.101708081898526036e-04
-2.957083456933917720e-02
-1.335043753181987536e-01
1.009057114770635782e-01
1.593163648126401655e-01
4.465228388455735366e-03
-4.751150142698444198e-03
-2.799841841159110643e-03
9.428318296252399117e-03
-6.476700166965029641e-03
-1.852123930662418969e-02
1.196108285865763593e-01
-8.967786122361551260e-02
-1.379952836473817834e-01
7.409153788779626604e-02
-1.061809276985389433e-01
-1.005794186586572020e-01
1.416590330873463040e-02
-1.056720492843060862e-02
-2.110512508198614939e-02
1.420420045503447727e-03
-1.345605020157292870e-03
1.101708081898526036e-04
-8.967786122361551260e-02
1.180937376672182293e-01
1.215743729605506945e-01
1.213916403112009351e-01
-1.159550502643607872e-01
-2.391827593858032452e-01
-2.966311755234531285e-03
6.720011197091092271e-03
9.497799524968141352e-03
1.956995514430116823e-02
-1.233933387537290011e-02
-2.957083456933917720e-02
-1.379952836473817834e-01
1.215743729605506945e-01
2.592557944560193173e-01
2.846359507980464887e-01
-1.075078098988315467e-01
1.955275478779426243e-02
-1.899428101992941403e-02
1.109982186997027914e-02
-2.018841367629811961e-03
-1.328192104206181445e-01
2.415803426425365899e-02
-1.409670844342049978e-01
-1.328224594029979999e-01
7.224995372956638517e-02
1.234331710139561777e-01
-1.075078098988315467e-01
1.228198460583073831e-01
8.489674838492679287e-02
-1.997009520387180506e-02
2.476580349103509049e-02
-1.105677300192920050e-02
3.215309305977175763e-02
-4.775370351051844153e-02
3.781786535093895757e-02
9.532481200466280669e-02
-9.983194605218159712e-02
-1.116578406321538791e-01
1.955275478779426243e-02
8.489674838492679287e-02
5.741347605246686081e-01
3.632401131961353682e-03
-1.105660899624397002e-02
-3.401147520398936641e-02
-1.852459851002007662e-01
2.676596986687501331e-02
-2.961023980056661786e-01
1.620608291382378829e-01
-1.006061092168952509e-01
-2.440208873658283040e-01
-1.899428101992941403e-02
-1.997009520387180506e-02
3.632401131961353682e-03
1.023596718954964020e-02
-4.470745955316567100e-03
8.131006386628357018e-04
4.379137370690445313e-03
1.226702395902325333e-02
-1.965934182565091861e-03
4.379176484405594878e-03
1.217381722253186270e-02
-2.479567622363329071e-03
1.109982186997027914e-02
2.476580349103509049e-02
-1.105660899624397002e-02
-4.470745955316567100e-03
-1.605392729947587721e-02
7.374905760285230781e-03
-2.656625565451027713e-03
-1.198207360427798679e-03
-1.488085323581387698e-03
-3.972450375246868066e-03
-7.513668867113754320e-03
5.169788568999222553e-03
-2.018841367629811961e-03
-1.105677300192920050e-02
-3.401147520398936641e-02
8.131006386628357018e-04
7.374905760285230781e-03
2.315124166902953265e-02
4.219915965300003423e-03
2.195638039118006854e-02
2.272411262797323622e-03
-3.014175211332081623e-03
-1.827451313526065602e-02
8.587822263549654486e-03
-1.328192104206181445e-01
3.215309305977175763e-02
-1.852459851002006552e-01
4.379137370690445313e-03
-2.656625565451027713e-03
4.219915965300003423e-03
1.193254828812535945e-01
-3.070374432533154799e-02
1.615688058584406617e-01
9.114590188132588172e-03
1.207276823556677680e-03
1.945726330595007672e-02
2.415803426425365899e-02
-4.775370351051844153e-02
2.676596986687501331e-02
1.226702395902325333e-02
-1.198207360427798679e-03
2.195638039118006854e-02
-3.070374432533154799e-02
4.974728949894896557e-02
-3.707448668773655892e-02
-5.721313843725212532e-03
-7.953785989274072491e-04
-1.164786364634476726e-02
-1.409670844342049978e-01
3.781786535093895757e-02
-2.961023980056661786e-01
-1.965934182565091861e-03
-1.488085323581387698e-03
2.272411262797323622e-03
1.615688058584406617e-01
-3.707448668773655892e-02
3.236059278693371732e-01
-1.863578718626053218e-02
7.447065740144231602e-04
-2.977594113394808201e-02
-1.328224594029979999e-01
9.532481200466280669e-02
1.620608291382378829e-01
4.379176484405594878e-03
-3.972450375246868066e-03
-3.014175211332081623e-03
9.114590188132588172e-03
-5.721313843725212532e-03
-1.863578718626053218e-02
1.193286927317841334e-01
-8.563104776556207387e-02
-1.404108667357466533e-01
7.224995372956638517e-02
-9.983194605218149997e-02
-1.006061092168952509e-01
1.217381722253186270e-02
-7.513668867113754320e-03
-1.827451313526065602e-02
1.207276823556677680e-03
-7.953785989274072491e-04
7.447065740144231602e-04
-8.563104776556207387e-02
1.081409935384871762e-01
1.181359157429259787e-01
1.234331710139561777e-01
-1.116578406321538791e-01
-2.440208873658281929e-01
-2.479567622363329071e-03
5.169788568999222553e-03
8.587822263549654486e-03
1.945726330595007672e-02
-1.164786364634476726e-02
-2.977594113394808201e-02
-1.404108667357466533e-01
1.181359157429259787e-01
2.652090063031347644e-01
2.762967946051158585e-01
-1.075591862596306375e-01
1.395065726570523905e-02
-1.334439138950366949e-02
3.288464128636115705e-03
-4.266204036115376426e-04
-1.314746017096108111e-01
3.473284136854042775e-02
-1.409178658520198191e-01
-1.314778015083370166e-01
6.953788079204403783e-02
1.273938289813770774e-01
-1.075591862596306375e-01
9.651911341723788673e-02
6.176659926565056247e-02
-1.501163860960840618e-02
3.502089545777420376e-02
-7.295593274701930864e-03
3.866553054766128789e-02
-4.597330631375868421e-02
4.750929281931396547e-02
8.390529424917239631e-02
-8.556670253227516287e-02
-1.019802989123488879e-01
1.395065726570523905e-02
6.176659926565056247e-02
5.646823586805387318e-01
1.947228881302003447e-03
-7.295505481798717114e-03
-2.027504844776323659e-02
-1.823270819671434229e-01
4.806878900512507463e-02
-2.920020501810016711e-01
1.664291958295286422e-01
-1.025398828192947004e-01
-2.524052600531399015e-01
-1.334439138950366949e-02
-1.501163860960840618e-02
1.947228881302003447e-03
5.668166967318335331e-03
-2.950094975659271475e-04
3.825354240991677400e-05
3.838102927290298720e-03
7.707716396320710497e-03
-5.730757311047105559e-04
3.838121506496944106e-03
7.598931711816961886e-03
-1.412406669333711451e-03
3.288464128636115705e-03
3.502089545777409968e-02
-7.295505481798717114e-03
-2.950094975659271475e-04
-3.586227104385220771e-02
6.216469965260144892e-03
-1.121008700746475763e-03
1.812835495192939225e-03
-5.227514800679863502e-04
-1.872445903559854250e-03
-9.714599596726926963e-04
1.601787003086647173e-03
-4.266204036115376426e-04
-7.295593274701930864e-03
-2.027504844776323659e-02
3.825354240991677400e-05
6.216469965260144892e-03
1.125527576453508490e-02
3.090558766303095825e-03
1.215345632236094174e-02
3.117801493319431651e-03
-2.702191908573164242e-03
-1.107433298548031117e-02
5.901971154580230340e-03
-1.314746017096108111e-01
3.866553054766128789e-02
-1.823270819671434229e-01
3.838102927290298720e-03
-1.121008700746475763e-03
3.090558766303095825e-03
1.189531177066330270e-01
-3.845132970534684280e-02
1.601635924895659369e-01
8.683381071054978306e-03
9.068078449510608673e-04
1.907293071943706730e-02
3.473284136854042775e-02
-4.597330631375868421e-02
4.806878900512507463e-02
7.707716396320710497e-03
1.812835495192939225e-03
1.215345632236084113e-02
-3.845132970534684280e-02
4.344406354537324461e-02
-4.955639845512767316e-02
-3.989228049557337445e-03
7.164073050791670751e-04
-1.066584687773949533e-02
-1.409178658520198191e-01
4.750929281931396547e-02
-2.920020501810016711e-01
-5.730757311047105559e-04
-5.227514800679863502e-04
3.117801493319431651e-03
1.601635924895659369e-01
-4.955639845512767316e-02
3.188494447532729814e-01
-1.867265100857062876e-02
2.569857108098318535e-03
-2.996519609034412404e-02
-1.314778015083370166e-01
8.390529424917239631e-02
1.664291958295286422e-01
3.838121506496944106e-03
-1.872445903559854250e-03
-2.702191908573164242e-03
8.683381071054978306e-03
-3.989228049557337445e-03
-1.867265100857062876e-02
1.189562989261516018e-01
-7.804362031312743475e-02
-1.450543529352714134e-01
6.953788079204403783e-02
-8.556670253227516287e-02
-1.025398828192947004e-01
7.598931711816961886e-03
-9.714599596726926963e-04
-1.107433298548031117e-02
9.068078449510608673e-04
7.164073050791670751e-04
2.569857108098318535e-03
-7.804362031312743475e-02
8.582175517656186192e-02
1.110443587976642499e-01
1.273938289813769664e-01
-1.019802989123488879e-01
-2.524052600531399015e-01
-1.412406669333711451e-03
1.601787003086647173e-03
5.901971154580230340e-03
1.907293071943706730e-02
-1.066584687773949533e-02
-2.996519609034412404e-02
-1.450543529352715244e-01
1.110443587976642499e-01
2.764684850503522640e-01
2.733734845085106224e-01
-1.150856223652353821e-01
4.557136175393897148e-02
-2.187941010078820261e-02
1.960609622674615304e-02
-7.763721346173499925e-03
-1.257454555058326040e-01
-5.177517029330593046e-04
-1.407673583171603349e-01
-1.257486189018898748e-01
9.599727789201703554e-02
1.029597179112309163e-01
-1.150856223652353821e-01
5.436342025629987695e-01
1.676594055457982652e-02
-2.641213543312284640e-02
-3.471344738599690394e-01
1.177041223700252826e-01
7.815789013422301534e-03
-4.644181915225678581e-02
-4.176852779338469622e-03
1.336819688079730062e-01
-1.500579095889593706e-01
-1.302932101341849058e-01
4.557136175393897148e-02
1.676594055457982652e-02
5.793358606403744560e-01
1.045918511699655065e-02
1.177043815737791183e-01
-9.650645193831439150e-02
-1.869387532373653626e-01
-1.997896198341149801e-02
-2.932243301210060715e-01
1.309082062888021203e-01
-1.144913602513405876e-01
-1.896050785105050929e-01
-2.187941010078820261e-02
-2.641213543312284640e-02
1.045918511699655065e-02
2.332629571036877111e-02
-1.660234512901187856e-02
6.574242447890702064e-03
-7.234190118385454369e-04
2.031171555752351796e-02
-1.153527850150318917e-02
-7.234665977420957038e-04
2.270276497555078626e-02
-5.498149088210443208e-03
1.960609622674615304e-02
-3.471344738599690394e-01
1.177043815737791183e-01
-1.660234512901187856e-02
3.761498342944444295e-01
-1.275414447283365615e-01
-1.991839657011956147e-03
-2.630541071552584299e-03
5.668774747391928633e-04
-1.011911489274860314e-03
-2.638481930708899345e-02
9.270185748027969658e-03
-7.763721346173499925e-03
1.177041223700252826e-01
-9.650645193831439150e-02
6.574242447890702064e-03
-1.275414447283366726e-01
1.045757814054394108e-01
-6.425597501118659712e-04
3.456032995879325387e-02
-1.591182871585539518e-02
1.832038661588862279e-03
-2.472300756944858374e-02
7.842499211015993912e-03
-1.257454555058326040e-01
7.815789013422301534e-03
-1.869387532373653626e-01
-7.234190118385454369e-04
-1.991839657011956147e-03
-6.425597501118659712e-04
1.181597525367732993e-01
-8.458938244119189320e-03
1.682191733653232990e-01
8.309122002994714234e-03
2.634988897211176882e-03
1.936213961460670277e-02
-5.177517029330593046e-04
-4.644181915225678581e-02
-1.997896198341149801e-02
2.031171555752351796e-02
-2.630541071552584299e-03
3.456032995879325387e-02
-8.458938244119189320e-03
4.996535462589258431e-02
6.620639484109529585e-03
-1.133502561282164964e-02
-8.929944171615270378e-04
-2.120200750499152617e-02
-1.407673583171603349e-01
-4.176852779338469622e-03
-2.932243301210061270e-01
-1.153527850150318917e-02
5.668774747391928633e-04
-1.591182871585539518e-02
1.682191733653232990e-01
6.620639484109529585e-03
3.358071341775525909e-01
-1.591653650846007809e-02
-3.010664209153558323e-03
-2.667097538499019552e-02
-1.257486189018898748e-01
1.336819688079730062e-01
1.309082062888020093e-01
-7.234665977420957038e-04
-1.011911489274860314e-03
1.832038661588862279e-03
8.309122002994714234e-03
-1.133502561282164964e-02
-1.591653650846007809e-02
1.181629634745399587e-01
-1.213350317369134151e-01
-1.168237084113933760e-01
9.599727789201703554e-02
-1.500579095889593706e-01
-1.144913602513405876e-01
2.270276497555078626e-02
-2.638481930708899345e-02
-2.472300756944858374e-02
2.634988897211176882e-03
-8.929944171615270378e-04
-3.010664209153558323e-03
-1.213350317369134151e-01
1.773357233106408193e-01
1.422250319961516074e-01
1.029597179112309163e-01
-1.302932101341849058e-01
-1.896050785105049818e-01
-5.498149088210443208e-03
9.270185748027969658e-03
7.842499211015993912e-03
1.936213961460670277e-02
-2.120200750499152617e-02
-2.667097538499019552e-02
-1.168237084113933760e-01
1.422250319961516074e-01
2.084335546959436292e-01
2.922814255929429561e-01
-1.094517706435318705e-01
2.615328899549523856e-02
-2.408751950668990005e-02
1.805719852114103310e-02
-4.314874045495972234e-03
-1.340953320311216168e-01
1.469661754857477971e-02
-1.406476472406194000e-01
-1.340985740108589508e-01
7.669795465095496922e-02
1.188092322421940711e-01
-1.094517706435318705e-01
1.699610434856399233e-01
1.031355784222489358e-01
-2.349017312841659294e-02
-7.559141023244310247e-03
-9.878293196591484207e-03
2.551395363003901295e-02
-4.864519199340613942e-02
2.726952554352149796e-02
1.074279901623271249e-01
-1.137567104205540747e-01
-1.205268107103123348e-01
2.615328899549523856e-02
1.031355784222489358e-01
5.769139740121167481e-01
5.613422233769772493e-03
-9.878069590356766683e-03
-4.653620968226538507e-02
-1.872761302666108851e-01
7.930559345588729728e-03
-2.977462623991491419e-01
1.555094190869736603e-01
-1.011880682188960323e-01
-2.326315018740282292e-01
-2.408751950668990005e-02
-2.349017312841659294e-02
5.613422233769772493e-03
1.526813481948412037e-02
-9.150725329378257486e-03
2.186565390724842361e-03
4.409675858966162140e-03
1.623781102585020869e-02
-4.245169600334403742e-03
4.409708814659920283e-03
1.640308741987390670e-02
-3.554818019711354464e-03
1.805719852114103310e-02
-7.559141023244310247e-03
-9.878069590356766683e-03
-9.150725329378257486e-03
2.449411737694668148e-02
3.207048807966991159e-03
-3.639374702231373219e-03
-2.799859846004431902e-03
-1.531222458826382755e-03
-5.267098487043573446e-03
-1.413511656660471419e-02
8.202243198633406285e-03
-4.314874045495972234e-03
-9.878293196591484207e-03
-4.653620968226538507e-02
2.186565390724842361e-03
3.207048807966991159e-03
3.714864542839010908e-02
4.469878506266396906e-03
3.056557482264029776e-02
-9.738297543943299399e-04
-2.341569876897800842e-03
-2.389433040615568382e-02
1.036139395887785385e-02
-1.340953320311216168e-01
2.551395363003901295e-02
-1.872761302666108851e-01
4.409675858966162140e-03
-3.639374702231373219e-03
4.469878506266396906e-03
1.199134116733117095e-01
-2.359314235276107827e-02
1.631775034004433467e-01
9.772244474287228658e-03
1.718563397399418919e-03
1.962874837842440434e-02
1.469661754857477971e-02
-4.864519199340613942e-02
7.930559345588729728e-03
1.623781102585020869e-02
-2.799859846004431902e-03
3.056557482264029776e-02
-2.359314235276107827e-02
5.326659598144834612e-02
-2.517883208191990310e-02
-7.341286246885925584e-03
-1.821544140377362540e-03
-1.331730213529210179e-02
-1.406476472406194000e-01
2.726952554352149796e-02
-2.977462623991491419e-01
-4.245169600334403742e-03
-1.531222458826382755e-03
-9.738297543943299399e-04
1.631775034004433467e-01
-2.517883208191990310e-02
3.279189175381438948e-01
-1.828468656831214872e-02
-5.594710451432065258e-04
-2.919882536653353386e-02
-1.340985740108589508e-01
1.074279901623271249e-01
1.555094190869736603e-01
4.409708814659920283e-03
-5.267098487043573446e-03
-2.341569876897800842e-03
9.772244474287228658e-03
-7.341286246885925584e-03
-1.828468656831214872e-02
1.199166207157757180e-01
-9.481960546591190753e-02
-1.348831626163099207e-01
7.669795465095496922e-02
-1.137567104205540747e-01
-1.011880682188960323e-01
1.640308741987390670e-02
-1.413511656660471419e-02
-2.389433040615568382e-02
1.718563397399418919e-03
-1.821544140377362540e-03
-5.594710451432065258e-04
-9.481960546591190753e-02
1.297133711363469277e-01
1.256418697028942044e-01
1.188092322421940711e-01
-1.205268107103124320e-01
-2.326315018740282292e-01
-3.554818019711354464e-03
8.202243198633406285e-03
1.036139395887785385e-02
1.962874837842440434e-02
-1.331730213529210179e-02
-2.919882536653353386e-02
-1.348831626163099207e-01
1.256418697028942044e-01
2.514689332563352364e-01
2.884447572089183787e-01
-1.084501542765746313e-01
2.248259537407955658e-02
-2.143925500109484378e-02
1.463453693083778193e-02
-3.033970951911357013e-03
-1.335011267869501417e-01
1.972407955285845893e-02
-1.408402647699106836e-01
-1.335043753181987536e-01
7.409153788779626604e-02
1.213916403112009351e-01
-1.084501542765746313e-01
1.443253187374326230e-01
9.359228448705550485e-02
-2.170626532542514059e-02
1.006804999116617597e-02
-1.085069810213116354e-02
2.925070811979359892e-02
-4.821244101312266439e-02
3.321346389521678821e-02
1.009057114770635782e-01
-1.061809276985389433e-01
-1.159550502643607872e-01
2.248259537407955658e-02
9.359228448705550485e-02
5.763561711677790411e-01
4.500321804012616736e-03
-1.085050408907310519e-02
-4.001891178866877341e-02
-1.862992819987649706e-01
1.783763820980323322e-02
-2.971544999611106519e-01
1.593163648126401655e-01
-1.005794186586572020e-01
-2.391827593858032452e-01
-2.143925500109484378e-02
-2.170626532542514059e-02
4.500321804012616736e-03
1.250883668094139242e-02
-6.636973198800544607e-03
1.375902298463600000e-03
4.465189915805771112e-03
1.417733521838256128e-02
-2.909912322759125158e-03
4.465228388455735366e-03
1.416590330873463040e-02
-2.966311755234531285e-03
1.463453693083778193e-02
1.006804999116617597e-02
-1.085050408907310519e-02
-6.636973198800544607e-03
2.647461210138993704e-03
5.804628458070996110e-03
-3.246413593106743482e-03
-2.148306357520029207e-03
-1.674135633122609016e-03
-4.751150142698444198e-03
-1.056720492843060862e-02
6.720011197091092271e-03
-3.033970951911357013e-03
-1.085069810213116354e-02
-4.001891178866877341e-02
1.375902298463600000e-03
5.804628458070996110e-03
2.944216900997285308e-02
4.457910493204078964e-03
2.615119476754043312e-02
1.078943268816875403e-03
-2.799841841159110643e-03
-2.110512508198614939e-02
9.497799524968141352e-03
-1.335011267869501417e-01
2.925070811979359892e-02
-1.862992819987649706e-01
4.465189915805771112e-03
-3.246413593106743482e-03
4.457910493204078964e-03
1.196076185350238852e-01
-2.742471461378427969e-02
1.622714163558439115e-01
9.428318296252399117e-03
1.420420045503447727e-03
1.956995514430116823e-02
1.972407955285845893e-02
-4.821244101312266439e-02
1.783763820980323322e-02
1.417733521838256128e-02
-2.148306357520029207e-03
2.615119476754043312e-02
-2.742471461378427969e-02
5.170635243841679302e-02
-3.164949907881463298e-02
-6.476700166965029641e-03
-1.345605020157292870e-03
-1.233933387537290011e-02
-1.408402647699106836e-01
3.321346389521678821e-02
-2.971544999611106519e-01
-2.909912322759125158e-03
-1.674135633122609016e-03
1.078943268816875403e-03
1.622714163558439115e-01
-3.164949907881473706e-02
3.256463911885021378e-01
-1.852123930662418969e-02
1.101708081898526036e-04
-2.957083456933917720e-02
-1.335043753181987536e-01
1.009057114770635782e-01
1.593163648126401655e-01
4.465228388455735366e-03
-4.751150142698444198e-03
-2.799841841159110643e-03
9.428318296252399117e-03
-6.476700166965029641e-03
-1.852123930662418969e-02
1.196108285865763593e-01
-8.967786122361551260e-02
-1.379952836473817834e-01
7.409153788779626604e-02
-1.061809276985389433e-01
-1.005794186586572020e-01
1.416590330873463040e-02
-1.056720492843060862e-02
-2.110512508198614939e-02
1.420420045503447727e-03
-1.345605020157292870e-03
1.101708081898526036e-04
-8.967786122361551260e-02
1.180937376672182293e-01
1.215743729605506945e-01
1.213916403112009351e-01
-1.159550502643607872e-01
-2.391827593858032452e-01
-2.966311755234531285e-03
6.720011197091092271e-03
9.497799524968141352e-03
1.956995514430116823e-02
-1.233933387537290011e-02
-2.957083456933917720e-02
-1.379952836473817834e-01
1.215743729605506945e-01
2.592557944560193173e-01
2.734100284098465727e-01
-1.097765061865789704e-01
1.177782105504524696e-02
-1.066685108703198208e-02
1.509831537303523287e-04
-1.626870347839142568e-05
-1.313699476006788824e-01
4.034547978143591951e-02
-1.407025207316949522e-01
-1.313732297072520705e-01
6.928004325368805616e-02
1.289409683798839745e-01
-1.097765061865789704e-01
9.185015750759339959e-02
5.067569468739065858e-02
-1.201111463430682910e-02
3.088395510694088089e-02
-4.879698529304620121e-03
4.219910090554949283e-02
-4.439642329325270420e-02
5.214526878319180464e-02
7.958851992183572921e-02
-7.833768929737859599e-02
-9.794126494384276793e-02
1.177782105504524696e-02
5.067569468739065858e-02
5.586865931952467168e-01
1.288834059996721336e-03
-4.879579226310644044e-03
-1.406725171782916006e-02
-1.807538262556610542e-01
5.839510899279019146e-02
-2.892820242910816853e-01
1.676871711319643521e-01
-1.041912244485231204e-01
-2.553373171869098845e-01
-1.066685108703198208e-02
-1.201111463430682910e-02
1.288834059996721336e-03
3.828325044125996304e-03
1.113278909197447679e-03
-1.194556069935340226e-04
3.419245889534792623e-03
5.486620680116293357e-03
-2.331942237014631597e-04
3.419280125788834012e-03
5.411215034327249845e-03
-9.361842281572457618e-04
1.509831537303523287e-04
3.088395510694088089e-02
-4.879579226310644044e-03
1.113278909197447679e-03
-3.600388445610762378e-02
4.656910203494180923e-03
-3.873605637641219248e-04
3.382710294263859083e-03
-8.085860937703431069e-05
-8.769013895748954809e-04
1.737219075166316880e-03
3.035276300189925381e-04
-1.626870347839142568e-05
-4.879698529304620121e-03
-1.406725171782916006e-02
-1.194556069935340226e-04
4.656910203494180923e-03
6.895892770503820289e-03
2.349018298921248457e-03
7.882502469019624786e-03
2.762989216843052612e-03
-2.213293973660861429e-03
-7.659714171780059554e-03
4.408369733547949469e-03
-1.313699476006788824e-01
4.219910090554949283e-02
-1.807538262556610542e-01
3.419245889534792623e-03
-3.873605637641219248e-04
2.349018298921248457e-03
1.191127277027324849e-01
-4.253285039820862978e-02
1.595317415512713666e-01
8.837974008867351475e-03
7.211100664791402935e-04
1.887306640438888086e-02
4.034547978143591951e-02
-4.439642329325270420e-02
5.839510899279019146e-02
5.486620680116293357e-03
3.382710294263859083e-03
7.882502469019624786e-03
-4.253285039820862978e-02
3.971643315888350595e-02
-5.578241190774440444e-02
-3.299250085406371311e-03
1.297279772776166983e-03
-1.049519953610996044e-02
-1.407025207316949522e-01
5.214526878319180464e-02
-2.892820242910816853e-01
-2.331942237014631597e-04
-8.085860937703431069e-05
2.762989216843052612e-03
1.595317415512713666e-01
-5.578241190774450159e-02
3.164377921596553400e-01
-1.859602660280282316e-02
3.718001661127487683e-03
-2.991875697760443611e-02
-1.313732297072520705e-01
7.958851992183572921e-02
1.676871711319643521e-01
3.419280125788834012e-03
-8.769013895748954809e-04
-2.213293973660861429e-03
8.837974008867351475e-03
-3.299250085406371311e-03
-1.859602660280282316e-02
1.191159755848390511e-01
-7.541236844851979815e-02
-1.468778505553214320e-01
6.928004325368805616e-02
-7.833768929737859599e-02
-1.041912244485231204e-01
5.411215034327249845e-03
1.737219075166316880e-03
-7.659714171780059554e-03
7.211100664791402935e-04
1.297279772776166983e-03
3.718001661127487683e-03
-7.541236844851979815e-02
7.530319047259860510e-02
1.081329369459597123e-01
1.289409683798838635e-01
-9.794126494384276793e-02
-2.553373171869098845e-01
-9.361842281572457618e-04
3.035276300189925381e-04
4.408369733547949469e-03
1.887306640438888086e-02
-1.049519953610996044e-02
-2.991875697760443611e-02
-1.468778505553214320e-01
1.081329369459597123e-01
2.808477043206621393e-01
