5.035326467433333120e-01
-2.877171333299409040e-06
-9.154649999999988871e-07
-5.165346818530003326e-01
1.229964999897118494e-06
1.229965000034296327e-06
-2.952421333299407600e-06
-5.025485586866687560e-02
6.292999999999942597e-09
1.365551999897118582e-06
4.353653307999996031e-02
-8.523899999999985423e-08
-9.573703333333311745e-07
1.887899999999994029e-08
-4.821848211500018994e-02
1.365552000034296415e-06
-8.523899999999982776e-08
4.353653307999996031e-02
-5.165346818530003326e-01
1.365551999897118582e-06
1.365552000034296415e-06
5.035326467433333120e-01
-2.877171333231589653e-06
9.154649999999988871e-07
1.229964999897118494e-06
4.353653307999996031e-02
-8.523899999999982776e-08
-2.952421333231588213e-06
-5.025485586866687560e-02
-6.292999999999830927e-09
1.229965000034296327e-06
-8.523899999999985423e-08
4.353653307999996031e-02
9.573703333333311745e-07
-1.887899999999982448e-08
-4.821848211500018994e-02
2.733900279493335361e-01
-1.491536333316526696e-06
-4.615000000000010024e-07
-2.362447374759998886e-01
6.938039999565649281e-07
6.938040000144793235e-07
-1.506114666649860105e-06
-1.130395864333334039e-03
2.899766666666663694e-08
6.081069999565647133e-07
2.088496039999985002e-04
-7.437999999999910002e-09
-4.741306666666678211e-07
2.885499999999997284e-08
-2.508240982666666476e-03
6.081070000144791088e-07
-7.437999999999930681e-09
2.088496039999985002e-04
-2.362447374759998886e-01
6.081069999565647133e-07
6.081070000144791088e-07
2.733900279493335361e-01
-1.491536333282907535e-06
4.615000000000010024e-07
6.938039999565649281e-07
2.088496039999985002e-04
-7.437999999999930681e-09
-1.506114666616240944e-06
-1.130395864333334039e-03
-2.899766666666658070e-08
6.938040000144793235e-07
-7.437999999999910002e-09
2.088496039999985002e-04
4.741306666666678211e-07
-2.885499999999991659e-08
-2.508240982666666476e-03
-9.052951320333362320e-03
1.951083333308834345e-07
6.697300000000022523e-08
8.792365443999989455e-03
-9.789749999258596724e-08
-9.789750000247139760e-08
1.910006666642169364e-07
3.095366088533344981e-02
4.100913503964797779e-24
-9.738249999258596561e-08
-3.156794557200000295e-02
-1.202052065743089425e-23
6.570266666666685875e-08
4.023128021438953030e-24
3.095821116000010281e-02
-9.738250000247139597e-08
-1.189438203710237392e-23
-3.156794557200000295e-02
8.792365443999989455e-03
-9.738249999258596561e-08
-9.738250000247139597e-08
-9.052951320333362320e-03
1.951083333259840372e-07
-6.697300000000022523e-08
-9.789749999258596724e-08
-3.156794557200000295e-02
-1.189438203710237392e-23
1.910006666593175391e-07
3.095366088533344981e-02
-1.230274051189439407e-23
-9.789750000247139760e-08
-1.202052065743089425e-23
-3.156794557200000295e-02
-6.570266666666685875e-08
-1.206938406431685909e-23
3.095821116000010281e-02
9.773883728416654648e-01
-6.352729999927927398e-06
-2.082394999999998127e-06
-9.463902316769992051e-01
2.701363999791389703e-06
2.701364000069247003e-06
-6.160947999927927038e-06
-1.992407571343342843e-01
3.327733333333319774e-08
3.044046999791389146e-06
1.892239676780002600e-01
-2.295490000002873423e-07
-2.068556666666666299e-06
3.943233333333319561e-08
-2.082219469150000668e-01
3.044047000069246446e-06
-2.295490000002872629e-07
1.845251929180002637e-01
-9.463902316769992051e-01
3.044046999791389146e-06
3.044047000069246446e-06
9.773883728416654648e-01
-6.352729999783831847e-06
2.082394999999998127e-06
2.701363999791389703e-06
1.892239676780002600e-01
-2.295490000002872629e-07
-6.160947999783831487e-06
-1.992407571343342843e-01
-3.327733333333293966e-08
2.701364000069247003e-06
-2.295490000002873423e-07
1.845251929180002637e-01
2.068556666666666299e-06
-3.943233333333294415e-08
-2.082219469150000668e-01
5.224984656886667578e-01
-3.083288666631083964e-06
-9.807726666666654832e-07
-5.513976273049998600e-01
1.306821999886070363e-06
1.306822000037978946e-06
-3.155460666631083956e-06
-5.827421637866702503e-02
2.278899999999994023e-08
1.575512999886070185e-06
6.881667335049990175e-02
-4.686199999999985410e-08
-1.030939333333331825e-06
2.423499999999993875e-08
-6.499177923900043008e-02
1.575513000037978768e-06
-4.686199999999978131e-08
6.881667334949988224e-02
-5.513976273049998600e-01
1.575512999886070185e-06
1.575513000037978768e-06
5.224984656886667578e-01
-3.083288666559959454e-06
9.807726666666654832e-07
1.306821999886070363e-06
6.881667335049990175e-02
-4.686199999999978131e-08
-3.155460666559959447e-06
-5.827421637866702503e-02
-2.278899999999982111e-08
1.306822000037978946e-06
-4.686199999999985410e-08
6.881667334949988224e-02
1.030939333333331825e-06
-2.423499999999981302e-08
-6.499177923900043008e-02
7.281932481066630269e-02
-1.920143333304376162e-07
-8.264333333333453791e-09
-5.215573457000017427e-02
1.032544999911912874e-07
1.032545000029364183e-07
-3.091293333304362664e-07
2.553160690166658350e-02
4.321266666666666861e-08
2.419959999911901346e-07
-4.202682563999996998e-03
-6.201750000000000592e-08
-7.960600000000013724e-08
3.103599999999999415e-08
1.858838037799990378e-02
2.419960000029352523e-07
-6.201749999999996622e-08
-4.202682563999996998e-03
-5.215573457000017427e-02
2.419959999911901346e-07
2.419960000029352523e-07
7.281932481066630269e-02
-1.920143333246465313e-07
8.264333333333458754e-09
1.032544999911912874e-07
-4.202682563999996998e-03
-6.201749999999996622e-08
-3.091293333246451551e-07
2.553160690166658350e-02
-4.321266666666666861e-08
1.032545000029364183e-07
-6.201750000000000592e-08
-4.202682563999996998e-03
7.960600000000013724e-08
-3.103599999999998754e-08
1.858838037799990378e-02
8.173463069936662828e-01
-5.568439999943562365e-06
-1.665259333333328786e-06
-7.623166077125006490e-01
2.715032999832311309e-06
2.715033000055890738e-06
-5.606579999943562309e-06
-1.041231191913336157e-01
3.748559999999993698e-07
2.651738499832311893e-06
1.505146104570001253e-01
-4.862849999999995928e-07
-1.767153333333328229e-06
3.621426666666660907e-07
-1.276588641256665713e-01
2.651738500055891322e-06
-4.862849999999995928e-07
1.505146104570001253e-01
-7.623166077125006490e-01
2.651738499832311893e-06
2.651738500055891322e-06
8.173463069936662828e-01
-5.568439999830714707e-06
1.665259333333328786e-06
2.715032999832311309e-06
1.505146104570001253e-01
-4.862849999999995928e-07
-5.606579999830714650e-06
-1.041231191913336157e-01
-3.748559999999991580e-07
2.715033000055890738e-06
-4.862849999999995928e-07
1.505146104570001253e-01
1.767153333333328229e-06
-3.621426666666658789e-07
-1.276588641256665713e-01
1.324661293090005632e-01
-5.452063333272476674e-07
-1.821599999999994553e-07
-1.370517088049998111e-01
3.489134999791407644e-07
3.489135000069852784e-07
-6.305723333272471098e-07
3.307001605533345379e-02
3.540199999999998177e-08
3.277394999791405246e-07
-2.349781778599999843e-02
-3.525599999996808557e-08
-1.854826666666662280e-07
5.811566666666660029e-08
1.800232555033334098e-02
3.277395000069850387e-07
-3.525599999996809218e-08
-2.297732180299999830e-02
-1.370517088049998111e-01
3.277394999791405246e-07
3.277395000069850387e-07
1.324661293090005632e-01
-5.452063333150750628e-07
1.821599999999994553e-07
3.489134999791407644e-07
-2.349781778599999843e-02
-3.525599999996809218e-08
-6.305723333150745051e-07
3.307001605533345379e-02
-3.540199999999996191e-08
3.489135000069852784e-07
-3.525599999996808557e-08
-2.297732180299999830e-02
1.854826666666662280e-07
-5.811566666666658044e-08
1.800232555033334098e-02
-8.571260166666700223e-03
1.973399999976701223e-07
6.594700000000020003e-08
9.267144351999989649e-03
-9.841249999300392669e-08
-9.841250000233206231e-08
1.956076666643369598e-07
2.947549899200006818e-02
4.038089123168537648e-24
-9.712499999300393584e-08
-2.881787292400001324e-02
-1.213089195030758663e-23
6.356633333333348967e-08
3.892315332510028152e-24
2.917657805200006907e-02
-9.712500000233207146e-08
-1.181554539950826683e-23
-2.881787292400001324e-02
9.267144351999989649e-03
-9.712499999300393584e-08
-9.712500000233207146e-08
-8.571260166666700223e-03
1.973399999930107529e-07
-6.594700000000020003e-08
-9.841249999300392669e-08
-2.881787292400001324e-02
-1.181554539950826683e-23
1.956076666596775904e-07
2.947549899200006818e-02
-1.211426736950561147e-23
-9.841250000233206231e-08
-1.213089195030758663e-23
-2.881787292400001324e-02
-6.356633333333348967e-08
-1.167694599753008299e-23
2.917657805200006907e-02
9.403229055733324238e-01
-6.490901333263079586e-06
-2.136949666666663833e-06
-1.096243348776999360e+00
3.658273499753337856e-06
3.658273500082211951e-06
-6.188146666596419373e-06
-2.072151204406671443e-01
1.744199999999986594e-08
3.335986999753338261e-06
2.464899782660000538e-01
-3.924449999999952135e-08
-2.023923333333331236e-06
2.906999999999987252e-08
-2.086800563336662917e-01
3.335987000082213203e-06
-3.924449999999960076e-08
2.464899782650000759e-01
-1.096243348776999360e+00
3.335986999753338261e-06
3.335987000082213203e-06
9.403229055733324238e-01
-6.490901333122546655e-06
2.136949666666663833e-06
3.658273499753337856e-06
2.464899782660000538e-01
-3.924449999999960076e-08
-6.188146666455886443e-06
-2.072151204406671443e-01
-1.744199999999960455e-08
3.658273500082211951e-06
-3.924449999999952135e-08
2.464899782650000759e-01
2.023923333333331236e-06
-2.906999999999962437e-08
-2.086800563336662917e-01
6.026576786133350933e-02
-1.733063333316674440e-07
-5.360000000000002997e-08
-6.457768863399999948e-02
9.963699999402584430e-08
9.963700000199124949e-08
-1.741266666650005781e-07
3.305558742266666988e-02
7.876666666666633263e-10
1.136799999940258199e-07
-3.205643706799998077e-02
9.990000000000113361e-10
-5.061866666666672844e-08
1.945333333333330338e-09
3.104801498166665299e-02
1.136800000019911986e-07
9.990000000000146448e-10
-3.205643706799998077e-02
-6.457768863399999948e-02
1.136799999940258199e-07
1.136800000019911986e-07
6.026576786133350933e-02
-1.733063333283351634e-07
5.360000000000002997e-08
9.963699999402584430e-08
-3.205643706799998077e-02
9.990000000000146448e-10
-1.741266666616682976e-07
3.305558742266666988e-02
-7.876666666666568122e-10
9.963700000199124949e-08
9.990000000000113361e-10
-3.205643706799998077e-02
5.061866666666672844e-08
-1.945333333333324134e-09
3.104801498166665299e-02
-8.205719744666694834e-03
1.980266666643269708e-07
6.617500000000022033e-08
8.792365443999989455e-03
-9.866999999282696380e-08
-9.867000000239110397e-08
1.973399999976603814e-07
3.000032412133340001e-02
4.052050096678818085e-24
-9.815499999282696217e-08
-3.025617869200000407e-02
-1.211512462281232271e-23
6.554800000000018434e-08
4.013657419525546332e-24
2.929819492000005840e-02
-9.815500000239110234e-08
-1.198898600228741254e-23
-3.025617869200000407e-02
8.792365443999989455e-03
-9.815499999282696217e-08
-9.815500000239110234e-08
-8.205719744666694834e-03
1.980266666596480667e-07
-6.617500000000022033e-08
-9.866999999282696380e-08
-3.025617869200000407e-02
-1.198898600228741254e-23
1.973399999929814773e-07
3.000032412133340001e-02
-1.215615029003645499e-23
-9.867000000239110397e-08
-1.211512462281232271e-23
-3.025617869200000407e-02
-6.554800000000018434e-08
-1.204097225857663900e-23
2.929819492000005840e-02
1.294533181630002361e-01
-6.895516666610997248e-07
-2.057289999999991021e-07
-2.026839268250000825e-01
3.287749999661335359e-07
3.287750000112895505e-07
-8.222946666610998699e-07
3.854305099833343212e-02
5.337333333333330701e-08
4.354839999661335949e-07
-1.832075772200000494e-02
-4.013299999999996636e-08
-2.608843333333330203e-07
8.352733333333321426e-08
1.102736676666663668e-02
4.354840000112895037e-07
-4.013299999999993989e-08
-1.832075772200000494e-02
-2.026839268250000825e-01
4.354839999661335949e-07
4.354840000112895037e-07
1.294533181630002361e-01
-6.895516666499664296e-07
2.057289999999991021e-07
3.287749999661335359e-07
-1.832075772200000494e-02
-4.013299999999993989e-08
-8.222946666499665747e-07
3.854305099833343212e-02
-5.337333333333328054e-08
3.287750000112895505e-07
-4.013299999999996636e-08
-1.832075772200000494e-02
2.608843333333330203e-07
-8.352733333333317455e-08
1.102736676666663668e-02
5.925059599933350796e-02
-2.511696666655306193e-07
-6.124066666666645788e-08
-9.215848114900007659e-02
1.142254999878634929e-07
1.142255000040125334e-07
-2.527226666655303951e-07
4.068772606566668087e-02
1.603699999999999663e-08
1.604419999878637135e-07
-2.609133896799998784e-02
-1.696200000003271329e-08
-1.068663333333329708e-07
2.103766666666665037e-08
2.434096708133329234e-02
1.604420000040127937e-07
-1.696200000003270005e-08
-2.662566683599998374e-02
-9.215848114900007659e-02
1.604419999878637135e-07
1.604420000040127937e-07
5.925059599933350796e-02
-2.511696666632573417e-07
6.124066666666645788e-08
1.142254999878634929e-07
-2.609133896799998784e-02
-1.696200000003270005e-08
-2.527226666632571175e-07
4.068772606566668087e-02
-1.603699999999999001e-08
1.142255000040125334e-07
-1.696200000003271329e-08
-2.662566683599998374e-02
1.068663333333329708e-07
-2.103766666666663714e-08
2.434096708133329234e-02
1.021997597313328565e-01
-3.734953333283897641e-07
-1.243516666666665258e-07
-5.415245367099999485e-02
9.868049999247079835e-08
9.868050000250995196e-08
-4.463433333283922174e-07
2.150131903099990194e-02
9.433700000000000624e-08
1.655544999924708451e-07
-1.316461701150001794e-02
-6.219400000000000753e-08
-1.026026666666665605e-07
8.036800000000002191e-08
5.251833268666676602e-03
1.655545000025099590e-07
-6.219399999999998106e-08
-1.316461701150001794e-02
-5.415245367099999485e-02
1.655544999924708451e-07
1.655545000025099590e-07
1.021997597313328565e-01
-3.734953333185070601e-07
1.243516666666665523e-07
9.868049999247079835e-08
-1.316461701150001794e-02
-6.219399999999998106e-08
-4.463433333185095135e-07
2.150131903099990194e-02
-9.433699999999999301e-08
9.868050000250995196e-08
-6.219400000000000753e-08
-1.316461701150001794e-02
1.026026666666665737e-07
-8.036800000000000867e-08
5.251833268666676602e-03
3.186312834374930070e+00
-1.986441947837739940e-05
5.050442837061915806e-06
-3.274570749299999139e+00
9.610520999343301796e-06
9.610521000218976315e-06
-9.792709329914475735e-02
-2.868210597444307286e-01
5.407265174739732371e-08
9.882819499343303471e-06
3.002846037544997237e-01
-2.252364999999114386e-07
-9.789817080833013163e-02
5.180055512690910901e-08
-2.999607642083338410e-01
9.882819500218977991e-06
-2.252364999999113592e-07
3.017130174004997167e-01
-3.274570749299999139e+00
9.882819499343303471e-06
9.882819500218977991e-06
3.186312834374930070e+00
-1.986441947880273530e-05
-5.050442837061915806e-06
9.610520999343301796e-06
3.002846037544997237e-01
-2.252364999999113592e-07
-9.792709329914518757e-02
-2.868210597444307286e-01
-5.407265174739670167e-08
9.610521000218976315e-06
-2.252364999999114386e-07
3.017130174004997167e-01
9.789817080833013163e-02
-5.180055513889817217e-08
-2.999607642083338410e-01
-4.298899235321651524e-02
2.403222535406142167e-07
7.623602600281284244e-07
7.747952310400010867e-02
-3.747159999698835898e-07
-3.877400000103117293e-07
-3.075833965797885932e-04
1.029599938867163667e-01
-2.620879102991106024e-07
-3.314799999698834798e-07
-8.646866901000008210e-02
-2.725005531272972192e-19
3.087152053234324517e-04
1.013106631015077450e-08
1.036880414036661785e-01
-3.383840000103116677e-07
-2.724888391357336354e-19
-9.091810902700007968e-02
7.747952310400010867e-02
-3.314799999698834798e-07
-3.383840000103116677e-07
-4.298899235321657075e-02
2.403222774068359317e-07
-7.623602600280855434e-07
-3.747159999698835898e-07
-8.646866901000008210e-02
-2.724888391357336354e-19
-3.075833965559223761e-04
1.029599938867164222e-01
2.620879102992352751e-07
-3.877400000103117293e-07
-2.725005531272972192e-19
-9.091810902700007968e-02
-3.087152053234324517e-04
-1.013106625966830237e-08
1.036880414036661785e-01
-6.375861707188287819e-02
1.280488755698473358e-06
3.186328309314612050e-07
1.409080971539997951e-01
-4.302734999610752807e-07
-4.478965000129997752e-07
-4.637682555410964358e-03
6.406781902971619980e-02
7.556934607316961868e-09
-5.151909999610751542e-07
-7.098726824900004895e-02
-1.144100000002526343e-08
5.179750258498966482e-03
4.052827339752193742e-09
6.196469907966671575e-02
-5.236120000129998022e-07
-1.144100000002528163e-08
-7.139901751400004604e-02
1.409080971539997951e-01
-5.151909999610751542e-07
-5.236120000129998022e-07
-6.375861707189428573e-02
1.280489069941282844e-06
-3.186328309314797868e-07
-4.302734999610752807e-07
-7.098726824900004895e-02
-1.144100000002528163e-08
-4.637682555096720935e-03
6.406781902972759346e-02
-7.556934606533648298e-09
-4.478965000129997752e-07
-1.144100000002526343e-08
-7.139901751400004604e-02
-5.179750258498966482e-03
-4.052814606085169485e-09
6.196469907966671575e-02
-8.878547511366467748e-02
1.124160833587234052e-06
3.551546688196817170e-07
1.528333768349997568e-01
-4.090869999629798318e-07
-4.282910000123483177e-07
-5.178714570999742341e-03
5.643631759266433401e-02
-2.743554638682395265e-09
-4.755779999629799737e-07
-4.869384060000001013e-02
-3.051000000008622852e-09
5.179774464000549625e-03
1.320805448848365556e-09
5.827460940083328128e-02
-4.856010000123484517e-07
-3.051000000008637327e-09
-4.883385334000001771e-02
1.528333768349997568e-01
-4.755779999629799737e-07
-4.856010000123484517e-07
-8.878547511367820833e-02
1.124161213585207634e-06
-3.551546688196745172e-07
-4.090869999629798318e-07
-4.869384060000001013e-02
-3.051000000008637327e-09
-5.178714570619744224e-03
5.643631759267787873e-02
2.743554639611719035e-09
-4.282910000123483177e-07
-3.051000000008622852e-09
-4.883385334000001771e-02
-5.179774464000549625e-03
-1.320791895071321384e-09
5.827460940083328128e-02
-1.026862983059998319e-01
6.085213333253748592e-07
1.904921666666668659e-07
1.112610062299999175e-01
-3.035659999742784218e-07
-3.220630000086162740e-07
2.167285343666668605e-03
2.727387975333328551e-02
1.166428110854888489e-23
-2.499154999742787713e-07
-2.875896407649998487e-02
-4.271936479600599782e-20
1.625975000000002091e-07
9.956225396218101651e-24
2.545044659099989989e-02
-2.606765000086164807e-07
-4.270480313324084795e-20
-2.945590797449999451e-02
1.112610062299999175e-01
-2.499154999742787713e-07
-2.606765000086164807e-07
-1.026862983059998319e-01
6.085213333094593219e-07
-1.904921666666668659e-07
-3.035659999742784218e-07
-2.875896407649998487e-02
-4.270480313324084795e-20
2.167285343666652559e-03
2.727387975333328551e-02
-3.499284332564665615e-23
-3.220630000086162740e-07
-4.271936479600599782e-20
-2.945590797449999451e-02
-1.625975000000002091e-07
-2.986867618865429907e-23
2.545044659099989989e-02
2.798837566285914846e+00
-5.200743490376093757e-03
-5.174052392150456370e-03
-2.930759100809997797e+00
9.635459999407713975e-06
9.635460000197402792e-06
-1.704397463757089670e-01
-2.977296746229156632e-01
2.356984427495533377e-07
9.584928999407715255e-06
2.934513529369997542e-01
-5.348420000000159273e-07
-1.704129922573260625e-01
1.113778048319605222e-07
-3.164501681658341004e-01
9.584929000197404072e-06
-5.348420000000159273e-07
2.931748695284997486e-01
-2.930759100809997797e+00
9.584928999407715255e-06
9.584929000197404072e-06
2.798837566285914846e+00
-5.200743490376472794e-03
5.174052392150456370e-03
9.635459999407713975e-06
2.934513529369997542e-01
-5.348420000000159273e-07
-1.704397463757093834e-01
-2.977296746229156632e-01
-2.356984427501869713e-07
9.635460000197402792e-06
-5.348420000000159273e-07
2.931748695284997486e-01
1.704129922573260625e-01
-1.113778048528300906e-07
-3.164501681658341004e-01
4.865836756462636470e-01
-1.557362092490189968e-02
-1.553924523175832968e-02
-8.264878244285006614e-01
1.738325499864713073e-06
1.729480500045102082e-06
-1.904934550212353528e-01
8.544771112056968876e-02
1.035936354779776539e-02
2.201100999864713814e-06
-9.002800221600003316e-02
-1.310659999999913085e-07
-1.896792315670048079e-01
1.035954567078495488e-02
5.997295539577790491e-02
2.201101000045103033e-06
-1.310659999999912026e-07
-8.988876197100001408e-02
-8.264878244285006614e-01
2.201100999864713814e-06
2.201101000045103033e-06
4.865836756462635360e-01
-1.557362092490212693e-02
1.553924523175832448e-02
1.738325499864713073e-06
-9.002800221600003316e-02
-1.310659999999912026e-07
-1.904934550212355748e-01
8.544771112056981366e-02
-1.035936354779777406e-02
1.729480500045102082e-06
-1.310659999999913085e-07
-8.988876197100001408e-02
1.896792315670047802e-01
-1.035954567078506243e-02
5.997295539577790491e-02
-1.325635807453054149e-01
1.117502828439605000e-06
3.581094999940820005e-07
1.418767353989998925e-01
-4.638989999590783994e-07
-4.690860000139059210e-07
-5.178584281338208771e-03
9.076353168063902577e-02
6.977378073661738900e-12
-4.828394999590781315e-07
-8.089230065199998210e-02
-2.649847750013728744e-19
5.179852784664689541e-03
4.502154879498212009e-09
9.148746767683335612e-02
-4.828395000139058330e-07
-2.649884612494709176e-19
-8.521890601899997919e-02
1.418767353989998925e-01
-4.828394999590781315e-07
-4.828395000139058330e-07
-1.325635807453093007e-01
1.117502996567131714e-06
-3.581094999940820005e-07
-4.638989999590783994e-07
-8.089230065199998210e-02
-2.649884612494709176e-19
-5.178584281170081974e-03
9.076353168064292543e-02
-6.977377804065880936e-12
-4.690860000139059210e-07
-2.649847750013728744e-19
-8.521890601899997919e-02
-5.179852784664689541e-03
-4.502150979945545078e-09
9.148746767683335612e-02
-1.140590321221196107e-01
5.513907462192613827e-07
2.207004999962515068e-07
1.352791085849997799e-01
-5.507634999676041997e-07
-5.507635000107995977e-07
4.650630795525949862e-07
4.089555546595276259e-02
3.572933943310965669e-12
-4.696264999676032793e-07
-4.107971599700000614e-02
-7.242720374447987196e-23
1.912559999992844975e-07
7.631901293883536722e-13
3.994749523850004563e-02
-4.679955000107986544e-07
-5.225476043668067482e-23
-4.107971615900000983e-02
1.352791085849997799e-01
-4.696264999676032793e-07
-4.679955000107986544e-07
-1.140590321221195830e-01
5.513907461314710764e-07
-2.207004999962514804e-07
-5.507634999676041997e-07
-4.107971599700000614e-02
-5.225476043668067482e-23
4.650630794648046799e-07
4.089555546595276259e-02
-3.572933943436004035e-12
-5.507635000107995977e-07
-7.242720374447987196e-23
-4.107971615900000983e-02
-1.912559999992844710e-07
-7.631901294967104954e-13
3.994749523850004563e-02
-9.080453389383658092e-02
1.867090823313498480e-06
6.038128333331858210e-07
9.210679733700005700e-02
4.635875000203503053e-07
4.849514999931804846e-07
1.859673156646831829e-06
2.089159563833642430e-02
4.236486284574492933e-13
5.188675000203501491e-07
-1.867616183800000634e-02
-3.566701689948936736e-20
5.662033333331944865e-07
3.972609596097838008e-13
2.120966902166674870e-02
5.188674999931805085e-07
-3.565740170761057392e-20
-1.925958441500000978e-02
9.210679733700005700e-02
5.188675000203501491e-07
5.188674999931805085e-07
-9.080453389383658092e-02
1.867090823349422418e-06
-6.038128333331858210e-07
4.635875000203503053e-07
-1.867616183800000634e-02
-3.565740170761057392e-20
1.859673156682755978e-06
2.089159563833642430e-02
-4.236486282632482477e-13
4.849514999931804846e-07
-3.566701689948936736e-20
-1.925958441500000978e-02
-5.662033333331944865e-07
-3.972609594276789085e-13
2.120966902166674870e-02
1.164284772514834199e+00
-1.091290599979309516e-05
5.629649999990479736e-07
-1.519330409059999942e+00
3.763238499722223306e-06
3.763238500092610485e-06
-2.641628351920006779e-01
3.814581006033331695e-02
5.179747130999999213e-03
4.010869999722222766e-06
-7.199623521000012710e-03
-4.699749999997677389e-08
-2.382577406750013838e-01
2.673333332895660143e-07
1.994478259266669121e-02
4.010870000092610792e-06
-4.699749999997671434e-08
-6.827551717000012593e-03
-1.519330409059999942e+00
4.010869999722222766e-06
4.010870000092610792e-06
1.164284772514834199e+00
-1.091290599993100907e-05
-5.629649999996822954e-07
3.763238499722223306e-06
-7.199623521000012710e-03
-4.699749999997671434e-08
-2.641628351920008444e-01
3.814581006033335164e-02
-5.179747130999999213e-03
3.763238500092610485e-06
-4.699749999997677389e-08
-6.827551717000012593e-03
2.382577406750013838e-01
-2.673333333187441817e-07
1.994478259266669121e-02
1.214457253820644622e+00
-8.416511228431167171e-06
9.528826741647988944e-07
-1.519330409059999942e+00
3.848752499721639946e-06
3.848752500092803854e-06
-2.693421005163958992e-01
2.591079250202287312e-02
5.179825471600971697e-03
4.010869999721640855e-06
-4.032146021000011099e-03
-4.699749999997675404e-08
-2.486166703364761643e-01
3.753263288765006219e-07
1.610316569533336989e-02
4.010870000092804763e-06
-4.699749999997672096e-08
-3.660074217000008380e-03
-1.519330409059999942e+00
4.010869999721640855e-06
4.010870000092804763e-06
1.214457253820644622e+00
-8.416511228576723007e-06
-9.528826741654332162e-07
3.848752499721639946e-06
-4.032146021000011099e-03
-4.699749999997672096e-08
-2.693421005163960102e-01
2.591079250202290435e-02
-5.179825471600971697e-03
3.848752500092803854e-06
-4.699749999997675404e-08
-3.660074217000008380e-03
2.486166703364761643e-01
-3.753263289069473801e-07
1.610316569533336989e-02
6.736323383531148123e-02
-3.012929232166244677e-05
3.578010459771000536e-06
-1.081929089994999454e-01
-1.250089999989848885e-07
-1.250090000003385530e-07
-6.333677575654996991e-03
1.126618922973549874e-01
-5.334256801939278016e-07
-8.871049999898492911e-08
-1.137196923509999347e-01
2.406499999999982126e-09
5.596778943186121388e-03
-7.936125100067505051e-07
1.099034595923331359e-01
-8.871050000033859364e-08
2.406499999999991638e-09
-1.137196923509999347e-01
-1.081929089994999454e-01
-8.871049999898492911e-08
-8.871050000033859364e-08
6.736323383531148123e-02
-3.012929232165793717e-05
-3.578010459771000536e-06
-1.250089999989848885e-07
-1.137196923509999347e-01
2.406499999999991638e-09
-6.333677575654991787e-03
1.126618922973549874e-01
5.334256801939281193e-07
-1.250090000003385530e-07
2.406499999999982126e-09
-1.137196923509999347e-01
-5.596778943186121388e-03
7.936125100073077469e-07
1.099034595923331359e-01
-1.334103256424399309e-01
3.830339948293498560e-07
1.616196666665720948e-07
1.356315891259997630e-01
-5.119949999670795349e-07
-5.264250000109743745e-07
2.935396614960155666e-07
4.114466219027359400e-02
1.754602763384428534e-13
-4.244139999670787720e-07
-4.358199714950001386e-02
-7.071545368112445399e-23
1.406138333332509459e-07
1.526555682394741067e-13
4.296183545050005076e-02
-4.381650000109734505e-07
-4.913956514113809348e-23
-4.358199715950001468e-02
1.356315891259997630e-01
-4.244139999670787720e-07
-4.381650000109734505e-07
-1.334103256424398753e-01
3.830339947304550007e-07
-1.616196666665720684e-07
-5.119949999670795349e-07
-4.358199714950001386e-02
-4.913956514113809348e-23
2.935396613971207113e-07
4.114466219027358013e-02
-1.754602764300090815e-13
-5.264250000109743745e-07
-7.071545368112445399e-23
-4.358199715950001468e-02
-1.406138333332509194e-07
-1.526555683191394151e-13
4.296183545050005076e-02
-7.825367209841396776e-02
7.666077770371570488e-07
2.593515019308489700e-07
8.294544668499997941e-02
-6.092359999808915357e-07
-6.248460000063978869e-07
7.782902770371569154e-07
1.590235829074723023e-02
-2.873492400259688091e-09
-5.509739999808915927e-07
-2.107617557349999657e-02
-9.243500000028738921e-09
2.628286679531326254e-07
-1.914490063842574821e-09
1.629853472349999249e-02
-5.598190000063981875e-07
-9.243500000028722377e-09
-2.154418205050000548e-02
8.294544668499997941e-02
-5.509739999808915927e-07
-5.598190000063981875e-07
-7.825367209841396776e-02
7.666076920184206893e-07
-2.593515019308515640e-07
-6.092359999808915357e-07
-2.107617557349999657e-02
-9.243500000028722377e-09
7.782901920184204500e-07
1.590235829074723023e-02
2.873492400025505401e-09
-6.248460000063978869e-07
-9.243500000028738921e-09
-2.154418205050000548e-02
-2.628286679531343724e-07
1.914490063605252153e-09
1.629853472349999249e-02
3.017576755596553362e+00
-5.200905267893073634e-03
-5.173690639326503950e-03
-3.084327375769996493e+00
8.314678499390689949e-06
8.314678500203096190e-06
-1.067655095202260374e-01
-2.921978348160538252e-01
9.954541780493601817e-08
9.507144999390687454e-06
2.325726513299997966e-01
-4.098164999999991090e-07
-9.638002950232657517e-02
1.039492052318227027e-07
-3.020736144855007965e-01
9.507145000203093694e-06
-4.098164999999988443e-07
2.325726513299997966e-01
-3.084327375769996493e+00
9.507144999390687454e-06
9.507145000203093694e-06
3.017576755596553362e+00
-5.200905267893480427e-03
5.173690639326503950e-03
8.314678499390689949e-06
2.325726513299997966e-01
-4.098164999999988443e-07
-1.067655095202264259e-01
-2.921978348160538252e-01
-9.954541780556961205e-08
8.314678500203096190e-06
-4.098164999999991090e-07
2.325726513299997966e-01
9.638002950232657517e-02
-1.039492052436258422e-07
-3.020736144855007965e-01
-1.353129276110615065e-01
1.131437519821223349e-06
3.737328321101129083e-07
1.436467154679998137e-01
-3.273579999637784216e-07
-3.273580000120449530e-07
2.026283922019802338e-03
6.223665082406185101e-02
1.558959939853870586e-09
-4.674494999637782305e-07
-5.353640054099999268e-02
2.932369228954215674e-20
-2.024732158506745063e-03
7.808054295378906150e-09
6.173181677383337423e-02
-4.674495000120446560e-07
2.928937976812969916e-20
-5.305699367899999186e-02
1.436467154679998137e-01
-4.674494999637782305e-07
-4.674495000120446560e-07
-1.353129276110562051e-01
1.131438036743911763e-06
-3.737328321101169846e-07
-3.273579999637784216e-07
-5.353640054099999268e-02
2.928937976812969916e-20
2.026283922536725214e-03
6.223665082405654969e-02
-1.558959938875933825e-09
-3.273580000120449530e-07
2.932369228954215674e-20
-5.305699367899999186e-02
2.024732158506745063e-03
-7.808059593441290194e-09
6.173181677383337423e-02
-7.798999732353294190e-02
1.023553983270241282e-06
3.484714908464276377e-07
1.436332811489998140e-01
-8.830899996591969572e-08
-8.830900001128647597e-08
5.657528166035791525e-07
4.150177897369958235e-02
8.431711646852619688e-09
1.514485000340804314e-07
-4.189119716200000176e-02
-1.524999999926394167e-09
1.392098287559648603e-07
4.216373353553747639e-09
4.459812879166664967e-02
1.514484999887136644e-07
-1.524999999926335438e-09
-4.068870663400000337e-02
1.436332811489998140e-01
1.514485000340804314e-07
1.514484999887136644e-07
-7.798999732353291414e-02
1.023553983202542597e-06
-3.484714908464275848e-07
-8.830899996591969572e-08
-4.189119716200000176e-02
-1.524999999926335438e-09
5.657528165358804677e-07
4.150177897369956848e-02
-8.431711646852818212e-09
-8.830900001128647597e-08
-1.524999999926394167e-09
-4.068870663400000337e-02
-1.392098287559648603e-07
-4.216373353553826222e-09
4.459812879166664967e-02
-8.976953237258424034e-02
9.236682440660564413e-07
3.368421569963555150e-07
1.193027494669999383e-01
7.057970000273176632e-07
7.057969999908935524e-07
7.582184107327248703e-07
3.408034858408430512e-02
9.142689621451236640e-09
5.634480000273172665e-07
-2.940956252700002715e-02
3.814000000000095397e-09
2.722821614548419268e-07
4.927510223282553996e-09
3.776352899316677558e-02
5.634479999908931557e-07
3.814000000000060655e-09
-2.940956252100003152e-02
1.193027494669999383e-01
5.634480000273172665e-07
5.634479999908931557e-07
-8.976953237258424034e-02
9.236682441058895421e-07
-3.368421569963555680e-07
7.057970000273176632e-07
-2.940956252700002715e-02
3.814000000000060655e-09
7.582184107725580770e-07
3.408034858408430512e-02
-9.142689621451129106e-09
7.057969999908935524e-07
3.814000000000095397e-09
-2.940956252100003152e-02
-2.706088281215095724e-07
-4.927508453347312079e-09
3.776352899316677558e-02
-9.261626556577216840e-02
1.846936799918202802e-06
5.875935004458542413e-07
9.017288619700009056e-02
5.828085000201220887e-07
6.001484999932873125e-07
1.786927799918202281e-06
2.062940117143867436e-02
-6.352543978861477097e-10
5.568685000201223210e-07
-1.937054902600000503e-02
3.606999999995697062e-09
5.772255004458562491e-07
-6.352616723075202331e-10
2.094456411750006061e-02
5.568684999932875761e-07
3.606999999995687136e-09
-1.944207347100000705e-02
9.017288619700009056e-02
5.568685000201223210e-07
5.568684999932875761e-07
-9.261626556577216840e-02
1.846936799954625218e-06
-5.875935004458542413e-07
5.828085000201220887e-07
-1.937054902600000503e-02
3.606999999995687136e-09
1.786927799954624909e-06
2.062940117143867436e-02
6.352543978863366171e-10
6.001484999932873125e-07
3.606999999995697062e-09
-1.944207347100000705e-02
-5.772255004458562491e-07
6.352616723077059351e-10
2.094456411750006061e-02
5.066398167951877696e-01
-8.286799266981630021e-04
4.613907642004645840e-07
-6.684443155395000113e-01
1.749895499891486981e-06
1.749895500036240041e-06
-1.423035875813650764e-01
5.095840439447849035e-02
3.561609910736122214e-07
1.840835499891487926e-06
-7.773368525800006257e-02
-4.273749999992857266e-08
-1.363091917477308179e-01
4.140668692822180100e-07
4.073064788683348342e-02
1.840835500036240986e-06
-4.273749999992855281e-08
-7.657059737500006291e-02
-6.684443155395000113e-01
1.840835499891487926e-06
1.840835500036240986e-06
5.066398167951876585e-01
-8.286799266984210422e-04
-4.613907642004647957e-07
1.749895499891486981e-06
-7.773368525800006257e-02
-4.273749999992855281e-08
-1.423035875813653262e-01
5.095840439447856668e-02
-3.561609910736119567e-07
1.749895500036240041e-06
-4.273749999992857266e-08
-7.657059737500006291e-02
1.363091917477308179e-01
-4.140668693594445449e-07
4.073064788683348342e-02
-3.876898871836221422e-02
1.184926467818125042e-06
3.356356843873481341e-07
1.433385564799998790e-01
-4.045409999628856327e-07
-4.192830000123396386e-07
-2.491624812069891115e-02
7.059827460569582935e-02
-5.575355998851399123e-08
-4.862619999628858917e-07
-5.869983848100001483e-02
-3.812999999968974074e-09
2.589789012701675455e-02
-4.876980367999949864e-08
6.676880983733343711e-02
-4.874220000123398493e-07
-3.812999999968991445e-09
-5.819238803600001314e-02
1.433385564799998790e-01
-4.862619999628858917e-07
-4.874220000123398493e-07
-3.876898871842345690e-02
1.184926736681727561e-06
-3.356356843872110736e-07
-4.045409999628856327e-07
-5.869983848100001483e-02
-3.812999999968991445e-09
-2.491624812043004983e-02
7.059827460575707203e-02
5.575355998933910720e-08
-4.192830000123396386e-07
-3.812999999968974074e-09
-5.819238803600001314e-02
-2.589789012701675455e-02
4.876986734621757026e-08
6.676880983733343711e-02
2.212446855559584841e-02
1.211062642465915285e-06
3.641933678852026527e-07
1.186913427829999479e-01
-3.825239999701485651e-07
-3.913360000098959962e-07
-2.027819388752432478e-02
6.386371019107101032e-02
-4.403104754590621378e-08
-4.422714999701490675e-07
-4.381130627649999082e-02
5.432259685339727100e-20
2.027871830370130482e-02
-3.630451663692988999e-08
6.150732204600018599e-02
-4.496065000098962267e-07
5.430823425696933272e-20
-4.292341920849999243e-02
1.186913427829999479e-01
-4.422714999701490675e-07
-4.496065000098962267e-07
2.212446855554279015e-02
1.211062751683870281e-06
-3.641933678850874562e-07
-3.825239999701485651e-07
-4.381130627649999082e-02
5.430823425696933272e-20
-2.027819388741510312e-02
6.386371019112407899e-02
4.403104754685918540e-08
-3.913360000098959962e-07
5.432259685339727100e-20
-4.292341920849999243e-02
-2.027871830370130482e-02
3.630456969970869676e-08
6.150732204600018599e-02
8.406467231498185311e-02
1.051972665972003654e-06
3.371941579799483602e-07
5.319923734300000678e-02
-3.697834999835328958e-07
-3.785955000054841117e-07
-4.740086421167375406e-03
5.562463892251832270e-02
9.031657655131095938e-09
-1.470039999835329489e-07
-3.644453511649998340e-02
5.042812411163723267e-21
4.739962913158441565e-03
1.084268181313287464e-08
5.247037152183358505e-02
-1.551400000054842189e-07
5.097501830667417519e-21
-3.636119095749998364e-02
5.319923734300000678e-02
-1.470039999835329489e-07
-1.551400000054842189e-07
8.406467231498185311e-02
1.051972665969171599e-06
-3.371941579799483602e-07
-3.697834999835328958e-07
-3.644453511649998340e-02
5.097501830667417519e-21
-4.740086421167377141e-03
5.562463892251832270e-02
-9.031657655131061196e-09
-3.785955000054841117e-07
5.042812411163723267e-21
-3.636119095749998364e-02
-4.739962913158441565e-03
-1.084268181266086884e-08
5.247037152183358505e-02
-7.132861279916656583e-02
5.516609999940526962e-07
1.561730000000002431e-07
1.083692620199999401e-01
-3.285589999750073904e-07
-3.362950000083425679e-07
2.844145532500005642e-03
2.578319059116662704e-02
7.110000000000095389e-10
-2.662799999750075247e-07
-2.768287301199999495e-02
-1.212393907883630285e-20
1.974186666666668717e-07
7.111111111111232001e-10
2.529701406883324080e-02
-2.770410000083428236e-07
-1.210924080672052102e-20
-2.788012935800000466e-02
1.083692620199999401e-01
-2.662799999750075247e-07
-2.770410000083428236e-07
-7.132861279916656583e-02
5.516609999821599301e-07
-1.561730000000002431e-07
-3.285589999750073904e-07
-2.768287301199999495e-02
-1.210924080672052102e-20
2.844145532499993932e-03
2.578319059116662704e-02
-7.110000000000286674e-10
-3.362950000083425679e-07
-1.212393907883630285e-20
-2.788012935800000466e-02
-1.974186666666668717e-07
-7.111111111111473951e-10
2.529701406883324080e-02
3.149350585902517263e+00
-1.952947866601185536e-05
6.139953666666674999e-06
-3.075761724891997506e+00
9.367095499357269543e-06
9.367095500214241575e-06
-1.860011166601185399e-05
-4.154541133313332524e-01
-3.893623333333304733e-07
9.422269999357268857e-06
4.230852819245003449e-01
-5.651284999999976082e-07
6.621620166666671618e-06
-2.550046666666644599e-07
-3.982616749563329117e-01
9.422270000214240889e-06
-5.651284999999976082e-07
4.230852695425002530e-01
-3.075761724891997506e+00
9.422269999357268857e-06
9.422270000214240889e-06
3.149350585902517263e+00
-1.952947866644841953e-05
-6.139953666666674999e-06
9.367095499357269543e-06
4.230852819245003449e-01
-5.651284999999976082e-07
-1.860011166644841816e-05
-4.154541133313332524e-01
3.893623333333312144e-07
9.367095500214241575e-06
-5.651284999999976082e-07
4.230852695425002530e-01
-6.621620166666671618e-06
2.550046666666652540e-07
-3.982616749563329117e-01
8.895620066364916256e-02
-4.073260479959126485e-08
1.397350540051883358e-08
-5.481619477899998122e-02
6.644750000155561564e-08
6.644749999948139077e-08
-1.408031042727140268e-02
6.322841144918400769e-02
2.200466323720467748e-08
4.908600000155562260e-08
-6.328486771099997577e-02
5.260000000000015337e-09
-1.478429587482742689e-02
2.583978520979258376e-08
6.308019404233346228e-02
4.908599999948139773e-08
5.260000000000011201e-09
-6.328487411099996407e-02
-5.481619477899998122e-02
4.908600000155562260e-08
4.908599999948139773e-08
8.895620066364916256e-02
-4.073260479131658014e-08
-1.397350540051882861e-08
6.644750000155561564e-08
-6.328486771099997577e-02
5.260000000000011201e-09
-1.408031042727139574e-02
6.322841144918399381e-02
-2.200466323720468410e-08
6.644749999948139077e-08
5.260000000000015337e-09
-6.328487411099996407e-02
1.478429587482742863e-02
-2.583978520503759226e-08
6.308019404233346228e-02
1.888093061166669362e-02
3.757403333258786601e-07
-1.802133333333334555e-08
4.409875300500003953e-03
-1.944189999876090350e-07
-1.944190000041304656e-07
-1.373912436333340906e-03
5.945825113566677311e-02
-3.227666666666602064e-09
-2.000729999876090670e-07
-6.304406923099993565e-02
6.190999999999981620e-09
-1.391155514500001019e-03
-2.131333333588838135e-09
5.225661103500032351e-02
-2.000730000041304975e-07
6.190999999999979965e-09
-6.304407338999992727e-02
4.409875300500003953e-03
-2.000729999876090670e-07
-2.000730000041304975e-07
1.888093061166669362e-02
3.757403333308479377e-07
1.802133333333334555e-08
-1.944189999876090350e-07
-6.304406923099993565e-02
6.190999999999979965e-09
-1.373912436333336136e-03
5.945825113566677311e-02
3.227666666666599996e-09
-1.944190000041304656e-07
6.190999999999981620e-09
-6.304407338999992727e-02
1.391155514500001019e-03
2.131333333418470776e-09
5.225661103500032351e-02
-1.773136028833332059e-02
6.414833333287650566e-07
1.272386666666668613e-07
3.138299445200001120e-02
-2.694329999836729913e-07
-2.694330000054305148e-07
1.275350419666662063e-03
5.687530157150023913e-02
-4.177666666666654412e-09
-2.545934999836729595e-07
-5.749886202499996518e-02
3.908000000012232500e-09
1.086079999999998963e-07
-5.867666666666655813e-09
5.339758605750036941e-02
-2.545935000054304831e-07
3.908000000012235809e-09
-5.729863051099996774e-02
3.138299445200001120e-02
-2.545934999836729595e-07
-2.545935000054304831e-07
-1.773136028833332059e-02
6.414833333196283239e-07
-1.272386666666668613e-07
-2.694329999836729913e-07
-5.749886202499996518e-02
3.908000000012235809e-09
1.275350419666652956e-03
5.687530157150023913e-02
4.177666666666638695e-09
-2.694330000054305148e-07
3.908000000012232500e-09
-5.729863051099996774e-02
-1.086079999999998963e-07
5.867666666666642579e-09
5.339758605750036941e-02
-9.148102311000007314e-02
6.155769999928561047e-07
2.028096666666677436e-07
9.238984718499983206e-02
-2.694654999785686090e-07
-2.694655000071469713e-07
6.141019999928563645e-07
2.518285898016671409e-02
-1.839999999999883269e-10
-3.012394999785685334e-07
-2.427961165699997134e-02
3.613333333306972051e-10
2.020708333333344240e-07
-1.856999999999884089e-10
2.481209250966671248e-02
-3.012395000071468957e-07
3.613333333306893986e-10
-2.432215684999996380e-02
9.238984718499983206e-02
-3.012394999785685334e-07
-3.012395000071468957e-07
-9.148102311000007314e-02
6.155769999785689882e-07
-2.028096666666677436e-07
-2.694654999785686090e-07
-2.427961165699997134e-02
3.613333333306893986e-10
6.141019999785692480e-07
2.518285898016671409e-02
1.839999999999634856e-10
-2.694655000071469713e-07
3.613333333306972051e-10
-2.432215684999996380e-02
-2.020708333333344240e-07
1.856999999999636711e-10
2.481209250966671248e-02
3.104964932703683012e+00
-7.223076769993535444e-04
5.525336666666670072e-06
-2.803167119805997753e+00
9.003903999417533978e-06
9.003904000194153077e-06
-1.917485433269427303e-05
-3.741012812858332537e-01
-3.488416666666645345e-07
8.308333999417533792e-06
3.676174457610001944e-01
-7.180904999999987366e-07
5.952382333333335563e-06
-2.144839999999986799e-07
-3.622491237139998654e-01
8.308334000194152891e-06
-7.180904999999989483e-07
3.676174354130000710e-01
-2.803167119805997753e+00
8.308333999417533792e-06
8.308334000194152891e-06
3.104964932703683012e+00
-7.223076769997796359e-04
-5.525336666666670072e-06
9.003903999417533978e-06
3.676174457610001944e-01
-7.180904999999989483e-07
-1.917485433312033399e-05
-3.741012812858332537e-01
3.488416666666652227e-07
9.003904000194153077e-06
-7.180904999999987366e-07
3.676174354130000710e-01
-5.952382333333335563e-06
2.144839999999993946e-07
-3.622491237139998654e-01
9.795165490160376853e-01
-2.550424534157988052e-04
-2.493812080054894770e-04
-9.740172287900015213e-01
2.289738999818452345e-06
2.289739000060515303e-06
-4.291637725308239393e-02
-1.719915069987251743e-02
-1.497675264820960241e-07
2.730333999818452063e-06
1.428014115300000123e-02
-1.365089999999998097e-07
-2.959243658100543448e-02
-1.531325607558060075e-07
-1.944843163799992239e-02
2.730334000060515021e-06
-1.365089999999997039e-07
1.428013407999999956e-02
-9.740172287900015213e-01
2.730333999818452063e-06
2.730334000060515021e-06
9.795165490160376853e-01
-2.550424534159208864e-04
2.493812080054894770e-04
2.289738999818452345e-06
1.428014115300000123e-02
-1.365089999999997039e-07
-4.291637725308251189e-02
-1.719915069987251049e-02
1.497675264820655045e-07
2.289739000060515303e-06
-1.365089999999998097e-07
1.428013407999999956e-02
2.959243658100543448e-02
1.531325607521819770e-07
-1.944843163799992239e-02
-9.244363101011465050e-03
3.019728358597713803e-07
-8.034983118390475998e-08
1.005464907100001547e-02
-1.448884999865038608e-07
-1.448885000045070961e-07
-1.252712381497472945e-03
6.381331127184480811e-02
8.600353414651503839e-09
-1.474659999865038585e-07
-6.341408292100006450e-02
8.804999999991379220e-09
-3.758419968497840342e-03
9.131984461545983350e-09
6.506785561650019201e-02
-1.474660000045070938e-07
8.804999999991379220e-09
-6.355443714899994267e-02
1.005464907100001547e-02
-1.474659999865038585e-07
-1.474660000045070938e-07
-9.244363101011386988e-03
3.019728313103188277e-07
8.034983118390530261e-08
-1.448884999865038608e-07
-6.341408292100006450e-02
8.804999999991379220e-09
-1.252712381502022474e-03
6.381331127184472485e-02
-8.600353414646499397e-09
-1.448885000045070961e-07
8.804999999991379220e-09
-6.355443714899994267e-02
3.758419968497840342e-03
-9.131984227501394832e-09
6.506785561650019201e-02
-9.419654870066684893e-02
6.839679999920332321e-07
2.184425000000012759e-07
9.644618446399992606e-02
-3.484504999757769627e-07
-3.484505000080748054e-07
6.727366666586999924e-07
3.588320357316671788e-02
-4.865166666666674630e-09
-3.407774999757769177e-07
-3.542002193699999441e-02
5.839999999999565209e-10
2.210301666666680887e-07
-6.938499999999997908e-09
3.505488105683338129e-02
-3.407775000080747605e-07
5.839999999999583820e-10
-3.542001711300000327e-02
9.644618446399992606e-02
-3.407774999757769177e-07
-3.407775000080747605e-07
-9.419654870066684893e-02
6.839679999761030835e-07
-2.184425000000012759e-07
-3.484504999757769627e-07
-3.542002193699999441e-02
5.839999999999583820e-10
6.727366666427698438e-07
3.588320357316671788e-02
4.865166666666647333e-09
-3.484505000080748054e-07
5.839999999999565209e-10
-3.542001711300000327e-02
-2.210301666666680887e-07
6.938499999999970611e-09
3.505488105683338129e-02
-8.503311951466671625e-02
5.526446666603035175e-07
1.842371666666829342e-07
8.651251477600004069e-02
-2.454244999803076504e-07
-2.454245000065587896e-07
5.574273333269701722e-07
1.888718169483335346e-02
-2.505613486666644443e-04
-2.751719999803075401e-07
-2.068920973700002705e-02
1.715000000056541954e-10
1.868541666666829106e-07
-2.505612953888868553e-04
2.015992254616660873e-02
-2.751720000065586793e-07
1.715000000056469059e-10
-2.059640645900003009e-02
8.651251477600004069e-02
-2.751719999803075401e-07
-2.751720000065586793e-07
-8.503311951466671625e-02
5.526446666475769533e-07
-1.842371666667136127e-07
-2.454244999803076504e-07
-2.068920973700002705e-02
1.715000000056469059e-10
5.574273333142436080e-07
1.888718169483335346e-02
2.505613486666644443e-04
-2.454245000065587896e-07
1.715000000056541954e-10
-2.059640645900003009e-02
-1.868541666667135891e-07
2.505612953888868553e-04
2.015992254616660873e-02
1.619368759436042415e+00
-8.863442048918992400e-06
2.582035998077437810e-06
-1.621923831099999713e+00
4.109457999682622159e-06
4.109458000105792196e-06
-9.079049382252324770e-06
-1.101656708473819773e-01
-1.210173743530473668e-07
4.548799999682622229e-06
1.057938983070000893e-01
-3.121344999999994655e-07
3.027406997112635782e-06
-1.817480480951353089e-07
-1.065282133575005952e-01
4.548800000105792266e-06
-3.121344999999993597e-07
1.057939185870000326e-01
-1.621923831099999713e+00
4.548799999682622229e-06
4.548800000105792266e-06
1.619368759436042415e+00
-8.863442049130799765e-06
-2.582035998077437810e-06
4.109457999682622159e-06
1.057938983070000893e-01
-3.121344999999993597e-07
-9.079049382464130441e-06
-1.101656708473819773e-01
1.210173743530476845e-07
4.109458000105792196e-06
-3.121344999999994655e-07
1.057939185870000326e-01
-3.027406997112635782e-06
1.817480480951356794e-07
-1.065282133575005952e-01
1.621923831099994162e+00
-8.946418333014398631e-06
2.696636999999989526e-06
-1.621923831099999713e+00
4.285694499681340549e-06
4.285694500106218205e-06
-9.097699999681060912e-06
-1.141073599003333133e-01
-8.097666666666582145e-08
4.548799999681341515e-06
1.127694816225001395e-01
-1.550194999999994778e-07
3.032499999999990024e-06
-1.518849999999995366e-07
-1.092818886873339612e-01
4.548800000106219171e-06
-1.550194999999993984e-07
1.127695049444999847e-01
-1.621923831099999713e+00
4.548799999681341515e-06
4.548800000106219171e-06
1.621923831099994162e+00
-8.946418333227000512e-06
-2.696636999999989526e-06
4.285694499681340549e-06
1.127694816225001395e-01
-1.550194999999993984e-07
-9.097699999893662793e-06
-1.141073599003333133e-01
8.097666666666615232e-08
4.285694500106218205e-06
-1.550194999999994778e-07
1.127695049444999847e-01
-3.032499999999990024e-06
1.518849999999999072e-07
-1.092818886873339612e-01
2.087284631795194023e-01
-9.876891327017556265e-07
2.505150052720518239e-07
-2.478839267209996811e-01
4.033224999654134781e-07
4.033225000115281223e-07
-3.162314239879937539e-02
5.957718771564648325e-02
2.330394332603900202e-08
5.669269999654141938e-07
-5.960660001599997482e-02
1.593200000000002977e-08
-3.137138302566044867e-02
3.071547529306466799e-08
5.818090150950012279e-02
5.669270000115287850e-07
1.593200000000006947e-08
-5.960657066999997672e-02
-2.478839267209996811e-01
5.669269999654141938e-07
5.669270000115287850e-07
2.087284631795194023e-01
-9.876891326537847626e-07
-2.505150052720518239e-07
4.033224999654134781e-07
-5.960660001599997482e-02
1.593200000000006947e-08
-3.162314239879932681e-02
5.957718771564646937e-02
-2.330394332603908474e-08
4.033225000115281223e-07
1.593200000000002977e-08
-5.960657066999997672e-02
3.137138302566044867e-02
-3.071547528297485784e-08
5.818090150950012279e-02
-9.006200662750020458e-02
6.643873333258400709e-07
2.281113333333346100e-07
8.620267290199999655e-02
-3.400144999775475955e-07
-3.400145000074773988e-07
9.440502963333261390e-04
3.228581178150002201e-02
-8.624999999999961427e-09
-3.354259999775477791e-07
-3.602301338699998023e-02
4.224500000006820974e-09
2.191580000000012535e-07
-8.928083333333289914e-09
3.531400929383335385e-02
-3.354260000074775824e-07
4.224500000006822628e-09
-3.591089929899996674e-02
8.620267290199999655e-02
-3.354259999775477791e-07
-3.354260000074775824e-07
-9.006200662750020458e-02
6.643873333108567993e-07
-2.281113333333346100e-07
-3.400144999775475955e-07
-3.602301338699998023e-02
4.224500000006822628e-09
9.440502963333110686e-04
3.228581178150002201e-02
8.624999999999933303e-09
-3.400145000074773988e-07
4.224500000006820974e-09
-3.591089929899996674e-02
-2.191580000000012535e-07
8.928083333333263444e-09
3.531400929383335385e-02
-7.736273523583328537e-02
4.518693333276028019e-07
1.543156666666668066e-07
7.111041202800008620e-02
-2.290429999838935047e-07
-2.290430000053689398e-07
4.494509999942698939e-07
1.624251224333330898e-02
2.763333333333363082e-10
-2.297684999838936524e-07
-1.656981962500000266e-02
1.639999999999718524e-10
1.640056666666667299e-07
2.811333333333339962e-09
1.583610685183337377e-02
-2.297685000053690875e-07
1.639999999999716973e-10
-1.656981965500000861e-02
7.111041202800008620e-02
-2.297684999838936524e-07
-2.297685000053690875e-07
-7.736273523583328537e-02
4.518693333161394286e-07
-1.543156666666668066e-07
-2.290429999838935047e-07
-1.656981962500000266e-02
1.639999999999716973e-10
4.494509999828065206e-07
1.624251224333330898e-02
-2.763333333333551783e-10
-2.290430000053689398e-07
1.639999999999718524e-10
-1.656981965500000861e-02
-1.640056666666667299e-07
-2.811333333333360228e-09
1.583610685183337377e-02
3.248625584342184069e+00
-1.950309199932633551e-05
5.893758000000007955e-06
-2.984896856529998477e+00
8.152950999387002931e-06
8.152951000204332126e-06
-2.002056666599300372e-05
-4.188793007193332696e-01
-4.096299999999962902e-07
9.143785999387001043e-06
3.521016787790002822e-01
-2.546749999999991223e-07
6.632271666666673730e-06
-3.989403333333296873e-07
-4.202889479373332349e-01
9.143786000204330239e-06
-2.546749999999988047e-07
3.521016670680001126e-01
-2.984896856529998477e+00
9.143785999387001043e-06
9.143786000204330239e-06
3.248625584342184069e+00
-1.950309199977547642e-05
-5.893758000000007955e-06
8.152950999387002931e-06
3.521016787790002822e-01
-2.546749999999988047e-07
-2.002056666644214464e-05
-4.188793007193332696e-01
4.096299999999969784e-07
8.152951000204332126e-06
-2.546749999999991223e-07
3.521016670680001126e-01
-6.632271666666673730e-06
3.989403333333304814e-07
-4.202889479373332349e-01
-4.942726203733318474e-02
6.571239999936310023e-07
1.768936666666669708e-07
6.741989434800006731e-02
-3.322639999772817722e-07
-3.322640000075729939e-07
3.657603789999936826e-04
5.458829154233350855e-02
-1.130233333333336658e-08
-3.248819999772817132e-07
-5.625351137900010123e-02
7.707499999999969920e-09
-5.049998016666661365e-05
-8.962333333336465420e-09
5.381623668700014768e-02
-3.248820000075729348e-07
7.707499999999971575e-09
-5.625333075400005406e-02
6.741989434800006731e-02
-3.248819999772817132e-07
-3.248820000075729348e-07
-4.942726203733318474e-02
6.571239999808927914e-07
-1.768936666666669708e-07
-3.322639999772817722e-07
-5.625351137900010123e-02
7.707499999999971575e-09
3.657603789999809975e-04
5.458829154233350855e-02
1.130233333333334507e-08
-3.322640000075729939e-07
7.707499999999969920e-09
-5.625333075400005406e-02
5.049998016666661365e-05
8.962333333342649422e-09
5.381623668700014768e-02
-9.124763216933308441e-02
6.081263333258353295e-07
2.040348333333344010e-07
8.034608836400000675e-02
-3.024099999792175894e-07
-3.024100000069277959e-07
9.440341399999920219e-04
3.122050765133334987e-02
-2.892333333333336270e-09
-2.879679999792176246e-07
-3.278935684300000181e-02
3.595999999999967730e-09
2.181518333333341297e-07
-9.722666666666684377e-09
3.299424300550005823e-02
-2.879680000069278310e-07
3.595999999999971039e-09
-3.278935399000001971e-02
8.034608836400000675e-02
-2.879679999792176246e-07
-2.879680000069278310e-07
-9.124763216933308441e-02
6.081263333108373407e-07
-2.040348333333344010e-07
-3.024099999792175894e-07
-3.278935684300000181e-02
3.595999999999971039e-09
9.440341399999770599e-04
3.122050765133334987e-02
2.892333333333311041e-09
-3.024100000069277959e-07
3.595999999999967730e-09
-3.278935399000001971e-02
-2.181518333333341297e-07
9.722666666666657907e-09
3.299424300550005823e-02
-9.289610626083311118e-02
6.078596666594459050e-07
2.104768333333341089e-07
8.415938437700004604e-02
-2.928019999799587541e-07
-2.928020000066807378e-07
6.223176666594463644e-07
2.506593046866666119e-02
3.840999999999997800e-09
-2.908534999799588078e-07
-2.494126833200002724e-02
3.573333333332976680e-10
2.095863333333341183e-07
-1.090999999999994888e-09
2.564736013199988077e-02
-2.908535000066807915e-07
3.573333333332981850e-10
-2.494126769000003241e-02
8.415938437700004604e-02
-2.908534999799588078e-07
-2.908535000066807915e-07
-9.289610626083311118e-02
6.078596666449996522e-07
-2.104768333333341089e-07
-2.928019999799587541e-07
-2.494126833200002724e-02
3.573333333332981850e-10
6.223176666450001116e-07
2.506593046866666119e-02
-3.841000000000023442e-09
-2.928020000066807378e-07
3.573333333332976680e-10
-2.494126769000003241e-02
-2.095863333333341183e-07
1.090999999999969246e-09
2.564736013199988077e-02
-7.781401857816677703e-02
5.445363333273505104e-07
1.841000000000008610e-07
8.758339047800006716e-02
-2.605624999800514358e-07
-2.605625000066499115e-07
5.044409999940175754e-07
1.989589029666668715e-02
-2.145166666666663757e-09
-2.850724999800512231e-07
-2.101318145900003126e-02
1.563333333333028082e-10
1.579393333333340264e-07
-1.625999999999997694e-09
2.032283121683326615e-02
-2.850725000066496988e-07
1.563333333332968111e-10
-2.101318152300002753e-02
8.758339047800006716e-02
-2.850724999800512231e-07
-2.850725000066496988e-07
-7.781401857816677703e-02
5.445363333153844759e-07
-1.841000000000008610e-07
-2.605624999800514358e-07
-2.101318145900003126e-02
1.563333333332968111e-10
5.044409999820515410e-07
1.989589029666668715e-02
2.145166666666641009e-09
-2.605625000066499115e-07
1.563333333333028082e-10
-2.101318152300002753e-02
-1.579393333333340264e-07
1.625999999999978462e-09
2.032283121683326615e-02
1.005575491292482582e+00
-4.888621211187128268e-06
1.212089657320555883e-06
-1.021137708958001822e+00
2.261862499808138377e-06
2.261862500063953762e-06
-1.776202773421119499e-02
-2.724051307848463291e-02
-2.549997110915183143e-07
2.765304499808137969e-06
2.330673003600000279e-02
-1.786605000000000003e-07
-1.035611745767648501e-02
-2.670407665417497929e-07
-2.681298352399995311e-02
2.765304500063953354e-06
-1.786604999999998944e-07
2.330672851400000106e-02
-1.021137708958001822e+00
2.765304499808137969e-06
2.765304500063953354e-06
1.005575491292482582e+00
-4.888621211313611463e-06
-1.212089657320555883e-06
2.261862499808138377e-06
2.330673003600000279e-02
-1.786604999999998944e-07
-1.776202773421132336e-02
-2.724051307848463291e-02
2.549997110915184731e-07
2.261862500063953762e-06
-1.786605000000000003e-07
2.330672851400000106e-02
1.035611745767648501e-02
2.670407665404815728e-07
-2.681298352399995311e-02
9.219484176333343772e-03
9.283666666008521089e-08
2.558799999999994431e-08
4.667523635000002911e-03
-1.333764999885287154e-07
-1.333765000038238276e-07
6.776643799999349427e-05
4.504606677400013748e-02
-5.107999999999990219e-09
-1.452839999885287047e-07
-5.777958633799999688e-02
1.494199999999997921e-08
6.752222433333330371e-05
-1.245499999998756551e-08
4.585612565866687557e-02
-1.452840000038238169e-07
1.494199999999997260e-08
-5.777958738999995625e-02
4.667523635000002911e-03
-1.452839999885287047e-07
-1.452840000038238169e-07
9.219484176333343772e-03
9.283666666447270921e-08
-2.558799999999994431e-08
-1.333764999885287154e-07
-5.777958633799999688e-02
1.494199999999997260e-08
6.776643799999788529e-05
4.504606677400013748e-02
5.107999999999993528e-09
-1.333765000038238276e-07
1.494199999999997921e-08
-5.777958738999995625e-02
-6.752222433333330371e-05
1.245499999999583567e-08
4.585612565866687557e-02
-3.160198244999974215e-03
3.795339999973038567e-07
7.156000000000001345e-08
1.795739239499995199e-02
-2.299394999876834717e-07
-2.299395000041055876e-07
5.108529966666407863e-05
4.084681424916686288e-02
6.776000000000023750e-09
-2.363819999876833786e-07
-4.909119042700003238e-02
1.476919999999997584e-08
-5.057096166666645701e-05
-5.332000000003093027e-09
4.236748050700017004e-02
-2.363820000041054946e-07
1.476919999999997584e-08
-4.909119174699998200e-02
1.795739239499995199e-02
-2.363819999876833786e-07
-2.363820000041054946e-07
-3.160198244999974215e-03
3.795339999919145037e-07
-7.156000000000001345e-08
-2.299394999876834717e-07
-4.909119042700003238e-02
1.476919999999997584e-08
5.108529966665869150e-05
4.084681424916686288e-02
-6.776000000000032849e-09
-2.299395000041055876e-07
1.476919999999997584e-08
-4.909119174699998200e-02
5.057096166666645701e-05
5.332000000009286128e-09
4.236748050700017004e-02
-4.993612112950052140e-02
4.953369281713442441e-07
1.559083330199669348e-07
5.765012421799998316e-02
-2.909214999816591977e-07
-2.909215000060701578e-07
1.751853059483802547e-05
3.734997100566728179e-02
-1.253038990905589575e-09
-3.031309999816591589e-07
-4.219172075400006577e-02
6.419400000043236297e-09
-1.672069966877311314e-05
-8.420685009352868592e-09
3.886979673550021441e-02
-3.031310000060701190e-07
6.419400000043234643e-09
-4.148512534600003882e-02
5.765012421799998316e-02
-3.031309999816591589e-07
-3.031310000060701190e-07
-4.993612112950052140e-02
4.953369281606547942e-07
-1.559083330199669348e-07
-2.909214999816591977e-07
-4.219172075400006577e-02
6.419400000043234643e-09
1.751853059482733592e-05
3.734997100566728179e-02
1.253038990905570343e-09
-2.909215000060701578e-07
6.419400000043236297e-09
-4.148512534600003882e-02
1.672069966877311314e-05
8.420685009354915037e-09
3.886979673550021441e-02
-9.348504033400004132e-02
6.058153333260686342e-07
2.017336666666678205e-07
9.210729767999982498e-02
-2.666669999784906719e-07
-2.666670000071664958e-07
6.164643333260683479e-07
2.515527153566670879e-02
-1.212999999999988677e-09
-3.065554999784904933e-07
-2.498697550399997871e-02
2.644000000039945451e-10
2.040741666666678143e-07
-1.213699999999988685e-09
2.537113769316672041e-02
-3.065555000071663173e-07
2.644000000039848257e-10
-2.492124200599997105e-02
9.210729767999982498e-02
-3.065554999784904933e-07
-3.065555000071663173e-07
-9.348504033400004132e-02
6.058153333115393722e-07
-2.017336666666678205e-07
-2.666669999784906719e-07
-2.498697550399997871e-02
2.644000000039848257e-10
6.164643333115390859e-07
2.515527153566670879e-02
1.212999999999964068e-09
-2.666670000071664958e-07
2.644000000039945451e-10
-2.492124200599997105e-02
-2.040741666666678143e-07
1.213699999999963663e-09
2.537113769316672041e-02
3.633434116789016954e+00
-1.927973633258274290e-05
6.108287666666666144e-06
-3.640530310355996502e+00
7.718152499265387091e-06
7.718152500244855333e-06
-2.129351066591605551e-05
-4.527759186360009180e-01
-2.884716666666650070e-07
1.082690499926539032e-05
3.584558221064997885e-01
-2.634534999999993488e-07
7.227464666666685431e-06
-3.016139999999984284e-07
-4.365788901776684883e-01
1.082690500024485857e-05
-2.634534999999985547e-07
3.584558221064997885e-01
-3.640530310355996502e+00
1.082690499926539032e-05
1.082690500024485857e-05
3.633434116789016954e+00
-1.927973633308315980e-05
-6.108287666666666144e-06
7.718152499265387091e-06
3.584558221064997885e-01
-2.634534999999985547e-07
-2.129351066641647241e-05
-4.527759186360009180e-01
2.884716666666657482e-07
7.718152500244855333e-06
-2.634534999999993488e-07
3.584558221064997885e-01
-7.227464666666685431e-06
3.016139999999993284e-07
-4.365788901776684883e-01
1.019144288898334305e-01
-4.748676666497112425e-07
1.605179999999993202e-07
-1.079224400639999526e-01
2.179934999817959377e-07
2.179935000060683285e-07
-4.927193333163780257e-07
9.615112446666620669e-03
-7.572999999999972918e-09
2.716409999817960877e-07
-8.822613205500004149e-03
6.990000000000234356e-10
1.658933333333326430e-07
-6.032333333333301025e-09
8.376843669333307665e-03
2.716410000060685050e-07
6.990000000000366705e-10
-8.822613205500004149e-03
-1.079224400639999526e-01
2.716409999817960877e-07
2.716410000060685050e-07
1.019144288898334305e-01
-4.748676666610146325e-07
-1.605179999999993202e-07
2.179934999817959377e-07
-8.822613205500004149e-03
6.990000000000366705e-10
-4.927193333276814686e-07
9.615112446666620669e-03
7.572999999999992770e-09
2.179935000060683285e-07
6.990000000000234356e-10
-8.822613205500004149e-03
-1.658933333333326430e-07
6.032333333333321705e-09
8.376843669333307665e-03
3.053313787499998579e-03
-3.426533333523666141e-08
2.345966666666669350e-08
-4.956521050000004328e-03
3.659100000139017948e-08
3.659099999953779122e-08
-2.047900000190315824e-08
1.341388214516663416e-02
-1.990999999999995710e-09
1.035105000013901852e-07
-1.252441022500000445e-02
1.198150126687697920e-21
-7.027999999999984416e-09
-1.513333333333334725e-09
1.185992018666662956e-02
1.035104999995377771e-07
1.214540676982835247e-21
-1.250484921100000410e-02
-4.956521050000004328e-03
1.035105000013901852e-07
1.035104999995377771e-07
3.053313787499998579e-03
-3.426533333396785237e-08
-2.345966666666669350e-08
3.659100000139017948e-08
-1.252441022500000445e-02
1.214540676982835247e-21
-2.047900000063435251e-08
1.341388214516663416e-02
1.990999999999998605e-09
3.659099999953779122e-08
1.198150126687697920e-21
-1.250484921100000410e-02
7.027999999999984416e-09
1.513333333333333898e-09
1.185992018666662956e-02
-2.216375379333329967e-03
6.886133333242698783e-08
2.356000000000009649e-08
2.717423636999995347e-03
-1.465899999708872702e-08
-1.465900000096921822e-08
4.189066666576043250e-08
1.257991029566668355e-02
-4.089999999999985876e-10
2.564500000291128766e-08
-1.313078552199999777e-02
5.695000000011935679e-10
1.527633333333338615e-08
-3.113333333333324133e-10
1.207887284300001272e-02
2.564499999903079150e-08
5.695000000012034940e-10
-1.311122450799999742e-02
2.717423636999995347e-03
2.564500000291128766e-08
2.564499999903079150e-08
-2.216375379333329967e-03
6.886133333061495937e-08
-2.356000000000009649e-08
-1.465899999708872702e-08
-1.313078552199999777e-02
5.695000000012034940e-10
4.189066666394841065e-08
1.257991029566668355e-02
4.089999999999956925e-10
-1.465900000096921822e-08
5.695000000011935679e-10
-1.311122450799999742e-02
-1.527633333333338615e-08
3.113333333333305522e-10
1.207887284300001272e-02
-3.140555937916677393e-02
1.994853333309295847e-07
6.659200000000001820e-08
2.949566634000004572e-02
-1.016779999931308463e-07
-1.016780000022896812e-07
2.038266666642629262e-07
7.847050856833334698e-03
8.296666666666707293e-10
-1.019954999931308358e-07
-7.898103416999995366e-03
-1.243252245687024338e-23
6.796466666666672376e-08
4.161635574422510565e-24
7.860558015000003104e-03
-1.019955000022896707e-07
-1.251028752857308811e-23
-7.898103416999995366e-03
2.949566634000004572e-02
-1.019954999931308358e-07
-1.019955000022896707e-07
-3.140555937916677393e-02
1.994853333261225139e-07
-6.659200000000001820e-08
-1.016779999931308463e-07
-7.898103416999995366e-03
-1.251028752857308811e-23
2.038266666594558554e-07
7.847050856833334698e-03
-8.296666666666788977e-10
-1.016780000022896812e-07
-1.243252245687024338e-23
-7.898103416999995366e-03
-6.796466666666672376e-08
-1.248490672326753096e-23
7.860558015000003104e-03
3.144837407499683213e+00
-1.814520233267803031e-05
5.765578666666665560e-06
-3.471781039261498503e+00
7.981988499292848806e-06
7.981988500235693038e-06
-2.044199966601135656e-05
-4.226645173390007337e-01
-2.299299999999989626e-07
1.068538549929285426e-05
3.776681954469995883e-01
-2.634564999999992728e-07
6.432609999999999895e-06
-3.153856666666641851e-07
-4.224381444506682959e-01
1.068538550023569849e-05
-2.634564999999986375e-07
3.776681954469995883e-01
-3.471781039261498503e+00
1.068538549929285426e-05
1.068538550023569849e-05
3.144837407499683213e+00
-1.814520233311492313e-05
-5.765578666666665560e-06
7.981988499292848806e-06
3.776681954469995883e-01
-2.634564999999986375e-07
-2.044199966644824937e-05
-4.226645173390007337e-01
2.299299999999996773e-07
7.981988500235693038e-06
-2.634564999999992728e-07
3.776681954469995883e-01
-6.432609999999999895e-06
3.153856666666649792e-07
-4.224381444506682959e-01
8.777842228436715244e-01
-4.242574333158560975e-06
1.300827333333331019e-06
-8.172296722149988701e-01
1.928902999837658245e-06
1.928903000054115397e-06
-5.065333666491901215e-06
-7.365938646033358406e-02
-9.514566666666641638e-08
2.355774999837658840e-06
6.652406467699992221e-02
-1.701169999999998020e-07
1.736299333333331201e-06
-6.325799999999967878e-08
-7.049978783166691021e-02
2.355775000054115992e-06
-1.701169999999996962e-07
6.652406467699992221e-02
-8.172296722149988701e-01
2.355774999837658840e-06
2.355775000054115992e-06
8.777842228436715244e-01
-4.242574333275079674e-06
-1.300827333333331019e-06
1.928902999837658245e-06
6.652406467699992221e-02
-1.701169999999996962e-07
-5.065333666608419914e-06
-7.365938646033358406e-02
9.514566666666657520e-08
1.928903000054115397e-06
-1.701169999999998020e-07
6.652406467699992221e-02
-1.736299333333331201e-06
6.325799999999989054e-08
-7.049978783166691021e-02
4.359825699666676491e-02
-2.316373333273942369e-07
7.313166666666690495e-08
-3.889071778699997733e-02
1.110469999949522147e-07
1.110470000016825003e-07
-2.256123333273944725e-07
1.126936884083334228e-02
-7.354333333333320241e-09
9.046599999495222385e-08
-1.141214104799999698e-02
-3.499999999999851429e-10
6.423566666666688935e-08
-1.390399999999999169e-08
1.123548020616668870e-02
9.046600000168253589e-08
-3.499999999999902611e-10
-1.141214104799999698e-02
-3.889071778699997733e-02
9.046599999495222385e-08
9.046600000168253589e-08
4.359825699666676491e-02
-2.316373333313533748e-07
-7.313166666666690495e-08
1.110469999949522147e-07
-1.141214104799999698e-02
-3.499999999999902611e-10
-2.256123333313536103e-07
1.126936884083334228e-02
7.354333333333329340e-09
1.110470000016825003e-07
-3.499999999999851429e-10
-1.141214104799999698e-02
-6.423566666666688935e-08
1.390399999999999996e-08
1.123548020616668870e-02
-2.186241334666654337e-02
1.775889999979741780e-07
5.950766666666666331e-08
2.602052691800003231e-02
-9.041999999312968766e-08
-9.042000000229019017e-08
1.752143333313075274e-07
1.120515565800003777e-02
3.643793675403048953e-24
-9.839649999312970618e-08
-1.138001764600000444e-02
-1.058483659856367005e-23
5.763366666666659637e-08
3.529044270322937899e-24
1.097367231583337363e-02
-9.839650000229020868e-08
-1.253851563727233569e-23
-1.138001764600000444e-02
2.602052691800003231e-02
-9.839649999312970618e-08
-9.839650000229020868e-08
-2.186241334666654337e-02
1.775889999939245929e-07
-5.950766666666666331e-08
-9.041999999312968766e-08
-1.138001764600000444e-02
-1.253851563727233569e-23
1.752143333272579423e-07
1.120515565800003777e-02
-1.093138102620914612e-23
-9.042000000229019017e-08
-1.058483659856367005e-23
-1.138001764600000444e-02
-5.763366666666659637e-08
-1.058713281096881223e-23
1.097367231583337363e-02
-3.097586612033323417e-02
1.997399999976952636e-07
6.551666666666674048e-08
3.000973701800003710e-02
-7.950399999329519994e-08
-7.950400000223503713e-08
1.986379999976952316e-07
6.652997123166650394e-03
-2.363333333333293119e-10
-1.036444999932950977e-07
-6.489914473000002286e-03
-8.258252609621587123e-24
6.566766666666669995e-08
4.020984889540435675e-24
6.581584603333316165e-03
-1.036445000022349349e-07
-1.417096982061769791e-23
-6.489914473000002286e-03
3.000973701800003710e-02
-1.036444999932950977e-07
-1.036445000022349349e-07
-3.097586612033323417e-02
1.997399999930870338e-07
-6.551666666666674048e-08
-7.950399999329519994e-08
-6.489914473000002286e-03
-1.417096982061769791e-23
1.986379999930870018e-07
6.652997123166650394e-03
2.363333333333212986e-10
-7.950400000223503713e-08
-8.258252609621587123e-24
-6.489914473000002286e-03
-6.566766666666669995e-08
-1.206295466862130629e-23
6.581584603333316165e-03
1.383145661699817897e+00
-8.011171932420860909e-06
2.530103999049778781e-06
-1.383145661699999973e+00
3.129922999722004939e-06
3.129923000092666557e-06
-8.091918932420863610e-06
-1.598056754578199845e-01
-8.514669490196400312e-08
3.790445999722006069e-06
1.301950192685002450e-01
-7.895249999999968740e-08
2.691599998798489470e-06
-1.076640300375503537e-07
-1.555299652379995567e-01
3.790446000092666840e-06
-7.895249999999950211e-08
1.301950192685002450e-01
-1.383145661699999973e+00
3.790445999722006069e-06
3.790446000092666840e-06
1.383145661699817897e+00
-8.011171933295027709e-06
-2.530103999049778781e-06
3.129922999722004939e-06
1.301950192685002450e-01
-7.895249999999950211e-08
-8.091918933295027023e-06
-1.598056754578199845e-01
8.514669490196543249e-08
3.129923000092666557e-06
-7.895249999999968740e-08
1.301950192685002450e-01
-2.691599998798489046e-06
1.076640300375519022e-07
-1.555299652379995567e-01
1.383145661699997753e+00
-8.020868666383274985e-06
2.574963999999993410e-06
-1.383145661699999973e+00
3.446284999720375100e-06
3.446285000093210204e-06
-8.074699999716608990e-06
-1.598056754579995353e-01
-5.823066666666620130e-08
3.996240999720377090e-06
1.390680812970002955e-01
-4.037399999999961759e-08
2.691599999999991729e-06
-7.177599999999951722e-08
-1.582022919759995538e-01
3.996241000093211347e-06
-4.037399999999948525e-08
1.390680812970002955e-01
-1.383145661699999973e+00
3.996240999720377090e-06
3.996241000093211347e-06
1.383145661699997753e+00
-8.020868666572232789e-06
-2.574963999999993410e-06
3.446284999720375100e-06
1.390680812970002955e-01
-4.037399999999948525e-08
-8.074699999905566794e-06
-1.598056754579995353e-01
5.823066666666651232e-08
3.446285000093210204e-06
-4.037399999999961759e-08
1.390680812970002955e-01
-2.691599999999991729e-06
7.177599999999984809e-08
-1.582022919759995538e-01
1.866795402174989682e-01
-8.946609999655555838e-07
2.923466666666674157e-07
-1.918072521960000609e-01
4.268834999648976963e-07
4.268835000117014017e-07
-9.872669999655566713e-07
-8.172250401666734639e-04
-1.388666666666661003e-08
5.169104999648975269e-07
-7.163121510000003541e-04
2.312000000000046610e-09
3.328300000000009494e-07
-1.148466666666660281e-08
-1.237949282166673397e-03
5.169105000117013912e-07
2.312000000000068944e-09
-7.163121510000003541e-04
-1.918072521960000609e-01
5.169104999648975269e-07
5.169105000117013912e-07
1.866795402174989682e-01
-8.946609999885172706e-07
-2.923466666666674157e-07
4.268834999648976963e-07
-7.163121510000003541e-04
2.312000000000068944e-09
-9.872669999885184639e-07
-8.172250401666734639e-04
1.388666666666664477e-08
4.268835000117014017e-07
2.312000000000046610e-09
-7.163121510000003541e-04
-3.328300000000009494e-07
1.148466666666664417e-08
-1.237949282166673397e-03
-2.185105307699988092e-02
1.648116666646533466e-07
5.612699999999989107e-08
2.423525920800002897e-02
-8.371049999361796447e-08
-8.371050000212738981e-08
1.721349999979866019e-07
1.101451302766670755e-02
3.436787544787167752e-24
-9.051299999361794879e-08
-1.050715222400000481e-02
1.449999999999901676e-10
5.732433333333326080e-08
3.510103066496125237e-24
1.054031968816670529e-02
-9.051300000212737413e-08
1.449999999999885133e-10
-1.050715222400000481e-02
2.423525920800002897e-02
-9.051299999361794879e-08
-9.051300000212737413e-08
-2.185105307699988092e-02
1.648116666606284842e-07
-5.612699999999989107e-08
-8.371049999361796447e-08
-1.050715222400000481e-02
1.449999999999885133e-10
1.721349999939617395e-07
1.101451302766670755e-02
-1.031036263436150399e-23
-8.371050000212738981e-08
1.449999999999901676e-10
-1.050715222400000481e-02
-5.732433333333326080e-08
-1.053030919948837498e-23
1.054031968816670529e-02
-2.892131600733343841e-02
1.808329999979249698e-07
5.981999999999993612e-08
2.906327276699998893e-02
-7.786299999371749093e-08
-7.786300000209422326e-08
1.770969999979250481e-07
4.965185570666686213e-03
3.662918576249729598e-24
-1.000254999937173825e-07
-5.137330202000002510e-03
1.573999999999991876e-09
6.016933333333323764e-08
3.684309073674834689e-24
4.753324793333354482e-03
-1.000255000020941148e-07
1.573999999999986293e-09
-5.137330202000002510e-03
2.906327276699998893e-02
-1.000254999937173825e-07
-1.000255000020941148e-07
-2.892131600733343841e-02
1.808329999937750643e-07
-5.981999999999993612e-08
-7.786299999371749093e-08
-5.137330202000002510e-03
1.573999999999986293e-09
1.770969999937751425e-07
4.965185570666686213e-03
-1.098875572874918733e-23
-7.786300000209422326e-08
1.573999999999991876e-09
-5.137330202000002510e-03
-6.016933333333323764e-08
-1.105292722102450260e-23
4.753324793333354482e-03
3.555547337127018093e+00
-1.836052866593557999e-05
5.778371666666665693e-06
-3.529276291551998401e+00
8.763679999276001052e-06
8.763680000241310292e-06
-2.245577466593555647e-05
-4.244943818880007047e-01
-2.072779999999986616e-07
1.048134149927600294e-05
4.119032346214995255e-01
-2.230874999999990785e-07
7.051403000000017604e-06
-2.072779999999985292e-07
-4.175463450023348955e-01
1.048134150024131218e-05
-2.230874999999986550e-07
4.119032346214995255e-01
-3.529276291551998401e+00
1.048134149927600294e-05
1.048134150024131218e-05
3.555547337127018093e+00
-1.836052866642299324e-05
-5.778371666666665693e-06
8.763679999276001052e-06
4.119032346214995255e-01
-2.230874999999986550e-07
-2.245577466642296972e-05
-4.244943818880007047e-01
2.072779999999993762e-07
8.763680000241310292e-06
-2.230874999999990785e-07
4.119032346214995255e-01
-7.051403000000017604e-06
2.072779999999994027e-07
-4.175463450023348955e-01
8.819656023500016540e-03
5.001233333307905209e-08
1.406533333333333977e-08
-1.443220062300001535e-02
-2.209300000017409641e-08
-2.209299999994191343e-08
1.079233333307914327e-08
1.296974089700004759e-02
-5.259999999999991142e-10
-1.749550000017411761e-08
-1.348424601499999438e-02
2.716999999999997545e-09
-6.179999999999923858e-10
-1.460000000000000904e-10
1.241359821933337576e-02
-1.749549999994193463e-08
2.716999999999998372e-09
-1.348424601499999612e-02
-1.443220062300001535e-02
-1.749550000017411761e-08
-1.749549999994193463e-08
8.819656023500016540e-03
5.001233333257080585e-08
-1.406533333333333977e-08
-2.209300000017409641e-08
-1.348424601499999438e-02
2.716999999999998372e-09
1.079233333257090365e-08
1.296974089700004759e-02
5.259999999999973564e-10
-2.209299999994191343e-08
2.716999999999997545e-09
-1.348424601499999612e-02
6.179999999999923858e-10
1.460000000000001679e-10
1.241359821933337576e-02
-2.051485006283327445e-02
1.655273333314310361e-07
5.668099999999988399e-08
2.115345373000000750e-02
-6.513399999414929804e-08
-6.513400000195020678e-08
1.672499999980977415e-07
1.054245042000002096e-02
3.470710261123549303e-24
-7.324349999414929531e-08
-1.069619062000001265e-02
-7.480050801150800769e-24
5.519566666666657812e-08
3.379759825506873840e-24
1.056775655533334635e-02
-7.324350000195020406e-08
-9.466305444604892365e-24
-1.069619062000001265e-02
2.115345373000000750e-02
-7.324349999414929531e-08
-7.324350000195020406e-08
-2.051485006283327445e-02
1.655273333276276199e-07
-5.668099999999988399e-08
-6.513399999414929804e-08
-1.069619062000001265e-02
-9.466305444604892365e-24
1.672499999942943253e-07
1.054245042000002096e-02
-1.041213078337064717e-23
-6.513400000195020678e-08
-7.480050801150800769e-24
-1.069619062000001265e-02
-5.519566666666657812e-08
-1.013927947652062152e-23
1.056775655533334635e-02
-2.747503285599991671e-02
1.969093333311087229e-07
6.630266666666637443e-08
2.547261377900001192e-02
-6.478499999373008421e-08
-6.478500000208988912e-08
1.992016666644420703e-07
8.845525474333334678e-03
4.059867425413344609e-24
-7.668149999373010077e-08
-8.658853615000015533e-03
-7.205423756348502988e-24
6.435299999999974252e-08
3.940484773276465515e-24
8.903309187333341423e-03
-7.668150000208990568e-08
-1.011922588556994946e-23
-8.658853615000015533e-03
2.547261377900001192e-02
-7.668149999373010077e-08
-7.668150000208990568e-08
-2.747503285599991671e-02
1.969093333266607411e-07
-6.630266666666637443e-08
-6.478499999373008421e-08
-8.658853615000015533e-03
-1.011922588556994946e-23
1.992016666599940885e-07
8.845525474333334678e-03
-1.217960227624003236e-23
-6.478500000208988912e-08
-7.205423756348502988e-24
-8.658853615000015533e-03
-6.435299999999974252e-08
-1.182145431982939434e-23
8.903309187333341423e-03
-3.081728316899990869e-02
1.960109999977244930e-07
6.458266666666676666e-08
2.999467080799999782e-02
-7.360699999330226427e-08
-7.360700000223064004e-08
1.960706666643911656e-07
6.334770800333318699e-03
3.954547800686695956e-24
-9.066199999330212151e-08
-6.466564898000000047e-03
2.038735228840992668e-21
6.538566666666669782e-08
4.003717369672458071e-24
6.295601921666652348e-03
-9.066200000223049729e-08
2.034557958609113679e-21
-6.433139665999999118e-03
2.999467080799999782e-02
-9.066199999330212151e-08
-9.066200000223049729e-08
-3.081728316899990869e-02
1.960109999931746555e-07
-6.458266666666676666e-08
-7.360699999330226427e-08
-6.466564898000000047e-03
2.034557958609113679e-21
1.960706666598413281e-07
6.334770800333318699e-03
-1.186364340206008640e-23
-7.360700000223064004e-08
2.038735228840992668e-21
-6.433139665999999118e-03
-6.538566666666669782e-08
-1.201115210901737274e-23
6.295601921666652348e-03
8.177625681520046541e-01
-4.279558999835667985e-06
1.373566333333332898e-06
-7.554933824529987962e-01
1.855134999849443224e-06
1.855135000050187491e-06
-5.153398333169007912e-06
-7.685648432600022950e-02
-4.831099999999973691e-08
2.233474999849443527e-06
6.410802141999993875e-02
-1.150784999999997953e-07
1.586621999999999105e-06
-4.926299999999970467e-08
-7.389511434100019815e-02
2.233475000050187794e-06
-1.150784999999997159e-07
6.410802176549994236e-02
-7.554933824529987962e-01
2.233474999849443527e-06
2.233475000050187794e-06
8.177625681520046541e-01
-4.279558999945227461e-06
-1.373566333333332898e-06
1.855134999849443224e-06
6.410802141999993875e-02
-1.150784999999997159e-07
-5.153398333278567389e-06
-7.685648432600022950e-02
4.831099999999990234e-08
1.855135000050187491e-06
-1.150784999999997953e-07
6.410802176549994236e-02
-1.586621999999999105e-06
4.926299999999989657e-08
-7.389511434100019815e-02
1.364570923083329931e-02
-5.944766666633527305e-08
2.911066666666672868e-08
-1.824117098900000442e-02
4.344449999886836631e-08
4.344450000037724963e-08
-8.777999999966871337e-08
1.184191129599991912e-02
-1.983999999999994390e-09
3.294699999886831483e-08
-1.208068939000000834e-02
5.963203275291221639e-24
8.760666666666743327e-09
-1.790333333333331390e-09
1.165178321616658873e-02
3.294700000037719815e-08
3.392057320454084868e-24
-1.208068939000000834e-02
-1.824117098900000442e-02
3.294699999886831483e-08
3.294700000037719815e-08
1.364570923083329931e-02
-5.944766666655616998e-08
-2.911066666666672868e-08
4.344449999886836631e-08
-1.208068939000000834e-02
3.392057320454084868e-24
-8.777999999988961692e-08
1.184191129599991912e-02
1.983999999999998112e-09
4.344450000037724963e-08
5.963203275291221639e-24
-1.208068939000000834e-02
-8.760666666666743327e-09
1.790333333333332424e-09
1.165178321616658873e-02
1.027789644149998578e-02
9.514666666658945663e-08
2.726833333333340843e-08
-1.685659808999992373e-03
3.250000001891314293e-09
3.249999999369014785e-09
-2.223466666674367154e-08
1.153624049033325979e-02
9.916666666666683087e-10
-2.002249999810869400e-08
-1.198147383400000911e-02
-5.504679287089067893e-22
-1.668666666666654287e-09
1.185333333333333376e-09
1.099960363966660283e-02
-2.002250000063099599e-08
-5.561680472355924701e-22
-1.199049343000000920e-02
-1.685659808999992373e-03
-2.002249999810869400e-08
-2.002250000063099599e-08
1.027789644149998578e-02
9.514666666643534957e-08
-2.726833333333340843e-08
3.250000001891314293e-09
-1.198147383400000911e-02
-5.561680472355924701e-22
-2.223466666689777198e-08
1.153624049033325979e-02
-9.916666666666716174e-10
3.249999999369014785e-09
-5.504679287089067893e-22
-1.199049343000000920e-02
1.668666666666654494e-09
-1.185333333333333169e-09
1.099960363966660283e-02
-2.810108750000001737e-03
1.350233333324464237e-07
4.056933333333343932e-08
3.402265963500003543e-03
-3.844049999718313834e-08
-3.844050000093947138e-08
6.539933333244639531e-08
1.167585768916659314e-02
6.900000000000024770e-10
-3.714649999718315336e-08
-1.193186605600000602e-02
-5.570778067265215754e-22
2.345733333333337517e-08
8.836666666666681647e-10
1.174439584633325991e-02
-3.714650000093948640e-08
-5.567608681349115975e-22
-1.194088565200000611e-02
3.402265963500003543e-03
-3.714649999718315336e-08
-3.714650000093948640e-08
-2.810108750000001737e-03
1.350233333306724191e-07
-4.056933333333343932e-08
-3.844049999718313834e-08
-1.193186605600000602e-02
-5.567608681349115975e-22
6.539933333067236421e-08
1.167585768916659314e-02
-6.900000000000074400e-10
-3.844050000093947138e-08
-5.570778067265215754e-22
-1.194088565200000611e-02
-2.345733333333337517e-08
-8.836666666666710598e-10
1.174439584633325991e-02
-3.078262847400011284e-02
2.011683333309665391e-07
6.774033333333335222e-08
2.966029209100004560e-02
-9.853199999310091512e-08
-9.853200000229967969e-08
2.011566666642997356e-07
7.866378934166667891e-03
4.147899119492072529e-24
-1.016964999931009168e-07
-7.896455509999993766e-03
-1.187292010203179234e-23
6.676999999999996857e-08
4.088483338953436794e-24
7.808097272166658956e-03
-1.016965000022996813e-07
-1.264799906119323468e-23
-7.896455509999993766e-03
2.966029209100004560e-02
-1.016964999931009168e-07
-1.016965000022996813e-07
-3.078262847400011284e-02
2.011683333262333719e-07
-6.774033333333335222e-08
-9.853199999310091512e-08
-7.896455509999993766e-03
-1.264799906119323468e-23
2.011566666595665685e-07
7.866378934166667891e-03
-1.244369735847621612e-23
-9.853200000229967969e-08
-1.187292010203179234e-23
-7.896455509999993766e-03
-6.676999999999996857e-08
-1.226545001686030891e-23
7.808097272166658956e-03
3.034431954404538168e+00
-1.629517075680037802e-05
5.416624666189343473e-06
-3.338675721871005475e+00
9.281890999324798257e-06
9.281891000225074001e-06
-2.967818880377565693e-01
-2.788748846387084090e-01
-2.070612487014713312e-08
9.640483999324801076e-06
3.369790686250004885e-01
-4.099999999888527132e-11
4.577027000246188512e-06
1.067889448520617616e-08
-2.796519049456672734e-01
9.640484000225076820e-06
-4.099999999879744154e-11
3.369790686760002485e-01
-3.338675721871005475e+00
9.640483999324801076e-06
9.640484000225076820e-06
3.444903621055634524e+00
-1.535146870054079736e-05
-5.079390992684870563e-06
9.281890999324798257e-06
3.369790686250004885e-01
-4.099999999879744154e-11
-1.079143268232035657e+00
-2.707309611461373722e-01
3.491206430403301588e-08
9.281891000225074001e-06
-4.099999999888527132e-11
3.369790686760002485e-01
1.093655892292650478e+00
-1.934465278590356984e-07
-2.621902777886672697e-01
4.305878855992267135e-02
5.216560331271604870e-07
-1.483839999999999343e-07
-1.047248714699999979e-02
-4.333150339083963582e-09
4.339853727343457262e-07
5.481233664604939566e-07
8.725244408157757647e-02
-1.073521047746469204e-14
-2.079601027442467946e-09
-9.773297495625005160e-02
-3.837032224999342711e-05
-1.334893334475216276e-07
1.578323675714651704e-09
8.777397685833299157e-02
4.150066267272986445e-07
-3.837032224998648822e-05
-9.773297495625003772e-02
-1.047248714699999979e-02
-2.079601027442467946e-09
4.150066267272986445e-07
2.102134043200001856e-02
5.280203333211590299e-07
-1.485923333333336980e-07
-4.333150339083963582e-09
-9.773297495625005160e-02
-3.837032224998648822e-05
5.367899019999878034e-04
8.729549119949998881e-02
1.794999999999972812e-09
4.339853727343457262e-07
-3.837032224999342711e-05
-9.773297495625003772e-02
-2.023213333333337683e-07
3.083333333332962862e-10
8.751468873633302947e-02
9.761601439074314712e-02
8.363687661356369092e-07
-2.488129999999935341e-07
1.402583928600001882e-02
-3.043504999816081183e-07
-3.161145000061116684e-07
-4.948292166123394176e-02
7.627226513892307325e-02
-5.269659916939769895e-14
-2.865219999816079531e-07
-8.609686105949997115e-02
1.926190674796700445e-20
-3.992402800599893775e-02
-8.455589141483719295e-09
7.770642446999979913e-02
-3.041680000061116084e-07
1.926519296518782111e-20
-8.578162842849997027e-02
1.402583928600001882e-02
-2.865219999816079531e-07
-3.041680000061116084e-07
1.336298952191706801e-01
7.986424502966358119e-07
-2.759919993309983176e-07
-3.043504999816081183e-07
-8.609686105949997115e-02
1.926519296518782111e-20
-6.639058975721605360e-02
7.786354868199546475e-02
5.937697762790499823e-09
-3.161145000061116684e-07
1.926190674796700445e-20
-8.578162842849997027e-02
-5.601859222266557942e-02
1.180996947813350176e-08
7.969714669799975171e-02
2.120906508077618213e-01
9.077651318805162140e-07
-2.247103333332477444e-07
1.956664811000002197e-02
-3.324389999828459978e-07
-3.324390000056991055e-07
-9.391371540486767588e-02
6.700873913507116031e-02
-1.957963091591158301e-13
-2.875609999828458787e-07
-7.381695885550004776e-02
3.113000000019258733e-09
-5.029619128864780409e-02
-4.382445823919326633e-08
6.682455624433326913e-02
-2.875610000056989865e-07
3.113000000019269486e-09
-7.350172622050005211e-02
1.956664811000002197e-02
-2.875609999828458787e-07
-2.875610000056989865e-07
7.444650062991309269e-02
8.132711225874235656e-07
-2.965453327518739832e-07
-3.324389999828459978e-07
-7.381695885550004776e-02
3.113000000019269486e-09
-4.019168166821083382e-02
6.676915135742017560e-02
5.613697382464429615e-09
-3.324390000056991055e-07
3.113000000019258733e-09
-7.350172622050005211e-02
-3.527411857199935080e-02
9.267316114609072755e-09
6.742828043666658500e-02
-1.056798681756591640e-01
8.644389605169101307e-07
2.466506666664966978e-07
1.072628131309998206e-01
-3.064109999744120644e-07
-3.928115000085293273e-07
8.684459605169103068e-07
3.384806754149202734e-02
-2.894338234610451079e-13
-3.826669999744123470e-07
-3.203064802699997354e-02
-4.872670608858483770e-23
2.447933333331647172e-07
-2.872543236227787481e-13
3.358497147050004683e-02
-4.194350000085294333e-07
-5.828669701311127833e-23
-3.203064802699997354e-02
1.072628131309998206e-01
-3.826669999744123470e-07
-4.194350000085294333e-07
-1.035720173432047170e-01
7.755876474201631890e-07
-2.418323333332798648e-07
-3.064109999744120644e-07
-3.203064802699997354e-02
-5.828669701311127833e-23
7.642919807534969576e-07
3.161037919137103802e-02
1.604828149357974944e-13
-3.928115000085293273e-07
-4.872670608858483770e-23
-3.203064802699997354e-02
-2.419706666666134168e-07
1.605746145823824639e-13
3.242828293566676207e-02
2.971107205038917787e+00
-1.713782230147798996e-05
4.964670005627113142e-06
-3.632519155999005989e+00
8.141397499281693536e-06
8.141397500239396420e-06
-3.227119873443015652e-01
-2.894899995399190518e-01
2.440928855488230277e-07
1.054442399928169322e-05
2.777864126435004022e-01
-3.636500000044885720e-09
-1.971131887332791890e-02
2.354447409100752386e-07
-2.886494084955008588e-01
1.054442400023939610e-05
-3.636500000044297181e-09
2.770395025135003464e-01
-3.632519155999005989e+00
1.054442399928169322e-05
1.054442400023939610e-05
3.259480713333149815e+00
-1.474783013522719563e-05
-4.762919098845472917e-06
8.141397499281693536e-06
2.777864126435004022e-01
-3.636500000044297181e-09
-1.090546053485469846e+00
-2.700348043958202271e-01
-1.971566923500243929e-02
8.141397500239396420e-06
-3.636500000044885720e-09
2.770395025135003464e-01
1.110243598127291120e+00
-3.146858793530283513e-07
-2.403734248208341251e-01
6.207236629553349871e-01
-3.504618666561777268e-06
7.447379999999986581e-07
-8.465185178570001634e-01
-1.948195500145471155e-06
-1.948195499951653500e-06
-9.335246896333349031e-02
4.979716085449980428e-02
-2.401999999999862872e-09
-1.964166500145470075e-06
-5.459484796900007653e-02
3.101999999554849279e-09
5.130829999999990100e-07
-2.401999999999905472e-09
4.566716614199992086e-02
-1.964166499951652419e-06
3.101999999554845143e-09
-5.701684512800007931e-02
-8.465185178570001634e-01
-1.964166500145470075e-06
-1.964166499951652419e-06
6.355835495350804498e-01
-2.493594300173471723e-06
6.224161005670351142e-07
-1.948195500145471155e-06
-5.459484796900007653e-02
3.101999999554845143e-09
-4.149138611463341203e-02
5.588059558058751375e-02
5.186169247016109846e-03
-1.948195499951653500e-06
3.101999999554849279e-09
-5.701684512800007931e-02
-4.148802676338910617e-02
8.817488127296817167e-08
5.167241421449993155e-02
-6.496261040734209458e-02
7.878009499544323325e-07
-2.890833333333321467e-07
3.035841776899999428e-02
-3.512064999782261601e-07
3.239254999927973060e-07
7.728212832877661590e-07
8.397738646384196592e-02
-3.214850395490403285e-14
-2.810254999782258574e-07
-8.817411525200011257e-02
-5.795999999999923323e-09
-2.949786666666652121e-07
-3.280411472566956268e-14
8.558900008549985561e-02
2.789574999927971379e-07
-5.795999999999927459e-09
-8.727317000350011400e-02
3.035841776899999428e-02
-2.810254999782258574e-07
2.789574999927971379e-07
-6.302733138514328426e-02
7.699917464082451666e-07
-2.655233329221888850e-07
-3.512064999782261601e-07
-8.817411525200011257e-02
-5.795999999999927459e-09
7.579770797415785700e-07
8.331081531297652998e-02
3.264700105925654871e-09
3.239254999927973060e-07
-5.795999999999923323e-09
-8.727317000350011400e-02
-2.859829995888551843e-07
3.264702682558316247e-09
8.587225531316654281e-02
-1.094819125341090771e-01
8.410469494799023194e-07
2.834879999999896805e-07
1.179330125399999235e-01
-3.022629999701127450e-07
-4.453450000099521823e-07
1.220419095282815423e-03
4.670382959110878224e-02
-7.572824400302987921e-14
-3.515799999701125771e-07
-4.476843309850009334e-02
1.023671102874743097e-20
-8.127858706668829964e-04
-6.858802392479755159e-10
4.680799645599991593e-02
-4.755420000099519332e-07
1.022814413452898373e-20
-4.460027046550009422e-02
1.179330125399999235e-01
-3.515799999701125771e-07
-4.755420000099519332e-07
-1.070042123951907703e-01
8.453022288693704909e-07
-2.767869985863918516e-07
-3.022629999701127450e-07
-4.476843309850009334e-02
1.022814413452898373e-20
8.228602288693700838e-07
4.294638588335719653e-02
7.493385548674996596e-09
-4.453450000099521823e-07
1.023671102874743097e-20
-4.460027046550009422e-02
-2.769223322604235186e-07
5.687385574205404491e-09
4.385356049733324380e-02
-9.371867772750072656e-02
4.720266182134596475e-07
2.209079999999970439e-07
9.848103605000012306e-02
-1.157366424244033810e-07
-4.182878201506794341e-07
5.920642848801264697e-07
2.648273132150082143e-02
-3.502622195199752544e-14
-1.285479702946906944e-07
-2.678575587599998920e-02
-4.409528800000152293e-05
5.186336588989304101e-03
-6.767032321366311153e-08
2.593898656666653035e-02
-4.721305481944924851e-07
-4.409528800000152293e-05
-2.671961294399998604e-02
9.848103605000012306e-02
-1.285479702946906944e-07
-4.721305481944924851e-07
-9.852989997947775302e-02
6.172100733519717358e-07
-2.183623330910863203e-07
-1.157366424244033810e-07
-2.678575587599998920e-02
-4.409528800000152293e-05
6.234704066853049769e-07
2.659528555764427080e-02
8.200645067233475382e-10
-4.182878201506794341e-07
-4.409528800000152293e-05
-2.671961294399998604e-02
-2.209716664244194449e-07
8.200652775501699995e-10
2.625573404133320007e-02
1.493030318217279495e+00
-6.655978474895967673e-06
2.310704999574939905e-06
-1.523521663120001701e+00
3.899092999715890418e-06
3.899093000094699646e-06
-7.755008808229324059e-06
-1.819415734243778199e-02
-1.085142384539970712e-08
3.998287999715889898e-06
2.308381835799996895e-02
4.714309081986735445e-22
2.590558666708087789e-06
2.493357623231860082e-03
-1.721207784883328762e-02
3.998288000094699126e-06
4.957266760469208583e-22
2.308381841799997045e-02
-1.523521663120001701e+00
3.998287999715889898e-06
3.998288000094699126e-06
9.441169097251916886e-01
-5.191972277148291723e-03
5.184096213001767282e-03
3.899092999715890418e-06
2.308381835799996895e-02
4.957266760469208583e-22
-3.215428851994809878e-01
5.838371294479899852e-03
8.005720179532758257e-09
3.899093000094699646e-06
4.714309081986735445e-22
2.308381841799997045e-02
3.290190049749924239e-01
-6.655046530466256047e-08
-1.647696957916665317e-02
1.411089616416622006e+00
-7.128449960994885278e-06
2.389230333007634895e-06
-1.523521663120001701e+00
3.899092999715424550e-06
3.899093000094854653e-06
-3.630989233062752869e-02
-2.459232402727971889e-02
-1.412805507923508181e-08
3.998287999715424030e-06
2.561705226699996507e-02
4.714312755923438167e-22
1.869021666812722023e-06
6.335623579869076241e-09
-2.130092410766658631e-02
3.998288000094854133e-06
4.957270434405911305e-22
2.561705233299996221e-02
-1.523521663120001701e+00
3.998287999715424030e-06
3.998288000094854133e-06
9.757868854756196475e-01
-5.192275715157392176e-03
5.183898041331142653e-03
3.899092999715424550e-06
2.561705226699996507e-02
4.957270434405911305e-22
-3.267291898271565409e-01
-7.886497584281330908e-03
-1.101686845661058814e-08
3.899093000094854653e-06
4.714312755923438167e-22
2.561705233299996221e-02
3.342050806233232141e-01
-7.859592296820448396e-08
-2.163348144133325768e-02
1.685777339745118120e-01
-4.782864306332790183e-08
4.129866666666650999e-08
-1.219111818819999943e-01
9.609699999529223406e-08
9.609700000156906583e-08
-1.608146430633292684e-07
9.507878725665525055e-02
2.168177509299785481e-15
-1.139500000470762925e-08
-9.628392389100014215e-02
1.835139352039122959e-23
2.841166670870151772e-08
-8.006651750558789449e-10
9.347027000433354160e-02
-1.139499999843075943e-08
-7.976553225078499452e-24
-9.628392388600014173e-02
-1.219111818819999943e-01
-1.139500000470762925e-08
-1.139499999843075943e-08
1.316369973951672379e-01
-6.493466665987641002e-08
4.957133333333328395e-08
9.609699999529223406e-08
-9.628392389100014215e-02
-7.976553225078499452e-24
-8.042366665987684736e-08
9.467244682949978174e-02
9.106106204419964107e-24
9.609700000156906583e-08
1.835139352039122959e-23
-9.628392388600014173e-02
7.847666666666629537e-09
-8.006666666666652459e-10
9.299906664466686679e-02
-1.139371413221498541e-01
8.473694461084057637e-07
2.825699999999896984e-07
1.185275633849999788e-01
-3.081889999700093503e-07
-5.112105000099973680e-07
2.440015743779444524e-03
4.747512520964956156e-02
-7.548301835681282831e-14
-3.073919999700092672e-07
-4.473745391250009279e-02
-7.508526900579471031e-23
-1.219307297999956945e-03
3.257139652388079089e-10
4.753104521966662610e-02
-4.880940000099974005e-07
-7.079003467098045933e-23
-4.473745390850009107e-02
1.185275633849999788e-01
-3.073919999700092672e-07
-4.880940000099974005e-07
-1.129924984929517179e-01
8.327730705485206739e-07
-2.697959996338919149e-07
-3.081889999700093503e-07
-4.473745391250009279e-02
-7.079003467098045933e-23
3.864175124038817053e-04
4.442796030861814044e-02
1.940717563169557772e-09
-5.112105000099973680e-07
-7.508526900579471031e-23
-4.473745390850009107e-02
3.852818550005295364e-04
2.770983976558894972e-09
4.483445710099993181e-02
-8.953215780649656508e-02
5.451522499551657954e-07
1.965239999999984582e-07
9.007222891199989645e-02
-5.829585740049749180e-08
-3.777380690186834585e-07
5.414202499551656929e-07
2.215256774882940621e-02
-3.137408913135197855e-14
-6.967721979917370257e-08
-2.155832517919998789e-02
3.974400000078541468e-09
1.947716666666650878e-07
-3.109433774125285146e-14
2.162087015166667611e-02
-3.644070789504251839e-07
3.974400000078470330e-09
-2.155831458079999000e-02
9.007222891199989645e-02
-6.967721979917370257e-08
-3.644070789504251839e-07
-7.922774714584082667e-02
5.386355051128751449e-07
-1.815156659743434266e-07
-5.829585740049749180e-08
-2.155832517919998789e-02
3.974400000078470330e-09
5.321815051128747617e-07
2.125942605834055948e-02
2.206056965571337945e-09
-3.777380690186834585e-07
3.974400000078541468e-09
-2.155831458079999000e-02
-1.831736659743432950e-07
2.206057485906134170e-09
2.118299958050005871e-02
3.135425426775193536e+00
-1.786229597543986884e-05
5.787280335405744851e-06
-3.291291957975005289e+00
8.841379999336935875e-06
8.838134000221028815e-06
-2.531931333143083718e-01
-3.188117531948627126e-01
8.989653325174653083e-08
9.420763999336937035e-06
3.182930369865004105e-01
-5.259359999999989994e-07
4.439681668035829517e-06
5.939123098477909232e-08
-3.134153895556667790e-01
9.420764000221029368e-06
-5.259359999999988935e-07
3.182930370015003563e-01
-3.291291957975005289e+00
9.420763999336937035e-06
9.420764000221029368e-06
3.098215862670812282e+00
-1.541139302000085385e-05
-4.777815037900239785e-06
8.841379999336935875e-06
3.182930369865004105e-01
-5.259359999999988935e-07
-1.009626038866355158e+00
-2.745065887979846186e-01
-1.808783322196570044e-07
8.838134000221028815e-06
-5.259359999999989994e-07
3.182930370015003563e-01
1.029323400522270893e+00
-4.090846972073982400e-07
-2.784467025530001361e-01
3.456215208535306366e-02
9.027193172621835212e-07
-2.252559999999143857e-07
1.133501310700001374e-01
-4.530284999662233295e-07
-4.530285000112464129e-07
-5.046895912201605772e-02
6.432819942164677562e-02
-1.962717635709342786e-13
-4.642404999662232316e-07
-7.052269055850010626e-02
3.113000000012603651e-09
-2.556800740765698132e-02
-2.227810981681932938e-08
6.853977186099982633e-02
-4.642405000112463150e-07
3.113000000012600756e-09
-7.031596392350010494e-02
1.133501310700001374e-01
-4.642404999662232316e-07
-4.642405000112463150e-07
-1.073444711734757168e-01
9.225407101139202493e-07
-3.071353329302374076e-07
-4.530284999662233295e-07
-7.052269055850010626e-02
3.113000000012600756e-09
9.380420434472536193e-07
6.783665202164239350e-02
3.891698479363503920e-09
-4.530285000112464129e-07
3.113000000012603651e-09
-7.031596392350010494e-02
-3.101166662635705569e-07
3.891698788166312118e-09
6.784849573999984784e-02
-7.714511997596740223e-02
7.223107807612834456e-07
2.736233333333225572e-07
1.157396940120001549e-01
-3.062569999710445632e-07
-4.975090000095961801e-07
2.846357846447436328e-03
4.782925780680084837e-02
-7.309309230580830971e-14
-3.238034999710445146e-07
-4.188936661400001482e-02
4.920000000055960804e-09
-2.845332572999893089e-03
7.600746393424504872e-10
4.751147880366672627e-02
-4.956595000095960549e-07
4.920000000055959976e-09
-4.097429380800001603e-02
1.157396940120001549e-01
-3.238034999710445146e-07
-4.956595000095960549e-07
-9.974313673654293388e-02
7.709315184880918132e-07
-2.614749996906114260e-07
-3.062569999710445632e-07
-4.188936661400001482e-02
4.920000000055959976e-09
7.949605184880917698e-07
4.358113606504303295e-02
1.640049326762052210e-09
-4.975090000095961801e-07
4.920000000055960804e-09
-4.097429380800001603e-02
-2.676139994537950425e-07
2.895383818206052090e-09
4.261213274033334719e-02
-3.622923295159136137e-02
4.812559766761196158e-07
2.320623333333278405e-07
1.129340408830001447e-01
-2.753649999726185791e-07
-3.766070000091270500e-07
-1.849543903402327966e-02
3.876384407225785117e-02
-4.510876031412127492e-14
-2.986779999726186768e-07
-3.612593100749997288e-02
-5.089276949850126838e-23
1.930939737765959702e-02
-3.819773426491840531e-08
3.840383969766660716e-02
-3.904650000091270938e-07
-5.486595234139296585e-23
-3.612593100649997419e-02
1.129340408830001447e-01
-2.986779999726186768e-07
-3.904650000091270938e-07
-8.408921085926826522e-02
5.694145726895455172e-07
-2.421006665134496256e-07
-2.753649999726185791e-07
-3.612593100749997288e-02
-5.486595234139296585e-23
6.931055726895460919e-07
3.544522402676816147e-02
8.200452349504229788e-10
-3.766070000091270500e-07
-5.089276949850126838e-23
-3.612593100649997419e-02
-2.406546642004510935e-07
1.319937829810774933e-08
3.479616771933324165e-02
-5.866568156984457855e-02
4.088644341163063722e-07
2.046959999999976131e-07
9.803222316800011549e-02
-9.396494295494679369e-08
-4.194152456248454478e-07
5.851637674496409680e-07
2.621995182317771525e-02
-3.245571698936252871e-14
-1.197785589007997282e-07
-2.577712326749998992e-02
-4.409528800000325766e-05
2.023459945386525328e-07
-3.444436541644399449e-08
2.610421588299986079e-02
-4.634201689948503383e-07
-4.409528800000325766e-05
-2.571098033549998330e-02
9.803222316800011549e-02
-1.197785589007997282e-07
-4.634201689948503383e-07
-8.168429787075180692e-02
5.014378092740483137e-07
-2.141613330910866125e-07
-9.396494295494679369e-08
-2.577712326749998992e-02
-4.409528800000325766e-05
4.071482514759420385e-04
2.615449525058489294e-02
8.200632657000410145e-10
-4.194152456248454478e-07
-4.409528800000325766e-05
-2.571098033549998330e-02
-2.140619961650583062e-07
1.298172990302197530e-08
2.648520545066651924e-02
6.209861971193350039e-01
-3.482871999893711984e-06
8.543956666666650921e-07
-9.340858336390002181e-01
-2.057989000165352630e-06
-2.057988999944875883e-06
-3.078738145466661594e-02
4.244372773816650762e-02
-8.504333333333176683e-09
-2.257619500165353327e-06
-3.392564393200005191e-02
8.124999999997603621e-10
5.380736666666653914e-07
5.983333333334321832e-10
3.703119232033336150e-02
-2.257619499944876580e-06
8.124999999997114550e-10
-3.392564388500005773e-02
-9.340858336390002181e-01
-2.257619500165353327e-06
-2.257619499944876580e-06
5.731903453282138905e-01
-2.610527150208269575e-06
8.239303260640960003e-07
-2.057989000165352630e-06
-3.392564393200005191e-02
8.124999999997114550e-10
-4.454225242483537614e-03
5.220863383862096169e-02
1.297812817006804434e-08
-2.057988999944875883e-06
8.124999999997603621e-10
-3.392564388500005773e-02
-1.515482525367261094e-02
6.269080739229272825e-09
3.322968614400005627e-02
1.141730945741859793e-01
7.766941313858634291e-07
-2.398349999999233732e-07
2.347707423000000918e-02
-2.621849999811417791e-07
-3.067700000063110176e-07
-1.983557358353528477e-02
7.511213133064699454e-02
-3.841284640611917500e-13
-2.539644999811417618e-07
-7.918337444349987653e-02
1.323699999997519915e-08
-5.186262272666651921e-03
-5.177421149086047365e-10
7.558172171533313055e-02
-2.831185000063111052e-07
1.323699999997520577e-08
-7.958772031649988254e-02
2.347707423000000918e-02
-2.539644999811417618e-07
-2.831185000063111052e-07
1.817870011641604111e-01
7.239455493977831045e-07
-2.048409989784160362e-07
-2.621849999811417791e-07
-7.918337444349987653e-02
1.323699999997520577e-08
-4.071099115345055974e-02
7.675688336617303431e-02
9.067023079513514044e-09
-3.067700000063110176e-07
1.323699999997519915e-08
-7.958772031649988254e-02
-2.047631316433231458e-02
1.115440734487835421e-08
7.655917051933308626e-02
2.262930158357962518e-01
7.316403477813381773e-07
-9.063133333242766518e-08
1.941063636000000051e-02
-1.868769999842730729e-07
-1.868770000052671550e-07
-2.500511155065219746e-02
6.259793948786993023e-02
-1.078969579625106434e-12
-2.157854999842731758e-07
-6.620323452099993733e-02
2.206349999997522528e-08
-1.037226813066405989e-02
-7.478309873669691700e-09
6.150158417616658629e-02
-2.157855000052672580e-07
2.206349999997521536e-08
-6.660758039399994335e-02
1.941063636000000051e-02
-2.157854999842731758e-07
-2.157855000052672580e-07
1.674685901881936556e-01
4.745192169560556745e-07
-1.772790015022366311e-07
-1.868769999842730729e-07
-6.620323452099993733e-02
2.206349999997521536e-08
-3.525681098544963810e-02
6.014817004480628448e-02
-1.450331497099432326e-08
-1.868770000052671550e-07
2.206349999997522528e-08
-6.660758039399994335e-02
-1.529013166000258404e-02
-2.304260046175209159e-08
6.198547806566650359e-02
-4.632737612431121060e-02
7.725491352303643261e-07
2.088423323982514643e-07
8.715182690799989917e-02
-3.005349999736392072e-07
-4.665580000088121217e-07
-5.185407618531453003e-03
5.334696912364441518e-02
-1.560458484096751217e-09
-3.051419999736392696e-07
-5.635083918749995285e-02
1.424999999997517156e-08
3.170719976524420145e-07
-3.917523341758190923e-09
5.315180731383319090e-02
-3.754395000088121254e-07
1.424999999997518811e-08
-5.675518506049995193e-02
8.715182690799989917e-02
-3.051419999736392696e-07
-3.754395000088121254e-07
-1.342459983492377135e-02
7.268658260216556639e-07
-2.449709978962471689e-07
-3.005349999736392072e-07
-5.635083918749995285e-02
1.424999999997518811e-08
5.291991593549885110e-07
4.716367012475691789e-02
1.077471449711800400e-08
-4.665580000088121217e-07
1.424999999997517156e-08
-5.675518506049995193e-02
-2.333089981652362303e-07
9.397045553452347639e-09
4.838231219599985200e-02
-1.074486095271628694e-01
8.676038916811341260e-07
2.491996666664950089e-07
1.079730101529998154e-01
-3.054544999742960877e-07
-3.914020000085679763e-07
8.635248916811345035e-07
3.330783176616249064e-02
-2.924249640323344315e-13
-3.648444999742960921e-07
-3.195159863999998129e-02
-4.955909851811740359e-23
2.459593333331642394e-07
-2.886225738801833019e-13
3.375343432933338578e-02
-3.975125000085677715e-07
-5.431816782790287165e-23
-3.195159863999998129e-02
1.079730101529998154e-01
-3.648444999742960921e-07
-3.975125000085677715e-07
-1.072206466178502737e-01
7.872691254104575387e-07
-2.460086666666125428e-07
-3.054544999742960877e-07
-3.195159863999998129e-02
-5.431816782790287165e-23
7.872134587437912413e-07
3.213860586368326444e-02
1.632542794467888845e-13
-3.914020000085679763e-07
-4.955909851811740359e-23
-3.195159863999998129e-02
-2.441209993500491924e-07
9.794953349344951335e-10
3.193273381683340434e-02
3.098932640856670861e-01
-1.535659666648809431e-06
-5.018050000000016271e-07
-3.834007579580003822e-01
9.299059999312517774e-07
9.299060000229156713e-07
-1.525238333315475998e-06
1.837786694683325034e-02
4.618666666666635828e-09
1.085707499931251771e-06
-9.153942254999984651e-03
-3.749649999999988846e-08
-5.261830000000021118e-07
4.686666666666344426e-10
1.486955750666660130e-02
1.085707500022915771e-06
-3.749649999999985537e-08
-9.153942253999984222e-03
-3.834007579580003822e-01
1.085707499931251771e-06
1.085707500022915771e-06
3.101678145295003741e-01
-1.595639999981940265e-06
-5.236733333333354140e-07
9.299059999312517774e-07
-9.153942254999984651e-03
-3.749649999999985537e-08
-1.583973333315273851e-06
1.534301719716658560e-02
4.686666666666346494e-10
9.299060000229156713e-07
-3.749649999999988846e-08
-9.153942253999984222e-03
-5.275890000000021708e-07
7.029999999999677939e-10
1.478558305766658997e-02
-2.613885803766661381e-02
2.796353333300531568e-07
9.363099999999993361e-08
2.850786592599996797e-02
-1.432934999895732083e-07
-1.432935000034755866e-07
2.827069999967198566e-07
2.742911381266657442e-02
-1.312999999999994122e-09
-1.432399999895732139e-07
-2.825301890499999982e-02
-1.755166854197315456e-23
9.378699999999993845e-08
-1.868999999999994270e-09
2.760010144033321622e-02
-1.432400000034755921e-07
-1.753856482134220279e-23
-2.825301890499999635e-02
2.850786592599996797e-02
-1.432399999895732139e-07
-1.432400000034755921e-07
-2.157917169199995502e-02
2.804169999974499963e-07
5.892099999999994243e-08
-1.432934999895732083e-07
-2.825301890499999982e-02
-1.753856482134220279e-23
2.765133333307833590e-07
2.006471934616660749e-02
-2.913999999999996762e-09
-1.432935000034755866e-07
-1.755166854197315456e-23
-2.825301890499999635e-02
7.228866666666661080e-08
-4.648999999999994182e-09
2.630188091633321734e-02
-3.529206761199996101e-02
2.552063333299717490e-07
8.456800000000009922e-08
3.629054915599991271e-02
-1.404544999894376932e-07
-1.404545000035207541e-07
2.573176666633049707e-07
1.961585988916668410e-02
-1.242666666666661548e-09
-1.365064999894376899e-07
-2.120787168400000561e-02
-1.744190957269831490e-23
8.547000000000007646e-08
-1.242666666666661548e-09
1.987126704333333840e-02
-1.365065000035207508e-07
-1.647492846010092894e-23
-2.120787167500000348e-02
3.629054915599991271e-02
-1.365064999894376899e-07
-1.365065000035207508e-07
-2.887108181666661610e-02
2.524593333251512137e-07
-6.773233333333331668e-08
-1.404544999894376932e-07
-2.120787168400000561e-02
-1.647492846010092894e-23
2.548109999918177853e-07
1.567245354250001652e-02
3.453333333333320581e-09
-1.404545000035207541e-07
-1.744190957269831490e-23
-2.120787167500000348e-02
-6.893433333333335616e-08
3.041333333333320349e-09
1.943227059200002341e-02
-3.580791488366658060e-02
2.138039999967755837e-07
7.209966666666675384e-08
3.655160659999990430e-02
-1.179204999898867975e-07
-1.179205000033709532e-07
2.200136666634422154e-07
1.686075652700002106e-02
-8.976666666666622226e-10
-1.142899999898867969e-07
-1.850175629650001319e-02
-1.466260427813919028e-23
7.278433333333343365e-08
-5.526666666666621732e-10
1.717031459866668469e-02
-1.142900000033709526e-07
-1.377338823723477931e-23
-1.850175628350000934e-02
3.655160659999990430e-02
-1.142899999898867969e-07
-1.142900000033709526e-07
-3.279631956099994528e-02
2.162673333243477129e-07
-6.352533333333331083e-08
-1.179204999898867975e-07
-1.850175629650001319e-02
-1.377338823723477931e-23
2.155726666576811143e-07
1.612193142200001386e-02
2.002999999999988637e-09
-1.179205000033709532e-07
-1.466260427813919028e-23
-1.850175628350000934e-02
-6.631000000000001607e-08
1.657999999999987864e-09
1.698368477700003265e-02
-2.786092156866661410e-02
7.569999999778095522e-08
2.441166666666654876e-08
2.815257293999995705e-02
-3.568499999335012127e-08
-3.568500000221657099e-08
6.646199999778108122e-08
8.372649918000012181e-03
-2.533333333333183706e-11
-4.297099999335011782e-08
-8.047445726500008015e-03
-3.923890809517362052e-24
2.508866666666655873e-08
1.536237766410404777e-24
8.153274777166688927e-03
-4.297100000221656754e-08
-5.708446125318172222e-24
-8.047445724500008890e-03
2.815257293999995705e-02
-4.297099999335011782e-08
-4.297100000221656754e-08
-2.742814266499994658e-02
8.546399999345458285e-08
-3.099999999999995995e-08
-3.568499999335012127e-08
-8.047445726500008015e-03
-5.708446125318172222e-24
8.235133332678790274e-08
8.201009100000015636e-03
-5.694607616035184327e-24
-3.568500000221657099e-08
-3.923890809517362052e-24
-8.047445724500008890e-03
-3.164066666666662958e-08
-5.812296173433245562e-24
8.069384060666691047e-03
3.639444609301675793e-01
-1.630914999978490567e-06
-5.501966666666692647e-07
-3.961612287600004834e-01
9.656339999288979397e-07
9.656340000237010436e-07
-1.971577999978499896e-06
1.279179567116661177e-02
1.291866666666663240e-08
1.071464999928897003e-06
-9.098154827999985206e-03
1.080000000001117746e-10
-6.014513333333364165e-07
1.632199999999996245e-08
1.293860780099994126e-02
1.071465000023700107e-06
1.080000000001377016e-10
-9.098154827999985206e-03
-3.961612287600004834e-01
1.071464999928897003e-06
1.071465000023700107e-06
3.554245440655006694e-01
-1.644033999979001355e-06
-5.514696666666696759e-07
9.656339999288979397e-07
-9.098154827999985206e-03
1.080000000001377016e-10
-1.889348999979007916e-06
1.260630528649994350e-02
4.149999999999966024e-09
9.656340000237010436e-07
1.080000000001117746e-10
-9.098154827999985206e-03
-5.781916666666698539e-07
4.149999999999964369e-09
1.308227673699994403e-02
5.622906099266681418e-02
-7.843999998751075358e-09
-8.675999999999961354e-09
-6.605024247749989585e-02
7.360149999447416782e-08
7.360150000184196479e-08
-8.150099999875150953e-08
3.583313204766649940e-02
-5.312517814701194564e-25
1.075979999944745212e-07
-3.596895254499997419e-02
6.931898893816055646e-24
-2.738999999999999909e-08
4.686666666666650483e-10
3.603850988599981153e-02
1.075980000018423182e-07
1.525863987515930708e-23
-3.596895254499997419e-02
-6.605024247749989585e-02
1.075979999944745212e-07
1.075980000018423182e-07
5.562471269816686437e-02
-1.595699999885428062e-08
-7.213999999999962887e-09
7.360149999447416782e-08
-3.596895254499997419e-02
1.525863987515930708e-23
-7.157599999885467099e-08
3.691362416966650906e-02
7.029999999999996403e-10
7.360150000184196479e-08
6.931898893816055646e-24
-3.596895254499997419e-02
-1.867066666666660674e-08
1.405999999999998660e-09
3.592252007066647906e-02
-3.336988995100004241e-02
2.944149999964879165e-07
9.724833333333339383e-08
3.407051592599994599e-02
-1.457654999892087697e-07
-1.457655000035926861e-07
2.948166666631547651e-07
2.400554620933328248e-02
5.954743006954079498e-24
-1.467759999892087905e-07
-2.467446110299997830e-02
4.437563367522837251e-21
9.826333333333340656e-08
-3.243333333333273536e-10
2.421130654299995938e-02
-1.467760000035927070e-07
4.437315866404891166e-21
-2.460169967299997984e-02
3.407051592599994599e-02
-1.467759999892087905e-07
-1.467760000035927070e-07
-6.965830353333330588e-03
2.935023333289693527e-07
-5.696100000000006914e-08
-1.457654999892087697e-07
-2.467446110299997830e-02
4.437315866404891166e-21
2.942486666623026941e-07
1.679709890916667586e-02
1.314333333333322694e-09
-1.457655000035926861e-07
4.437563367522837251e-21
-2.460169967299997984e-02
-3.964033333333336529e-08
9.843333333333261085e-10
2.281040257433329319e-02
-3.346580853049992144e-02
9.678766666388040168e-08
3.449266666666655479e-08
3.439371035999991277e-02
-4.242849999156852325e-08
-4.242850000281043055e-08
1.010363333305470994e-07
1.203154989533328743e-02
2.112066691369490247e-24
-4.979299999156850956e-08
-1.150483510450001079e-02
-4.744740942946945321e-24
3.293933333333321814e-08
2.016952456635712145e-24
1.202738981599996322e-02
-4.979300000281041686e-08
-6.548523213338506774e-24
-1.150483509950001038e-02
3.439371035999991277e-02
-4.979299999156850956e-08
-4.979300000281041686e-08
-3.342417802149991873e-02
8.681199999174392692e-08
-2.955766666666657380e-08
-4.242849999156852325e-08
-1.150483510450001079e-02
-6.548523213338506774e-24
8.350199999174393235e-08
1.151794823833329241e-02
-5.429655281039645053e-24
-4.242850000281043055e-08
-4.744740942946945321e-24
-1.150483509950001038e-02
-3.143333333333322437e-08
-5.774209657979749617e-24
1.157510275949996670e-02
-2.483361570400007684e-02
7.099866666471640317e-08
2.198333333333334159e-08
2.310295274500002646e-02
-2.477249999455636638e-08
-2.477250000181456193e-08
6.473599999804960551e-08
7.021690943666678356e-03
1.346090940062799612e-24
-3.275849999455637913e-08
-6.530878094000003471e-03
-2.544754816666684571e-24
2.060266666666668320e-08
1.261549489361661086e-24
6.897007476000016450e-03
-3.275850000181457799e-08
-4.500760684219087248e-24
-6.530878094000003471e-03
2.310295274500002646e-02
-3.275849999455637913e-08
-3.275850000181457799e-08
-2.420579771433341645e-02
7.645699999429627302e-08
-2.396366666666666281e-08
-2.477249999455636638e-08
-6.530878094000003471e-03
-4.500760684219087248e-24
6.853599999429611891e-08
6.845889560333350866e-03
-4.402054151875117335e-24
-2.477250000181456193e-08
-2.544754816666684571e-24
-6.530878094000003471e-03
-2.385599999999999537e-08
-4.382276106068887879e-24
6.715227796000020934e-03
7.108809761883352896e-02
-2.070423333313289006e-07
-6.158200000000025325e-08
-6.391072058599998884e-02
6.516949999487077213e-08
6.516950000170403838e-08
-2.015373333313290111e-07
3.833589541566655157e-02
2.487666666666662936e-09
6.872849999487078435e-08
-3.598863742599997528e-02
-1.122150000000566347e-08
-5.797700000000017564e-08
2.253333333333329688e-09
3.681806448583321845e-02
6.872850000170405060e-08
-1.122150000000566016e-08
-3.608127151899997304e-02
-6.391072058599998884e-02
6.872849999487078435e-08
6.872850000170405060e-08
7.114399579033356402e-02
-2.084483333313273715e-07
-6.884633333333375930e-08
6.516949999487077213e-08
-3.598863742599997528e-02
-1.122150000000566016e-08
-2.029433333313275085e-07
3.836677344666655082e-02
7.029999999999958146e-10
6.516950000170403838e-08
-1.122150000000566347e-08
-3.608127151899997304e-02
-6.515933333333366812e-08
7.029999999999960214e-10
3.695702884583321884e-02
7.629569976633360229e-02
-2.081683333309523478e-07
-6.701933333333371257e-08
-7.115300190299998773e-02
8.405149999357926851e-08
8.405150000213456598e-08
-2.072419999976190405e-07
3.739408966216654917e-02
6.129999999999958152e-10
8.572199999357927014e-08
-3.619982381899995716e-02
-1.096500000000573823e-08
-6.603433333333369415e-08
6.129999999999959186e-10
3.690222484499987993e-02
8.572200000213456760e-08
-1.096500000000573658e-08
-3.629368528699996460e-02
-7.115300190299998773e-02
8.572199999357927014e-08
8.572200000213456760e-08
7.629569975766704870e-02
-2.095743333309542332e-07
-7.006566666666712089e-08
8.405149999357926851e-08
-3.619982381899995716e-02
-1.096500000000573658e-08
-2.086479999976209260e-07
3.742496769316654842e-02
-4.290284720672964674e-24
8.405150000213456598e-08
-1.096500000000573823e-08
-3.629368528699996460e-02
-6.931500000000043241e-08
4.686666666666624633e-10
3.704118920499988726e-02
-1.700484285900001960e-02
2.578079999973122071e-07
8.408300000000003896e-08
1.613935346100000764e-02
-1.392794999914534110e-07
-1.392795000028720239e-07
2.564096666639788146e-07
2.690647807033328190e-02
-1.290999999999998954e-08
-1.340299999914534274e-07
-3.038559134699998429e-02
-2.332284747424833376e-20
8.282933333333336246e-08
-1.346233333333332603e-08
3.008113180299995179e-02
-1.340300000028720403e-07
-2.332156171757371092e-20
-3.076619854299998680e-02
1.613935346100000764e-02
-1.340299999914534274e-07
-1.340300000028720403e-07
-1.483656431083333997e-02
2.554309999973276965e-07
7.675366666666667097e-08
-1.392794999914534110e-07
-3.038559134699998429e-02
-2.332156171757371092e-20
2.512933333306608997e-07
2.882031848533330234e-02
-9.044666666666661696e-09
-1.392795000028720239e-07
-2.332284747424833376e-20
-3.076619854299998680e-02
7.578733333333334480e-08
-9.490666666666662844e-09
3.004334501399996693e-02
-3.374033367866659944e-02
9.986233333053323471e-08
3.732233333333321179e-08
3.439581395899991845e-02
-4.924699999147791965e-08
-4.924700000284060856e-08
9.936866666386657296e-08
1.198295463633328867e-02
-2.076666666666643727e-10
-5.098249999147792219e-08
-1.199589163550001530e-02
1.079999999999940824e-10
3.613566666666654509e-08
2.212671425919444432e-24
1.211459075116663384e-02
-5.098250000284061110e-08
1.079999999999936429e-10
-1.199589162650001491e-02
3.439581395899991845e-02
-5.098249999147792219e-08
-5.098250000284061110e-08
-3.345381149849992880e-02
8.816866665836903031e-08
-3.085499999999990803e-08
-4.924699999147791965e-08
-1.199589163550001530e-02
1.079999999999936429e-10
9.378666665836900823e-08
1.171439888333328933e-02
-5.667971548153719907e-24
-4.924700000284060856e-08
1.079999999999940824e-10
-1.199589162650001491e-02
-3.130499999999990213e-08
-5.750635207096165243e-24
1.171423487383329957e-02
-2.240585583886714471e-02
1.398101652366436633e-07
4.776033333333305684e-08
2.189388288199999380e-02
4.980688952589016616e-18
-9.436834969847349013e-08
1.417458319033103456e-07
5.546965269033803103e-03
5.664313191963436289e-15
4.980682967942154809e-18
-5.219764395999999286e-03
-2.462659273422219992e-34
4.791433333333307264e-08
5.682577390947861156e-15
5.459119816333350000e-03
-9.047855529516617945e-08
-1.662064096999659525e-23
-5.219764395999999286e-03
2.189388288199999380e-02
4.980682967942154809e-18
-9.047855529516617945e-08
-2.175066024100003048e-02
1.398663333283434614e-07
-4.723733333333338362e-08
4.980688952589016616e-18
-5.219764395999999286e-03
-1.662064096999659525e-23
1.426146666616768230e-07
5.407999826333354312e-03
-8.677357360038494754e-24
-9.436834969847349013e-08
-2.462659273422219992e-34
-5.219764395999999286e-03
-4.730233333333337130e-08
-8.689297666330179621e-24
5.302590465666686889e-03
3.475056283686672742e-01
-1.747224999979505856e-06
-5.563633333333362182e-07
-3.629107108890004540e-01
8.511529999344128344e-07
8.511530000218624217e-07
-1.749053999979506157e-06
1.289102107783328746e-02
1.730299999999996641e-08
1.158247499934412249e-06
-5.870765488999996756e-03
-7.739349999999993132e-08
-6.044030000000031391e-07
1.338733333333329558e-08
1.089971991899996336e-02
1.158247500021861625e-06
-7.739349999999986514e-08
-5.870765488999996756e-03
-3.629107108890004540e-01
1.158247499934412249e-06
1.158247500021861625e-06
3.384406085473337655e-01
-1.796744999979981289e-06
-5.902663333333367303e-07
8.511529999344128344e-07
-5.870765488999996756e-03
-7.739349999999986514e-08
-1.725136999979979289e-06
1.157946964549995579e-02
3.942333333333296869e-09
8.511530000218624217e-07
-7.739349999999993132e-08
-5.870765488999996756e-03
-6.058203333333371619e-07
-2.076666666667037414e-10
1.052365854566663338e-02
-3.704921237233343295e-02
2.371256666633196616e-07
8.094466666666688366e-08
3.706940578399992026e-02
-1.232904999897433324e-07
-1.232905000034189440e-07
2.419926666633195953e-07
1.763054699333336389e-02
4.956431347069152802e-24
-1.207939999897432941e-07
-1.876555957799999619e-02
-1.524878146877357031e-23
8.052766666666686080e-08
-3.449999999999950863e-10
1.778615733566668231e-02
-1.207940000034189058e-07
-1.463731532189684586e-23
-1.876555953199999724e-02
3.706940578399992026e-02
-1.207939999897432941e-07
-1.207940000034189058e-07
-3.643187322283343577e-02
2.327233333234491418e-07
-7.757233333333350273e-08
-1.232904999897433324e-07
-1.876555957799999619e-02
-1.463731532189684586e-23
2.395479999901157562e-07
1.738145257766671170e-02
-2.343333333333476202e-10
-1.232905000034189440e-07
-1.524878146877357031e-23
-1.876555953199999724e-02
-7.878666666666685865e-08
-2.666666666668115687e-11
1.733666887066667717e-02
-3.295544573649993730e-02
9.693999999725468003e-08
3.661966666666649172e-08
3.467635157999994500e-02
-6.194099999153317636e-08
-6.194100000282212708e-08
1.154813333305880825e-07
1.187993059266661752e-02
-4.153333333333310719e-10
-5.434399999153323082e-08
-1.141430197150002449e-02
-8.050644361140094906e-24
3.749599999999986804e-08
-4.153333333333310202e-10
1.143498263499995865e-02
-5.434400000282216169e-08
-6.189916014563871807e-24
-1.141430196950002536e-02
3.467635157999994500e-02
-5.434399999153323082e-08
-5.434400000282216169e-08
-3.257928016099997937e-02
8.348933332525733406e-08
-3.009699999999998158e-08
-6.194099999153317636e-08
-1.141430197150002449e-02
-6.189916014563871807e-24
9.355666665859068329e-08
1.138489595799994751e-02
-5.528729207090679419e-24
-6.194100000282212708e-08
-8.050644361140094906e-24
-1.141430196950002536e-02
-3.111133333333328938e-08
-1.133333333333904730e-11
1.101677743266662839e-02
-3.015091542800002120e-02
3.628066666419373064e-08
1.465900000000004874e-08
3.166035282599998640e-02
-1.683699999247603512e-08
-1.683700000250800879e-08
4.036333333086035922e-08
1.023231951433328617e-02
8.976048714350555677e-25
-1.569749999247603672e-08
-9.298298733500021118e-03
-2.131712067631433593e-24
1.487366666666673163e-08
-2.076666666666657427e-10
9.705623519999966725e-03
-1.569750000250801040e-08
-1.852615062136554870e-24
-9.298298733500021118e-03
3.166035282599998640e-02
-1.569749999247603672e-08
-1.569750000250801040e-08
-3.019355761116667911e-02
2.707133332600158219e-08
-1.204500000000002117e-08
-1.683699999247603512e-08
-9.298298733500021118e-03
-1.852615062136554870e-24
3.082133332600151981e-08
9.717952874333286514e-03
-2.212630604359483973e-24
-1.683700000250800879e-08
-2.131712067631433593e-24
-9.298298733500021118e-03
-1.205533333333336842e-08
-2.214528806898165106e-24
9.365939391333304512e-03
-2.509943006966674356e-02
6.858966666470861583e-08
1.960633333333335610e-08
2.357023361100002087e-02
-1.701749999446425259e-08
-1.701750000184525467e-08
6.109799999804184072e-08
6.882299516333347314e-03
1.200541667984137476e-24
-2.169249999446425640e-08
-6.564989560000004075e-03
-1.797781501508522899e-24
2.124966666666667900e-08
1.301166813314077769e-24
6.915482561333353637e-03
-2.169250000184525849e-08
-2.942826258728963146e-24
-6.564989560000004075e-03
2.357023361100002087e-02
-2.169249999446425640e-08
-2.169250000184525849e-08
-2.454722198250008230e-02
7.486233332758664645e-08
-2.353999999999999109e-08
-1.701749999446425259e-08
-6.564989560000004075e-03
-2.942826258728963146e-24
7.079466666091995547e-08
6.737968824333349406e-03
-4.324227847789302576e-24
-1.701750000184525467e-08
-1.797781501508522899e-24
-6.564989560000004075e-03
-2.309000000000001022e-08
-4.241564188846859444e-24
6.839245428000021582e-03
6.516237665983340421e-02
-2.311899999820103777e-08
-2.575199999999994830e-08
-6.679025847499990565e-02
3.712649999438860355e-08
3.712650000187046542e-08
-1.711126666648684909e-07
3.578221978899981393e-02
-1.106666666666682232e-10
1.187759999943888610e-07
-3.624326872999997229e-02
-4.529050019633824513e-25
-5.843066666666679866e-08
-1.106666666666702265e-10
3.596173330166647225e-02
1.187760000018706765e-07
1.954545476334113923e-23
-3.624326872999997229e-02
-6.679025847499990565e-02
1.187759999943888610e-07
1.187760000018706765e-07
5.569350423466686018e-02
-2.234666665469417584e-09
-1.264600000000000286e-08
3.712649999438860355e-08
-3.624326872999997229e-02
1.954545476334113923e-23
-1.049066666654700259e-07
3.614128677483314372e-02
9.486666666666658722e-10
3.712650000187046542e-08
-4.529050019633824513e-25
-3.624326872999997229e-02
-3.474666666666675678e-08
1.182999999999997879e-09
3.590354501999981629e-02
-3.319347549750001347e-02
2.274043333300315975e-07
8.436566666666656734e-08
3.436678709999993475e-02
-1.248329999896267483e-07
-1.248330000034577376e-07
2.408456666633651197e-07
2.070702847066665381e-02
5.165907182063287926e-24
-1.199279999896267186e-07
-2.210261785649999394e-02
1.900999999999984647e-09
7.825466666666653333e-08
-3.243333333333285427e-10
2.156899351466661646e-02
-1.199280000034577079e-07
1.900999999999985474e-09
-2.210261785149999353e-02
3.436678709999993475e-02
-1.199279999896267186e-07
-1.199280000034577079e-07
-2.556301558816660019e-02
2.459046666584329983e-07
-6.955533333333329270e-08
-1.248329999896267483e-07
-2.210261785649999394e-02
1.900999999999985474e-09
2.411573333250996464e-07
1.925303985333333412e-02
2.596999999999986793e-09
-1.248330000034577376e-07
1.900999999999984647e-09
-2.210261785149999353e-02
-5.965666666666663375e-08
2.388999999999989165e-09
2.072717201666663539e-02
-3.189454948383327326e-02
1.802316666636033583e-07
6.561766666666664325e-08
3.430023389999994204e-02
-9.152399999008937654e-08
-9.152400000330346110e-08
1.797306666636033196e-07
1.811105317066669801e-02
4.017923272542563710e-24
-8.741249999008937311e-08
-1.965034139249997522e-02
1.900999999999988369e-09
6.146466666666661923e-08
-3.243333333333295767e-10
1.906876989599997491e-02
-8.741250000330345767e-08
1.900999999999989610e-09
-1.965034138549997395e-02
3.430023389999994204e-02
-8.741249999008937311e-08
-8.741250000330345767e-08
-2.967720855983324579e-02
1.916146666579620032e-07
-5.675000000000006811e-08
-9.152399999008937654e-08
-1.965034139249997522e-02
1.900999999999989610e-09
1.859299999912954904e-07
1.770085321466670705e-02
1.481666666666656277e-09
-9.152400000330346110e-08
1.900999999999988369e-09
-1.965034138549997395e-02
-5.242966666666675042e-08
1.730333333333323326e-09
1.834879324066665193e-02
-3.392055126449988744e-02
1.225009999969441892e-07
4.395900000000014898e-08
3.423368069999992158e-02
-7.189199999057148384e-08
-7.189200000314276303e-08
1.386946666636107600e-07
1.597344249166671171e-02
2.691712432185934192e-24
-7.143999999057148747e-08
-1.709247604649997976e-02
5.439999999999910904e-10
4.632500000000013854e-08
1.053666666666669542e-09
1.595951096933331120e-02
-7.144000000314276666e-08
5.439999999999912972e-10
-1.709247603449998154e-02
3.423368069999992158e-02
-7.143999999057148747e-08
-7.144000000314276666e-08
-3.175827510416655980e-02
1.332723333248181241e-07
-4.227000000000011315e-08
-7.189199999057148384e-08
-1.709247604649997976e-02
5.439999999999912972e-10
1.346033333248182305e-07
1.459223314066671572e-02
-3.530000000000077249e-10
-7.189200000314276303e-08
5.439999999999910904e-10
-1.709247603449998154e-02
-3.778233333333340914e-08
-5.763333333333403387e-10
1.503839035633328797e-02
-2.800556577766660782e-02
9.538666666444489576e-08
2.852433333333323783e-08
2.803806919499995595e-02
-3.259499999341347350e-08
-3.259500000219545816e-08
8.675266666444496549e-08
8.270071736000013038e-03
1.746611675723935037e-24
-3.729599999341347040e-08
-7.817101887500009158e-03
-3.703883012139376978e-24
2.771099999999989986e-08
1.696809372558609116e-24
8.292768076000017752e-03
-3.729600000219545505e-08
-4.855295932603625497e-24
-7.817101887500009158e-03
2.803806919499995595e-02
-3.729599999341347040e-08
-3.729600000219545505e-08
-2.732870950133328702e-02
1.033313333268289904e-07
-3.384133333333331449e-08
-3.259499999341347350e-08
-7.817101887500009158e-03
-4.855295932603625497e-24
9.839933332682899625e-08
8.076240720333350415e-03
-6.216552081831790624e-24
-3.259500000219545816e-08
-3.703883012139376978e-24
-7.817101887500009158e-03
-3.318399999999997474e-08
-6.095801907435860364e-24
8.179071668166686473e-03
-3.641133279624210184e-01
-2.223813368253598988e+00
3.964910908398752709e-01
-3.734164427870004244e-01
6.163250279688321509e-01
-1.244349461883239166e-01
3.055959052411564847e-01
1.582714730828299388e+00
-2.681828239967398719e-01
-2.373883567958265939e+00
7.636859411669390418e+00
-1.117212205263556690e+00
1.334089982422524967e-01
3.047790032650423697e-01
-5.502747066180344732e-02
1.856394030221876656e+00
-5.333642024469949838e+00
9.390004234144705419e-01
4.213038144745350766e-01
-8.793004103303168062e-01
1.921432907780002697e-01
-2.289489747750148713e-02
-6.147060554480340139e-02
1.434611417295749217e-02
-3.127139945413756617e-01
9.446666573672630740e-01
-1.566400031251977965e-01
-3.734164427870004244e-01
1.334089982422524967e-01
-2.289489747750148713e-02
4.504217487797392838e-01
-1.081061655150554190e-01
2.095866301804526557e-02
-2.590097694468990186e-01
5.503430414303374374e-02
-1.493403199042889510e-03
6.163250279688321509e-01
3.047790032650423697e-01
-6.147060554480340139e-02
-1.049682340580555262e-01
-2.649647094760739785e-01
3.895983960324857220e-02
-5.992347194118696763e-01
7.617626673634710077e-02
1.275386883096213397e-02
-1.244349461883239166e-01
-5.502747066180344732e-02
1.434611417295749217e-02
2.639583872879857490e-02
4.875426819953700142e-02
-2.357893049333320210e-03
1.097506453229247919e-01
2.895252124803183481e-03
2.417283126355192907e-02
3.055959052411564847e-01
1.856394030221876656e+00
-3.127139945413756617e-01
-2.590097694468990186e-01
-5.992347194118696763e-01
1.097506453229247919e-01
4.185950912835914584e-01
-1.116896544051834361e+00
1.137808440498337959e-01
1.582714730828299388e+00
-5.333642024469949838e+00
9.446666573672630740e-01
5.503430414303374374e-02
7.617626673634710077e-02
2.895252124803183481e-03
-1.109422983543499885e+00
5.396182746290103083e+00
-1.082865738424225954e+00
-2.681828239967398719e-01
9.390004234144705419e-01
-1.566400031251977965e-01
-1.493403199042889510e-03
1.275386883096213397e-02
2.417283126355192907e-02
3.803345538477200249e-01
-1.156067114298316323e+00
3.033388192910001502e-01
3.562066388422679419e-01
-7.852276551040042463e-02
-6.757711084411689023e-03
-4.818046537239989435e-01
2.273153032456030551e-02
-2.307662638063715313e-02
-5.555915443431299477e-02
-5.848397445942914857e-02
5.921378929021119120e-02
-1.112266796870670649e-01
2.036435413640660386e-01
-8.087807359162679788e-02
-4.605000459076125791e-03
-2.084117900765718526e-02
2.115555387827190020e-02
-2.833769640084163668e-02
-1.475354927515510062e-01
1.493653225091778336e-01
1.392489611167689600e-03
-6.968867758067820439e-02
8.750701746166650308e-02
4.660691348373590184e-03
2.116372336327190101e-02
-2.148296350934281174e-02
2.876609426042093035e-02
1.497582256786188781e-01
-1.516154506891363163e-01
-4.818046537239989435e-01
-4.605000459076125791e-03
4.660691348373590184e-03
4.439863381655788088e-01
-2.142489241705419767e-02
3.554664820513496470e-03
-1.119752713138552798e-02
-1.975562058365345694e-03
1.791655229252572942e-03
2.273153032456030551e-02
-2.084117900765718526e-02
2.116372336327190101e-02
-1.705759162372084969e-02
2.240308685642163067e-02
-1.848738166817117182e-02
-3.094306547509732136e-02
-1.861128841199936185e-03
1.765389790528154893e-03
-2.307662638063715313e-02
2.115555387827190020e-02
-2.148296350934281174e-02
-3.692571184430177688e-04
-2.061770063424575930e-02
2.917524162799997253e-02
3.151357476790089124e-02
1.949595647990355748e-03
-1.853378041414572002e-03
-5.555915443431299477e-02
-2.833769640084163668e-02
2.876609426042093035e-02
-1.119752713138552798e-02
-3.094306547509732136e-02
3.151357476790089124e-02
4.486031007487965849e-02
3.663512851720591990e-02
-2.170504892104468259e-02
-5.848397445942914857e-02
-1.475354927515510062e-01
1.497582256786188781e-01
-1.975562058365345694e-03
-1.861128841199936185e-03
1.949595647990355748e-03
3.826003820553924156e-02
1.288324552334536577e-01
-3.222772724699900226e-02
5.921378929021119120e-02
1.493653225091778336e-01
-1.516154506891363163e-01
1.791655229252572942e-03
1.765389790528154893e-03
-1.853378041414572002e-03
-5.991622667431626727e-03
-3.735466194457941896e-02
4.300234359066659739e-02
4.247864122115773688e-01
-1.119181988882084200e-03
1.775072218783186120e-02
-4.466904953359994157e-01
8.382442372054375521e-03
-1.114844694948046236e-02
-3.049652549898294526e-02
-1.681722490104696835e-02
2.516118010683670095e-02
2.022932142745111767e-02
7.448277226575680809e-02
-3.659956761830624600e-02
6.404429511695898872e-04
-1.209710012421438483e-02
1.818733071606743260e-02
-3.370827885007297766e-03
-3.702632537579244459e-02
5.451074390220925908e-02
1.499570641605749502e-02
-4.273870220395140085e-02
5.212827965933324037e-02
2.972639497780463561e-03
1.799288859706742877e-02
-2.705133088478560086e-02
7.046524983885891352e-03
5.411243291205112410e-02
-8.270701365022455065e-02
-4.466904953359994157e-01
6.404429511695898872e-04
2.972639497780463561e-03
4.701078497264342126e-01
2.073083011285916516e-03
3.443135927584508931e-04
-5.093215478724477489e-03
-1.222007766027575571e-03
1.322371589666537306e-03
8.382442372054375521e-03
-1.209710012421438483e-02
1.799288859706742877e-02
2.714259318952582777e-03
1.667441301656623007e-02
-2.193684456210842626e-02
-1.980664962885353778e-02
-8.228122341112046201e-04
-3.431603215040134763e-04
-1.114844694948046236e-02
1.818733071606743260e-02
-2.705133088478560086e-02
1.360016321226768408e-03
-2.139400582987665070e-02
3.148632209999994297e-02
2.956006726449529262e-02
4.053403495209956069e-04
-3.897900881643507590e-04
-3.049652549898294526e-02
-3.370827885007297766e-03
7.046524983885891352e-03
-5.093215478724477489e-03
-1.980664962885353778e-02
2.956006726449529262e-02
3.721164019179402926e-02
1.346085197578703561e-02
-1.836424703166621500e-02
-1.681722490104696835e-02
-3.702632537579244459e-02
5.411243291205112410e-02
-1.222007766027575571e-03
-8.228122341112046201e-04
4.053403495209956069e-04
1.510612902545369757e-02
3.156651932120609072e-02
-2.161214407397937104e-02
2.516118010683670095e-02
5.451074390220925908e-02
-8.270701365022455065e-02
1.322371589666537306e-03
-3.431603215040134763e-04
-3.897900881643507590e-04
-7.642683267272797586e-03
-2.210813824243056114e-02
3.259495296400004988e-02
4.332777833256140076e-01
-1.686427762317425916e-02
1.860754091219038106e-02
-5.216939714560000496e-01
1.300819198055075052e-02
-2.057657520960301870e-02
-2.570314869790792447e-02
-2.141426080882237806e-02
3.775418756094944123e-02
3.620486851159064254e-03
4.772572320538730900e-02
-1.925109888095826241e-02
5.681717878253841588e-04
-5.031569372638781436e-03
8.700897794752684641e-03
-1.204320752882015802e-02
-4.052630539114576019e-02
6.858457424009531400e-02
2.146173521847419968e-02
-1.573550805630829705e-02
2.894676575633326268e-02
-1.705408848329516064e-03
7.196011419752685288e-03
-1.205954536236123094e-02
2.221664761569585797e-02
6.987072228132766571e-02
-1.206621495749461148e-01
-5.216939714560000496e-01
5.681717878253841588e-04
-1.705408848329516064e-03
4.685245394215744041e-01
2.323811244382203989e-04
2.884297826061704793e-03
-4.985142776486215302e-03
-3.289805469742902808e-04
1.077762033478412221e-03
1.300819198055075052e-02
-5.031569372638781436e-03
7.196011419752685288e-03
7.183797124382192058e-04
1.235292367309150964e-02
-1.910535925448236111e-02
-1.279754668736607544e-02
7.493066705876721273e-04
-2.107428539709733668e-03
-2.057657520960301870e-02
8.700897794752684641e-03
-1.205954536236123094e-02
2.414221501801104824e-03
-1.876394511537333304e-02
3.246354778933326773e-02
2.409420859941964824e-02
-5.196835991484086799e-04
8.467747718985497518e-04
-2.570314869790792447e-02
-1.204320752882015802e-02
2.221664761569585797e-02
-4.985142776486215302e-03
-1.279754668736607544e-02
2.409420859941964824e-02
3.267740798229003263e-02
-2.009989927536788915e-03
-8.002766956344074811e-03
-2.141426080882237806e-02
-4.052630539114576019e-02
6.987072228132766571e-02
-3.289805469742902808e-04
7.493066705876721273e-04
-5.196835991484086799e-04
5.412665377796505549e-03
2.356458006971009003e-02
-6.288888581442477789e-03
3.775418756094944123e-02
6.858457424009531400e-02
-1.206621495749461148e-01
1.077762033478412221e-03
-2.107428539709733668e-03
8.467747718985497518e-04
2.598035208891432205e-03
1.604971622889726085e-03
6.410533133999992035e-03
-5.660719310297568363e-01
-2.475629142005614458e+00
4.715433431836325573e-01
-2.243587450650005588e-01
8.858970595461111985e-01
-1.723616581584321572e-01
5.250632265810862842e-01
1.736348733248722631e+00
-2.942790361600065019e-01
-2.433442449585946132e+00
7.492439937398057914e+00
-1.023093715641233414e+00
1.372699758582877905e-01
4.247083758436722145e-01
-1.042660074816532945e-01
2.042455859183116562e+00
-5.284135314620848511e+00
9.244319166878510741e-01
3.883322440805068165e-01
-1.024563385146960659e+00
2.658307525213337574e-01
-2.583582658800938001e-02
-1.031204250816531998e-01
3.995156197932768494e-02
-3.460383537147830313e-01
1.013901341358376618e+00
-1.690400188162330675e-01
-2.243587450650005588e-01
1.372699758582877905e-01
-2.583582658800938001e-02
4.481699551218122357e-01
-1.268644461295242165e-01
2.044576723780448801e-02
-2.431514830619178058e-01
2.442717772560344322e-02
-2.717131215238323926e-03
8.858970595461111985e-01
4.247083758436722145e-01
-1.031204250816531998e-01
-1.181848789955241841e-01
-2.582732935914797689e-01
3.576750114635564998e-02
-5.841614255818193824e-01
3.593559103806105715e-02
1.843382641998764226e-02
-1.723616581584321572e-01
-1.042660074816532945e-01
3.995156197932768494e-02
2.523397760098953363e-02
4.676770108084910005e-02
-2.329467936666675587e-04
9.223297333745877902e-02
-9.291210406748478048e-04
1.030376391485670999e-02
5.250632265810862842e-01
2.042455859183116562e+00
-3.460383537147830313e-01
-2.431514830619178058e-01
-5.841614255818193824e-01
9.223297333745877902e-02
6.055882862310918435e-01
-1.167279894419421815e+00
1.691353558242819077e-01
1.736348733248722631e+00
-5.284135314620848511e+00
1.013901341358376618e+00
2.442717772560344322e-02
3.593559103806105715e-02
-9.291210406748478048e-04
-1.082115923436419713e+00
5.669049983856605301e+00
-1.084010298491338897e+00
-2.942790361600065019e-01
9.244319166878510741e-01
-1.690400188162330675e-01
-2.717131215238323926e-03
1.843382641998764226e-02
1.030376391485670999e-02
4.509278038339110117e-01
-1.369031750838302752e+00
2.520048979290008262e-01
2.546876969998198570e-01
-3.995210288380510733e-01
5.074685795370439956e-02
-4.009400549489996468e-01
5.409538361641675480e-02
-2.555627103555701413e-02
-4.289003839846120686e-02
3.910292841271274522e-01
-1.522663665695518087e-01
-4.429798606473852596e-01
2.005332329152849091e+00
-7.325628108314344855e-01
2.577091817187677006e-02
1.513876503108881576e-02
-5.203025261468121471e-03
4.424384184987145141e-01
-1.288786833776116358e+00
4.990724362523576429e-01
9.595759856151847567e-02
-5.648580749349836339e-01
1.496576067236664587e-01
-1.021233692001672494e-02
-1.000746152546810701e-02
1.844197652911175756e-03
-1.669661503577227757e-01
4.927731775377504064e-01
-1.867924722234235446e-01
-4.009400549489996468e-01
2.577091817187677006e-02
-1.021233692001672494e-02
4.656831659121367095e-01
-3.754190803789421438e-02
1.949820739003408146e-02
-5.885514023718273202e-02
3.084991688406887519e-03
-4.622422172145430018e-03
5.409538361641675480e-02
1.513876503108881576e-02
-1.000746152546810701e-02
-3.584149477822760888e-02
-2.827324127747012777e-02
1.291149992343975771e-03
-4.077265027540267345e-02
1.774797418688859891e-03
1.344898821552557508e-03
-2.555627103555701413e-02
-5.203025261468121471e-03
1.844197652911175756e-03
1.833459937890191335e-02
9.447211518519472648e-03
5.340812674333337770e-03
1.723452698999299385e-02
3.689278889295692903e-03
-2.559489291506146773e-03
-4.289003839846120686e-02
4.424384184987145141e-01
-1.669661503577227757e-01
-5.885514023718273202e-02
-4.077265027540267345e-02
1.723452698999299385e-02
9.291450338804061460e-01
2.346012549796103741e-01
3.147525369248052041e-01
3.910292841271274522e-01
-1.288786833776116358e+00
4.927731775377504064e-01
3.084991688406887519e-03
1.774797418688859891e-03
3.689278889295692903e-03
1.443945586882771082e-01
7.341507832272599066e-01
-9.632704735725838852e-02
-1.522663665695518087e-01
4.990724362523576429e-01
-1.867924722234235446e-01
-4.622422172145430018e-03
1.344898821552557508e-03
-2.559489291506146773e-03
3.988398738753770600e-01
-1.812849870638162664e-01
2.404795099330000463e-01
4.455354808502679509e-01
-1.371321271821089594e-02
6.962629596959455519e-03
-4.630596474960003150e-01
2.314925785221527005e-02
-2.934578527769090076e-02
-4.752227790645111027e-02
-2.769710044412684868e-02
3.510757076388729830e-02
1.183864048845553393e-02
1.083517263400655961e-01
-8.138562954937636484e-02
-1.822201014276160404e-03
-1.728976816161581151e-02
2.191590902678521718e-02
-3.094297221576043731e-03
-6.080306665299758939e-02
7.707027271472308150e-02
2.295549364389423003e-02
-6.519577088473432758e-02
9.033338656233289021e-02
2.307106306695829497e-03
2.219079512978520963e-02
-2.812828055338421548e-02
4.089275661272942508e-03
7.745237164555759946e-02
-9.817404276855118406e-02
-4.630596474960003150e-01
-1.822201014276160404e-03
2.307106306695829497e-03
4.668242999785400249e-01
2.975563130391861450e-03
-2.124085892603839315e-03
-1.032718612539678532e-02
-2.635820070045477321e-03
3.477829011868049935e-03
2.314925785221527005e-02
-1.728976816161581151e-02
2.219079512978520963e-02
2.438026702391861075e-03
2.187227234412655180e-02
-2.351639107307794407e-02
-2.787239705272968535e-02
-3.247965124605939943e-03
3.612709435582665395e-03
-2.934578527769090076e-02
2.191590902678521718e-02
-2.812828055338421548e-02
-9.378499727004366206e-04
-2.369188674890413543e-02
2.908983148100004190e-02
3.597409962632166364e-02
2.774793283375327768e-03
-3.763214491997287931e-03
-4.752227790645111027e-02
-3.094297221576043731e-03
4.089275661272942508e-03
-1.032718612539678532e-02
-2.787239705272968535e-02
3.597409962632166364e-02
5.696568499157795423e-02
2.651059694703178718e-02
-2.537446797086098660e-02
-2.769710044412684868e-02
-6.080306665299758939e-02
7.745237164555759946e-02
-2.635820070045477321e-03
-3.247965124605939943e-03
2.774793283375327768e-03
2.078834160769850448e-02
5.512795848375542929e-02
-4.626557970023809779e-02
3.510757076388729830e-02
7.707027271472308150e-02
-9.817404276855118406e-02
3.477829011868049935e-03
3.612709435582665395e-03
-3.763214491997287931e-03
-2.503880870750779808e-02
-5.173803613592827672e-02
5.700775054633311356e-02
4.615879429400295275e-01
-1.266455172867105711e-02
2.490829729788419933e-02
-4.488045799909998190e-01
1.542098783819904201e-02
-2.363638013822572104e-02
-2.154680950940993794e-02
4.951317758749470942e-05
-4.815139347565903648e-04
-1.347218359367108494e-02
5.041106418197200539e-02
-1.491139407269851530e-02
1.218951301113461007e-03
-4.027364607423203173e-03
7.000135577219534534e-03
1.010673661159324117e-02
-5.424489549755970134e-03
9.141208266109628749e-03
2.955549076486059870e-02
-2.476386761612231133e-02
2.774025252466656710e-02
-1.824045047169028065e-03
6.877384960219531766e-03
-1.143313643957680897e-02
-1.679729788373567761e-02
8.541739608846092915e-03
-1.396715955083409691e-02
-4.488045799909998190e-01
1.218951301113461007e-03
-1.824045047169028065e-03
4.645737674151613206e-01
-1.481854613672242693e-04
1.745037245578639953e-03
-9.766351775630419639e-04
8.424223514036571553e-04
-7.650899439371968997e-04
1.542098783819904201e-02
-4.027364607423203173e-03
6.877384960219531766e-03
-6.418178470055937394e-05
1.351369259217296767e-02
-1.866228010167963330e-02
-1.527653114754450557e-02
-8.152716582776651328e-04
6.156709096429508268e-04
-2.363638013822572104e-02
7.000135577219534534e-03
-1.143313643957680897e-02
1.118694225794494151e-03
-1.914097270217427968e-02
3.219304933433325688e-02
2.619292477639698427e-02
7.821262180174791369e-04
-1.414688571159306149e-03
-2.154680950940993794e-02
1.010673661159324117e-02
-1.679729788373567761e-02
-9.766351775630419639e-04
-1.527653114754450557e-02
2.619292477639698427e-02
2.985105397597457438e-02
7.017788704203878000e-03
-6.155215670880157322e-03
4.951317758749470942e-05
-5.424489549755970134e-03
8.541739608846092915e-03
8.424223514036571553e-04
-8.152716582776651328e-04
7.821262180174791369e-04
1.080056424220381638e-02
1.540276170135883305e-02
-2.771153406487357820e-03
-4.815139347565903648e-04
9.141208266109628749e-03
-1.396715955083409691e-02
-7.650899439371968997e-04
6.156709096429508268e-04
-1.414688571159306149e-03
-2.413496819834208551e-03
-1.942197490221397220e-03
7.051318557333316646e-03
9.898898354658527410e-01
-8.574798868878461544e-01
4.557790525028145856e-01
-1.829044530248000955e+00
8.831007675912604105e-02
-1.185905673150551391e-02
-1.081217452202993222e-02
8.970369796455656131e-01
-1.003123517533889703e-01
-8.808889316948458337e-01
2.081851098907154363e+00
-2.481562509896583779e-01
1.979330334183353191e-02
9.098815844086782789e-02
-1.254676484494372801e-02
9.720861790484410792e-01
-3.158699402866117278e+00
3.575847729716096768e-01
3.278226027635132711e-01
-2.632843689853597291e-01
2.554526613273340740e-01
-7.503434581127348298e-03
-6.084243126943722491e-03
9.644275173132075413e-03
-1.145295294820971588e-01
3.729860397089492241e-01
-3.403901553885120557e-02
-1.829044530248000955e+00
1.979330334183353191e-02
-7.503434581127348298e-03
4.721409028581621814e-01
5.910703295699598625e-02
2.913793251551781600e-03
-1.180664054404728214e+00
5.012728328681789192e-01
-5.966177413106767136e-02
8.831007675912604105e-02
9.098815844086782789e-02
-6.084243126943722491e-03
4.701484064299595034e-02
-1.412181531616429897e-02
1.584692592128195132e-02
4.341568963197836029e-01
-1.642428136025631258e-01
5.765812975402510171e-02
-1.185905673150551391e-02
-1.254676484494372801e-02
9.644275173132075413e-03
1.530625799602149291e-02
4.048274436040793373e-02
-3.358001368333301141e-03
-4.784320846910237318e-02
2.596443095451026264e-02
4.114396691729088618e-02
-1.081217452202993222e-02
9.720861790484410792e-01
-1.145295294820971588e-01
-1.180664054404728214e+00
4.341568963197836029e-01
-4.784320846910237318e-02
3.220773401187344565e-01
-9.587416332417632303e-02
1.785276059486179956e-01
8.970369796455656131e-01
-3.158699402866117278e+00
3.729860397089492241e-01
5.012728328681789192e-01
-1.642428136025631258e-01
2.596443095451026264e-02
-1.963552299588406935e-01
2.788430969422927674e+00
-1.028092293869976581e+00
-1.003123517533889703e-01
3.575847729716096768e-01
-3.403901553885120557e-02
-5.966177413106767136e-02
5.765812975402510171e-02
4.114396691729088618e-02
3.694408320230208043e-02
-1.024482444168834494e+00
2.551738707893335678e-01
7.866042415702264590e-01
-8.240033169551443937e-01
5.290146342416428560e-01
-1.153894987951999962e+00
1.502642275797870519e-01
-2.572099486459216572e-02
5.686196306865780314e-03
9.447607756563455306e-01
-1.612855961962547380e-01
-7.986720758948105958e-01
2.390357779386449888e+00
-2.922318197236785098e-01
3.335541922655259339e-02
1.149417706107563192e-01
-1.985326746147917515e-02
1.053610264130270702e+00
-3.371227914289231187e+00
5.793241470440607666e-01
4.047622675163663475e-01
-3.441094929307880745e-01
3.417398122320012277e-01
-9.214451253402708777e-03
-2.144640511647917178e-02
7.481716678243576120e-03
-1.833058722166222287e-01
5.871316282308823853e-01
-9.223829492863278023e-02
-1.153894987951999962e+00
3.335541922655259339e-02
-9.214451253402708777e-03
4.799990856388989813e-01
-3.802034464107650891e-03
1.863506646034313735e-02
-9.022185971218417144e-01
4.313048267201520236e-01
-7.743365098834344151e-02
1.502642275797870519e-01
1.149417706107563192e-01
-2.144640511647917178e-02
-1.262204444310771265e-02
-5.985899508590108997e-02
1.976877209610246322e-02
3.300264025161386283e-01
-1.762925427358960351e-01
5.609118621068182736e-02
-2.572099486459216572e-02
-1.985326746147917515e-02
7.481716678243576120e-03
1.580824036947009806e-02
2.919468057369765251e-02
8.250245679999996216e-04
-5.507435346783572799e-02
3.793412708732480515e-02
1.937826966273807974e-02
5.686196306865780314e-03
1.053610264130270702e+00
-1.833058722166222287e-01
-9.022185971218417144e-01
3.300264025161386283e-01
-5.507435346783572799e-02
5.087853429876353362e-01
-3.240853753471469867e-01
2.735806627858007323e-01
9.447607756563455306e-01
-3.371227914289231187e+00
5.871316282308823853e-01
4.313048267201520236e-01
-1.762925427358960351e-01
3.793412708732480515e-02
-4.418555861404793728e-01
3.193834841048698081e+00
-1.067841452820509796e+00
-1.612855961962547380e-01
5.793241470440607666e-01
-9.223829492863278023e-02
-7.743365098834344151e-02
5.609118621068182736e-02
1.937826966273807974e-02
1.135308750672811562e-01
-1.066936611789821132e+00
2.471275402170001190e-01
3.587192557847560526e-01
3.015169925466079648e-02
4.502864107276371985e-02
-4.403223232520006025e-01
-1.972552881459700355e-02
1.510146318499159569e-02
-5.875389519812516254e-02
9.002587687719798559e-02
-6.891180262640515808e-02
2.883046982566078720e-02
5.424956252545778401e-01
-2.144441015374122239e-01
8.080384378827481021e-03
-2.194884261760168473e-02
1.680139126515907758e-02
6.221972084538756470e-02
-2.625444371508489083e-01
2.009681888902296321e-01
5.423241937217447572e-02
-1.869715891176539357e-01
1.517495883133330448e-01
-6.183469174111222433e-03
1.680145363115907384e-02
-1.286117053039831197e-02
-4.762718750817773045e-02
2.009684323410117768e-01
-1.538340040510267070e-01
-4.403223232520006025e-01
8.080384378827481021e-03
-6.183469174111222433e-03
4.701612498622543823e-01
-1.503133124777814023e-02
6.797750758977880517e-03
-2.760031354493923048e-02
1.044604642099548550e-02
-7.797796669684740889e-03
-1.972552881459700355e-02
-2.194884261760168473e-02
1.680145363115907384e-02
-7.960857329111462044e-03
2.833398937174722715e-02
-1.787240812594249537e-02
3.739559959118615717e-02
-5.720928369390004820e-03
3.062437346680472409e-03
1.510146318499159569e-02
1.680139126515907758e-02
-1.286117053039831197e-02
7.725189164966552065e-03
-1.364650075416712523e-02
1.661325986533337268e-02
-2.800570422952733396e-02
3.346480233907657333e-03
-2.913441838670786585e-03
-5.875389519812516254e-02
6.221972084538756470e-02
-4.762718750817773045e-02
-2.760031354493923048e-02
3.739559959118615717e-02
-2.800570422952733396e-02
8.144093586901636483e-02
-1.058333295660332796e-01
4.350362577976977368e-02
9.002587687719798559e-02
-2.625444371508489083e-01
2.009684323410117768e-01
1.044604642099548550e-02
-5.720928369390004820e-03
3.346480233907657333e-03
-1.003029562543665820e-01
5.457273967636511181e-01
5.156308478863868769e-03
-6.891180262640515808e-02
2.009681888902296321e-01
-1.538340040510267070e-01
-7.797796669684740889e-03
3.062437346680472409e-03
-2.913441838670786585e-03
8.720758809378409415e-02
1.317104373775296669e-02
5.384805630733337234e-02
4.774970634028752325e-01
-9.957498199718903265e-03
2.608630634971567316e-02
-4.718399861769996262e-01
5.556561724088322947e-03
-1.443423739168198626e-02
-5.649970954443975062e-03
4.472451197867322037e-03
-1.088006096877211851e-02
-9.736116684385551223e-03
-7.951880468745497641e-04
1.765342043584326726e-03
9.399542156998264963e-04
-4.314265154966423661e-03
1.049559449053445379e-02
9.562090223565349045e-03
5.066921595852335626e-03
-1.232640787739958804e-02
2.616331414555156040e-02
1.122342277811451492e-03
-4.065090406333325863e-03
-2.282355795948153541e-03
1.049554953253445562e-02
-2.553320852503357732e-02
-2.326161514187059451e-02
-1.232634947291374496e-02
2.998657239159159896e-02
-4.718399861769996262e-01
9.399542156998264963e-04
-2.282355795948153541e-03
4.695088394394625886e-01
-1.363883410184885819e-03
3.295393098301371143e-03
2.194248068589230855e-03
4.017506187763936025e-04
-9.773421866077420302e-04
5.556561724088322947e-03
-4.314265154966423661e-03
1.049554953253445562e-02
-1.361187511851555529e-03
3.726461939870748859e-03
-9.120682904466968083e-03
-4.894680279171183777e-03
6.298265729520152560e-04
-1.532149327760112031e-03
-1.443423739168198626e-02
1.049559449053445379e-02
-2.553320852503357732e-02
3.242533345278576264e-03
-9.030574439592447059e-03
2.169682410200012707e-02
1.183718748801712746e-02
-1.564822892072431334e-03
3.806673266458763041e-03
-5.649970954443975062e-03
9.562090223565349045e-03
-2.326161514187059451e-02
2.194248068589230855e-03
-4.894680279171183777e-03
1.183718748801712746e-02
4.818882931417148296e-03
-3.660565032591224163e-03
1.202909757007268252e-02
4.472451197867322037e-03
5.066921595852335626e-03
-1.232634947291374496e-02
4.017506187763936025e-04
6.298265729520152560e-04
-1.564822892072431334e-03
-3.760288756257889296e-03
-4.403352732417143561e-03
1.370078617606351051e-02
-1.088006096877211851e-02
-1.232640787739958804e-02
2.998657239159159896e-02
-9.773421866077420302e-04
-1.532149327760112031e-03
3.806673266458763041e-03
1.197436373839321291e-02
1.383287266090260301e-02
-3.345068360066664331e-02
-3.999759055292876342e-01
-2.187386852673683713e+00
4.155014229544590210e-01
-2.389302812270004406e-01
7.612632890239120487e-01
-1.669878822717451028e-01
2.980062152549385335e-01
1.636290688225108259e+00
-2.763323723888079231e-01
-2.333204637506350654e+00
7.320957144830250840e+00
-9.998005720910566607e-01
1.459109075825688884e-01
3.967224878945186939e-01
-7.446136969778198444e-02
1.973489430933788258e+00
-5.339091751256276552e+00
9.560899891735114009e-01
4.133138192065889394e-01
-1.007505473107956462e+00
1.965787340200003397e-01
-2.697644042104872103e-02
-9.708690365178193615e-02
2.572186027345183673e-02
-3.463059311608618906e-01
9.750039292012936398e-01
-1.601003140156853910e-01
-2.389302812270004406e-01
1.459109075825688884e-01
-2.697644042104872103e-02
4.568146037365283796e-01
-1.031935920001992857e-01
3.060544427332779344e-02
-2.507025281717069065e-01
3.878526377524550706e-02
-2.441133591253903667e-02
7.612632890239120487e-01
3.967224878945186939e-01
-9.708690365178193615e-02
-1.070130225871995938e-01
-2.546225154531961410e-01
4.298766037501156045e-02
-5.888799302430945959e-01
1.058143304508070703e-01
5.092132238781575324e-03
-1.669878822717451028e-01
-7.446136969778198444e-02
2.572186027345183673e-02
2.979692676355473122e-02
4.602991930099184503e-02
-4.030471578999968510e-03
7.615493324847684431e-02
1.598763869303208309e-04
7.539206574899899073e-03
2.980062152549385335e-01
1.973489430933788258e+00
-3.463059311608618906e-01
-2.507025281717069065e-01
-5.888799302430945959e-01
7.615493324847684431e-02
1.101637081837285814e+00
-9.935664883874348874e-01
5.185169345611889691e-02
1.636290688225108259e+00
-5.339091751256276552e+00
9.750039292012936398e-01
3.878526377524550706e-02
1.058143304508070703e-01
1.598763869303208309e-04
-1.043505162549768883e+00
5.392302165529409663e+00
-8.414750379306896733e-01
-2.763323723888079231e-01
9.560899891735114009e-01
-1.601003140156853910e-01
-2.441133591253903667e-02
5.092132238781575324e-03
7.539206574899899073e-03
3.237769628419284174e-01
-9.452118622560434780e-01
1.607389682456662472e-01
4.453928338440933388e-01
-1.680727522030654383e-02
2.154832777877747213e-02
-4.729108398469997754e-01
3.209563798965749375e-03
-2.115250325452842353e-04
-2.110284281526098385e-02
-1.639084197055620112e-02
2.816143814868761822e-02
1.599323587002679514e-02
5.940473437224038505e-02
-1.702208312580612629e-02
6.200355069326772680e-04
-4.167112652244469966e-03
1.317989334285260723e-02
-9.040822160934261151e-03
-3.345464680286418246e-02
5.788214168317587505e-02
1.946330036722104459e-02
-2.015268205703639806e-02
2.674796655166654727e-02
-3.444856487552327116e-03
1.377467074685260681e-02
-1.794366982478493369e-02
1.714162457890156324e-02
5.822965239342719340e-02
-1.004395457109040352e-01
-4.729108398469997754e-01
6.200355069326772680e-04
-3.444856487552327116e-03
4.698619948651336364e-01
-1.408645402421410467e-03
3.615218517595652006e-03
-3.377209245764867251e-02
-1.251974694362628822e-02
2.165535935197593700e-02
3.209563798965749375e-03
-4.167112652244469966e-03
1.377467074685260681e-02
-7.259345310880943114e-04
1.314157195420179516e-02
-1.856353564239733578e-02
-2.044649558519131063e-02
-4.887910808215858473e-03
8.319552441284659011e-03
-2.115250325452842353e-04
1.317989334285260723e-02
-1.794366982478493369e-02
3.690874873923118138e-03
-1.776428385567833945e-02
3.164513545566658564e-02
3.344263992181345513e-02
7.737443378715783658e-03
-1.335786230716471540e-02
-2.110284281526098385e-02
-9.040822160934261151e-03
1.714162457890156324e-02
-3.377209245764867251e-02
-2.044649558519131063e-02
3.344263992181345513e-02
4.225254339192692499e-02
-1.324874583063004319e-03
-8.586269899923001242e-03
-1.639084197055620112e-02
-3.345464680286418246e-02
5.822965239342719340e-02
-1.251974694362628822e-02
-4.887910808215858473e-03
7.737443378715783658e-03
-3.110530048063001735e-03
2.181609649640640913e-02
-4.557561167973593272e-03
2.816143814868761822e-02
5.788214168317587505e-02
-1.004395457109040352e-01
2.165535935197593700e-02
8.319552441284659011e-03
-1.335786230716471540e-02
-2.998740825045243669e-03
-1.562715803766859387e-03
1.011883634200003504e-02
4.523302507093895364e-01
-1.727790484722677156e-02
2.293703605456776443e-02
-4.604649790619993466e-01
7.499877103323244337e-03
-1.509240927118458107e-02
-2.937741627945539627e-02
-2.730638664857660061e-02
5.222215576700268980e-02
9.939129671106657765e-03
3.980693488327732843e-02
-1.135374240307778816e-02
6.831196010039074923e-04
-6.916719508450482230e-03
1.320923528492887536e-02
-1.918106254392768287e-02
-4.785311684602693016e-02
9.193365535609392125e-02
3.181063228001568266e-02
-1.057256089859773610e-02
1.772930635933328905e-02
-2.132274056852984535e-03
1.282316985992887001e-02
-2.414860154557894184e-02
3.755551810391093842e-02
9.127117394917406978e-02
-1.749954405095469900e-01
-4.604649790619993466e-01
6.831196010039074923e-04
-2.132274056852984535e-03
4.693002523587545549e-01
-9.365922987149451207e-04
3.218447655218540163e-03
-2.065016780734423713e-02
-8.631024672415695334e-03
1.861158127297834683e-02
7.499877103323244337e-03
-6.916719508450482230e-03
1.282316985992887001e-02
-8.741415140482942112e-04
8.208111424912355875e-03
-1.620799244442249626e-02
-2.134784725872963113e-02
-6.239476025216720081e-03
8.049376345876289862e-03
-1.509240927118458107e-02
1.320923528492887536e-02
-2.414860154557894184e-02
3.771784301151591759e-03
-1.593482796052334005e-02
3.017453221466655233e-02
4.014308349580455321e-02
8.551317347363257201e-03
-1.661129888546836533e-02
-2.937741627945539627e-02
-1.918106254392768287e-02
3.755551810391093842e-02
-2.065016780734423713e-02
-2.134784725872963113e-02
4.014308349580455321e-02
2.825120882466702205e-02
-2.995339640924783373e-03
1.501367595793890548e-03
-2.730638664857660061e-02
-4.785311684602693016e-02
9.127117394917406978e-02
-8.631024672415695334e-03
-6.239476025216720081e-03
8.551317347363257201e-03
-3.447060635258125238e-03
6.557779221666330816e-03
5.140819045954208785e-03
5.222215576700268980e-02
9.193365535609392125e-02
-1.749954405095469900e-01
1.861158127297834683e-02
8.049376345876289862e-03
-1.661129888546836533e-02
2.553069273332867883e-03
5.245097548517612188e-03
-8.407146234666639309e-03
4.885553993980499832e-01
-9.779083521494452702e-03
2.841038013840920667e-02
-4.678543799590004770e-01
7.280562607141617334e-03
-1.692470351774366319e-02
-7.434308475038953201e-03
4.720900694250458433e-03
-1.033197754818593328e-02
-7.669643380161164127e-03
4.191329656184825374e-04
-1.240255592276483937e-04
8.795350756936871862e-04
-5.186608746719753409e-03
1.205996476273884371e-02
1.116000866519717069e-02
5.768377486763784541e-03
-1.440755185392874303e-02
2.821208142366172719e-02
1.437670381685177655e-04
-3.083193223333329717e-04
-2.099398809715881300e-03
1.205991040873884319e-02
-2.804184808530964593e-02
-2.431957813189975295e-02
-1.191726560070592751e-02
2.758632721224569401e-02
-4.678543799590004770e-01
8.795350756936871862e-04
-2.099398809715881300e-03
4.694476879165729311e-01
-9.517647145424364130e-04
3.307072661387056977e-03
2.276545632288774768e-03
5.168373641805067403e-04
-1.006437082620116044e-03
7.280562607141617334e-03
-5.186608746719753409e-03
1.205991040873884319e-02
-1.133251427209099309e-03
4.622608383426457523e-03
-1.094197062715298631e-02
-6.033223522603554934e-03
8.395773847915126605e-04
-1.860906144388881772e-03
-1.692470351774366319e-02
1.205996476273884371e-02
-2.804184808530964593e-02
3.297374336548080254e-03
-1.074410768735209291e-02
2.470801014399985965e-02
1.470318863627183455e-02
-1.636859007395388178e-03
3.593800490890315235e-03
-7.434308475038953201e-03
1.116000866519717069e-02
-2.431957813189975295e-02
2.276545632288774768e-03
-6.033223522603554934e-03
1.470318863627183455e-02
5.905949495356038054e-03
-4.586609507053052495e-03
1.312482680290543054e-02
4.720900694250458433e-03
5.768377486763784541e-03
-1.191726560070592751e-02
5.168373641805067403e-04
8.395773847915126605e-04
-1.636859007395388178e-03
-4.976969424386386634e-03
-6.083927711022701912e-03
1.528459184990600163e-02
-1.033197754818593328e-02
-1.440755185392874303e-02
2.758632721224569401e-02
-1.006437082620116044e-03
-1.860906144388881772e-03
3.593800490890315235e-03
1.195155052828101271e-02
1.413372241239713688e-02
-3.209685065133340703e-02
3.805055084123923903e-01
2.348853932142186407e-02
1.918124320704242547e-02
-4.520618169820006527e-01
-1.928837197406741560e-02
1.458682955293926463e-02
-6.028425550222220319e-02
9.402938650557572664e-02
-7.259340215141657504e-02
1.092706766675519137e-02
5.097888014506085641e-01
-2.165287410375789645e-01
1.021360504352892065e-02
-2.144480929152498688e-02
1.652544564921758913e-02
6.448113601653215898e-02
-2.691939678610810738e-01
2.057147268700308673e-01
4.043203744898597740e-02
-1.758210655559615532e-01
1.332253099843332955e-01
-7.765782839266076494e-03
1.684317846321757919e-02
-1.372108255147501052e-02
-5.030124081407266745e-02
2.054552682208900249e-01
-1.577494854616975639e-01
-4.520618169820006527e-01
1.021360504352892065e-02
-7.765782839266076494e-03
4.683232463065115647e-01
-1.325346072781781806e-02
6.180547777249034876e-03
-6.253341816670776598e-02
3.244107337302062910e-02
-2.220408464400537574e-02
-1.928837197406741560e-02
-2.144480929152498688e-02
1.684317846321757919e-02
-1.793948674615112801e-02
2.880823812382287893e-02
-1.849679175693411809e-02
5.564393291988789514e-02
-2.190707659962314383e-02
1.505535600025645349e-02
1.458682955293926463e-02
1.652544564921758913e-02
-1.372108255147501052e-02
9.324628568047903590e-03
-1.378118203827287738e-02
1.692823651666673992e-02
-4.231633797562935756e-02
1.715972427675426654e-02
-1.088514553866900582e-02
-6.028425550222220319e-02
6.448113601653215898e-02
-5.030124081407266745e-02
-6.253341816670776598e-02
5.564393291988789514e-02
-4.231633797562935756e-02
8.218402963007512274e-02
-1.281312842478291580e-01
4.774683826503754031e-02
9.402938650557572664e-02
-2.691939678610810738e-01
2.054552682208900249e-01
3.244107337302062910e-02
-2.190707659962314383e-02
1.715972427675426654e-02
-1.335964946804958364e-01
6.690020161832583856e-01
-3.657773626502361722e-03
-7.259340215141657504e-02
2.057147268700308673e-01
-1.577494854616975639e-01
-2.220408464400537574e-02
1.505535600025645349e-02
-1.088514553866900582e-02
1.038376470518323491e-01
3.732789975645261354e-02
5.878089409700010953e-02
4.047169879461881559e-01
3.206523863756291504e-02
-3.858004234626614959e-03
-4.365745880089995645e-01
1.178720490574218169e-02
-1.667623575944739839e-02
-2.990491878048737173e-02
-1.973861790923216522e-02
2.870589894847423371e-02
2.656926478056292895e-02
8.712274844481249225e-02
-3.298165251651646868e-02
5.456009758230730318e-03
-1.270261912393370364e-02
1.908363901155494050e-02
-1.031461210951079704e-02
-4.595839605026146718e-02
6.938111239711151901e-02
-1.169001264838035077e-02
-5.061367765365862997e-02
4.888063611566656474e-02
6.038440298490665298e-03
1.845978858655493438e-02
-2.773215777606627061e-02
1.674105908081368471e-02
6.875031188830836582e-02
-1.046441750872510457e-01
-4.365745880089995645e-01
5.456009758230730318e-03
6.038440298490665298e-03
4.658277781586708799e-01
1.613689374777085850e-03
9.322259560114888989e-04
-6.414250588828703491e-03
-1.928622109340351288e-03
2.887647836001792229e-03
1.178720490574218169e-02
-1.270261912393370364e-02
1.845978858655493438e-02
3.648516544437580499e-04
1.697724984866303896e-02
-2.060457078143084278e-02
-2.209280529428674436e-02
-6.655602695951765230e-04
9.936995950490983345e-04
-1.667623575944739839e-02
1.908363901155494050e-02
-2.773215777606627061e-02
3.200229286838964220e-03
-2.045789339202715856e-02
3.144867403966660618e-02
3.289545890263925049e-02
8.345524355941419349e-04
-1.245144005576153149e-03
-2.990491878048737173e-02
-1.031461210951079704e-02
1.674105908081368471e-02
-6.414250588828703491e-03
-2.209280529428674436e-02
3.289545890263925049e-02
4.578984538347743993e-02
1.689882552126231036e-02
-2.530590750305785133e-02
-1.973861790923216522e-02
-4.595839605026146718e-02
6.875031188830836582e-02
-1.928622109340351288e-03
-6.655602695951765230e-04
8.345524355941419349e-04
1.522170355792897001e-02
3.779651616818929805e-02
-2.847261326846349527e-02
2.870589894847423371e-02
6.938111239711151901e-02
-1.046441750872510457e-01
2.887647836001792229e-03
9.936995950490983345e-04
-1.245144005576153149e-03
-2.064243093804200499e-02
-1.934054222610384621e-02
4.259645325066665350e-02
4.205169208413483406e-01
-5.132064440096189076e-03
9.482674230769802537e-03
-5.479681467460000288e-01
8.080138915614919551e-03
-1.364600226274401314e-02
-2.175555186963115326e-02
-9.362951088343120579e-03
1.642489022376222851e-02
3.369679958237132428e-03
6.819601289398614929e-02
-1.495011878266839372e-02
-3.516420965462522131e-04
1.388837240911818677e-03
1.629140314188944061e-02
-2.538320022882190226e-03
-2.393800960462292085e-02
4.074434754378872259e-02
2.387174818052736555e-02
-2.696207129164630845e-02
2.472381330833326590e-02
-1.542537016524808289e-03
1.705725095588943654e-02
-1.684929869991180426e-02
4.870830492941694879e-03
3.859068105639212876e-02
-6.810576715474574161e-02
-5.479681467460000288e-01
-3.516420965462522131e-04
-1.542537016524808289e-03
4.667343871003341027e-01
1.142468906005330437e-03
2.544079357402237885e-03
-5.759632072269199078e-03
2.910140647520015767e-03
6.477805667551863288e-03
8.080138915614919551e-03
1.388837240911818677e-03
1.705725095588943654e-02
1.040683963671992177e-03
1.267156833866506585e-02
-1.727174147468671719e-02
-1.378461484320064358e-02
-7.983377446044610803e-03
-5.661188155332078954e-03
-1.364600226274401314e-02
1.629140314188944061e-02
-1.684929869991180426e-02
3.937286931979713800e-03
-1.692761694244663759e-02
3.096602828733330953e-02
2.330455710994495597e-02
-8.890766571115472873e-04
2.511019492313830946e-03
-2.175555186963115326e-02
-2.538320022882190226e-03
4.870830492941694879e-03
-5.759632072269199078e-03
-1.378461484320064358e-02
2.330455710994495597e-02
3.301371230615461616e-02
8.696120046971065817e-03
-1.262310975757641694e-02
-9.362951088343120579e-03
-2.393800960462292085e-02
3.859068105639212876e-02
2.910140647520015767e-03
-7.983377446044610803e-03
-8.890766571115472873e-04
3.597413082637764513e-03
2.036505146317883763e-02
-1.132470735477074733e-02
1.642489022376222851e-02
4.074434754378872259e-02
-6.810576715474574161e-02
6.477805667551863288e-03
-5.661188155332078954e-03
2.511019492313830946e-03
-9.043625634596600543e-03
-2.881280345369323804e-03
1.047691806733335763e-02
4.793914469052751315e-01
-2.230136848100153224e-03
2.743726003526153479e-02
-4.920105785300008527e-01
5.185562718306624581e-03
-2.023713164851811963e-02
1.866153765134703421e-02
6.090521968531232211e-04
-5.952520177146200693e-03
1.337385133289984047e-02
1.211793246059326198e-03
-1.511983759579589581e-02
9.416757659927720318e-04
1.066177051892184310e-03
-3.470914645245422921e-03
-5.294686591344221691e-03
7.360200216041809344e-03
-1.417786939148553589e-02
4.242496316389082062e-02
-3.999543360996090507e-02
1.249047607133331114e-02
-2.827393091407775973e-03
8.824101705754577168e-03
-2.311406635189218808e-02
1.552040983536971501e-02
-1.462289728927684482e-02
3.611777630236107095e-02
-4.920105785300008527e-01
9.416757659927720318e-04
-2.827393091407775973e-03
4.623996122933472508e-01
-5.983491098248827980e-03
4.060691586142530299e-03
-4.238894109494165466e-03
-8.250048647591878836e-03
1.615317023343549457e-02
5.185562718306624581e-03
1.066177051892184310e-03
8.824101705754577168e-03
-1.094569438658215925e-02
-6.141209863462045908e-04
-8.822676769608005579e-03
-1.713916866347792861e-02
8.299216621774374927e-03
-1.505512161410368747e-02
-2.023713164851811963e-02
-3.470914645245422921e-03
-2.311406635189218808e-02
5.338349888316037094e-03
-7.933371567351407000e-03
2.162073637399986384e-02
2.580335815088194776e-02
-8.598633189752928271e-03
2.123640600071980897e-02
1.866153765134703421e-02
-5.294686591344221691e-03
1.552040983536971501e-02
-4.238894109494165466e-03
-1.713916866347792861e-02
2.580335815088194776e-02
1.159397381048516730e-02
-6.217389888819652675e-03
1.032146227837684241e-02
6.090521968531232211e-04
7.360200216041809344e-03
-1.462289728927684482e-02
-8.250048647591878836e-03
8.299216621774374927e-03
-8.598633189752928271e-03
-6.152164790152949911e-03
-1.712516163615186021e-02
1.465560715674683531e-02
-5.952520177146200693e-03
-1.417786939148553589e-02
3.611777630236107095e-02
1.615317023343549457e-02
-1.505512161410368747e-02
2.123640600071980897e-02
1.624745090093795974e-02
1.885008335413730293e-02
-2.827056048833345020e-02
-8.379474575626710831e-01
8.696962932933237356e-02
1.820107349359988413e-01
6.347949090419995333e-01
-2.419015789256000887e-03
-1.483958989015364376e-02
-1.536473959450956328e-01
2.762829292075802412e-01
3.373644158600099252e-01
-1.264369521089616921e-01
-3.045609216998324542e-01
-3.896737996386870906e-01
1.216136972016661627e-01
2.578542214082671258e+00
3.977665270384670659e+00
-7.505333879165905107e-04
-2.664839657135172235e+00
-2.945103574824406323e+00
-3.983097034890208804e-02
3.584793605129684146e-01
-2.807108735085463852e-02
2.697047205521693053e-02
3.671278808243149672e-01
-2.303810466150381375e-02
3.444076434799892006e-02
4.353843652086996308e+00
2.919437345805661721e+00
-4.898558714592767677e-03
-2.723710069658406674e+00
-2.023008444475834722e+00
1.955189412967602292e-01
-2.476821367430075416e-01
-8.490447035087272942e-02
-1.548065958162609668e-01
-2.336103458421237011e-01
-1.210937272123534386e-01
6.347949090419995333e-01
-7.505333879165905107e-04
-4.898558714592767677e-03
1.959869255383331621e-01
-6.458742477733356302e-02
-1.006001027359997302e-01
-2.504107109536730935e-02
9.183343602888423274e-03
9.935848093008181614e-02
1.636502177078288586e-02
2.569264889985762787e-02
-7.540853817767104172e-03
-2.419015789256000887e-03
-2.664839657135172235e+00
-2.723710069658406674e+00
3.604860426506648619e-01
2.397075405392338432e+00
6.830173069396637819e-01
8.658077847214106296e-03
1.099986872021329991e-02
-4.241909486683332481e-02
-4.652254686715927290e-02
3.741913675057883387e-02
-1.826888870086156372e-02
-1.483958989015364376e-02
-2.945103574824406323e+00
-2.023008444475834722e+00
-3.294138591289994533e-01
5.110843730093315163e-01
1.506791050128002629e+00
6.377067827280541445e-02
-3.261069259884068205e-02
-5.291019624784599334e-02
-9.168064697737452959e-03
1.681665487572468667e-03
3.903950771563820948e-02
-1.536473959450956328e-01
-3.983097034890208804e-02
1.955189412967602292e-01
-2.504107109536730935e-02
8.658077847214106296e-03
6.377067827280541445e-02
2.824959828473485035e-01
3.445183340009584649e-02
-1.973030978973000504e-01
-3.913522430189584483e-02
2.285061159688372284e-02
2.709444924160408705e-02
2.762829292075802412e-01
3.584793605129684146e-01
-2.476821367430075416e-01
9.183343602888423274e-03
1.099986872021329991e-02
-3.261069259884068205e-02
3.125261440959162251e-04
-1.502564763130157244e-01
-5.613444584852998048e-02
-2.006392253044458548e-02
-2.738628258998741447e-02
4.805669749498219651e-02
3.373644158600099252e-01
-2.807108735085463852e-02
-8.490447035087272942e-02
9.935848093008181614e-02
-4.241909486683332481e-02
-5.291019624784599334e-02
-1.965697488387384007e-01
-5.793266675261784376e-02
1.513218125613334797e-01
-3.216952345487308212e-02
4.451618473342689591e-02
4.163867708188324912e-02
-1.264369521089616921e-01
2.697047205521693053e-02
-1.548065958162609668e-01
1.636502177078288586e-02
-4.652254686715927290e-02
-9.168064697737452959e-03
-3.913522430189584483e-02
-2.006392253044458548e-02
-3.216952345487308212e-02
2.889960903301175277e-01
-2.069294092885555492e-02
1.981400000859703248e-01
-3.045609216998324542e-01
3.671278808243149672e-01
-2.336103458421237011e-01
2.569264889985762787e-02
3.741913675057883387e-02
1.681665487572468667e-03
2.285061159688372284e-02
-2.738628258998741447e-02
4.451618473342689591e-02
-4.464448839188964180e-03
-1.527192026701177097e-01
-5.842667041669463018e-02
-3.896737996386870906e-01
-2.303810466150381375e-02
-1.210937272123534386e-01
-7.540853817767104172e-03
-1.826888870086156372e-02
3.903950771563820948e-02
2.709444924160408705e-02
4.805669749498219651e-02
4.163867708188324912e-02
2.030475282303946249e-01
-5.904718258236534012e-02
1.445930704616666396e-01
3.672167035895807508e-01
-6.066849554519740395e-02
5.041401756053412453e-02
-2.575513912900001187e-02
2.013736219352289802e-02
-6.428286909915979438e-03
-1.279592902071906568e-01
3.327711016734600808e-03
-1.393246188041763201e-01
-1.292851876388356747e-01
8.730469273092471283e-02
1.107829713089215906e-01
-6.305759564586413402e-02
3.458682599064208940e-01
5.981175817622241819e-02
-2.741301867944058099e-02
-2.311763040090155652e-01
5.995118974357649400e-02
1.414650781411358992e-02
-4.734083873905125389e-02
9.314333665745383461e-03
1.229491099492910217e-01
-1.364889997714137937e-01
-1.280530953383193504e-01
1.264210872521221440e-01
7.665574220887932944e-02
5.710836965136657506e-01
9.306735310105637357e-03
5.934791914957646131e-02
-7.033211562798444283e-02
-1.845627203134030947e-01
-9.605303894743547413e-03
-2.930910607257578571e-01
1.420225548824301520e-01
-1.097832610673762088e-01
-2.076654961167503366e-01
-2.575513912900001187e-02
-2.741301867944058099e-02
9.306735310105637357e-03
2.152561230477018084e-02
-1.562332381120022651e-02
2.384299913860253410e-03
7.865154438950857285e-04
1.970060329575371028e-02
-9.891803812289460748e-03
1.621553058202213852e-03
2.170720366170578522e-02
-4.564755162061868467e-03
2.013736219352289802e-02
-2.311763040090155652e-01
5.934791914957646131e-02
-1.152699453953353118e-02
1.853403560448960430e-01
-8.493204618086137858e-02
-2.038684013422117827e-03
-4.499771609344776525e-03
1.754069349985580475e-03
-1.609927856469148136e-03
-2.441121453093259355e-02
7.919818658687885829e-03
-6.428286909915979438e-03
5.995118974357649400e-02
-7.033211562798444283e-02
2.471952539049955197e-03
-7.661944659533123647e-02
1.114408481640002252e-01
8.641417509676450762e-04
3.455058685824939635e-02
-1.182345118255031906e-02
7.079890494607502882e-04
-2.486331788474642826e-02
7.627594987730373748e-03
-1.279592902071906568e-01
1.414650781411358992e-02
-1.845627203134030947e-01
7.865154438950857285e-04
-2.038684013422117827e-03
8.641417509676450762e-04
1.198580205864263476e-01
-1.404323707559373101e-02
1.660643887206589564e-01
8.491336864350542898e-03
1.682259607093553782e-03
1.883684946529472215e-02
3.327711016734600808e-03
-4.734083873905125389e-02
-9.605303894743547413e-03
1.970060329575371028e-02
-4.499771609344776525e-03
3.455058685824939635e-02
-1.289607664026037881e-02
5.209769456190690290e-02
-1.069329635578732812e-02
-9.783324850542972351e-03
1.179111614920099805e-04
-1.814367725948863933e-02
-1.393246188041763201e-01
9.314333665745383461e-03
-2.930910607257578571e-01
-9.891803812289460748e-03
1.754069349985580475e-03
-1.182345118255031906e-02
1.676412410477411130e-01
-1.060597807897429440e-02
3.323937922546671420e-01
-1.650590803641480836e-02
-1.610209118382279706e-03
-2.828634492334256012e-02
-1.292851876388356747e-01
1.229491099492910217e-01
1.420225548824301520e-01
1.621553058202213852e-03
-1.609927856469148136e-03
7.079890494607502882e-04
8.491336864350542898e-03
-9.783324850542972351e-03
-1.650590803641480836e-02
1.298939255185972141e-01
-1.100252875476048775e-01
-1.264446922162789644e-01
8.730469273092471283e-02
-1.364889997714137937e-01
-1.097832610673762088e-01
2.170720366170578522e-02
-2.441121453093259355e-02
-2.486331788474642826e-02
1.682259607093553782e-03
1.179111614920099805e-04
-1.610209118382279706e-03
-1.152984366756048817e-01
1.539115325277360946e-01
1.307925062968085250e-01
1.107829713089215906e-01
-1.280530953383193504e-01
-2.076654961167503366e-01
-4.564755162061868467e-03
7.919818658687885829e-03
7.627594987730373748e-03
1.883684946529472215e-02
-1.814367725948863933e-02
-2.828634492334256012e-02
-1.250852088803109663e-01
1.327784385473514128e-01
2.230839053693332019e-01
2.917445953018956706e-01
-1.097022156610724525e-01
2.659073422942256903e-02
-1.627087693800001456e-02
1.462236225304609435e-02
-1.060420048645097568e-03
-1.260600221348095185e-01
1.400765208329593677e-02
-1.306627447055864755e-01
-1.280282409036791746e-01
7.296535467979219092e-02
1.127097731502812589e-01
-1.074115298700724780e-01
2.111089171897702621e-01
8.262248278345776797e-02
-1.458367361815575240e-02
-1.149642059774105690e-01
2.411649636442418296e-02
2.436305272826131893e-02
-5.021557487019125826e-02
2.674444688243169874e-02
1.031575668630300563e-01
-1.133252811671276450e-01
-1.139823289891994662e-01
3.847307661240449705e-02
8.166382063294966298e-02
5.594386378943343452e-01
4.693413346113550592e-03
2.137228395042415491e-02
-3.695774122658960353e-02
-1.767067507739333299e-01
1.169541708758715937e-02
-2.791594532139992091e-01
1.487207041645249306e-01
-9.742006983808193521e-02
-2.208640774911929394e-01
-1.627087693800001456e-02
-1.458367361815575240e-02
4.693413346113550592e-03
1.986413475010392199e-02
8.267040342432570386e-04
7.753857223777035164e-04
3.021442387138476710e-03
1.357191557271224085e-02
-5.211005081428350498e-03
3.263995016377906847e-03
1.677275025552983981e-02
-2.291549719675301487e-03
1.462236225304609435e-02
-1.149642059774105690e-01
2.137228395042415491e-02
-8.772793723090055798e-03
7.395173331156265628e-02
-1.210513262929357146e-02
-1.643874201538984316e-03
-3.848830939678933322e-03
-4.984819282534549501e-04
-2.058546376029600760e-03
-1.443253275869188501e-02
5.038558298238601622e-03
-1.060420048645097568e-03
2.411649636442418296e-02
-3.695774122658960353e-02
-3.551997710410967997e-04
1.362073895744118305e-03
4.273284842833313668e-02
2.057723923693589082e-03
2.920790569547891680e-02
-2.672838684459524945e-03
7.774378155642097709e-04
-2.031198012136102224e-02
5.334957206313980203e-03
-1.260600221348095185e-01
2.436305272826131893e-02
-1.767067507739333299e-01
3.021442387138476710e-03
-1.643874201538984316e-03
2.057723923693589082e-03
1.198457246592159048e-01
-2.362291817173049757e-02
1.615494034141967405e-01
9.776922059326387943e-03
1.597396986578388488e-03
1.872847890014737310e-02
1.400765208329593677e-02
-5.021557487019125826e-02
1.169541708758715937e-02
1.357191557271224085e-02
-3.848830939678933322e-03
2.920790569547891680e-02
-2.326610680039716689e-02
5.345245501011750694e-02
-2.945604896990906135e-02
-7.815281030040978696e-03
-6.784077514787626925e-04
-1.560619779378318375e-02
-1.306627447055864755e-01
2.674444688243169874e-02
-2.791594532139992091e-01
-5.211005081428350498e-03
-4.984819282534549501e-04
-2.672838684459524945e-03
1.617742708301399546e-01
-2.868655209496804442e-02
3.263390485533336771e-01
-1.759352455178207417e-02
5.580803640896573724e-04
-2.899577498334766218e-02
-1.280282409036791746e-01
1.031575668630300563e-01
1.487207041645249306e-01
3.263995016377906847e-03
-2.058546376029600760e-03
7.774378155642097709e-04
9.776922059326387943e-03
-7.815281030040978696e-03
-1.759352455178207417e-02
1.246695659247931548e-01
-9.768464855763053789e-02
-1.337200928847933901e-01
7.296535467979219092e-02
-1.133252811671276450e-01
-9.742006983808193521e-02
1.677275025552983981e-02
-1.443253275869188501e-02
-2.031198012136102224e-02
1.597396986578388488e-03
-6.784077514787626925e-04
5.580803640896573724e-04
-9.614904863063053475e-02
1.276639038452069552e-01
1.243305839924429557e-01
1.127097731502812589e-01
-1.139823289891994662e-01
-2.208640774911929394e-01
-2.291549719675301487e-03
5.038558298238601622e-03
5.334957206313980203e-03
1.872847890014737310e-02
-1.560619779378318375e-02
-2.899577498334766218e-02
-1.338084253117670097e-01
1.262220755007210371e-01
2.473708380863336720e-01
2.672820742334142685e-01
-1.087301785123125641e-01
2.291092882247963355e-02
-1.853628180200002015e-02
8.836075381476377055e-03
-1.856118136119565406e-03
-1.228817498459065516e-01
2.055121845893193716e-02
-1.268912691156152683e-01
-1.273978419925470007e-01
6.931442018145901607e-02
1.158125324165119596e-01
-1.073799042186459052e-01
1.549058728739187152e-01
7.322032261823419041e-02
-1.548816213789921611e-02
-3.476754228275406172e-02
-1.771010067351325200e-03
2.648694357372928868e-02
-4.794985861822160383e-02
3.192680448244345631e-02
9.626681047061552698e-02
-1.057894324569963601e-01
-1.110403557441304034e-01
2.842456589575436537e-02
7.619122596985847262e-02
5.592090838336671865e-01
2.880951093853121106e-03
1.562560146486641341e-04
-3.127911116924589341e-02
-1.724227566139017176e-01
2.462336211318289295e-02
-2.711301137978719966e-01
1.529163587068371744e-01
-1.003355234241017635e-01
-2.245951367154568890e-01
-1.853628180200002015e-02
-1.548816213789921611e-02
2.880951093853121106e-03
1.658903921069385459e-02
1.744212153058330526e-03
8.972539618999895474e-04
3.061472214530810629e-03
1.295518173900426367e-02
-3.486675979453681632e-03
3.641299214365395411e-03
1.385260309262358394e-02
-1.600390307601204203e-03
8.836075381476377055e-03
-3.476754228275406172e-02
1.562560146486641341e-04
-7.102740624941647658e-03
3.569287118697274386e-02
-4.807409412092062198e-03
-2.193150656739868264e-03
-2.585428003850906865e-03
-3.707570655326090578e-04
-1.907266107422286036e-03
-1.075756534457505444e-02
5.054261545262945902e-03
-1.856118136119565406e-03
-1.771010067351325200e-03
-3.127911116924589341e-02
2.334394864908097018e-03
3.680906163866557758e-03
3.614893988533313118e-02
1.312114916406565291e-03
2.337800914318313023e-02
-1.447949634679888530e-03
-1.600225063575244936e-03
-1.912243353621316880e-02
7.154367539209638763e-03
-1.228817498459065516e-01
2.648694357372928868e-02
-1.724227566139017176e-01
3.061472214530810629e-03
-2.193150656739868264e-03
1.312114916406565291e-03
1.208671623231042935e-01
-2.809195535948782671e-02
1.618448906118425679e-01
9.728954496924110962e-03
1.202521662594102213e-03
1.883025869571250746e-02
2.055121845893193716e-02
-4.794985861822160383e-02
2.462336211318289295e-02
1.295518173900426367e-02
-2.585428003850906865e-03
2.337800914318313023e-02
-2.703131363682115956e-02
5.062242291022882312e-02
-3.283338427321991215e-02
-6.988657280858166267e-03
-2.780051323354201342e-04
-1.409628933492059789e-02
-1.268912691156152683e-01
3.192680448244345631e-02
-2.711301137978719966e-01
-3.486675979453681632e-03
-3.707570655326090578e-04
-1.447949634679888530e-03
1.589655498908147113e-01
-3.463767995285484125e-02
3.241268458070000191e-01
-1.828221010087080836e-02
6.544846125380975998e-04
-2.933355401558872255e-02
-1.273978419925470007e-01
9.626681047061552698e-02
1.529163587068371744e-01
3.641299214365395411e-03
-1.907266107422286036e-03
-1.600225063575244936e-03
9.728954496924110962e-03
-6.988657280858166267e-03
-1.828221010087080836e-02
1.251574779535439830e-01
-9.288593142963723348e-02
-1.367282611417654781e-01
6.931442018145901607e-02
-1.057894324569963601e-01
-1.003355234241017635e-01
1.385260309262358394e-02
-1.075756534457505444e-02
-1.912243353621316880e-02
1.202521662594102213e-03
-2.780051323354201342e-04
6.544846125380975998e-04
-9.075506368997054985e-02
1.142785408597892793e-01
1.213137252556238249e-01
1.158125324165119596e-01
-1.110403557441304034e-01
-2.245951367154568890e-01
-1.600390307601204203e-03
5.054261545262945902e-03
7.154367539209638763e-03
1.883025869571250746e-02
-1.409628933492059789e-02
-2.933355401558872255e-02
-1.367486169438187904e-01
1.217322046445662304e-01
2.538582713700009985e-01
-9.451942120046706863e-01
1.089773700589991290e-01
1.986917549113322301e-01
6.282180282719993514e-01
1.409554839041371639e-02
-9.805072447945893666e-03
-1.851327035550111300e-01
2.114147147710938035e-01
3.526356594255675159e-01
-1.527274015523165385e-01
-2.648031567180138546e-01
-3.585804435419172598e-01
1.200966913533244897e-02
2.444917124611004855e+00
3.545617326141678571e+00
2.672297859312129306e-02
-2.326542758796840360e+00
-2.703490749904178259e+00
-3.589037776528639784e-02
3.104178104481314926e-01
-1.957042090530040912e-02
2.942655006733461281e-02
3.615383116224230031e-01
-4.092782606983284485e-03
4.953380935133246815e-02
4.132502905358667711e+00
2.642267401690993722e+00
-3.852590288903401990e-03
-2.439080000507178436e+00
-1.809614271747165937e+00
2.053050031215012672e-01
-1.846163571092579447e-01
-1.165878029091209217e-01
-1.568763865337998720e-01
-1.956499372356805544e-01
-1.358375283561066849e-01
6.282180282719993514e-01
2.672297859312129306e-02
-3.852590288903401990e-03
6.070314973533307012e-02
7.101414492166650827e-02
1.671773676163335054e-01
-1.155949120076353864e-01
-2.115621739817853675e-02
1.281545405865630316e-01
-5.670383378937021018e-02
6.717715268742402435e-02
2.697685029249691918e-02
1.409554839041371639e-02
-2.326542758796840360e+00
-2.439080000507178436e+00
3.244085355996647602e-01
2.253875230244007266e+00
1.004778339790664221e+00
4.308732940811863671e-02
-4.071392952007070465e-02
-7.898837948742934434e-02
-3.437709945408801149e-02
-1.563697881155937108e-02
-4.440669782557662287e-03
-9.805072447945893666e-03
-2.703490749904178259e+00
-1.809614271747165937e+00
-2.656690209993332608e-01
6.744304134653295035e-01
1.661048138346669756e+00
9.244608724822570012e-02
5.064917658590548577e-04
-1.553976781362937376e-01
-5.669724274997199609e-02
4.367374816829579925e-02
-1.455383336907043086e-02
-1.851327035550111300e-01
-3.589037776528639784e-02
2.053050031215012672e-01
-1.155949120076353864e-01
4.308732940811863671e-02
9.244608724822570012e-02
2.904369033687039248e-01
2.584017017064407784e-02
-1.924179927611118779e-01
-3.839824035193729890e-02
2.186783609951505059e-02
2.788970104634435135e-02
2.114147147710938035e-01
3.104178104481314926e-01
-1.846163571092579447e-01
-2.115621739817853675e-02
-4.071392952007070465e-02
5.064917658590548577e-04
-1.336884077689289019e-03
-1.528000539670379965e-01
-6.155818021840489540e-02
-2.175883474829937159e-02
-3.616620077987183629e-02
5.742411790135663191e-02
3.526356594255675159e-01
-1.957042090530040912e-02
-1.165878029091209217e-01
1.281545405865630316e-01
-7.898837948742934434e-02
-1.553976781362937376e-01
-2.021910978353226307e-01
-6.005383273094185015e-02
1.472485269793332441e-01
-3.024154808283613730e-02
5.570638036783460284e-02
3.415962934480910873e-02
-1.527274015523165385e-01
2.942655006733461281e-02
-1.568763865337998720e-01
-5.670383378937021018e-02
-3.437709945408801149e-02
-5.669724274997199609e-02
-3.839824035193729890e-02
-2.175883474829937159e-02
-3.024154808283613730e-02
2.920637072591729666e-01
-2.268295223670087346e-02
1.975279867046645377e-01
-2.648031567180138546e-01
3.615383116224230031e-01
-1.956499372356805544e-01
6.717715268742402435e-02
-1.563697881155937108e-02
4.367374816829579925e-02
2.186783609951505059e-02
-3.616620077987183629e-02
5.570638036783460284e-02
-7.845656570094200477e-05
-1.532639350298399261e-01
-5.626526734772360067e-02
-3.585804435419172598e-01
-4.092782606983284485e-03
-1.358375283561066849e-01
2.697685029249691918e-02
-4.440669782557662287e-03
-1.455383336907043086e-02
2.788970104634435135e-02
5.742411790135663191e-02
3.415962934480910873e-02
2.037701290855202241e-01
-5.471238132219256173e-02
1.456873534386667612e-01
3.514831963366648049e-01
4.281364502466637051e-02
5.753885093499994802e-02
5.483197409000000605e-02
-2.334589644213746779e-03
-1.363431167814282887e-03
-2.598504398121919690e-01
2.248427192922620999e-02
1.926366092574222921e-01
-2.286821239421067131e-01
-3.021756441684468608e-02
-1.869849131932071751e-01
6.836327568333326610e-02
1.113205755836667032e+00
8.501667257843317227e-01
-9.631130597997940995e-03
-9.012055953528769203e-01
-5.870045268615147194e-01
6.529065024480900509e-03
3.936057670284487386e-02
-3.395656805850291032e-02
-1.010391688622071411e-02
3.997765153894762558e-02
-3.315839212335063707e-02
1.164293957433315020e-02
9.632836705086629259e-01
8.344857438626661628e-01
-5.456840033015047421e-03
-5.683706168335147524e-01
-2.801080692531218719e-01
1.722251925709004095e-01
-4.063797742417639414e-02
-1.394701441336529679e-01
-1.574191761749207941e-01
-4.229995207490863662e-02
-1.285101222028411372e-01
5.483197409000000605e-02
-9.631130597997940995e-03
-5.456840033015047421e-03
1.135007651466661723e-02
1.371392663863332528e-01
2.104327853033307466e-02
-2.467122564455103209e-02
-2.261887718052989910e-02
1.540862606762286209e-02
-2.917388027119597466e-02
2.420326302722347958e-02
-3.973389095624543788e-03
-2.334589644213746779e-03
-9.012055953528769203e-01
-5.683706168335147524e-01
7.147040558633332985e-02
1.326920078123670743e+00
8.487864366863291377e-01
-3.487527481436270439e-03
-1.919448721330328095e-02
5.208259690390753920e-03
6.943609201901105102e-04
-5.500565236874223156e-03
1.558765231065575461e-03
-1.363431167814282887e-03
-5.870045268615147194e-01
-2.801080692531218719e-01
-7.453497561366681512e-02
9.643960062626630858e-01
6.109724498296678075e-01
1.535569673795813238e-02
2.473506785764701885e-02
-2.415987489614565553e-02
-2.173764622976544214e-02
1.179233064082797072e-02
-1.779001681392982509e-02
-2.598504398121919690e-01
6.529065024480900509e-03
1.722251925709004095e-01
-2.467122564455103209e-02
-3.487527481436270439e-03
1.535569673795813238e-02
2.889342400097841268e-01
-1.046417000819398202e-02
-1.893593995087911319e-01
-3.399818326897703635e-02
3.121042876797922114e-03
2.077271025792903208e-02
2.248427192922620999e-02
3.936057670284487386e-02
-4.063797742417639414e-02
-2.261887718052989910e-02
-1.919448721330328095e-02
2.473506785764701885e-02
-1.660548942952740428e-02
-1.121082777011675122e-02
1.656553770292850530e-02
-4.122443188320060875e-03
4.573507711563638833e-03
1.407165363869633534e-02
1.926366092574222921e-01
-3.395656805850291032e-02
-1.394701441336529679e-01
1.540862606762286209e-02
5.208259690390753920e-03
-2.415987489614565553e-02
-1.885733532903917375e-01
1.705273541875464843e-02
1.710853210056662854e-01
-2.093228383944093982e-02
1.333414530017715087e-02
7.169226633413434448e-03
-2.286821239421067131e-01
-1.010391688622071411e-02
-1.574191761749207941e-01
-2.917388027119597466e-02
6.943609201901105102e-04
-2.173764622976544214e-02
-3.399818326897703635e-02
-4.122443188320060875e-03
-2.093228383944093982e-02
2.853556366603954286e-01
-6.764106408223828637e-03
1.884417323584977322e-01
-3.021756441684468608e-02
3.997765153894762558e-02
-4.229995207490863662e-02
2.420326302722347958e-02
-5.500565236874223156e-03
1.179233064082797072e-02
3.121042876797922114e-03
4.573507711563638833e-03
1.333414530017715087e-02
2.092505160010930607e-02
-1.155369992872858423e-02
1.603863244714770486e-02
-1.869849131932071751e-01
-3.315839212335063707e-02
-1.285101222028411372e-01
-3.973389095624543788e-03
1.558765231065575461e-03
-1.779001681392982509e-02
2.077271025792903208e-02
1.407165363869633534e-02
7.169226633413434448e-03
1.873347043839176940e-01
1.790887305590597306e-02
1.710418331636668066e-01
3.632778100920140418e-01
-9.296543208804296243e-02
3.469760690566846273e-02
-2.211301445899998760e-02
1.799912416576755422e-02
-4.594436653956920219e-03
-1.339650824705870269e-01
1.088621331360980007e-02
-1.423724433614201867e-01
-1.340148994146899419e-01
8.250191218840009777e-02
1.170768970199720510e-01
-8.267984428470961933e-02
2.462325751543195107e-01
9.502839528480598597e-02
-2.051376919167287316e-02
-1.102115272474965824e-01
2.459441540060040149e-02
1.982898567665744571e-02
-4.852172693550438343e-02
1.970092770237621971e-02
1.163519171130984187e-01
-1.269977668781690494e-01
-1.258125353601059759e-01
1.045812358802482439e-01
1.050421379625125495e-01
5.686466200616676625e-01
8.478089208423406423e-03
1.716098173360040488e-02
-5.788944159050363192e-02
-1.903901960456045872e-01
2.878564271419596556e-03
-3.003846336409085049e-01
1.517227473917593106e-01
-1.088408365349849000e-01
-2.214118236381411031e-01
-2.211301445899998760e-02
-2.051376919167287316e-02
8.478089208423406423e-03
2.396384830774098834e-02
-9.687719925587380196e-03
1.655097322764068632e-03
3.982944909080479712e-03
1.837240736584742212e-02
-6.363669595031111806e-03
3.619103180199500971e-03
1.892009363236424671e-02
-4.599069991503816450e-03
1.799912416576755422e-02
-1.102115272474965824e-01
1.716098173360040488e-02
-4.018705745254050332e-03
1.110677828195926059e-01
-2.480461814755343872e-02
-3.659772314275036922e-03
-3.938080729048795345e-03
4.664925647491205071e-04
-2.872301458305433382e-03
-1.941840367848334317e-02
9.456005354289706913e-03
-4.594436653956920219e-03
2.459441540060040149e-02
-5.788944159050363192e-02
6.538489104115937202e-04
-1.781038689774818579e-02
5.385118649899973270e-02
2.939066247298637458e-03
3.402702134097377457e-02
-5.165154406031723794e-03
-3.787925664737965556e-04
-2.522187266596603514e-02
1.034177708428381769e-02
-1.339650824705870269e-01
1.982898567665744571e-02
-1.903901960456045872e-01
3.982944909080479712e-03
-3.659772314275036922e-03
2.939066247298637458e-03
1.194922010324455525e-01
-1.974832974101468561e-02
1.635996486868522559e-01
8.921617510069304244e-03
2.319454921407351766e-03
2.241374501414740775e-02
1.088621331360980007e-02
-4.852172693550438343e-02
2.878564271419596556e-03
1.837240736584742212e-02
-3.938080729048795345e-03
3.402702134097377457e-02
-1.862202097234802109e-02
5.434025074655454701e-02
-1.927144100301870361e-02
-8.966032477190579233e-03
-1.328992369921987984e-03
-1.817704583064038912e-02
-1.423724433614201867e-01
1.970092770237621971e-02
-3.003846336409085049e-01
-6.363669595031111806e-03
4.664925647491205071e-04
-5.165154406031723794e-03
1.603521546108396534e-01
-1.950402292624578426e-02
3.284943961376665111e-01
-1.714527232940811843e-02
-6.710154649103725272e-04
-2.801142687264732839e-02
-1.340148994146899419e-01
1.163519171130984187e-01
1.517227473917593106e-01
3.619103180199500971e-03
-2.872301458305433382e-03
-3.787925664737965556e-04
8.921617510069304244e-03
-8.966032477190579233e-03
-1.714527232940811843e-02
1.251898775051576151e-01
-1.021835578745850515e-01
-1.317561714276744012e-01
8.250191218840009777e-02
-1.269977668781690494e-01
-1.088408365349849000e-01
1.892009363236424671e-02
-1.941840367848334317e-02
-2.522187266596603514e-02
2.319454921407351766e-03
-1.328992369921987984e-03
-6.710154649103725272e-04
-1.037099969919183517e-01
1.400563270351763978e-01
1.284336673864960032e-01
1.170768970199720510e-01
-1.258125353601059759e-01
-2.214118236381411031e-01
-4.599069991503816450e-03
9.456005354289706913e-03
1.034177708428381769e-02
2.241374501414740775e-02
-1.817704583064038912e-02
-2.801142687264732839e-02
-1.284658174310623624e-01
1.302354450593791457e-01
2.379557558170014298e-01
2.767056628001014484e-01
-1.036424455614088913e-01
2.208806130740034734e-02
-2.117725188699999539e-02
1.204631884428636161e-02
-2.087579499011138397e-03
-1.300267763255899267e-01
2.177700309272665238e-02
-1.425355037053879226e-01
-1.298340845087651574e-01
7.502886191949795225e-02
1.232583955000479126e-01
-1.008859513080755388e-01
1.467401940108996050e-01
8.655133366407569140e-02
-1.814386540997307146e-02
4.578090400150761421e-03
-2.717509720797126310e-03
2.934203064162944213e-02
-4.404346756640843685e-02
3.471751790766209461e-02
1.017040650498093335e-01
-1.056295165643959949e-01
-1.173760386410320072e-01
2.715740627326389267e-02
8.231220734005785522e-02
5.707207123470007248e-01
3.522072203969320824e-03
-9.211107322797132402e-03
-3.682267698315072613e-02
-1.890302609400217881e-01
2.486784309977809262e-02
-2.943590214590018350e-01
1.615072864026552146e-01
-1.068173259258870106e-01
-2.327435645448389656e-01
-2.117725188699999539e-02
-1.814386540997307146e-02
3.522072203969320824e-03
1.378550428273567219e-02
-3.557582122403428644e-03
2.521811337331816231e-03
3.643913864611618338e-03
1.336413651297303426e-02
-3.152761491336174889e-03
3.805845252090625692e-03
1.303203884250519334e-02
-1.982195748000078073e-03
1.204631884428636161e-02
4.578090400150761421e-03
-9.211107322797132402e-03
-1.260024746403441004e-03
1.704134873693097241e-02
1.191934671796257257e-03
-2.817620533337495108e-03
-2.434242926870121976e-03
-3.060873109843257299e-03
-3.561322679284512332e-03
-9.387576225333654420e-03
5.499238621939807857e-03
-2.087579499011138397e-03
-2.717509720797126310e-03
-3.682267698315072613e-02
2.788007558919458791e-03
2.660636635121292875e-03
3.819827654599989436e-02
3.820496717096238774e-03
2.486561721775459519e-02
1.441084729258502572e-03
-2.269391826051082948e-03
-2.043673641204406602e-02
8.975076768242998965e-03
-1.300267763255899267e-01
2.934203064162944213e-02
-1.890302609400217881e-01
3.643913864611618338e-03
-2.817620533337495108e-03
3.820496717096238774e-03
1.185565539328468920e-01
-2.701217767007254092e-02
1.613170429769045511e-01
9.563049294372264961e-03
1.556542064803694914e-03
1.950950155086130650e-02
2.177700309272665238e-02
-4.404346756640843685e-02
2.486784309977809262e-02
1.336413651297303426e-02
-2.434242926870121976e-03
2.486561721775459519e-02
-2.647229803640587659e-02
5.069339549015253188e-02
-3.249922815824957123e-02
-6.527886847070612543e-03
-7.891461533187396583e-04
-1.256029358072429172e-02
-1.425355037053879226e-01
3.471751790766209461e-02
-2.943590214590018350e-01
-3.152761491336174889e-03
-3.060873109843257299e-03
1.441084729258502572e-03
1.597817825818830251e-01
-3.080494572455697369e-02
3.256595250139993625e-01
-1.836096901727138006e-02
2.810347628613121991e-04
-2.954446603605356825e-02
-1.298340845087651574e-01
1.017040650498093335e-01
1.615072864026552146e-01
3.805845252090625692e-03
-3.561322679284512332e-03
-2.269391826051082948e-03
9.563049294372264961e-03
-6.527886847070612543e-03
-1.836096901727138006e-02
1.247666635571264004e-01
-8.805134179892300239e-02
-1.385405952509560501e-01
7.502886191949795225e-02
-1.056295165643959949e-01
-1.068173259258870106e-01
1.303203884250519334e-02
-9.387576225333654420e-03
-2.043673641204406602e-02
1.556542064803694914e-03
-7.891461533187396583e-04
2.810347628613121991e-04
-9.285466219792300191e-02
1.140087938425401737e-01
1.204499177240867802e-01
1.232583955000479126e-01
-1.173760386410320072e-01
-2.327435645448389656e-01
-1.982195748000078073e-03
5.499238621939807857e-03
8.975076768242998965e-03
1.950950155086130650e-02
-1.256029358072429172e-02
-2.954446603605356825e-02
-1.377958594308950346e-01
1.214197876617230387e-01
2.554988333826676006e-01
1.055008941099998612e-02
9.222355111733299138e-02
1.098003837516664249e-01
3.205449813500003131e-01
-6.203820900874630942e-05
-4.909242846452360753e-03
-8.082925708613396543e-01
-1.489892981497039082e-01
7.200492508265856628e-01
-7.331471973536762832e-01
1.099383426599288283e-01
-6.805733679058719732e-01
5.331680072133304638e-02
1.496038920682002615e+00
1.590313127657328796e+00
3.055969067243899211e-03
-1.349185370663351868e+00
-1.726312725310190865e+00
-2.016608488460745197e-01
1.413272118518034415e-01
1.455082216596307321e-01
1.815662668629402787e-01
1.441047089403371673e-01
1.252753171491698125e-01
8.287355649966639259e-02
1.373680551009330175e+00
1.140872074479667431e+00
-4.984509023722520480e-05
-1.654364474130191054e+00
-1.564319207493648500e+00
6.580974069620102451e-01
9.617778147621215690e-02
-3.834814124114628298e-01
-5.910831231290663013e-01
9.896173834372731792e-02
-3.680448548326611391e-01
3.205449813500003131e-01
3.055969067243899211e-03
-4.984509023722520480e-05
1.431459665423332472e-01
5.568939642189996153e-01
-1.494748513903332854e-01
-3.760380485257173722e-01
8.729923479171196321e-02
5.520125731569990313e-01
-3.987231012385010764e-01
-1.122780294297874015e-01
-5.713243418919524697e-01
-6.203820900874630942e-05
-1.349185370663351868e+00
-1.654364474130191054e+00
1.667434868556665895e-01
2.367576572859999839e-01
-4.422069691083335141e-01
9.333994217648115821e-02
6.689249415767557772e-02
-1.162153685820953020e-01
-1.138670145566214320e-01
7.529320662031187272e-02
-1.182142411376741337e-01
-4.909242846452360753e-03
-1.726312725310190865e+00
-1.564319207493648500e+00
-1.206347892156666712e-01
-2.457970989110001558e-01
4.571275337163334118e-01
5.346128767475664123e-01
-1.225241890577279391e-01
-5.426385569449579949e-01
-5.704352268777995727e-01
-1.189624275039281448e-01
-5.555427682138104339e-01
-8.082925708613396543e-01
-2.016608488460745197e-01
6.580974069620102451e-01
-3.760380485257173722e-01
9.333994217648115821e-02
5.346128767475664123e-01
3.500598549603902709e-01
6.258939802459641266e-02
-4.606835340890538116e-02
-1.132361147158909148e-01
3.345677431878797941e-03
1.438160011159337823e-02
-1.489892981497039082e-01
1.413272118518034415e-01
9.617778147621215690e-02
8.729923479171196321e-02
6.689249415767557772e-02
-1.225241890577279391e-01
3.732546695929759781e-03
2.812062411261016109e-02
-1.767735521817379724e-02
6.289557546164120530e-04
-7.051907488895077687e-03
6.166883594081230997e-03
7.200492508265856628e-01
1.455082216596307321e-01
-3.834814124114628298e-01
5.520125731569990313e-01
-1.162153685820953020e-01
-5.426385569449579949e-01
-7.116981338855531136e-02
-1.317238909637577851e-02
1.801088197569999383e-01
-2.032579154755209325e-02
5.936512932807180148e-03
3.154618901478605658e-02
-7.331471973536762832e-01
1.815662668629402787e-01
-5.910831231290663013e-01
-3.987231012385010764e-01
-1.138670145566214320e-01
-5.704352268777995727e-01
-1.132361147158909148e-01
6.289557546164120530e-04
-2.032579154755209325e-02
2.405224663937902685e-01
-6.305587153737451933e-02
7.602315147722490951e-02
1.099383426599288283e-01
1.441047089403371673e-01
9.896173834372731792e-02
-1.122780294297874015e-01
7.529320662031187272e-02
-1.189624275039281448e-01
3.345677431878797941e-03
-7.051907488895077687e-03
5.936512932807180148e-03
-7.808882017237449291e-02
7.468750073287683255e-02
1.603984815502712200e-02
-6.805733679058719732e-01
1.252753171491698125e-01
-3.680448548326611391e-01
-5.713243418919524697e-01
-1.182142411376741337e-01
-5.555427682138104339e-01
1.438160011159337823e-02
6.166883594081230997e-03
3.154618901478605658e-02
1.114505199988358869e-01
4.010449918309718503e-02
2.040348844360002079e-01
3.752935336900008884e-02
7.966048973299962033e-02
7.868559727933308046e-02
3.545919969960000806e-01
2.498086427565527311e-03
-2.837730609294053692e-03
-5.624788885287697049e-01
-3.294840219679883060e-03
5.218218121182848224e-01
-5.152851078264885087e-01
-2.107242493059819158e-02
-4.809899430849056134e-01
6.691753199166630695e-02
1.777174515023004497e+00
1.642817170382994352e+00
3.318553477431812095e-03
-1.788821654344423528e+00
-1.853521735004986404e+00
-9.432147941788923684e-02
1.352593240933374630e-01
5.450318092789086660e-02
7.665422558538802222e-02
1.265940288473299535e-01
3.325431845215568588e-02
2.417758172766620861e-02
1.630628212350662132e+00
1.164055450760000943e+00
1.878766502975585907e-03
-1.753736203710986263e+00
-1.331853638093578374e+00
4.480356532259689994e-01
-8.030548450335534688e-03
-3.134411339165671939e-01
-3.979320764568942126e-01
-1.649954718139392054e-03
-2.873178078428423321e-01
3.545919969960000806e-01
3.318553477431812095e-03
1.878766502975585907e-03
-2.000078324683334241e-01
6.064313688332763179e-03
1.634734637766665222e-01
-2.942631469580915260e-01
1.421645706019356858e-01
4.394495204939267707e-01
-2.569131796029345272e-01
-1.259961101222058510e-01
-4.165865285871939716e-01
2.498086427565527311e-03
-1.788821654344423528e+00
-1.753736203710986263e+00
1.797048997499938947e-02
1.993754289953340475e+00
1.608423169500335703e+00
1.456165221960199208e-01
1.697912136719771994e-02
-1.853047880603751474e-01
-1.526187045723543523e-01
1.798411520803268326e-02
-1.774223621124760009e-01
-2.837730609294053692e-03
-1.853521735004986404e+00
-1.331853638093578374e+00
1.847756088599965610e-02
1.565724828295668392e+00
1.177182878415335976e+00
4.350839534976882472e-01
-1.894539351056885590e-01
-4.611411660491064879e-01
-4.171438159922594147e-01
-1.615885609730861872e-01
-4.117792291990980957e-01
-5.624788885287697049e-01
-9.432147941788923684e-02
4.480356532259689994e-01
-2.942631469580915260e-01
1.456165221960199208e-01
4.350839534976882472e-01
2.654293022182662720e-01
5.535499460613697159e-02
-1.622424572707971691e-01
-3.503360255595043549e-02
9.165323596543369783e-03
2.324418748012309008e-02
-3.294840219679883060e-03
1.352593240933374630e-01
-8.030548450335534688e-03
1.421645706019356858e-01
1.697912136719771994e-02
-1.894539351056885590e-01
1.936174968313674610e-02
-4.952483863759950256e-02
-2.901148115070759786e-02
-5.370803282005575524e-03
-1.668644944019523693e-02
2.206085879261721408e-02
5.218218121182848224e-01
5.450318092789086660e-02
-3.134411339165671939e-01
4.394495204939267707e-01
-1.853047880603751474e-01
-4.611411660491064879e-01
-1.636509456240459459e-01
-1.842317559931575671e-02
1.702663497523331515e-01
-2.676637179313726134e-02
2.249455283040201897e-02
2.720553588114565935e-02
-5.152851078264885087e-01
7.665422558538802222e-02
-3.979320764568942126e-01
-2.569131796029345272e-01
-1.526187045723543523e-01
-4.171438159922594147e-01
-3.503360255595043549e-02
-5.370803282005575524e-03
-2.676637179313726134e-02
2.735272454940747555e-01
-3.554059423195445044e-02
1.630270499724515709e-01
-2.107242493059819158e-02
1.265940288473299535e-01
-1.649954718139392054e-03
-1.259961101222058510e-01
1.798411520803268326e-02
-1.615885609730861872e-01
9.165323596543369783e-03
-1.668644944019523693e-02
2.249455283040201897e-02
-3.616388969095447881e-02
-5.757214795807475555e-02
-1.602290609811210520e-02
-4.809899430849056134e-01
3.325431845215568588e-02
-2.873178078428423321e-01
-4.165865285871939716e-01
-1.774223621124760009e-01
-4.117792291990980957e-01
2.324418748012309008e-02
2.206085879261721408e-02
2.720553588114565935e-02
1.748956196815861230e-01
-2.113296714426837059e-02
1.736656329973333968e-01
4.437954376768871168e-01
-1.376328167924883994e-01
9.643234643783307747e-02
-1.693653247702242223e-02
1.965150641038044058e-02
-6.960700768583192102e-03
-1.244891846757563841e-01
1.421001959877905103e-03
-1.496277850084385685e-01
-1.237289899851088948e-01
1.037995495089560766e-01
1.082948806344919690e-01
-9.176303507782156144e-02
3.635629471634463927e-01
7.881045734926434010e-02
-2.241260018039746213e-02
-3.587351093210793263e-01
1.211512033946160194e-01
1.004071557085401377e-02
-4.504854194023762831e-02
-5.837809846296378689e-03
1.364529037118964172e-01
-1.536267289488005838e-01
-1.361745715331569850e-01
9.266890702444714745e-02
7.570731628151360082e-02
5.380121885573355689e-01
7.492057679512601452e-03
1.224316102557096164e-01
-9.720119548189880276e-02
-1.915722622047758839e-01
-1.793211022953306033e-02
-3.033351106640065353e-01
1.337890766677536925e-01
-1.199352624442762277e-01
-1.955171183460910622e-01
-1.693653247702242223e-02
-2.241260018039746213e-02
7.492057679512601452e-03
2.221573543516964025e-02
-1.425434734203001250e-02
-2.675920279365945342e-03
-1.275211267698596416e-03
1.924353296079496858e-02
-1.199823645646420564e-02
3.017792588490603514e-03
2.484175173710326603e-02
-2.888632093519534916e-03
1.965150641038044058e-02
-3.587351093210793263e-01
1.224316102557096164e-01
5.249401778636742649e-03
2.146598897761633762e-01
-8.142550794389857849e-02
-2.084798304968429102e-03
-3.207554940719619004e-03
7.502504543852731630e-04
1.159738913528902049e-03
-2.687959150515241771e-02
7.031576324814197559e-03
-6.960700768583192102e-03
1.211512033946160194e-01
-9.720119548189880276e-02
-4.347052735432966816e-03
-8.535975990361237276e-02
1.809601574623335429e-01
-1.907694059021885396e-03
3.508226747917002342e-02
-1.508531395658176122e-02
1.031233998836377213e-03
-2.231305014272575230e-02
3.506767649661831319e-03
-1.244891846757563841e-01
1.004071557085401377e-02
-1.915722622047758839e-01
-1.275211267698596416e-03
-2.084798304968429102e-03
-1.907694059021885396e-03
1.246592236596928693e-01
2.218620268299845155e-03
1.524288465036160445e-01
7.145588562843881338e-03
2.907636547310256479e-03
1.891899392812654290e-02
1.421001959877905103e-03
-4.504854194023762831e-02
-1.793211022953306033e-02
1.924353296079496858e-02
-3.207554940719619004e-03
3.508226747917002342e-02
2.014654109663321577e-02
5.168302379797452134e-02
1.586479234962693413e-02
-1.111344392206471861e-02
4.613047185905543024e-04
-2.170940348966805475e-02
-1.496277850084385685e-01
-5.837809846296378689e-03
-3.033351106640065353e-01
-1.199823645646420564e-02
7.502504543852731630e-04
-1.508531395658176122e-02
1.638132285651025533e-01
6.306398542205687852e-03
2.861142064886671998e-01
-1.538678426545694172e-02
-2.694334278617355801e-03
-2.718987059443440241e-02
-1.237289899851088948e-01
1.364529037118964172e-01
1.337890766677536925e-01
3.017792588490603514e-03
1.159738913528902049e-03
1.031233998836377213e-03
7.145588562843881338e-03
-1.111344392206471861e-02
-1.538678426545694172e-02
1.276248937933638639e-01
-1.108259043962275259e-01
-1.186772830225735625e-01
1.037995495089560766e-01
-1.536267289488005838e-01
-1.199352624442762277e-01
2.484175173710326603e-02
-2.687959150515241771e-02
-2.231305014272575230e-02
2.907636547310256479e-03
4.613047185905543024e-04
-2.694334278617355801e-03
-1.254810690102275972e-01
1.624553378919704194e-01
1.347019917904835884e-01
1.082948806344919690e-01
-1.361745715331569850e-01
-1.955171183460910622e-01
-2.888632093519534916e-03
7.031576324814197559e-03
3.506767649661831319e-03
1.891899392812654290e-02
-2.170940348966805475e-02
-2.718987059443440241e-02
-1.142402040598140267e-01
1.426658268639445781e-01
1.979735662430003318e-01
2.743662938757863712e-01
-1.078587475185277117e-01
1.255116527401575928e-02
-1.167902382399998128e-02
1.761644384232250327e-03
-1.095433028602826338e-04
-1.314550158849570882e-01
3.695460785091687211e-02
-1.406796494998087399e-01
-1.314707835850833506e-01
6.899706740980335318e-02
1.283222759371958066e-01
-1.079749108148610748e-01
9.440090384421459535e-02
5.551167840895179090e-02
-1.348152947502718677e-02
3.345674481641888048e-02
-6.032958145332121928e-03
4.028158597645048467e-02
-4.540866087933457390e-02
5.002001413033969890e-02
8.144986827945399632e-02
-8.248598120765930630e-02
-9.971059738055480792e-02
1.313137126686009584e-02
5.621487428716411688e-02
5.618305964320010615e-01
1.542860116200730526e-03
-6.054542370332129976e-03
-1.731263267841894049e-02
-1.813816842280053243e-01
5.353518392956707617e-02
-2.902964166577082228e-01
1.671133066130088551e-01
-1.038672007093402877e-01
-2.537878449622572030e-01
-1.167902382399998128e-02
-1.348152947502718677e-02
1.542860116200730526e-03
4.679793645185575772e-03
5.340303854579990777e-04
-1.057998020351272035e-04
3.615028715377103640e-03
6.333440392978002646e-03
-2.943851589588415132e-04
3.703055973242571838e-03
6.286408126963613507e-03
-1.186026937612777964e-03
1.761644384232250327e-03
3.345674481641888048e-02
-6.054542370332129976e-03
4.359765944580004313e-04
-3.590108930651901564e-02
5.368870665146895441e-03
-7.723798374051232297e-04
2.750923962604403042e-03
-4.982152066439206025e-04
-1.510334478436452894e-03
4.642457769128782805e-04
1.135643247389938161e-03
-1.095433028602826338e-04
-6.032958145332121928e-03
-1.731263267841894049e-02
-2.863892289631419152e-04
6.398221082762766201e-03
9.527700890666663744e-03
2.527185595323498766e-03
9.545972376210319632e-03
3.134119781018503224e-03
-2.469697488167433858e-03
-9.099822490284074222e-03
5.214135846844553633e-03
-1.314550158849570882e-01
4.028158597645048467e-02
-1.813816842280053243e-01
3.615028715377103640e-03
-7.723798374051232297e-04
2.527185595323498766e-03
1.182066303382984102e-01
-4.088184822826020776e-02
1.591653846193433752e-01
8.575931355286940672e-03
9.129432308596563059e-04
1.895223858712779749e-02
3.695460785091687211e-02
-4.540866087933457390e-02
5.353518392956707617e-02
6.333440392978002646e-03
2.750923962604403042e-03
9.545972376210319632e-03
-4.089789305959352916e-02
4.195642901836783845e-02
-5.287295623845861270e-02
-3.851893096862768137e-03
1.185103668158900454e-03
-1.056172287603399790e-02
-1.406796494998087399e-01
5.002001413033969890e-02
-2.902964166577082228e-01
-2.943851589588415132e-04
-4.982152066439206025e-04
3.134119781018503224e-03
1.588689598514115842e-01
-5.228573240460938909e-02
3.176857900689999958e-01
-1.858798856778276498e-02
3.188357225559925942e-03
-2.986015773544577895e-02
-1.314707835850833506e-01
8.144986827945399632e-02
1.671133066130088551e-01
3.703055973242571838e-03
-1.510334478436452894e-03
-2.469697488167433858e-03
8.575931355286940672e-03
-3.851893096862768137e-03
-1.858798856778276498e-02
1.194381672119152749e-01
-7.688509068613683106e-02
-1.448484512072927555e-01
6.899706740980335318e-02
-8.248598120765930630e-02
-1.038672007093402877e-01
6.286408126963613507e-03
4.642457769128782805e-04
-9.099822490284074222e-03
9.129432308596563059e-04
1.185103668158900454e-03
3.188357225559925942e-03
-7.709746857480351268e-02
8.002169846008545806e-02
1.099461788168012294e-01
1.283222759371958066e-01
-9.971059738055480792e-02
-2.537878449622572030e-01
-1.186026937612777964e-03
1.135643247389938161e-03
5.214135846844553633e-03
1.895223858712779749e-02
-1.056172287603399790e-02
-2.986015773544577895e-02
-1.449239382434303614e-01
1.089733089883498651e-01
2.785902853079990638e-01
-9.417333814336702469e-01
8.917652714533241820e-02
1.170184075519992567e-01
6.137716351969991768e-01
7.430993574645860730e-03
1.786541069173605643e-03
-1.677093239805261815e-01
1.952286780482385409e-01
3.033254623679509376e-01
-1.892059789580864682e-01
-2.146891603436864859e-01
-3.337636654024410676e-01
1.100307768226661542e-01
2.460062639207003521e+00
3.330059959593349994e+00
-1.759846978587880154e-02
-2.287950091327104030e+00
-2.747201964866245572e+00
-4.402300534367933199e-02
3.150786943057046208e-01
-2.210543271964270692e-03
3.409933770596359354e-02
2.948548412228767512e-01
-8.976215987242392932e-03
6.808382695332360242e-03
3.963351103101671047e+00
2.839602062747328848e+00
-3.069193253291830487e-02
-2.472801746092245345e+00
-1.764347302859903932e+00
1.726976298645353514e-01
-1.765888976916303033e-01
-9.441371124317843311e-02
-1.652525022621014195e-01
-1.800673440028067729e-01
-1.416658427587903779e-01
6.137716351969991768e-01
-1.759846978587880154e-02
-3.069193253291830487e-02
7.302604290933317754e-02
-1.505404804546679187e-01
-1.057211413666675308e-02
-1.456098193682275332e-01
1.883113284434382098e-02
1.749342326420653959e-01
-2.842865321326979236e-02
6.304709423621536468e-02
2.766977240048831398e-03
7.430993574645860730e-03
-2.287950091327104030e+00
-2.472801746092245345e+00
2.476981289759984106e-01
2.172067633032339184e+00
5.770577876283319307e-01
6.958547002119214175e-02
-6.252293981203355675e-04
-7.697980865039708021e-02
-1.929437778247058977e-02
9.945425475098966170e-03
-4.646022972940574980e-03
1.786541069173605643e-03
-2.747201964866245572e+00
-1.764347302859903932e+00
-4.612797065220009540e-01
4.776441025653328509e-01
1.641046670571003618e+00
1.647309271682898812e-01
-3.008939877685061492e-02
-2.037094007426524800e-01
-5.832230664757630245e-02
1.633949237686226769e-02
-1.324680071482918324e-02
-1.677093239805261815e-01
-4.402300534367933199e-02
1.726976298645353514e-01
-1.456098193682275332e-01
6.958547002119214175e-02
1.647309271682898812e-01
2.783838338227421771e-01
4.347605392090284071e-02
-1.930046333699676209e-01
-3.713730634994472091e-02
2.410017409963662385e-02
2.438435976149104858e-02
1.952286780482385409e-01
3.150786943057046208e-01
-1.765888976916303033e-01
1.883113284434382098e-02
-6.252293981203355675e-04
-3.008939877685061492e-02
-3.694757480097073110e-03
-1.409685088914094386e-01
-5.799037849482538420e-02
-1.797947949222155131e-02
-3.338138245137355076e-02
5.922301839659025596e-02
3.033254623679509376e-01
-2.210543271964270692e-03
-9.441371124317843311e-02
1.749342326420653959e-01
-7.697980865039708021e-02
-2.037094007426524800e-01
-1.994375011619038962e-01
-5.339643687315421411e-02
1.446347503390000011e-01
-2.916038286511675112e-02
4.888132723908213823e-02
3.883386706031830005e-02
-1.892059789580864682e-01
3.409933770596359354e-02
-1.652525022621014195e-01
-2.842865321326979236e-02
-1.929437778247058977e-02
-5.832230664757630245e-02
-3.713730634994472091e-02
-1.797947949222155131e-02
-2.916038286511675112e-02
2.907238557935668544e-01
-2.212038625613449438e-02
1.941628373257558993e-01
-2.146891603436864859e-01
2.948548412228767512e-01
-1.800673440028067729e-01
6.304709423621536468e-02
9.945425475098966170e-03
1.633949237686226769e-02
2.410017409963662385e-02
-3.338138245137355076e-02
4.888132723908213823e-02
2.616696339531973670e-03
-1.557385533372337705e-01
-5.518726340380573914e-02
-3.337636654024410676e-01
-8.976215987242392932e-03
-1.416658427587903779e-01
2.766977240048831398e-03
-4.646022972940574980e-03
-1.324680071482918324e-02
2.438435976149104858e-02
5.922301839659025596e-02
3.883386706031830005e-02
2.006094472839093645e-01
-5.478109537450756572e-02
1.429225730083333035e-01
2.643747216257031352e-01
-1.020450625646088516e-01
2.144659856561760558e-02
-1.252098517599997511e-02
7.176260996922771175e-03
-1.456282044077553605e-03
-1.355372972651138763e-01
2.166464001840550865e-02
-1.471930178520852450e-01
-1.351721875584649957e-01
7.687134318860844306e-02
1.257447221767527268e-01
-1.025743702242755129e-01
1.578280636336307219e-01
8.273700048129582763e-02
-7.539593234367539948e-03
-6.886993594878634307e-03
-5.495280877178641311e-03
2.925084182091593904e-02
-4.745799015999045689e-02
3.601316948853604955e-02
1.032765951598143966e-01
-1.126835177233049962e-01
-1.194354892729886791e-01
2.187393211072147237e-02
7.957732722852348117e-02
5.654150243679990639e-01
1.042348347369988692e-03
-6.409981264178648934e-03
-3.301491954512135452e-02
-1.923657357150734271e-01
2.707664025547303413e-02
-3.055013855528956879e-01
1.622018374480511393e-01
-1.110160947462191794e-01
-2.381045956332301650e-01
-1.252098517599997511e-02
-7.539593234367539948e-03
1.042348347369988692e-03
1.403188517542879390e-02
-1.217494829493341157e-03
2.061148560106019351e-03
1.116839429531394073e-03
9.581131259865621752e-03
-7.829546635090734938e-03
4.044104786762282681e-03
1.414381454422174340e-02
-3.208242379298531857e-03
7.176260996922771175e-03
-6.886993594878634307e-03
-6.409981264178648934e-03
-5.312509821160034049e-03
1.675584441557111809e-02
-3.417709544802347010e-03
-1.057336423141566140e-03
-2.783145939195510316e-03
-4.564442535740159202e-04
-3.755653285264028401e-03
-1.108813823921786165e-02
5.243760967576348991e-03
-1.456282044077553605e-03
-5.495280877178641311e-03
-3.301491954512135452e-02
1.596885480456680445e-03
4.585622119135191431e-03
3.152046899033339455e-02
4.156262623852692573e-03
2.770066765866397926e-02
2.968914219664115905e-03
-1.560206808936650700e-03
-2.018248950784555171e-02
7.805777901455557624e-03
-1.355372972651138763e-01
2.925084182091593904e-02
-1.923657357150734271e-01
1.116839429531394073e-03
-1.057336423141566140e-03
4.156262623852692573e-03
1.198293292480740457e-01
-2.809088140952705620e-02
1.614044111658627101e-01
9.655295564468611980e-03
1.612883604632968544e-03
1.916720498623259925e-02
2.166464001840550865e-02
-4.745799015999045689e-02
2.707664025547303413e-02
9.581131259865621752e-03
-2.783145939195510316e-03
2.770066765866397926e-02
-2.792502172219371581e-02
4.928531720259202165e-02
-3.358358703575084481e-02
-6.219207858705602318e-03
-3.026714144350906455e-04
-1.280108711833220086e-02
-1.471930178520852450e-01
3.601316948853604955e-02
-3.055013855528956879e-01
-7.829546635090734938e-03
-4.564442535740159202e-04
2.968914219664115905e-03
1.599863404883279383e-01
-3.251016071926160489e-02
3.254871074959997390e-01
-1.857702232334249373e-02
-4.974930969256673776e-05
-2.942191654803353110e-02
-1.351721875584649957e-01
1.032765951598143966e-01
1.622018374480511393e-01
4.044104786762282681e-03
-3.755653285264028401e-03
-1.560206808936650700e-03
9.655295564468611980e-03
-6.219207858705602318e-03
-1.857702232334249373e-02
1.239697144831574394e-01
-8.800085414315862720e-02
-1.390755330542669810e-01
7.687134318860844306e-02
-1.126835177233049962e-01
-1.110160947462191794e-01
1.414381454422174340e-02
-1.108813823921786165e-02
-2.018248950784555171e-02
1.612883604632968544e-03
-3.026714144350906455e-04
-4.974930969256673776e-05
-9.122069327982527953e-02
1.113651315331754127e-01
1.200539451907939315e-01
1.257447221767527268e-01
-1.194354892729886791e-01
-2.381045956332301650e-01
-3.208242379298531857e-03
5.243760967576348991e-03
7.805777901455557624e-03
1.916720498623259925e-02
-1.280108711833220086e-02
-2.942191654803353110e-02
-1.375846216542814804e-01
1.210684661516251287e-01
2.595069645970000116e-01
2.649399592295794692e-01
-1.039055892707531625e-01
1.921412289366341078e-02
-7.450944051999999936e-03
3.858044087327667376e-03
-7.382244175645076003e-04
-1.310999572461060414e-01
2.596821064356637232e-02
-1.415038609093742239e-01
-1.305251541646730573e-01
7.098743595300863185e-02
1.228738297775167770e-01
-1.032238872924198386e-01
1.409267371057546792e-01
7.328799912067254785e-02
-6.021604765738015376e-03
-8.635297571861330623e-02
1.609198766340618272e-02
3.125078754962037214e-02
-4.699729534297136802e-02
3.874896657727035232e-02
9.524235240131581626e-02
-1.015745391062966574e-01
-1.105248531607868345e-01
1.713783551337209540e-02
7.050637127177149244e-02
5.692527067336652369e-01
-8.471979373469849155e-04
9.744005067406179624e-03
-3.230710647038643329e-02
-1.851239154157842404e-01
3.289513825472301090e-02
-2.952091205769225013e-01
1.595926543278119447e-01
-1.060222382391171891e-01
-2.377370763770304818e-01
-7.450944051999999936e-03
-6.021604765738015376e-03
-8.471979373469849155e-04
1.439873382451160172e-02
1.121854415685451267e-04
6.722940813241645632e-04
5.837082951233037165e-03
1.087406936065429645e-02
-4.102151838158844474e-03
4.488868842540234654e-03
1.220595336220697130e-02
-3.073652528187120411e-03
3.858044087327667376e-03
-8.635297571861330623e-02
9.744005067406179624e-03
-7.462292316764784252e-03
-7.269703049178305281e-03
-1.228803251865592718e-03
-9.291829381117602251e-04
-3.073667994870459431e-03
-2.884791136516678435e-04
-2.434480877225068778e-03
-9.121304256268005298e-03
4.613090647542273520e-03
-7.382244175645076003e-04
1.609198766340618272e-02
-3.230710647038643329e-02
1.631100636656997215e-03
6.884513455960830815e-03
2.420057519200007404e-02
2.678134142262118302e-03
2.128440822322334031e-02
3.240588507637400840e-03
-1.932297614799090681e-03
-1.654813748439651691e-02
7.816122247727754976e-03
-1.310999572461060414e-01
3.125078754962037214e-02
-1.851239154157842404e-01
5.837082951233037165e-03
-9.291829381117602251e-04
2.678134142262118302e-03
1.183011218299576950e-01
-3.055612407787860682e-02
1.608644589089231469e-01
9.238239439925483715e-03
1.502867222804587241e-03
1.903583196054935839e-02
2.596821064356637232e-02
-4.699729534297136802e-02
3.289513825472301090e-02
1.087406936065429645e-02
-3.073667994870459431e-03
2.128440822322334031e-02
-3.122722156521192879e-02
4.815284469537506329e-02
-3.837420595335760271e-02
-5.606532747824828980e-03
-8.171838425139054556e-05
-1.204711967778190548e-02
-1.415038609093742239e-01
3.874896657727035232e-02
-2.952091205769225013e-01
-4.102151838158844474e-03
-2.884791136516678435e-04
3.240588507637400840e-03
1.616631505639004596e-01
-3.789095825149442487e-02
3.233273965140007200e-01
-1.891697667344209577e-02
5.055392092212073613e-04
-2.955195941167408635e-02
-1.305251541646730573e-01
9.524235240131581626e-02
1.595926543278119447e-01
4.488868842540234654e-03
-2.434480877225068778e-03
-1.932297614799090681e-03
9.238239439925483715e-03
-5.606532747824828980e-03
-1.891697667344209577e-02
1.223039545197973643e-01
-8.466440897373744834e-02
-1.405357220304092880e-01
7.098743595300863185e-02
-1.015745391062966574e-01
-1.060222382391171891e-01
1.220595336220697130e-02
-9.121304256268005298e-03
-1.654813748439651691e-02
1.502867222804587241e-03
-8.171838425139054556e-05
5.055392092212073613e-04
-8.592030165340408532e-02
1.025594173495350259e-01
1.174751166628223431e-01
1.228738297775167770e-01
-1.105248531607868345e-01
-2.377370763770304818e-01
-3.073652528187120411e-03
4.613090647542273520e-03
7.816122247727754976e-03
1.903583196054935839e-02
-1.204711967778190548e-02
-2.955195941167408635e-02
-1.402820791143395696e-01
1.167657390170323273e-01
2.660554782119998740e-01
2.766747887373496861e-01
-1.077856944144593848e-01
1.344294697264234589e-02
-1.326291735799998116e-02
3.234686814558367877e-03
-5.122525694519647907e-04
-1.263135401064322816e-01
3.284682570517435951e-02
-1.324276984733030460e-01
-1.263173922684932282e-01
6.607999097485575679e-02
1.198021342253024341e-01
-1.069730374174593795e-01
9.882309681098244702e-02
5.769840726397253844e-02
-1.484131532578945693e-02
3.390418477859315216e-02
-7.286226561052701507e-03
3.874938167893397789e-02
-4.607064977045612075e-02
4.773676638951074302e-02
8.418912270786561847e-02
-8.624790095539164314e-02
-1.030425945313811903e-01
1.376417371183688565e-02
6.147969918117385940e-02
5.635828171413318488e-01
1.814587669706309173e-03
-7.171711226052710289e-03
-2.058662979459315034e-02
-1.853658933603418713e-01
4.947963514321201961e-02
-2.966329088281117188e-01
1.694772404128396526e-01
-1.058263792692242244e-01
-2.565923049781151377e-01
-1.326291735799998116e-02
-1.484131532578945693e-02
1.814587669706309173e-03
5.846013581339598586e-03
-1.419303459884958905e-03
2.240081640570201261e-04
3.780549741718810305e-03
7.910579388489111588e-03
-6.113616925825443105e-04
3.848455106859374839e-03
7.771475318997297238e-03
-1.480333797379094736e-03
3.234686814558367877e-03
3.390418477859315216e-02
-7.171711226052710289e-03
-1.432003585884951934e-03
-3.519462813700628689e-02
6.289413215073058963e-03
-1.015026716003925673e-03
1.240475757056946210e-03
-5.878543954012878424e-04
-1.850183073993633088e-03
-1.619124784322073865e-03
1.791221776642684151e-03
-5.122525694519647907e-04
-7.286226561052701507e-03
-2.058662979459315034e-02
3.158449503563019213e-06
6.129230378202689053e-03
1.277535688800003795e-02
2.942316028519516985e-03
1.259054150719724277e-02
3.026669816224249708e-03
-2.679452224781805284e-03
-1.135228038122392848e-02
6.013045479462702896e-03
-1.263135401064322816e-01
3.874938167893397789e-02
-1.853658933603418713e-01
3.780549741718810305e-03
-1.015026716003925673e-03
2.942316028519516985e-03
1.183965777367853162e-01
-3.843218884216671738e-02
1.599997177628302292e-01
8.728923882134427548e-03
8.693197318161048018e-04
1.906771954576177291e-02
3.284682570517435951e-02
-4.607064977045612075e-02
4.947963514321201961e-02
7.910579388489111588e-03
1.240475757056946210e-03
1.259054150719724277e-02
-3.867348108650006666e-02
4.366366419021458500e-02
-5.010450015872627144e-02
-4.014543062373289450e-03
6.958960377446021415e-04
-1.073192822984290334e-02
-1.324276984733030460e-01
4.773676638951074302e-02
-2.966329088281117188e-01
-6.113616925825443105e-04
-5.878543954012878424e-04
3.026669816224249708e-03
1.601941296280367522e-01
-4.983593174104088835e-02
3.187893219459987382e-01
-1.866092951715669912e-02
2.639704248856253408e-03
-2.995088093987903835e-02
-1.263173922684932282e-01
8.418912270786561847e-02
1.694772404128396526e-01
3.848455106859374839e-03
-1.850183073993633088e-03
-2.679452224781805284e-03
8.728923882134427548e-03
-4.014543062373289450e-03
-1.866092951715669912e-02
1.189831035248975072e-01
-7.878776438770354607e-02
-1.446765691054436587e-01
6.607999097485575679e-02
-8.624790095539164314e-02
-1.058263792692242244e-01
7.771475318997297238e-03
-1.619124784322073865e-03
-1.135228038122392848e-02
8.693197318161048018e-04
6.958960377446021415e-04
2.639704248856253408e-03
-7.834246959603689830e-02
8.612677452776894282e-02
1.113961729802758760e-01
1.198021342253024341e-01
-1.030425945313811903e-01
-2.565923049781151377e-01
-1.480333797379094736e-03
1.791221776642684151e-03
6.013045479462702896e-03
1.906771954576177291e-02
-1.073192822984290334e-02
-2.995088093987903835e-02
-1.443564583161634218e-01
1.106476972625501931e-01
2.761843311486666952e-01
5.200121055734302500e-01
-1.509665238791153552e-01
1.685216345103116575e-01
-1.742303200595602189e-02
2.097899837494352632e-02
-7.034408190766872591e-03
-1.101013579881855442e-01
1.193402961616268909e-03
-1.256101895504862787e-01
-1.101339401976216270e-01
8.710764739287660263e-02
9.059002354166104110e-02
-1.006376463874487093e-01
3.763116624549029954e-01
7.080627413576004447e-02
-2.245430853729322995e-02
-3.131962175869350551e-01
1.035713032310425774e-01
9.308987850848202128e-03
-4.419353897031479822e-02
-3.857237325401022873e-03
1.215900764361667885e-01
-1.358641735640387926e-01
-1.184504898348139462e-01
1.294069915148438332e-01
8.857008873947180838e-02
5.484776394916690556e-01
8.721021563217454253e-03
1.052487419020609605e-01
-8.870138838810939785e-02
-1.693177364372752403e-01
-1.655712486841229986e-02
-2.650257410225001498e-01
1.164328666638515808e-01
-1.016990999463115303e-01
-1.733225242193400795e-01
-1.742303200595602189e-02
-2.245430853729322995e-02
8.721021563217454253e-03
1.226045737508970300e-02
-2.559457767656164381e-02
-9.095402912160922143e-03
-1.023206161711093980e-03
1.923024643735536318e-02
-1.185450084104148691e-02
2.498317678499667373e-03
2.393121367669279534e-02
-2.194136505514439079e-03
2.097899837494352632e-02
-3.131962175869350551e-01
1.052487419020609605e-01
2.397616680771826048e-03
1.772577077102435172e-01
-1.149625224072389346e-01
-2.519197688710317871e-03
-3.082467804285567159e-03
1.271555434821780095e-03
2.733947943471263164e-04
-2.695424327943749324e-02
5.782540995512367062e-03
-7.034408190766872591e-03
1.035713032310425774e-01
-8.870138838810939785e-02
4.286106600203776901e-03
-1.176021856698825085e-01
1.691266460530004290e-01
-2.185981151074195290e-03
3.479337782351266811e-02
-1.509926131300331001e-02
2.660379356341237810e-03
-2.095016378325654030e-02
5.138371718937839901e-03
-1.101013579881855442e-01
9.308987850848202128e-03
-1.693177364372752403e-01
-1.023206161711093980e-03
-2.519197688710317871e-03
-2.185981151074195290e-03
1.274554796120981326e-01
-2.940735724112544108e-03
1.384564341150006095e-01
7.110640423799813488e-03
2.495774973429960852e-03
1.876652929966046365e-02
1.193402961616268909e-03
-4.419353897031479822e-02
-1.655712486841229986e-02
1.923024643735536318e-02
-3.082467804285567159e-03
3.479337782351266811e-02
1.712728234688743259e-02
4.265260382256912119e-02
1.004576040014697018e-02
-1.061555668997231361e-02
6.509568970113568552e-04
-2.176569395319597616e-02
-1.256101895504862787e-01
-3.857237325401022873e-03
-2.650257410225001498e-01
-1.185450084104148691e-02
1.271555434821780095e-03
-1.509926131300331001e-02
1.589341108491248711e-01
2.376788363406853732e-02
2.664387474593336580e-01
-1.546142304581419116e-02
-3.096500408017158115e-03
-2.699206539581112951e-02
-1.101339401976216270e-01
1.215900764361667885e-01
1.164328666638515808e-01
2.498317678499667373e-03
2.733947943471263164e-04
2.660379356341237810e-03
7.110640423799813488e-03
-1.061555668997231361e-02
-1.546142304581419116e-02
1.237946449157545370e-01
-1.126260035391279529e-01
-1.211518535214818060e-01
8.710764739287660263e-02
-1.358641735640387926e-01
-1.016990999463115303e-01
2.393121367669279534e-02
-2.695424327943749324e-02
-2.095016378325654030e-02
2.495774973429960852e-03
6.509568970113568552e-04
-3.096500408017158115e-03
-1.249951284931281048e-01
1.573153929799131767e-01
1.383936035938018727e-01
9.059002354166104110e-02
-1.184504898348139462e-01
-1.733225242193400795e-01
-2.194136505514439079e-03
5.782540995512367062e-03
5.138371718937839901e-03
1.876652929966046365e-02
-2.176569395319597616e-02
-2.699206539581112951e-02
-1.168733171579044161e-01
1.430244118866650094e-01
1.960603722366671964e-01
2.869896725463150222e-01
-1.019956167526298585e-01
2.822923101411815849e-02
-2.071641200800002428e-02
7.356655011781928002e-03
-2.515017086761637839e-03
-1.330246708357556706e-01
1.487619045971299604e-02
-1.393875522925838717e-01
-1.324052444067803369e-01
7.689625336050716353e-02
1.182841147767767775e-01
-1.099011598476299090e-01
2.062241486850175665e-01
8.933792206840128480e-02
-1.587095650416232850e-02
-7.450175453554791494e-02
8.750133577532466511e-03
2.502895023114654061e-02
-5.047995663786881276e-02
2.803211524601401453e-02
1.050951691814054068e-01
-1.172086612007161022e-01
-1.191193387626158090e-01
4.503900091940026690e-02
8.708355264320029321e-02
5.644063780830017585e-01
7.308914087498835990e-03
7.640080602532452365e-03
-4.319987705845209497e-02
-1.853718155220784036e-01
1.570269759417690716e-02
-2.938672791473754820e-01
1.523932999392227650e-01
-1.034240478179897643e-01
-2.277136473085032420e-01
-2.071641200800002428e-02
-1.587095650416232850e-02
7.308914087498835990e-03
2.077960853024378093e-02
-1.376788185446914652e-03
1.283450627025971074e-03
4.250152446178715598e-03
1.409754258977882584e-02
-3.619529802127278463e-03
3.144076484859600375e-03
1.685066757055897479e-02
-2.925634870476962954e-03
7.356655011781928002e-03
-7.450175453554791494e-02
7.640080602532452365e-03
-7.117420865446900079e-03
6.005305590175627484e-02
-1.655650219601194351e-02
-3.678567396989286271e-03
-2.772357048161717269e-03
1.798325140602619640e-04
-3.546273828818260077e-03
-1.418002067722746833e-02
7.367305184920448086e-03
-2.515017086761637839e-03
8.750133577532466511e-03
-4.319987705845209497e-02
1.466565158559629602e-05
-2.829900553217117292e-03
5.039687952633310764e-02
1.862918482334162277e-03
3.060055656370604810e-02
-2.145796595016982028e-03
-1.592668892899184053e-03
-2.112034145833619966e-02
8.795794642367873312e-03
-1.330246708357556706e-01
2.502895023114654061e-02
-1.853718155220784036e-01
4.250152446178715598e-03
-3.678567396989286271e-03
1.862918482334162277e-03
1.200658262167088736e-01
-2.219629048628995321e-02
1.584157584793929041e-01
9.889965646432864396e-03
1.251270289092596940e-03
1.928984846382113608e-02
1.487619045971299604e-02
-5.047995663786881276e-02
1.570269759417690716e-02
1.409754258977882584e-02
-2.772357048161717269e-03
3.060055656370604810e-02
-2.384581548528995343e-02
5.236529949262447303e-02
-2.894020607873447684e-02
-8.008642920317197295e-03
-1.036184389551685721e-03
-1.483657587045182982e-02
-1.393875522925838717e-01
2.803211524601401453e-02
-2.938672791473754820e-01
-3.619529802127278463e-03
1.798325140602619640e-04
-2.145796595016982028e-03
1.595632368347417174e-01
-2.782063017272402849e-02
3.239699578840003480e-01
-1.731976816181132750e-02
-1.898424921523324130e-04
-2.893314859688122728e-02
-1.324052444067803369e-01
1.050951691814054068e-01
1.523932999392227650e-01
3.144076484859600375e-03
-3.546273828818260077e-03
-1.592668892899184053e-03
9.889965646432864396e-03
-8.008642920317197295e-03
-1.731976816181132750e-02
1.297468889079527177e-01
-9.827855020230064076e-02
-1.308223038583043729e-01
7.689625336050716353e-02
-1.172086612007161022e-01
-1.034240478179897643e-01
1.685066757055897479e-02
-1.418002067722746833e-02
-2.112034145833619966e-02
1.251270289092596940e-03
-1.036184389551685721e-03
-1.898424921523324130e-04
-1.022359396893006006e-01
1.298545001567139867e-01
1.251123753834210706e-01
1.182841147767767775e-01
-1.191193387626158090e-01
-2.277136473085032420e-01
-2.925634870476962954e-03
7.367305184920448086e-03
8.795794642367873312e-03
1.928984846382113608e-02
-1.483657587045182982e-02
-2.893314859688122728e-02
-1.331745916940735297e-01
1.253027438337060984e-01
2.435297631780000971e-01
2.755609345912440333e-01
-9.510319590426516423e-02
3.679538569551686622e-02
-1.895561804200002198e-02
4.850331162711422721e-03
-1.774073377685611661e-03
-1.297278191340588971e-01
2.268487381165940758e-02
-1.353916785262528344e-01
-1.295475588121704213e-01
7.101122958426549225e-02
1.190423711728798017e-01
-1.108589116592650636e-01
1.640750752454226136e-01
8.189375046726174445e-02
-1.536714572617603469e-02
-4.367510759755830960e-03
-9.246701824696517205e-03
2.751363940277387968e-02
-4.791368253321177939e-02
3.383802146956425838e-02
9.759650923344047324e-02
-1.074695920943743860e-01
-1.132773097744899649e-01
3.641160555727300518e-02
7.425435951373599019e-02
5.667319813903350934e-01
3.906146522420010127e-03
-7.683223661696526874e-03
-3.591805352524413131e-02
-1.809390275495467160e-01
2.707126019348126550e-02
-2.877275765877295166e-01
1.543559511325761358e-01
-1.024681348736193459e-01
-2.299307376554553528e-01
-1.895561804200002198e-02
-1.536714572617603469e-02
3.906146522420010127e-03
1.787313436380108880e-02
3.081705407730507464e-03
2.939163008243973491e-03
4.874994286869910320e-03
1.319514371332764988e-02
-3.785922593889874069e-03
3.325235917015047400e-03
1.426933594589179823e-02
-1.994567807888080260e-03
4.850331162711422721e-03
-4.367510759755830960e-03
-7.683223661696526874e-03
-9.098668636028504246e-04
3.387177095886552414e-02
-1.032701177886548825e-02
-2.066538798651784605e-03
-2.964302526153438349e-03
-1.283566009828488808e-03
-3.760560865124210582e-03
-1.141464950138184470e-02
5.675327619194904527e-03
-1.774073377685611661e-03
-9.246701824696517205e-03
-3.591805352524413131e-02
1.756475032089163321e-03
3.863607109753767945e-03
4.415594955666641425e-02
1.960912100021540080e-03
2.504943320915389848e-02
-6.688473357164528756e-04
-2.290199123432149625e-03
-1.938819591009829230e-02
8.465448644366786041e-03
-1.297278191340588971e-01
2.751363940277387968e-02
-1.809390275495467160e-01
4.874994286869910320e-03
-2.066538798651784605e-03
1.960912100021540080e-03
1.186583774787289269e-01
-2.797404632815793726e-02
1.582550410926841788e-01
9.072863685190380584e-03
1.130266459019426632e-03
1.917414558500156810e-02
2.268487381165940758e-02
-4.791368253321177939e-02
2.707126019348126550e-02
1.319514371332764988e-02
-2.964302526153438349e-03
2.504943320915389848e-02
-2.839582948249126312e-02
5.071161331460423416e-02
-3.472441902873915631e-02
-6.905580708856332711e-03
-5.482889512918176370e-04
-1.376667006386595761e-02
-1.353916785262528344e-01
3.383802146956425838e-02
-2.877275765877295166e-01
-3.785922593889874069e-03
-1.283566009828488808e-03
-6.688473357164528756e-04
1.573139011776948093e-01
-3.341244837220068431e-02
3.239789683209997051e-01
-1.784219676310900768e-02
9.305526556407304724e-05
-2.922517465589859198e-02
-1.295475588121704213e-01
9.759650923344047324e-02
1.543559511325761358e-01
3.325235917015047400e-03
-3.760560865124210582e-03
-2.290199123432149625e-03
9.072863685190380584e-03
-6.905580708856332711e-03
-1.784219676310900768e-02
1.293642019463401849e-01
-9.288016498234047402e-02
-1.354342193142443196e-01
7.101122958426549225e-02
-1.074695920943743860e-01
-1.024681348736193459e-01
1.426933594589179823e-02
-1.141464950138184470e-02
-1.938819591009829230e-02
1.130266459019426632e-03
-5.482889512918176370e-04
9.305526556407304724e-05
-9.657820767267380480e-02
1.174364164656597348e-01
1.195178832599102237e-01
1.190423711728798017e-01
-1.132773097744899649e-01
-2.299307376554553528e-01
-1.994567807888080260e-03
5.675327619194904527e-03
8.465448644366786041e-03
1.917414558500156810e-02
-1.376667006386595761e-02
-2.922517465589859198e-02
-1.386722647076638892e-01
1.209849430940894560e-01
2.551959139860008330e-01
2.471436900863422381e-01
-1.091530526802368534e-01
1.810260997468070981e-03
-1.322397045732139759e-02
-1.409983020551953167e-04
-2.213943626845179397e-03
-1.340015995421702522e-01
4.106533766165851307e-02
-1.510491409004676155e-01
-1.303772784644849636e-01
6.340796716202662386e-02
1.254080479224962408e-01
-1.176035425382368216e-01
1.202849244316565314e-01
-3.431112195337617660e-02
-1.554306716666989212e-02
2.979448550946112856e-02
-1.052389519170439380e-02
4.618691596553488321e-02
-4.702526325756768016e-02
4.997742241483057318e-02
7.963192885751013694e-02
-8.045279198349725158e-02
-1.008225917961535906e-01
6.980929004223226236e-03
2.073375595009431180e-02
6.177637528119975796e-01
2.002720044260002715e-03
-7.810459707551849207e-03
-1.732157181113968061e-02
-1.918119118195670825e-01
6.088476500042408479e-02
-3.006165427542619728e-01
1.625530476406967240e-01
-9.680828464343420314e-02
-2.451141141920179789e-01
-1.322397045732139759e-02
-1.554306716666989212e-02
2.002720044260002715e-03
9.216931809053654622e-04
-3.880757909216699195e-03
1.020833601586177038e-02
-1.022737988018473411e-02
4.227840000631220840e-02
-1.802287657085677522e-02
4.809845654180946485e-03
5.841443388137955786e-03
-4.208324286255523132e-04
-1.409983020551953167e-04
2.979448550946112856e-02
-7.810459707551849207e-03
-2.381394033883363782e-03
-3.083203347157221705e-02
1.264350838847193986e-02
3.561778702251092166e-02
-1.548241639654570068e-01
7.193059349442261496e-02
-2.064791626439865108e-03
2.618590291123999107e-04
1.446063710862825020e-03
-2.213943626845179397e-03
-1.052389519170439380e-02
-1.732157181113968061e-02
3.772642646795935483e-04
2.392192079486876038e-02
4.900308835800012280e-02
-1.844767152414991673e-02
8.319892996735965551e-02
-3.263567967535788844e-02
-3.208933423260792919e-03
-9.426541213924716570e-03
-1.517036575293341863e-03
-1.340015995421702522e-01
4.618691596553488321e-02
-1.918119118195670825e-01
-1.022737988018473411e-02
3.561778702251092166e-02
-1.844767152414991673e-02
1.136704359918935536e-01
-4.017348360658606898e-02
1.585235744891012322e-01
7.663640496265520206e-03
1.011999187170052432e-03
1.790768562627304689e-02
4.106533766165851307e-02
-4.702526325756768016e-02
6.088476500042408479e-02
4.227840000631220840e-02
-1.548241639654570068e-01
8.319892996735965551e-02
-4.069566165958607429e-02
3.595926450410631692e-02
-5.487270137889746491e-02
-1.038667412528053230e-03
5.210756135123059858e-03
-1.130687341333750512e-02
-1.510491409004676155e-01
4.997742241483057318e-02
-3.006165427542619728e-01
-1.802287657085677522e-02
7.193059349442261496e-02
-3.263567967535788844e-02
1.566164896499350201e-01
-5.461694799910864206e-02
3.056995016019991573e-01
-1.553570195999396525e-02
6.217109290374427805e-03
-3.063340390138857838e-02
-1.303772784644849636e-01
7.963192885751013694e-02
1.625530476406967240e-01
4.809845654180946485e-03
-2.064791626439865108e-03
-3.208933423260792919e-03
7.663640496265520206e-03
-1.038667412528053230e-03
-1.553570195999396525e-02
1.212839062425814518e-01
-7.945146628950262857e-02
-1.432061873717806189e-01
6.340796716202662386e-02
-8.045279198349725158e-02
-9.680828464343420314e-02
5.841443388137955786e-03
2.618590291123999107e-04
-9.426541213924716570e-03
1.011999187170052432e-03
5.210756135123059858e-03
6.217109290374427805e-03
-7.630917326016928293e-02
6.683167394608499623e-02
1.080173109788359898e-01
1.254080479224962408e-01
-1.008225917961535906e-01
-2.451141141920179789e-01
-4.208324286255523132e-04
1.446063710862825020e-03
-1.517036575293341863e-03
1.790768562627304689e-02
-1.130687341333750512e-02
-3.063340390138857838e-02
-1.435351881984920086e-01
1.063519134623390344e-01
2.707945588386662106e-01
