5.480288304986949965e-01
-1.279758494493403280e-02
1.463251517318631123e-02
-5.480256871705967425e-01
-1.511794283468297431e-02
-1.714992465125981386e-02
1.453741592706590813e-02
3.856301896458524947e-04
-7.505821544872243005e-04
-1.453733254483227655e-02
-4.010296734742527236e-04
-4.549315180121353552e-04
-1.602801997264706457e-02
-4.251710491538977614e-04
4.687662581726269578e-04
1.602792804075813329e-02
4.421495297594426645e-04
5.015782373887573342e-04
-5.480256871705967425e-01
-1.453733254483227655e-02
1.602792804075813329e-02
5.480225438605278443e-01
-1.221714474927776406e-02
-1.351070886136922916e-02
-1.511794283468297431e-02
-4.010296734742527236e-04
4.421495297594426645e-04
1.511785612272216819e-02
4.170441094217547384e-04
7.985095375106499027e-04
-1.714992465125981386e-02
-4.549315180121353552e-04
5.015782373887573342e-04
1.714982628446413276e-02
4.730984321773268331e-04
5.366869390361714981e-04
6.588029071683583482e-02
-5.218135635047340716e-04
3.479371111189663362e-04
-6.588028243331758849e-02
4.766203945706151950e-04
1.705941970431875798e-04
-4.765510878380656767e-04
3.447175731176310709e-06
-5.903520212322487491e-05
4.765510279184814084e-04
-3.447677067655585681e-06
-1.234008673409452313e-06
1.792388357856343256e-04
-1.296540456558218854e-06
4.876505538346934739e-07
-1.792388132488761672e-04
1.296729017642825506e-06
4.641313044711489278e-07
-6.588028243331758849e-02
4.765510279184814084e-04
-1.792388132488761672e-04
6.588027414980035523e-02
-5.218828103089804930e-04
-3.392924509267035188e-04
4.766203945706151950e-04
-3.447677067655585681e-06
1.296729017642825506e-06
-4.766203346423121523e-04
3.448178477281210741e-06
5.897284980691777818e-05
1.705941970431875798e-04
-1.234008673409452313e-06
4.641313044711489278e-07
-1.705941755933716979e-04
1.234188140251122126e-06
4.417463819359671148e-07
3.649816096634169588e-02
-2.702942205182226089e-03
1.230560768136167420e-03
-3.649803004532467532e-02
1.924113432616006251e-03
4.075953948094330473e-04
-1.924143211182230027e-03
1.014387300376645706e-04
-9.814137335029864215e-05
1.924136309169098644e-03
-1.014371601442513871e-04
-2.148798435514419553e-05
4.269957268028208900e-04
-2.251074868363196280e-05
4.995466781869389912e-06
-4.269941951444208438e-04
2.251040030111359962e-05
4.768500309060996027e-06
-3.649803004532467532e-02
1.924136309169098644e-03
-4.269941951444208438e-04
3.649789912477725135e-02
-2.702905524709692600e-03
-1.211158974074494615e-03
1.924113432616006251e-03
-1.014371601442513871e-04
2.251040030111359962e-05
-1.924106530709696538e-03
1.014355902749161653e-04
9.711827646783191862e-05
4.075953948094330473e-04
-2.148798435514419553e-05
4.768500309060996027e-06
-4.075939327411480842e-04
2.148765180116545611e-05
4.551845941659592053e-06
1.966271255904607565e-02
2.659656973225834817e-03
4.852746528550161984e-04
-1.966256973437194300e-02
-2.361623376400956171e-03
1.331838502905715834e-04
2.361032721725837835e-03
2.835049078971328684e-04
2.511519361429573370e-04
-2.361015571816941182e-03
-2.835758317338912815e-04
1.599227103570840863e-05
1.307108086883497923e-04
1.569531647629068090e-05
8.689195580934930211e-07
-1.307098592400679699e-04
-1.569924294115323778e-05
8.853594702977491983e-07
-1.966256973437194300e-02
-2.361015571816941182e-03
-1.307098592400679699e-04
1.966242691073524437e-02
2.660230473701692862e-03
-4.877467270454442501e-04
-2.361623376400956171e-03
-2.835758317338912815e-04
-1.569924294115323778e-05
2.361606222201695447e-03
2.836467733134361013e-04
-2.514528914557624434e-04
1.331838502905715834e-04
1.599227103570840863e-05
8.853594702977491983e-07
-1.331828828787777626e-04
-1.599627178909576015e-05
9.021104247383263523e-07
1.212573437455767733e+00
7.856390927559485371e-03
5.771935043751063275e-03
-1.212574535735176040e+00
5.874129130329626067e-03
-5.256170744393154001e-03
-5.158322542107262633e-03
2.194365357751845713e-05
1.836015559507827511e-05
5.158327214219766803e-03
-2.498871554676429518e-05
2.235990266522734854e-05
-4.314367222250805808e-03
1.835344318952848098e-05
1.535062863281377307e-05
4.314371129956928903e-03
-2.090030129004466727e-05
1.870158958913300455e-05
-1.212574535735176040e+00
5.158327214219766803e-03
4.314371129956928903e-03
1.212575634015579107e+00
7.140579018888151656e-03
-4.830126760870969219e-03
5.874129130329626067e-03
-2.498871554676429518e-05
-2.090030129004466727e-05
-5.874134450778595480e-03
2.845633260140090215e-05
-2.546943881030934703e-05
-5.256170744393154001e-03
2.235990266522734854e-05
1.870158958913300455e-05
5.256175505130900732e-03
-2.546272640476063710e-05
2.278404758076984379e-05
4.446713963203776515e-02
-6.010716032179727565e-04
1.899021824505948194e-04
-4.446713757527884919e-02
1.055168976879857379e-04
-1.200612704155907320e-04
-1.055020652179749759e-04
2.503126098479802053e-07
1.242136174092968361e-04
1.055020603381521117e-04
-2.503478010451587465e-07
2.848555617304020845e-07
-1.202089749589347505e-04
2.852060007626599884e-07
3.249635077270001555e-07
1.202089693988532212e-04
-2.852460976635030031e-07
3.245642144758810323e-07
-4.446713757527884919e-02
1.055020603381521117e-04
1.202089693988532212e-04
4.446713551852012059e-02
-6.010864308074570072e-04
-1.900498925471884163e-04
1.055168976879857379e-04
-2.503478010451587465e-07
-2.852460976635030031e-07
-1.055168928074591724e-04
2.503829972799742620e-07
-1.242133070179579028e-04
-1.200612704155907320e-04
2.848555617304020845e-07
3.245642144758810323e-07
1.200612648623410994e-04
-2.848956094237266139e-07
3.241654122919985185e-07
-1.340635618169639109e-01
9.794959361300679263e-05
-7.920794036912085845e-05
1.340635618881191871e-01
5.927338410860542297e-05
7.765364533742493368e-05
-5.927299722032541092e-05
-2.620613787085446234e-08
3.434417677740353312e-08
5.927299725178921546e-05
2.620630897010034488e-08
3.433270190186614235e-08
7.805217929745989923e-05
3.450890416858570601e-08
-4.544219627692811184e-08
-7.805217933888658661e-05
-3.450912943116690790e-08
-4.521016874384452145e-08
1.340635618881191871e-01
5.927299725178921546e-05
-7.805217933888658661e-05
-1.340635619592745187e-01
9.794920669327948301e-05
7.960647428794032565e-05
5.927338410860542297e-05
2.620630897010034488e-08
-3.450912943116690790e-08
-5.927338414005266633e-05
-2.620648003465175790e-08
-3.416819858804796715e-08
7.765364533742493368e-05
3.433270190186614235e-08
-4.521016874384452145e-08
-7.765364537864041848e-05
-3.433292597931921085e-08
-4.497932585555666925e-08
-1.034119597926699552e-01
9.616534816740836787e-05
-7.893086296069350952e-05
1.034119598427279962e-01
6.106653184301961740e-05
7.807876763050418530e-05
-6.106657116592542948e-05
-3.606087850069750227e-08
4.624788046089843946e-08
6.106657119545227973e-05
3.606085521847393543e-08
4.610687808226039019e-08
7.832149670597245215e-05
4.625021379424141926e-08
-5.931864019371926172e-08
-7.832149674388491504e-05
-4.625018404981705792e-08
-5.913480362958363490e-08
1.034119598427279962e-01
6.106657119545227973e-05
-7.832149674388491504e-05
-1.034119598927861067e-01
9.616538746073797139e-05
7.917359199836617692e-05
6.106653184301961740e-05
3.606085521847393543e-08
-4.625018404981705792e-08
-6.106653187259579885e-05
-3.606083206273353034e-08
-4.610451502046766029e-08
7.807876763050418530e-05
4.610687808226039019e-08
-5.913480362958363490e-08
-7.807876766829978474e-05
-4.610684835382991009e-08
-5.895153672012300172e-08
-7.831195702894915012e-02
6.156238637636943683e-07
-1.118884729740323117e-05
7.831195705030437326e-02
-5.950990950702109062e-07
1.129326604482992966e-05
6.085221970970279693e-07
-4.728534621148416939e-12
-1.078643322904641839e-10
-6.085221972637912865e-07
4.624195611927645055e-12
-8.775419928412940078e-11
1.192543420259153517e-05
-9.266645500077686848e-11
-1.816018718866142161e-09
-1.192543420584348947e-05
9.062236936678775224e-11
-1.719751450900650410e-09
7.831195705030437326e-02
-6.085221972637912865e-07
-1.192543420584348947e-05
-7.831195707165969355e-02
6.022007618990592331e-07
1.182101545208515024e-05
-5.950990950702109062e-07
4.624195611927645055e-12
9.062236936678775224e-11
5.950990952323927282e-07
-4.522225232088047941e-12
1.010163689344061751e-10
1.129326604482992966e-05
-8.775419928412940078e-11
-1.719751450900650410e-09
-1.129326604790961610e-05
8.581847077354366532e-11
-1.628587282213270145e-09
1.332781077735322173e+00
2.719037000021244394e-03
7.827238862690939552e-04
-1.332781077738159903e+00
2.200430203268544105e-03
-4.602259097358768329e-04
-2.200982869978761105e-03
3.634749678647908322e-06
-2.658956165425578264e-04
2.200982869983893284e-03
-3.633836993081895894e-06
7.600268045546284493e-07
-4.633469505642401733e-04
7.651809574435388013e-07
1.610845171448617826e-07
4.633469505652191536e-04
-7.649888205578186072e-07
1.599994742480768402e-07
-1.332781077738159903e+00
2.200982869983893284e-03
4.633469505652191536e-04
1.332781077740998743e+00
2.719589666726776340e-03
-7.858449270964681238e-04
2.200430203268544105e-03
-3.633836993081895894e-06
-7.649888205578186072e-07
-2.200430203273229159e-03
3.632924536797754733e-06
2.659009615381560752e-04
-4.602259097358768329e-04
7.600268045546284493e-07
1.599994742480768402e-07
4.602259097368659505e-04
-7.598359618452628795e-07
1.589217399173969848e-07
1.696339413663349727e-01
1.656620673629683642e-03
3.023746174134080752e-03
-1.696339517716873302e-01
3.296671578164192453e-03
-2.460644265845479423e-03
-3.364787456703652486e-03
6.674250764674566350e-05
5.275450963412923300e-05
3.364787663099844724e-03
-6.539138975209662918e-05
4.880830389503119384e-05
-2.563078145132483606e-03
5.084013920698915808e-05
3.872674020981116470e-05
2.563078302351783685e-03
-4.981094470608026951e-05
3.717901906849372306e-05
-1.696339517716873302e-01
3.364787663099844724e-03
2.563078302351783685e-03
1.696339621770402706e-01
1.724736349951161733e-03
-3.126179902485062573e-03
3.296671578164192453e-03
-6.539138975209662918e-05
-4.981094470608026951e-05
-3.296671780382174829e-03
6.406762353529382725e-05
-4.973461176469586270e-05
-2.460644265845479423e-03
4.880830389503119384e-05
3.717901906849372306e-05
2.460644416781501351e-03
-4.782024133755397174e-05
3.569315288131485184e-05
-9.520306726726700253e-02
-3.746532941405136282e-05
3.045950468338928498e-05
9.520306724122552799e-02
-2.383044670895967241e-05
-3.109273622754106249e-05
2.382667558594810762e-05
-5.963153166677032555e-09
8.668041653198799547e-09
-2.382667557943290976e-05
5.964096937181726302e-09
7.781645722475447860e-09
-3.083859681661022298e-05
7.718041653195022406e-09
-9.989373979694612937e-09
3.083859680817477772e-05
-7.719263257643962681e-09
-1.007169596464393968e-08
9.520306724122552799e-02
-2.382667557943290976e-05
3.083859680817477772e-05
-9.520306721518424775e-02
-3.746155829756652909e-05
-3.020536528096322209e-05
-2.383044670895967241e-05
5.964096937181726302e-09
-7.719263257643962681e-09
2.383044670243293796e-05
-5.965040961604649786e-09
-8.732877321062921909e-09
-3.109273622754106249e-05
7.781645722475447860e-09
-1.007169596464393968e-08
3.109273621903628926e-05
-7.782877321051521471e-09
-1.015469632990526061e-08
1.008259685735569455e+00
-2.193793334798850841e-03
-1.986228900716792423e-03
-1.008259685504375502e+00
-1.007668753743809096e-03
1.099831996754264312e-03
1.007780385534476743e-03
1.007301313096786721e-06
1.767672721933642396e-04
-1.007780385303199506e-03
-1.007189734558711081e-06
1.099309165409321793e-06
1.097572617283208273e-03
1.097050860031281022e-06
1.194797002210800781e-06
-1.097572617031529170e-03
-1.096929339698693179e-06
1.197256520561961882e-06
-1.008259685504375502e+00
-1.007780385303199506e-03
-1.097572617031529170e-03
1.008259685273181772e+00
-2.193904966820573246e-03
1.983969521497920725e-03
-1.007668753743809096e-03
-1.007189734558711081e-06
-1.096929339698693179e-06
1.007668753512754988e-03
1.007078168316355438e-06
-1.767694087282994301e-04
1.099831996754264312e-03
1.099309165409321793e-06
1.197256520561961882e-06
-1.099831996502080404e-03
-1.099187394966092118e-06
1.199721101560134334e-06
3.404032019306875156e-01
-2.798755292582629558e-03
-1.461258163133428208e-03
-3.404032019160893041e-01
-1.899049516673155253e-04
-1.085914713044725368e-03
1.890177800840316417e-04
1.049570656211015751e-07
-5.293114828439281986e-05
-1.890177800758951110e-04
-1.054496907917923387e-07
-6.029825432151292991e-07
-1.087482835800097393e-03
-6.038532843927325422e-07
3.474170958040760940e-06
1.087482835753455232e-03
6.066875229131810316e-07
3.469161291285249404e-06
-3.404032019160893041e-01
-1.890177800758951110e-04
1.087482835753455232e-03
3.404032019014910371e-01
-2.797868121007488981e-03
1.459690040331492085e-03
-1.899049516673155253e-04
-1.054496907917923387e-07
6.066875229131810316e-07
1.899049516591719744e-04
1.059446282200733613e-07
5.293310769485105969e-05
-1.085914713044725368e-03
-6.029825432151292991e-07
3.469161291285249404e-06
1.085914712998161270e-03
6.058126948510198005e-07
3.464158848482556386e-06
1.913300434027090935e-01
2.335373913373200820e-03
4.454188205245818697e-04
-1.913300732835339080e-01
2.946276737428245047e-03
-7.059152984837109394e-04
-2.971133750626814979e-03
4.613826248674353370e-05
-3.954249690518103945e-05
2.971134214641373093e-03
-4.575226189038571201e-05
1.096204616435423807e-05
-8.234698308087547592e-04
1.278753176148544759e-05
3.544150987454656438e-06
8.234699594135324111e-04
-1.268054908334630459e-05
3.038205297335735093e-06
-1.913300732835339080e-01
2.971134214641373093e-03
8.234699594135324111e-04
1.913301031643635797e-01
2.360230466439214997e-03
-5.629732426038361413e-04
2.946276737428245047e-03
-4.575226189038571201e-05
-1.268054908334630459e-05
-2.946277197560801236e-03
4.536949064105205709e-05
4.145969285569153177e-05
-7.059152984837109394e-04
1.096204616435423807e-05
3.038205297335735093e-06
7.059154087295005419e-04
-1.087033581097506877e-05
2.604485943622766308e-06
-3.022001774191740778e-02
1.183243383037400358e-07
6.987620852095620238e-08
3.022001774193554605e-02
-1.169675247108529054e-07
-1.987178729398953285e-09
1.174113383037401123e-07
-4.561738473196529610e-13
-2.516051265567534970e-12
-1.174113382959605117e-07
4.544460799507452883e-13
7.726509811956555923e-15
6.847854185428954788e-08
-2.660512655676203892e-13
-1.551535253898304878e-13
-6.847854185433084074e-08
2.650451995752025903e-13
4.491207549633426110e-15
3.022001774193554605e-02
-1.174113382959605117e-07
-6.847854185433084074e-08
-3.022001774195371901e-02
1.178805247153621015e-07
5.895120627330655823e-10
-1.169675247108529054e-07
4.544460799507452883e-13
2.650451995752025903e-13
1.169675247153621514e-07
-4.527337148313986135e-13
2.242314902496050987e-12
-1.987178729398953285e-09
7.726509811956555923e-15
4.491207549633426110e-15
1.987178729399720081e-09
-7.685097503695522091e-15
-1.197416596215514217e-16
-2.868107890688711623e-02
1.071397194824782832e-07
6.295408042355597462e-08
2.868107890691037540e-02
-1.065409985068343734e-07
8.662080100240156139e-11
1.092360528158116466e-07
-4.160468484990390039e-13
7.638494843340444394e-06
-1.092360528045680386e-07
4.057822313584214358e-13
-3.093107702145166721e-16
6.302024709022310453e-08
-2.399928888516760491e-13
-1.384621405923634450e-13
-6.302024709027276184e-08
2.341326691193697262e-13
-1.845251930633614070e-16
2.868107890691037540e-02
-1.092360528045680386e-07
-6.302024709027276184e-08
-2.868107890693363804e-02
1.044446651752666634e-07
-2.045413433734290383e-11
-1.065409985068343734e-07
4.057822313584214358e-13
2.341326691193697262e-13
1.065409985086000004e-07
-3.957592942912650261e-13
-7.638495082984254357e-06
8.662080100240156139e-11
-3.093107702145166721e-16
-1.845251930633614070e-16
-8.662080100541249882e-11
3.490794248622970807e-16
1.062339367540505974e-17
8.827550427857194792e-02
2.441350064672294113e-03
2.285831775416397212e-03
-6.569264603868070485e-02
-9.038751295539133347e-04
-8.422392960049309048e-04
2.637013169005628186e-03
7.877427051063146113e-05
7.644945173962305711e-05
-1.962405925931101289e-03
-2.700104223979371554e-05
-2.515982359073258047e-05
2.559267610416226732e-03
7.645181352202053138e-05
7.419782821116011594e-05
-1.904549428783540747e-03
-2.620498587742369281e-05
-2.441805082960475217e-05
-6.569264603868070485e-02
-1.962405925931101289e-03
-1.904549428783540747e-03
4.888699055113666231e-02
4.016222475558424085e-03
3.880176929673613637e-03
-9.038751295539133347e-04
-2.700104223979371554e-05
-2.620498587742369281e-05
6.726435542250865096e-04
9.255005185310194449e-06
8.623302022704943184e-06
-8.422392960049309048e-04
-2.515982359073258047e-05
-2.441805082960475217e-05
6.267755523402836334e-04
8.623900356037692699e-06
8.035830976471383072e-06
-1.154610416763951347e-01
3.616812186133197401e-06
3.579305444341485175e-06
1.161949498293687322e-01
2.003908678999607047e-05
2.036702588462576535e-05
3.634414186133200896e-06
-1.144018979169120185e-10
-1.093591730301664289e-10
-3.657515711633382495e-06
-6.307784506187646915e-10
-6.411012490195946989e-10
3.580112777673928116e-06
-1.126927220431676174e-10
-1.110088826417054975e-10
-3.602869145690677484e-06
-6.213541947673942301e-10
-6.315225287156778222e-10
1.161949498293687322e-01
-3.657515711633382495e-06
-3.602869145690677484e-06
-1.169335229426545497e-01
3.722481538541713237e-05
3.693697701898241423e-05
2.003908678999607047e-05
-6.307784506187646915e-10
-6.213541947673942301e-10
-2.016646178125010609e-05
-3.477926382069268204e-09
2.026835656156520228e-06
2.036702588462576535e-05
-6.411012490195946989e-10
-6.315225287156778222e-10
-2.049648536404360190e-05
-3.534842463279608965e-09
-3.592690124565312004e-09
-3.574543089210954760e-02
1.041793061470162461e-04
5.853942811802028594e-05
2.694561718670172162e-02
2.531129361956996836e-04
1.789873889353050499e-04
5.795353914701594438e-05
-9.395921708406425552e-08
-4.310451773636384421e-05
-4.368653115927802769e-05
-4.103682649846482632e-07
-2.901896100641529995e-07
5.143105078468705954e-05
-8.338440303051709510e-08
-7.399975099006694812e-08
-3.876974962581521914e-05
-3.641826088471094517e-07
-2.575296830960305261e-07
2.694561718670172162e-02
-4.368653115927802769e-05
-3.876974962581521914e-05
-2.031214248791025564e-02
1.546302257547593978e-04
4.680740181404112292e-04
2.531129361956996836e-04
-4.103682649846482632e-07
-3.641826088471094517e-07
-1.908015685785742965e-04
-1.792289444277789125e-06
-1.265551397996322490e-06
1.789873889353050499e-04
-2.901896100641529995e-07
-2.575296830960305261e-07
-1.349242558595856048e-04
-1.267407397996441485e-06
-8.962400115802848788e-07
-3.504486653495945264e-02
-9.506779854561064793e-05
1.832371589648464885e-04
3.511406790673127221e-02
4.890236905693637879e-05
-5.508742837669525065e-06
7.068364662105788702e-05
-1.425651855080472805e-07
-1.549869654389144987e-05
-7.082322213644288945e-05
-9.863349796073266473e-08
1.111084364624349490e-08
-9.524647920182164533e-05
1.921071227750300978e-07
-2.588650691941162290e-07
9.543455773282739170e-05
1.329090088956584536e-07
-1.497190351940092306e-08
3.511406790673127221e-02
-7.082322213644288945e-05
9.543455773282739170e-05
-3.518340592704337355e-02
3.849106684363077689e-05
3.066668484747823439e-05
4.890236905693637879e-05
-9.863349796073266473e-08
1.329090088956584536e-07
-4.899893415636968419e-05
-6.823942946822671159e-08
7.687352917932372011e-09
-5.508742837669525065e-06
1.111084364624349490e-08
-1.497190351940092306e-08
5.519620680811427183e-06
7.687019584528090467e-09
-8.659256426526008681e-10
-3.167153364404620697e-02
-1.281448909487901792e-04
1.819749601744938446e-04
3.212246846010684276e-02
2.588689575172754858e-05
-6.367743047673297529e-05
7.157245921787704773e-05
-1.617419912781783655e-07
-1.411167932377424443e-05
-7.259149776823464067e-05
-5.850012857021690448e-08
1.439005242846471224e-07
-1.392521693255070671e-04
3.146870095591079960e-07
-6.122585309573673192e-07
1.412348220150347181e-04
1.138184980713552735e-07
-2.799744537324004233e-07
3.212246846010684276e-02
-7.259149776823464067e-05
1.412348220150347181e-04
-3.257982362229350226e-02
-3.605950337838111428e-05
-7.737018860869505422e-05
2.588689575172754858e-05
-5.850012857021690448e-08
1.138184980713552735e-07
-2.625546971171464799e-05
-2.115879134534519983e-08
5.204708503258949347e-08
-6.367743047673297529e-05
1.439005242846471224e-07
-2.799744537324004233e-07
6.458406072463819861e-05
5.204708503258949347e-08
-1.280271172906338255e-07
-2.677479491959545294e-02
-2.323891664347403933e-06
4.385596842007668844e-04
2.787401442073277752e-02
6.198762940147023405e-06
-9.193169106406026301e-05
-2.216041933101407639e-05
-1.834128651213851047e-08
-9.648384336838518316e-06
2.307019903820718839e-05
5.130466414551837495e-09
-7.608815790968725956e-08
-3.017524352992334742e-04
-2.497483368385858271e-07
-3.400755542012825344e-06
3.141406594627653990e-04
6.986017329034532874e-08
-1.036071863231777246e-06
2.787401442073277752e-02
2.307019903820718839e-05
3.141406594627653990e-04
-2.901836156954437987e-02
-2.966273192414999255e-05
-5.964820151429009974e-05
6.198762940147023405e-06
5.130466414551837495e-09
6.986017329034532874e-08
-6.453248590817216301e-06
-1.435105726962926376e-09
2.128355273186416374e-08
-9.193169106406026301e-05
-7.608815790968725956e-08
-1.036071863231777246e-06
9.570587898570921638e-05
2.128355273186416374e-08
-3.156489469953970006e-07
-2.186525673783119503e-02
9.835562649405700660e-06
5.650315752630617191e-08
2.173059282685257249e-02
-9.557331009470313455e-07
2.070285006606902847e-09
-7.996515350594405794e-06
-2.924468653706276948e-09
2.104907351715566703e-11
7.947266350489937654e-06
-3.495286904553681879e-10
7.571392307426930217e-13
5.755582419297182640e-08
2.104919798356506837e-11
-1.515062243888430464e-13
-5.720134894126480899e-08
2.515774259864435688e-12
-5.436624220744260688e-15
2.173059282685257249e-02
7.947266350489937654e-06
-5.720134894126480899e-08
-2.159675828500224812e-02
9.481269245903996652e-07
-1.336534519862300080e-09
-9.557331009470313455e-07
-3.495286904553681879e-10
2.515774259864435688e-12
9.498469245903997097e-07
-4.177522293430621917e-11
4.238242788092072615e-13
2.070285006606902847e-09
7.571392307426930217e-13
-5.436624220744260688e-15
-2.057534519862932348e-09
9.049065768722886524e-14
-1.807455018783981661e-16
-8.516017754795761618e-01
-1.350566904931738366e+00
1.309878128094393857e-02
-2.970586636936874969e-01
2.746371038631529871e-01
-1.074407427828829725e-01
3.849625288367636289e-02
2.811171720923942630e+00
-3.930448821873062104e-01
-1.975509557496071933e+00
7.659675317744534695e+00
-4.173409182643080806e-01
-1.298160280011216861e-01
1.133398240498014464e-01
4.297991385535858584e-03
1.933361230278017873e+00
-7.874889569988339666e+00
1.058442553810157172e+00
8.710815322219755963e-02
-2.708194228667877290e-01
1.421379782983800411e-01
-4.075792872123773503e-02
-3.180624662376929646e-02
3.401481487861056363e-02
-1.129840805672489013e-01
2.979339297072268744e-01
-1.847922038258737742e-01
-2.970586636936874969e-01
-1.298160280011216861e-01
-4.075792872123773503e-02
-5.958745823214395276e-02
1.020848435750281030e-01
-3.394778699717224124e-02
1.117820773172695792e-01
3.119530479880986973e-01
8.455165919376061989e-03
2.746371038631529871e-01
1.133398240498014464e-01
-3.180624662376929646e-02
8.080627924302781484e-02
-6.184372430659551556e-02
4.671590234370269490e-03
-8.448759364346759837e-02
-2.959968673408827633e-01
6.931629627927174409e-02
-1.074407427828829725e-01
4.297991385535858584e-03
3.401481487861056363e-02
-3.813942712563603288e-02
1.788405612588661250e-02
-1.930947993474541047e-04
3.370001476688640196e-02
6.379479575647710454e-02
-4.558566421514415046e-02
3.849625288367636289e-02
1.933361230278017873e+00
-1.129840805672489013e-01
1.117820773172695792e-01
-8.448759364346759837e-02
3.370001476688640196e-02
2.867985531961651513e-01
-1.844624290565879399e+00
-1.863866576232812711e-01
2.811171720923942630e+00
-7.874889569988339666e+00
2.979339297072268744e-01
3.119530479880986973e-01
-2.959968673408827633e-01
6.379479575647710454e-02
-2.303926828476212663e+00
7.655491455977229798e+00
-7.794597143265348249e-01
-3.930448821873062104e-01
1.058442553810157172e+00
-1.847922038258737742e-01
8.455165919376061989e-03
6.931629627927174409e-02
-4.558566421514415046e-02
3.569423162604589139e-01
-1.052330860776286237e+00
3.026259351474417381e-01
3.742162814611847410e-01
-3.941368248776365713e-01
1.920700727400802832e-01
-3.318317397775125133e-01
3.302361949568990290e-02
-1.997489485947655588e-02
2.120494700181889680e-01
3.107292270954745139e-01
-5.787148841525443371e-02
-2.439322278029694424e-01
1.854457878374385027e+00
-5.042826751275363284e-01
-5.984095975926674582e-03
9.071352877066366990e-03
-2.443038732689997022e-03
5.039335064898659011e-01
-1.118502398628443917e+00
5.593143313009724116e-01
1.359558530721560465e-01
-4.683339437901274382e-01
1.286562522131831365e-01
-5.940636164504723565e-02
3.187606560832043079e-03
1.835127108949063512e-03
-7.339036969280851586e-02
3.161752926747517511e-01
-1.356657229200773085e-01
-3.318317397775125133e-01
-5.984095975926674582e-03
-5.940636164504723565e-02
3.010251827320151730e-01
-1.310430487597790891e-02
1.528579468284440787e-02
-2.592133976808800866e-01
-1.518034895274183171e-01
-2.134645279921037336e-02
3.302361949568990290e-02
9.071352877066366990e-03
3.187606560832043079e-03
-2.944335155964459758e-02
2.803194334427944710e-03
-1.728210150884499328e-03
2.806124300489992035e-02
1.026361011099867146e-02
5.042857128940463757e-03
-1.997489485947655588e-02
-2.443038732689997022e-03
1.835127108949063512e-03
8.664472563751204892e-03
-1.345813995899149129e-04
-4.277091817958564822e-03
-1.073276224224331901e-02
-6.428271519980097333e-03
-3.786725964972160238e-03
2.120494700181889680e-01
5.039335064898659011e-01
-7.339036969280851586e-02
-2.592133976808800866e-01
2.806124300489992035e-02
-1.073276224224331901e-02
3.558079904047560804e-01
-3.071793864742265456e-01
1.451302800906312251e-01
3.107292270954745139e-01
-1.118502398628443917e+00
3.161752926747517511e-01
-1.518034895274183171e-01
1.026361011099867146e-02
-6.428271519980097333e-03
-1.729649727675592052e-01
7.522567459232024634e-01
-2.140378907182929891e-01
-5.787148841525443371e-02
5.593143313009724116e-01
-1.356657229200773085e-01
-2.134645279921037336e-02
5.042857128940463757e-03
-3.786725964972160238e-03
1.672502008949398045e-01
-3.291420252720484996e-01
1.685942437064856803e-01
3.984326952536827449e-01
-2.117363082820446912e-02
6.332456295078652680e-03
-4.198645308507084062e-01
-9.582198306735963123e-03
8.779382840723225917e-03
-2.971149128826324273e-02
6.768550402967550561e-02
-3.996624926134770273e-02
1.420715481288206683e-04
3.706679428296273393e-01
-2.297470320599054594e-01
-4.978119434239393348e-02
3.042486189499035015e-03
-2.282298302419046715e-03
1.040370612685697777e-01
-3.380263516368329224e-01
2.039355854083380604e-01
1.423566921606522415e-02
-1.897614005848809460e-01
1.879870027962768086e-01
-1.353344286476769465e-02
2.957275542059402407e-02
-2.473172682508535669e-02
-3.123329214809211773e-02
1.812405094318260690e-01
-1.303641099655768187e-01
-4.198645308507084062e-01
-4.978119434239393348e-02
-1.353344286476769465e-02
4.554404636097321712e-01
-2.677715577500556707e-03
-3.535352970329991990e-04
1.125618288991693874e-02
-2.758747638492957052e-02
2.130744740712837287e-02
-9.582198306735963123e-03
3.042486189499035015e-03
2.957275542059402407e-02
1.347333231832816003e-03
1.122292174931122100e-02
-1.012295862883737241e-02
9.617577682903543160e-03
-2.400531450099840231e-03
-5.907833032429754549e-03
8.779382840723225917e-03
-2.282298302419046715e-03
-2.473172682508535669e-02
-1.997092714270587779e-03
-9.364825457573645873e-03
7.816104328855084590e-03
-7.999505808912671725e-03
1.905634922669490958e-03
4.979027296337649316e-03
-2.971149128826324273e-02
1.040370612685697777e-01
-3.123329214809211773e-02
1.125618288991693874e-02
9.617577682903543160e-03
-7.999505808912671725e-03
3.732785301495117336e-02
-8.656373535836633937e-02
5.212398438809510981e-02
6.768550402967550561e-02
-3.380263516368329224e-01
1.812405094318260690e-01
-2.758747638492957052e-02
-2.400531450099840231e-03
1.905634922669490958e-03
-9.846780703636634491e-02
3.201682653123466560e-01
-1.794692571664357750e-01
-3.996624926134770273e-02
2.039355854083380604e-01
-1.303641099655768187e-01
2.130744740712837287e-02
-5.907833032429754549e-03
4.979027296337649316e-03
5.395932057121884118e-02
-1.943547039485483685e-01
1.228842765716557095e-01
4.828479725727488070e-01
-1.440109895939310422e-02
2.898682277484710551e-02
-4.717496637682002669e-01
9.330768666948398987e-03
-2.061990982799271829e-02
-1.200329460603911935e-02
4.213277347344376866e-03
-9.135830375353858404e-03
-1.252815336672645323e-02
1.026928829265762264e-03
-1.910093256006525951e-03
2.869597820496598822e-04
-6.085286761097562225e-03
1.334107527872806925e-02
1.217031828176080507e-02
5.150906872151081624e-03
-1.131658368490712045e-02
2.912569894733530937e-02
-1.927892077464572794e-03
3.497351619807912131e-03
-1.980616228024513481e-03
1.338738884404338213e-02
-2.934459237239782359e-02
-2.698322353233657822e-02
-1.167288541996366891e-02
2.562662437935796927e-02
-4.717496637682002669e-01
2.869597820496598822e-04
-1.980616228024513481e-03
4.691893310650899762e-01
-1.278562808338663597e-03
3.267063931554409738e-03
3.286346473267363552e-03
5.140143738920543905e-04
-6.754462532923524894e-04
9.330768666948398987e-03
-6.085286761097562225e-03
1.338738884404338213e-02
-1.537211962338665703e-03
5.547089823531010586e-03
-1.226610528796317351e-02
-7.856457863193772387e-03
6.418806116037052353e-04
-1.139645282812359363e-03
-2.061990982799271829e-02
1.334107527872806925e-02
-2.934459237239782359e-02
3.361698088910589598e-03
-1.224222037830998561e-02
2.701672409404972525e-02
1.739481619521213163e-02
-1.324419052289158103e-03
2.317282071108907760e-03
-1.200329460603911935e-02
1.217031828176080507e-02
-2.698322353233657822e-02
3.286346473267363552e-03
-7.856457863193772387e-03
1.739481619521213163e-02
8.894347176024563345e-03
-4.684048328193176312e-03
9.732816413490122387e-03
4.213277347344376866e-03
5.150906872151081624e-03
-1.167288541996366891e-02
5.140143738920543905e-04
6.418806116037052353e-04
-1.324419052289158103e-03
-4.590784513193179456e-03
-5.993389086142196683e-03
1.315752208447483994e-02
-9.135830375353858404e-03
-1.131658368490712045e-02
2.562662437935796927e-02
-6.754462532923524894e-04
-1.139645282812359363e-03
2.317282071108907760e-03
9.516372574743173565e-03
1.289043348259741838e-02
-2.771357331732682283e-02
3.147159193935246124e-01
-7.419685276710735744e-02
3.827977639640606222e-02
-2.706923110316822312e-02
1.822433911697924139e-02
-6.385739546656257239e-03
-1.275149615126236202e-01
1.295113094746513233e-03
-1.403037609518449358e-01
-1.280279620330656287e-01
8.560597894277047204e-02
1.064220770404439576e-01
-8.417728795944062758e-02
3.691442276583452586e-01
5.415492341149448496e-02
-2.827793821745944181e-02
-2.135596638007375425e-01
5.665741095992642140e-02
1.341002603131738295e-02
-4.362998326821371231e-02
9.244696794166543455e-03
1.204619882043900941e-01
-1.290526380574114063e-01
-1.250691287538149843e-01
5.436662798343550040e-02
5.830508976951325611e-02
5.660103194120942316e-01
9.431912128219333349e-03
5.471887063551897357e-02
-7.141889648216626085e-02
-1.865016173825917445e-01
-9.877416975588292417e-03
-2.910999383881302527e-01
1.383008463479652728e-01
-1.071493760163075154e-01
-2.036698412133367553e-01
-2.706923110316822312e-02
-2.827793821745944181e-02
9.431912128219333349e-03
1.592491522171106053e-02
-1.509812853099049001e-02
-1.855486941654284003e-03
-8.119259333901962051e-04
1.655762069377672563e-02
-9.153296580363125615e-03
-1.457423252489357989e-03
1.852491083969118671e-02
-4.420980722109632208e-03
1.822433911697924139e-02
-2.135596638007375425e-01
5.471887063551897357e-02
-3.507545986990467587e-03
2.292865283164626511e-01
-6.461772323843088806e-02
-4.971536226427721548e-03
1.374832386970115550e-03
2.909896161583205507e-03
-1.913901092857324881e-03
-2.013385552599968736e-02
8.760669234165728916e-03
-6.385739546656257239e-03
5.665741095992642140e-02
-7.141889648216626085e-02
1.331636048860190390e-03
-6.297313272764985814e-02
7.880520588735798193e-02
-5.939746039391724779e-04
3.763871215576942292e-02
-1.104984191910885968e-02
9.754932925327897868e-04
-2.619089818756324337e-02
6.077237064711709172e-03
-1.275149615126236202e-01
1.341002603131738295e-02
-1.865016173825917445e-01
-8.119259333901962051e-04
-4.971536226427721548e-03
-5.939746039391724779e-04
1.122061068937331568e-01
-1.821660183836617403e-02
1.654240395256050544e-01
6.767028701049159281e-03
-1.155020113466196600e-03
1.902870363331715664e-02
1.295113094746513233e-03
-4.362998326821371231e-02
-9.877416975588292417e-03
1.655762069377672563e-02
1.374832386970115550e-03
3.763871215576942292e-02
-1.698266386436615705e-02
5.225691977747691508e-02
-8.621235211370734813e-03
-1.381984578457552161e-02
3.229040856116930681e-03
-1.785134702965802955e-02
-1.403037609518449358e-01
9.244696794166543455e-03
-2.910999383881302527e-01
-9.153296580363125615e-03
2.909896161583205507e-03
-1.104984191910885968e-02
1.633644893548127641e-01
-7.980261578530335395e-03
3.291906817793362472e-01
-1.741460856521486605e-02
-3.302034241596535011e-03
-2.671710886619422728e-02
-1.280279620330656287e-01
1.204619882043900941e-01
1.383008463479652728e-01
-1.457423252489357989e-03
-1.913901092857324881e-03
9.754932925327897868e-04
6.767028701049159281e-03
-1.381984578457552161e-02
-1.741460856521486605e-02
1.259683039899547607e-01
-1.103688277205277513e-01
-1.298939581274324295e-01
8.560597894277047204e-02
-1.290526380574114063e-01
-1.071493760163075154e-01
1.852491083969118671e-02
-2.013385552599968736e-02
-2.619089818756324337e-02
-1.155020113466196600e-03
3.229040856116930681e-03
-3.302034241596535011e-03
-1.211400090208611113e-01
1.589454858507174384e-01
1.295160962227483170e-01
1.064220770404439576e-01
-1.250691287538149843e-01
-2.036698412133367553e-01
-4.420980722109632208e-03
8.760669234165728916e-03
6.077237064711709172e-03
1.902870363331715664e-02
-1.785134702965802955e-02
-2.671710886619422728e-02
-1.255758084536423291e-01
1.335325043026462377e-01
2.231154883970868641e-01
2.848892997682850314e-01
-8.905959782514484557e-02
2.002262238666659144e-02
-2.341319788745744104e-02
6.611548449840854748e-03
-1.706227313283245530e-03
-1.320332186554783460e-01
1.805554165750530154e-02
-1.422692317792908778e-01
-1.298923497401347216e-01
7.100495648282072192e-02
1.235233584259128742e-01
-8.192808873281148818e-02
1.556483345627998893e-01
8.054667276114083063e-02
-2.316765799386348232e-02
-1.537336361195417410e-02
-5.123942237783631580e-03
2.688515541390857147e-02
-4.442615275989167389e-02
3.661162943750278370e-02
9.697392558864600942e-02
-1.062945850191020225e-01
-1.162647998757938561e-01
2.407531083851088133e-02
7.599518951762090913e-02
5.619947404529755941e-01
4.172321621900288748e-03
-3.709994182052627192e-03
-3.451940180624340354e-02
-1.843433300705397404e-01
2.733530989423641963e-02
-2.955749060126683925e-01
1.574373037182783541e-01
-1.065150280547097067e-01
-2.316847492143020992e-01
-2.341319788745744104e-02
-2.316765799386348232e-02
4.172321621900288748e-03
1.085243196229804252e-02
-2.313672446802124503e-03
3.035692762954777147e-04
4.576578998359621085e-03
1.330733276518669163e-02
-3.315532951752647554e-03
3.509971214657557105e-03
1.173677832578775421e-02
-1.590333649420331077e-03
6.611548449840854748e-03
-1.537336361195417410e-02
-3.709994182052627192e-03
-1.435226574135453105e-03
2.660221831535426740e-02
3.829890635609450780e-03
-3.983859522700476836e-03
6.830523120068441537e-04
-1.023163511099909250e-03
-4.197433953172425083e-03
-8.704535451304432417e-03
6.115854041573946971e-03
-1.706227313283245530e-03
-5.123942237783631580e-03
-3.451940180624340354e-02
1.419590443924459780e-03
6.984452414611002150e-03
3.191102960734486932e-02
3.630155706667582451e-03
2.533022826885138190e-02
-1.480210844712384491e-03
-2.644559967904935339e-03
-1.968758478984242513e-02
8.533822909917896174e-03
-1.320332186554783460e-01
2.688515541390857147e-02
-1.843433300705397404e-01
4.576578998359621085e-03
-3.983859522700476836e-03
3.630155706667582451e-03
1.189657239142868222e-01
-3.315081306077908435e-02
1.556150916177671817e-01
1.100883562611187048e-02
5.006007236736668064e-04
1.910706959723048812e-02
1.805554165750530154e-02
-4.442615275989167389e-02
2.733530989423641963e-02
1.330733276518669163e-02
6.830523120068441537e-04
2.533022826885138190e-02
-3.053061181877907843e-02
5.238884435138795037e-02
-3.252068668765051296e-02
-9.162800093850953509e-03
2.988281647858169639e-03
-1.316916885956182295e-02
-1.422692317792908778e-01
3.661162943750278370e-02
-2.955749060126683925e-01
-3.315532951752647554e-03
-1.023163511099909250e-03
-1.480210844712384491e-03
1.581114007934330545e-01
-3.511984011085600432e-02
3.221538866026234516e-01
-1.929310965749145637e-02
2.173334383385819475e-03
-2.918303432185108751e-02
-1.298923497401347216e-01
9.697392558864600942e-02
1.574373037182783541e-01
3.509971214657557105e-03
-4.197433953172425083e-03
-2.644559967904935339e-03
1.100883562611187048e-02
-9.162800093850953509e-03
-1.929310965749145637e-02
1.222469322611810655e-01
-9.308750383137666395e-02
-1.368104529644958711e-01
7.100495648282072192e-02
-1.062945850191020225e-01
-1.065150280547097067e-01
1.173677832578775421e-02
-8.704535451304432417e-03
-1.968758478984242513e-02
5.006007236736668064e-04
2.988281647858169639e-03
2.173334383385819475e-03
-9.295575134604333600e-02
1.119825358772446738e-01
1.208491731179190953e-01
1.235233584259128742e-01
-1.162647998757938561e-01
-2.316847492143020992e-01
-1.590333649420331077e-03
6.115854041573946971e-03
8.533822909917896174e-03
1.910706959723048812e-02
-1.316916885956182295e-02
-2.918303432185108751e-02
-1.378038274377418326e-01
1.219157943153426071e-01
2.547375870785541507e-01
2.858924392561889571e-01
-1.207302264218492321e-01
1.614981432054615751e-02
-1.857545807192491349e-02
6.653094965720865277e-03
-1.984135637124406337e-03
-1.329834901740863939e-01
2.341197312546937706e-02
-1.418786327358345367e-01
-1.313571958037226539e-01
7.064171965095886185e-02
1.233987101471095832e-01
-8.759138044318254268e-02
1.625859624528247782e-01
7.680712192246899606e-02
-1.977366085988737157e-02
3.346297496002146286e-03
-3.558785972744826168e-03
3.176939744112261543e-02
-4.825318176571356810e-02
4.320719325602635774e-02
9.222926652163654371e-02
-1.046622404366651382e-01
-1.090076787025298088e-01
2.256998914238531745e-02
4.738027109791393549e-02
5.687402074779529526e-01
4.192278261095520007e-03
-5.115193203800468338e-03
-3.019700598228626173e-02
-1.851419179438949514e-01
3.621155893597206160e-02
-2.956254447318359402e-01
1.601817887610486879e-01
-1.028792395949508498e-01
-2.388108544809369460e-01
-1.857545807192491349e-02
-1.977366085988737157e-02
4.192278261095520007e-03
6.444534501779126956e-03
-7.873163004799310118e-04
1.481438613509646366e-03
4.883353270539957623e-03
8.874209625364485113e-03
-1.019563627693080479e-03
3.522953897343130900e-03
7.758621210303378278e-03
-5.397855813527524874e-04
6.653094965720865277e-03
3.346297496002146286e-03
-5.115193203800468338e-03
-8.873870144799349442e-04
-2.214161520573193574e-03
7.957677945677379960e-03
-1.264925921378019964e-03
2.544369667916998937e-03
-1.072544472665344509e-03
-2.982594648399635069e-03
-4.758933495276154203e-03
3.190782029291215800e-03
-1.984135637124406337e-03
-3.558785972744826168e-03
-3.019700598228626173e-02
1.051313685607739969e-03
6.727029940904609255e-03
2.371405175199326268e-02
3.386765744678488926e-03
2.307560598572533372e-02
5.776488534714864596e-05
-3.598619474886684613e-03
-1.566776891146031206e-02
6.918633571074424282e-03
-1.329834901740863939e-01
3.176939744112261543e-02
-1.851419179438949514e-01
4.883353270539957623e-03
-1.264925921378019964e-03
3.386765744678488926e-03
1.175162978585190809e-01
-3.262907958566116373e-02
1.585846433606880601e-01
9.707258182167119789e-03
2.092784387784885677e-03
1.818940821322325568e-02
2.341197312546937706e-02
-4.825318176571356810e-02
3.621155893597206160e-02
8.874209625364485113e-03
2.544369667916998937e-03
2.307560598572533372e-02
-3.062817570366115766e-02
4.737439538607401274e-02
-3.543461300291950167e-02
-8.478854571616459973e-03
-1.046083850170537871e-03
-9.048367499772159289e-03
-1.418786327358345367e-01
4.320719325602635774e-02
-2.956254447318359402e-01
-1.019563627693080479e-03
-1.072544472665344509e-03
5.776488534714864596e-05
1.581746141253521643e-01
-3.782901512073151562e-02
3.219250796846332419e-01
-1.900333281934006927e-02
5.286335822885838975e-03
-3.007245696826941345e-02
-1.313571958037226539e-01
9.222926652163654371e-02
1.601817887610486879e-01
3.522953897343130900e-03
-2.982594648399635069e-03
-3.598619474886684613e-03
9.707258182167119789e-03
-8.478854571616459973e-03
-1.900333281934006927e-02
1.222296439517128047e-01
-8.846040423527301577e-02
-1.398121895271340065e-01
7.064171965095886185e-02
-1.046622404366651382e-01
-1.028792395949508498e-01
7.758621210303378278e-03
-4.758933495276154203e-03
-1.566776891146031206e-02
2.092784387784885677e-03
-1.046083850170537871e-03
5.286335822885838975e-03
-8.861616477727296548e-02
1.005831139975328636e-01
1.205535691618057764e-01
1.233987101471095832e-01
-1.090076787025298088e-01
-2.388108544809369460e-01
-5.397855813527524874e-04
3.190782029291215800e-03
6.918633571074424282e-03
1.818940821322325568e-02
-9.048367499772159289e-03
-3.007245696826941345e-02
-1.421547046680792792e-01
1.214643928845067083e-01
2.607676151313365609e-01
2.660853858556786466e-01
-1.218449281866422207e-01
5.553110941970179799e-03
-1.071330670611845073e-02
3.220951812327557326e-03
-2.751275950110464662e-04
-1.299886822717291057e-01
4.166943554804607153e-02
-1.431047067754693258e-01
-1.294825859587196704e-01
6.872249156347561005e-02
1.315943755929199765e-01
-1.053056479776422194e-01
1.389279934628112056e-01
3.864270450642809385e-02
-1.382397393448588085e-02
3.467278879904685945e-02
-6.694814985749673181e-03
4.223993978519482301e-02
-5.062462772149345369e-02
5.247817517333790149e-02
7.887500892686011289e-02
-8.724439570089286000e-02
-9.876690968150315941e-02
1.275554723742539087e-02
5.320871475665004541e-02
5.674956450024806198e-01
3.454481465399216258e-04
4.706349456564757651e-03
-1.548361635911440701e-02
-1.773935440915360984e-01
5.641744187706796559e-02
-2.888175758653350744e-01
1.654533606317123984e-01
-1.022723035177904444e-01
-2.549613239309312385e-01
-1.071330670611845073e-02
-1.382397393448588085e-02
3.454481465399216258e-04
3.236077339341309790e-03
5.096473959370056289e-04
4.469812359498532379e-04
3.803666031710097907e-03
3.798694988212718282e-03
-1.794688678577332575e-03
4.136631541179210808e-03
4.522464239037730059e-03
5.335223992835903817e-04
3.220951812327557326e-03
3.467278879904685945e-02
4.706349456564757651e-03
-8.131954433963231935e-04
-2.867598769587885454e-02
3.853828157664067680e-03
-1.678383077149509309e-03
-3.046763745663556150e-04
-2.786121536561699929e-03
1.416851111338871504e-04
-4.726868292682755157e-05
7.353397487188740103e-04
-2.751275950110464662e-04
-6.694814985749673181e-03
-1.548361635911440701e-02
1.277761489983376389e-04
3.617720532194267438e-03
6.896445913488293000e-03
1.007410524584176261e-03
8.634563895609657230e-03
3.434745081563449470e-03
-1.750763752871549515e-04
-9.184090835710099002e-03
3.428528057797735912e-03
-1.299886822717291057e-01
4.223993978519482301e-02
-1.773935440915360984e-01
3.803666031710097907e-03
-1.678383077149509309e-03
1.007410524584176261e-03
1.179387436564597880e-01
-4.440665352692300949e-02
1.546302252761531937e-01
1.004910983786873498e-02
1.553889990509824473e-03
1.950660053197837696e-02
4.166943554804607153e-02
-5.062462772149345369e-02
5.641744187706796559e-02
3.798694988212718282e-03
-3.046763745663556150e-04
8.634563895609657230e-03
-4.525854463525631061e-02
3.893523176138300596e-02
-5.336033080906513182e-02
-9.843181815819283982e-04
-2.632908328664824299e-03
-1.206618768741235352e-02
-1.431047067754693258e-01
5.247817517333790149e-02
-2.888175758653350744e-01
-1.794688678577332575e-03
-2.786121536561699929e-03
3.434745081563449470e-03
1.547096592154814654e-01
-5.527596387168844105e-02
3.077027214301293334e-01
-1.971979151121485904e-02
2.150831617629344987e-03
-2.844192980254895906e-02
-1.294825859587196704e-01
7.887500892686011289e-02
1.654533606317123984e-01
4.136631541179210808e-03
1.416851111338871504e-04
-1.750763752871549515e-04
1.004910983786873498e-02
-9.843181815819283982e-04
-1.971979151121485904e-02
1.187849533711861083e-01
-7.434044788132473935e-02
-1.442587828365127778e-01
6.872249156347561005e-02
-8.724439570089286000e-02
-1.022723035177904444e-01
4.522464239037730059e-03
-4.726868292682755157e-05
-9.184090835710099002e-03
1.553889990509824473e-03
-2.632908328664824299e-03
2.150831617629344987e-03
-7.659003592232473123e-02
7.827032325591121165e-02
1.033691710469035047e-01
1.315943755929199765e-01
-9.876690968150315941e-02
-2.549613239309312385e-01
5.335223992835903817e-04
7.353397487188740103e-04
3.428528057797735912e-03
1.950660053197837696e-02
-1.206618768741235352e-02
-2.844192980254895906e-02
-1.433504720934912491e-01
1.069074840796904458e-01
2.789598072455032884e-01
5.486732503463257471e-01
-6.172678427791924733e-04
3.913708431828359646e-03
-5.486715769721843827e-01
-2.555719546774846453e-03
-3.163203668010006533e-03
3.297499199220843991e-03
1.981780770621971444e-05
1.697498551581670505e-03
-3.297489142324755082e-03
-1.535974854526694910e-05
-1.901069818064683725e-05
-3.817044037671705938e-03
-2.294024658499541763e-05
2.655464828336820751e-05
3.817032396238883869e-03
1.777978797374690084e-05
2.200597111888307963e-05
-5.486715769721843827e-01
-3.297489142324755082e-03
3.817032396238883869e-03
5.486699036031464916e-01
-1.359055289800502244e-03
-4.567558448804145965e-03
-2.555719546774846453e-03
-1.535974854526694910e-05
1.777978797374690084e-05
2.555711752199534004e-03
1.190453953742176552e-05
-1.705704598094428745e-03
-3.163203668010006533e-03
-1.901069818064683725e-05
2.200597111888307963e-05
3.163194020695917884e-03
1.473420007223370798e-05
1.823645938455083215e-05
2.514554371236297353e-02
3.312809976192618387e-03
2.937795047482601499e-04
-2.514501268050675989e-02
-3.972243848636988241e-03
-3.385023651558993524e-04
4.005410154525950242e-03
6.380180396771788220e-04
-6.937481926330119173e-05
-4.005325566957934277e-03
-6.327350098125524014e-04
-5.391972534918163451e-05
-6.326309482517228225e-04
-1.007711924299679168e-04
1.591621645823660378e-05
6.326175881434455443e-04
9.993676897172897120e-05
8.516303115304409735e-06
-2.514501268050675989e-02
-4.005325566957934277e-03
6.326175881434455443e-04
2.514448165986508249e-02
3.279559783152581013e-03
-5.879152364482776762e-04
-3.972243848636988241e-03
-6.327350098125524014e-04
9.993676897172897120e-05
3.972159961485912869e-03
6.274957254265474405e-04
2.207687653198742443e-05
-3.385023651558993524e-04
-5.391972534918163451e-05
8.516303115304409735e-06
3.384952165517054047e-04
5.347324969865425797e-05
4.556825357478064244e-06
2.257495894410259107e-01
-5.589550824505112392e-04
-2.294072726946648141e-03
-2.257495916014150561e-01
3.723901988520230679e-04
2.448878007522550544e-03
-3.724194356171692624e-04
6.143809001685207605e-07
-4.088654526143618254e-05
3.724194391809276545e-04
-6.143326683472061234e-07
-4.039917713798535490e-06
2.448387565113281910e-03
-4.039108631827599972e-06
2.655420851013003689e-05
-2.448387588543964218e-03
4.038791541859405453e-06
2.655952764678834045e-05
-2.257495916014150561e-01
3.724194391809276545e-04
-2.448387588543964218e-03
2.257495937618040072e-01
-5.589258492489698055e-04
2.293582261101978319e-03
3.723901988520230679e-04
-6.143326683472061234e-07
4.038791541859405453e-06
-3.723902024156278286e-04
6.142844404949387993e-07
4.088703719006755050e-05
2.448878007522550544e-03
-4.039917713798535490e-06
2.655952764678834045e-05
-2.448878030957952600e-03
4.039600560459449049e-06
2.656484785095588420e-05
-1.512111408481825459e-01
-2.801145437360671119e-04
-2.666597566680054161e-05
1.512111907462484195e-01
-1.527994086735492507e-04
-7.482738830158505261e-06
1.011522517639331840e-04
-6.766550382712273864e-08
5.765968195228759325e-05
-1.011522851431006966e-04
1.022147188282400938e-07
5.005556287998179539e-09
-4.365361011005854054e-05
2.920195517767455208e-08
-1.260249503365340473e-08
4.365362451528672407e-05
-4.411213203409444653e-08
-2.160214715440922362e-09
1.512111907462484195e-01
-1.011522851431006966e-04
4.365362451528672407e-05
-1.512112406443311408e-01
-2.284673364042868527e-04
-9.504893144024602022e-06
-1.527994086735492507e-04
1.022147188282400938e-07
-4.411213203409444653e-08
1.527994590957134431e-04
-1.544043591356384723e-07
-5.763804133192232013e-05
-7.482738830158505261e-06
5.005556287998179539e-09
-2.160214715440922362e-09
7.482741299384192488e-06
-7.561334856840177220e-09
-3.702860240650807100e-10
-7.987726651603992145e-02
3.616463115620692346e-05
5.537506302266344552e-06
7.987726650913470894e-02
-4.785999720297561237e-06
-5.188381117069184127e-06
4.750476322873603481e-06
-2.825212918292545347e-10
2.845306281336044283e-10
-4.750476322428582535e-06
2.846339169007838566e-10
3.085644249415458155e-10
-4.685574697732022483e-06
2.786614194053469560e-10
-2.748543022953325865e-10
4.685574697327009444e-06
-2.807451927052488685e-10
-3.043487671085254309e-10
7.987726650913470894e-02
-4.750476322428582535e-06
4.685574697327009444e-06
-7.987726650222939928e-02
3.620015455322501437e-05
-5.034699883377646196e-06
-4.785999720297561237e-06
2.846339169007838566e-10
-2.807451927052488685e-10
4.785999719891692695e-06
-2.867623636806926138e-10
-3.167410163808948566e-10
-5.188381117069184127e-06
3.085644249415458155e-10
-3.043487671085254309e-10
5.188381116620721686e-06
-3.108717984216475098e-10
-3.370082624423731410e-10
1.189479728251033874e+00
1.628398331417977565e-03
3.959698948788600847e-03
-1.189479728284247306e+00
2.637068655299214422e-03
-1.638803663799863692e-03
-2.637278106248688511e-03
5.847292429483202936e-06
-4.425322464371189593e-04
2.637278106322371758e-03
-5.846828040733526022e-06
3.633505405763095414e-06
-1.641160793878063996e-03
3.638731562883060992e-06
2.264358683558314166e-06
1.641160793923878694e-03
-3.638442576899209371e-06
2.261106480277913249e-06
-1.189479728284247306e+00
2.637278106322371758e-03
1.641160793923878694e-03
1.189479728317460294e+00
1.628607782293800934e-03
-3.962056078821027220e-03
2.637068655299214422e-03
-5.846828040733526022e-06
-3.638442576899209371e-06
-2.637068655372864275e-03
5.846363690033273830e-06
4.425377611645725691e-04
-1.638803663799863692e-03
3.633505405763095414e-06
2.261106480277913249e-06
1.638803663845637189e-03
-3.633216835430101710e-06
2.257858948725895131e-06
6.085759560951243818e-01
-8.777689087717989317e-04
1.370550319174181986e-03
-6.085759565786684755e-01
7.166427725939695679e-04
-3.213794959197990419e-04
-7.241603731051360392e-04
8.616972802313882518e-07
1.388218327868054357e-04
7.241603736806415028e-04
-8.527518912532228157e-07
3.824178292473811788e-07
-3.147247909001105984e-04
3.744992212602576542e-07
1.627597888844003168e-07
3.147247911501735353e-04
-3.706114973380338941e-07
1.662012663411041177e-07
-6.085759565786684755e-01
7.241603736806415028e-04
3.147247911501735353e-04
6.085759570622124581e-01
-8.702513088300581519e-04
-1.363895613899139591e-03
7.166427725939695679e-04
-8.527518912532228157e-07
-3.706114973380338941e-07
-7.166427731633952594e-04
8.438993663248406385e-07
-1.388257814670068818e-04
-3.213794959197990419e-04
3.824178292473811788e-07
1.662012663411041177e-07
3.213794961751528854e-04
-3.784479014619748002e-07
1.697155128931817233e-07
1.574895057981607130e-02
-3.967327273538244232e-04
8.556225577958179185e-06
-1.574895016198418415e-02
7.092660519965896058e-05
-4.608473786859017019e-05
-7.092261485382289469e-05
3.193874585014078171e-07
4.683183308727906571e-05
7.092261297216709347e-05
-3.194054282937286438e-07
2.075344702103178788e-07
-4.614105640782518563e-05
2.077880907520260689e-07
1.351834253193879937e-07
4.614105518366786091e-05
-2.077997815802267746e-07
1.350184241766933769e-07
-1.574895016198418415e-02
7.092261297216709347e-05
4.614105518366786091e-05
1.574894974415232476e-02
-3.967367158178901690e-04
-8.612545339854074707e-06
7.092660519965896058e-05
-3.194054282937286438e-07
-2.077997815802267746e-07
-7.092660331788869471e-05
3.194233991546391316e-07
-4.683159114333586000e-05
-4.608473786859017019e-05
2.075344702103178788e-07
1.350184241766933769e-07
4.608473664592638817e-05
-2.075461468054140079e-07
1.348536242619402376e-07
-2.469523740370855105e-02
8.575580115513330420e-05
1.287354485774209663e-05
2.469529116731481247e-02
2.132705304538294036e-05
4.960103339745753064e-05
2.441686465513319949e-05
-2.414162968839006496e-08
-5.697528751942016556e-08
-2.441691781271060959e-05
-2.108664752531463904e-08
-4.904191450725889126e-08
5.708543969107537144e-05
-5.644195418607888652e-08
-1.319585380639791139e-07
-5.708556397087295872e-05
-4.929955445766648113e-08
-1.146576060639592397e-07
2.469529116731481247e-02
-2.441691781271060959e-05
-5.708556397087295872e-05
-2.469534493103823364e-02
4.001183702384639987e-05
-5.389246549740898219e-06
2.132705304538294036e-05
-2.108664752531463904e-08
-4.929955445766648113e-08
-2.132709947615370823e-05
-1.841825548326569972e-08
-4.230261331302743538e-08
4.960103339745753064e-05
-4.904191450725889126e-08
-1.146576060639592397e-07
-4.960114138307417472e-05
-4.283594664636363223e-08
-9.962497919082695119e-08
1.269979190747513031e-01
9.938077819917020585e-04
1.428828483122248630e-03
-1.269979186861825982e-01
1.984304236471091942e-03
-1.409836840585735164e-03
-1.983751907508299155e-03
3.098689851938410400e-05
2.201899560237804133e-05
1.983751901438727226e-03
-3.099552609091456301e-05
2.202214447421389001e-05
-1.409549299211085120e-03
2.201765297737749729e-05
1.564458096150586329e-05
1.409549294898355693e-03
-2.202378327391169263e-05
1.564777238182488134e-05
-1.269979186861825982e-01
1.983751901438727226e-03
1.409549294898355693e-03
1.269979182976139487e-01
9.932554591001660493e-04
-1.428540946061194073e-03
1.984304236471091942e-03
-3.099552609091456301e-05
-2.202378327391169263e-05
-1.984304230399835164e-03
3.100415606462243734e-05
-2.202961864628800819e-05
-1.409836840585735164e-03
2.202214447421389001e-05
1.564777238182488134e-05
1.409836836272139893e-03
-2.202827602128778941e-05
1.565096445324034164e-05
1.864974239130963440e-03
-1.348323376410623387e-03
2.723221057904515120e-04
-1.840435915149630196e-03
1.719160310936806210e-05
2.770846383401971873e-05
-1.248007452439682053e-04
8.351442977927100997e-06
-5.055120946438315302e-05
1.231586844285055722e-04
-1.150431375919469534e-06
-1.854200912522353247e-06
2.686832712378527506e-05
-1.797980464383159429e-06
3.870868493799972033e-07
-2.651480818396562979e-05
2.476761375186724935e-07
3.991905382883969930e-07
-1.840435915149630196e-03
1.231586844285055722e-04
-2.651480818396562979e-05
1.816220453184932623e-03
-1.240488036445498406e-03
-2.727976694957013606e-04
1.719160310936806210e-05
-1.150431375919469534e-06
2.476761375186724935e-07
-1.696540527884322479e-05
1.584746916402646200e-07
4.900864963960257213e-05
2.770846383401971873e-05
-1.854200912522353247e-06
3.991905382883969930e-07
-2.734389082903509652e-05
2.554206396026073318e-07
4.116726933408240429e-07
-1.583131638715284256e-02
-1.880644358408045484e-04
1.745480180831048749e-04
1.583131633226268764e-02
-2.228048747925298202e-05
-3.810422323480257089e-05
2.226925065919516849e-05
-3.132522354357125671e-08
-4.358574893358639548e-05
-2.226925058197866246e-05
3.134102991714238229e-08
5.359961726231550645e-08
-3.807465491689503623e-05
5.355802474694921827e-08
-9.157036039256757156e-08
3.807465478488339286e-05
-5.358504946194305515e-08
-9.164147281781908340e-08
1.583131633226268764e-02
-2.226925058197866246e-05
3.807465478488339286e-05
-1.583131627737253619e-02
-1.880531990980002495e-04
-1.745184498973110815e-04
-2.228048747925298202e-05
3.134102991714238229e-08
-5.358504946194305515e-08
2.228048740199951486e-05
-3.135684426697205041e-08
4.358568029537109902e-05
-3.810422323480257089e-05
5.359961726231550645e-08
-9.164147281781908340e-08
3.810422310268882955e-05
-5.362666296221857464e-08
-9.171264050319665102e-08
-2.959790957851486312e-02
1.126117721079431752e-07
7.071348782705441692e-08
2.959790957856337640e-02
-1.037407364160557388e-07
7.019344009525638549e-09
1.105604387746097040e-07
-4.129738159879604184e-13
2.787943343704501476e-12
-1.105604387687339952e-07
3.875098857991778892e-13
-2.620099843822181428e-14
6.792432116038774629e-08
-2.537233229623354305e-13
-1.558759631786754696e-13
-6.792432116049927671e-08
2.380833146490711964e-13
-1.610093080996882753e-14
2.959790957856337640e-02
-1.105604387687339952e-07
-6.792432116049927671e-08
-2.959790957861192784e-02
1.057920697500807860e-07
-9.808510676204346313e-09
-1.037407364160557388e-07
3.875098857991778892e-13
2.380833146490711964e-13
1.037407364167473147e-07
-3.636113941239330436e-13
-3.017055103276002034e-12
7.019344009525638549e-09
-2.620099843822181428e-14
-1.610093080996882753e-14
-7.019344009537675681e-09
2.461156339117737775e-14
-1.649450975110822171e-15
-2.998939999593533412e-02
-1.847877390276139155e-06
2.272247296028813169e-06
2.998939965024722404e-02
2.201532678499064369e-06
2.304015919913831792e-06
2.469906097238583184e-07
-2.034212316821826239e-12
1.172649475081636791e-05
-2.469906068682439672e-07
-1.813166337991806154e-11
-1.897572465726366128e-11
1.972062960288220042e-07
-1.624183631913753804e-12
-1.296804607529749302e-12
-1.972062937556181372e-07
-1.447699580390384236e-11
-1.515089722649321369e-11
2.998939965024722404e-02
-2.469906068682439672e-07
-1.972062937556181372e-07
-2.998939930455911396e-02
-4.296400653119670295e-06
-4.379056893355391669e-06
2.201532678499064369e-06
-1.813166337991806154e-11
-1.447699580390384236e-11
-2.201532653119673668e-06
-1.616153056651845055e-10
-1.172666551364890563e-05
2.304015919913831792e-06
-1.897572465726366128e-11
-1.515089722649321369e-11
-2.304015893355402146e-06
-1.691386489068627062e-10
-1.770121844868745393e-10
3.888190691830989643e+00
1.940130887505226581e-02
1.507874836884832287e-02
-3.422048567298819677e+00
4.555849641377087561e-02
-6.362760822204256705e-02
1.068607163718942113e-03
2.936896261098581595e-07
6.592452912584784164e-04
-9.404954395096270028e-04
1.252102571496112315e-05
-1.748703274735002866e-05
-5.261919697382700517e-03
-1.446154658808762594e-06
7.120998196163963456e-06
4.631085815698599006e-03
-6.165467917180339485e-05
8.610775333223186223e-05
-3.422048567298819677e+00
-9.404954395096270028e-04
4.631085815698599006e-03
3.011790656655617848e+00
9.649192249884575023e-02
-5.992427320821808179e-02
4.555849641377087561e-02
1.252102571496112315e-05
-6.165467917180339485e-05
-4.009664127548698970e-02
5.338155352937398734e-04
-2.161403578986656471e-04
-6.362760822204256705e-02
-1.748703274735002866e-05
8.610775333223186223e-05
5.599950794963652612e-02
-7.455339490142487424e-04
1.041222730295138232e-03
6.920230832701766699e-02
2.708564496890231979e-04
-1.787676173320830323e-03
-6.420527209848145289e-02
-6.321992978408911201e-04
8.879417874896099270e-04
8.082700018556938058e-04
9.440442258312260436e-06
1.790872932546208650e-04
-7.499055544932586382e-04
-7.383969407636621106e-06
1.037099379437892658e-05
-1.941497354383015916e-03
-2.267632551825927729e-05
5.446945438954131635e-05
1.801303582643298601e-03
1.773659425332479219e-05
-2.491154808174911306e-05
-6.420527209848145289e-02
-7.499055544932586382e-04
1.801303582643298601e-03
5.956906734613368753e-02
-4.997227505682076671e-05
-1.400433333224439768e-03
-6.321992978408911201e-04
-7.383969407636621106e-06
1.773659425332479219e-05
5.865487571098436728e-04
5.775471394810542988e-06
-8.111874576151398980e-06
8.879417874896099270e-04
1.037099379437892658e-05
-2.491154808174911306e-05
-8.238243123910997693e-04
-8.111812859330292183e-06
1.139327049955174420e-05
4.989915183810005039e-02
8.569634428192344014e-03
4.490932734520012085e-03
-3.717342934540186772e-02
-4.151053689925541211e-03
-3.818565830225849334e-04
3.781110380525696309e-03
2.865138020003274357e-04
8.125227433837707569e-05
-2.816818210331098905e-03
-3.145462722094022291e-04
-2.893519903150124778e-05
3.149255319354254089e-03
2.386349575151909888e-04
1.987570670269334094e-04
-2.346104408437243993e-03
-2.619829682945114258e-04
-2.409988609052005071e-05
-3.717342934540186772e-02
-2.816818210331098905e-03
-2.346104408437243993e-03
2.769313301719222853e-02
5.781908167856596344e-03
4.332400883485647627e-03
-4.151053689925541211e-03
-3.145462722094022291e-04
-2.619829682945114258e-04
3.092415309023268614e-03
3.453214353734316926e-04
-1.254989755679275856e-04
-3.818565830225849334e-04
-2.893519903150124778e-05
-2.409988609052005071e-05
2.844721440380805315e-04
3.176621484708101045e-05
2.922182935377604096e-06
-3.847338500318673443e-02
5.060421635323407441e-03
9.849488127972787308e-04
6.379123943345232917e-02
1.504360624371288120e-03
1.343452370719319579e-03
-6.848625651765826751e-04
-1.219120005023499598e-05
7.493805893976461519e-07
1.135544269644294356e-03
2.677903896602246148e-05
2.391472018188536136e-05
3.809705107076458304e-04
6.781634659785637509e-06
-3.772439831091663198e-06
-6.316725461932562111e-04
-1.489645466111163066e-05
-1.330311163764529968e-05
6.379123943345232917e-02
1.135544269644294356e-03
-6.316725461932562111e-04
-1.057697997750652180e-01
1.488951607432843034e-03
1.490410077229617405e-03
1.504360624371288120e-03
2.677903896602246148e-05
-1.489645466111163066e-05
-2.494322471900481571e-03
-5.882250516751896807e-05
-2.157113587846690161e-04
1.343452370719319579e-03
2.391472018188536136e-05
-1.330311163764529968e-05
-2.227526687368360653e-03
-5.253077801872308231e-05
-4.691202170630653923e-05
-1.151340643015289905e-01
-2.005473700737675318e-04
2.961330148952554528e-07
1.127925288897599632e-01
2.363992114219130012e-05
-1.197651665783381160e-08
1.605845809262333799e-04
-2.239772199125434761e-07
-4.121163191362747187e-10
-1.573186970620146503e-04
-3.297205616476802894e-08
1.670438482545801079e-11
2.890206815636718509e-07
-4.031149366261080732e-10
-7.255157035467354563e-13
-2.831427325421236288e-07
-5.934325013731542046e-11
3.021307999961844915e-14
1.127925288897599632e-01
-1.573186970620146503e-04
-2.831427325421236288e-07
-1.104986143807867444e-01
-2.317657082276748171e-05
5.858777960356437832e-09
2.363992114219130012e-05
-3.297205616476802894e-08
-5.934325013731542046e-11
-2.315914498943414795e-05
-4.853870899173651725e-09
2.793509893781189332e-12
-1.197651665783381160e-08
1.670438482545801079e-11
3.021307999961844915e-14
1.173294462696068362e-08
2.459079010244530394e-12
-1.208743521005905878e-15
-9.217859294964754480e-02
-9.898014150639400919e-05
8.931828119757896254e-05
9.160147415576289087e-02
-6.649291099738255135e-05
-8.267682274995058565e-05
6.640585082693654560e-05
-4.783905764246803590e-08
6.350019788217280334e-08
-6.599009199066107050e-05
4.790177611396201877e-08
5.956073509756057128e-08
-8.818456396908355916e-05
6.352853533781870263e-08
-8.436359322487513051e-08
8.763245129771038769e-05
-6.361182328660057971e-08
-7.909449828880763592e-08
9.160147415576289087e-02
-6.599009199066107050e-05
8.763245129771038769e-05
-9.102796863141958406e-02
-3.974562941190245972e-05
3.518776669992506505e-05
-6.649291099738255135e-05
4.790177611396201877e-08
-6.361182328660057971e-08
6.607660708809742626e-05
-4.796457694560009695e-08
-5.962507995747720424e-08
-8.267682274995058565e-05
5.956073509756057128e-08
-7.909449828880763592e-08
8.215919336659001696e-05
-5.963882113234183857e-08
-7.415449508998911031e-08
1.560041078932424691e-02
2.105341513523291755e-03
-2.088607343172359590e-03
-1.659033940856742204e-02
-1.844186481014747176e-04
5.123753758801134111e-04
3.461447747189978601e-03
7.680323722453630958e-04
-5.041541640568372729e-04
-3.681094924128623224e-03
-4.091914774755935069e-05
1.136867877716482567e-04
-2.523669951839022617e-03
-5.599565157235041751e-04
4.082527128178685405e-04
2.683810165105653990e-03
2.983330420321637921e-05
-8.288668533366905233e-05
-1.659033940856742204e-02
-3.681094924128623224e-03
2.683810165105653990e-03
1.764308423723169594e-02
4.905457380234879393e-03
-3.039195655881065349e-03
-1.844186481014747176e-04
-4.091914774755935069e-05
2.983330420321637921e-05
1.961209872348893641e-04
2.180086039209674920e-06
-5.778317202516543294e-05
5.123753758801134111e-04
1.136867877716482567e-04
-8.288668533366905233e-05
-5.448883048810601679e-04
-6.056992691832324693e-06
1.682830852044181480e-05
-3.622657232370513070e-02
-2.859660708594849660e-04
-2.758707442825783650e-05
3.615941930132166721e-02
-3.621609725685204547e-06
-5.919493680753099300e-06
1.958371847385066396e-05
-1.058676005136046847e-08
6.331169585743821708e-07
-1.954741622936705467e-05
1.957805581723041661e-09
3.200018360970807718e-09
-2.394838094925000468e-06
1.294625241049247172e-09
-1.583161032825408654e-10
2.390398795099810114e-06
-2.394145823432503040e-10
-3.913212982820102326e-10
3.615941930132166721e-02
-1.954741622936705467e-05
2.390398795099810114e-06
-3.609239076017199677e-02
3.174130836520138148e-05
4.027602307720197928e-05
-3.621609725685204547e-06
1.957805581723041661e-09
-2.394145823432503040e-10
3.614896365201250105e-06
-3.620562362489552176e-10
-8.971115636924494041e-10
-5.919493680753099300e-06
3.200018360970807718e-09
-3.913212982820102326e-10
5.908520743868444900e-06
-5.917782303684754330e-10
-9.672569759033855519e-10
-3.638850797236987261e-02
-2.892728659702869449e-05
3.360485806327440388e-05
3.595625127989172248e-02
1.347893278799068154e-05
9.840470148412039791e-07
2.527864540297102740e-05
-1.756076160180919388e-08
1.576995482506851620e-08
-2.497836203711889191e-05
-9.363647496263283188e-09
-6.836052431589967338e-10
-2.270078627005889414e-05
1.576995482506851620e-08
-1.416177045722227454e-08
2.243112512326990877e-05
8.408763918672790272e-09
6.138927306493895120e-10
3.595625127989172248e-02
-2.497836203711889191e-05
2.243112512326990877e-05
-3.552912933622862784e-02
4.568649523459439082e-05
4.674425274824864563e-05
1.347893278799068154e-05
-9.363647496263283188e-09
8.408763918672790272e-09
-1.331881743207189784e-05
-4.992829838804113685e-09
-1.471421084134252183e-05
9.840470148412039791e-07
-6.836052431589967338e-10
6.138927306493895120e-10
-9.723575850847003111e-07
-3.645080092797015059e-10
-2.661139115057303828e-11
-2.219225361644325961e-02
7.956957297509302746e-05
-7.329236439697751990e-05
2.186392571386807857e-02
-1.796244515112424634e-06
1.139735618054285177e-06
-1.512194785823986594e-05
-1.030419492101632514e-08
6.729464692796846181e-09
1.489822306177947492e-05
-1.223972850498598357e-09
7.766233695631382816e-10
1.008602893633935233e-05
6.872686594799886816e-09
-4.583940926846351167e-09
-9.936809087683506377e-06
8.163647800597154663e-10
-5.179918302759080281e-10
2.186392571386807857e-02
1.489822306177947492e-05
-9.936809087683506377e-06
-2.154045532659859541e-02
1.769913269453655968e-06
-1.123670896211136750e-06
-1.796244515112424634e-06
-1.223972850498598357e-09
8.163647800597154663e-10
1.769669602786989140e-06
-1.453883214572192837e-10
9.225039123044175647e-11
1.139735618054285177e-06
7.766233695631382816e-10
-5.179918302759080281e-10
-1.122873562877803430e-06
9.225039123044175647e-11
-5.853381893853274315e-11
-6.455576115439606300e-01
-1.923044187852781306e+00
6.767668961914943271e-01
-1.680474166940232050e-01
5.383261582336050788e-01
-1.498971879183941813e-01
2.941783376783057014e-01
1.518603911299513332e+00
-4.607508211818536759e-01
-1.961326067678114793e+00
5.896464141426382533e+00
-4.579072409388706411e-01
1.734732161676234841e-01
2.249841097736127171e-01
-4.946414975248373397e-02
1.888573073118653856e+00
-6.420075963689677145e+00
1.154159717910818950e+00
4.780327672062907318e-01
-4.312415365205325979e-01
-5.260075455398863231e-02
4.344567517694945119e-02
-1.805452285919588729e-01
4.864068329824089432e-02
-3.956724448890528434e-01
6.557602418825143609e-01
-8.062852360069280855e-02
-1.680474166940232050e-01
1.734732161676234841e-01
4.344567517694945119e-02
3.586997047278397965e-01
-4.242204224825080715e-04
1.526210209414539595e-02
-1.253166877092508902e-01
1.152620466078806416e-01
-1.826999518704463532e-01
5.383261582336050788e-01
2.249841097736127171e-01
-1.805452285919588729e-01
-2.027471984681590220e-02
-2.638751455813849733e-01
7.135455851591374077e-02
-3.072259061577239936e-01
-3.116909467392141656e-02
1.260849467064132368e-01
-1.498971879183941813e-01
-4.946414975248373397e-02
4.864068329824089432e-02
1.246647308081304598e-02
7.058830839254293110e-02
-1.873538069418356419e-02
8.232417625315835430e-02
2.363318934765149069e-03
-3.577667895151806499e-02
2.941783376783057014e-01
1.888573073118653856e+00
-3.956724448890528434e-01
-1.253166877092508902e-01
-3.072259061577239936e-01
8.232417625315835430e-02
1.346470030338496604e-01
-2.036333347325131271e+00
-1.312507093480382858e-01
1.518603911299513332e+00
-6.420075963689677145e+00
6.557602418825143609e-01
1.152620466078806416e-01
-3.116909467392141656e-02
2.363318934765149069e-03
-1.872623204605797120e+00
7.047294435234634946e+00
-1.099847563229476854e+00
-4.607508211818536759e-01
1.154159717910818950e+00
-8.062852360069280855e-02
-1.826999518704463532e-01
1.260849467064132368e-01
-3.577667895151806499e-02
5.743753583119717288e-01
-1.499595189133065887e+00
3.429993750995485868e-01
4.082622421319814232e-01
-3.046964100308732770e-01
2.021170252619043373e-01
-3.859004123086480220e-01
3.767679810491059156e-02
-2.749225830940767862e-02
1.742817911381129570e-01
3.227648501387636593e-01
-4.555186286862699524e-02
-2.200278954342065607e-01
1.792676113960881112e+00
-4.455963011756958192e-01
-4.289604553126533798e-02
9.631457344295896866e-03
-2.687408140059334861e-03
4.108178580487824028e-01
-1.057214756357049090e+00
5.151004296947644390e-01
1.538618568008018328e-01
-4.521067186968603102e-01
1.229521242873814757e-01
-5.848091969702236964e-02
3.792719781842666948e-05
1.897407264146545175e-03
-6.555341284366936194e-02
3.090030228563581116e-01
-1.107944332634291373e-01
-3.859004123086480220e-01
-4.289604553126533798e-02
-5.848091969702236964e-02
3.415413268908329969e-01
-2.219035702646135130e-03
9.405677086991139427e-03
-2.020633113002959780e-01
-1.584528385571988829e-01
-5.843734316675391893e-02
3.767679810491059156e-02
9.631457344295896866e-03
3.792719781842666948e-05
-2.556402212731264528e-02
5.384104837691098579e-04
8.955907116341930161e-05
1.595332411053058952e-02
1.058085857657682996e-02
1.125631772029759420e-02
-2.749225830940767862e-02
-2.687408140059334861e-03
1.897407264146545175e-03
1.246117262578376461e-02
1.009321477402650054e-03
-2.253436022320361859e-03
-6.841010974000482497e-03
-8.710316027765622332e-03
-9.491684969073528252e-03
1.742817911381129570e-01
4.108178580487824028e-01
-6.555341284366936194e-02
-2.020633113002959780e-01
1.595332411053058952e-02
-6.841010974000482497e-03
2.024466840935298106e-01
-2.942822910048848994e-01
8.146904681993606678e-02
3.227648501387636593e-01
-1.057214756357049090e+00
3.090030228563581116e-01
-1.584528385571988829e-01
1.058085857657682996e-02
-8.710316027765622332e-03
-1.375130352868849659e-01
7.178401775230691673e-01
-1.967181858962952501e-01
-4.555186286862699524e-02
5.151004296947644390e-01
-1.107944332634291373e-01
-5.843734316675391893e-02
1.125631772029759420e-02
-9.491684969073528252e-03
1.460845985291023830e-01
-2.882643886917346521e-01
1.359508205705850514e-01
4.053224091625218795e-01
-2.111624263417096956e-02
-6.796746535308787092e-03
-4.237408913335747318e-01
-1.196283544575356753e-02
1.103651380174809626e-02
-3.295011220813737901e-02
6.810514253529369177e-02
-4.352011865014462910e-02
-3.835834838376225853e-04
3.921182707749475416e-01
-2.097799449548888584e-01
-4.865189058879954009e-02
4.519614440467063787e-04
-7.773120850166730100e-04
1.038136275855407464e-01
-3.374011542801076402e-01
2.165887748152392211e-01
1.216537150646669792e-02
-2.057378491530212627e-01
1.867410253807469667e-01
-1.706258504437302773e-02
3.084116063105424993e-02
-2.578890922912835393e-02
-2.779890056894210315e-02
1.832631127651929981e-01
-1.275854212896507800e-01
-4.237408913335747318e-01
-4.865189058879954009e-02
-1.706258504437302773e-02
4.606678024966724405e-01
-2.734969509637757631e-03
-1.275365310917862295e-03
1.086521173767069498e-02
-3.062361261406140733e-02
2.326556225418636645e-02
-1.196283544575356753e-02
4.519614440467063787e-04
3.084116063105424993e-02
3.980982763622641779e-04
1.294821694065610186e-02
-1.148201123718838382e-02
1.216453731326596829e-02
-6.926419717031336715e-04
-3.547723076239521663e-03
1.103651380174809626e-02
-7.773120850166730100e-04
-2.578890922912835393e-02
-1.271323217567742019e-03
-1.095423519064035039e-02
9.269845615572716579e-03
-1.044583923953822276e-02
1.082605361910331937e-03
2.674336480864654766e-03
-3.295011220813737901e-02
1.038136275855407464e-01
-2.779890056894210315e-02
1.086521173767069498e-02
1.216453731326596829e-02
-1.044583923953822276e-02
3.988632426434333272e-02
-7.516455492860733834e-02
5.206553717847053897e-02
6.810514253529369177e-02
-3.374011542801076402e-01
1.832631127651929981e-01
-3.062361261406140733e-02
-6.926419717031336715e-04
1.082605361910331937e-03
-9.332805553727398229e-02
3.018807887446032234e-01
-1.868929247491846191e-01
-4.352011865014462910e-02
2.165887748152392211e-01
-1.275854212896507800e-01
2.326556225418636645e-02
-3.547723076239521663e-03
2.674336480864654766e-03
5.638859021603953581e-02
-1.942908429026378725e-01
1.263068911101819514e-01
5.419553760256529129e-01
-1.501147254090985650e-02
1.770567240621265248e-02
-5.409342911465461201e-01
2.381526210906934841e-03
-4.008009647339906383e-03
-1.584124259496276846e-02
-4.453372023281612462e-04
1.175143478157418628e-03
-6.258468166576548232e-03
1.582743801191626928e-02
-1.869832655628264964e-02
2.711341371458040467e-03
-1.045288936588853815e-02
1.807762929927566112e-02
1.105199291527088692e-02
-5.942659430365482276e-03
1.132157159661922527e-02
1.568925636479846786e-02
-2.648315911390151933e-02
4.437932898490169753e-02
-9.699481715841758514e-03
1.774575657158092290e-02
-3.068262319984088604e-02
-1.912844552127591913e-02
9.743710805616295073e-03
-1.846386634899757281e-02
-5.409342911465461201e-01
2.711341371458040467e-03
-9.699481715841758514e-03
5.409192811906903264e-01
2.298925814592779355e-03
-3.244724875169958684e-04
1.147294217911939626e-02
1.153819150403173795e-03
-2.177446375975746612e-03
2.381526210906934841e-03
-1.045288936588853815e-02
1.774575657158092290e-02
9.484759355927726903e-04
1.152123295422272792e-02
-1.945130459147811214e-02
-1.614583732055243151e-02
1.009170802205276588e-03
-2.975640686923526949e-04
-4.008009647339906383e-03
1.807762929927566112e-02
-3.068262319984088604e-02
-1.727573887571376031e-03
-1.981558012344258185e-02
3.408278419626674383e-02
2.770891166836907463e-02
-1.815651574268931827e-03
6.875150746762776193e-04
-1.584124259496276846e-02
1.105199291527088692e-02
-1.912844552127591913e-02
1.147294217911939626e-02
-1.614583732055243151e-02
2.770891166836907463e-02
2.507391041919915242e-02
1.969737762976759513e-03
-1.360315109293938965e-02
-4.453372023281612462e-04
-5.942659430365482276e-03
9.743710805616295073e-03
1.153819150403173795e-03
1.009170802205276588e-03
-1.815651574268931827e-03
1.543226034643430892e-03
4.100262567193782744e-03
-1.966069474634783709e-02
1.175143478157418628e-03
1.132157159661922527e-02
-1.846386634899757281e-02
-2.177446375975746612e-03
-2.975640686923526949e-04
6.875150746762776193e-04
-6.079235807707347727e-03
-8.844373783750133361e-03
1.939090024005381274e-02
4.753898890325119475e-01
-5.939238263510124641e-03
2.459033765132309646e-02
-4.710842865569634386e-01
6.070423756612718796e-03
-1.457330119160433687e-02
-6.510784439613810995e-03
4.215265983121854916e-03
-1.047231141104956569e-02
-7.605062928510193318e-03
-1.407647861133229546e-03
2.503440353956359020e-03
-7.985317707378175372e-04
-3.853203001798075067e-03
9.412444694331245990e-03
8.994397760512216899e-03
4.769080923891041990e-03
-1.172548913356947706e-02
2.412534134402382138e-02
2.446888192120167792e-03
-3.301531037844880785e-03
-2.544713632909824472e-03
1.030938783872798262e-02
-2.519533415970840254e-02
-2.312528868611331972e-02
-1.140047368831901414e-02
2.804237633741025679e-02
-4.710842865569634386e-01
-7.985317707378175372e-04
-2.544713632909824472e-03
4.700159161297193799e-01
-1.100058880946167472e-03
3.276852083501655914e-03
2.967168161811849138e-03
3.841280471330023273e-04
-7.239431895580124114e-04
6.070423756612718796e-03
-3.853203001798075067e-03
1.030938783872798262e-02
-1.501199331612830881e-03
3.690937422322208925e-03
-9.138886977214958837e-03
-4.935903083325998177e-03
7.317467281042084595e-04
-1.741820328050094945e-03
-1.457330119160433687e-02
9.412444694331245990e-03
-2.519533415970840254e-02
3.293699087911546291e-03
-9.076085280684605128e-03
2.231783507818248247e-02
1.218236531866509313e-02
-1.734177435902520400e-03
4.123379916672702088e-03
-6.510784439613810995e-03
8.994397760512216899e-03
-2.312528868611331972e-02
2.967168161811849138e-03
-4.935903083325998177e-03
1.218236531866509313e-02
3.884311699854888986e-03
-4.790255027500747546e-03
1.198618116359355217e-02
4.215265983121854916e-03
4.769080923891041990e-03
-1.140047368831901414e-02
3.841280471330023273e-04
7.317467281042084595e-04
-1.734177435902520400e-03
-4.890126222000745759e-03
-5.486264012209120244e-03
1.343093788636985642e-02
-1.047231141104956569e-02
-1.172548913356947706e-02
2.804237633741025679e-02
-7.239431895580124114e-04
-1.741820328050094945e-03
4.123379916672702088e-03
1.190384842303406077e-02
1.343840977719053253e-02
-3.291611584804828017e-02
2.894475449499525066e-01
-9.803584902175715987e-02
2.024747128651129685e-02
-2.243818491252692199e-02
1.287995911939278891e-02
-1.724704154186075880e-03
-1.370038693892477455e-01
1.654231239299916445e-02
-1.497831269485598582e-01
-1.333751713023876850e-01
7.595048607979987265e-02
1.193056708487342382e-01
-9.825719067642361970e-02
1.987815074698958684e-01
9.031034482273596342e-02
-1.935316180637292743e-02
-3.292448001854298562e-02
-3.013010653749681553e-03
2.512553707228503200e-02
-5.218403011032028693e-02
3.037232847850260611e-02
1.066959972917065624e-01
-1.166306116976263407e-01
-1.194821577459161954e-01
3.197419322679328352e-02
8.888261287571699865e-02
5.766161741288905462e-01
6.240062283757595758e-03
-2.181170023813485109e-03
-4.436805159670512838e-02
-1.923972466183218599e-01
2.061407570597469097e-02
-3.119838965938944164e-01
1.553510593639611526e-01
-1.055222579651534931e-01
-2.245046467963445758e-01
-2.243818491252692199e-02
-1.935316180637292743e-02
6.240062283757595758e-03
1.029258455911159081e-02
-2.609744714647004547e-03
3.660958437586095578e-03
5.360281536860210527e-03
1.153132321572913031e-02
-3.447011172525987679e-03
4.643714455452014819e-03
1.310461058487186886e-02
-1.987514259948477361e-03
1.287995911939278891e-02
-3.292448001854298562e-02
-2.181170023813485109e-03
-9.169402588313670457e-03
6.934322410586354901e-02
-6.206957465263208094e-03
-3.436097545800200978e-03
-3.395767059342882661e-03
-6.036274336590723285e-04
-1.482947913901745815e-03
-1.675304497440455870e-02
6.519427959170552393e-03
-1.724704154186075880e-03
-3.013010653749681553e-03
-4.436805159670512838e-02
1.903232834449136886e-03
-1.064813123033747644e-02
6.240346601455665221e-02
4.558590668770146417e-03
3.464129971220852866e-02
-4.404625395401962594e-03
-7.086953682816998041e-04
-2.706599674684534440e-02
1.146716246102061874e-02
-1.370038693892477455e-01
2.512553707228503200e-02
-1.923972466183218599e-01
5.360281536860210527e-03
-3.436097545800200978e-03
4.558590668770146417e-03
1.225050971722126264e-01
-2.409723088143388148e-02
1.645248144659851586e-01
1.117960405891623224e-02
9.700885097730009652e-04
2.148221919550919942e-02
1.654231239299916445e-02
-5.218403011032028693e-02
2.061407570597469097e-02
1.153132321572913031e-02
-3.395767059342882661e-03
3.464129971220852866e-02
-2.514682210676721583e-02
4.951912643357040539e-02
-2.783636411902106270e-02
-7.956648480933452977e-03
1.943455075801572883e-03
-1.477686471045820855e-02
-1.497831269485598582e-01
3.037232847850260611e-02
-3.119838965938944164e-01
-3.447011172525987679e-03
-6.036274336590723285e-04
-4.404625395401962594e-03
1.638797499884617204e-01
-2.611637951759205462e-02
3.233577791865387407e-01
-1.798106949548496439e-02
-1.614032139158364139e-03
-2.629825855132835247e-02
-1.333751713023876850e-01
1.066959972917065624e-01
1.553510593639611526e-01
4.643714455452014819e-03
-1.482947913901745815e-03
-7.086953682816998041e-04
1.117960405891623224e-02
-7.956648480933452977e-03
-1.798106949548496439e-02
1.236646519052113508e-01
-9.718207872767362088e-02
-1.305242799182162461e-01
7.595048607979987265e-02
-1.166306116976263407e-01
-1.055222579651534931e-01
1.310461058487186886e-02
-1.675304497440455870e-02
-2.706599674684534440e-02
9.700885097730009652e-04
1.943455075801572883e-03
-1.614032139158364139e-03
-9.832677697700695219e-02
1.266455593013624537e-01
1.245599709004074768e-01
1.193056708487342382e-01
-1.194821577459161954e-01
-2.245046467963445758e-01
-1.987514259948477361e-03
6.519427959170552393e-03
1.146716246102061874e-02
2.148221919550919942e-02
-1.477686471045820855e-02
-2.629825855132835247e-02
-1.343063400438714583e-01
1.264583098107631975e-01
2.495526339827377205e-01
2.755788750200601767e-01
-1.064044796807965682e-01
1.394356945752424359e-02
-1.356753855085652063e-02
2.617229093617020382e-03
-2.948614070955955097e-04
-1.311898806499295078e-01
3.413686484563557139e-02
-1.407880439276031070e-01
-1.311381200052809115e-01
6.892858630472166459e-02
1.274410278611252112e-01
-9.848314789012990733e-02
9.795873318756312398e-02
6.050599083863214545e-02
-1.529242193237264485e-02
3.430238998631311709e-02
-6.913933477110736046e-03
3.845454337721903454e-02
-4.625997015065482637e-02
4.823958306854390921e-02
8.253413126923896115e-02
-8.607095441335060881e-02
-1.014587766117523299e-01
1.298165360450445616e-02
5.586772773280318516e-02
5.634771939692885256e-01
1.904461226008219172e-03
-6.816926191854071754e-03
-2.026272334555152821e-02
-1.818021031684302902e-01
4.966100058656539723e-02
-2.915275577190314382e-01
1.662497455346559072e-01
-1.025894573026930739e-01
-2.518964339957691645e-01
-1.356753855085652063e-02
-1.529242193237264485e-02
1.904461226008219172e-03
5.075333409875927050e-03
-1.239425417926220269e-03
3.722270904647386586e-04
3.872570083596979691e-03
7.353430434548311606e-03
-1.531620048454176682e-04
3.698009108912197335e-03
6.684330804413249165e-03
-1.252190754805552293e-03
2.617229093617020382e-03
3.430238998631311709e-02
-6.816926191854071754e-03
-2.009386209262220124e-04
-3.236944086494034784e-02
6.206233091336105581e-03
-1.885012449424738022e-03
1.477950376766354887e-03
-1.146090971433443885e-03
-3.094066442669175104e-03
-1.234959205323567927e-03
2.848637480731361186e-03
-2.948614070955955097e-04
-6.913933477110736046e-03
-2.026272334555152821e-02
3.561450629445800354e-04
5.842984315379363101e-03
1.217803964013421981e-02
3.123506014278329673e-03
1.263641970066572279e-02
2.799674683907392783e-03
-2.842404166187399110e-03
-1.119257380985919786e-02
5.832966246578044633e-03
-1.311898806499295078e-01
3.845454337721903454e-02
-1.818021031684302902e-01
3.872570083596979691e-03
-1.885012449424738022e-03
3.123506014278329673e-03
1.188226615501541267e-01
-3.884251040660189475e-02
1.586264859447088504e-01
9.042823347964449102e-03
6.304354147661269791e-04
1.946047861981188565e-02
3.413686484563557139e-02
-4.625997015065482637e-02
4.966100058656539723e-02
7.353430434548311606e-03
1.477950376766354887e-03
1.263641970066572279e-02
-3.890754603726855054e-02
4.305620471771334085e-02
-4.920252743839670373e-02
-4.746493353788548003e-03
8.780256855285570403e-04
-1.049720104901470663e-02
-1.407880439276031070e-01
4.823958306854390921e-02
-2.915275577190314382e-01
-1.531620048454176682e-04
-1.146090971433443885e-03
2.799674683907392783e-03
1.591342848148206979e-01
-4.952653160321825870e-02
3.185306176764586827e-01
-1.896005203434162831e-02
3.111116792412433555e-03
-2.998049393884829120e-02
-1.311381200052809115e-01
8.253413126923896115e-02
1.662497455346559072e-01
3.698009108912197335e-03
-3.094066442669175104e-03
-2.842404166187399110e-03
9.042823347964449102e-03
-4.746493353788548003e-03
-1.896005203434162831e-02
1.191384560414340821e-01
-7.894872718595082051e-02
-1.444239988925632712e-01
6.892858630472166459e-02
-8.607095441335060881e-02
-1.025894573026930739e-01
6.684330804413249165e-03
-1.234959205323567927e-03
-1.119257380985919786e-02
6.304354147661269791e-04
8.780256855285570403e-04
3.111116792412433555e-03
-7.836788936695079921e-02
8.557622542068854532e-02
1.126743589101163595e-01
1.274410278611252112e-01
-1.014587766117523299e-01
-2.518964339957691645e-01
-1.252190754805552293e-03
2.848637480731361186e-03
5.832966246578044633e-03
1.946047861981188565e-02
-1.049720104901470663e-02
-2.998049393884829120e-02
-1.446944029652610930e-01
1.117099379216493216e-01
2.760566950214122239e-01
2.827254583716487524e-01
-1.076886301268056290e-01
1.256008904683967968e-02
-1.257773454911098598e-02
2.111627768159295322e-03
-1.212570216285148374e-04
-1.314690766835387159e-01
3.687883421616548058e-02
-1.393661821051505600e-01
-1.314891253882767563e-01
6.851590862713675956e-02
1.269971321654445873e-01
-1.070211999791389201e-01
9.456131301706109660e-02
5.456714390640819007e-02
-1.345146328717974384e-02
3.301226985445979145e-02
-5.833789976151236047e-03
4.066108047996692260e-02
-4.587420735638086944e-02
5.020532099424498962e-02
8.124081986996067872e-02
-8.205503676917240419e-02
-9.894636430262090943e-02
1.259950873877711298e-02
5.104541317985610699e-02
5.614820711141295106e-01
1.628130972774363434e-03
-5.636666509435112396e-03
-1.730800215796690980e-02
-1.802415544344383447e-01
5.419176680317427247e-02
-2.889124436720270084e-01
1.660333454176711188e-01
-1.025383674983226800e-01
-2.525739939995091388e-01
-1.257773454911098598e-02
-1.345146328717974384e-02
1.628130972774363434e-03
4.458472203448418485e-03
2.988562572646573986e-04
1.311569033256017140e-04
3.576145796454717907e-03
6.554200800033613619e-03
2.040857707029793361e-04
3.268025606445069432e-03
6.141421618389522954e-03
-1.301182333329321296e-03
2.111627768159295322e-03
3.301226985445979145e-02
-5.636666509435112396e-03
2.489822932646562886e-04
-3.312702798260582643e-02
5.193080166667723985e-03
-5.343376120127605287e-04
2.203437138879706277e-03
-4.152183294761903841e-04
-1.476461428820265631e-03
-8.660962911794875953e-05
1.680414948583666994e-03
-1.212570216285148374e-04
-5.833789976151236047e-03
-1.730800215796690980e-02
1.017365174654892573e-04
5.091370125915218800e-03
9.453726432794981246e-03
2.545529156951155132e-03
1.036790539137568030e-02
2.577099791918315876e-03
-2.447023212578735424e-03
-9.421490535407341105e-03
4.805451409504365827e-03
-1.314690766835387159e-01
4.066108047996692260e-02
-1.802415544344383447e-01
3.576145796454717907e-03
-5.343376120127605287e-04
2.545529156951155132e-03
1.169052133453716003e-01
-4.071681929642705783e-02
1.582759797012665004e-01
8.120343387212704961e-03
9.649542453140533228e-04
1.887615987562362568e-02
3.687883421616548058e-02
-4.587420735638086944e-02
5.419176680317427247e-02
6.554200800033613619e-03
2.203437138879706277e-03
1.036790539137568030e-02
-4.028089445976038713e-02
4.172460126762759375e-02
-5.293285796475965393e-02
-3.778859900893661184e-03
1.068855130784265644e-03
-1.029162078851025321e-02
-1.393661821051505600e-01
5.020532099424498962e-02
-2.889124436720270084e-01
2.040857707029793361e-04
-4.152183294761903841e-04
2.577099791918315876e-03
1.578198264073473467e-01
-5.299259270784241471e-02
3.165946214898664457e-01
-1.856837430623890089e-02
3.680124515745200348e-03
-3.073093756524434422e-02
-1.314891253882767563e-01
8.124081986996067872e-02
1.660333454176711188e-01
3.268025606445069432e-03
-1.476461428820265631e-03
-2.447023212578735424e-03
8.120343387212704961e-03
-3.778859900893661184e-03
-1.856837430623890089e-02
1.175282339321542663e-01
-7.757955327839900772e-02
-1.443704858439876504e-01
6.851590862713675956e-02
-8.205503676917240419e-02
-1.025383674983226800e-01
6.141421618389522954e-03
-8.660962911794875953e-05
-9.421490535407341105e-03
9.649542453140533228e-04
1.068855130784265644e-03
3.680124515745200348e-03
-7.669000311273235782e-02
8.029022422855314201e-02
1.108731844233394187e-01
1.269971321654445873e-01
-9.894636430262090943e-02
-2.525739939995091388e-01
-1.301182333329321296e-03
1.680414948583666994e-03
4.805451409504365827e-03
1.887615987562362568e-02
-1.029162078851025321e-02
-3.073093756524434422e-02
-1.448889150605052190e-01
1.096491530147203630e-01
2.768882533070669005e-01
1.586814224999842038e+00
-5.338592915845293829e-01
4.631778672650300743e-01
-1.586629190314924331e+00
2.470136148007781030e-01
1.359145571383820750e-01
-2.543760923315286360e-01
4.077805412279256192e-02
-7.556410185668066548e-02
2.543464301320388921e-01
-3.959780363433060280e-02
-2.178794051070143123e-02
1.048658856083638791e-01
-1.681064725768049994e-02
6.930145817433841504e-03
-1.048536574434048851e-01
1.632409204890267196e-02
8.982022077213436262e-03
-1.586629190314924331e+00
2.543464301320388921e-01
-1.048536574434048851e-01
1.586444177206467021e+00
-5.264680103755260410e-01
-4.942106901173271005e-01
2.470136148007781030e-01
-3.959780363433060280e-02
1.632409204890267196e-02
-2.469848111225251830e-01
3.845171346189335537e-02
7.991078072695423362e-02
1.359145571383820750e-01
-2.178794051070143123e-02
8.982022077213436262e-03
-1.358987084606608775e-01
2.115732612795417911e-02
1.164141747098634827e-02
2.714526054309808201e-01
-3.969149104734390372e-03
1.309978465281112520e-03
-2.714513758393659049e-01
2.052597811146761493e-03
1.233937480112807638e-03
-1.555069404067723144e-03
8.908519583444157730e-06
6.971040186534039479e-04
1.555062360111348577e-03
-1.175870848574896849e-05
-7.068852475391351102e-06
8.937007969477764194e-04
-5.119740013263384543e-06
2.942322521451087858e-06
-8.936967487751480352e-04
6.757747993335052814e-06
4.062480474658001204e-06
-2.714513758393659049e-01
1.555062360111348577e-03
-8.936967487751480352e-04
2.714501462533206455e-01
-4.466668214215966173e-03
-1.650209559112506431e-03
2.052597811146761493e-03
-1.175870848574896849e-05
6.757747993335052814e-06
-2.052588513549296993e-03
1.552078591264029195e-05
-6.928932997943052473e-04
1.233937480112807638e-03
-7.068852475391351102e-06
4.062480474658001204e-06
-1.233931890779170655e-03
9.330458872362356205e-06
5.609088564151586526e-06
-2.832175690498369564e-03
6.950414832507366024e-04
-5.573780938170166304e-04
2.832174925940520675e-03
2.849816985959718299e-05
1.477601955790265608e-04
-2.845961108259749406e-05
-2.859813625112617164e-07
-3.991341599469456526e-05
2.845960339979618594e-05
2.863688271202702307e-07
1.484794080385486680e-06
1.477478481829813629e-04
1.484670005305306975e-06
-7.707652712305353160e-06
-1.477478082978204337e-04
-1.486681524699284135e-06
-7.708296846607741221e-06
2.832174925940520675e-03
2.845960339979618594e-05
-1.477478082978204337e-04
-2.832174161382876483e-03
6.950029321669505197e-04
5.573657863094653346e-04
2.849816985959718299e-05
2.863688271202702307e-07
-1.486681524699284135e-06
-2.849816216638363089e-05
-2.867568166878275981e-07
3.991128023214456869e-05
1.477601955790265608e-04
1.484794080385486680e-06
-7.708296846607741221e-06
-1.477601556905325231e-04
-1.486805767855520384e-06
-7.708941034499894692e-06
4.620613341438439825e+00
1.338087191291209843e-01
1.288047642351946298e-01
-4.620179830098184226e+00
1.047089558313059054e-01
-1.920994487405084383e-01
-1.280969556492123629e-01
3.551223362371902503e-03
-2.621490104977930446e-02
1.280849374432247445e-01
-2.902839402488033294e-03
5.325560211859925452e-03
-1.622208299504720730e-01
4.497237254887292979e-03
5.695260720870169713e-03
1.622056102027423508e-01
-3.676129652717380347e-03
6.744241446959266251e-03
-4.620179830098184226e+00
1.280849374432247445e-01
1.622056102027423508e-01
4.619746359430465965e+00
1.572065428635557038e-01
-9.894416843979719767e-02
1.047089558313059054e-01
-2.902839402488033294e-03
-3.676129652717380347e-03
-1.046991319147776711e-01
2.372837677838468551e-03
2.635892127328134937e-02
-1.920994487405084383e-01
5.325560211859925452e-03
6.744241446959266251e-03
1.920814257458694496e-01
-4.353217031385275826e-03
7.986428527889763429e-03
2.447349890685603491e+00
4.072628092896858620e-02
3.547772007640938308e-02
-2.447345534495986463e+00
3.232523208189155839e-02
-4.204445779052647797e-02
-3.332488881103129463e-02
4.537758244114731276e-04
5.562213591095398202e-04
3.332482949399812738e-02
-4.401637743008390835e-04
5.725077915186352340e-04
-4.085165012775436588e-02
5.562656583909392216e-04
6.819038522083487909e-04
4.085157741337249598e-02
-5.395791898552583510e-04
7.018144344648512886e-04
-2.447345534495986463e+00
3.332482949399812738e-02
4.085157741337249598e-02
2.447341178314122789e+00
4.172599519579048288e-02
-3.428498725117102436e-02
3.232523208189155839e-02
-4.401637743008390835e-04
-5.395791898552583510e-04
-3.232517454420939101e-02
4.269600489599789661e-04
-5.552898035410640254e-04
-4.204445779052647797e-02
5.725077915186352340e-04
7.018144344648512886e-04
4.204438295299273848e-02
-5.553341028224738352e-04
7.223063762263511045e-04
-8.273105866147663356e-02
-2.369557717099292141e-06
1.891696083539272536e-06
8.273105865779817325e-02
-1.009833901460570036e-06
-1.546906289498573556e-06
1.020148282900732931e-06
-1.257949300281779870e-11
-1.982941232358630325e-09
-1.020148282869024253e-06
1.245206715516644635e-11
1.907477258772325737e-11
-1.319647251529898328e-06
1.627246622874423655e-11
-2.104971504491325249e-11
1.319647251471223085e-06
-1.610791847097410976e-11
-2.467448123014862577e-11
8.273105865779817325e-02
-1.020148282869024253e-06
1.319647251471223085e-06
-8.273105865412001825e-02
-2.379872098554027392e-06
-1.664437045639355842e-06
-1.009833901460570036e-06
1.245206715516644635e-11
-1.610791847097410976e-11
1.009833901445997046e-06
-1.232637603099107082e-11
1.980331796245174165e-09
-1.546906289498573556e-06
1.907477258772325737e-11
-2.467448123014862577e-11
1.546906289429813328e-06
-1.888190475981771588e-11
-2.892390760212964668e-11
-9.762108197021449052e-02
4.200160760961709101e-03
-3.022641416307868777e-03
9.762108781692852011e-02
1.685481622471587688e-03
2.862484946171077460e-03
-1.685486765204923876e-03
-2.910094395960904912e-05
4.942540623156741608e-05
1.685486866151950222e-03
2.910085516696914176e-05
4.942252631298060627e-05
2.862795170358283913e-03
4.942788252030571450e-05
-8.395313821556003734e-05
-2.862795341816588499e-03
-4.942773170674486286e-05
-8.394404071056939091e-05
9.762108781692852011e-02
1.685486866151950222e-03
-2.862795341816588499e-03
-9.762109366364325747e-02
4.200165802748280670e-03
3.022951469055329583e-03
1.685481622471587688e-03
2.910085516696914176e-05
-4.942773170674486286e-05
-1.685481723418351873e-03
-2.910076637509251274e-05
-4.941989924136144357e-05
2.862484946171077460e-03
4.942252631298060627e-05
-8.394404071056939091e-05
-2.862485117610823540e-03
-4.942237551563122662e-05
-8.393494419105784461e-05
-8.369593512224277054e-02
-2.693720600899829268e-06
3.763155024423940980e-06
8.369593512173688354e-02
-2.375413853430806371e-06
-1.435878250528462978e-06
2.388251899100173684e-06
-6.814840974980998744e-11
-4.912168708317600917e-10
-2.388251899082277996e-06
6.778208290656327220e-11
4.097259741424965485e-11
-1.344021309266383469e-06
3.835145722488128570e-11
-2.158271394177464775e-11
1.344021309258257881e-06
-3.814531053315917250e-11
-2.305782420466279126e-11
8.369593512173688354e-02
-2.388251899082277996e-06
1.344021309258257881e-06
-8.369593512123116308e-02
-2.706558646586748374e-06
-3.671298083170528313e-06
-2.375413853430806371e-06
6.778208290656327220e-11
-3.814531053315917250e-11
2.375413853413253731e-06
-6.741776716773207387e-11
4.888159921861131416e-10
-1.435878250528462978e-06
4.097259741424965485e-11
-2.305782420466279126e-11
1.435878250519796983e-06
-4.075233125885735448e-11
-2.463370505571393226e-11
-7.877030310269701741e-02
-5.367630935149254146e-05
7.205024444383450750e-05
7.877030489001843327e-02
1.495311084343095478e-05
1.911736687673413853e-05
-8.123135351493408770e-06
-8.376929647926901373e-10
-6.302227664596459389e-07
8.123135535810590242e-06
1.542029632480276567e-09
1.971465797878676627e-09
2.435040348075567850e-05
2.511119199600633956e-09
-7.527483340211832408e-09
-2.435040403327374194e-05
-4.622481690659423242e-09
-5.909785473707032666e-09
7.877030489001843327e-02
8.123135535810590242e-06
-2.435040403327374194e-05
-7.877030667733998792e-02
-6.050628518273272097e-05
-6.681720827359184840e-05
1.495311084343095478e-05
1.542029632480276567e-09
-4.622481690659423242e-09
-1.495311118273353746e-05
-2.838576407327375167e-09
6.291048009215107378e-07
1.911736687673413853e-05
1.971465797878676627e-09
-5.909785473707032666e-09
-1.911736731051303634e-05
-3.629084737709100613e-09
-4.639739811752516263e-09
7.239205710376545033e-01
-4.977836292423063868e-04
1.841595097437135850e-05
-7.239205710259881688e-01
2.292889726498531196e-04
-8.007140185380969520e-05
-2.269863887423102724e-04
7.117192564465302240e-08
1.635875096295250270e-04
2.269863887387757191e-04
-7.189390362552505742e-08
2.510650897000633180e-08
-7.933798685377086400e-05
2.487654568255302789e-08
8.695037147695561372e-09
7.933798685249187136e-05
-2.512889702338582179e-08
8.775415484540215303e-09
-7.239205710259881688e-01
2.269863887387757191e-04
7.933798685249187136e-05
7.239205710143221673e-01
-5.000862131461597483e-04
-1.768253597562239246e-05
2.292889726498531196e-04
-7.189390362552505742e-08
-2.512889702338582179e-08
-2.292889726461635254e-04
7.262320653872444964e-08
-1.635879942770922225e-04
-8.007140185380969520e-05
2.510650897000633180e-08
8.775415484540215303e-09
8.007140185251983343e-05
-2.536119324980266529e-08
8.856537243274876093e-09
-2.041366451503461021e-02
7.306850316127066352e-05
-2.119549482392261300e-06
2.041367046447874201e-02
2.314593902708910446e-05
-1.593361134692818006e-07
-2.006754583872942600e-05
-1.972729542788610481e-08
2.386096169218266717e-09
2.006755168729787832e-05
2.275349380008155727e-08
-1.566345412070844698e-10
2.432200176077279671e-07
2.390961692168115725e-10
-2.897897199982679695e-12
-2.432200884927356670e-07
-2.757739039907437968e-10
1.898446677639498148e-12
2.041367046447874201e-02
2.006755168729787832e-05
-2.432200884927356670e-07
-2.041367641392458424e-02
6.999010322715146226e-05
2.522105659906807479e-06
2.314593902708910446e-05
2.275349380008155727e-08
-2.757739039907437968e-10
-2.314594577284864420e-05
-2.624391565431661261e-08
-1.966337488153039117e-09
-1.593361134692818006e-07
-1.566345412070844698e-10
1.898446677639498148e-12
1.593361599068181069e-07
1.806625118484160271e-10
-1.243664893291196449e-12
-9.492999339548224835e-02
1.210145666643036836e-05
2.319438789135095055e-07
9.492999339557083027e-02
-3.766461811730989563e-07
-2.068393053558896060e-08
3.771103330970645861e-07
-1.498025228169330703e-12
-2.597166986022039288e-12
-3.771103330562581385e-07
1.496254292340792880e-12
8.222985529232181276e-14
2.342470455801761148e-07
-9.305003193540342087e-13
-5.780540863204114492e-13
-2.342470455803945169e-07
9.294585396628429646e-13
5.104468138998632503e-14
9.492999339557083027e-02
-3.771103330562581385e-07
-2.342470455803945169e-07
-9.492999339565955097e-02
1.210099251451427987e-05
2.298709720227384061e-08
-3.766461811730989563e-07
1.496254292340792880e-12
9.294585396628429646e-13
3.766461811809729746e-07
-1.494417220179733441e-12
1.584621758266393876e-12
-2.068393053558896060e-08
8.222985529232181276e-14
5.104468138998632503e-14
2.068393053560728431e-08
-8.204490840243838457e-14
-4.471146670628370208e-15
-8.417189321580471895e-02
5.795842701419820118e-05
-5.744213462729047943e-05
8.417189321589112205e-02
-3.102350933939766147e-07
-9.399218468461034754e-09
3.172406808648514290e-07
-1.195642233105512141e-12
-6.935483025812052362e-10
-3.172406808713361015e-07
1.169269235115124889e-12
3.549078502389696922e-14
1.968780393757571366e-07
-7.419533713294405715e-13
-4.605191011516907018e-13
-1.968780393758751918e-07
7.257252202146992171e-13
2.200046785374998315e-14
8.417189321589112205e-02
-3.172406808713361015e-07
-1.968780393758751918e-07
-8.417189321597767782e-02
5.795142142672840183e-05
5.764841188513477818e-05
-3.102350933939766147e-07
1.169269235115124889e-12
7.257252202146992171e-13
3.102350933950648403e-07
-1.143438313045666431e-12
6.927717669120253818e-10
-9.399218468461034754e-09
3.549078502389696922e-14
2.200046785374998315e-14
9.399218468553043708e-09
-3.458230483840978047e-14
-1.066150206313620785e-15
3.773074738700163078e+00
-5.245455722928500375e-01
-5.859474086950672289e-01
-3.773074317101189123e+00
4.893943728932764747e-01
-4.267406865520825821e-01
-4.948512822641823461e-01
6.490138905726244856e-02
-1.594791266120172135e-01
4.948512269700762745e-01
-6.418569727100864597e-02
5.596845823609348375e-02
-4.324827552469900360e-01
5.672154961469077356e-02
4.957265533798272533e-02
4.324827069218697972e-01
-5.609605996412603962e-02
4.891447974858099956e-02
-3.773074317101189123e+00
4.948512269700762745e-01
4.324827069218697972e-01
3.773073895502264463e+00
-5.190886082375900656e-01
5.802052923166548526e-01
4.893943728932764747e-01
-6.418569727100864597e-02
-5.609605996412603962e-02
-4.893943182089223187e-01
6.347789768461203908e-02
1.608494030220964377e-01
-4.267406865520825821e-01
5.596845823609348375e-02
4.891447974858099956e-02
4.267406388685776597e-01
-5.535127320461154243e-02
4.826504274911097570e-02
2.155079410364712622e+00
-1.309525708786909645e-02
-6.896996638782112998e-03
-2.155079362063731629e+00
4.322518806126932588e-04
-9.471862398985614459e-04
-6.538592318691409822e-04
1.983833605723184235e-07
-2.637450506597611467e-03
6.538592172138053349e-04
-1.311468528775172615e-07
2.873798822633066158e-07
-7.663090811154159906e-04
2.325010690570894489e-07
2.724862962938117848e-07
7.663090639404174795e-04
-1.537013159516251171e-07
3.368030952629577808e-07
-2.155079362063731629e+00
6.538592172138053349e-04
7.663090639404174795e-04
2.155079313762751969e+00
-1.287364972692483719e-02
7.077873776336333043e-03
4.322518806126932588e-04
-1.311468528775172615e-07
-1.537013159516251171e-07
-4.322518709248796649e-04
8.669828485685648900e-08
2.637493027181015120e-03
-9.471862398985614459e-04
2.873798822633066158e-07
3.368030952629577808e-07
9.471862186696364694e-04
-1.899804856524611382e-07
4.163010272709050208e-07
-1.615014014478432028e-02
-2.380616440230271240e-04
2.225154106139476894e-04
1.615015326235105103e-02
-8.109426003488920344e-06
-1.437693793432437054e-05
2.212138643640185869e-06
-3.030040125057142930e-10
-5.812088721119228218e-05
-2.212140440399227925e-06
1.110775152413090439e-09
1.969257222950058492e-09
-1.773485005271839055e-05
2.429201673181634464e-09
-1.947505735781743079e-08
1.773486445742808828e-05
-8.905152073358077342e-09
-1.578765482382481133e-08
1.615015326235105103e-02
-2.212140440399227925e-06
1.773486445742808828e-05
-1.615016637992850931e-02
-2.321643500764958767e-04
-2.258733110550160245e-04
-8.109426003488920344e-06
1.110775152413090439e-09
-8.905152073358077342e-09
8.109432590171450984e-06
-4.071964062810073948e-09
5.811609736007636480e-05
-1.437693793432437054e-05
1.969257222950058492e-09
-1.578765482382481133e-08
1.437694961165005715e-05
-7.219052789075495411e-09
-1.279842415981996917e-08
-2.617198379688770449e-02
-2.795734746407880730e-05
1.616817170318091709e-04
2.617198379690490601e-02
-8.908362500062788475e-08
2.542122556463371646e-09
8.494620258773995264e-08
-2.756891936961380907e-13
-1.393754312465176523e-11
-8.494620258802521746e-08
2.891454436992901833e-13
-8.226790034443854351e-15
5.896053180987780111e-08
-1.913443041389843195e-13
-1.328538774535808961e-13
-5.896053180991661904e-08
2.006942501986736530e-13
-5.703750004786320892e-15
2.617198379690490601e-02
-8.494620258802521746e-08
-5.896053180991661904e-08
-2.617198379692220814e-02
-2.795321004167095744e-05
-1.616252986225557859e-04
-8.908362500062788475e-08
2.891454436992901833e-13
2.006942501986736530e-13
8.908362499558787990e-08
-3.032366024946497873e-13
1.375487786373798446e-11
2.542122556463371646e-09
-8.226790034443854351e-15
-5.703750004786320892e-15
-2.542122556465592626e-09
8.679063018239744171e-15
-2.275779591484077068e-16
1.935257607328361384e+00
1.151363037021170717e-02
8.398983561171604467e-03
-1.768729161346849210e+00
1.474429047981529531e-02
-2.480783625541137932e-02
1.912439371545063532e-03
1.889890180961639743e-06
-9.893421049831967878e-03
-1.747874429197142192e-03
1.457044349670181052e-05
-2.451533201471792905e-05
5.673615987435595654e-04
5.606719514919880631e-07
1.663340232218538800e-07
-5.185402712930989397e-04
4.322599837506125968e-06
-7.272940607953837754e-06
-1.768729161346849210e+00
-1.747874429197142192e-03
-5.185402712930989397e-04
1.616530447601501663e+00
1.599906534387994517e-02
-2.653498524462141045e-02
1.474429047981529531e-02
1.457044349670181052e-05
4.322599837506125968e-06
-1.347554787345333141e-02
1.123334180060146456e-04
-5.627648017983872923e-03
-2.480783625541137932e-02
-2.451533201471792905e-05
-7.272940607953837754e-06
2.267312798498099385e-02
-1.890052996254276967e-04
3.180086916309548140e-04
8.521199919413960377e-02
-5.163949533653516485e-03
4.690611676924979633e-04
-8.518731609626999102e-02
5.213118384445029722e-03
-3.606244912562309342e-05
-5.354011183653514805e-03
3.364013991664221992e-04
-3.190040985710101973e-05
5.352460303691915222e-03
-3.275488710040713736e-04
2.265863467068238157e-06
3.894544648661780648e-04
-2.447006971003848341e-05
1.779969741979138889e-06
-3.893416527885042123e-04
2.382613070811036293e-05
-1.648204705523726582e-07
-8.518731609626999102e-02
5.352460303691915222e-03
-3.893416527885042123e-04
8.516264014827726325e-02
-4.771523306134111721e-03
4.115378733358679387e-04
5.213118384445029722e-03
-3.275488710040713736e-04
2.382613070811036293e-05
-5.211608316467444650e-03
3.189293004182691682e-04
-1.166315604659261262e-05
-3.606244912562309342e-05
2.265863467068238157e-06
-1.648204705523726582e-07
3.605200302684284132e-05
-2.206236425628463338e-06
1.526193773855426261e-08
1.928161616817024174e-03
-6.856236483799961826e-04
-8.839592360530386861e-04
-1.838124435697912435e-03
-1.404749374956808282e-05
-1.949898378270241545e-05
-3.278246437999731821e-05
5.573650888601733300e-07
6.322033172901720191e-07
3.125165873736249862e-05
2.388344730458458187e-07
3.315203121648208724e-07
-3.731220388681672260e-05
6.343793922505066175e-07
7.220352002286934206e-07
3.556987812427695139e-05
2.718355900116367716e-07
3.773283589546755657e-07
-1.838124435697912435e-03
3.125165873736249862e-05
3.556987812427695139e-05
1.752291618939260526e-03
-2.717626195003322413e-03
-2.776002114426547301e-03
-1.404749374956808282e-05
2.388344730458458187e-07
2.718355900116367716e-07
1.339153383001959836e-05
1.023420853341061587e-07
-1.885972911013579544e-06
-1.949898378270241545e-05
3.315203121648208724e-07
3.773283589546755657e-07
1.858846180198745388e-05
1.420585547340049619e-07
1.971880186330349611e-07
-8.982945723153147599e-02
-2.903595815030265200e-05
1.702139298189704605e-05
8.811584070058824103e-02
6.630898038450930895e-06
-6.497992684266576955e-06
2.324401051636402105e-05
-6.014552939195936133e-09
-6.241862646078918622e-07
-2.280060005955405968e-05
-1.715792015122952858e-09
1.681401839074330644e-09
-3.008321565022846854e-05
7.784245920727011418e-09
-1.007464463050127767e-08
2.950933824708462964e-05
2.220638363179207504e-09
-2.176129299067822659e-09
8.811584070058824103e-02
-2.280060005955405968e-05
2.950933824708462964e-05
-8.643491368715555678e-02
-3.977292414940582980e-04
-6.303640268082216964e-05
6.630898038450930895e-06
-1.715792015122952858e-09
2.220638363179207504e-09
-6.504404827392044723e-06
-4.894698617197103165e-10
-2.110816056360519230e-10
-6.497992684266576955e-06
1.681401839074330644e-09
-2.176129299067822659e-09
6.374034819836132135e-06
4.796592645189087670e-10
-4.700452099115806051e-10
3.524133971046095604e-01
-8.248813484823818050e-04
7.394922845230336196e-04
-3.814743647435539509e-01
4.834822348817978746e-03
-4.412136641461277854e-03
-2.527146711815711055e-03
1.812209909008745401e-05
-1.962707736191047743e-04
2.735542106015736649e-03
-3.467037718037080385e-05
3.163930967766087447e-05
2.072164822856367283e-03
-1.485943656354832016e-05
1.218417656183255478e-05
-2.243041172491029144e-03
2.842839936930633554e-05
-2.594303853706660980e-05
-3.814743647435539509e-01
2.735542106015736649e-03
-2.243041172491029144e-03
4.129317788486387419e-01
-3.129811118876546765e-03
2.437376121967161410e-03
4.834822348817978746e-03
-3.467037718037080385e-05
2.842839936930633554e-05
-5.233514955209876349e-03
6.632979147982304147e-05
-6.077651294200884895e-04
-4.412136641461277854e-03
3.163930967766087447e-05
-2.594303853706660980e-05
4.775973434300495070e-03
-6.053089075342245676e-05
5.523896055841773407e-05
2.113827054323884347e-01
-1.625000827414918190e-03
1.303137970887540287e-03
-2.173985090316473134e-01
2.782903156165807482e-03
-2.541646727202942230e-03
-6.306355310815839246e-04
1.881427206865848205e-06
-7.324189035215773053e-04
6.485829761666692854e-04
-8.302465455965832991e-06
7.582705171418121365e-06
6.824846462208738161e-04
-2.036112966021918352e-06
2.203516561969515175e-06
-7.019076807722329520e-04
8.985071281565268353e-06
-8.206134290360267425e-06
-2.173985090316473134e-01
6.485829761666692854e-04
-7.019076807722329520e-04
2.235855181837483885e-01
-2.312593040270621847e-03
2.769336228314178607e-03
2.782903156165807482e-03
-8.302465455965832991e-06
8.985071281565268353e-06
-2.862102628937280777e-03
3.663757619512070457e-05
-2.658301170758437405e-03
-2.541646727202942230e-03
7.582705171418121365e-06
-8.206134290360267425e-06
2.613980211147515827e-03
-3.346137842510444119e-05
3.056053272044306768e-05
5.752074597877574860e-06
-3.312341351275972291e-04
3.054780489072453104e-04
-1.211380399823593368e-05
3.623514926669116213e-04
-1.665647398361929190e-04
-3.986627962942641281e-04
2.763038316772968225e-02
-1.207379412441922026e-02
8.395793367254908261e-04
-2.511373189786042515e-02
1.154421136531190439e-02
1.760188124072451898e-04
-1.219945095641922043e-02
5.386338753778106836e-03
-3.706936266583470228e-04
1.108829142038213200e-02
-5.097035373224336613e-03
-1.211380399823593368e-05
8.395793367254908261e-04
-3.706936266583470228e-04
2.551153410992053379e-05
2.029130618057089965e-03
1.055477158297713375e-04
3.623514926669116213e-04
-2.511373189786042515e-02
1.108829142038213200e-02
-7.631081422762621413e-04
2.282630414529393179e-02
-9.411784094842928078e-03
-1.665647398361929190e-04
1.154421136531190439e-02
-5.097035373224336613e-03
3.507834568297710795e-04
-1.049273285284292763e-02
4.823270645144223795e-03
-2.108967784217148297e-02
6.917278170558698741e-06
-4.395018317736780293e-06
2.146833083297716716e-02
-2.391247368552096032e-06
2.323906922829127743e-06
-1.941086432944141559e-05
-1.786569034424787108e-08
2.597797249039401863e-06
1.975937519279449475e-05
-2.200895555687412596e-09
2.138915660216839188e-09
1.953298182155983290e-05
1.797808686906533122e-08
-1.809119046550866206e-08
-1.988368523397910232e-05
2.214741822549629128e-09
-2.152371976025345678e-09
2.146833083297716716e-02
1.975937519279449475e-05
-1.988368523397910232e-05
-2.185378231964039963e-02
2.434692834613001776e-06
-2.365651996727744449e-06
-2.391247368552096032e-06
-2.200895555687412596e-09
2.214741822549629128e-09
2.434180834613001196e-06
-2.711309317272534976e-10
2.635750924012642487e-10
2.323906922829127743e-06
2.138915660216839188e-09
-2.152371976025345678e-09
-2.365631330061076788e-06
2.634955601003802710e-10
-2.560752011870868236e-10
-7.209940699802135367e-01
-1.259417561153640230e+00
-3.695346640260770421e-01
-4.193221489678334302e-01
4.215321202249231458e-01
-2.217061345659685767e-01
4.971881779349146546e-01
2.348370576776561691e+00
-4.771330357159433433e-01
-1.653898923271639454e+00
7.171776375637805678e+00
-1.856078854664133804e-01
-8.914299006265473391e-02
6.632849531806428445e-02
-1.436928764029232058e-02
1.972099727325886453e+00
-7.389198565990587220e+00
1.025206369994634992e+00
-6.109979786891319570e-02
1.751109754829908161e-01
8.189965270621349380e-02
1.896660691624611206e-01
-6.412854350980273788e-02
6.367566378282263351e-02
-1.819934444932430062e-01
-2.641420449136600013e-01
1.259747772951117228e-01
-4.193221489678334302e-01
-8.914299006265473391e-02
1.896660691624611206e-01
3.388803251151329965e-01
-2.054304674193785374e-02
7.362779515373761574e-02
-2.808826701452621921e-01
1.031332053994726966e-01
1.617373737351938123e-01
4.215321202249231458e-01
6.632849531806428445e-02
-6.412854350980273788e-02
-1.622668435093782210e-02
-1.023681632429608163e-01
-2.160602043037690781e-03
-1.238435121157543117e-01
-2.328077240784993118e-01
4.879707570595796795e-03
-2.217061345659685767e-01
-1.436928764029232058e-02
6.367566378282263351e-02
8.547041255386864100e-02
2.432496973917901498e-02
1.381596963166132480e-02
-2.664656258735922240e-02
6.248004256576705079e-02
4.108737313644343636e-02
4.971881779349146546e-01
1.972099727325886453e+00
-1.819934444932430062e-01
-2.808826701452621921e-01
-1.238435121157543117e-01
-2.664656258735922240e-02
5.088153327338017506e-01
-1.585664255304269910e+00
5.442199960340262516e-02
2.348370576776561691e+00
-7.389198565990587220e+00
-2.641420449136600013e-01
1.031332053994726966e-01
-2.328077240784993118e-01
6.248004256576705079e-02
-2.283612554749934187e+00
7.354332222730958435e+00
-6.053957729384119579e-01
-4.771330357159433433e-01
1.025206369994634992e+00
1.259747772951117228e-01
1.617373737351938123e-01
4.879707570595796795e-03
4.108737313644343636e-02
1.544555183386820685e-01
-1.045152062979341823e+00
2.365748235659139720e-01
3.542531625219658697e-01
-7.550633873470063984e-01
4.573044835599236468e-01
-2.759086314736489687e-01
1.081642189843784879e-01
-5.559803545118669615e-02
1.880874139523656119e-01
7.871441183419971566e-01
-1.773448778961612127e-01
-6.027341655556733846e-01
3.304421100366023101e+00
-5.161765924246465298e-01
-5.542390368997604511e-02
6.081594288301078038e-02
-2.570433588594273414e-02
1.314199516258843792e+00
-3.056564679007029994e+00
9.147603804048647369e-01
3.472291553634663797e-01
-4.906742894727281756e-01
1.096111018029905654e-01
-8.688459039259401051e-02
-6.544321614555395628e-02
2.246188200813751742e-02
-7.535345638850790562e-02
6.268350863147534868e-01
-1.105469081089354155e-01
-2.759086314736489687e-01
-5.542390368997604511e-02
-8.688459039259401051e-02
1.542238376159654201e-01
5.012299158425997242e-02
-2.352610309101422180e-03
-2.315808219789146916e-01
-1.566876988119362824e-01
-3.500480408905356361e-02
1.081642189843784879e-01
6.081594288301078038e-02
-6.544321614555395628e-02
1.948077605792674499e-02
-8.188070115104781332e-02
3.312057537139066060e-02
-2.389088536990123524e-02
2.153554145712276678e-03
3.988693893972741072e-02
-5.559803545118669615e-02
-2.570433588594273414e-02
2.246188200813751742e-02
-1.257394828477017244e-03
3.383397382284728666e-02
-1.368972725947259321e-02
1.625763096596667743e-04
-8.658050246325255800e-03
-1.724219697206293839e-02
1.880874139523656119e-01
1.314199516258843792e+00
-7.535345638850790562e-02
-2.315808219789146916e-01
-2.389088536990123524e-02
1.625763096596667743e-04
8.043967686904146541e-01
-1.361887158009559951e+00
1.386385173731541631e-01
7.871441183419971566e-01
-3.056564679007029994e+00
6.268350863147534868e-01
-1.566876988119362824e-01
2.153554145712276678e-03
-8.658050246325255800e-03
-9.112044573938931080e-01
3.022705807949570556e+00
-6.480253262374228163e-01
-1.773448778961612127e-01
9.147603804048647369e-01
-1.105469081089354155e-01
-3.500480408905356361e-02
3.988693893972741072e-02
-1.724219697206293839e-02
3.966915202418853093e-01
-8.452974496121316017e-01
2.480625483242871188e-01
4.246904050200427383e-01
-1.009023569833264987e-02
1.257177556822295338e-02
-4.282261426944798943e-01
1.535706077627467872e-02
-2.378787476993031794e-02
-3.299778625830564194e-02
-1.155429895024378401e-02
1.627205125039002040e-02
3.875339672333945676e-03
5.247537147862811613e-02
-4.694779201759619047e-02
-6.991969248544852022e-03
-1.324864163829891743e-02
1.849991014140086112e-02
9.013556332868118311e-04
-3.297521323874975929e-02
4.686881170279754566e-02
1.675641843371174222e-02
-5.788253029281979767e-02
6.598373822571927672e-02
-7.327973383939519712e-03
1.883513894334602756e-02
-2.652727899518543889e-02
-8.753565329304793113e-03
3.377149551510613690e-02
-4.793074422569913035e-02
-4.282261426944798943e-01
-6.991969248544852022e-03
-7.327973383939519712e-03
4.665735040898806862e-01
5.075191397750015813e-03
-5.178803846361150487e-03
-1.209931579998555287e-03
1.498330070464800852e-03
-1.543355256739804490e-03
1.535706077627467872e-02
-1.324864163829891743e-02
1.883513894334602756e-02
4.484095288750011322e-03
1.460729048079343825e-02
-2.130106601457016496e-02
-2.057694183314821151e-02
1.274589938513337592e-03
-1.576467532765910614e-03
-2.378787476993031794e-02
1.849991014140086112e-02
-2.652727899518543889e-02
-4.520243632232669173e-03
-2.083151099318859834e-02
2.971906137299405726e-02
2.953300880431562747e-02
-1.512550762699303979e-03
1.814515768368071911e-03
-3.299778625830564194e-02
9.013556332868118311e-04
-8.753565329304793113e-03
-1.209931579998555287e-03
-2.057694183314821151e-02
2.953300880431562747e-02
3.681513648481491568e-02
1.474651131460731276e-02
-1.417453249907082644e-02
-1.155429895024378401e-02
-3.297521323874975929e-02
3.377149551510613690e-02
1.498330070464800852e-03
1.274589938513337592e-03
-1.512550762699303979e-03
1.216346917360732437e-02
2.513861729138234039e-02
-4.632429795403421313e-02
1.627205125039002040e-02
4.686881170279754566e-02
-4.793074422569913035e-02
-1.543355256739804490e-03
-1.576467532765910614e-03
1.814515768368071911e-03
-1.770888921264434160e-02
-3.587896153297419344e-02
5.121269699649734497e-02
4.398862847433264167e-01
-1.428015510143679744e-02
1.605168301168087217e-02
-4.429949157580447827e-01
9.395835087872827021e-03
-1.546780699395736668e-02
-2.300019541050460012e-02
-2.130951834256291505e-03
5.300183166694446418e-03
-7.227840847770159761e-03
3.369706987826873168e-02
-2.401751290479353651e-02
-1.341744673109008384e-04
-9.152922359822620452e-03
1.534546300599357559e-02
5.343573734805829797e-03
-1.415650789082274069e-02
2.717081040658273980e-02
1.915621810831477645e-02
-3.635671525871315285e-02
4.102538765293137213e-02
-6.302824284694998752e-03
1.331290257874397434e-02
-2.244281875287213596e-02
-1.236356266280474840e-02
1.415090356715982545e-02
-2.609625496187410743e-02
-4.429949157580447827e-01
-1.341744673109008384e-04
-6.302824284694998752e-03
4.645873549178047845e-01
5.938589438884783744e-03
-6.415429786138194743e-03
1.896789847358762654e-03
1.971876693636629915e-03
-1.555535082935845508e-03
9.395835087872827021e-03
-9.152922359822620452e-03
1.331290257874397434e-02
3.374903010218115694e-03
9.609636528374713299e-03
-1.794310716864106967e-02
-1.482933992039757454e-02
1.624822592713723096e-03
-8.716702257855883131e-04
-1.546780699395736668e-02
1.534546300599357559e-02
-2.244281875287213596e-02
-6.381780222303073610e-03
-1.638724386341684422e-02
2.794857920416484939e-02
2.537029505894749723e-02
-2.641860685470142668e-03
1.214943622622103843e-03
-2.300019541050460012e-02
5.343573734805829797e-03
-1.236356266280474840e-02
1.896789847358762654e-03
-1.482933992039757454e-02
2.537029505894749723e-02
2.611582964489500211e-02
2.958242078808824300e-03
-1.417783721477295332e-02
-2.130951834256291505e-03
-1.415650789082274069e-02
1.415090356715982545e-02
1.971876693636629915e-03
1.624822592713723096e-03
-2.641860685470142668e-03
1.977326448142158102e-03
6.658291224880937866e-03
-3.036291902653685815e-02
5.300183166694446418e-03
2.717081040658273980e-02
-2.609625496187410743e-02
-1.555535082935845508e-03
-8.716702257855883131e-04
1.214943622622103843e-03
-7.993950328708915656e-03
-1.347221644039750879e-02
2.789893510713096353e-02
-6.616201912158162779e-01
2.253381204928842085e-01
4.736864049924767173e-01
4.951896194930971995e-01
2.049983921266870235e-01
3.975077243106696079e-01
-1.761229246213183164e-01
1.921261388679688931e-01
3.386358084672373425e-01
-1.151082383738001591e-01
-2.550241593923774919e-01
-3.409014454827923868e-01
-2.320776111794498053e-01
4.101619306641833163e+00
3.533578308012041980e+00
-4.661002306015780139e-01
-3.576850932481709044e+00
-3.185037096861949024e+00
-3.843865348043860874e-02
1.986479507144687795e-01
-4.710768270569482691e-02
1.060908322473760046e-01
2.746115461104560174e-01
9.057535187261461784e-02
1.584962692608099522e-01
3.829990106458710741e+00
2.760787528416659864e+00
-8.732078775215024180e-02
-3.319974864550731208e+00
-2.515161905206038107e+00
1.895721131009558691e-01
-2.249103892267865223e-01
-6.965956181570659433e-02
-1.703458486225369883e-01
-1.723646024114669495e-01
-8.895166926465564172e-02
4.951896194930971995e-01
-4.661002306015780139e-01
-8.732078775215024180e-02
1.776825102070701545e-01
-2.528470159939278927e-01
4.990188413209254992e-01
3.630109128674711798e-03
-3.873516012236932760e-02
6.292324826312595265e-02
-1.198905256631368488e-01
2.103114934320924820e-02
-8.164468668963825726e-02
2.049983921266870235e-01
-3.576850932481709044e+00
-3.319974864550731208e+00
1.797103241450728472e-01
3.159834491422358838e+00
1.777615609790476947e+00
5.809254352232118279e-02
-1.382339219613466508e-01
-7.013462324258441793e-02
6.540335733759922165e-03
-9.157458006823944452e-02
6.181407760352834041e-02
3.975077243106696079e-01
-3.185037096861949024e+00
-2.515161905206038107e+00
1.914169972062586544e-01
2.647111003772478099e+00
2.147840845058290427e+00
-4.907330999214343931e-02
-2.267290139359744161e-02
2.557545619050581240e-02
1.816008654740547401e-03
4.382091230514606472e-02
3.070668632960795591e-02
-1.761229246213183164e-01
-3.843865348043860874e-02
1.895721131009558691e-01
3.630109128674711798e-03
5.809254352232118279e-02
-4.907330999214343931e-02
2.816928342617305292e-01
5.272741886459897387e-02
-1.690352766624802494e-01
-1.000591537386750773e-01
9.308245807114215453e-03
-3.992988529389589203e-02
1.921261388679688931e-01
1.986479507144687795e-01
-2.249103892267865223e-01
-3.873516012236932760e-02
-1.382339219613466508e-01
-2.267290139359744161e-02
1.479845449093228349e-02
-1.414815237018290373e-01
-3.749802805603021094e-02
-2.662957204794246316e-03
-6.704432672945100091e-02
4.672896503940414392e-02
3.386358084672373425e-01
-4.710768270569482691e-02
-6.965956181570659433e-02
6.292324826312595265e-02
-7.013462324258441793e-02
2.557545619050581240e-02
-1.752280827281003928e-01
-3.084773106428837300e-02
1.829766871889197122e-01
-8.221850926294498735e-03
1.769772464090502845e-02
2.905516511059110310e-02
-1.151082383738001591e-01
1.060908322473760046e-01
-1.703458486225369883e-01
-1.198905256631368488e-01
6.540335733759922165e-03
1.816008654740547401e-03
-1.000591537386750773e-01
-2.662957204794246316e-03
-8.221850926294498735e-03
1.168506593553154810e-01
-1.288843308399665981e-02
6.696266115903456995e-02
-2.550241593923774919e-01
2.746115461104560174e-01
-1.723646024114669495e-01
2.103114934320924820e-02
-9.157458006823944452e-02
4.382091230514606472e-02
9.308245807114215453e-03
-6.704432672945100091e-02
1.769772464090502845e-02
1.137686287003263986e-03
-1.446245240594066783e-01
-4.333229543805130340e-03
-3.409014454827923868e-01
9.057535187261461784e-02
-8.895166926465564172e-02
-8.164468668963825726e-02
6.181407760352834041e-02
3.070668632960795591e-02
-3.992988529389589203e-02
4.672896503940414392e-02
2.905516511059110310e-02
7.002865677296940539e-02
-7.277756917071460246e-03
6.726339692450476748e-02
3.053905966711057962e-01
-7.755486977592031261e-02
3.925191568743396919e-02
-2.755330415964146046e-02
1.717531169426165724e-02
-7.595531182074823084e-03
-1.285697561628675045e-01
2.028215142900053648e-03
-1.396882141880500250e-01
-1.284945974008593894e-01
8.217681125944227560e-02
1.065733473398167153e-01
-8.246837246392028919e-02
3.622155037755176443e-01
5.117693082247028180e-02
-2.804779141040983359e-02
-1.991325972843360770e-01
5.435027431662178832e-02
1.255932478533627709e-02
-4.374120475898680277e-02
1.044965510343539607e-02
1.183641814370684220e-01
-1.265460799105926903e-01
-1.247848641613993476e-01
4.309157388819499085e-02
5.837934616828331646e-02
5.572252356221809588e-01
8.848212512333227323e-03
5.086453972869908052e-02
-7.100222879135970055e-02
-1.860912944431460658e-01
-7.925342478477450520e-03
-2.936963316375468258e-01
1.392487004949106710e-01
-1.063034308692800273e-01
-2.023418360051902898e-01
-2.755330415964146046e-02
-2.804779141040983359e-02
8.848212512333227323e-03
1.963201768668028369e-02
-7.436159196988524796e-03
1.314926945726454079e-03
-6.768356551454337601e-04
1.956841014083609762e-02
-9.213864353256349948e-03
-1.887073002876704262e-03
2.168295429284203615e-02
-4.561821851818374275e-03
1.717531169426165724e-02
-1.991325972843360770e-01
5.086453972869908052e-02
-8.397453827655190078e-03
2.045726984941245441e-01
-6.343182946147685186e-02
-4.341025386843827896e-03
-2.468266821996933946e-04
1.914782728640632278e-03
-3.786749169622606170e-03
-1.885339389743249938e-02
8.492186971342421953e-03
-7.595531182074823084e-03
5.435027431662178832e-02
-7.100222879135970055e-02
6.347185921648656678e-03
-6.539474421275472127e-02
8.719143994264152986e-02
2.838756379231858757e-05
4.076705606651155611e-02
-1.422968168609586165e-02
7.328429740480668555e-04
-2.431617263732943623e-02
7.932607681614774545e-03
-1.285697561628675045e-01
1.255932478533627709e-02
-1.860912944431460658e-01
-6.768356551454337601e-04
-4.341025386843827896e-03
2.838756379231858757e-05
1.153791756773613064e-01
-1.806922227064986300e-02
1.650162211395568845e-01
7.790321264050158699e-03
-7.268083291726646147e-04
1.964036265241736121e-02
2.028215142900053648e-03
-4.374120475898680277e-02
-7.925342478477450520e-03
1.956841014083609762e-02
-2.468266821996933946e-04
4.076705606651155611e-02
-1.657679721431650627e-02
5.137341371765636461e-02
-5.424547856634937514e-03
-1.263499347245582508e-02
3.096412271330176852e-03
-1.719985138517378387e-02
-1.396882141880500250e-01
1.044965510343539607e-02
-2.936963316375468258e-01
-9.213864353256349948e-03
1.914782728640632278e-03
-1.422968168609586165e-02
1.653247578920792049e-01
-9.667489296390826409e-03
3.305289821786387416e-01
-1.727178331879693912e-02
-2.739242634848794000e-03
-2.657574753652005087e-02
-1.284945974008593894e-01
1.183641814370684220e-01
1.392487004949106710e-01
-1.887073002876704262e-03
-3.786749169622606170e-03
7.328429740480668555e-04
7.790321264050158699e-03
-1.263499347245582508e-02
-1.727178331879693912e-02
1.246894431890478161e-01
-1.132374724285476197e-01
-1.264547579277037759e-01
8.217681125944227560e-02
-1.265460799105926903e-01
-1.063034308692800273e-01
2.168295429284203615e-02
-1.885339389743249938e-02
-2.431617263732943623e-02
-7.268083291726646147e-04
3.096412271330176852e-03
-2.739242634848794000e-03
-1.179829406805476266e-01
1.588115628495799792e-01
1.322812545752207192e-01
1.065733473398167153e-01
-1.247848641613993476e-01
-2.023418360051902898e-01
-4.561821851818374275e-03
8.492186971342421953e-03
7.932607681614774545e-03
1.964036265241736121e-02
-1.719985138517378387e-02
-2.657574753652005087e-02
-1.259261911004015411e-01
1.339849319642714975e-01
2.262060403435700306e-01
2.764545622388502322e-01
-1.068017675891824309e-01
1.406298099619627921e-02
-1.365483709836439428e-02
3.378146059171392452e-03
-4.766445241398970922e-04
-1.316827747949354255e-01
3.511384715610414708e-02
-1.411556113133537738e-01
-1.316177225738030254e-01
6.977458514618214980e-02
1.276718233793623647e-01
-1.067798018828490375e-01
9.799447056418134072e-02
6.031707423585845607e-02
-1.521812039214559369e-02
3.422489388520366660e-02
-7.787587132417825297e-03
3.891806549899918394e-02
-4.628878154374939380e-02
4.780887347534963638e-02
8.384978360375391904e-02
-8.643374654379075428e-02
-1.025098748927891906e-01
1.403040399227386409e-02
6.147655141546572860e-02
5.650153578281327249e-01
2.086533802568767311e-03
-7.168593597045968234e-03
-2.019983056736401536e-02
-1.821176786003356751e-01
4.899043663117400721e-02
-2.920247117054262098e-01
1.666436291815244775e-01
-1.028470672604512165e-01
-2.523212240241174964e-01
-1.365483709836439428e-02
-1.521812039214559369e-02
2.086533802568767311e-03
5.746241674713604454e-03
-5.829463535675549930e-04
1.868356378682387204e-04
3.979294745288911722e-03
7.683366464200967229e-03
-3.868453521818104347e-04
4.023973936515423504e-03
7.499058151087896820e-03
-1.531117380173172915e-03
3.378146059171392452e-03
3.422489388520366660e-02
-7.168593597045968234e-03
-5.430688135675547541e-04
-3.284483897602252789e-02
6.067734755328030999e-03
-1.577761092500731257e-03
1.486300207367227851e-03
-1.164705879619998188e-03
-1.996018339876083018e-03
-8.590166680951097150e-04
1.955565179620262061e-03
-4.766445241398970922e-04
-7.787587132417825297e-03
-2.019983056736401536e-02
1.820820705058389017e-04
6.045863951720737220e-03
1.174615702694670714e-02
3.230982051117417021e-03
1.257184349533260748e-02
3.281063376539953159e-03
-2.785252364937085973e-03
-1.108953546430685964e-02
5.881193573022133053e-03
-1.316827747949354255e-01
3.891806549899918394e-02
-1.821176786003356751e-01
3.979294745288911722e-03
-1.577761092500731257e-03
3.230982051117417021e-03
1.187247659256694954e-01
-3.859898709918629933e-02
1.598056609789020865e-01
8.933882928911916765e-03
7.288478570098269518e-04
1.946024829784395380e-02
3.511384715610414708e-02
-4.628878154374939380e-02
4.899043663117400721e-02
7.683366464200967229e-03
1.486300207367227851e-03
1.257184349533260748e-02
-3.862607663951964088e-02
4.337955803492542922e-02
-4.972049918770846122e-02
-4.114907435715640764e-03
7.459388540177245121e-04
-1.071688989625580769e-02
-1.411556113133537738e-01
4.780887347534963638e-02
-2.920247117054262098e-01
-3.868453521818104347e-04
-1.164705879619998188e-03
3.281063376539953159e-03
1.589053095931449999e-01
-4.921714177169644877e-02
3.186773680021454114e-01
-1.884787277990943380e-02
2.420834919070082806e-03
-2.994310025180600687e-02
-1.316177225738030254e-01
8.384978360375391904e-02
1.666436291815244775e-01
4.023973936515423504e-03
-1.996018339876083018e-03
-2.785252364937085973e-03
8.933882928911916765e-03
-4.114907435715640764e-03
-1.884787277990943380e-02
1.191141172767582745e-01
-7.803888105053347068e-02
-1.453193364975388369e-01
6.977458514618214980e-02
-8.643374654379075428e-02
-1.028470672604512165e-01
7.499058151087896820e-03
-8.590166680951097150e-04
-1.108953546430685964e-02
7.288478570098269518e-04
7.459388540177245121e-04
2.420834919070082806e-03
-7.805659237386680660e-02
8.566374044792364473e-02
1.108299809228711907e-01
1.276718233793623647e-01
-1.025098748927891906e-01
-2.523212240241174964e-01
-1.531117380173172915e-03
1.955565179620262061e-03
5.881193573022133053e-03
1.946024829784395380e-02
-1.071688989625580769e-02
-2.994310025180600687e-02
-1.449239826130324371e-01
1.112225775099000141e-01
2.752855520457133665e-01
5.120846652573446178e+00
6.031199957554125857e-02
-1.758017067497679234e-02
-5.120862761983441480e+00
1.457601127810880803e-01
-1.478681553415172323e-01
-1.452634624774601646e-01
4.120700142493438634e-03
1.237558019851956598e-02
1.452639194543688117e-01
-4.134788660980825981e-03
4.194587671214805580e-03
-1.516959315913078143e-01
4.303170503186209972e-03
4.493720906442689664e-03
1.516964088037920655e-01
-4.317882880962749248e-03
4.380329874932663292e-03
-5.120862761983441480e+00
1.452639194543688117e-01
1.516964088037920655e-01
5.120878871444119795e+00
5.981489073261724715e-02
1.375285959606639512e-02
1.457601127810880803e-01
-4.134788660980825981e-03
-4.317882880962749248e-03
-1.457605713203841691e-01
4.148925347584930812e-03
-1.228133850371296298e-02
-1.478681553415172323e-01
4.194587671214805580e-03
4.380329874932663292e-03
1.478686205123974640e-01
-4.208928808379624326e-03
4.269800063846134787e-03
-1.462982968816342877e-01
5.417180935984173692e-07
3.935331437853343495e-07
1.462982968817758134e-01
-5.963110714907367350e-07
-3.648923839139327168e-08
5.973009269317504883e-07
-2.438584056907444619e-12
1.069913633669067884e-09
-5.973009269137601438e-07
2.434601131806601870e-12
1.489956580341865638e-13
3.895178114825985142e-07
-1.590228378688137890e-12
-1.036994292337671763e-12
-3.895178114829739615e-07
1.587770031047794353e-12
9.714582918108750909e-14
1.462982968817758134e-01
-5.973009269137601438e-07
-3.895178114829739615e-07
-1.462982968819177276e-01
5.407282381610049882e-07
3.247390608869211842e-08
-5.963110714907367350e-07
2.434601131806601870e-12
1.587770031047794353e-12
5.963110714943381073e-07
-2.430507184403296606e-12
-1.071652517135120511e-09
-3.648923839139327168e-08
1.489956580341865638e-13
9.714582918108750909e-14
3.648923839142795371e-08
-1.486550873644896870e-13
-9.056050641203938201e-15
-9.002412427670686279e-02
-1.929880167622514747e-03
1.931564836637463282e-03
9.002412427653541660e-02
5.408834575711198032e-06
7.053173634087348943e-06
-5.452998289178370917e-06
-3.303024327841176360e-10
1.715793752778181919e-09
5.452998289158876454e-06
3.276273409114131637e-10
4.272293161655458018e-10
7.080185471244490887e-06
4.288654852553386989e-10
-5.568399239971877357e-10
-7.080185471230995958e-06
-4.253921181558366515e-10
-5.547155009638649048e-10
9.002412427653541660e-02
5.452998289158876454e-06
-7.080185471230995958e-06
-9.002412427636391490e-02
-1.929836003909040287e-03
-1.931539015966959221e-03
5.408834575711198032e-06
3.276273409114131637e-10
-4.253921181558366515e-10
-5.408834575704165118e-06
-3.249738928366037647e-10
-1.711031614641948557e-09
7.053173634087348943e-06
4.272293161655458018e-10
-5.547155009638649048e-10
-7.053173634073930247e-06
-4.237691786554813414e-10
-5.525991999058565973e-10
-7.795047485685371869e-02
4.431337767804536675e-05
-7.513572709544550222e-06
7.795047486818597327e-02
2.933597207211006803e-05
7.477559112908073641e-06
-2.934508382195434960e-05
-1.104719303230460070e-08
3.001451216740461158e-09
2.934508382624483576e-05
1.104376285011488960e-08
2.814987338449882718e-09
7.999674123785453737e-06
3.011541720462769435e-09
-8.209672622706137846e-10
-7.999674124948392704e-06
-3.010606652030292454e-09
-7.673851183404717391e-10
7.795047486818597327e-02
2.934508382624483576e-05
-7.999674124948392704e-06
-7.795047487951831111e-02
4.432248942363250138e-05
8.035687719334827058e-06
2.933597207211006803e-05
1.104376285011488960e-08
-3.010606652030292454e-09
-2.933597207636720819e-05
-1.104033373978750865e-08
-2.804022734615798474e-09
7.477559112908073641e-06
2.814987338449882718e-09
-7.673851183404717391e-10
-7.477559113995177748e-06
-2.814113252345914116e-09
-7.173002094639641113e-10
2.697785954237732486e+00
5.788055612794432148e-02
6.914656534331803384e-02
-2.697743796328016863e+00
1.068677210712945941e-01
-1.120011493801534030e-01
-1.065227522020555234e-01
4.206077475818886802e-03
-5.811797470212702599e-03
1.065210875864603529e-01
-4.219698657779658024e-03
4.422393356680870760e-03
-9.613834057037999592e-02
3.796046388932078353e-03
3.425987340881313757e-03
9.613683823047891597e-02
-3.808339704710169554e-03
3.991274632618235091e-03
-2.697743796328016863e+00
1.065210875864603529e-01
9.613683823047891597e-02
2.697701639077099145e+00
5.753725726507744054e-02
-5.328550675925644575e-02
1.068677210712945941e-01
-4.219698657779658024e-03
-3.808339704710169554e-03
-1.068660510649223488e-01
4.233363951292090643e-03
5.171128791805479352e-03
-1.120011493801534030e-01
4.422393356680870760e-03
3.991274632618235091e-03
1.119993991544415701e-01
-4.436715067339312007e-03
4.649834225273041799e-03
1.891198907175744459e+00
8.579889981619773578e-03
9.461057059218978826e-03
-1.891200290939472284e+00
2.314109746836968094e-03
-5.121224069309576049e-03
-1.796636574380229036e-03
1.706802477297042486e-06
-1.188678272690472503e-03
1.796637888954497921e-03
-2.198401337957789359e-06
4.865156400900207817e-06
-1.969311012947660370e-03
1.870842976209839692e-06
2.050649379575349650e-06
1.969312453864903098e-03
-2.409689320579007366e-06
5.332745763033869334e-06
-1.891200290939472284e+00
1.796637888954497921e-03
1.969312453864903098e-03
1.891201674704212632e+00
8.062415115961387921e-03
-6.309140255729186499e-03
2.314109746836968094e-03
-2.198401337957789359e-06
-2.409689320579007366e-06
-2.314111440038615127e-03
2.831592118543446723e-06
1.184282680925504176e-03
-5.121224069309576049e-03
4.865156400900207817e-06
5.332745763033869334e-06
5.121227816437453999e-03
-6.266434741179468040e-06
1.386788870729896921e-05
3.727559183216582750e-01
-7.069947707743530485e-05
-9.136709039673250653e-05
-3.727559193981274666e-01
-1.359144585656558524e-04
1.172896429457123441e-04
1.604281117558990799e-04
6.904566183726923434e-08
6.073417850542138681e-08
-1.604281122192595225e-04
-5.849538227409301072e-08
5.047956326754325998e-08
1.216375306019824778e-04
5.235082363766983826e-08
3.969270008328166288e-08
-1.216375309532548337e-04
-4.435154020380875119e-08
3.827389938725853353e-08
-3.727559193981274666e-01
-1.604281122192595225e-04
-1.216375309532548337e-04
3.727559204745967691e-01
-9.521312987516121484e-05
9.571497771428523699e-05
-1.359144585656558524e-04
-5.849538227409301072e-08
-4.435154020380875119e-08
1.359144589581731156e-04
4.955720124891205280e-08
-5.114956608151489600e-08
1.172896429457123441e-04
5.047956326754325998e-08
3.827389938725853353e-08
-1.172896432844297202e-04
-4.276621121377689998e-08
3.690581338785388153e-08
1.366951564640473127e-01
1.878513090323790605e-05
5.461944166710179017e-05
-1.366953179858244327e-01
5.853445072008377648e-04
-1.236030427943316792e-04
-6.552004417634273679e-04
3.140474249381519645e-06
1.246008049068562118e-06
6.552012159616548131e-04
-2.805644249807837110e-06
5.924479721106788206e-07
-2.585695841677434722e-04
1.239362901761756148e-06
4.891046002609767434e-07
2.585698896988230752e-04
-1.107224935656650532e-06
2.338048267669198024e-07
-1.366953179858244327e-01
6.552012159616548131e-04
2.585698896988230752e-04
1.366954795077924834e-01
8.864037381083199785e-05
-1.895858369886437120e-04
5.853445072008377648e-04
-2.805644249807837110e-06
-1.107224935656650532e-06
-5.853451988558331948e-04
2.506513039540747556e-06
-5.359277060161412173e-07
-1.236030427943316792e-04
5.924479721106788206e-07
2.338048267669198024e-07
1.236031888462016046e-04
-5.292825587092352982e-07
1.117648391972567616e-07
8.236391854965351145e-03
-7.042285200944775972e-05
9.697867375835840954e-05
-8.236389953213107615e-03
4.348820573801930522e-08
-1.314816321531610862e-04
-3.202350944745009273e-08
1.244629399543839554e-13
1.084189333159798786e-09
3.202350205681615388e-08
-1.690592110747957122e-13
5.112072773934105985e-10
-1.315035334084588053e-04
5.112924256305330496e-10
2.099606187498912866e-06
1.315035030447789461e-04
-6.943395742498164319e-10
2.099256508076243716e-06
-8.236389953213107615e-03
3.202350205681615388e-08
1.315035030447789461e-04
8.236388051461292562e-03
-7.043431669568729029e-05
-9.700060537227403771e-05
4.348820573801930522e-08
-1.690592110747957122e-13
-6.943395742498164319e-10
-4.348819568698145752e-08
2.295871825985784653e-13
-1.267120862371105129e-09
-1.314816321531610862e-04
5.112072773934105985e-10
2.099256508076243716e-06
1.314816017945431229e-04
-6.942239406137769917e-10
2.098906887863409935e-06
-6.513352954390906613e-02
1.171559744912039166e-04
-3.925339292290247852e-06
6.513363934995491933e-02
4.320487138674998295e-05
6.355357968259389776e-05
1.830259315787053680e-05
-5.143048749539065963e-09
-2.339874832552150715e-08
-1.830262401348186314e-05
-1.214061626149013288e-08
-1.785862556370388489e-08
9.653965287437646034e-05
-2.712774832551538585e-08
-1.430891991283100850e-07
-9.653981562676605568e-05
-6.403742155890399462e-08
-9.419788178643972998e-08
6.513363934995491933e-02
-1.830262401348186314e-05
-9.653981562676605568e-05
-6.513374915618611039e-02
5.564843710921125986e-05
3.691130534160135435e-05
4.320487138674998295e-05
-1.214061626149013288e-08
-6.403742155890399462e-08
-4.320494422412212332e-05
-2.865898605395901058e-08
-4.588584698521151176e-08
6.355357968259389776e-05
-1.785862556370388489e-08
-9.419788178643972998e-08
-6.355368682506537417e-05
-4.215684698522991503e-08
-6.201195471011722304e-08
-9.026976315563813025e-02
-8.203408369717590668e-05
8.259493783998387011e-05
9.026976315572278475e-02
-3.460151228488273445e-07
-1.157231647417543713e-08
3.501844694908100532e-07
-1.358433074007768034e-12
-6.155457495138852883e-12
-3.501844694793525561e-07
1.342311829911687412e-12
4.490536771938183818e-14
2.119166733171491558e-07
-8.221241668529940643e-13
-4.975230297188382167e-13
-2.119166733173353972e-07
8.122739319109146627e-13
2.721423347090690115e-14
9.026976315572278475e-02
-3.501844694793525561e-07
-2.119166733173353972e-07
-9.026976315580745314e-02
-8.203825304381326877e-05
-8.237144885019251578e-05
-3.460151228488273445e-07
1.342311829911687412e-12
8.122739319109146627e-13
3.460151228534546855e-07
-1.326339233716631525e-12
5.288951861234924856e-12
-1.157231647417543713e-08
4.490536771938183818e-14
2.721423347090690115e-14
1.157231647419760557e-08
-4.438145696594793442e-14
-1.481291218158320433e-15
2.998448127273613206e+00
3.225326624329269976e-01
2.912527502570280147e-01
-2.998366090155646368e+00
5.837169406540725358e-01
-5.035716469375580706e-01
-5.837879191497394871e-01
1.136615742807831203e-01
5.433014341909324363e-02
5.837719467945866603e-01
-1.136477550027642225e-01
9.804373176727053385e-02
-4.996361042510248374e-01
9.727749464120551137e-02
8.325514602052537516e-02
4.996224342776617311e-01
-9.726566738338474072e-02
8.391093165781099428e-02
-2.998366090155646368e+00
5.837719467945866603e-01
4.996224342776617311e-01
2.998284055282209870e+00
3.226196113417803546e-01
-2.873309852197462044e-01
5.837169406540725358e-01
-1.136477550027642225e-01
-9.726566738338474072e-02
-5.837009702408862966e-01
1.136339374049353396e-01
-5.508446012618070653e-02
-5.035716469375580706e-01
9.804373176727053385e-02
8.391093165781099428e-02
5.035578692883067031e-01
-9.803181134829344612e-02
8.457188279924765517e-02
9.718943188778456088e-02
-6.348103653369343994e-04
6.786607789615436894e-04
-9.718950230683795488e-02
-4.375754448813491237e-05
-5.900572328787980110e-04
-3.224094333693517392e-05
1.069538540371395285e-08
-5.612033611611285918e-05
3.224096669724763086e-05
1.451582218141289626e-08
1.957414653117636565e-07
-6.746355450384462684e-04
2.237988838868593282e-07
4.682948647696459769e-06
6.746360338487555550e-04
3.037407905432311332e-07
4.095852554897366695e-06
-9.718950230683795488e-02
3.224096669724763086e-05
6.746360338487555550e-04
9.718957272594237751e-02
-5.588118458071312427e-04
-7.632386635924865836e-04
-4.375754448813491237e-05
1.451582218141289626e-08
3.037407905432311332e-07
4.375757619286786758e-05
1.970093521479199250e-08
5.660979614357208834e-05
-5.900572328787980110e-04
1.957414653117636565e-07
4.095852554897366695e-06
5.900576604075034827e-04
2.656611435722063593e-07
3.582360049959106865e-06
-3.026068817550649909e-02
1.120093835586219017e-07
7.197005059178405321e-08
3.026068817555968224e-02
-1.073750026271950626e-07
5.218866934150326161e-09
1.138353835586219605e-07
-4.282211452597945209e-13
-3.941110121224662894e-12
-1.138353835653626620e-07
4.039265208191926923e-13
-1.962215559831102922e-14
7.296038392511741983e-08
-2.744434545579337639e-13
-1.759221024064117067e-13
-7.296038392524583797e-08
2.588926684149099075e-13
-1.257853413441645252e-14
3.026068817555968224e-02
-1.138353835653626620e-07
-7.296038392524583797e-08
-3.026068817561292090e-02
1.055490026289123896e-07
-4.228533600826589578e-09
-1.073750026271950626e-07
4.039265208191926923e-13
2.588926684149099075e-13
1.073750026289124484e-07
-3.810207394248811405e-13
3.685191981073369176e-12
5.218866934150326161e-09
-1.962215559831102922e-14
-1.257853413441645252e-14
-5.218866934159956198e-09
1.852531440652130057e-14
-8.872568478535125536e-16
1.197731930189040866e-02
-1.031822890948958383e-04
-2.437259054174249556e-04
-1.130707512082915027e-02
1.746587676869164579e-04
-1.820506546916288653e-05
1.322372260717705444e-04
1.459983116250396229e-06
-9.492112863253299171e-08
-1.248373038470708873e-04
1.928343927787290468e-06
-2.009955063402360520e-07
-8.595064417426218588e-06
-9.489498010040869902e-08
6.167918982686888124e-09
8.114089353940937325e-06
-1.253371743545339534e-07
1.306416790237052358e-08
-1.130707512082915027e-02
-1.248373038470708873e-04
8.114089353940937325e-06
1.067433743441149191e-02
-1.521186032278303674e-04
5.089892838133316705e-05
1.746587676869164579e-04
1.928343927787290468e-06
-1.253371743545339534e-07
-1.648849593944970492e-04
2.546954319157523905e-06
-2.655238665284428978e-07
-1.820506546916288653e-05
-2.009955063402360520e-07
1.306416790237052358e-08
1.718632004800592751e-05
-2.654746208575337052e-07
2.767100065661359798e-08
-1.089993745921011004e-01
3.685557619722342349e-04
-7.147569035552952393e-04
1.119380154433645552e-01
-3.982017071082683056e-05
5.947907377137247185e-05
-4.980407811944344938e-04
-2.275651770029807341e-06
6.980974924108854576e-07
5.114680415864498357e-04
-1.819466303315531164e-07
2.717722416369951211e-07
1.526835832779219757e-04
6.976430037443489759e-07
-2.138753244407896312e-07
-1.567999574939828373e-04
5.577909394528096643e-08
-8.331679100961566402e-08
1.119380154433645552e-01
5.114680415864498357e-04
-1.567999574939828373e-04
-1.149558825295037418e-01
4.887390271505704991e-04
2.710472947739093379e-04
-3.982017071082683056e-05
-1.819466303315531164e-07
5.577909394528096643e-08
4.089372898390398586e-05
-1.454729432748269602e-08
1.473500566375059682e-05
5.947907377137247185e-05
2.717722416369951211e-07
-8.331679100961566402e-08
-6.108263926552455806e-05
2.172917860194471112e-08
-3.245670203248028737e-08
-1.102947474223479746e-01
-1.347536366019812964e-04
-3.332171110761032490e-06
1.101782687501867142e-01
-2.411354102961217453e-04
-1.842848777614667006e-05
2.038495473135196661e-05
-3.767598973634999975e-09
2.941600059781605825e-08
-2.036342684800342679e-05
4.456725759751618908e-08
3.405999818826849906e-09
-1.597990442774022395e-04
2.953446431245686926e-08
-2.315226711943618731e-07
1.596302857378971440e-04
-3.493657586028952634e-07
-2.669986369496779588e-08
1.101782687501867142e-01
-2.036342684800342679e-05
1.596302857378971440e-04
-1.100619130873383283e-01
-3.452182469169299368e-04
1.384714655336366740e-05
-2.411354102961217453e-04
4.456725759751618908e-08
-3.493657586028952634e-07
2.408807550830694051e-04
-5.271899837425205056e-07
-4.090100871152139300e-08
-1.842848777614667006e-05
3.405999818826849906e-09
-2.669986369496779588e-08
1.840902605347903505e-05
-4.028986930144700870e-08
-3.079105394265813089e-09
-1.104590115336063216e-01
-6.070766312963661072e-05
3.069264555391462896e-06
1.052328291740274174e-01
4.565284083899081712e-05
1.202583166839565779e-05
8.831805920369655515e-05
-7.061514920053441354e-08
1.155176859626824431e-07
-8.413943876670274143e-05
-3.650195889484663172e-08
-9.615314302266669768e-09
-1.456338241110991796e-04
1.164422578458749578e-07
-1.920097820612058994e-07
1.387434046517875921e-04
6.019063271972704645e-08
1.585536411400407244e-08
1.052328291740274174e-01
-8.413943876670274143e-05
1.387434046517875921e-04
-1.002539148433434224e-01
1.238291977125363620e-04
1.558127179984889702e-04
4.565284083899081712e-05
-3.650195889484663172e-08
6.019063271972704645e-08
-4.349285345413059879e-05
-1.886837340232612836e-08
-4.995543754670658634e-09
1.202583166839565779e-05
-9.615314302266669768e-09
1.585536411400407244e-08
-1.145684966817695567e-05
-4.970290513169687249e-09
-1.309269620737452952e-09
1.584442351044304531e-01
-1.214095069858967023e-03
9.078831324510382638e-04
-1.574114685973961869e-01
1.136950582882334916e-03
-1.121710827179030721e-03
-1.210314212525634122e-03
9.245274793884543547e-06
1.356092776377557443e-04
1.202425178375228889e-03
-8.684869149621536957e-06
8.568456628275586406e-06
1.148561897951027319e-03
-8.773564959070091762e-06
8.325922571831428920e-06
-1.141075375903204472e-03
8.241752175539712733e-06
-8.131279221123416390e-06
-1.574114685973961869e-01
1.202425178375228889e-03
-1.141075375903204472e-03
1.563854338383322273e-01
-6.995996636351511401e-05
3.794390514984393803e-05
1.136950582882334916e-03
-8.684869149621536957e-06
8.241752175539712733e-06
-1.129539745363512598e-03
8.158432694398945646e-06
1.142272317606819916e-03
-1.121710827179030721e-03
8.568456628275586406e-06
-8.131279221123416390e-06
1.114399324983171742e-03
-8.049076559846560230e-06
7.941186241231662502e-06
-1.270307074260529703e-02
2.764931498706013104e-03
-1.899074152349879835e-03
9.628010501943694288e-03
2.063541690386431517e-03
-4.331664512411085178e-04
7.369948947059802406e-04
-4.275828150754508450e-05
-7.618963050686107519e-05
-5.585889215203008757e-04
-1.197206346121712159e-04
2.513104662575822712e-05
2.732629073167553921e-04
-1.585391215130557696e-05
-5.878312262296708779e-06
-2.071135550409346074e-04
-4.439000719668947936e-05
9.318087430737476140e-06
9.628010501943694288e-03
-5.585889215203008757e-04
-2.071135550409346074e-04
-7.297336849005646789e-03
4.356230534776454888e-03
-1.953784120687248466e-03
2.063541690386431517e-03
-1.197206346121712159e-04
-4.439000719668947936e-05
-1.564015620223545028e-03
-3.352106269613177800e-04
1.797507162654162979e-03
-4.331664512411085178e-04
2.513104662575822712e-05
9.318087430737476140e-06
3.283088968127495792e-04
7.036542967638580170e-05
-1.477069428982083488e-05
-3.621175217320028034e-02
-1.222164192757255175e-04
-6.712443525494358109e-05
3.595497157069651312e-02
2.903588376787490121e-04
2.821420879081255320e-04
-7.493195594239227941e-05
-1.550545799203911779e-07
-7.176042410758756750e-06
7.440060709460870770e-05
6.008313413897320432e-07
5.838286531502389666e-07
-1.145351682549435881e-04
-2.370043885365359215e-07
-3.622665013506833270e-07
1.137229896734869808e-04
9.183841247917826555e-07
8.923951361311131382e-07
3.595497157069651312e-02
7.440060709460870770e-05
1.137229896734869808e-04
-3.570001182119954264e-02
-3.139229228950347612e-04
-3.057658301264745563e-04
2.903588376787490121e-04
6.008313413897320432e-07
9.183841247917826555e-07
-2.882998785617014699e-04
-2.328201469354446163e-06
-2.262291284606515046e-06
2.821420879081255320e-04
5.838286531502389666e-07
8.923951361311131382e-07
-2.801413944598078352e-04
-2.262316617939846538e-06
-2.198296215766340902e-06
-2.853453468161091036e-02
5.566950855430584190e-08
2.131479487932039709e-08
2.835363775161857738e-02
-5.606351281674619391e-08
4.031148133276815018e-09
3.761934188763918437e-08
-4.961262605681171456e-14
1.115967518574800441e-10
-3.738085109981237512e-08
7.391400412744659694e-14
-5.309003799686993593e-15
3.618429487932042975e-08
-4.769258696363511950e-14
-4.590390146380450579e-14
-3.595490169206042612e-08
7.110062053842781909e-14
-5.106243592389698771e-15
2.835363775161857738e-02
-3.738085109981237512e-08
-3.595490169206042612e-08
-2.817388763196138762e-02
6.988358842709679723e-05
6.982322690764738765e-05
-5.606351281674619391e-08
7.391400412744659694e-14
7.110062053842781909e-14
5.570809376368498943e-08
-1.101561630971129401e-13
7.927368043418466836e-15
4.031148133276815018e-09
-5.309003799686993593e-15
-5.106243592389698771e-15
-4.005592352193492261e-09
7.927355216328707976e-15
-5.723467787692773050e-16
-2.940864061067314378e-02
1.451017721230313565e-05
1.082766643265617429e-04
2.740293853508390248e-02
1.135750189713343193e-05
1.933727690708272092e-05
-4.676524412103000804e-05
-7.436549298424905790e-08
3.898601015922407457e-08
4.357580233619208889e-05
1.806055423170018710e-08
3.074989037871849460e-08
2.450929065989582904e-05
3.897436048587839861e-08
-2.042615081370761574e-08
-2.283772971294338559e-05
-9.465392123637116109e-09
-1.611577177834521912e-08
2.740293853508390248e-02
4.357580233619208889e-05
-2.283772971294338559e-05
-2.553402757708762849e-02
7.486120394058298170e-06
4.689510262471702391e-08
1.135750189713343193e-05
1.806055423170018710e-08
-9.465392123637116109e-09
-1.058290760594165700e-05
-4.386222774665531001e-09
2.317247801934493347e-05
1.933727690708272092e-05
3.074989037871849460e-08
-1.611577177834521912e-08
-1.801845306404190647e-05
-7.467980655073289665e-09
-1.271498003824271563e-08
-4.097517642515499103e-01
-1.658007423198295305e+00
5.685755651598271010e-01
-2.244260441395514727e-01
4.555767144597844265e-01
-1.396820121679166471e-01
2.109304844247138488e-01
1.560771095063087310e+00
-5.050978281695442940e-01
-1.650778866599293737e+00
5.360125138481333096e+00
-5.969912693268917270e-01
2.553303575220881860e-02
1.979034294925999804e-01
-6.865179842470632565e-02
1.967470651154078931e+00
-6.468280683380145391e+00
1.347684044004078041e+00
3.765938792013847625e-01
-2.768293359455288316e-01
-7.754438239212160799e-02
4.960916857559911908e-02
-1.662013917124898210e-01
5.185750976770296672e-02
-3.498978117557209888e-01
4.663572635282067780e-01
-4.008456439739695176e-02
-2.244260441395514727e-01
2.553303575220881860e-02
4.960916857559911908e-02
4.740421053605292090e-01
-7.087902271532588172e-02
4.356096330440249048e-02
-1.199911914229751519e-01
1.938583630736817609e-03
-4.272073415397430185e-02
4.555767144597844265e-01
1.979034294925999804e-01
-1.662013917124898210e-01
-1.109073415416588632e-01
-1.792627023516725759e-01
5.119971852506686322e-02
-2.435612954767841787e-01
-5.604291602991515187e-02
1.128351505267577715e-01
-1.396820121679166471e-01
-6.865179842470632565e-02
5.185750976770296672e-02
4.199476240208332295e-02
5.221875168572737841e-02
-1.502277317118654726e-02
6.865538005099790231e-02
2.785636559179180752e-02
-3.729887000475631126e-02
2.109304844247138488e-01
1.967470651154078931e+00
-3.498978117557209888e-01
-1.199911914229751519e-01
-2.435612954767841787e-01
6.865538005099790231e-02
1.929639052977552005e-01
-2.166308680272703846e+00
-4.613675275426701999e-02
1.560771095063087310e+00
-6.468280683380145391e+00
4.663572635282067780e-01
1.938583630736817609e-03
-5.604291602991515187e-02
2.785636559179180752e-02
-2.073004030773037076e+00
7.637389068907399547e+00
-1.062481699652860989e+00
-5.050978281695442940e-01
1.347684044004078041e+00
-4.008456439739695176e-02
-4.272073415397430185e-02
1.128351505267577715e-01
-3.729887000475631126e-02
5.919038484770522413e-01
-1.675750262316877182e+00
3.314967813330858548e-01
4.392263413975810438e-01
4.092959692999290078e-03
1.368021832491472106e-03
-4.389374576507851788e-01
1.434498269022991754e-02
-2.170205974442905236e-02
-3.507321553653458546e-02
-1.602052024412253459e-02
2.410788998764046634e-02
9.054580507665940109e-03
4.968975363968074904e-02
-5.803172137465437835e-02
-2.661379143670028306e-03
-8.925181192118438259e-03
1.297976081128025122e-02
-8.168926637104287694e-03
-4.096437938118272643e-02
5.913417236926504783e-02
6.559439014587647304e-03
-6.773002651214171665e-02
9.401248320988031537e-02
-1.017347746975960990e-02
1.598254002225741113e-02
-2.331257971739418566e-02
3.856045495334528388e-03
5.438132625472308357e-02
-7.831419686040265449e-02
-4.389374576507851788e-01
-2.661379143670028306e-03
-1.017347746975960990e-02
4.696080289730861779e-01
6.943446032545989161e-03
-6.509686995133598560e-03
-9.174593463393747404e-05
4.398069725462339617e-03
-6.478138592119095547e-03
1.434498269022991754e-02
-8.925181192118438259e-03
1.598254002225741113e-02
2.815259307212665540e-03
1.334832186100488698e-02
-2.127912496087936561e-02
-2.056154983515351073e-02
3.169416052131358678e-03
-4.019567544906851343e-03
-2.170205974442905236e-02
1.297976081128025122e-02
-2.331257971739418566e-02
-3.446309229023535210e-03
-1.956111149747383898e-02
2.866676236154788726e-02
3.018709160527755300e-02
-4.551768255264078411e-03
5.755253530001493319e-03
-3.507321553653458546e-02
-8.168926637104287694e-03
3.856045495334528388e-03
-9.174593463393747404e-05
-2.056154983515351073e-02
3.018709160527755300e-02
4.269106974438229007e-02
1.248048934652586442e-02
-1.931041178194318683e-02
-1.602052024412253459e-02
-4.096437938118272643e-02
5.438132625472308357e-02
4.398069725462339617e-03
3.169416052131358678e-03
-4.551768255264078411e-03
1.461529402952585835e-02
3.528452602223580009e-02
-6.555443660019187602e-02
2.410788998764046634e-02
5.913417236926504783e-02
-7.831419686040265449e-02
-6.478138592119095547e-03
-4.019567544906851343e-03
5.755253530001493319e-03
-2.214204282170725499e-02
-5.113472025964641704e-02
7.413027385832661464e-02
5.269906686057680423e-01
-1.062494442242019679e-02
7.097514943787685236e-03
-5.404060607018521534e-01
2.712929211670080110e-03
-3.222229403413903476e-03
-1.260934037943534612e-02
-4.487683126300899550e-03
6.399338958785160715e-03
2.168765811913125723e-03
5.247577387939990345e-02
-1.266763977407905743e-02
-1.302970547622090119e-04
-5.644584823087021516e-03
5.736850605127112417e-03
-3.189237900675469251e-03
-2.622574434431930099e-02
3.274936173739223522e-02
1.379845709348102335e-02
-2.787273529349469300e-02
7.458602309813058828e-02
-1.290813402687322406e-02
6.342958785838913142e-03
-1.283763426243208702e-02
1.062194864344913814e-03
2.903173519061433283e-02
-5.897541574763193184e-02
-5.404060607018521534e-01
-1.302970547622090119e-04
-1.290813402687322406e-02
5.543400336042592080e-01
3.874683771262944863e-03
3.170597990545819672e-03
1.279411160908370051e-02
4.159410242357503527e-03
-6.912606721518763098e-03
2.712929211670080110e-03
-5.644584823087021516e-03
6.342958785838913142e-03
-2.878232671403688388e-03
8.028156235904068683e-04
-1.201568518354602377e-03
2.580230488084915563e-04
3.636988875396140845e-03
-5.786881100744098623e-03
-3.222229403413903476e-03
5.736850605127112417e-03
-1.283763426243208702e-02
3.148988487243396805e-03
-1.168949420438065295e-03
2.232530638266113504e-03
-2.213872062544509911e-04
-5.326472618488458863e-03
1.036014032295949280e-02
-1.260934037943534612e-02
-3.189237900675469251e-03
1.062194864344913814e-03
1.279411160908370051e-02
2.580230488084915563e-04
-2.213872062544509911e-04
4.906071196700695358e-04
3.184825965981707453e-03
-1.481763338249953918e-02
-4.487683126300899550e-03
-2.622574434431930099e-02
2.903173519061433283e-02
4.159410242357503527e-03
3.636988875396140845e-03
-5.326472618488458863e-03
1.603370331648373706e-03
1.702034557139267892e-02
-5.350930825138187213e-02
6.399338958785160715e-03
3.274936173739223522e-02
-5.897541574763193184e-02
-6.912606721518763098e-03
-5.786881100744098623e-03
1.036014032295949280e-02
-1.914614906885169637e-03
-2.708304231066691048e-02
4.981532153572802712e-02
4.526820838802730340e-01
-1.362880927689716359e-02
2.001233572683637843e-02
-4.489188537912092714e-01
9.584139209903703993e-03
-1.923034124208073195e-02
-1.827636468124959820e-02
1.626454966357127833e-03
-2.185338075412067860e-03
-1.262075444189720078e-02
1.075312276247231483e-02
-1.142817430222435766e-02
-6.663106830341594330e-04
-7.011639543429856736e-03
1.290651546024243826e-02
7.839586355145564817e-03
-4.131791897939827637e-03
7.199601824991581911e-03
2.725380380560209204e-02
-1.925520678042877756e-02
3.468644644083329620e-02
-3.075132501411972225e-03
1.326626458959478082e-02
-2.469538868913009888e-02
-1.550074690385754017e-02
7.145693052713881707e-03
-1.210141960054665795e-02
-4.489188537912092714e-01
-6.663106830341594330e-04
-3.075132501411972225e-03
4.635574644673643441e-01
4.182638275479134103e-03
-2.274249915282061836e-03
4.392514980224237857e-03
2.855028143067483547e-03
-4.525991666056182472e-03
9.584139209903703993e-03
-7.011639543429856736e-03
1.326626458959478082e-02
1.307372990479175462e-03
7.657042850793781101e-03
-1.562505138039207986e-02
-1.118423276164374688e-02
1.716687028416460752e-03
-1.471954445614318593e-03
-1.923034124208073195e-02
1.290651546024243826e-02
-2.469538868913009888e-02
-1.616907378206292566e-03
-1.524496139928152583e-02
3.061113785022032477e-02
2.286742122982965073e-02
-2.788526104886410693e-03
1.495731204919803709e-03
-1.827636468124959820e-02
7.839586355145564817e-03
-1.550074690385754017e-02
4.392514980224237857e-03
-1.118423276164374688e-02
2.286742122982965073e-02
1.776177750040406483e-02
4.714219385250625416e-04
-7.202565201829029366e-03
1.626454966357127833e-03
-4.131791897939827637e-03
7.145693052713881707e-03
2.855028143067483547e-03
1.716687028416460752e-03
-2.788526104886410693e-03
-1.047367534974937616e-03
1.915156861456916975e-03
-1.180836247673846227e-02
-2.185338075412067860e-03
7.199601824991581911e-03
-1.210141960054665795e-02
-4.525991666056182472e-03
-1.471954445614318593e-03
1.495731204919803709e-03
-1.165276186435808010e-03
-3.818415320412331566e-03
8.240427604718644772e-03
4.815734181375039280e-01
-1.160813461168562488e-02
3.138788578181957861e-02
-4.911608830269025283e-01
4.870761026159186290e-03
-1.117578030579882871e-02
4.592901995717380980e-04
8.057173373037931213e-03
-1.951347635753516649e-02
-7.929206510352280676e-03
4.062438900035167735e-04
-2.560073835657727427e-03
-2.811470900273362310e-03
-3.659096340802156164e-03
9.204219155743742151e-03
8.176922548940283517e-03
3.772371927314135259e-03
-9.741640013132256762e-03
2.802075566005646223e-02
-3.932034468352273030e-04
-7.924481536777366192e-04
2.156263639844592950e-03
9.643754769082584985e-03
-2.416037507262911929e-02
-2.198898953495589600e-02
-1.061567924098941532e-02
2.739055505811279628e-02
-4.911608830269025283e-01
-2.811470900273362310e-03
2.156263639844592950e-03
4.737220477281592901e-01
-4.214453839770838754e-03
4.483952617776492539e-03
5.374085643823412785e-03
2.520238550561548774e-03
-7.250448103242226883e-03
4.870761026159186290e-03
-3.659096340802156164e-03
9.643754769082584985e-03
-3.868833238770858027e-03
3.486053432937503364e-03
-9.082490406813130412e-03
-5.294106527371039879e-03
-1.016708096650731537e-05
1.975895781288607243e-04
-1.117578030579882871e-02
9.204219155743742151e-03
-2.416037507262911929e-02
7.510695896569567244e-03
-9.117687757743336147e-03
2.381535560539732935e-02
1.414815443634069581e-02
4.470055262642203464e-04
-1.579744333452914266e-03
4.592901995717380980e-04
8.176922548940283517e-03
-2.198898953495589600e-02
5.374085643823412785e-03
-5.294106527371039879e-03
1.414815443634069581e-02
6.109489650702313278e-03
-9.351420109640360204e-04
5.861814698173235284e-03
8.057173373037931213e-03
3.772371927314135259e-03
-1.061567924098941532e-02
2.520238550561548774e-03
-1.016708096650731537e-05
4.470055262642203464e-04
-2.794547448941813068e-03
-4.067943848353310424e-03
9.175076262248340123e-03
-1.951347635753516649e-02
-9.741640013132256762e-03
2.739055505811279628e-02
-7.250448103242226883e-03
1.975895781288607243e-04
-1.579744333452914266e-03
6.829992628593228692e-03
1.031691315293623359e-02
-2.615581878326352777e-02
4.366215926489356303e-01
-5.372465543446045683e-02
6.751313260491834112e-02
6.856512886926763306e-02
-1.211073558723188906e-02
1.567581434586930861e-02
-2.436928806690442373e-01
1.559291607964314978e-02
1.825445700509500391e-01
-2.360962874565052105e-01
-2.352581589101080881e-02
-1.906412520907976027e-01
-5.921140124812718231e-02
1.198051200637679337e+00
6.738287739717310210e-01
1.644722472060622387e-01
-1.073327999397950760e+00
-4.594689901381504016e-01
2.866634970269968732e-02
1.203451921489874857e-02
-3.017279011203835570e-02
6.927247167448747668e-03
8.069503999169650235e-03
-2.439049978634614309e-03
2.677376492025184893e-02
6.690709323760647420e-01
6.814338323861292013e-01
3.221492986784592338e-02
-5.856387067094944721e-01
-2.865741584569090894e-01
1.633499864683342628e-01
-2.579697401168101062e-02
-1.297086113386925754e-01
-1.754431159323413814e-01
-2.367476314332064846e-02
-1.442342410384171714e-01
6.856512886926763306e-02
1.644722472060622387e-01
3.221492986784592338e-02
6.394427354618886783e-02
-2.073093315811897208e-01
2.172089419677142742e-03
-1.006797236354476932e-01
6.283912699509084342e-03
6.197825361868417038e-02
2.588039468696482284e-02
3.057571797941901169e-03
6.903458096761794227e-03
-1.211073558723188906e-02
-1.073327999397950760e+00
-5.856387067094944721e-01
-1.659475552881896354e-01
9.736620972133332996e-01
2.411616546278697037e-01
2.676363983378150097e-02
-1.473175819595988825e-02
-1.370588234273788751e-02
1.336926014938365215e-02
-6.916987369097274754e-03
1.645457927114393412e-02
1.567581434586930861e-02
-4.594689901381504016e-01
-2.865741584569090894e-01
-6.890573567765628793e-02
4.127002723072034640e-01
1.910120072664927282e-01
-6.447296811858212531e-03
2.807628458386192231e-03
1.531497985434670910e-02
-1.591342048665948805e-02
-4.187485829793989502e-04
-1.778379884355073834e-03
-2.436928806690442373e-01
2.866634970269968732e-02
1.633499864683342628e-01
-1.006797236354476932e-01
2.676363983378150097e-02
-6.447296811858212531e-03
2.796328887520742601e-01
-8.683218419039264585e-03
-1.843068800304920318e-01
-1.186653428202029403e-02
2.256571586322796488e-03
2.260554722205265765e-02
1.559291607964314978e-02
1.203451921489874857e-02
-2.579697401168101062e-02
6.283912699509084342e-03
-1.473175819595988825e-02
2.807628458386192231e-03
-2.102264103670599057e-02
-8.500939022838315332e-03
1.845595381272995689e-02
-5.064627704025889167e-03
1.654330718397759720e-02
1.318626444730638080e-02
1.825445700509500391e-01
-3.017279011203835570e-02
-1.297086113386925754e-01
6.197825361868417038e-02
-1.370588234273788751e-02
1.531497985434670910e-02
-1.819022653630767983e-01
1.765856499966535903e-02
1.667639078379248851e-01
-2.773199753294913056e-02
1.577483043236710750e-02
1.187825470416638100e-02
-2.360962874565052105e-01
6.927247167448747668e-03
-1.754431159323413814e-01
2.588039468696482284e-02
1.336926014938365215e-02
-1.591342048665948805e-02
-1.186653428202029403e-02
-5.064627704025889167e-03
-2.773199753294913056e-02
2.905534631156413417e-01
-6.445577278521769961e-03
1.932878609252504654e-01
-2.352581589101080881e-02
8.069503999169650235e-03
-2.367476314332064846e-02
3.057571797941901169e-03
-6.916987369097274754e-03
-4.187485829793989502e-04
2.256571586322796488e-03
1.654330718397759720e-02
1.577483043236710750e-02
2.016800801681132432e-02
-4.888262059280203999e-03
1.493485567190794283e-02
-1.906412520907976027e-01
-2.439049978634614309e-03
-1.442342410384171714e-01
6.903458096761794227e-03
1.645457927114393412e-02
-1.778379884355073834e-03
2.260554722205265765e-02
1.318626444730638080e-02
1.187825470416638100e-02
1.921457743135176477e-01
2.035875692285660579e-02
1.713620303438552206e-01
3.031562615275147365e-01
-8.974184851436180221e-02
4.573988289310210176e-02
-2.532735564763797381e-02
1.581918598419885386e-02
-6.754709366281377858e-03
-1.305980641864747660e-01
1.902229679235547003e-03
-1.405648746986129238e-01
-1.300920401032182594e-01
8.705464954829483792e-02
1.099219850121297415e-01
-8.355148398402846566e-02
3.569731633332334231e-01
6.478642400475946583e-02
-2.739481600493609559e-02
-1.881146665411730090e-01
5.399423739845183451e-02
1.359809104069561667e-02
-4.474030258023938000e-02
1.100516715872278291e-02
1.202211704875593840e-01
-1.319996942741347712e-01
-1.273969027104357443e-01
4.325523716816942477e-02
6.099143958954768296e-02
5.758510670134228127e-01
1.071248534390009492e-02
4.896487258453829927e-02
-7.029061548055286213e-02
-1.889898513181791362e-01
-6.229896287563409241e-03
-2.949499408554643320e-01
1.417836348957155490e-01
-1.102864386790512463e-01
-2.080714460919843023e-01
-2.532735564763797381e-02
-2.739481600493609559e-02
1.071248534390009492e-02
1.705460544165903272e-02
-1.156234894981330794e-02
4.143700627604153704e-03
1.766095321550840936e-04
1.656699771886506467e-02
-8.254141558729388706e-03
-1.267320779539534434e-03
2.091345963017548701e-02
-4.502972914793589021e-03
1.581918598419885386e-02
-1.881146665411730090e-01
4.896487258453829927e-02
-8.670580460479955162e-03
2.012349878603390541e-01
-7.018698894159629276e-02
-4.658770591389221893e-03
-1.105956074512158983e-03
3.192681098136039390e-03
-3.485073381086106238e-03
-1.960899359555996757e-02
1.042407839068851955e-02
-6.754709366281377858e-03
5.399423739845183451e-02
-7.029061548055286213e-02
3.642827088003649464e-03
-6.636212642598054989e-02
8.546571978732254993e-02
-1.619910700910186458e-03
4.017070973263583977e-02
-1.312447434762635708e-02
-1.116043026342467752e-04
-2.416828558288379794e-02
6.110737314067788903e-03
-1.305980641864747660e-01
1.359809104069561667e-02
-1.889898513181791362e-01
1.766095321550840936e-04
-4.658770591389221893e-03
-1.619910700910186458e-03
1.174094152711575162e-01
-1.641856914883419241e-02
1.668116760638835017e-01
8.570544275763399347e-03
5.365098520260572473e-04
1.920565568054281858e-02
1.902229679235547003e-03
-4.474030258023938000e-02
-6.229896287563409241e-03
1.656699771886506467e-02
-1.105956074512158983e-03
4.017070973263583977e-02
-1.736445473616753457e-02
5.054177235857485601e-02
-8.303752814196473445e-03
-1.283962874455841022e-02
2.673040281723566142e-03
-1.643421040028879287e-02
-1.405648746986129238e-01
1.100516715872278291e-02
-2.949499408554643320e-01
-8.254141558729388706e-03
3.192681098136039390e-03
-1.312447434762635708e-02
1.651006185696567430e-01
-9.256202770526484463e-03
3.310093080968476986e-01
-1.791740545155902017e-02
-1.864123654529855744e-03
-2.733102035022552320e-02
-1.300920401032182594e-01
1.202211704875593840e-01
1.417836348957155490e-01
-1.267320779539534434e-03
-3.485073381086106238e-03
-1.116043026342467752e-04
8.570544275763399347e-03
-1.283962874455841022e-02
-1.791740545155902017e-02
1.253373204324343126e-01
-1.106870098753787723e-01
-1.268923757885007386e-01
8.705464954829483792e-02
-1.319996942741347712e-01
-1.102864386790512463e-01
2.091345963017548701e-02
-1.960899359555996757e-02
-2.416828558288379794e-02
5.365098520260572473e-04
2.673040281723566142e-03
-1.864123654529855744e-03
-1.192107197837121435e-01
1.612649486572536595e-01
1.334669006770470290e-01
1.099219850121297415e-01
-1.273969027104357443e-01
-2.080714460919843023e-01
-4.502972914793589021e-03
1.042407839068851955e-02
6.110737314067788903e-03
1.920565568054281858e-02
-1.643421040028879287e-02
-2.733102035022552320e-02
-1.259868202096851020e-01
1.349800065136415317e-01
2.246335253065688542e-01
2.837437451467388350e-01
-1.019317838701611356e-01
1.738245136805353225e-02
-1.961836496743635944e-02
6.612618677412302262e-03
-1.079591592932805906e-03
-1.326540888688418351e-01
2.318172833496446456e-02
-1.403598557341265429e-01
-1.326776354896146703e-01
7.032335807941052230e-02
1.239274928713395701e-01
-1.008332757371611099e-01
1.258193096240609599e-01
8.158399321643486357e-02
-1.982723579056477198e-02
1.456948463146912065e-02
-8.457174123731099613e-03
3.227600305417880483e-02
-4.553197359346806278e-02
3.988214974193497048e-02
9.305792395540520012e-02
-9.967811600140553951e-02
-1.117048480698778212e-01
1.938228410206401311e-02
6.629279327336548566e-02
5.683122947129977121e-01
4.266524617117004904e-03
-7.053311903482243489e-03
-3.175687093452159160e-02
-1.851025619321161053e-01
3.122669469845442899e-02
-2.960841457105437002e-01
1.624235771969049780e-01
-1.013766902229612243e-01
-2.420228432711863109e-01
-1.961836496743635944e-02
-1.982723579056477198e-02
4.266524617117004904e-03
1.054917219665259080e-02
-4.812053185467974475e-03
1.799373524176621757e-03
4.482142303463889157e-03
1.319359104863308298e-02
-2.074708441681667563e-03
3.745878495797619768e-03
1.286899149125670175e-02
-1.199393659839953713e-03
6.612618677412302262e-03
1.456948463146912065e-02
-7.053311903482243489e-03
-5.130295254801312856e-03
-1.158675819755757268e-03
6.264619352857598092e-03
-2.898252817592025690e-04
-2.075158241328089580e-03
3.182577305447134835e-03
-2.897618900096399133e-03
-9.969921275930250515e-03
3.345836415897909030e-03
-1.079591592932805906e-03
-8.457174123731099613e-03
-3.175687093452159160e-02
1.500122072669434706e-03
7.216190466200676085e-03
2.620710028247095341e-02
2.390511703002447166e-03
2.506932547470980613e-02
-1.206668738540245169e-03
-2.980532450822095947e-03
-1.911281239521435416e-02
6.448848404543668610e-03
-1.326540888688418351e-01
3.227600305417880483e-02
-1.851025619321161053e-01
4.482142303463889157e-03
-2.898252817592025690e-04
2.390511703002447166e-03
1.196153655576741304e-01
-3.199973952505529018e-02
1.611559323845121738e-01
9.574915956339875162e-03
1.718627560095479243e-03
1.949143956065153838e-02
2.318172833496446456e-02
-4.553197359346806278e-02
3.122669469845442899e-02
1.319359104863308298e-02
-2.075158241328089580e-03
2.506932547470980613e-02
-3.174877398238862281e-02
5.244936453108838686e-02
-3.786697479611673273e-02
-7.411798336730257217e-03
1.307342418112429627e-03
-1.065081762710479336e-02
-1.403598557341265429e-01
3.988214974193497048e-02
-2.960841457105437002e-01
-2.074708441681667563e-03
3.182577305447134835e-03
-1.206668738540245169e-03
1.604814859204252986e-01
-3.861258299326287419e-02
3.221981992449047261e-01
-1.820217237891758044e-02
1.729444151912131866e-03
-3.024278634125016768e-02
-1.326776354896146703e-01
9.305792395540520012e-02
1.624235771969049780e-01
3.745878495797619768e-03
-2.897618900096399133e-03
-2.980532450822095947e-03
9.574915956339875162e-03
-7.411798336730257217e-03
-1.820217237891758044e-02
1.197944439768866415e-01
-8.822866612961403898e-02
-1.402335132546482510e-01
7.032335807941052230e-02
-9.967811600140553951e-02
-1.013766902229612243e-01
1.286899149125670175e-02
-9.969921275930250515e-03
-1.911281239521435416e-02
1.718627560095479243e-03
1.307342418112429627e-03
1.729444151912131866e-03
-8.512527548294736290e-02
1.067875275082688924e-01
1.181192661500799074e-01
1.239274928713395701e-01
-1.117048480698778212e-01
-2.420228432711863109e-01
-1.199393659839953713e-03
3.345836415897909030e-03
6.448848404543668610e-03
1.949143956065153838e-02
-1.065081762710479336e-02
-3.024278634125016768e-02
-1.403061430563380674e-01
1.185181935948469573e-01
2.628601653043096675e-01
2.788679651189923114e-01
-1.066695340164827838e-01
1.503680877554889120e-02
-1.590436168016187354e-02
5.542851170107295986e-03
-8.988735756274535919e-04
-1.310333678043128225e-01
3.152074969534676696e-02
-1.394648810081037249e-01
-1.317556691189706031e-01
7.025854667695317912e-02
1.260365058607551825e-01
-1.057157541798161293e-01
1.004364947866663305e-01
6.682902955732797357e-02
-1.637841095142715878e-02
3.442378304863531052e-02
-8.546948843066290782e-03
3.662090319256108145e-02
-4.604560266133234103e-02
4.487811679011341481e-02
8.708317073253096785e-02
-8.985011128995694374e-02
-1.049970078191178741e-01
1.432838606328853785e-02
6.637626553119398143e-02
5.670317422712689570e-01
2.377766013552875309e-03
-8.139353100906271399e-03
-2.408134592170529942e-02
-1.820794030227423366e-01
4.263245211579749089e-02
-2.914824944278885943e-01
1.651343687109098068e-01
-1.023288053052015950e-01
-2.503750250996804594e-01
-1.590436168016187354e-02
-1.637841095142715878e-02
2.377766013552875309e-03
6.894649649880305042e-03
-9.357295772595285339e-04
2.501231788984633079e-04
4.365705005493373224e-03
8.526672116253198805e-03
-5.857959521626281054e-04
4.176694417703921691e-03
8.847263116972108390e-03
-1.550456497865736671e-03
5.542851170107295986e-03
3.442378304863531052e-02
-8.139353100906271399e-03
-1.253438415926192741e-03
-3.195159112845464416e-02
6.858994771351756975e-03
-1.337147537695211824e-03
1.221472701879959457e-03
-7.176222358330943806e-04
-2.917019059336252787e-03
-2.746210298789258757e-03
2.892780734464028836e-03
-8.988735756274535919e-04
-8.546948843066290782e-03
-2.408134592170529942e-02
1.639946195991412968e-04
6.805181929469006526e-03
1.565585200525106482e-02
2.804928389341970925e-03
1.578842421449600658e-02
2.391736170124366626e-03
-2.669838899393226460e-03
-1.344624086674072599e-02
6.438213982145417000e-03
-1.310333678043128225e-01
3.662090319256108145e-02
-1.820794030227423366e-01
4.365705005493373224e-03
-1.337147537695211824e-03
2.804928389341970925e-03
1.182994602947544799e-01
-3.654932254148597626e-02
1.599061709546530097e-01
8.724343773496982465e-03
1.094097277687550726e-03
1.877929216224104303e-02
3.152074969534676696e-02
-4.604560266133234103e-02
4.263245211579749089e-02
8.526672116253198805e-03
1.221472701879959457e-03
1.578842421449600658e-02
-3.679134755881931923e-02
4.508328239062293907e-02
-4.642873249542319586e-02
-4.629519678578776845e-03
3.712886835533355163e-04
-1.067752400090701305e-02
-1.394648810081037249e-01
4.487811679011341481e-02
-2.914824944278885943e-01
-5.857959521626281054e-04
-7.176222358330943806e-04
2.391736170124366626e-03
1.598639203808696896e-01
-4.615698859461600523e-02
3.196755353716555503e-01
-1.844180549186462750e-02
2.425419044366178105e-03
-3.039395130709629869e-02
-1.317556691189706031e-01
8.708317073253096785e-02
1.651343687109098068e-01
4.176694417703921691e-03
-2.917019059336252787e-03
-2.669838899393226460e-03
8.724343773496982465e-03
-4.629519678578776845e-03
-1.844180549186462750e-02
1.188505947851021677e-01
-8.025511645368314795e-02
-1.434413253862192039e-01
7.025854667695317912e-02
-8.985011128995694374e-02
-1.023288053052015950e-01
8.847263116972108390e-03
-2.746210298789258757e-03
-1.344624086674072599e-02
1.094097277687550726e-03
3.712886835533355163e-04
2.425419044366178105e-03
-8.048097640268314645e-02
9.171425496732109328e-02
1.133670248217030496e-01
1.260365058607551825e-01
-1.049970078191178741e-01
-2.503750250996804594e-01
-1.550456497865736671e-03
2.892780734464028836e-03
6.438213982145417000e-03
1.877929216224104303e-02
-1.067752400090701305e-02
-3.039395130709629869e-02
-1.438444068855174174e-01
1.132126053035887037e-01
2.726944280715944968e-01
5.733101120502428483e-01
-3.539390689020413538e-03
1.650367625818336629e-03
-5.733068825363910603e-01
1.482109142997810759e-03
-3.504133672058497382e-03
-1.890063518020415395e-03
6.231078132232226174e-06
-3.831976901701162480e-03
1.890052871101292583e-03
-4.886152122511588924e-06
1.155227350194652780e-05
-1.433879107181673575e-03
4.727149465512392457e-06
3.586207971597492675e-06
1.433871029995607534e-03
-3.706833858386875125e-06
8.764024836646925817e-06
-5.733068825363910603e-01
1.890052871101292583e-03
1.433871029995607534e-03
5.733036530407308318e-01
-3.131427965127118844e-03
4.198671999190815439e-04
1.482109142997810759e-03
-4.886152122511588924e-06
-3.706833858386875125e-06
-1.482100794127120700e-03
3.831517124235073180e-06
3.827645239112838216e-03
-3.504133672058497382e-03
1.155227350194652780e-05
8.764024836646925817e-06
3.504113932919091044e-03
-9.058812053838391498e-06
2.141764558762733126e-05
4.742524738065202403e-03
-4.384438358192805437e-04
-5.637422297166337604e-05
-4.747223855806676461e-03
-5.330905439113647258e-05
-8.532422494579209411e-05
-5.351971465261339374e-05
6.039736247334756786e-07
5.225255441312393360e-04
5.357274451635858598e-05
6.015963093288195054e-07
9.628896893556029585e-07
-4.354050930499657999e-05
4.913576127207666395e-07
3.997398126988349620e-07
4.358365130025094021e-05
4.894235679714768771e-07
7.833507288564078852e-07
-4.747223855806676461e-03
5.357274451635858598e-05
4.358365130025094021e-05
4.751927629656191310e-03
-3.315622456439431555e-04
9.824248188874238241e-05
-5.330905439113647258e-05
6.015963093288195054e-07
4.894235679714768771e-07
5.336187552272401470e-05
5.992283513607392092e-07
-5.210750868828784629e-04
-8.532422494579209411e-05
9.628896893556029585e-07
7.833507288564078852e-07
8.540876822207553215e-05
9.590996356401607190e-07
1.535094441187934144e-06
-1.143478231406968443e-01
1.580596705597519028e-05
-4.246248915088060812e-07
1.143478231691950897e-01
5.480896000696975349e-06
1.064629984534377955e-05
-5.451340277358225587e-06
-2.598836562617279355e-10
-8.117385850607526451e-06
5.451340278728032870e-06
2.612923905020991810e-10
5.075444946999385296e-10
1.097839556504374894e-05
5.233764862794162412e-10
-1.054022431229457688e-09
-1.097839556777979580e-05
-5.262141516034884439e-10
-1.022138283827158455e-09
1.143478231691950897e-01
5.451340278728032870e-06
-1.097839556777979580e-05
-1.143478231976937792e-01
1.577641133128659357e-05
7.567206085614928445e-07
5.480896000696975349e-06
2.612923905020991810e-10
-5.262141516034884439e-10
-5.480896002046823147e-06
-2.627093820262160762e-10
8.117398930903478929e-06
1.064629984534377955e-05
5.075444946999385296e-10
-1.022138283827158455e-09
-1.064629984799716955e-05
-5.102961817481880408e-10
-9.912186784764566946e-10
-1.467222595511349925e-01
3.011179393933599381e-05
-2.930000259999855576e-05
1.467222595510182526e-01
-8.100544535949622263e-07
-3.905028511920532081e-07
8.409806060026757028e-07
-4.820296939378465595e-12
-6.888434625732951701e-11
-8.409806060067311907e-07
4.642994322345828095e-12
2.238322796916178284e-12
-1.654126671032415008e-08
9.478023563474352597e-14
-1.861109227346734309e-15
1.654126671031995462e-08
-9.129922329492810157e-14
-4.396357134564387728e-14
1.467222595510182526e-01
-8.409806060067311907e-07
1.654126671031995462e-08
-1.467222595509018734e-01
3.008086778691472792e-05
2.967396418447998358e-05
-8.100544535949622263e-07
4.642994322345828095e-12
-9.129922329492810157e-14
8.100544535814120285e-07
-4.472283654521902463e-12
6.682311903845322828e-11
-3.905028511920532081e-07
2.238322796916178284e-12
-4.396357134564387728e-14
3.905028511917535702e-07
-2.155930829369524793e-12
-1.039244969919500265e-12
-7.554792944616924022e-02
-3.589558206549558914e-05
2.885716893299140377e-05
7.554792945661432946e-02
-2.625997156524943280e-05
-2.830531739733596055e-05
2.625609343450473906e-05
-9.125100446291994566e-09
1.524541693637727657e-08
-2.625609343813788360e-05
9.126448208369180897e-09
9.837292225200599507e-09
-2.841335573257465391e-05
9.874840095806716476e-09
-1.068618010666687063e-08
2.841335573650296571e-05
-9.876298656895698831e-09
-1.064554719504002926e-08
7.554792945661432946e-02
-2.625609343813788360e-05
2.841335573650296571e-05
-7.554792946705957135e-02
-3.589170393111757129e-05
-2.896520726431643899e-05
-2.625997156524943280e-05
9.126448208369180897e-09
-9.876298656895698831e-09
2.625997156888274674e-05
-9.127796252592044378e-09
-1.520932205707339843e-08
-2.830531739733596055e-05
9.837292225200599507e-09
-1.064554719504002926e-08
2.830531740124961869e-05
-9.838745216470383074e-09
-1.060506879387116417e-08
3.421444801522799395e+00
5.450148249201686168e-02
5.547835678443444746e-02
-3.421439167457397623e+00
7.726208766506745262e-02
-9.677473808986544745e-02
-7.844797282331637811e-02
1.798680030537652685e-03
2.600281440197409200e-03
7.844784364367461682e-02
-1.771489679073895429e-03
2.218881923881647206e-03
-9.540715926129009206e-02
2.187525642251806485e-03
2.660433403531253793e-03
9.540700215509435866e-02
-2.154457175354845475e-03
2.698568407503964747e-03
-3.421439167457397623e+00
7.844784364367461682e-02
9.540700215509435866e-02
3.421433533401273319e+00
5.568749487711846524e-02
-5.411093731403487928e-02
7.726208766506745262e-02
-1.771489679073895429e-03
-2.154457175354845475e-03
-7.726196043821481618e-02
1.744710359701889812e-03
-2.598095247156260654e-03
-9.677473808986544745e-02
2.218881923881647206e-03
2.698568407503964747e-03
9.677457873168965330e-02
-2.185339449210675286e-03
2.737250043664264144e-03
6.467239611847021008e-01
1.916495451805091000e-03
3.149577168387517013e-04
-6.467239611430430912e-01
2.324363537259541840e-03
-7.864336908750970507e-04
-2.324422570861577660e-03
8.354322110010886648e-06
-2.993825299480800897e-06
2.324422570711995491e-03
-8.354109934285980366e-06
2.826560219298441021e-06
-7.880270879477176398e-04
2.832287126519032213e-06
9.602036241146113391e-07
7.880270878969545352e-04
-2.832215194615005658e-06
9.582620846450067965e-07
-6.467239611430430912e-01
2.324422570711995491e-03
7.880270878969545352e-04
6.467239611013847478e-01
1.916554485556834107e-03
-3.165511139620264328e-04
2.324363537259541840e-03
-8.354109934285980366e-06
-2.832215194615005658e-06
-2.324363537109834336e-03
8.353897764191986486e-06
2.999623993137105142e-06
-7.864336908750970507e-04
2.826560219298441021e-06
9.582620846450067965e-07
7.864336908244428000e-04
-2.826488432862863493e-06
9.563244711293059277e-07
4.758895330136574120e-02
5.549579990068469930e-04
8.878384890701582384e-04
-4.758895504330741544e-02
-3.497284738313743068e-04
-1.190903143308698125e-03
3.497559621735137569e-04
2.570538425165913576e-06
2.647654487572842930e-04
-3.497559749759302731e-04
-2.570336398978467773e-06
-8.752566422371259856e-06
-1.190842503224924303e-03
-8.752120746848087612e-06
2.979905564449360453e-05
1.190842546814409840e-03
8.751432892243803257e-06
2.980057307189205360e-05
-4.758895504330741544e-02
-3.497559749759302731e-04
1.190842546814409840e-03
4.758895678524904804e-02
5.549305234661131491e-04
-8.877778053946734464e-04
-3.497284738313743068e-04
-2.570336398978467773e-06
8.751432892243803257e-06
3.497284866327799672e-04
2.570134388972522554e-06
-2.647656909714392760e-04
-1.190903143308698125e-03
-8.752566422371259856e-06
2.980057307189205360e-05
1.190903186900409095e-03
8.751878532693714542e-06
2.980209057670087761e-05
-9.583966847658743904e-02
3.811935205271868985e-07
2.387574484965620099e-07
9.583966847667427236e-02
-3.805378335030805206e-07
-2.076601106252609513e-08
3.794445205271869005e-07
-1.502239741976018202e-12
-8.336136372329937501e-10
-3.794445204897921429e-07
1.506635432250504757e-12
8.219557888934473918e-14
2.391666151632285361e-07
-9.469705663246855201e-13
-5.968634874536915547e-13
-2.391666151634287535e-07
9.495766172288297430e-13
5.185240257998824376e-14
9.583966847667427236e-02
-3.794445204897921429e-07
-2.391666151634287535e-07
-9.583966847676118894e-02
3.822868335195838439e-07
2.117517772922638357e-08
-3.805378335030805206e-07
1.506635432250504757e-12
9.495766172288297430e-13
3.805378335195838459e-07
-1.510949365940722961e-12
8.325841566796144643e-10
-2.076601106252609513e-08
8.219557888934473918e-14
5.185240257998824376e-14
2.076601106255985733e-08
-8.250998705449681090e-14
-4.496836930600878190e-15
-8.364181935574988014e-02
7.099010979152012175e-06
-6.595418129924720695e-05
8.364181936569130282e-02
1.168788064048999290e-05
1.490143373101168802e-05
-1.167421935418119525e-05
-1.629416973729793871e-09
1.017263587488481278e-04
1.167421935552375603e-05
1.631323700997363768e-09
2.079852008762048183e-09
1.511324620075284656e-05
2.109415515169150079e-09
-2.730813444893741976e-09
-1.511324620254935432e-05
-2.111883977851056628e-09
-2.692541067764262636e-09
8.364181936569130282e-02
1.167421935552375603e-05
-1.511324620254935432e-05
-8.364181937563273939e-02
7.085349691445426356e-06
6.616599376721688755e-05
1.168788064048999290e-05
1.631323700997363768e-09
-2.111883977851056628e-09
-1.168788064188779547e-05
-1.633232718406617571e-09
-1.017263316191985674e-04
1.490143373101168802e-05
2.079852008762048183e-09
-2.692541067764262636e-09
-1.490143373278316426e-05
-2.082285865616750764e-09
-2.654805012435555722e-09
3.386651927792581063e+00
-1.005795917527635419e-01
-7.474845550766331947e-02
-3.386385116819259800e+00
3.448642370461241224e-01
-2.842596362070435312e-01
-3.543858384090962654e-01
3.708362274677978743e-02
2.512945893484262033e-02
3.543579187903994066e-01
-3.608726387850444417e-02
2.974548068444618498e-02
-2.724064813429930565e-01
2.850514352732106543e-02
2.191110650276868743e-02
2.723850203130494529e-01
-2.773927033475777348e-02
2.286451898157360052e-02
-3.386385116819259800e+00
3.543579187903994066e-01
2.723850203130494529e-01
3.386118326866139228e+00
-9.103082091247180485e-02
8.657921551336332511e-02
3.448642370461241224e-01
-3.608726387850444417e-02
-2.773927033475777348e-02
-3.448370675688043896e-01
3.511767507531421417e-02
-2.557059765136823759e-02
-2.842596362070435312e-01
2.974548068444618498e-02
2.286451898157360052e-02
2.842372413486929927e-01
-2.894628224384679371e-02
2.385941705831921139e-02
3.818504141472581770e-01
-1.958016431862908205e-03
-1.970128911660595783e-03
-3.818504139424657717e-01
-5.448340492186159534e-04
7.151165193530920148e-04
5.448141396370918387e-04
7.773265020862007990e-07
-8.647184952775832656e-06
-5.448141393449215794e-04
-7.773549085161868266e-07
1.020309463602760841e-06
7.141046331727376757e-04
1.018865730985363260e-06
1.335458619892029126e-06
-7.141046327897480287e-04
-1.018902964218244660e-06
1.337350964565465323e-06
-3.818504139424657717e-01
-5.448141393449215794e-04
-7.141046327897480287e-04
3.818504137376737551e-01
-1.957996522573592947e-03
1.969117025863764952e-03
-5.448340492186159534e-04
-7.773549085161868266e-07
-1.018902964218244660e-06
5.448340489264065544e-04
7.773833161188459240e-07
8.645703934180093767e-06
7.151165193530920148e-04
1.020309463602760841e-06
1.337350964565465323e-06
-7.151165189695685067e-04
-1.020346749580668469e-06
1.339245990751491009e-06
-1.624336143295467601e-03
-2.094976993230383648e-04
2.048454370121487395e-04
1.624330000335023026e-03
-1.007043540873498306e-06
-4.830644483134034142e-06
2.033598510293545402e-06
-2.545977236326213422e-09
6.214488255877200528e-09
-2.033590819569080932e-06
1.260774890737836884e-09
6.047757753897455343e-09
-4.828299321184603606e-06
6.044821589197691124e-09
-1.435200120091053606e-08
4.828281061385696258e-06
-2.993412152464578606e-09
-1.435897222223960853e-08
1.624330000335023026e-03
-2.033590819569080932e-06
4.828281061385696258e-06
-1.624323857397813337e-03
-2.105242581009292388e-04
-2.048431101188677634e-04
-1.007043540873498306e-06
1.260774890737836884e-09
-2.993412152464578606e-09
1.007039732402695111e-06
-6.243391671711950863e-10
-3.164532872354650052e-09
-4.830644483134034142e-06
6.047757753897455343e-09
-1.435897222223960853e-08
4.830626214465604246e-06
-2.994866205649471579e-09
-1.436594645924870117e-08
1.847637296387790729e+00
1.324217242729418959e-02
3.587391451619116340e-03
-1.675775239507214964e+00
7.275317390057737740e-03
-6.080285858476584468e-03
2.232473011275209075e-04
2.697464350155842699e-08
-5.071743710315093287e-04
-2.024814611864160572e-04
8.790659159407180744e-07
-7.346720108171409815e-07
1.120568787325936389e-03
1.353966808514532237e-07
6.796108789356521720e-07
-1.016336610890376108e-03
4.412388514281657026e-06
-3.687616917162676405e-06
-1.675775239507214964e+00
-2.024814611864160572e-04
-1.016336610890376108e-03
1.519899310776879453e+00
2.731067876227163613e-02
-1.546478744270953984e-02
7.275317390057737740e-03
8.790659159407180744e-07
4.412388514281657026e-06
-6.598587702061737247e-03
2.864752905272374781e-05
-4.233946892665994767e-04
-6.080285858476584468e-03
-7.346720108171409815e-07
-3.687616917162676405e-06
5.514714663251963321e-03
-2.394193358699268611e-05
2.000927140496157894e-05
8.253523688175000428e-02
1.023188116602877056e-03
9.682149058163884870e-04
-7.024893366936882377e-02
-8.073974107074654953e-04
-7.696797840744180235e-04
7.412385959362126700e-04
6.656970730019286391e-06
6.315834276149381866e-06
-6.308968499563487233e-04
-7.251134735811645841e-06
-6.912397468432716744e-06
7.032252641497333673e-04
6.315577771477712267e-06
5.991692649528840436e-06
-5.985422324122861154e-04
-6.879270950025020727e-06
-6.557905325313592005e-06
-7.024893366936882377e-02
-6.308968499563487233e-04
-5.985422324122861154e-04
5.979158560789890609e-02
7.297082207766112131e-04
8.539852278304301166e-04
-8.073974107074654953e-04
-7.251134735811645841e-06
-6.879270950025020727e-06
6.872071771099445576e-04
7.898330500568859214e-06
7.529360103919312890e-06
-7.696797840744180235e-04
-6.912397468432716744e-06
-6.557905325313592005e-06
6.551042456637572349e-04
7.529359437251203284e-06
7.177624883800348995e-06
-9.227557532284602626e-02
-9.597899100055868173e-05
9.626436118305003314e-05
9.724890732696345186e-02
-7.285656930059769326e-05
-7.931551387744872677e-05
3.026621158327823680e-04
-9.927259302641595884e-07
-1.254539450602689538e-07
-3.189745493433543606e-04
2.389681488983070614e-07
2.601533629282334198e-07
2.824161133809371406e-04
-9.263194310914386886e-07
-8.643550670900390642e-07
-2.976373579003197423e-04
2.229828321451219481e-07
2.427509022684404272e-07
9.724890732696345186e-02
-3.189745493433543606e-04
-2.976373579003197423e-04
-1.024902845980616567e-01
-3.985742754603588509e-04
-4.240600076391212443e-04
-7.285656930059769326e-05
2.389681488983070614e-07
2.229828321451219481e-07
7.678328453964249870e-05
-5.752421139645856585e-08
-1.968871983080554972e-06
-7.931551387744872677e-05
2.601533629282334198e-07
2.427509022684404272e-07
8.359034372499476030e-05
-6.262389820751133873e-08
-6.817568708183951998e-08
-9.684030185582798156e-02
-2.191512840715487983e-06
-7.142715460046459750e-06
9.698158342166592061e-02
-2.133418293483117898e-05
-6.327309450384367695e-05
-2.197027174048821278e-06
-4.984418836061297459e-11
-1.658676134809466962e-10
2.200232445362491539e-06
-4.840110803130764049e-10
-1.435484051613179768e-09
-7.150236793379207030e-06
-1.622182727771884214e-10
-5.279402054414461531e-10
7.160668366091088783e-06
-1.575216702410543734e-09
-4.671790607146952823e-09
9.698158342166592061e-02
2.200232445362491539e-06
7.160668366091088783e-06
-9.712307110500315033e-02
2.137032198292165876e-05
6.336368027111443290e-05
-2.133418293483117898e-05
-4.840110803130764049e-10
-1.575216702410543734e-09
2.136530764958832656e-05
-4.699978640702347351e-09
-1.394125354070054057e-08
-6.327309450384367695e-05
-1.435484051613179768e-09
-4.671790607146952823e-09
6.336540443778170017e-05
-1.393923553156834610e-08
-4.134109881856473656e-08
4.189007047695537111e-01
-4.411457962893362145e-02
3.295145825622317753e-02
-3.662863422901257993e-01
1.365492235888881179e-03
8.542190332007868966e-03
-6.817520720266948171e-03
1.109537134745199223e-04
-2.136331785189930429e-03
5.961233055187571336e-03
-2.222309847068650035e-05
-1.390223480692573746e-04
-1.654243121943552598e-03
2.692245831006738477e-05
6.532622827595986614e-06
1.446468472113537733e-03
-5.392342656698051462e-06
-3.373319605860184561e-05
-3.662863422901257993e-01
5.961233055187571336e-03
1.446468472113537733e-03
3.202803982439863528e-01
-3.115006352781221621e-02
2.978989529264488081e-02
1.365492235888881179e-03
-2.222309847068650035e-05
-5.392342656698051462e-06
-1.193984996478944429e-03
4.451100284567910403e-06
2.424537739626721894e-03
8.542190332007868966e-03
-1.390223480692573746e-04
-3.373319605860184561e-05
-7.469282377021827651e-03
2.784501062672029015e-05
1.741916755867486261e-04
-3.648225609494605559e-02
-3.316033220276935207e-06
3.656910354994682815e-06
3.580039711009708192e-02
2.799398065923389059e-06
4.160485119231876259e-06
1.813741113056378991e-06
-9.017142928331983026e-11
4.171369351170821013e-06
-1.779842012327866788e-06
-1.391740176066597751e-10
-2.068414799247936253e-10
6.302636883280013506e-07
-3.133401437621641250e-11
-1.088839435281485635e-11
-6.184839629298873170e-07
-4.836212376749249309e-11
-7.187613351722355048e-11
3.580039711009708192e-02
-1.779842012327866788e-06
-6.184839629298873170e-07
-3.513128217468441949e-02
1.339894377817268522e-04
1.363081288217130320e-04
2.799398065923389059e-06
-1.391740176066597751e-10
-4.836212376749249309e-11
-2.747076884941905222e-06
-2.148065670649901282e-10
-1.108966796430771451e-10
4.160485119231876259e-06
-2.068414799247936253e-10
-7.187613351722355048e-11
-4.082725011619488649e-06
-3.192471070487257201e-10
-4.744672710277342276e-10
-2.788255642028508730e-02
4.371340806296656328e-08
3.360456041262384406e-05
2.781465913342710816e-02
-4.849367002714926350e-08
-3.613690364294696320e-06
4.439474139629985745e-08
-7.065967216353289251e-14
4.299304332567920883e-11
-4.428663500862899353e-08
7.722736961128117452e-14
5.753736318949099883e-12
-2.699057492070863290e-05
4.297452471889228742e-11
-2.612712849962301332e-08
2.692484971315458979e-05
-4.694232446894235605e-11
-3.498086022919537195e-09
2.781465913342710816e-02
-4.428663500862899353e-08
2.692484971315458979e-05
-2.774692718440593953e-02
-7.024635075106399446e-05
-6.669065339450768880e-05
-4.849367002714926350e-08
7.722736961128117452e-14
-4.694232446894235605e-11
4.837558226936915787e-08
-8.432377205616794720e-14
-6.267876002369985404e-12
-3.613690364294696320e-06
5.753736318949099883e-12
-3.498086022919537195e-09
3.604890605492374012e-06
-6.284969967502260861e-12
-4.683486778887193563e-10
-2.153893605531235697e-02
4.742861470185959452e-06
-1.073933632358274805e-05
2.163935419493488721e-02
-4.810574257339292440e-07
9.459258312637791012e-07
-3.724186529813805546e-06
-6.439299060139238314e-10
1.492171048948709846e-09
3.741549313281833417e-06
-8.317716172072249351e-11
1.635551697769920993e-10
8.643200343083723037e-06
1.494451274002623189e-09
-3.468365933155375110e-09
-8.683496395618901253e-06
1.930399821594909580e-10
-3.795835832601279363e-10
2.163935419493488721e-02
3.741549313281833417e-06
-8.683496395618901253e-06
-2.174024050080013495e-02
4.844301962960759466e-07
-9.483950631238299503e-07
-4.810574257339292440e-07
-8.317716172072249351e-11
1.930399821594909580e-10
4.833001962960758829e-07
-1.074409832569086996e-11
2.047703801022072060e-11
9.459258312637791012e-07
1.635551697769920993e-10
-3.795835832601279363e-10
-9.503358964571633888e-07
2.112661063681109845e-11
-4.154224599616638978e-11
-4.447400047692507963e-01
-1.937562017737602504e+00
4.330073394389482022e-01
-2.782046013431157538e-01
6.292840893127396029e-01
-1.065700139414092057e-01
2.540971822435812988e-01
1.669657042690033011e+00
-2.827538801946852254e-01
-2.010206062866269239e+00
6.526411029467129588e+00
-7.596609584162270501e-01
1.369425114396317367e-01
2.255147451515669421e-01
-4.712033720264655751e-02
1.741936966163962763e+00
-6.413071384611157555e+00
9.757811752401854832e-01
3.578183993746872904e-01
-8.050350519614535294e-01
8.795920930614663236e-02
8.320819236581858402e-03
-1.001775747720829862e-01
1.833007451946784203e-02
-2.977946771627660860e-01
8.232555262396519247e-01
-1.227782395722160080e-01
-2.782046013431157538e-01
1.369425114396317367e-01
8.320819236581858402e-03
3.292165329316479871e-01
9.534285353778379490e-02
-2.301220055083656735e-02
-3.670223452202104886e-01
8.619276865948134747e-02
-2.356976579328013688e-01
6.292840893127396029e-01
2.255147451515669421e-01
-1.001775747720829862e-01
6.611166063511739188e-02
-4.279735026909248230e-01
6.846686985467430320e-02
-3.159238810583293589e-01
-9.221001512095083896e-02
8.634356544404610256e-02
-1.065700139414092057e-01
-4.712033720264655751e-02
1.833007451946784203e-02
-2.123750990422559881e-02
7.626116373165235662e-02
-1.332488773070828088e-02
6.729502751172035391e-02
1.655624473092946747e-02
-9.562032668468528618e-03
2.540971822435812988e-01
1.741936966163962763e+00
-2.977946771627660860e-01
-3.670223452202104886e-01
-3.159238810583293589e-01
6.729502751172035391e-02
7.625290162549029915e-01
-1.938334046535912236e+00
-5.709632297979642945e-02
1.669657042690033011e+00
-6.413071384611157555e+00
8.232555262396519247e-01
8.619276865948134747e-02
-9.221001512095083896e-02
1.655624473092946747e-02
-1.925714022906245049e+00
6.433772416392177895e+00
-1.154664911111717540e+00
-2.827538801946852254e-01
9.757811752401854832e-01
-1.227782395722160080e-01
-2.356976579328013688e-01
8.634356544404610256e-02
-9.562032668468528618e-03
6.448945205293903360e-01
-1.151927291004253950e+00
3.242628191477597843e-01
4.152371601208269536e-01
-3.019479271346783844e-01
1.544374439560029233e-01
-3.815731895515178662e-01
3.272362218421180635e-02
-1.216106708421386615e-02
6.972627682180126962e-02
3.187174458046941883e-01
-8.937930134878654953e-02
-2.877569838576781724e-01
1.777951234003615655e+00
-4.635906064825182638e-01
-3.156668214353053337e-02
5.253853978937723587e-03
-2.396499676013372302e-03
3.069791828663046007e-01
-1.118789343335695241e+00
4.241563283196660983e-01
1.369559761292314382e-01
-4.268875122849625781e-01
2.732526506906918229e-01
-2.509191481980462945e-03
-7.369639212685529656e-03
2.459878504591198663e-03
-1.247917001456933517e-01
3.439589065541640012e-01
-1.601607637099704828e-01
-3.815731895515178662e-01
-3.156668214353053337e-02
-2.509191481980462945e-03
4.297246676031880042e-01
-1.824182640235907232e-02
1.388270619121291863e-02
-1.589020788010957752e-01
-1.052070082121198541e-01
-6.826880086581171500e-03
3.272362218421180635e-02
5.253853978937723587e-03
-7.369639212685529656e-03
-4.005179848102571188e-02
4.027242875537371224e-03
-3.122110645248775407e-03
1.745511337380821829e-02
5.346894039756303757e-03
3.597528394981692329e-03
-1.216106708421386615e-02
-2.396499676013372302e-03
2.459878504591198663e-03
1.482398400742196420e-02
-1.475593237861970441e-03
5.415521177552736799e-04
-6.414902939062635048e-03
-1.852106086362859203e-03
-1.310624671149024194e-03
6.972627682180126962e-02
3.069791828663046007e-01
-1.247917001456933517e-01
-1.589020788010957752e-01
1.745511337380821829e-02
-6.414902939062635048e-03
1.254132655133572971e-01
-2.517813247998072490e-01
3.559649946607076204e-02
3.187174458046941883e-01
-1.118789343335695241e+00
3.439589065541640012e-01
-1.052070082121198541e-01
5.346894039756303757e-03
-1.852106086362859203e-03
-1.716695217734739431e-01
7.711929186949549875e-01
-2.720524933981554594e-01
-8.937930134878654953e-02
4.241563283196660983e-01
-1.601607637099704828e-01
-6.826880086581171500e-03
3.597528394981692329e-03
-1.310624671149024194e-03
9.168331849413156875e-02
-2.918625418712178510e-01
1.211251243560081958e-01
4.779332269838468261e-01
-1.186792962228901301e-02
2.540849502902314469e-02
-4.703828394613971398e-01
8.344607939086347292e-03
-1.895323894449273822e-02
-1.180345334368316200e-02
4.092805515718126765e-03
-8.977932001610570284e-03
-1.150256974562234580e-02
1.184512244769357538e-03
1.790995439979893751e-03
4.129235256980391265e-04
-6.148329373261195510e-03
1.330649692954161308e-02
1.231332286556364487e-02
4.756016644329426682e-03
-1.066566393719717461e-02
2.664184993253859712e-02
-2.482201361258665195e-03
5.184543522527129862e-03
-2.018041891583699596e-03
1.360221671655038184e-02
-2.944022062668798581e-02
-2.734016434021082492e-02
-1.065898037243125790e-02
2.390106286909427641e-02
-4.703828394613971398e-01
4.129235256980391265e-04
-2.018041891583699596e-03
4.691779756318449901e-01
-1.385723588854380784e-03
2.802386924395839848e-03
4.225402639020221784e-03
1.525575562517041182e-04
-3.718752081622577485e-04
8.344607939086347292e-03
-6.148329373261195510e-03
1.360221671655038184e-02
-1.245828140521056636e-03
5.789879860364202137e-03
-1.236803033477191713e-02
-8.160611977336288195e-03
5.623321633130066955e-04
-1.172678183364311930e-03
-1.895323894449273822e-02
1.330649692954161308e-02
-2.944022062668798581e-02
3.562989380203670110e-03
-1.254545537072015299e-02
2.718492448365109060e-02
1.769642428461820627e-02
-1.203965120157762629e-03
2.508676675675600154e-03
-1.180345334368316200e-02
1.231332286556364487e-02
-2.734016434021082492e-02
4.225402639020221784e-03
-8.160611977336288195e-03
1.769642428461820627e-02
9.020008876208423024e-03
-5.505199711794857113e-03
8.577586792116778311e-03
4.092805515718126765e-03
4.756016644329426682e-03
-1.065898037243125790e-02
1.525575562517041182e-04
5.623321633130066955e-04
-1.203965120157762629e-03
-4.448530155294854252e-03
-5.306398037493591929e-03
1.210861503256869913e-02
-8.977932001610570284e-03
-1.066566393719717461e-02
2.390106286909427641e-02
-3.718752081622577485e-04
-1.172678183364311930e-03
2.508676675675600154e-03
9.787366492506438878e-03
1.181453766377470009e-02
-2.630364070177600849e-02
4.755586548446484318e-01
-1.013643032606753418e-02
2.618808210571663825e-02
-4.704431957932191932e-01
7.308082015653306375e-03
-1.717965693454962320e-02
-9.142922612492917003e-03
4.064332419342585323e-03
-9.693809964492490494e-03
-1.025194294973420621e-02
-2.437953888480249524e-04
-3.315093555401396066e-04
1.597205262928271311e-04
-4.941265917276052230e-03
1.135743357337915503e-02
1.050009896006893692e-02
4.777223808796553749e-03
-1.121092881793145542e-02
2.615987041336057320e-02
1.360954084961061130e-04
7.274805373253787110e-04
-2.167495850541970807e-03
1.190490924921256202e-02
-2.736103830934087655e-02
-2.497708670124487718e-02
-1.105260317366614682e-02
2.593837602614187249e-02
-4.704431957932191932e-01
1.597205262928271311e-04
-2.167495850541970807e-03
4.706592150952451648e-01
-1.964298658835268198e-03
3.762130683074597567e-03
3.584751077830099306e-03
4.879590506917812253e-04
-9.557253135936440418e-04
7.308082015653306375e-03
-4.941265917276052230e-03
1.190490924921256202e-02
-1.164199300168638086e-03
4.770824799673375159e-03
-1.028347657587050899e-02
-6.407621519577819634e-03
6.135234058085594321e-04
-1.423575210020734151e-03
-1.717965693454962320e-02
1.135743357337915503e-02
-2.736103830934087655e-02
3.151640427091183857e-03
-1.092029317268184557e-02
2.499633815042567528e-02
1.463429253663597190e-02
-1.452216582419034105e-03
3.370928610234274602e-03
-9.142922612492917003e-03
1.050009896006893692e-02
-2.497708670124487718e-02
3.584751077830099306e-03
-6.407621519577819634e-03
1.463429253663597190e-02
5.825311044725701125e-03
-5.603865337831755167e-03
1.001597618932790860e-02
4.064332419342585323e-03
4.777223808796553749e-03
-1.105260317366614682e-02
4.879590506917812253e-04
6.135234058085594321e-04
-1.452216582419034105e-03
-4.725505224665085650e-03
-5.384956079078820519e-03
1.301264124358254490e-02
-9.693809964492490494e-03
-1.121092881793145542e-02
2.593837602614187249e-02
-9.557253135936440418e-04
-1.423575210020734151e-03
3.370928610234274602e-03
1.105620463139151896e-02
1.262209011566236584e-02
-2.958547919527436398e-02
2.132775308741758913e-01
3.446003864735691091e-01
1.804988664667726561e-01
3.364124287634145949e-01
-1.999814887845230427e-03
7.323633810734053728e-02
-9.986150505824864521e-02
1.422241734187655593e-02
1.496094516192262303e-01
-1.134211482937086124e-01
-5.379289493860095472e-02
-1.419258719426198245e-01
-6.986935750276390689e-02
3.512598400370921414e+00
2.782847948977719810e+00
-1.191313561471246396e-01
-2.984195143981448695e+00
-2.531195810179720063e+00
-4.522200808169750397e-02
2.423495037296302113e-01
2.194405215912028501e-02
9.002350617355522888e-02
2.536596773859646214e-01
7.152960828162976958e-02
4.409077728773191929e-03
3.082603024993390228e+00
2.371316269314289293e+00
1.366917940591444447e-02
-2.375515370863650499e+00
-1.903774882946094316e+00
1.268451277377681818e-01
-1.172589265129365954e-01
-4.509005853050870871e-02
-1.588812850068933580e-01
-1.448061702049314725e-01
-9.327937305172973037e-02
3.364124287634145949e-01
-1.191313561471246396e-01
1.366917940591444447e-02
5.320011075634931696e-01
-4.905146226057997549e-01
5.814190417801765598e-01
-1.453782410939773451e-01
1.904938053276397647e-02
2.313955998102360523e-01
-1.892160044916550987e-01
-8.266384878244793788e-02
-2.319757154880986438e-01
-1.999814887845230427e-03
-2.984195143981448695e+00
-2.375515370863650499e+00
4.609982639867157839e-03
2.452410611723314648e+00
1.748215221080974491e+00
8.464502332306082788e-02
-7.993611791601512584e-02
-7.999209974498214248e-02
-5.402200538648636863e-02
-5.856522118570176710e-02
-3.066456635678536935e-02
7.323633810734053728e-02
-2.531195810179720063e+00
-1.903774882946094316e+00
1.146462091655100213e-01
1.959014826358307815e+00
1.576317130790727994e+00
-7.292274390455169564e-02
6.389489848821208740e-02
4.906280155920853675e-02
2.467665463906332929e-02
6.427852209649503878e-02
-1.537286907987622797e-02
-9.986150505824864521e-02
-4.522200808169750397e-02
1.268451277377681818e-01
-1.453782410939773451e-01
8.464502332306082788e-02
-7.292274390455169564e-02
2.285999293950553291e-01
2.287021319523900587e-02
-1.652365196512064482e-01
-1.199926836327430274e-01
1.515593861182400887e-02
-2.692849796483966912e-02
1.422241734187655593e-02
2.423495037296302113e-01
-1.172589265129365954e-01
1.904938053276397647e-02
-7.993611791601512584e-02
6.389489848821208740e-02
-3.143519806476081230e-02
-1.391731383243543785e-01
2.759477348312391887e-02
-4.473722200894203471e-05
-1.810873473553749058e-01
1.724649300955702347e-02
1.496094516192262303e-01
2.194405215912028501e-02
-4.509005853050870871e-02
2.313955998102360523e-01
-7.999209974498214248e-02
4.906280155920853675e-02
-1.701924009418248618e-01
2.938865057169254280e-02
2.174766870227383131e-01
1.405062118882860478e-02
-4.253786970472527712e-03
-1.111679014572323695e-02
-1.134211482937086124e-01
9.002350617355522888e-02
-1.588812850068933580e-01
-1.892160044916550987e-01
-5.402200538648636863e-02
2.467665463906332929e-02
-1.199926836327430274e-01
-4.473722200894203471e-05
1.405062118882860478e-02
2.281261064721185616e-01
6.848836280176642810e-03
1.541118213838127138e-01
-5.379289493860095472e-02
2.536596773859646214e-01
-1.448061702049314725e-01
-8.266384878244793788e-02
-5.856522118570176710e-02
6.427852209649503878e-02
1.515593861182400887e-02
-1.810873473553749058e-01
-4.253786970472527712e-03
3.030024093850982453e-02
-1.647749833738363368e-01
4.184425161037262642e-02
-1.419258719426198245e-01
7.152960828162976958e-02
-9.327937305172973037e-02
-2.319757154880986438e-01
-3.066456635678536935e-02
-1.537286907987622797e-02
-2.692849796483966912e-02
1.724649300955702347e-02
-1.111679014572323695e-02
1.546258750679161964e-01
4.337798143617960234e-02
1.894156740333557409e-01
3.991469673277329155e-01
-1.665835159182850467e-02
3.957217210759846060e-02
1.013975558029338309e-01
9.532664518029360448e-03
-1.870214517098296074e-03
-2.601219880094156611e-01
1.956090508518107049e-02
1.954259938456370527e-01
-2.553691346878599888e-01
-2.016105443961944271e-02
-1.928289672176013159e-01
5.928338756050482994e-02
1.136741092058635605e+00
8.380053743203428329e-01
-7.644575531028143141e-03
-8.938900054757416003e-01
-5.306759107797847097e-01
5.132772588826481353e-02
1.438621231962646657e-02
-4.433079775489547070e-02
-7.401609313198490026e-02
6.726527387713378270e-03
-6.607560819806324037e-02
8.857418379598417518e-03
8.111781808356761658e-01
7.057259904533711437e-01
-1.103626060713541225e-02
-4.811406616116513102e-01
-2.096138853488862530e-01
1.700062456146012035e-01
-2.618961789973315787e-02
-1.495330105709528623e-01
-1.660817067117171808e-01
-2.618526292328347826e-02
-1.500908118330752383e-01
1.013975558029338309e-01
-7.644575531028143141e-03
-1.103626060713541225e-02
1.749787380233483458e-02
-2.203842554431250517e-02
1.315615309475406947e-02
-6.593528239723708308e-03
7.980705514916348539e-03
3.502967132194606537e-02
-5.119572450257292573e-02
4.958524913122876535e-03
-2.218523691559802502e-02
9.532664518029360448e-03
-8.938900054757416003e-01
-4.811406616116513102e-01
2.371559625502092997e-02
8.508689387634892354e-01
4.280937880468795309e-01
6.291987482756131178e-02
-2.141410174712134878e-02
-3.547441191361855317e-02
-9.386278889736623943e-02
-2.052149773877396527e-02
-5.795929801169395768e-02
-1.870214517098296074e-03
-5.306759107797847097e-01
-2.096138853488862530e-01
-1.397780859274595430e-02
4.746455191790457939e-01
1.855623306826514884e-01
7.656518462698568006e-03
-1.281042208997459127e-03
-2.968481172726985737e-02
-1.114240095044373435e-02
-5.482032159713066954e-03
-2.557007311986929377e-02
-2.601219880094156611e-01
5.132772588826481353e-02
1.700062456146012035e-01
-6.593528239723708308e-03
6.291987482756131178e-02
7.656518462698568006e-03
2.795476792235521701e-01
-3.227094984295013781e-03
-1.819669642768796669e-01
-1.071755857671646134e-02
3.454993121617471255e-03
3.241753257013900436e-02
1.956090508518107049e-02
1.438621231962646657e-02
-2.618961789973315787e-02
7.980705514916348539e-03
-2.141410174712134878e-02
-1.281042208997459127e-03
-1.178527749796183001e-02
1.648206820768602756e-03
1.854824750633634126e-02
-2.533830030375047466e-03
1.920457349271324950e-03
5.854807881475167231e-03
1.954259938456370527e-01
-4.433079775489547070e-02
-1.495330105709528623e-01
3.502967132194606537e-02
-3.547441191361855317e-02
-2.968481172726985737e-02
-1.844846959182215862e-01
2.008870378990433234e-02
1.528645579854523984e-01
-2.264220260959046854e-02
6.380806110621408019e-03
-1.245975802770887299e-02
-2.553691346878599888e-01
-7.401609313198490026e-02
-1.660817067117171808e-01
-5.119572450257292573e-02
-9.386278889736623943e-02
-1.114240095044373435e-02
-1.071755857671646134e-02
-2.533830030375047466e-03
-2.264220260959046854e-02
2.390626041529420043e-01
-1.317242159920877301e-02
1.653648534951614457e-01
-2.016105443961944271e-02
6.726527387713378270e-03
-2.618526292328347826e-02
4.958524913122876535e-03
-2.052149773877396527e-02
-5.482032159713066954e-03
3.454993121617471255e-03
1.920457349271324950e-03
6.380806110621408019e-03
1.421411577279107705e-02
3.530322598509007346e-03
1.585970017323697079e-02
-1.928289672176013159e-01
-6.607560819806324037e-02
-1.500908118330752383e-01
-2.218523691559802502e-02
-5.795929801169395768e-02
-2.557007311986929377e-02
3.241753257013900436e-02
5.854807881475167231e-03
-1.245975802770887299e-02
1.672250326561572076e-01
2.042727882893325894e-02
1.462020811146673427e-01
7.203624292077920321e-01
-4.646324314675683020e-02
1.529549005506469772e-01
-1.152156888426748155e-02
6.868139624667435501e-03
-8.152035236299998849e-03
-1.120438469535583181e-01
-1.303511320582487892e-03
-1.504784449748467756e-01
-1.132832080666407865e-01
9.777022830802484243e-02
1.051461013558947777e-01
4.379574082257703393e-02
4.079489188657157706e-01
4.346611481227784929e-02
-2.765380513916525229e-02
-2.840206018450525116e-01
1.198939760555900735e-01
-7.224381073266913575e-03
-2.392023145464722625e-02
-1.276029393238011476e-02
1.171222776133661464e-01
-1.248452275158605101e-01
-1.297694638259793698e-01
1.440339638496182240e-01
5.637731643046482721e-02
5.078746444201102106e-01
7.564589791298197141e-03
1.062531489856066713e-01
-7.911947556347777299e-02
-1.938686879320130341e-01
-1.434710412755898709e-02
-2.630877958366730773e-01
1.266869252585603178e-01
-1.262034435831486667e-01
-1.697787165349820826e-01
-1.152156888426748155e-02
-2.765380513916525229e-02
7.564589791298197141e-03
6.726053002471607187e-03
-1.239796416432072459e-02
-1.814308283811541522e-02
-6.864338966672188687e-03
1.271346840620730945e-02
-7.744608014446464038e-03
-1.080831150125071728e-02
1.172833407304065337e-02
-3.994023487781571402e-03
6.868139624667435501e-03
-2.840206018450525116e-01
1.062531489856066713e-01
1.557669544634594262e-02
2.858453464946237865e-01
-1.397426015560399026e-01
-9.748735903295830188e-03
1.020135629794882703e-02
-1.531429194640667422e-02
-1.101902521680118638e-02
-1.895161616454966091e-04
1.051934655209653402e-02
-8.152035236299998849e-03
1.198939760555900735e-01
-7.911947556347777299e-02
-2.151834374297153640e-04
-1.353156225652288602e-01
1.409652207815480784e-01
2.100273601330709776e-03
3.883951955977350823e-02
-9.380560657500465124e-03
1.273917890173425918e-03
-1.607369144082421153e-02
6.665227378553170712e-03
-1.120438469535583181e-01
-7.224381073266913575e-03
-1.938686879320130341e-01
-6.864338966672188687e-03
-9.748735903295830188e-03
2.100273601330709776e-03
1.218581083510322793e-01
-3.084770981591212005e-02
1.565924290375844130e-01
-2.360778171410567172e-03
-9.991938367818996303e-03
2.315259944102220080e-03
-1.303511320582487892e-03
-2.392023145464722625e-02
-1.434710412755898709e-02
1.271346840620730945e-02
1.020135629794882703e-02
3.883951955977350823e-02
4.119981045754526894e-03
4.479262109532462094e-02
1.701240609671558074e-02
-1.601420352694647026e-02
3.845810302241076638e-03
-1.846510954308817204e-02
-1.504784449748467756e-01
-1.276029393238011476e-02
-2.630877958366730773e-01
-7.744608014446464038e-03
-1.531429194640667422e-02
-9.380560657500465124e-03
1.655068667930521265e-01
3.531901949630516201e-03
2.289901082614755057e-01
-1.164277600051644157e-02
-1.893875518561493818e-04
2.498886300961442909e-04
-1.132832080666407865e-01
1.171222776133661464e-01
1.266869252585603178e-01
-1.080831150125071728e-02
-1.101902521680118638e-02
1.273917890173425918e-03
-2.360778171410567172e-03
-1.601420352694647026e-02
-1.164277600051644157e-02
1.297301097203358566e-01
-1.314056635687007313e-01
-1.213137408955450580e-01
9.777022830802484243e-02
-1.248452275158605101e-01
-1.262034435831486667e-01
1.172833407304065337e-02
-1.895161616454966091e-04
-1.607369144082421153e-02
-9.991938367818996303e-03
3.845810302241076638e-03
-1.893875518561493818e-04
-1.439733047540340261e-01
1.712087804862041929e-01
1.327934243716566431e-01
1.051461013558947777e-01
-1.297694638259793698e-01
-1.697787165349820826e-01
-3.994023487781571402e-03
1.051934655209653402e-02
6.665227378553170712e-03
2.315259944102220080e-03
-1.846510954308817204e-02
2.498886300961442909e-04
-1.243151230381683292e-01
1.398291244295707947e-01
2.016159249192960301e-01
5.958989178802551745e-01
-4.552942706973817089e-02
1.196774044937841397e-01
-2.317334822154706528e-02
9.372754063107948189e-03
-7.128953182362294042e-03
-1.276821161673201144e-01
1.938506370506088696e-03
-1.590785962370733220e-01
-1.283857004468825780e-01
9.540041627357501164e-02
1.208060352929285347e-01
-2.654488346807143059e-02
2.881990855287572817e-01
6.433902098842145256e-02
-2.718719126623032889e-02
-1.881119783207703400e-01
6.383543723517168256e-02
8.918827795849987305e-03
-2.460394635988486997e-02
7.738424961044123446e-03
1.197352696548941442e-01
-1.196777230297681599e-01
-1.320216285728470496e-01
1.183050745575260077e-01
6.906737299098658633e-02
5.205160258908589910e-01
7.304464304938850308e-03
5.794220452514359243e-02
-5.738813855698301353e-02
-1.967420538268830343e-01
-3.440659087918363987e-03
-2.788284879629048807e-01
1.442804772576968542e-01
-1.240359333773002892e-01
-1.927678108232180332e-01
-2.317334822154706528e-02
-2.718719126623032889e-02
7.304464304938850308e-03
8.492882020401739535e-03
5.141924443515272225e-03
-6.650530576092381248e-03
-9.136983662980584925e-03
1.089795800771557223e-02
-7.658241952352741466e-03
-1.031507651029143179e-02
1.289299633556482624e-02
-3.484595017458647862e-03
9.372754063107948189e-03
-1.881119783207703400e-01
5.794220452514359243e-02
1.077652869418194333e-02
2.102506993127139789e-01
-1.012249316752732720e-01
-4.822463627457609231e-03
8.647003671715672996e-03
-5.146920777793078348e-03
-4.621423096830044354e-03
-4.444166356434155023e-03
1.110896491498170047e-02
-7.128953182362294042e-03
6.383543723517168256e-02
-5.738813855698301353e-02
9.006573309699858129e-04
-8.365572227052291143e-02
1.277646242512415209e-01
2.254175914543468055e-03
4.024401555944691344e-02
-4.400166204491356634e-03
-3.609070998153148056e-04
-1.810418434079046762e-02
8.676480731632062529e-03
-1.276821161673201144e-01
8.918827795849987305e-03
-1.967420538268830343e-01
-9.136983662980584925e-03
-4.822463627457609231e-03
2.254175914543468055e-03
1.121938980683872267e-01
-3.603651677685846405e-02
1.614264264446304553e-01
-2.664999236505903222e-05
-9.438030997386288173e-03
1.808800980993806665e-02
1.938506370506088696e-03
-2.460394635988486997e-02
-3.440659087918363987e-03
1.089795800771557223e-02
8.647003671715672996e-03
4.024401555944691344e-02
-1.029070921519181607e-02
3.581075027093591490e-02
1.788255896294196077e-03
-1.758893184998415807e-02
5.784945079857271508e-03
-1.350910441222860289e-02
-1.590785962370733220e-01
7.738424961044123446e-03
-2.788284879629048807e-01
-7.658241952352741466e-03
-5.146920777793078348e-03
-4.400166204491356634e-03
1.574396248016694255e-01
-4.831006357888678214e-04
2.449535788687353388e-01
-1.926017175394369868e-02
5.556813739021845312e-04
-1.472885408484385372e-03
-1.283857004468825780e-01
1.197352696548941442e-01
1.442804772576968542e-01
-1.031507651029143179e-02
-4.621423096830044354e-03
-3.609070998153148056e-04
-2.664999236505903222e-05
-1.758893184998415807e-02
-1.926017175394369868e-02
1.469538800396959777e-01
-1.141591123294404819e-01
-1.328124734381453953e-01
9.540041627357501164e-02
-1.196777230297681599e-01
-1.240359333773002892e-01
1.289299633556482624e-02
-4.444166356434155023e-03
-1.810418434079046762e-02
-9.438030997386288173e-03
5.784945079857271508e-03
5.556813739021845312e-04
-1.420483296724405486e-01
1.502683554176127700e-01
1.240685890234326239e-01
1.208060352929285347e-01
-1.320216285728470496e-01
-1.927678108232180332e-01
-3.484595017458647862e-03
1.110896491498170047e-02
8.676480731632062529e-03
1.808800980993806665e-02
-1.350910441222860289e-02
-1.472885408484385372e-03
-1.352517724267298660e-01
1.361828109604029668e-01
2.229225048622048844e-01
4.457774096431956767e-01
-8.316595599465674560e-02
1.094910440334777163e-01
-2.833633020795889301e-02
1.444527867570344001e-02
-5.462444609436600471e-03
-1.337473533365259870e-01
6.891854101348381285e-03
-1.479764667615328655e-01
-1.332526026055138035e-01
8.341428662500141589e-02
1.185423749164886409e-01
-7.961253190732328622e-02
2.164819054314712221e-01
8.081975399368253321e-02
-3.102001517661620925e-02
-1.142315849232045516e-01
2.724119930735237685e-02
1.794288355567428758e-02
-3.336145651041407673e-02
2.120784950845660405e-02
1.114525629505870030e-01
-1.108211597193298759e-01
-1.248869621050376494e-01
9.212169157376805251e-02
7.556320820081711964e-02
5.470312284101598310e-01
7.204343295282381217e-03
2.617913585677670782e-02
-5.189128031787835355e-02
-1.933519267017597965e-01
9.191840577624219022e-03
-2.867571597723752586e-01
1.492755129308362405e-01
-1.154882713735314176e-01
-2.100549751545117139e-01
-2.833633020795889301e-02
-3.102001517661620925e-02
7.204343295282381217e-03
1.187177890268580581e-02
-8.777815289373038996e-03
-4.273279986487590887e-03
-3.415580901868318399e-03
1.248729014133618219e-02
-5.952808655129530890e-03
-3.700911859449552196e-03
1.332757622099640590e-02
-3.667359089072790620e-03
1.444527867570344001e-02
-1.142315849232045516e-01
2.617913585677670782e-02
1.539595346796025603e-02
1.287603549718253082e-01
-4.280416805665469837e-02
-3.763811255210935871e-03
5.538939052907200858e-03
1.150543758309718802e-03
-2.714993054096398982e-03
-8.634584146148028411e-03
9.067560992404416140e-03
-5.462444609436600471e-03
2.724119930735237685e-02
-5.189128031787835355e-02
-3.832848316399695317e-03
-4.093570922392605199e-02
1.008439809380233254e-01
8.250937176055245324e-04
4.109039893810326194e-02
-5.556108315223285549e-03
-3.180030215905323056e-03
-2.443562983529328977e-02
9.221129160772837535e-03
-1.337473533365259870e-01
1.794288355567428758e-02
-1.933519267017597965e-01
-3.415580901868318399e-03
-3.763811255210935871e-03
8.250937176055245324e-04
1.065664571952883721e-01
-3.030292412574811522e-02
1.561071394704207638e-01
7.751893602676086271e-04
-5.863626475074072350e-03
1.741900928098200074e-02
6.891854101348381285e-03
-3.336145651041407673e-02
9.191840577624219022e-03
1.248729014133618219e-02
5.538939052907200858e-03
4.109039893810326194e-02
-2.052320077274811388e-02
4.369262285880660956e-02
-1.402411354435059189e-02
-1.602892528693426744e-02
8.873861173795578872e-03
-1.412570742245701678e-02
-1.479764667615328655e-01
2.120784950845660405e-02
-2.867571597723752586e-01
-5.952808655129530890e-03
1.150543758309718802e-03
-5.556108315223285549e-03
1.550530305136933462e-01
-1.520985066576837318e-02
2.751656643683555448e-01
-1.834066944257621568e-02
-1.609191818948371407e-03
-1.484040614730812446e-02
-1.332526026055138035e-01
1.114525629505870030e-01
1.492755129308362405e-01
-3.700911859449552196e-03
-2.714993054096398982e-03
-3.180030215905323056e-03
7.751893602676086271e-04
-1.602892528693426744e-02
-1.834066944257621568e-02
1.340263814084202976e-01
-1.088296146938243225e-01
-1.340566889873251732e-01
8.341428662500141589e-02
-1.108211597193298759e-01
-1.154882713735314176e-01
1.332757622099640590e-02
-8.634584146148028411e-03
-2.443562983529328977e-02
-5.863626475074072350e-03
8.873861173795578872e-03
-1.609191818948371407e-03
-1.233447289851576506e-01
1.410006119305345917e-01
1.188965974739131237e-01
1.185423749164886409e-01
-1.248869621050376494e-01
-2.100549751545117139e-01
-3.667359089072790620e-03
9.067560992404416140e-03
9.221129160772837535e-03
1.741900928098200074e-02
-1.412570742245701678e-02
-1.484040614730812446e-02
-1.379204227751702483e-01
1.267610470766474262e-01
2.361115154826446128e-01
2.984958440099149679e-01
-1.063854582336310195e-01
2.175922346842429009e-02
-2.282128024185288775e-02
8.756811410804256693e-03
-3.242570002732374831e-03
-1.303168092327928185e-01
1.757320056315559917e-02
-1.434614613626515600e-01
-1.311428148723090270e-01
7.757590795815062779e-02
1.200849061166588128e-01
-9.816726191829756865e-02
1.542847400753961928e-01
8.729639762637848854e-02
-1.995762995322484037e-02
-1.108492200531886220e-02
-3.880105564666554846e-03
2.788943503499076437e-02
-4.350717189110710897e-02
3.785441520395891463e-02
9.799190200919764837e-02
-1.080734558717024313e-01
-1.163067663402974627e-01
4.060886136907756322e-02
6.834411077614516161e-02
5.703831205289591200e-01
3.828061090870289816e-03
-3.484697301683592745e-03
-3.752183212638598997e-02
-1.855870566136863242e-01
2.565934434486074819e-02
-2.984360070794863096e-01
1.562292435873477714e-01
-1.065067592684304648e-01
-2.323470650673596649e-01
-2.282128024185288775e-02
-1.995762995322484037e-02
3.828061090870289816e-03
1.222746887296723151e-02
-5.619516579543075603e-03
1.398205681620451075e-03
2.919933176646085770e-03
1.407204463528124311e-02
-3.616359264965987499e-03
3.513166049524759586e-03
1.390263770175827023e-02
-2.529859129942128426e-03
8.756811410804256693e-03
-1.108492200531886220e-02
-3.484697301683592745e-03
-6.491750587376401982e-03
2.285338506606802988e-02
7.009010505366297834e-03
7.004262318790046909e-04
5.101403002389612610e-05
2.931327339123897431e-03
-3.309383585053279637e-03
-1.152253858470456659e-02
5.306911470244130187e-03
-3.242570002732374831e-03
-3.880105564666554846e-03
-3.752183212638598997e-02
1.237350004497326465e-03
4.826553624809128834e-03
3.456366512924474027e-02
8.312557190719755025e-04
2.784921230203200870e-02
5.816100149398020910e-04
-4.423086333711268373e-03
-1.975939820001895372e-02
8.965052186358998809e-03
-1.303168092327928185e-01
2.788943503499076437e-02
-1.855870566136863242e-01
2.919933176646085770e-03
7.004262318790046909e-04
8.312557190719755025e-04
1.131794240337943847e-01
-2.910242348679037069e-02
1.567224282801549795e-01
6.850062094710297408e-03
9.284191091846499171e-04
1.899444336724628868e-02
1.757320056315559917e-02
-4.350717189110710897e-02
2.565934434486074819e-02
1.407204463528124311e-02
5.101403002389612610e-05
2.784921230203200870e-02
-3.057512531712370391e-02
5.237139964963986177e-02
-3.213485979138842180e-02
-8.421518698724149085e-03
3.040663079998934433e-03
-1.314249310071145468e-02
-1.434614613626515600e-01
3.785441520395891463e-02
-2.984360070794863096e-01
-3.616359264965987499e-03
2.931327339123897431e-03
5.816100149398020910e-04
1.582827552051098152e-01
-3.192845647442172502e-02
3.195148622210714495e-01
-1.956973298706244160e-02
2.079083934771496552e-03
-3.003151098155282597e-02
-1.311428148723090270e-01
9.799190200919764837e-02
1.562292435873477714e-01
3.513166049524759586e-03
-3.309383585053279637e-03
-4.423086333711268373e-03
6.850062094710297408e-03
-8.421518698724149085e-03
-1.956973298706244160e-02
1.207868840154470436e-01
-9.176153841582596060e-02
-1.385490441872466449e-01
7.757590795815062779e-02
-1.080734558717024313e-01
-1.065067592684304648e-01
1.390263770175827023e-02
-1.152253858470456659e-02
-1.975939820001895372e-02
9.284191091846499171e-04
3.040663079998934433e-03
2.079083934771496552e-03
-9.433290369482597026e-02
1.171961999407649391e-01
1.228484250868327049e-01
1.200849061166588128e-01
-1.163067663402974627e-01
-2.323470650673596649e-01
-2.529859129942128426e-03
5.306911470244130187e-03
8.965052186358998809e-03
1.899444336724628868e-02
-1.314249310071145468e-02
-3.003151098155282597e-02
-1.386358225353072904e-01
1.221924661783665433e-01
2.587123231843836413e-01
2.758623826884630814e-01
-1.070151674680013820e-01
1.397532207284234509e-02
-1.383046979690367995e-02
3.150513827372898677e-03
-2.830685098025716119e-04
-1.315534081777873787e-01
3.492537252718237034e-02
-1.410996329835531582e-01
-1.314932728974438914e-01
6.964523289095500558e-02
1.273539989960733032e-01
-1.066264215683347255e-01
9.732799410342378443e-02
5.989835988952201679e-02
-1.475558581205059505e-02
3.415534184855536365e-02
-7.149465703370945502e-03
3.850410644039244101e-02
-4.649281552079748830e-02
4.774506231176973287e-02
8.396316112175200574e-02
-8.569279938832653765e-02
-1.021332947641086231e-01
1.339425517231767129e-02
6.112781412273086273e-02
5.646710318163985498e-01
2.100323213846332863e-03
-7.190133701518188619e-03
-2.057676762009245930e-02
-1.823112193763626876e-01
4.894374898641196819e-02
-2.921938896372438532e-01
1.664290921576449256e-01
-1.031132724171636150e-01
-2.518758564881170559e-01
-1.383046979690367995e-02
-1.475558581205059505e-02
2.100323213846332863e-03
5.621001014067576566e-03
-3.242504538697895647e-04
1.341527608697263673e-04
4.080990503945714637e-03
7.507347926452442692e-03
-4.705213027850023693e-04
3.977653247155410118e-03
7.335005128929957333e-03
-1.456508201479115097e-03
3.150513827372898677e-03
3.415534184855536365e-02
-7.190133701518188619e-03
-3.999261062031227317e-04
-3.388548357752192014e-02
5.880115549575612444e-03
-1.002764416253849053e-03
2.026954963145411164e-03
-3.174715574730711202e-04
-1.606789441447177601e-03
-1.032088874637724241e-03
1.620355264307000520e-03
-2.830685098025716119e-04
-7.149465703370945502e-03
-2.057676762009245930e-02
6.910269669561323186e-05
5.777399408105852834e-03
1.243029454037764513e-02
3.078275258773148417e-03
1.259836300119917749e-02
3.016818368661382775e-03
-2.538759712620906536e-03
-1.162327838276023748e-02
6.069144167545741445e-03
-1.315534081777873787e-01
3.850410644039244101e-02
-1.823112193763626876e-01
4.080990503945714637e-03
-1.002764416253849053e-03
3.078275258773148417e-03
1.191618491624023279e-01
-3.877196934109768817e-02
1.599747009870709780e-01
8.876253710276895206e-03
8.887309534346764890e-04
1.898164903369268033e-02
3.492537252718237034e-02
-4.649281552079748830e-02
4.894374898641196819e-02
7.507347926452442692e-03
2.026954963145411164e-03
1.259836300119917749e-02
-3.861204301043105053e-02
4.313935335357662465e-02
-4.995203116445275787e-02
-4.055863356136836864e-03
6.898632548750276367e-04
-1.061653947615997726e-02
-1.410996329835531582e-01
4.774506231176973287e-02
-2.921938896372438532e-01
-4.705213027850023693e-04
-3.174715574730711202e-04
3.016818368661382775e-03
1.601903840795837197e-01
-4.960479725414389252e-02
3.180557911577706620e-01
-1.856493542528275462e-02
2.619206374448466382e-03
-2.983637914940169208e-02
-1.314932728974438914e-01
8.396316112175200574e-02
1.664290921576449256e-01
3.977653247155410118e-03
-1.606789441447177601e-03
-2.538759712620906536e-03
8.876253710276895206e-03
-4.055863356136836864e-03
-1.856493542528275462e-02
1.192652968218649578e-01
-7.803256880931382089e-02
-1.443857004947129985e-01
6.964523289095500558e-02
-8.569279938832653765e-02
-1.031132724171636150e-01
7.335005128929957333e-03
-1.032088874637724241e-03
-1.162327838276023748e-02
8.887309534346764890e-04
6.898632548750276367e-04
2.619206374448466382e-03
-7.886635361531380006e-02
8.608633891698486140e-02
1.117197088295199398e-01
1.273539989960733032e-01
-1.021332947641086231e-01
-2.518758564881170559e-01
-1.456508201479115097e-03
1.620355264307000520e-03
6.069144167545741445e-03
1.898164903369268033e-02
-1.061653947615997726e-02
-2.983637914940169208e-02
-1.448501752881710958e-01
1.112902453480873882e-01
2.757160889156086148e-01
