4.608330179015384664e-01
-2.412884657856199058e-06
-1.608589771880312445e-06
-4.608330179015383554e-01
2.412884657821134435e-06
1.608589771880312868e-06
-2.412884657856199058e-06
1.263358168079875554e-11
8.422425951115641851e-12
2.412884657789291502e-06
-1.263366147807865048e-11
-8.422429420562593805e-12
-1.608589771880312445e-06
8.422425951115641851e-12
5.614914783125257713e-12
1.608589771879084882e-06
-8.422419012221737944e-12
-5.614902640060925876e-12
-4.608330179015383554e-01
2.412884657789291502e-06
1.608589771879084882e-06
4.608330179015384664e-01
-2.412884657824356125e-06
-1.608589771879084459e-06
2.412884657821134435e-06
-1.263366147807865048e-11
-8.422419012221737944e-12
-2.412884657824356125e-06
1.263363025305608289e-11
8.422432890009545758e-12
1.608589771880312868e-06
-8.422429420562593805e-12
-5.614902640060925876e-12
-1.608589771879084459e-06
8.422432890009545758e-12
5.614970294276488971e-12
2.125738629865372292e-02
-1.113677905555256991e-07
-7.413388157552280844e-08
-2.125738629865371598e-02
1.113677905578014914e-07
7.413388157552295403e-08
-1.113677905555256991e-07
5.835470995307900921e-13
3.884670363163422735e-13
1.113677905413746770e-07
-5.835609773185979066e-13
-3.884566279754864127e-13
-7.413388157552280844e-08
3.884670363163422735e-13
2.585900243934347031e-13
7.413388157616812843e-08
-3.884705057632942271e-13
-2.585657382647710278e-13
-2.125738629865371598e-02
1.113677905413746770e-07
7.413388157616812843e-08
2.125738629865372292e-02
-1.113677905390988848e-07
-7.413388157616820784e-08
1.113677905578014914e-07
-5.835609773185979066e-13
-3.884705057632942271e-13
-1.113677905390988848e-07
5.835470995307900921e-13
3.884600974224383663e-13
7.413388157552295403e-08
-3.884566279754864127e-13
-2.585657382647710278e-13
-7.413388157616820784e-08
3.884600974224383663e-13
2.585657382647710278e-13
-2.463451012647117585e-04
1.290186026214683754e-09
8.598687869531981243e-10
2.463451012647126259e-04
-1.290186023685496313e-09
-8.598687869367471563e-10
1.290186026214683754e-09
-6.720318745934150684e-15
-4.472117121068208689e-15
-1.290186033144498524e-09
6.709910405078289841e-15
4.461708780212347847e-15
8.598687869531981243e-10
-4.472117121068208689e-15
-2.999336889963899466e-15
-8.598687863437446839e-10
4.475586568020162304e-15
2.964642420444363324e-15
2.463451012647126259e-04
-1.290186033144498524e-09
-8.598687863437446839e-10
-2.463451012647117585e-04
1.290186035673818314e-09
8.598687863604603497e-10
-1.290186023685496313e-09
6.709910405078289841e-15
4.475586568020162304e-15
1.290186035673818314e-09
-6.696032617270475384e-15
-4.463443503688324654e-15
-8.598687869367471563e-10
4.461708780212347847e-15
2.964642420444363324e-15
8.598687863604603497e-10
-4.463443503688324654e-15
-2.959438250016432903e-15
-1.607230870102754894e-02
8.414713051407635345e-08
5.611083657375350904e-08
1.607230870102749343e-02
-8.414713051344555213e-08
-5.611083657375349581e-08
8.414713051407635345e-08
-4.405469045121179761e-13
-2.937598081453884902e-13
-8.414713051843126747e-08
4.405711906407816514e-13
2.937632775923404438e-13
5.611083657375350904e-08
-2.937598081453884902e-13
-1.959005874185848484e-13
-5.611083657268935773e-08
2.937493998045326293e-13
1.958624235021133586e-13
1.607230870102749343e-02
-8.414713051843126747e-08
-5.611083657268935773e-08
-1.607230870102754894e-02
8.414713051906212172e-08
5.611083657268933126e-08
-8.414713051344555213e-08
4.405711906407816514e-13
2.937493998045326293e-13
8.414713051906212172e-08
-4.405434350651660225e-13
-2.937546039749605598e-13
-5.611083657375349581e-08
2.937632775923404438e-13
1.958624235021133586e-13
5.611083657268933126e-08
-2.937546039749605598e-13
-1.958953832481569179e-13
1.553861830899899266e+00
-8.134776989437762600e-06
-5.423251435234850404e-06
-1.553861830899900154e+00
8.134776988936332648e-06
5.423251435234850404e-06
-8.134776989437762600e-06
4.258699209253036244e-11
2.839180735132729172e-11
8.134776988433354319e-06
-4.258718312895315439e-11
-2.839180713448685722e-11
-5.423251435234850404e-06
2.839180735132729172e-11
1.892810409277745354e-11
5.423251435234680998e-06
-2.839180561660381574e-11
-1.892810452645832253e-11
-1.553861830899900154e+00
8.134776988433354319e-06
5.423251435234680998e-06
1.553861830899899266e+00
-8.134776988934784271e-06
-5.423251435234680998e-06
8.134776988936332648e-06
-4.258718312895315439e-11
-2.839180561660381574e-11
-8.134776988934784271e-06
4.258718529735749936e-11
2.839180518292294675e-11
5.423251435234850404e-06
-2.839180713448685722e-11
-1.892810452645832253e-11
-5.423251435234680998e-06
2.839180518292294675e-11
1.892810496013919153e-11
8.970797995323902263e-03
-4.691508401827478269e-08
-3.127672264644195987e-08
-8.970797995323905732e-03
4.691508400885811889e-08
3.127672264644354806e-08
-4.691508401827478269e-08
2.454065528806163854e-13
1.636598842558179001e-13
4.691508406465168944e-08
-2.454475424989999155e-13
-1.636772314905776682e-13
-3.127672264644195987e-08
1.636598842558179001e-13
1.091626788962685168e-13
3.127672264642766619e-08
-1.636260571480363524e-13
-1.090794121694216301e-13
-8.970797995323905732e-03
4.691508406465168944e-08
3.127672264642766619e-08
8.970797995323902263e-03
-4.691508407406806207e-08
-3.127672264642628976e-08
4.691508400885811889e-08
-2.454475424989999155e-13
-1.636260571480363524e-13
-4.691508407406806207e-08
2.455162741404719184e-13
1.636442717445341088e-13
3.127672264644354806e-08
-1.636772314905776682e-13
-1.090794121694216301e-13
-3.127672264642628976e-08
1.636442717445341088e-13
1.090516565938060012e-13
-1.318587211772533629e-01
8.169726600999815491e-07
5.446739290623510792e-07
1.318587614272470898e-01
-8.169726601331659707e-07
-5.446739290623509733e-07
8.169726600999815491e-07
-5.061776086809590581e-12
-3.374718638456782613e-12
-8.169729095261235635e-07
5.061799502128803241e-12
3.374705297957306941e-12
5.446739290623510792e-07
-3.374718638456782613e-12
-2.249927674720009215e-12
-5.446740953201657465e-07
3.374715706298162801e-12
2.249887776089121153e-12
1.318587614272470898e-01
-8.169729095261235635e-07
-5.446740953201657465e-07
-1.318588016772533622e-01
8.169729094929390361e-07
5.446740953201658524e-07
-8.169726601331659707e-07
5.061799502128803241e-12
3.374715706298162801e-12
8.169729094929390361e-07
-5.061803842385206209e-12
-3.374704760668974798e-12
-5.446739290623509733e-07
3.374705297957306941e-12
2.249887776089121153e-12
5.446740953201658524e-07
-3.374704760668974798e-12
-2.249938083060865076e-12
-1.038419544020263291e-01
7.601564718306278336e-07
5.067443590947329389e-07
1.038419544020263569e-01
-7.601564717968284662e-07
-5.067443590947329389e-07
7.601564718306278336e-07
-5.564586118278480598e-12
-3.709526392655283798e-12
-7.601564717799403233e-07
5.564582648831528644e-12
3.709528777901903420e-12
5.067443590947329389e-07
-3.709526392655283798e-12
-2.472875176007882723e-12
-5.067443590949251095e-07
3.709526392657123952e-12
2.472880434600177515e-12
1.038419544020263569e-01
-7.601564717799403233e-07
-5.067443590949251095e-07
-1.038419544020263291e-01
7.601564718137396907e-07
5.067443590949251095e-07
-7.601564717968284662e-07
5.564582648831528644e-12
3.709526392657123952e-12
7.601564718137396907e-07
-5.564596526619336458e-12
-3.709528561059628769e-12
-5.067443590947329389e-07
3.709528777901903420e-12
2.472880434600177515e-12
5.067443590949251095e-07
-3.709528561059628769e-12
-2.472882114901786630e-12
-7.764375176569524029e-02
4.073314852663463664e-06
2.715749377095207740e-06
7.764374156566315743e-02
-4.073314852651261308e-06
-2.715749377095207740e-06
4.073314852663463664e-06
-2.136926175359941598e-10
-1.424725511178803776e-10
-4.073314317531073333e-06
2.136925652636170991e-10
1.424725476484290829e-10
2.715749377095207740e-06
-1.424725511178803776e-10
-9.498891950817851529e-11
-2.715749020328009744e-06
1.424725459137055035e-10
9.498890996659596916e-11
7.764374156566315743e-02
-4.073314317531073333e-06
-2.715749020328009744e-06
-7.764373136563236522e-02
4.073314317543275689e-06
2.715749020328010168e-06
-4.073314852651261308e-06
2.136925652636170991e-10
1.424725459137055035e-10
4.073314317543275689e-06
-2.136925932498652118e-10
-1.424725441789863703e-10
-2.715749377095207740e-06
1.424725476484290829e-10
9.498890996659596916e-11
2.715749020328010168e-06
-1.424725441789863703e-10
-9.498890129358201753e-11
1.621923831104600255e+00
-8.489111844252824026e-06
-5.659345754415440782e-06
-1.621923831104600255e+00
8.489111844370238039e-06
5.659345754415440782e-06
-8.489111844252824026e-06
4.443159729028423044e-11
2.962090989155896636e-11
8.489111844448868108e-06
-4.443165280143546170e-11
-2.962090295266506246e-11
-5.659345754415440782e-06
2.962090989155896636e-11
1.974692284689716359e-11
5.659345754405763431e-06
-2.962090295266506246e-11
-1.974695060247277922e-11
-1.621923831104600255e+00
8.489111844448868108e-06
5.659345754405763431e-06
1.621923831104600255e+00
-8.489111844331452401e-06
-5.659345754405763431e-06
8.489111844370238039e-06
-4.443165280143546170e-11
-2.962090295266506246e-11
-8.489111844331452401e-06
4.443181933488915547e-11
2.962088907487725464e-11
5.659345754415440782e-06
-2.962090295266506246e-11
-1.974695060247277922e-11
-5.659345754405763431e-06
2.962088907487725464e-11
1.974696448026058704e-11
2.112041717975509658e-01
-1.106234033386863232e-06
-7.377250895943438569e-07
-2.112041717975510768e-01
1.106234033344671039e-06
7.377250895943437511e-07
-1.106234033386863232e-06
5.794191515473556819e-12
3.864155523336521014e-12
1.106234033285430825e-06
-5.794184576579652912e-12
-3.864134706654809293e-12
-7.377250895943438569e-07
3.864155523336521014e-12
2.576822435984560400e-12
7.377250895969267780e-07
-3.864110420526145617e-12
-2.576803354026324655e-12
-2.112041717975510768e-01
1.106234033285430825e-06
7.377250895969267780e-07
2.112041717975509658e-01
-1.106234033327623442e-06
-7.377250895969270957e-07
1.106234033344671039e-06
-5.794184576579652912e-12
-3.864110420526145617e-12
-1.106234033327623442e-06
5.794212332155268541e-12
3.864089603844433896e-12
7.377250895943437511e-07
-3.864134706654809293e-12
-2.576803354026324655e-12
-7.377250895969270957e-07
3.864089603844433896e-12
2.576812895005442527e-12
-9.899606390122603350e-02
5.184303582418664389e-07
3.456456200633887378e-07
9.899606390122597799e-02
-5.184303582382968303e-07
-3.456456200633888967e-07
5.184303582418664389e-07
-2.714974078887898747e-12
-1.810107835805723688e-12
-5.184303582340048085e-07
2.714967139993952026e-12
1.810091465120051223e-12
3.456456200633887378e-07
-1.810107835805723688e-12
-1.206921476287935071e-12
-3.456456200632532126e-07
1.810116076509366643e-12
1.206872728238365694e-12
9.899606390122597799e-02
-5.184303582340048085e-07
-3.456456200632532126e-07
-9.899606390122603350e-02
5.184303582375743112e-07
3.456456200632534773e-07
-5.184303582382968303e-07
2.714967139993952026e-12
1.810116076509366643e-12
5.184303582375743112e-07
-2.714984487228754607e-12
-1.810099595869212798e-12
-3.456456200633888967e-07
1.810091465120051223e-12
1.206872728238365694e-12
3.456456200632534773e-07
-1.810099595869212798e-12
-1.206851436827592508e-12
6.924513134025324090e-01
-3.623917120901961759e-06
-2.415975260124800005e-06
-6.924513134025321870e-01
3.623917120947392795e-06
2.415975260124800428e-06
-3.623917120901961759e-06
1.896544032931046786e-11
1.264384083543568238e-11
3.623917120974053157e-06
-1.896564155723368117e-11
-1.264386512156434605e-11
-2.415975260124800005e-06
1.264384083543568238e-11
8.429430764511636198e-12
2.415975260126091306e-06
-1.264382695764787456e-11
-8.429368314466501033e-12
-6.924513134025321870e-01
3.623917120974053157e-06
2.415975260126091306e-06
6.924513134025324090e-01
-3.623917120928621274e-06
-2.415975260126090036e-06
3.623917120947392795e-06
-1.896564155723368117e-11
-1.264382695764787456e-11
-3.623917120928621274e-06
1.896555829050683428e-11
1.264386859101129801e-11
2.415975260124800428e-06
-1.264386512156434605e-11
-8.429368314466501033e-12
-2.415975260126090036e-06
1.264386859101129801e-11
8.429475867322011595e-12
1.816184210000159893e-01
-9.501808104870851076e-07
-6.333873553345589789e-07
-1.816184210000160448e-01
9.501808104680296191e-07
6.333873553345589789e-07
-9.501808104870851076e-07
4.971107672637614661e-12
3.313719443157406297e-12
9.501808104490369170e-07
-4.971101167424579748e-12
-3.313719632892786482e-12
-6.333873553345589789e-07
3.313719443157406297e-12
2.208914149683105510e-12
6.333873553345594024e-07
-3.313719497367514921e-12
-2.208913797317399452e-12
-1.816184210000160448e-01
9.501808104490369170e-07
6.333873553345594024e-07
1.816184210000159893e-01
-9.501808104680924055e-07
-6.333873553345594024e-07
9.501808104680296191e-07
-4.971101167424579748e-12
-3.313719497367514921e-12
-9.501808104680924055e-07
4.971100950584145250e-12
3.313719551577623545e-12
6.333873553345589789e-07
-3.313719632892786482e-12
-2.208913797317399452e-12
-6.333873553345594024e-07
3.313719551577623545e-12
2.208914285208377071e-12
9.365448659966550682e-02
-4.900554263642947490e-07
-3.267036175746254296e-07
-9.365448659966550682e-02
4.900554263617390388e-07
3.267036175746253767e-07
-4.900554263642947490e-07
2.564282119976724061e-12
1.709513607062174145e-12
4.900554263601965918e-07
-2.564282987338462050e-12
-1.709515341785650122e-12
-3.267036175746254296e-07
1.709513607062174145e-12
1.139674292438552783e-12
3.267036175760884144e-07
-1.709507101849139232e-12
-1.139678629247242725e-12
-9.365448659966550682e-02
4.900554263601965918e-07
3.267036175760884144e-07
9.365448659966550682e-02
-4.900554263627523020e-07
-3.267036175760883614e-07
4.900554263617390388e-07
-2.564282987338462050e-12
-1.709507101849139232e-12
-4.900554263627523020e-07
2.564282987338462050e-12
1.709513607062174145e-12
3.267036175746253767e-07
-1.709515341785650122e-12
-1.139678629247242725e-12
-3.267036175760883614e-07
1.709513607062174145e-12
1.139683833417670655e-12
-3.221050270025299644e-02
1.686421071670431293e-07
1.124002564847963853e-07
3.221050270025298257e-02
-1.686421071683364162e-07
-1.124002564847963985e-07
1.686421071670431293e-07
-8.829517089771960664e-13
-5.884916165860087555e-13
-1.686421071711518743e-07
8.829482173098662051e-13
5.884905062886392291e-13
1.124002564847963853e-07
-5.884916165860087555e-13
-3.922326894344103525e-13
-1.124002564853981360e-07
5.884883378842942581e-13
3.922253125944546010e-13
3.221050270025298257e-02
-1.686421071711518743e-07
-1.124002564853981360e-07
-3.221050270025299644e-02
1.686421071698586403e-07
1.124002564853981360e-07
-1.686421071683364162e-07
8.829482173098662051e-13
5.884883378842942581e-13
1.686421071698586403e-07
-8.829482395302441128e-13
-5.884877134581878077e-13
-1.124002564847963985e-07
5.884905062886392291e-13
3.922253125944546010e-13
1.124002564853981360e-07
-5.884877134581878077e-13
-3.922318220726723641e-13
-2.991717197519107307e-02
1.566401523426774232e-07
1.044554726727130336e-07
2.991717192519106547e-02
-1.566401523423836615e-07
-1.044554726727130468e-07
1.566401523426774232e-07
-8.201347321360532791e-13
-5.469119074201819071e-13
-1.566401520806535778e-07
8.201369537016376168e-13
5.469101741013519106e-13
1.044554726727130336e-07
-5.469119074201819071e-13
-3.647097814723756663e-13
-1.044554724980992958e-07
5.469119088248278874e-13
3.647032762594002271e-13
2.991717192519106547e-02
-1.566401520806535778e-07
-1.044554724980992958e-07
-2.991717187519107521e-02
1.566401520809473394e-07
1.044554724980993091e-07
-1.566401523423836615e-07
8.201369537016376168e-13
5.469119088248278874e-13
1.566401520809473394e-07
-8.201369005403982502e-13
-5.469097390158369361e-13
-1.044554726727130468e-07
5.469101741013519106e-13
3.647032762594002271e-13
1.044554724980993091e-07
-5.469097390158369361e-13
-3.647073962275961982e-13
-2.104789160385906605e-02
1.101872705338122395e-07
7.346409963428502231e-08
2.104789160385905911e-02
-1.101872705491145250e-07
-7.346409963428486349e-08
1.101872705338122395e-07
-5.767192279293453794e-13
-3.845188056850190605e-13
-1.101872705428262583e-07
5.766775945659219360e-13
3.845188056850190605e-13
7.346409963428502231e-08
-3.845188056850190605e-13
-2.564476409006033464e-13
-7.346409963121569254e-08
3.845118667911151533e-13
2.564233547719396711e-13
2.104789160385905911e-02
-1.101872705428262583e-07
-7.346409963121569254e-08
-2.104789160385906605e-02
1.101872705275239728e-07
7.346409963121616900e-08
-1.101872705491145250e-07
5.766775945659219360e-13
3.845118667911151533e-13
1.101872705275239728e-07
-5.767331057171531938e-13
-3.845049278972112461e-13
-7.346409963428486349e-08
3.845188056850190605e-13
2.564233547719396711e-13
7.346409963121616900e-08
-3.845049278972112461e-13
-2.563817214085162277e-13
-1.207516275018819946e-01
6.319609899886670104e-07
4.213312398882975563e-07
1.207516275018818835e-01
-6.319609902393004596e-07
-4.213312398882973445e-07
6.319609899886670104e-07
-3.307459859512801650e-12
-2.205031730123652167e-12
-6.319609899859344821e-07
3.307442034551459631e-12
2.205014599729326896e-12
4.213312398882975563e-07
-2.205031730123652167e-12
-1.470171206996440307e-12
-4.213312398880564695e-07
2.204998770377608608e-12
1.470108756951304738e-12
1.207516275018818835e-01
-6.319609899859344821e-07
-4.213312398880564695e-07
-1.207516275018819946e-01
6.319609902586574918e-07
4.213312398880566813e-07
-6.319609902393004596e-07
3.307442034551459631e-12
2.204998770377608608e-12
6.319609902586574918e-07
-3.307417267308081915e-12
-2.205000721941519082e-12
-4.213312398882973445e-07
2.205014599729326896e-12
1.470108756951304738e-12
4.213312398880566813e-07
-2.205000721941519082e-12
-1.470157329208632493e-12
-3.449288790097800733e-02
1.819825797084035685e-07
1.213412689059443473e-07
3.449288790097795182e-02
-1.819825797059235354e-07
-1.213412689059443473e-07
1.819825797084035685e-07
-9.601209032280253541e-13
-6.401771477169301894e-13
-1.819825797088164441e-07
9.601381873984051663e-13
6.401858207085556141e-13
1.213412689059443473e-07
-6.401771477169301894e-13
-4.268547321193375398e-13
-1.213412689061407001e-07
6.401754123676997532e-13
4.268321807079408371e-13
3.449288790097795182e-02
-1.819825797088164441e-07
-1.213412689061407001e-07
-3.449288790097800733e-02
1.819825797112965301e-07
1.213412689061405943e-07
-1.819825797059235354e-07
9.601381873984051663e-13
6.401754123676997532e-13
1.819825797112965301e-07
-9.601104948871694932e-13
-6.401840866108340966e-13
-1.213412689059443473e-07
6.401858207085556141e-13
4.268321807079408371e-13
1.213412689061405943e-07
-6.401840866108340966e-13
-4.268651404601934007e-13
-3.655160660028364955e-02
1.340747959850558397e-07
8.940701996125744843e-08
3.655160660028363567e-02
-1.340747959836308656e-07
-8.940701996125744843e-08
1.340747959850558397e-07
-4.918184784419051393e-13
-3.279592716105492189e-13
-1.340747959813109482e-07
4.917976694893690613e-13
3.279581196457409531e-13
8.940701996125744843e-08
-3.279592716105492189e-13
-2.187000580633480240e-13
-8.940701996125983071e-08
3.279609385713894154e-13
2.187035275102999776e-13
3.655160660028363567e-02
-1.340747959813109482e-07
-8.940701996125983071e-08
-3.655160660028364955e-02
1.340747959827359224e-07
8.940701996125983071e-08
-1.340747959836308656e-07
4.917976694893690613e-13
3.279609385713894154e-13
1.340747959827359224e-07
-4.918184937943773083e-13
-3.279597866065811496e-13
-8.940701996125744843e-08
3.279581196457409531e-13
2.187035275102999776e-13
8.940701996125983071e-08
-3.279597866065811496e-13
-2.187000580633480240e-13
-3.414260790010121421e-02
8.219664619471608389e-08
5.479776412775260238e-08
3.414260790010118646e-02
-8.219664619055659625e-08
-5.479776412775258914e-08
8.219664619471608389e-08
-1.978783207936182393e-13
-1.319161816707755030e-13
-8.219664618985793965e-08
1.978936360800623688e-13
1.319179117905370880e-13
5.479776412775260238e-08
-1.319161816707755030e-13
-8.795655179984349696e-14
-5.479776412748063201e-08
1.319144423435851344e-13
8.794787811115669603e-14
3.414260790010118646e-02
-8.219664618985793965e-08
-5.479776412748063201e-08
-3.414260790010121421e-02
8.219664619401742729e-08
5.479776412748061877e-08
-8.219664619055659625e-08
1.978936360800623688e-13
1.319144423435851344e-13
8.219664619401742729e-08
-1.978817902405701930e-13
-1.319153143090375146e-13
-5.479776412775258914e-08
1.319179117905370880e-13
8.794787811115669603e-14
5.479776412748061877e-08
-1.319153143090375146e-13
-8.796218965114042158e-14
-3.115686600000567089e-02
1.955219919177063746e-08
1.303479942859830342e-08
3.115686600000565007e-02
-1.955219919074071488e-08
-1.303479942859829846e-08
1.955219919177063746e-08
-1.226971122784927262e-14
-8.178102682223796147e-15
-1.955219918757267930e-08
1.226450685246149605e-14
8.178102470465559333e-15
1.303479942859830342e-08
-8.178102682223796147e-15
-5.453970608471081505e-15
-1.303479942859834643e-08
8.176203634356052005e-15
5.450501161519127891e-15
3.115686600000565007e-02
-1.955219918757267930e-08
-1.303479942859834643e-08
-3.115686600000567089e-02
1.955219918860260850e-08
1.303479942859835305e-08
-1.955219919074071488e-08
1.226450685246149605e-14
8.176203634356052005e-15
1.955219918860260850e-08
-1.227318026488153393e-14
-8.176203422597815192e-15
-1.303479942859829846e-08
8.178102470465559333e-15
5.450501161519127891e-15
1.303479942859835305e-08
-8.176203422597815192e-15
-5.450501161519127891e-15
-2.148838810021524645e-02
1.125499438717828169e-07
7.503329591182223833e-08
2.148838810021523257e-02
-1.125499438677343832e-07
-7.503329591182221186e-08
1.125499438717828169e-07
-5.894948275838967586e-13
-3.930042037356752703e-13
-1.125499438638854258e-07
5.895052123741812469e-13
3.930033400381059662e-13
7.503329591182223833e-08
-3.930042037356752703e-13
-2.620065622940530262e-13
-7.503329591260563793e-08
3.930037737189749604e-13
2.619981054877436363e-13
2.148838810021523257e-02
-1.125499438638854258e-07
-7.503329591260563793e-08
-2.148838810021524645e-02
1.125499438679338330e-07
7.503329591260566440e-08
-1.125499438677343832e-07
5.895052123741812469e-13
3.930037737189749604e-13
1.125499438679338330e-07
-5.894987307117177064e-13
-3.930029026930682877e-13
-7.503329591182221186e-08
3.930033400381059662e-13
2.619981054877436363e-13
7.503329591260566440e-08
-3.930029026930682877e-13
-2.620037433684045639e-13
-2.012797774986303967e+00
-6.412519622495590710e+00
7.253666083068277537e-01
-6.488794218630403177e-02
1.621834142718880933e+00
-1.834554077372525793e-01
2.077685717108762820e+00
4.790685479765198096e+00
-5.419112005608779370e-01
-6.412519622495590710e+00
1.620729290911719289e+01
-1.833284064334482544e+00
1.992242985568783709e-01
7.644113653776257733e-01
-8.646797123302440990e-02
6.213295323933676784e+00
-1.697170427451085217e+01
1.919752035522747979e+00
7.253666083068277537e-01
-1.833284064334482544e+00
2.073714887784981198e-01
-2.253525789311042540e-02
-8.647296875213787704e-02
9.781568548763162549e-03
-7.028313504131483702e-01
1.919757033088436149e+00
-2.171530573221906180e-01
-6.488794218630403177e-02
1.992242985568783709e-01
-2.253525789311042540e-02
4.783375902136961511e-01
-1.983977445166150710e-01
2.244030887524225276e-02
-4.134496479912365130e-01
-8.265540517730657214e-04
9.494902656530384579e-05
1.621834142718880933e+00
7.644113653776257733e-01
-8.647296875213787704e-02
-1.983977445166150710e-01
-6.921177028370281148e-01
7.829038748528398262e-02
-1.423436398189929619e+00
-7.229366252897888312e-02
8.182581264643952121e-03
-1.834554077372525793e-01
-8.646797123302440990e-02
9.781568548763162549e-03
2.244030887524225276e-02
7.829038748528398262e-02
-8.855986117529371371e-03
1.610150988606152966e-01
8.177583746422169286e-03
-9.255824309750879629e-04
2.077685717108762820e+00
6.213295323933676784e+00
-7.028313504131483702e-01
-4.134496479912365130e-01
-1.423436398189929619e+00
1.610150988606152966e-01
-1.664236069089810366e+00
-4.789858925720730021e+00
5.418162515351381270e-01
4.790685479765198096e+00
-1.697170427451085217e+01
1.919757033088436149e+00
-8.265540517730657214e-04
-7.229366252897888312e-02
8.177583746422169286e-03
-4.789858925720730021e+00
1.704399793704423871e+01
-1.927934616787892130e+00
-5.419112005608779370e-01
1.919752035522747979e+00
-2.171530573221906180e-01
9.494902656530384579e-05
8.182581264643952121e-03
-9.255824309750879629e-04
5.418162515351381270e-01
-1.927934616787892130e+00
2.180786397478596539e-01
4.686761203978744295e-01
-5.456453622018289096e-01
2.054380877190110366e-01
-4.164453877021255246e-01
6.304847340489924679e-02
-2.373670041189043442e-02
-5.223073269574841915e-02
4.825968887870324964e-01
-1.817013873334075713e-01
-5.456453622018289096e-01
1.683497193161238803e+00
-6.338481006528010608e-01
3.335818209357677838e-02
1.540362184614288768e-02
-5.799711072421104632e-03
5.122871801082525822e-01
-1.698900815031137101e+00
6.396478116621270305e-01
2.054380877190110366e-01
-6.338481006528010608e-01
2.386481048736263377e-01
-1.255806867171404065e-02
-5.799821767304069384e-03
2.183726057376756974e-03
-1.928800190472963749e-01
6.396479224290495535e-01
-2.408318309072468577e-01
-4.164453877021255246e-01
3.335818209357677838e-02
-1.255806867171404065e-02
4.766027432978744982e-01
-4.172872876143321474e-02
1.570942190901894811e-02
-6.015735559574844626e-02
8.370546657959151982e-03
-3.151353263591951184e-03
6.304847340489924679e-02
1.540362184614288768e-02
-5.799821767304069384e-03
-4.172872876143321474e-02
-1.540751643897835498e-02
5.801208632160569090e-03
-2.131974464346592449e-02
3.894608774280801386e-06
-1.386822523168222510e-06
-2.373670041189043442e-02
-5.799711072421104632e-03
2.183726057376756974e-03
1.570942190901894811e-02
5.801208632160569090e-03
-2.184259974717464754e-03
8.027278502871441207e-03
-1.497565740465579376e-06
5.339014020472515079e-07
-5.223073269574841915e-02
5.122871801082525822e-01
-1.928800190472963749e-01
-6.015735559574844626e-02
-2.131974464346592449e-02
8.027278502871441207e-03
1.123880882914971430e-01
-4.909674354449920508e-01
1.848527405969996040e-01
4.825968887870324964e-01
-1.698900815031137101e+00
6.396479224290496646e-01
8.370546657959151982e-03
3.894608774280802233e-06
-1.497565740465579588e-06
-4.909674354449920508e-01
1.698896920430180257e+00
-6.396464248425471899e-01
-1.817013873334075713e-01
6.396478116621270305e-01
-2.408318309072468577e-01
-3.151353263591951184e-03
-1.386822523168222510e-06
5.339014020472515079e-07
1.848527405969996040e-01
-6.396464248425473009e-01
2.408312969980276053e-01
5.204786364838287493e-01
-6.851147808412727525e-02
5.244176481009396595e-02
-4.563972718161712905e-01
-2.476644490076212318e-02
1.896018355737119285e-02
-6.408136460785968103e-02
9.327792293217972153e-02
-7.140194840242362895e-02
-6.851147808412727525e-02
2.987123717204678841e-01
-2.286575508330081774e-01
8.985469330242391861e-03
-2.566040554351040753e-02
1.964244527342008315e-02
5.952600875805964115e-02
-2.730519661695494094e-01
2.090151055486599574e-01
5.244176481009396595e-02
-2.286575508330081774e-01
1.750321731059424901e-01
-6.876175874712782236e-03
1.964259367327058151e-02
-1.503594987349841233e-02
-4.556558893857728942e-02
2.090149571540672324e-01
-1.599962232240786653e-01
-4.563972718161712905e-01
8.985469330242391861e-03
-6.876175874712782236e-03
4.733880666838288787e-01
-1.218803967681621366e-02
9.327599471427812372e-03
-1.699079490785964860e-02
3.202570434053912240e-03
-2.451423613050406763e-03
-2.476644490076212318e-02
-2.566040554351040753e-02
1.964259367327058151e-02
-1.218803967681621366e-02
2.777448983705164964e-02
-2.126071695185596105e-02
3.695448456480306121e-02
-2.114084316209486562e-03
1.618123312025726828e-03
1.896018355737119285e-02
1.964244527342008315e-02
-1.503594987349841233e-02
9.327599471427812372e-03
-2.126071695185596105e-02
1.627457743454717443e-02
-2.828778301901964040e-02
1.618271695787533177e-03
-1.238627586646570472e-03
-6.408136460785968103e-02
5.952600875805964115e-02
-4.556558893857728942e-02
-1.699079490785964860e-02
3.695448456480306121e-02
-2.828778301901964040e-02
8.107215949612342487e-02
-9.648049335763318746e-02
7.385337200889074971e-02
9.327792293217972153e-02
-2.730519661695494094e-01
2.090149571540671214e-01
3.202570434053912240e-03
-2.114084316209486562e-03
1.618271695787533177e-03
-9.648049335763318746e-02
2.751660505010191660e-01
-2.106332288723667956e-01
-7.140194840242362895e-02
2.090151055486599574e-01
-1.599962232240786653e-01
-2.451423613050406763e-03
1.618123312025726828e-03
-1.238627586646570472e-03
7.385337200889074971e-02
-2.106332288723667956e-01
1.612348508279575765e-01
4.833412199192677616e-01
-1.375335990409604255e-02
3.029456065433144482e-02
-4.719846263807323528e-01
9.563409573464673463e-03
-2.106649388564614533e-02
-1.135659359133550129e-02
4.189950307558966587e-03
-9.228066793021672681e-03
-1.375335990409604255e-02
8.381380152077843497e-04
-1.846036144686463666e-03
9.533261192866501104e-04
-6.272332469097666348e-03
1.381422948677252759e-02
1.280003375919007251e-02
5.434194448726186247e-03
-1.196819334124337234e-02
3.029456065433144482e-02
-1.846036144686463666e-03
4.065976487227339863e-03
-2.103596005268017471e-03
1.381430220828780593e-02
-3.042471712963341207e-02
-2.819096459264008869e-02
-1.196826605222871265e-02
2.635874064054991722e-02
-4.719846263807323528e-01
9.533261192866501104e-04
-2.103596005268017471e-03
4.693831710192675755e-01
-1.514668773456834001e-03
3.339878501538941138e-03
2.601455408664585158e-03
5.613427221514003581e-04
-1.236282479264015632e-03
9.563409573464673463e-03
-6.272332469097666348e-03
1.381430220828780593e-02
-1.514668773456834001e-03
5.710190212584083554e-03
-1.257616884007894779e-02
-8.048740794764003281e-03
5.621422792036667639e-04
-1.238133371911844189e-03
-2.106649388564614533e-02
1.381422948677252759e-02
-3.042471712963341207e-02
3.339878501538941138e-03
-1.257616884007904841e-02
2.769785541233663745e-02
1.772661537255855110e-02
-1.238060696665577469e-03
2.726861725452640363e-03
-1.135659359133550129e-02
1.280003375919007251e-02
-2.819096459264008869e-02
2.601455408664585158e-03
-8.048740794764003281e-03
1.772661537255855110e-02
8.755138188271333402e-03
-4.751293009335049410e-03
1.046434922741102357e-02
4.189950307558966587e-03
5.434194448726186247e-03
-1.196826605222871265e-02
5.613427221514003581e-04
5.621422792036667639e-04
-1.238060696665577469e-03
-4.751293009335049410e-03
-5.996336745456057674e-03
1.320632675175470103e-02
-9.228066793021672681e-03
-1.196819334124337234e-02
2.635874064054991722e-02
-1.236282479264015632e-03
-1.238133371911844189e-03
2.726861725452640363e-03
1.046434922741102357e-02
1.320632675175470103e-02
-2.908560237230227441e-02
2.916238773068194901e-01
-1.113770419498428671e-01
3.674902254506243193e-02
-2.716081582274010309e-02
2.153107496265857859e-02
-7.104373397807611269e-03
-1.322299280975779145e-01
3.570665768590889494e-03
-1.401439021678541341e-01
-1.322331334016741966e-01
8.627530120507254097e-02
1.104992530571078241e-01
-1.113770419498428671e-01
3.417263576064842878e-01
8.640146698002576509e-02
-2.658123269966334440e-02
-1.583646692009610668e-01
3.320132490011864362e-02
1.444317947863191925e-02
-4.880404068311831184e-02
9.030810313850069423e-03
1.235150952305666960e-01
-1.345576476173033775e-01
-1.286336022519515565e-01
3.674902254506243193e-02
8.640146698002586223e-02
5.750676301004908897e-01
8.771098438089000582e-03
3.320159029783847221e-02
-6.869946239886212669e-02
-1.880356943173767947e-01
-1.283948166875201885e-02
-2.960624888074784855e-01
1.425155733393461133e-01
-1.067635755532153480e-01
-2.103056788621146811e-01
-2.716081582274010309e-02
-2.658123269966334440e-02
8.771098438089000582e-03
2.170696235899847309e-02
-1.458661218119018492e-02
4.812927242608588431e-03
2.726928570846642082e-03
1.999186165430408280e-02
-8.585724847757035885e-03
2.726924892381080417e-03
2.117598319230482029e-02
-4.998300839278304632e-03
2.153107496265857859e-02
-1.583646692009610668e-01
3.320159029783847221e-02
-1.458661218119018492e-02
1.837652235921067301e-01
-4.314366124315267836e-02
-2.999611179354387362e-03
-2.659236036418077907e-03
6.065426005796799086e-05
-3.944851642240640964e-03
-2.274131833208798900e-02
9.881416746135676318e-03
-7.104373397807611269e-03
3.320132490011864362e-02
-6.869946239886212669e-02
4.812927242608588431e-03
-4.314366124315267836e-02
6.725002662605779336e-02
2.578022571146409373e-03
3.699878106930808153e-02
-9.316325968969826551e-03
-2.865763942068483999e-04
-2.705644471722680119e-02
1.076576173089451721e-02
-1.322299280975779145e-01
1.444317947863191925e-02
-1.880356943173767947e-01
2.726928570846642082e-03
-2.999611179354387362e-03
2.578022571146409373e-03
1.197633063250740648e-01
-1.395475504285156529e-02
1.659226048578259782e-01
9.739693199412294625e-03
2.511186735028852340e-03
1.953506686662084477e-02
3.570665768590889494e-03
-4.880404068311831184e-02
-1.283948166875201885e-02
1.999186165430408280e-02
-2.659236036418077907e-03
3.699878106930808153e-02
-1.395475504285156529e-02
5.340308348916347758e-02
-7.000797703968826384e-03
-9.607772394722671749e-03
-1.939806800621423624e-03
-1.715850167382267089e-02
-1.401439021678541341e-01
9.030810313850069423e-03
-2.960624888074784855e-01
-8.585724847757035885e-03
6.065426005796769270e-05
-9.316325968969826551e-03
1.659226048578259782e-01
-7.000797703968826384e-03
3.333110872162068916e-01
-1.719297790668151624e-02
-2.090666896760763876e-03
-2.793227240832996464e-02
-1.322331334016741966e-01
1.235150952305666960e-01
1.425155733393461133e-01
2.726924892381080417e-03
-3.944851642240640964e-03
-2.865763942068483999e-04
9.739693199412294625e-03
-9.607772394722671749e-03
-1.719297790668151624e-02
1.197665153278121564e-01
-1.099624711372927666e-01
-1.250360190468450261e-01
8.627530120507254097e-02
-1.345576476173033775e-01
-1.067635755532153480e-01
2.117598319230482029e-02
-2.274131833208798900e-02
-2.705644471722680119e-02
2.511186735028852340e-03
-1.939806800621423624e-03
-2.090666896760763876e-03
-1.099624711372927666e-01
1.592387726532658865e-01
1.359106871415160511e-01
1.104992530571078241e-01
-1.286336022519515565e-01
-2.103056788621146811e-01
-4.998300839278304632e-03
9.881416746135676318e-03
1.076576173089451721e-02
1.953506686662084477e-02
-1.715850167382267089e-02
-2.793227240832996464e-02
-1.250360190468449428e-01
1.359106871415159401e-01
2.274721894869656813e-01
2.884447572089183232e-01
-1.084501542765746174e-01
2.248259537407953923e-02
-2.143925500109485766e-02
1.463453693083777672e-02
-3.033970951911379998e-03
-1.335011267869502249e-01
1.972407955285844852e-02
-1.408402647699106558e-01
-1.335043753181987813e-01
7.409153788779626604e-02
1.213916403112008796e-01
-1.084501542765746174e-01
1.443253187374326230e-01
9.359228448705551873e-02
-2.170626532542515100e-02
1.006804999116617770e-02
-1.085069810213113925e-02
2.925070811979359198e-02
-4.821244101312266439e-02
3.321346389521678821e-02
1.009057114770635782e-01
-1.061809276985389294e-01
-1.159550502643607733e-01
2.248259537407953923e-02
9.359228448705551873e-02
5.763561711677790411e-01
4.500321804012613267e-03
-1.085050408907309479e-02
-4.001891178866875953e-02
-1.862992819987649984e-01
1.783763820980321241e-02
-2.971544999611105964e-01
1.593163648126401377e-01
-1.005794186586571881e-01
-2.391827593858032175e-01
-2.143925500109485766e-02
-2.170626532542515100e-02
4.500321804012613267e-03
1.250883668094138201e-02
-6.636973198800551546e-03
1.375902298463600650e-03
4.465189915805773714e-03
1.417733521838254566e-02
-2.909912322759142939e-03
4.465228388455691998e-03
1.416590330873461999e-02
-2.966311755234550367e-03
1.463453693083777672e-02
1.006804999116617770e-02
-1.085050408907309479e-02
-6.636973198800551546e-03
2.647461210138999342e-03
5.804628458071029937e-03
-3.246413593106753457e-03
-2.148306357520037881e-03
-1.674135633122592753e-03
-4.751150142698437259e-03
-1.056720492843059647e-02
6.720011197091102680e-03
-3.033970951911379998e-03
-1.085069810213113925e-02
-4.001891178866875953e-02
1.375902298463600650e-03
5.804628458071029937e-03
2.944216900997291553e-02
4.457910493204029524e-03
2.615119476754041924e-02
1.078943268816901857e-03
-2.799841841159116280e-03
-2.110512508198610776e-02
9.497799524968158699e-03
-1.335011267869502249e-01
2.925070811979359198e-02
-1.862992819987649984e-01
4.465189915805773714e-03
-3.246413593106753457e-03
4.457910493204029524e-03
1.196076185350238158e-01
-2.742471461378428663e-02
1.622714163558438838e-01
9.428318296252369626e-03
1.420420045503421056e-03
1.956995514430114741e-02
1.972407955285844852e-02
-4.821244101312266439e-02
1.783763820980321241e-02
1.417733521838254566e-02
-2.148306357520037881e-03
2.615119476754041924e-02
-2.742471461378428663e-02
5.170635243841679302e-02
-3.164949907881465380e-02
-6.476700166965027906e-03
-1.345605020157295472e-03
-1.233933387537291572e-02
-1.408402647699106558e-01
3.321346389521678821e-02
-2.971544999611105964e-01
-2.909912322759142939e-03
-1.674135633122592753e-03
1.078943268816901857e-03
1.622714163558438838e-01
-3.164949907881475788e-02
3.256463911885021933e-01
-1.852123930662421050e-02
1.101708081898791666e-04
-2.957083456933919802e-02
-1.335043753181987813e-01
1.009057114770635782e-01
1.593163648126401377e-01
4.465228388455691998e-03
-4.751150142698437259e-03
-2.799841841159116280e-03
9.428318296252369626e-03
-6.476700166965027906e-03
-1.852123930662421050e-02
1.196108285865763454e-01
-8.967786122361547096e-02
-1.379952836473818112e-01
7.409153788779626604e-02
-1.061809276985389294e-01
-1.005794186586571881e-01
1.416590330873461999e-02
-1.056720492843059647e-02
-2.110512508198610776e-02
1.420420045503421056e-03
-1.345605020157295472e-03
1.101708081898791666e-04
-8.967786122361547096e-02
1.180937376672182432e-01
1.215743729605507362e-01
1.213916403112008796e-01
-1.159550502643607733e-01
-2.391827593858032175e-01
-2.966311755234550367e-03
6.720011197091102680e-03
9.497799524968158699e-03
1.956995514430114741e-02
-1.233933387537291572e-02
-2.957083456933919802e-02
-1.379952836473818112e-01
1.215743729605507362e-01
2.592557944560193173e-01
2.846359507980464887e-01
-1.075078098988315606e-01
1.955275478779426937e-02
-1.899428101992942097e-02
1.109982186997027567e-02
-2.018841367629815430e-03
-1.328192104206181445e-01
2.415803426425366246e-02
-1.409670844342050255e-01
-1.328224594029979999e-01
7.224995372956637130e-02
1.234331710139561916e-01
-1.075078098988315606e-01
1.228198460583073692e-01
8.489674838492676512e-02
-1.997009520387180853e-02
2.476580349103508702e-02
-1.105677300192923693e-02
3.215309305977175763e-02
-4.775370351051842072e-02
3.781786535093893675e-02
9.532481200466280669e-02
-9.983194605218161100e-02
-1.116578406321538791e-01
1.955275478779426937e-02
8.489674838492676512e-02
5.741347605246686081e-01
3.632401131961322024e-03
-1.105660899624398390e-02
-3.401147520398935947e-02
-1.852459851002007385e-01
2.676596986687499943e-02
-2.961023980056662341e-01
1.620608291382378829e-01
-1.006061092168952509e-01
-2.440208873658283317e-01
-1.899428101992942097e-02
-1.997009520387180853e-02
3.632401131961322024e-03
1.023596718954963500e-02
-4.470745955316572304e-03
8.131006386627786728e-04
4.379137370690413221e-03
1.226702395902327068e-02
-1.965934182565102703e-03
4.379176484405619164e-03
1.217381722253185403e-02
-2.479567622363335142e-03
1.109982186997027567e-02
2.476580349103508702e-02
-1.105660899624398390e-02
-4.470745955316572304e-03
-1.605392729947588762e-02
7.374905760285208230e-03
-2.656625565451035519e-03
-1.198207360427798896e-03
-1.488085323581399408e-03
-3.972450375246865464e-03
-7.513668867113761259e-03
5.169788568999212144e-03
-2.018841367629815430e-03
-1.105677300192923693e-02
-3.401147520398935947e-02
8.131006386627786728e-04
7.374905760285208230e-03
2.315124166902961592e-02
4.219915965300018168e-03
2.195638039118000262e-02
2.272411262797314514e-03
-3.014175211332079454e-03
-1.827451313526063520e-02
8.587822263549633670e-03
-1.328192104206181445e-01
3.215309305977175763e-02
-1.852459851002006275e-01
4.379137370690413221e-03
-2.656625565451035519e-03
4.219915965300018168e-03
1.193254828812536500e-01
-3.070374432533154452e-02
1.615688058584406617e-01
9.114590188132584703e-03
1.207276823556682234e-03
1.945726330595007325e-02
2.415803426425366246e-02
-4.775370351051842072e-02
2.676596986687499943e-02
1.226702395902327068e-02
-1.198207360427798896e-03
2.195638039118000262e-02
-3.070374432533154452e-02
4.974728949894898639e-02
-3.707448668773657280e-02
-5.721313843725215134e-03
-7.953785989274304510e-04
-1.164786364634476205e-02
-1.409670844342050255e-01
3.781786535093893675e-02
-2.961023980056662341e-01
-1.965934182565102703e-03
-1.488085323581399408e-03
2.272411262797314514e-03
1.615688058584406617e-01
-3.707448668773657280e-02
3.236059278693371732e-01
-1.863578718626052524e-02
7.447065740144150287e-04
-2.977594113394808895e-02
-1.328224594029979999e-01
9.532481200466280669e-02
1.620608291382378829e-01
4.379176484405619164e-03
-3.972450375246865464e-03
-3.014175211332079454e-03
9.114590188132584703e-03
-5.721313843725215134e-03
-1.863578718626052524e-02
1.193286927317841195e-01
-8.563104776556205999e-02
-1.404108667357466811e-01
7.224995372956637130e-02
-9.983194605218151385e-02
-1.006061092168952509e-01
1.217381722253185403e-02
-7.513668867113761259e-03
-1.827451313526063520e-02
1.207276823556682234e-03
-7.953785989274304510e-04
7.447065740144150287e-04
-8.563104776556205999e-02
1.081409935384871623e-01
1.181359157429259649e-01
1.234331710139561916e-01
-1.116578406321538791e-01
-2.440208873658282207e-01
-2.479567622363335142e-03
5.169788568999212144e-03
8.587822263549633670e-03
1.945726330595007325e-02
-1.164786364634476205e-02
-2.977594113394808895e-02
-1.404108667357466811e-01
1.181359157429259649e-01
2.652090063031347089e-01
2.734100284098465727e-01
-1.097765061865789704e-01
1.177782105504526083e-02
-1.066685108703198208e-02
1.509831537303510276e-04
-1.626870347838416491e-05
-1.313699476006789379e-01
4.034547978143592645e-02
-1.407025207316949245e-01
-1.313732297072520705e-01
6.928004325368807004e-02
1.289409683798840023e-01
-1.097765061865789704e-01
9.185015750759339959e-02
5.067569468739067245e-02
-1.201111463430681869e-02
3.088395510694088783e-02
-4.879698529304588028e-03
4.219910090554949283e-02
-4.439642329325271808e-02
5.214526878319180464e-02
7.958851992183572921e-02
-7.833768929737859599e-02
-9.794126494384279569e-02
1.177782105504526083e-02
5.067569468739067245e-02
5.586865931952467168e-01
1.288834059996738900e-03
-4.879579226310633636e-03
-1.406725171782910629e-02
-1.807538262556609987e-01
5.839510899279019146e-02
-2.892820242910817408e-01
1.676871711319643521e-01
-1.041912244485230926e-01
-2.553373171869098845e-01
-1.066685108703198208e-02
-1.201111463430681869e-02
1.288834059996738900e-03
3.828325044126000640e-03
1.113278909197463725e-03
-1.194556069934641458e-04
3.419245889534785685e-03
5.486620680116280346e-03
-2.331942237014457582e-04
3.419280125788842252e-03
5.411215034327281070e-03
-9.361842281572327513e-04
1.509831537303510276e-04
3.088395510694088783e-02
-4.879579226310633636e-03
1.113278909197463725e-03
-3.600388445610761684e-02
4.656910203494222557e-03
-3.873605637641218706e-04
3.382710294263847374e-03
-8.085860937702819850e-05
-8.769013895749033956e-04
1.737219075166329457e-03
3.035276300189961702e-04
-1.626870347838416491e-05
-4.879698529304588028e-03
-1.406725171782910629e-02
-1.194556069934641458e-04
4.656910203494222557e-03
6.895892770503968608e-03
2.349018298921238916e-03
7.882502469019600500e-03
2.762989216843101618e-03
-2.213293973660855792e-03
-7.659714171780007512e-03
4.408369733547990235e-03
-1.313699476006789379e-01
4.219910090554949283e-02
-1.807538262556609987e-01
3.419245889534785685e-03
-3.873605637641218706e-04
2.349018298921238916e-03
1.191127277027324710e-01
-4.253285039820860897e-02
1.595317415512713943e-01
8.837974008867330658e-03
7.211100664791271746e-04
1.887306640438891556e-02
4.034547978143592645e-02
-4.439642329325271808e-02
5.839510899279019146e-02
5.486620680116280346e-03
3.382710294263847374e-03
7.882502469019600500e-03
-4.253285039820860897e-02
3.971643315888349901e-02
-5.578241190774442526e-02
-3.299250085406387790e-03
1.297279772776151804e-03
-1.049519953610997258e-02
-1.407025207316949245e-01
5.214526878319180464e-02
-2.892820242910817408e-01
-2.331942237014457582e-04
-8.085860937702819850e-05
2.762989216843101618e-03
1.595317415512713943e-01
-5.578241190774452241e-02
3.164377921596552290e-01
-1.859602660280281969e-02
3.718001661127502862e-03
-2.991875697760444305e-02
-1.313732297072520705e-01
7.958851992183572921e-02
1.676871711319643521e-01
3.419280125788842252e-03
-8.769013895749033956e-04
-2.213293973660855792e-03
8.837974008867330658e-03
-3.299250085406387790e-03
-1.859602660280281969e-02
1.191159755848390372e-01
-7.541236844851979815e-02
-1.468778505553214597e-01
6.928004325368807004e-02
-7.833768929737859599e-02
-1.041912244485230926e-01
5.411215034327281070e-03
1.737219075166329457e-03
-7.659714171780007512e-03
7.211100664791271746e-04
1.297279772776151804e-03
3.718001661127502862e-03
-7.541236844851979815e-02
7.530319047259859122e-02
1.081329369459597400e-01
1.289409683798838913e-01
-9.794126494384279569e-02
-2.553373171869098845e-01
-9.361842281572327513e-04
3.035276300189961702e-04
4.408369733547990235e-03
1.887306640438891556e-02
-1.049519953610997258e-02
-2.991875697760444305e-02
-1.468778505553214597e-01
1.081329369459597400e-01
2.808477043206620838e-01
4.608330179015384664e-01
-2.412884657856199058e-06
-1.608589771880312445e-06
-4.608330179015383554e-01
2.412884657821134435e-06
1.608589771880312868e-06
-2.412884657856199058e-06
1.263358168079875554e-11
8.422425951115641851e-12
2.412884657789291502e-06
-1.263366147807865048e-11
-8.422429420562593805e-12
-1.608589771880312445e-06
8.422425951115641851e-12
5.614914783125257713e-12
1.608589771879084882e-06
-8.422419012221737944e-12
-5.614902640060925876e-12
-4.608330179015383554e-01
2.412884657789291502e-06
1.608589771879084882e-06
4.608330179015384664e-01
-2.412884657824356125e-06
-1.608589771879084459e-06
2.412884657821134435e-06
-1.263366147807865048e-11
-8.422419012221737944e-12
-2.412884657824356125e-06
1.263363025305608289e-11
8.422432890009545758e-12
1.608589771880312868e-06
-8.422429420562593805e-12
-5.614902640060925876e-12
-1.608589771879084459e-06
8.422432890009545758e-12
5.614970294276488971e-12
-1.607230870102754894e-02
8.414713051407635345e-08
5.611083657375350904e-08
1.607230870102749343e-02
-8.414713051344555213e-08
-5.611083657375349581e-08
8.414713051407635345e-08
-4.405469045121179761e-13
-2.937598081453884902e-13
-8.414713051843126747e-08
4.405711906407816514e-13
2.937632775923404438e-13
5.611083657375350904e-08
-2.937598081453884902e-13
-1.959005874185848484e-13
-5.611083657268935773e-08
2.937493998045326293e-13
1.958624235021133586e-13
1.607230870102749343e-02
-8.414713051843126747e-08
-5.611083657268935773e-08
-1.607230870102754894e-02
8.414713051906212172e-08
5.611083657268933126e-08
-8.414713051344555213e-08
4.405711906407816514e-13
2.937493998045326293e-13
8.414713051906212172e-08
-4.405434350651660225e-13
-2.937546039749605598e-13
-5.611083657375349581e-08
2.937632775923404438e-13
1.958624235021133586e-13
5.611083657268933126e-08
-2.937546039749605598e-13
-1.958953832481569179e-13
2.409428684952981403e-01
-1.260974935543006250e-06
-8.406499570154722245e-07
-2.409428684952981958e-01
1.260974935532430196e-06
8.406499570154722245e-07
-1.260974935543006250e-06
6.599498725279318023e-12
4.399841602165110999e-12
1.260974935482751290e-06
-6.599568114218357096e-12
-4.399779152119975834e-12
-8.406499570154722245e-07
4.399841602165110999e-12
2.933139842120624508e-12
8.406499570176607459e-07
-4.399841602165110999e-12
-2.933139842120624508e-12
-2.409428684952981958e-01
1.260974935482751290e-06
8.406499570176607459e-07
2.409428684952981403e-01
-1.260974935493326920e-06
-8.406499570176611694e-07
1.260974935532430196e-06
-6.599568114218357096e-12
-4.399841602165110999e-12
-1.260974935493326920e-06
6.599568114218357096e-12
4.399772213226071926e-12
8.406499570154722245e-07
-4.399779152119975834e-12
-2.933139842120624508e-12
-8.406499570176611694e-07
4.399772213226071926e-12
2.933153719908432322e-12
-1.693319100024415214e-01
8.849987328683746337e-07
5.899991552385363044e-07
1.693319100024413548e-01
-8.849987328532652600e-07
-5.899991552385364103e-07
8.849987328683746337e-07
-4.625403422413348487e-12
-3.083634488222584294e-12
-8.849987328544445416e-07
4.625418907973305871e-12
3.083612780206736844e-12
5.899991552385363044e-07
-3.083634488222584294e-12
-2.055720381237780978e-12
-5.899991552381963265e-07
3.083637066335400520e-12
2.055674870788858490e-12
1.693319100024413548e-01
-8.849987328544445416e-07
-5.899991552381963265e-07
-1.693319100024415214e-01
8.849987328695541270e-07
5.899991552381963265e-07
-8.849987328532652600e-07
4.625418907973305871e-12
3.083637066335400520e-12
8.849987328695541270e-07
-4.625354850156021136e-12
-3.083624079881728434e-12
-5.899991552385364103e-07
3.083612780206736844e-12
2.055674870788858490e-12
5.899991552381963265e-07
-3.083624079881728434e-12
-2.055741197919492700e-12
-7.764375176569524029e-02
4.073314852663463664e-06
2.715749377095207740e-06
7.764374156566315743e-02
-4.073314852651261308e-06
-2.715749377095207740e-06
4.073314852663463664e-06
-2.136926175359941598e-10
-1.424725511178803776e-10
-4.073314317531073333e-06
2.136925652636170991e-10
1.424725476484290829e-10
2.715749377095207740e-06
-1.424725511178803776e-10
-9.498891950817851529e-11
-2.715749020328009744e-06
1.424725459137055035e-10
9.498890996659596916e-11
7.764374156566315743e-02
-4.073314317531073333e-06
-2.715749020328009744e-06
-7.764373136563236522e-02
4.073314317543275689e-06
2.715749020328010168e-06
-4.073314852651261308e-06
2.136925652636170991e-10
1.424725459137055035e-10
4.073314317543275689e-06
-2.136925932498652118e-10
-1.424725441789863703e-10
-2.715749377095207740e-06
1.424725476484290829e-10
9.498890996659596916e-11
2.715749020328010168e-06
-1.424725441789863703e-10
-9.498890129358201753e-11
1.621923831104600255e+00
-8.489111844252824026e-06
-5.659345754415440782e-06
-1.621923831104600255e+00
8.489111844370238039e-06
5.659345754415440782e-06
-8.489111844252824026e-06
4.443159729028423044e-11
2.962090989155896636e-11
8.489111844448868108e-06
-4.443165280143546170e-11
-2.962090295266506246e-11
-5.659345754415440782e-06
2.962090989155896636e-11
1.974692284689716359e-11
5.659345754405763431e-06
-2.962090295266506246e-11
-1.974695060247277922e-11
-1.621923831104600255e+00
8.489111844448868108e-06
5.659345754405763431e-06
1.621923831104600255e+00
-8.489111844331452401e-06
-5.659345754405763431e-06
8.489111844370238039e-06
-4.443165280143546170e-11
-2.962090295266506246e-11
-8.489111844331452401e-06
4.443181933488915547e-11
2.962088907487725464e-11
5.659345754415440782e-06
-2.962090295266506246e-11
-1.974695060247277922e-11
-5.659345754405763431e-06
2.962088907487725464e-11
1.974696448026058704e-11
8.554023320002682729e-01
-4.478319751554917686e-06
-2.985546233707502417e-06
-8.554023320002684949e-01
4.478319751464978034e-06
2.985546233707502417e-06
-4.478319751554917686e-06
2.344553457628295590e-11
1.563034120535822247e-11
4.478319751377614208e-06
-2.344551375960124417e-11
-1.563034120535822247e-11
-2.985546233707502417e-06
1.563034120535822247e-11
1.042022631375649766e-11
2.985546233707838266e-06
-1.563033990431561548e-11
-1.042022371167128370e-11
-8.554023320002684949e-01
4.478319751377614208e-06
2.985546233707838266e-06
8.554023320002682729e-01
-4.478319751467553861e-06
-2.985546233707838266e-06
4.478319751464978034e-06
-2.344551375960124417e-11
-1.563033990431561548e-11
-4.478319751467553861e-06
2.344551701220776163e-11
1.563033990431561548e-11
2.985546233707502417e-06
-1.563034120535822247e-11
-1.042022371167128370e-11
-2.985546233707838266e-06
1.563033990431561548e-11
1.042022457903302168e-11
-5.065507602559138345e-03
2.652740430273341973e-08
1.768009830843536957e-08
5.065507602559148753e-03
-2.652740429976418544e-08
-1.768009830843626954e-08
2.652740430273341973e-08
-1.388507364641355935e-13
-9.251453769731909915e-14
-2.652740430493117906e-08
1.388355576337207964e-13
9.250412935646323831e-14
1.768009830843536957e-08
-9.251453769731909915e-14
-6.161737786669618799e-14
-1.768009830839841776e-08
9.250759880341519192e-14
6.163125565450400245e-14
5.065507602559148753e-03
-2.652740430493117906e-08
-1.768009830839841776e-08
-5.065507602559138345e-03
2.652740430790054570e-08
1.768009830839746485e-08
-2.652740429976418544e-08
1.388355576337207964e-13
9.250759880341519192e-14
2.652740430790054570e-08
-1.388201619628715022e-13
-9.249545573908335427e-14
-1.768009830843626954e-08
9.250412935646323831e-14
6.163125565450400245e-14
1.768009830839746485e-08
-9.249545573908335427e-14
-6.164513344231181691e-14
-5.255252500233435764e-02
2.750934854688435354e-07
1.833165438690128264e-07
5.255252500233427437e-02
-2.750934854646174234e-07
-1.833165438690130117e-07
2.750934854688435354e-07
-1.440014774090059291e-12
-9.595803969128513522e-13
-2.750934854711180836e-07
1.440000896302251476e-12
9.595826466323592596e-13
1.833165438690128264e-07
-9.595803969128513522e-13
-6.394038589451316317e-13
-1.833165438690268025e-07
9.595722382915033988e-13
6.394316210323130426e-13
5.255252500233427437e-02
-2.750934854711180836e-07
-1.833165438690268025e-07
-5.255252500233435764e-02
2.750934854753444604e-07
1.833165438690263790e-07
-2.750934854646174234e-07
1.440000896302251476e-12
9.595722382915033988e-13
2.750934854753444604e-07
-1.439980079620539755e-12
-9.595745151160656183e-13
-1.833165438690130117e-07
9.595826466323592596e-13
6.394316210323130426e-13
1.833165438690263790e-07
-9.595745151160656183e-13
-6.394593829606757759e-13
9.365448659966550682e-02
-4.900554263642947490e-07
-3.267036175746254296e-07
-9.365448659966550682e-02
4.900554263617390388e-07
3.267036175746253767e-07
-4.900554263642947490e-07
2.564282119976724061e-12
1.709513607062174145e-12
4.900554263601965918e-07
-2.564282987338462050e-12
-1.709515341785650122e-12
-3.267036175746254296e-07
1.709513607062174145e-12
1.139674292438552783e-12
3.267036175760884144e-07
-1.709507101849139232e-12
-1.139678629247242725e-12
-9.365448659966550682e-02
4.900554263601965918e-07
3.267036175760884144e-07
9.365448659966550682e-02
-4.900554263627523020e-07
-3.267036175760883614e-07
4.900554263617390388e-07
-2.564282987338462050e-12
-1.709507101849139232e-12
-4.900554263627523020e-07
2.564282987338462050e-12
1.709513607062174145e-12
3.267036175746253767e-07
-1.709515341785650122e-12
-1.139678629247242725e-12
-3.267036175760883614e-07
1.709513607062174145e-12
1.139683833417670655e-12
8.377234799460803877e-03
-4.323250936272640766e-08
-2.882167290849164912e-08
-8.377234799460807346e-03
4.323250936464683649e-08
2.882167290849172191e-08
-4.323250936272640766e-08
2.231374978184665762e-13
1.487680269175157336e-13
4.323250937059617754e-08
-2.231461372287067009e-13
-1.487604679794323700e-13
-2.882167290849164912e-08
1.487680269175157336e-13
9.918978032388960791e-14
2.882167290895095604e-08
-1.487700089585502424e-13
-9.918278804796219056e-14
-8.377234799460807346e-03
4.323250937059617754e-08
2.882167290895095604e-08
8.377234799460803877e-03
-4.323250936867567591e-08
-2.882167290895098913e-08
4.323250936464683649e-08
-2.231461372287067009e-13
-1.487700089585502424e-13
-4.323250936867567591e-08
2.231479061593224371e-13
1.487628227470878032e-13
2.882167290849172191e-08
-1.487604679794323700e-13
-9.918278804796219056e-14
-2.882167290895098913e-08
1.487628227470878032e-13
9.917937198303374707e-14
-8.580660600518418349e-03
4.462013864173331301e-08
2.977294462222484109e-08
8.580660600518390593e-03
-4.462013864228700786e-08
-2.977294462222476830e-08
4.462013864173331301e-08
-2.320366012076188639e-13
-1.548438621002934263e-13
-4.462013864319206256e-08
2.320435619796004772e-13
1.548329012989202574e-13
2.977294462222484109e-08
-1.548438621002934263e-13
-1.033366318705528529e-13
-2.977294462209957286e-08
1.548415749163001414e-13
1.033140369286602690e-13
8.580660600518390593e-03
-4.462013864319206256e-08
-2.977294462209957286e-08
-8.580660600518418349e-03
4.462013864263840742e-08
2.977294462209979785e-08
-4.462013864228700786e-08
2.320435619796004772e-13
1.548415749163001414e-13
4.462013864263840742e-08
-2.320296623137149567e-13
-1.548334537594375655e-13
-2.977294462222476830e-08
1.548329012989202574e-13
1.033140369286602690e-13
2.977294462209979785e-08
-1.548334537594375655e-13
-1.033192846357930849e-13
-2.926983230039737968e-02
1.532624005433749258e-07
1.021749336972663075e-07
2.926983230039734499e-02
-1.532624005465962980e-07
-1.021749336972663339e-07
1.532624005433749258e-07
-8.025111751231695885e-13
-5.350090865827642762e-13
-1.532624005460916252e-07
8.025148328104935351e-13
5.350082520396778062e-13
1.021749336972663075e-07
-5.350090865827642762e-13
-3.566760792206929701e-13
-1.021749336962222203e-07
5.350082520396778062e-13
3.566678012722407651e-13
2.926983230039734499e-02
-1.532624005460916252e-07
-1.021749336962222203e-07
-2.926983230039737968e-02
1.532624005428702530e-07
1.021749336962222070e-07
-1.532624005465962980e-07
8.025148328104935351e-13
5.350082520396778062e-13
1.532624005428702530e-07
-8.025137772083835537e-13
-5.350047497740743342e-13
-1.021749336972663339e-07
5.350082520396778062e-13
3.566678012722407651e-13
1.021749336962222070e-07
-5.350047497740743342e-13
-3.566786813059069353e-13
-2.645279480013864107e-02
1.384712710598220989e-07
9.237305454290634992e-08
2.645279480013864107e-02
-1.384712710544549011e-07
-9.237305454290633669e-08
1.384712710598220989e-07
-7.248417444440782109e-13
-4.835414881114840064e-13
-1.384712710495683416e-07
7.248523529610626692e-13
4.835408288934462967e-13
9.237305454290634992e-08
-4.835414881114840064e-13
-3.225711826227769924e-13
-9.237305454286974222e-08
4.835425636169222735e-13
3.225655391990936588e-13
2.645279480013864107e-02
-1.384712710495683416e-07
-9.237305454286974222e-08
-2.645279480013864107e-02
1.384712710549354865e-07
9.237305454286976869e-08
-1.384712710544549011e-07
7.248523529610626692e-13
4.835425636169222735e-13
1.384712710549354865e-07
-7.248486833379821181e-13
-4.835419217923530006e-13
-9.237305454290633669e-08
4.835408288934462967e-13
3.225655391990936588e-13
9.237305454286976869e-08
-4.835419217923530006e-13
-3.225677131758250388e-13
3.075367914410409576e+00
-1.612455187385275547e-05
-1.074970125066965901e-05
-3.075367914410409576e+00
1.612455187378040530e-05
1.074970125066966240e-05
-1.612455187385275547e-05
8.454282759973175132e-11
5.636148492360604223e-11
1.612455187367716215e-05
-8.454234534660542977e-11
-5.636148492360604223e-11
-1.074970125066965901e-05
5.636148492360604223e-11
3.757494315692611053e-11
1.074970125066746858e-05
-5.636155431254508130e-11
-3.757494315692611053e-11
-3.075367914410409576e+00
1.612455187367716215e-05
1.074970125066746858e-05
3.075367914410409576e+00
-1.612455187374951232e-05
-1.074970125066746519e-05
1.612455187378040530e-05
-8.454234534660542977e-11
-5.636155431254508130e-11
-1.612455187374951232e-05
8.454278249692137592e-11
5.636155431254508130e-11
1.074970125066966240e-05
-5.636148492360604223e-11
-3.757494315692611053e-11
-1.074970125066746519e-05
5.636155431254508130e-11
3.757494315692611053e-11
-8.041509800348782544e-02
4.212356641324221395e-07
2.808078600302854552e-07
8.041509800348760340e-02
-4.212356644040337890e-07
-2.808078600302852964e-07
4.212356641324221395e-07
-2.206520773387343759e-12
-1.471269286956733424e-12
-4.212356641218426979e-07
2.206595366496810762e-12
1.471218979975930097e-12
2.808078600302854552e-07
-1.471269286956733424e-12
-9.805212197733226276e-13
-2.808078600317066706e-07
1.471225918869834004e-12
9.804101974708601119e-13
8.041509800348760340e-02
-4.212356641218426979e-07
-2.808078600317066706e-07
-8.041509800348782544e-02
4.212356643740573988e-07
2.808078600317069882e-07
-4.212356644040337890e-07
2.206595366496810762e-12
1.471225918869834004e-12
4.212356643740573988e-07
-2.206586259198561883e-12
-1.471198163294218375e-12
-2.808078600302852964e-07
1.471218979975930097e-12
9.804101974708601119e-13
2.808078600317069882e-07
-1.471198163294218375e-12
-9.805489753489382565e-13
-1.088129209030573308e-01
5.699225395759082451e-07
3.799873687759491860e-07
1.088129209030571365e-01
-5.699225395508833978e-07
-3.799873687759492918e-07
5.699225395759082451e-07
-2.985092264113198336e-12
-1.990199592587353735e-12
-5.699225395555768074e-07
2.985104295232965331e-12
1.990227506449988752e-12
3.799873687759491860e-07
-1.990199592587353735e-12
-1.327049588118229912e-12
-3.799873687753981381e-07
1.990234445343892659e-12
1.326955899482966566e-12
1.088129209030571365e-01
-5.699225395555768074e-07
-3.799873687753981381e-07
-1.088129209030573308e-01
5.699225395806018664e-07
3.799873687753980322e-07
-5.699225395508833978e-07
2.985104295232965331e-12
1.990234445343892659e-12
5.699225395806018664e-07
-2.985022875174159264e-12
-1.990234287056873271e-12
-3.799873687759492918e-07
1.990227506449988752e-12
1.326955899482966566e-12
3.799873687753980322e-07
-1.990234287056873271e-12
-1.327014893648710376e-12
-1.214947284026303836e-01
6.361471656002986306e-07
4.241412142281562071e-07
1.214947284026301616e-01
-6.361471658848471731e-07
-4.241412142281563659e-07
6.361471656002986306e-07
-3.330924295066872709e-12
-2.221100040000756337e-12
-6.361471656339700961e-07
3.330939473897287506e-12
2.221108713618136221e-12
4.241412142281562071e-07
-2.221100040000756337e-12
-1.480593425640109166e-12
-4.241412142281079262e-07
2.221074019148616685e-12
1.480565670064492729e-12
1.214947284026301616e-01
-6.361471656339700961e-07
-4.241412142281079262e-07
-1.214947284026303836e-01
6.361471658730220638e-07
4.241412142281072380e-07
-6.361471658848471731e-07
3.330939473897287506e-12
2.221074019148616685e-12
6.361471658730220638e-07
-3.330954435887267806e-12
-2.221103509447708291e-12
-4.241412142281563659e-07
2.221108713618136221e-12
1.480565670064492729e-12
4.241412142281072380e-07
-2.221103509447708291e-12
-1.480662814579148238e-12
-1.156682029015684010e-01
6.051806766216556255e-07
4.034622953911383758e-07
1.156682029015683455e-01
-6.052806765889524321e-07
-4.034622953911383758e-07
6.051806766216556255e-07
-3.166354289781166002e-12
-2.110951468152697087e-12
-6.051806765797973748e-07
3.166902545852183622e-12
2.110935260952809133e-12
4.034622953911383758e-07
-2.110951468152697087e-12
-1.407334343260769828e-12
-4.034622953920249017e-07
2.111306491776668169e-12
1.407311742386306917e-12
1.156682029015683455e-01
-6.051806765797973748e-07
-4.034622953920249017e-07
-1.156682029015684010e-01
6.052806766124927482e-07
4.034622953920249017e-07
-6.052806765889524321e-07
3.166902545852183622e-12
2.111306491776668169e-12
6.052806766124927482e-07
-3.167353490503328643e-12
-2.111298412847892448e-12
-4.034622953911383758e-07
2.110935260952809133e-12
1.407311742386306917e-12
4.034622953920249017e-07
-2.111298412847892448e-12
-1.407349955772053619e-12
-9.041854930086724862e-02
4.751683814894046149e-07
3.168326669922276773e-07
9.041854930086716535e-02
-4.751683814903414862e-07
-3.168326669922275714e-07
4.751683814894046149e-07
-2.497118103341057094e-12
-1.665029436609460203e-12
-4.751683814917380847e-07
2.497124763144030879e-12
1.665025545155513628e-12
3.168326669922276773e-07
-1.665029436609460203e-12
-1.110238638992704712e-12
-3.168326669932958917e-07
1.665029014602465582e-12
1.110216083874988253e-12
9.041854930086716535e-02
-4.751683814917380847e-07
-3.168326669932958917e-07
-9.041854930086724862e-02
4.751683814908012663e-07
3.168326669932959976e-07
-4.751683814903414862e-07
2.497124763144030879e-12
1.665029014602465582e-12
4.751683814908012663e-07
-2.497099021382821349e-12
-1.665025967162508250e-12
-3.168326669922275714e-07
1.665025545155513628e-12
1.110216083874988253e-12
3.168326669932959976e-07
-1.665025967162508250e-12
-1.110223893843158909e-12
-3.582126301374510564e-03
1.873245106205096697e-08
1.248830070770063522e-08
3.582126301374513166e-03
-1.873245106072903971e-08
-1.248830070769981466e-08
1.873245106205096697e-08
-9.787309851461145627e-14
-6.528458329491115819e-14
-1.873245106267597141e-08
9.787309851461145627e-14
6.528111384795920458e-14
1.248830070770063522e-08
-6.528458329491115819e-14
-4.350166060707039151e-14
-1.248830070595627675e-08
6.527417495405529735e-14
4.349125226621453066e-14
3.582126301374513166e-03
-1.873245106267597141e-08
-1.248830070595627675e-08
-3.582126301374510564e-03
1.873245106399795161e-08
1.248830070595717672e-08
-1.873245106072903971e-08
9.787309851461145627e-14
6.527417495405529735e-14
1.873245106399795161e-08
-9.787656796156340988e-14
-6.527417495405529735e-14
-1.248830070769981466e-08
6.528111384795920458e-14
4.349125226621453066e-14
1.248830070595717672e-08
-6.527417495405529735e-14
-4.348257864883464663e-14
-3.767725700077449030e-02
1.915190553614888302e-07
1.276793700252125513e-07
3.767725700077446255e-02
-1.915190553663702281e-07
-1.276793700252125513e-07
1.915190553614888302e-07
-9.735211539969976409e-13
-6.489831729742517874e-13
-1.915190553609356382e-07
9.735004355711078007e-13
6.489888921407116484e-13
1.276793700252125513e-07
-6.489831729742517874e-13
-4.326816682720391327e-13
-1.276793700252285919e-07
6.489927681634782841e-13
4.326816682720391327e-13
3.767725700077446255e-02
-1.915190553609356382e-07
-1.276793700252285919e-07
-3.767725700077449030e-02
1.915190553560541344e-07
1.276793700252284861e-07
-1.915190553663702281e-07
9.735004355711078007e-13
6.489927681634782841e-13
1.915190553560541344e-07
-9.735317592730137384e-13
-6.489984873299381452e-13
-1.276793700252125513e-07
6.489888921407116484e-13
4.326816682720391327e-13
1.276793700252284861e-07
-6.489984873299381452e-13
-4.326816682720391327e-13
-3.655160660028364955e-02
1.340747959850558397e-07
8.940701996125744843e-08
3.655160660028363567e-02
-1.340747959836308656e-07
-8.940701996125744843e-08
1.340747959850558397e-07
-4.918184784419051393e-13
-3.279592716105492189e-13
-1.340747959813109482e-07
4.917976694893690613e-13
3.279581196457409531e-13
8.940701996125744843e-08
-3.279592716105492189e-13
-2.187000580633480240e-13
-8.940701996125983071e-08
3.279609385713894154e-13
2.187035275102999776e-13
3.655160660028363567e-02
-1.340747959813109482e-07
-8.940701996125983071e-08
-3.655160660028364955e-02
1.340747959827359224e-07
8.940701996125983071e-08
-1.340747959836308656e-07
4.917976694893690613e-13
3.279609385713894154e-13
1.340747959827359224e-07
-4.918184937943773083e-13
-3.279597866065811496e-13
-8.940701996125744843e-08
3.279581196457409531e-13
2.187035275102999776e-13
8.940701996125983071e-08
-3.279597866065811496e-13
-2.187000580633480240e-13
-2.148838810021524645e-02
1.125499438717828169e-07
7.503329591182223833e-08
2.148838810021523257e-02
-1.125499438677343832e-07
-7.503329591182221186e-08
1.125499438717828169e-07
-5.894948275838967586e-13
-3.930042037356752703e-13
-1.125499438638854258e-07
5.895052123741812469e-13
3.930033400381059662e-13
7.503329591182223833e-08
-3.930042037356752703e-13
-2.620065622940530262e-13
-7.503329591260563793e-08
3.930037737189749604e-13
2.619981054877436363e-13
2.148838810021523257e-02
-1.125499438638854258e-07
-7.503329591260563793e-08
-2.148838810021524645e-02
1.125499438679338330e-07
7.503329591260566440e-08
-1.125499438677343832e-07
5.895052123741812469e-13
3.930037737189749604e-13
1.125499438679338330e-07
-5.894987307117177064e-13
-3.930029026930682877e-13
-7.503329591182221186e-08
3.930033400381059662e-13
2.619981054877436363e-13
7.503329591260566440e-08
-3.930029026930682877e-13
-2.620037433684045639e-13
-2.685478274858502101e-01
-2.881640847751974821e+00
4.942743430975428121e-01
-2.594095138858503735e-01
6.508370454250097525e-01
-1.116338931986462918e-01
5.279573413937905801e-01
2.230803802325552532e+00
-3.826404499071352494e-01
-2.881640847751974821e+00
7.782334416764668639e+00
-1.334854558162501093e+00
1.125247479594105871e-01
3.126911746130279224e-01
-5.363474629593571047e-02
2.769116099760868366e+00
-8.095025591370113460e+00
1.388489304502640298e+00
4.942743430975428121e-01
-1.334854558162501093e+00
2.289591523435975384e-01
-1.929988656358906651e-02
-5.363665283529124583e-02
9.200094209913120546e-03
-4.749744565285179410e-01
1.388491210996492198e+00
-2.381592465610916642e-01
-2.594095138858503735e-01
1.125247479594105871e-01
-1.929988656358906651e-02
4.776448727141494044e-01
-1.229472727082112082e-01
2.108683699306633866e-02
-2.182353588062096172e-01
1.042252474738800984e-02
-1.786950437715836490e-03
6.508370454250097525e-01
3.126911746130279224e-01
-5.363665283529124583e-02
-1.229472727082112082e-01
-3.028842472860026613e-01
5.195265022367560881e-02
-5.278897727343051516e-01
-9.806927326654481247e-03
1.684002613761118516e-03
-1.116338931986462918e-01
-5.363474629593571047e-02
9.200094209913120546e-03
2.108683699306633866e-02
5.195265022367560881e-02
-8.911252029263214830e-03
9.054705620858226334e-02
1.682096072196197483e-03
-2.888421810174256416e-04
5.279573413937905801e-01
2.769116099760868366e+00
-4.749744565285179410e-01
-2.182353588062096172e-01
-5.278897727343051516e-01
9.054705620858226334e-02
-3.097219826317484381e-01
-2.241226327023737586e+00
3.844274003364120951e-01
2.230803802325552532e+00
-8.095025591370115237e+00
1.388491210996492198e+00
1.042252474738800984e-02
-9.806927326654481247e-03
1.682096072196197483e-03
-2.241226327023737586e+00
8.104832518688821708e+00
-1.390173307115039281e+00
-3.826404499071352494e-01
1.388489304502640298e+00
-2.381592465610916642e-01
-1.786950437715836490e-03
1.684002613761118516e-03
-2.888421810174256416e-04
3.844274003364120951e-01
-1.390173307115039281e+00
2.384480887500587953e-01
4.686761203978744295e-01
-5.456453622018289096e-01
2.054380877190110366e-01
-4.164453877021255246e-01
6.304847340489924679e-02
-2.373670041189043442e-02
-5.223073269574841915e-02
4.825968887870324964e-01
-1.817013873334075713e-01
-5.456453622018289096e-01
1.683497193161238803e+00
-6.338481006528010608e-01
3.335818209357677838e-02
1.540362184614288768e-02
-5.799711072421104632e-03
5.122871801082525822e-01
-1.698900815031137101e+00
6.396478116621270305e-01
2.054380877190110366e-01
-6.338481006528010608e-01
2.386481048736263377e-01
-1.255806867171404065e-02
-5.799821767304069384e-03
2.183726057376756974e-03
-1.928800190472963749e-01
6.396479224290495535e-01
-2.408318309072468577e-01
-4.164453877021255246e-01
3.335818209357677838e-02
-1.255806867171404065e-02
4.766027432978744982e-01
-4.172872876143321474e-02
1.570942190901894811e-02
-6.015735559574844626e-02
8.370546657959151982e-03
-3.151353263591951184e-03
6.304847340489924679e-02
1.540362184614288768e-02
-5.799821767304069384e-03
-4.172872876143321474e-02
-1.540751643897835498e-02
5.801208632160569090e-03
-2.131974464346592449e-02
3.894608774280801386e-06
-1.386822523168222510e-06
-2.373670041189043442e-02
-5.799711072421104632e-03
2.183726057376756974e-03
1.570942190901894811e-02
5.801208632160569090e-03
-2.184259974717464754e-03
8.027278502871441207e-03
-1.497565740465579376e-06
5.339014020472515079e-07
-5.223073269574841915e-02
5.122871801082525822e-01
-1.928800190472963749e-01
-6.015735559574844626e-02
-2.131974464346592449e-02
8.027278502871441207e-03
1.123880882914971430e-01
-4.909674354449920508e-01
1.848527405969996040e-01
4.825968887870324964e-01
-1.698900815031137101e+00
6.396479224290496646e-01
8.370546657959151982e-03
3.894608774280802233e-06
-1.497565740465579588e-06
-4.909674354449920508e-01
1.698896920430180257e+00
-6.396464248425471899e-01
-1.817013873334075713e-01
6.396478116621270305e-01
-2.408318309072468577e-01
-3.151353263591951184e-03
-1.386822523168222510e-06
5.339014020472515079e-07
1.848527405969996040e-01
-6.396464248425473009e-01
2.408312969980276053e-01
5.204786364838287493e-01
-6.851147808412727525e-02
5.244176481009396595e-02
-4.563972718161712905e-01
-2.476644490076212318e-02
1.896018355737119285e-02
-6.408136460785968103e-02
9.327792293217972153e-02
-7.140194840242362895e-02
-6.851147808412727525e-02
2.987123717204678841e-01
-2.286575508330081774e-01
8.985469330242391861e-03
-2.566040554351040753e-02
1.964244527342008315e-02
5.952600875805964115e-02
-2.730519661695494094e-01
2.090151055486599574e-01
5.244176481009396595e-02
-2.286575508330081774e-01
1.750321731059424901e-01
-6.876175874712782236e-03
1.964259367327058151e-02
-1.503594987349841233e-02
-4.556558893857728942e-02
2.090149571540672324e-01
-1.599962232240786653e-01
-4.563972718161712905e-01
8.985469330242391861e-03
-6.876175874712782236e-03
4.733880666838288787e-01
-1.218803967681621366e-02
9.327599471427812372e-03
-1.699079490785964860e-02
3.202570434053912240e-03
-2.451423613050406763e-03
-2.476644490076212318e-02
-2.566040554351040753e-02
1.964259367327058151e-02
-1.218803967681621366e-02
2.777448983705164964e-02
-2.126071695185596105e-02
3.695448456480306121e-02
-2.114084316209486562e-03
1.618123312025726828e-03
1.896018355737119285e-02
1.964244527342008315e-02
-1.503594987349841233e-02
9.327599471427812372e-03
-2.126071695185596105e-02
1.627457743454717443e-02
-2.828778301901964040e-02
1.618271695787533177e-03
-1.238627586646570472e-03
-6.408136460785968103e-02
5.952600875805964115e-02
-4.556558893857728942e-02
-1.699079490785964860e-02
3.695448456480306121e-02
-2.828778301901964040e-02
8.107215949612342487e-02
-9.648049335763318746e-02
7.385337200889074971e-02
9.327792293217972153e-02
-2.730519661695494094e-01
2.090149571540671214e-01
3.202570434053912240e-03
-2.114084316209486562e-03
1.618271695787533177e-03
-9.648049335763318746e-02
2.751660505010191660e-01
-2.106332288723667956e-01
-7.140194840242362895e-02
2.090151055486599574e-01
-1.599962232240786653e-01
-2.451423613050406763e-03
1.618123312025726828e-03
-1.238627586646570472e-03
7.385337200889074971e-02
-2.106332288723667956e-01
1.612348508279575765e-01
4.971332694967772192e-01
-1.631212949274995008e-02
2.797272601340265036e-02
-4.705221228032227532e-01
1.763407041757026478e-02
-3.023918232173478798e-02
-2.661114670527896242e-02
-1.321940946224951438e-03
2.266456345032882500e-03
-1.631212949274995008e-02
1.313951569699454633e-02
-2.252953281885433645e-02
2.185778747745623215e-04
-1.154144514333882779e-02
1.978932014710005002e-02
1.609355159840902133e-02
-1.598070554746456066e-03
2.740212673624516527e-03
2.797272601340265036e-02
-2.252953281885433645e-02
3.863002724314684722e-02
-3.780404810852847335e-04
1.978944082863269907e-02
-3.393158963082201079e-02
-2.759468549876831905e-02
2.740091992091775973e-03
-4.698437615531337458e-03
-4.705221228032227532e-01
2.185778747745623215e-04
-3.780404810852847335e-04
4.693995005967772638e-01
-6.175193952637844522e-04
1.062070101201064917e-03
1.122622194721187294e-03
3.989415494642299621e-04
-6.840296697967648788e-04
1.763407041757026478e-02
-1.154144514333882779e-02
1.978944082863269907e-02
-6.175193952637844522e-04
1.157389566076638329e-02
-1.984496357817892853e-02
-1.701655102876077977e-02
-3.245051336089053632e-05
5.552274257353404294e-05
-3.023918232173478798e-02
1.978932014710005002e-02
-3.393158963082201079e-02
1.062070101201064917e-03
-1.984496357817892853e-02
3.402679540433593136e-02
2.917711223160041403e-02
5.564342410625524395e-05
-9.520576155864278836e-05
-2.661114670527896242e-02
1.609355159840902133e-02
-2.759468549876831905e-02
1.122622194721187294e-03
-1.701655102876077977e-02
2.917711223160041403e-02
2.548852453400657012e-02
9.229994227814401504e-04
-1.582426719851846592e-03
-1.321940946224951438e-03
-1.598070554746456066e-03
2.740091992091775973e-03
3.989415494642299621e-04
-3.245051336089053632e-05
5.564342410625523717e-05
9.229994227814401504e-04
1.630521065131498729e-03
-2.795735411095557049e-03
2.266456345032882500e-03
2.740212673624516527e-03
-4.698437615531337458e-03
-6.840296697967648788e-04
5.552274257353404294e-05
-9.520576155864278836e-05
-1.582426719851846592e-03
-2.795735411095557049e-03
4.793643368341243133e-03
4.774968516067944480e-01
-1.079102545598780577e-02
2.625645139112316520e-02
-4.718576171932056806e-01
6.205644661398823474e-03
-1.510122948534627606e-02
-5.639234401662322239e-03
4.585380796122559381e-03
-1.115522191744296177e-02
-1.079102545598780577e-02
-7.886969067641495237e-04
1.918617942190400201e-03
8.790591508638061083e-04
-4.358424805855460986e-03
1.060304690383222920e-02
9.911966319042873202e-03
5.147121734898639500e-03
-1.252166483438429609e-02
2.625645139112316520e-02
1.918617942190400201e-03
-4.667312290639552205e-03
-2.142879726981604133e-03
1.060309577190862197e-02
-2.579489769267825222e-02
-2.411357169800266639e-02
-1.252171376829834017e-02
3.046220995500438858e-02
-4.718576171932056806e-01
8.790591508638061083e-04
-2.142879726981604133e-03
4.696020765067943081e-01
-1.341968754772165148e-03
3.269010974556575341e-03
2.255540698337819318e-03
4.629096054418338295e-04
-1.126131259240777333e-03
6.205644661398823474e-03
-4.358424805855460986e-03
1.060309577190862197e-02
-1.341968754772165148e-03
3.712082758399209547e-03
-9.030650531986360655e-03
-4.863675900124292406e-03
6.463420414986895211e-04
-1.572445254656177878e-03
-1.510122948534627606e-02
1.060304690383222920e-02
-2.579489769267825222e-02
3.269010974556575341e-03
-9.030650531986360655e-03
2.196951266593821089e-02
1.183221849497104530e-02
-1.572396357352356900e-03
3.825385062584083472e-03
-5.639234401662322239e-03
9.911966319042873202e-03
-2.411357169800266639e-02
2.255540698337819318e-03
-4.863675900124292406e-03
1.183221849497104530e-02
3.383693679472278906e-03
-5.048290421985551953e-03
1.228135322636349225e-02
4.585380796122559381e-03
5.147121734898639500e-03
-1.252171376829834017e-02
4.629096054418338295e-04
6.463420414986895211e-04
-1.572396357352356900e-03
-5.048290421985551953e-03
-5.793463792718589987e-03
1.409411012874631566e-02
-1.115522191744296177e-02
-1.252166483438429609e-02
3.046220995500438858e-02
-1.126131259240777333e-03
-1.572445254656177878e-03
3.825385062584083472e-03
1.228135322636349225e-02
1.409411012874631566e-02
-3.428759502511909835e-02
2.922814255929429561e-01
-1.094517706435318566e-01
2.615328899549525937e-02
-2.408751950668989311e-02
1.805719852114104698e-02
-4.314874045495958356e-03
-1.340953320311215891e-01
1.469661754857478839e-02
-1.406476472406194000e-01
-1.340985740108589230e-01
7.669795465095496922e-02
1.188092322421940988e-01
-1.094517706435318566e-01
1.699610434856399788e-01
1.031355784222489358e-01
-2.349017312841656865e-02
-7.559141023244298971e-03
-9.878293196591501554e-03
2.551395363003901642e-02
-4.864519199340613248e-02
2.726952554352149796e-02
1.074279901623271249e-01
-1.137567104205540608e-01
-1.205268107103123348e-01
2.615328899549525937e-02
1.031355784222489358e-01
5.769139740121167481e-01
5.613422233769763819e-03
-9.878069590356784030e-03
-4.653620968226541976e-02
-1.872761302666108851e-01
7.930559345588743606e-03
-2.977462623991491419e-01
1.555094190869736881e-01
-1.011880682188960462e-01
-2.326315018740282292e-01
-2.408751950668989311e-02
-2.349017312841656865e-02
5.613422233769763819e-03
1.526813481948411516e-02
-9.150725329378227996e-03
2.186565390724849300e-03
4.409675858966156069e-03
1.623781102585022604e-02
-4.245169600334404610e-03
4.409708814659948906e-03
1.640308741987394833e-02
-3.554818019711359668e-03
1.805719852114104698e-02
-7.559141023244298971e-03
-9.878069590356784030e-03
-9.150725329378227996e-03
2.449411737694669189e-02
3.207048807966962969e-03
-3.639374702231366714e-03
-2.799859846004421494e-03
-1.531222458826399886e-03
-5.267098487043575181e-03
-1.413511656660471766e-02
8.202243198633390672e-03
-4.314874045495958356e-03
-9.878293196591501554e-03
-4.653620968226541976e-02
2.186565390724849300e-03
3.207048807966962969e-03
3.714864542839005357e-02
4.469878506266452417e-03
3.056557482264029429e-02
-9.738297543943840416e-04
-2.341569876897830332e-03
-2.389433040615572545e-02
1.036139395887781395e-02
-1.340953320311215891e-01
2.551395363003901642e-02
-1.872761302666108851e-01
4.409675858966156069e-03
-3.639374702231366714e-03
4.469878506266452417e-03
1.199134116733116817e-01
-2.359314235276110602e-02
1.631775034004433744e-01
9.772244474287244270e-03
1.718563397399439953e-03
1.962874837842442863e-02
1.469661754857478839e-02
-4.864519199340613248e-02
7.930559345588743606e-03
1.623781102585022604e-02
-2.799859846004421494e-03
3.056557482264029429e-02
-2.359314235276110602e-02
5.326659598144836000e-02
-2.517883208191986494e-02
-7.341286246885889155e-03
-1.821544140377355601e-03
-1.331730213529206362e-02
-1.406476472406194000e-01
2.726952554352149796e-02
-2.977462623991491419e-01
-4.245169600334404610e-03
-1.531222458826399886e-03
-9.738297543943840416e-04
1.631775034004433744e-01
-2.517883208191986494e-02
3.279189175381438948e-01
-1.828468656831212444e-02
-5.594710451432314624e-04
-2.919882536653352692e-02
-1.340985740108589230e-01
1.074279901623271249e-01
1.555094190869736881e-01
4.409708814659948906e-03
-5.267098487043575181e-03
-2.341569876897830332e-03
9.772244474287244270e-03
-7.341286246885889155e-03
-1.828468656831212444e-02
1.199166207157757319e-01
-9.481960546591193528e-02
-1.348831626163098651e-01
7.669795465095496922e-02
-1.137567104205540608e-01
-1.011880682188960462e-01
1.640308741987394833e-02
-1.413511656660471766e-02
-2.389433040615572545e-02
1.718563397399439953e-03
-1.821544140377355601e-03
-5.594710451432314624e-04
-9.481960546591193528e-02
1.297133711363469277e-01
1.256418697028942044e-01
1.188092322421940988e-01
-1.205268107103124320e-01
-2.326315018740282292e-01
-3.554818019711359668e-03
8.202243198633390672e-03
1.036139395887781395e-02
1.962874837842442863e-02
-1.331730213529206362e-02
-2.919882536653352692e-02
-1.348831626163098651e-01
1.256418697028942044e-01
2.514689332563352364e-01
2.762967946051158585e-01
-1.075591862596306653e-01
1.395065726570520262e-02
-1.334439138950369724e-02
3.288464128636110068e-03
-4.266204036115545562e-04
-1.314746017096108943e-01
3.473284136854041387e-02
-1.409178658520198468e-01
-1.314778015083370999e-01
6.953788079204401007e-02
1.273938289813769942e-01
-1.075591862596306653e-01
9.651911341723790061e-02
6.176659926565056247e-02
-1.501163860960839751e-02
3.502089545777420376e-02
-7.295593274701939537e-03
3.866553054766127401e-02
-4.597330631375867033e-02
4.750929281931397935e-02
8.390529424917238244e-02
-8.556670253227517675e-02
-1.019802989123488740e-01
1.395065726570520262e-02
6.176659926565056247e-02
5.646823586805386208e-01
1.947228881301979811e-03
-7.295505481798710175e-03
-2.027504844776325393e-02
-1.823270819671434784e-01
4.806878900512506075e-02
-2.920020501810016711e-01
1.664291958295285867e-01
-1.025398828192946449e-01
-2.524052600531399571e-01
-1.334439138950369724e-02
-1.501163860960839751e-02
1.947228881301979811e-03
5.668166967318361352e-03
-2.950094975659206965e-04
3.825354240987559464e-05
3.838102927290235403e-03
7.707716396320715702e-03
-5.730757311047126159e-04
3.838121506496936300e-03
7.598931711816950610e-03
-1.412406669333711451e-03
3.288464128636110068e-03
3.502089545777409968e-02
-7.295505481798710175e-03
-2.950094975659206965e-04
-3.586227104385220771e-02
6.216469965260144892e-03
-1.121008700746489641e-03
1.812835495192944429e-03
-5.227514800679745324e-04
-1.872445903559856201e-03
-9.714599596726949731e-04
1.601787003086659967e-03
-4.266204036115545562e-04
-7.295593274701939537e-03
-2.027504844776325393e-02
3.825354240987559464e-05
6.216469965260144892e-03
1.125527576453513173e-02
3.090558766303086284e-03
1.215345632236091052e-02
3.117801493319406064e-03
-2.702191908573181155e-03
-1.107433298548028862e-02
5.901971154580196513e-03
-1.314746017096108943e-01
3.866553054766127401e-02
-1.823270819671434784e-01
3.838102927290235403e-03
-1.121008700746489641e-03
3.090558766303086284e-03
1.189531177066329715e-01
-3.845132970534687750e-02
1.601635924895658813e-01
8.683381071054895040e-03
9.068078449510563136e-04
1.907293071943700138e-02
3.473284136854041387e-02
-4.597330631375867033e-02
4.806878900512506075e-02
7.707716396320715702e-03
1.812835495192944429e-03
1.215345632236080990e-02
-3.845132970534687750e-02
4.344406354537325848e-02
-4.955639845512767316e-02
-3.989228049557355660e-03
7.164073050791593773e-04
-1.066584687773949706e-02
-1.409178658520198468e-01
4.750929281931397935e-02
-2.920020501810016711e-01
-5.730757311047126159e-04
-5.227514800679745324e-04
3.117801493319406064e-03
1.601635924895658813e-01
-4.955639845512767316e-02
3.188494447532729259e-01
-1.867265100857064611e-02
2.569857108098328943e-03
-2.996519609034415527e-02
-1.314778015083370999e-01
8.390529424917238244e-02
1.664291958295285867e-01
3.838121506496936300e-03
-1.872445903559856201e-03
-2.702191908573181155e-03
8.683381071054895040e-03
-3.989228049557355660e-03
-1.867265100857064611e-02
1.189562989261516157e-01
-7.804362031312744863e-02
-1.450543529352713856e-01
6.953788079204401007e-02
-8.556670253227517675e-02
-1.025398828192946449e-01
7.598931711816950610e-03
-9.714599596726949731e-04
-1.107433298548028862e-02
9.068078449510563136e-04
7.164073050791593773e-04
2.569857108098328943e-03
-7.804362031312744863e-02
8.582175517656186192e-02
1.110443587976642360e-01
1.273938289813768832e-01
-1.019802989123488740e-01
-2.524052600531399571e-01
-1.412406669333711451e-03
1.601787003086659967e-03
5.901971154580196513e-03
1.907293071943700138e-02
-1.066584687773949706e-02
-2.996519609034415527e-02
-1.450543529352714966e-01
1.110443587976642360e-01
2.764684850503520974e-01
2.746553110226448990e-01
-1.084872117373196360e-01
1.275904420091118416e-02
-1.193086629209567928e-02
1.580020476678868808e-03
-1.858906567308083499e-04
-1.313606256009099693e-01
3.762880843233706168e-02
-1.408224126781348617e-01
-1.313638191757030560e-01
6.927838280095176271e-02
1.282492592561040867e-01
-1.084872117373196360e-01
9.362841468339913598e-02
5.581164166846969144e-02
-1.348104171743212849e-02
3.341164652788099210e-02
-6.003660894399834649e-03
4.047891252333908618e-02
-4.523306687449871188e-02
4.995533206116010982e-02
8.148934087977754981e-02
-8.180699433082885830e-02
-9.976331278454407536e-02
1.275904420091128477e-02
5.581164166846979552e-02
5.615700196342093831e-01
1.585644581540395469e-03
-6.003568701166936070e-03
-1.692326713188976525e-02
-1.815010686719806532e-01
5.355920787629631086e-02
-2.906120498069848512e-01
1.671563799050392041e-01
-1.033672807911662078e-01
-2.540347027422150128e-01
-1.193086629209567928e-02
-1.348104171743212849e-02
1.585644581540395469e-03
4.664136809121516465e-03
5.102920267941611545e-04
-6.002626840036499374e-05
3.633356596445975854e-03
6.531705848454054907e-03
-3.686428998397668524e-04
3.633372917570509321e-03
6.439043845977598067e-03
-1.156975455890680866e-03
1.580020476678868808e-03
3.341164652788099210e-02
-6.003568701166936070e-03
5.102920267941611545e-04
-3.659811386919314957e-02
5.417384164762006904e-03
-7.408338118448187879e-04
2.662060250037207466e-03
-2.757398376314142054e-04
-1.349478744211480728e-03
5.244070886990196551e-04
8.619244254179827657e-04
-1.858906567308083499e-04
-6.003660894399834649e-03
-1.692326713188976525e-02
-6.002626840036500729e-05
5.417384164762006904e-03
8.822260130294098598e-03
2.710164052148350024e-03
9.823052988323682094e-03
2.981721646762277526e-03
-2.464247119567513147e-03
-9.236776278757937234e-03
5.119285313865276979e-03
-1.313606256009099693e-01
4.047891252333908618e-02
-1.815010686719806532e-01
3.633356596445975854e-03
-7.408338118448187879e-04
2.710164052148350024e-03
1.190007412981770596e-01
-4.056570437553119746e-02
1.598280184144179605e-01
8.726527710408427813e-03
8.276256654422333445e-04
1.896288618965184108e-02
3.762880843233706168e-02
-4.523306687449871188e-02
5.355920787629631086e-02
6.531705848454054907e-03
2.662060250037207466e-03
9.823052988323682094e-03
-4.056570437553119746e-02
4.151176842653082205e-02
-5.283218192706510413e-02
-3.594809843893722288e-03
1.059238184284273278e-03
-1.055007904369505665e-02
-1.408224126781348617e-01
4.995533206116010982e-02
-2.906120498069848512e-01
-3.686428998397668524e-04
-2.757398376314142054e-04
2.981721646762277526e-03
1.598280184144180716e-01
-5.283218192706510413e-02
3.175822413759130103e-01
-1.863696279866785752e-02
3.152589738762578368e-03
-2.995191317116538410e-02
-1.313638191757030560e-01
8.148934087977754981e-02
1.671563799050392041e-01
3.633372917570509321e-03
-1.349478744211480728e-03
-2.464247119567513147e-03
8.726527710408427813e-03
-3.594809843893722288e-03
-1.863696279866785752e-02
1.190039185586237863e-01
-7.654505226951950625e-02
-1.460551700506008410e-01
6.927838280095176271e-02
-8.180699433082885830e-02
-1.033672807911662078e-01
6.439043845977598067e-03
5.244070886990196551e-04
-9.236776278757937234e-03
8.276256654422333445e-04
1.059238184284273278e-03
3.152589738762578368e-03
-7.654505226951940910e-02
8.022334906811535993e-02
1.094514673352339623e-01
1.282492592561040867e-01
-9.976331278454407536e-02
-2.540347027422150128e-01
-1.156975455890680866e-03
8.619244254179827657e-04
5.119285313865276979e-03
1.896288618965184108e-02
-1.055007904369505665e-02
-2.995191317116538410e-02
-1.460551700506008410e-01
1.094514673352339623e-01
2.788673306428379739e-01
1.938531461818318480e+00
-1.014986739187335110e-05
-6.766551349735101098e-06
-1.938531461818318036e+00
1.014986739151596757e-05
6.766551349735101945e-06
-1.014986739187335110e-05
5.314299000858113686e-11
3.542871551687198917e-11
1.014986739130012155e-05
-5.314360063124468070e-11
-3.542866000572075791e-11
-6.766551349735101098e-06
3.542871551687198917e-11
2.361918993720735216e-11
6.766551349751833387e-06
-3.542899307262814546e-11
-2.361882911472434898e-11
-1.938531461818318036e+00
1.014986739130012155e-05
6.766551349751833387e-06
1.938531461818318480e+00
-1.014986739165750338e-05
-6.766551349751834234e-06
1.014986739151596757e-05
-5.314360063124468070e-11
-3.542899307262814546e-11
-1.014986739165750338e-05
5.314282347512744309e-11
3.542882653917445168e-11
6.766551349735101945e-06
-3.542866000572075791e-11
-2.361882911472434898e-11
-6.766551349751834234e-06
3.542882653917445168e-11
2.361935647066104593e-11
2.317226250997119485e-01
-1.213277544509366817e-06
-8.088861096783600003e-07
-2.317226250997120596e-01
1.213277544472554341e-06
8.088861096783600003e-07
-1.213277544509366817e-06
6.352606808646132919e-12
4.235263615509632373e-12
1.213277544433735880e-06
-6.352621553795678722e-12
-4.235261447105287402e-12
-8.088861096783600003e-07
4.235263615509632373e-12
2.823626315401339681e-12
8.088861096781412541e-07
-4.235262314467025391e-12
-2.823629351167422641e-12
-2.317226250997120596e-01
1.213277544433735880e-06
8.088861096781412541e-07
2.317226250997119485e-01
-1.213277544470548356e-06
-8.088861096781412541e-07
1.213277544472554341e-06
-6.352621553795678722e-12
-4.235262314467025391e-12
-1.213277544470548356e-06
6.352620686433940733e-12
4.235261013424418408e-12
8.088861096783600003e-07
-4.235261447105287402e-12
-2.823629351167422641e-12
-8.088861096781412541e-07
4.235261013424418408e-12
2.823628917486553647e-12
-1.607230870102754894e-02
8.414713051407635345e-08
5.611083657375350904e-08
1.607230870102749343e-02
-8.414713051344555213e-08
-5.611083657375349581e-08
8.414713051407635345e-08
-4.405469045121179761e-13
-2.937598081453884902e-13
-8.414713051843126747e-08
4.405711906407816514e-13
2.937632775923404438e-13
5.611083657375350904e-08
-2.937598081453884902e-13
-1.959005874185848484e-13
-5.611083657268935773e-08
2.937493998045326293e-13
1.958624235021133586e-13
1.607230870102749343e-02
-8.414713051843126747e-08
-5.611083657268935773e-08
-1.607230870102754894e-02
8.414713051906212172e-08
5.611083657268933126e-08
-8.414713051344555213e-08
4.405711906407816514e-13
2.937493998045326293e-13
8.414713051906212172e-08
-4.405434350651660225e-13
-2.937546039749605598e-13
-5.611083657375349581e-08
2.937632775923404438e-13
1.958624235021133586e-13
5.611083657268933126e-08
-2.937546039749605598e-13
-1.958953832481569179e-13
6.291042708030098574e+00
-3.293809501339294813e-05
-2.195875974874853469e-05
-6.291042708030100350e+00
3.293809501263330187e-05
2.195875974874853131e-05
-3.293809501339294813e-05
1.724621001564230482e-10
1.149732531402491986e-10
3.293809501208642352e-05
-1.724591303098321760e-10
-1.149733641625516611e-10
-2.195875974874853469e-05
1.149732531402491986e-10
7.664080481362134378e-11
2.195875974872508205e-05
-1.149730866067955048e-10
-7.664113788052873133e-11
-6.291042708030100350e+00
3.293809501208642352e-05
2.195875974872508205e-05
6.291042708030098574e+00
-3.293809501284609010e-05
-2.195875974872508205e-05
3.293809501263330187e-05
-1.724591303098321760e-10
-1.149730866067955048e-10
-3.293809501284609010e-05
1.724596854213444885e-10
1.149732531402491986e-10
2.195875974874853131e-05
-1.149733641625516611e-10
-7.664113788052873133e-11
-2.195875974872508205e-05
1.149732531402491986e-10
7.664147094743611888e-11
3.195826348208947731e+00
-1.673151226355376974e-05
-1.115431037749556926e-05
-3.195826348208947731e+00
1.673151226354764061e-05
1.115431037749556926e-05
-1.673151226355376974e-05
8.759931668933518267e-11
5.839916050742743892e-11
1.673151226359736145e-05
-8.759888647791314042e-11
-5.839914662963963110e-11
-1.115431037749556926e-05
5.839916050742743892e-11
3.892935973581757025e-11
1.115431037751352974e-05
-5.839925765194209362e-11
-3.892944300254441714e-11
-3.195826348208947731e+00
1.673151226359736145e-05
1.115431037751352974e-05
3.195826348208947731e+00
-1.673151226360349397e-05
-1.115431037751352974e-05
1.673151226354764061e-05
-8.759888647791314042e-11
-5.839925765194209362e-11
-1.673151226360349397e-05
8.759915709477539281e-11
5.839922989636647799e-11
1.115431037749556926e-05
-5.839914662963963110e-11
-3.892944300254441714e-11
-1.115431037751352974e-05
5.839922989636647799e-11
3.892941524696880151e-11
-1.623692162035804687e-01
8.459137857244745337e-07
5.639211898165172172e-07
1.623692162035802466e-01
-8.459137856967049820e-07
-5.639211898165174289e-07
8.459137857244745337e-07
-4.407072195406126229e-12
-2.937931545069681108e-12
-8.459137856877908073e-07
4.407127174971069690e-12
2.937930751652863790e-12
5.639211898165172172e-07
-2.937931545069681108e-12
-1.958541693195777500e-12
-5.639211898070397655e-07
2.937909934971152068e-12
1.958456976665949012e-12
1.623692162035802466e-01
-8.459137856877908073e-07
-5.639211898070397655e-07
-1.623692162035804687e-01
8.459137857155607825e-07
5.639211898070392361e-07
-8.459137856967049820e-07
4.407127174971069690e-12
2.937909934971152068e-12
8.459137857155607825e-07
-4.407016684254894972e-12
-2.937917667281873293e-12
-5.639211898165174289e-07
2.937930751652863790e-12
1.958456976665949012e-12
5.639211898070392361e-07
-2.937917667281873293e-12
-1.958621490475672433e-12
-1.776246419029854362e-01
9.274892424478001196e-07
6.183261616257232517e-07
1.776246419029852142e-01
-9.274892424416216495e-07
-6.183261616257232517e-07
9.274892424478001196e-07
-4.842980871203423276e-12
-3.228724523019693855e-12
-9.274892424299204188e-07
4.843035007048484630e-12
3.228672594001508039e-12
6.183261616257232517e-07
-3.228724523019693855e-12
-2.152584332777035570e-12
-6.183261616258911760e-07
3.228700349577123668e-12
2.152468509213750736e-12
1.776246419029852142e-01
-9.274892424299204188e-07
-6.183261616258911760e-07
-1.776246419029854362e-01
9.274892424360988889e-07
6.183261616258918113e-07
-9.274892424416216495e-07
4.843035007048484630e-12
3.228700349577123668e-12
9.274892424360988889e-07
-4.842980871203423276e-12
-3.228689828550174318e-12
-6.183261616257232517e-07
3.228672594001508039e-12
2.152468509213750736e-12
6.183261616258918113e-07
-3.228689828550174318e-12
-2.152508004944092590e-12
-7.764375176569524029e-02
4.073314852663463664e-06
2.715749377095207740e-06
7.764374156566315743e-02
-4.073314852651261308e-06
-2.715749377095207740e-06
4.073314852663463664e-06
-2.136926175359941598e-10
-1.424725511178803776e-10
-4.073314317531073333e-06
2.136925652636170991e-10
1.424725476484290829e-10
2.715749377095207740e-06
-1.424725511178803776e-10
-9.498891950817851529e-11
-2.715749020328009744e-06
1.424725459137055035e-10
9.498890996659596916e-11
7.764374156566315743e-02
-4.073314317531073333e-06
-2.715749020328009744e-06
-7.764373136563236522e-02
4.073314317543275689e-06
2.715749020328010168e-06
-4.073314852651261308e-06
2.136925652636170991e-10
1.424725459137055035e-10
4.073314317543275689e-06
-2.136925932498652118e-10
-1.424725441789863703e-10
-2.715749377095207740e-06
1.424725476484290829e-10
9.498890996659596916e-11
2.715749020328010168e-06
-1.424725441789863703e-10
-9.498890129358201753e-11
-6.816059870090906969e-02
4.752383023376023392e-07
3.168255348930083186e-07
6.816059870090901418e-02
-4.752383023399646612e-07
-3.168255348930082657e-07
4.752383023376023392e-07
-3.313527054015382920e-12
-2.209014713947791436e-12
-4.752383023436792712e-07
3.313519080062446800e-12
2.209016331224674374e-12
3.168255348930083186e-07
-2.209014713947791436e-12
-1.472661413955521945e-12
-3.168255348933272265e-07
2.209012861777722420e-12
1.472659656413411702e-12
6.816059870090901418e-02
-4.752383023436792712e-07
-3.168255348933272265e-07
-6.816059870090906969e-02
4.752383023413171081e-07
3.168255348933271736e-07
-4.752383023399646612e-07
3.313519080062446800e-12
2.209012861777722420e-12
4.752383023413171081e-07
-3.313506237333671198e-12
-2.209015581309529424e-12
-3.168255348930082657e-07
2.209016331224674374e-12
1.472659656413411702e-12
3.168255348933271736e-07
-2.209015581309529424e-12
-1.472678761190281713e-12
8.554023320002682729e-01
-4.478319751554917686e-06
-2.985546233707502417e-06
-8.554023320002684949e-01
4.478319751464978034e-06
2.985546233707502417e-06
-4.478319751554917686e-06
2.344553457628295590e-11
1.563034120535822247e-11
4.478319751377614208e-06
-2.344551375960124417e-11
-1.563034120535822247e-11
-2.985546233707502417e-06
1.563034120535822247e-11
1.042022631375649766e-11
2.985546233707838266e-06
-1.563033990431561548e-11
-1.042022371167128370e-11
-8.554023320002684949e-01
4.478319751377614208e-06
2.985546233707838266e-06
8.554023320002682729e-01
-4.478319751467553861e-06
-2.985546233707838266e-06
4.478319751464978034e-06
-2.344551375960124417e-11
-1.563033990431561548e-11
-4.478319751467553861e-06
2.344551701220776163e-11
1.563033990431561548e-11
2.985546233707502417e-06
-1.563034120535822247e-11
-1.042022371167128370e-11
-2.985546233707838266e-06
1.563033990431561548e-11
1.042022457903302168e-11
-5.255252500233435764e-02
2.750934854688435354e-07
1.833165438690128264e-07
5.255252500233427437e-02
-2.750934854646174234e-07
-1.833165438690130117e-07
2.750934854688435354e-07
-1.440014774090059291e-12
-9.595803969128513522e-13
-2.750934854711180836e-07
1.440000896302251476e-12
9.595826466323592596e-13
1.833165438690128264e-07
-9.595803969128513522e-13
-6.394038589451316317e-13
-1.833165438690268025e-07
9.595722382915033988e-13
6.394316210323130426e-13
5.255252500233427437e-02
-2.750934854711180836e-07
-1.833165438690268025e-07
-5.255252500233435764e-02
2.750934854753444604e-07
1.833165438690263790e-07
-2.750934854646174234e-07
1.440000896302251476e-12
9.595722382915033988e-13
2.750934854753444604e-07
-1.439980079620539755e-12
-9.595745151160656183e-13
-1.833165438690130117e-07
9.595826466323592596e-13
6.394316210323130426e-13
1.833165438690263790e-07
-9.595745151160656183e-13
-6.394593829606757759e-13
-9.899606390122603350e-02
5.184303582418664389e-07
3.456456200633887378e-07
9.899606390122597799e-02
-5.184303582382968303e-07
-3.456456200633888967e-07
5.184303582418664389e-07
-2.714974078887898747e-12
-1.810107835805723688e-12
-5.184303582340048085e-07
2.714967139993952026e-12
1.810091465120051223e-12
3.456456200633887378e-07
-1.810107835805723688e-12
-1.206921476287935071e-12
-3.456456200632532126e-07
1.810116076509366643e-12
1.206872728238365694e-12
9.899606390122597799e-02
-5.184303582340048085e-07
-3.456456200632532126e-07
-9.899606390122603350e-02
5.184303582375743112e-07
3.456456200632534773e-07
-5.184303582382968303e-07
2.714967139993952026e-12
1.810116076509366643e-12
5.184303582375743112e-07
-2.714984487228754607e-12
-1.810099595869212798e-12
-3.456456200633888967e-07
1.810091465120051223e-12
1.206872728238365694e-12
3.456456200632534773e-07
-1.810099595869212798e-12
-1.206851436827592508e-12
-8.647113620079728558e-02
4.527548461563501892e-07
3.018635768935436649e-07
8.647112290079625452e-02
-4.527548461522633082e-07
-3.018635768935436649e-07
4.527548461563501892e-07
-2.370586374043712394e-12
-1.580560064478290402e-12
-4.527547765115440961e-07
2.370575949807643215e-12
1.580545969572829494e-12
3.018635768935436649e-07
-1.580560064478290402e-12
-1.053805198076283429e-12
-3.018635304643430627e-07
1.580561554979058973e-12
1.053790609471450092e-12
8.647112290079625452e-02
-4.527547765115440961e-07
-3.018635304643430627e-07
-8.647110960079727737e-02
4.527547765156308713e-07
3.018635304643433274e-07
-4.527548461522633082e-07
2.370575949807643215e-12
1.580561554979058973e-12
4.527547765156308713e-07
-2.370593312937616301e-12
-1.580547487733089570e-12
-3.018635768935436649e-07
1.580545969572829494e-12
1.053790609471450092e-12
3.018635304643433274e-07
-1.580547487733089570e-12
-1.053780638567736027e-12
6.086030346235385302e+00
-3.185601594625319641e-05
-2.123731490054151514e-05
-6.086030346235383526e+00
3.185601594581441301e-05
2.123731490054151514e-05
-3.185601594625319641e-05
1.667435078900325607e-10
1.111628566974331989e-10
3.185601594540268724e-05
-1.667445626019059546e-10
-1.111627456751307363e-10
-2.123731490054151514e-05
1.111628566974331989e-10
7.410749791603166159e-11
2.123731490063846653e-05
-1.111625236305258113e-10
-7.410749791603166159e-11
-6.086030346235383526e+00
3.185601594540268724e-05
2.123731490063846653e-05
6.086030346235385302e+00
-3.185601594584146386e-05
-2.123731490063846992e-05
3.185601594581441301e-05
-1.667445626019059546e-10
-1.111625236305258113e-10
-3.185601594584146386e-05
1.667448956688133421e-10
1.111623570970721175e-10
2.123731490054151514e-05
-1.111627456751307363e-10
-7.410749791603166159e-11
-2.123731490063846992e-05
1.111623570970721175e-10
7.410744240488043033e-11
1.383145661706338680e+00
-7.235885321662311206e-06
-4.823983288854148280e-06
-1.383145661706338680e+00
7.235885321541270198e-06
4.823983288854149127e-06
-7.235885321662311206e-06
3.785428914770960773e-11
2.523654896169347239e-11
7.235885321460647908e-06
-3.785431690328522336e-11
-2.523646569496662551e-11
-4.823983288854148280e-06
2.523654896169347239e-11
1.682479155995508791e-11
4.823983288863621496e-06
-2.523660447284470365e-11
-1.682461808760749022e-11
-1.383145661706338680e+00
7.235885321460647908e-06
4.823983288863621496e-06
1.383145661706338680e+00
-7.235885321581688916e-06
-4.823983288863622343e-06
7.235885321541270198e-06
-3.785431690328522336e-11
-2.523660447284470365e-11
-7.235885321581688916e-06
3.785426139213399210e-11
2.523653508390566458e-11
4.823983288854149127e-06
-2.523646569496662551e-11
-1.682461808760749022e-11
-4.823983288863622343e-06
2.523653508390566458e-11
1.682457645424406678e-11
-8.580660600518418349e-03
4.462013864173331301e-08
2.977294462222484109e-08
8.580660600518390593e-03
-4.462013864228700786e-08
-2.977294462222476830e-08
4.462013864173331301e-08
-2.320366012076188639e-13
-1.548438621002934263e-13
-4.462013864319206256e-08
2.320435619796004772e-13
1.548329012989202574e-13
2.977294462222484109e-08
-1.548438621002934263e-13
-1.033366318705528529e-13
-2.977294462209957286e-08
1.548415749163001414e-13
1.033140369286602690e-13
8.580660600518390593e-03
-4.462013864319206256e-08
-2.977294462209957286e-08
-8.580660600518418349e-03
4.462013864263840742e-08
2.977294462209979785e-08
-4.462013864228700786e-08
2.320435619796004772e-13
1.548415749163001414e-13
4.462013864263840742e-08
-2.320296623137149567e-13
-1.548334537594375655e-13
-2.977294462222476830e-08
1.548329012989202574e-13
1.033140369286602690e-13
2.977294462209979785e-08
-1.548334537594375655e-13
-1.033192846357930849e-13
-2.146298350046674588e-02
1.121763989342025894e-07
7.478426595623877261e-08
2.146298350046671813e-02
-1.121763989345253222e-07
-7.478426595623877261e-08
1.121763989342025894e-07
-5.862711856363619425e-13
-3.908611486214427430e-13
-1.121763989340489588e-07
5.862908618214971377e-13
3.908624955284137684e-13
7.478426595623877261e-08
-3.908611486214427430e-13
-2.605667993957362725e-13
-7.478426595691850331e-08
3.908538219110338844e-13
2.605588779372423815e-13
2.146298350046671813e-02
-1.121763989340489588e-07
-7.478426595691850331e-08
-2.146298350046674588e-02
1.121763989337261995e-07
7.478426595691845037e-08
-1.121763989345253222e-07
5.862908618214971377e-13
3.908538219110338844e-13
1.121763989337261995e-07
-5.862867981476457337e-13
-3.908602812597047546e-13
-7.478426595623877261e-08
3.908624955284137684e-13
2.605588779372423815e-13
7.478426595691845037e-08
-3.908602812597047546e-13
-2.605720035661642030e-13
1.555834774101344964e+00
-8.021489708572968367e-06
-5.347692406676241714e-06
-1.555834774101344964e+00
8.021489708577874382e-06
5.347692406676241714e-06
-8.021489708572968367e-06
4.135693057547712437e-11
2.757132543107498890e-11
8.021489708585336742e-06
-4.135674940529410204e-11
-2.757132282898977493e-11
-5.347692406676241714e-06
2.757132543107498890e-11
1.838106056251120890e-11
5.347692406675690295e-06
-2.757133150260715482e-11
-1.838102586804168936e-11
-1.555834774101344964e+00
8.021489708585336742e-06
5.347692406675690295e-06
1.555834774101344964e+00
-8.021489708580430727e-06
-5.347692406675690295e-06
8.021489708577874382e-06
-4.135674940529410204e-11
-2.757133150260715482e-11
-8.021489708580430727e-06
4.135677618508776243e-11
2.757132890052194085e-11
5.347692406676241714e-06
-2.757132282898977493e-11
-1.838102586804168936e-11
-5.347692406675690295e-06
2.757132890052194085e-11
1.838101892914778546e-11
-8.041509800348782544e-02
4.212356641324221395e-07
2.808078600302854552e-07
8.041509800348760340e-02
-4.212356644040337890e-07
-2.808078600302852964e-07
4.212356641324221395e-07
-2.206520773387343759e-12
-1.471269286956733424e-12
-4.212356641218426979e-07
2.206595366496810762e-12
1.471218979975930097e-12
2.808078600302854552e-07
-1.471269286956733424e-12
-9.805212197733226276e-13
-2.808078600317066706e-07
1.471225918869834004e-12
9.804101974708601119e-13
8.041509800348760340e-02
-4.212356641218426979e-07
-2.808078600317066706e-07
-8.041509800348782544e-02
4.212356643740573988e-07
2.808078600317069882e-07
-4.212356644040337890e-07
2.206595366496810762e-12
1.471225918869834004e-12
4.212356643740573988e-07
-2.206586259198561883e-12
-1.471198163294218375e-12
-2.808078600302852964e-07
1.471218979975930097e-12
9.804101974708601119e-13
2.808078600317069882e-07
-1.471198163294218375e-12
-9.805489753489382565e-13
-1.088129209030573308e-01
5.699225395759082451e-07
3.799873687759491860e-07
1.088129209030571365e-01
-5.699225395508833978e-07
-3.799873687759492918e-07
5.699225395759082451e-07
-2.985092264113198336e-12
-1.990199592587353735e-12
-5.699225395555768074e-07
2.985104295232965331e-12
1.990227506449988752e-12
3.799873687759491860e-07
-1.990199592587353735e-12
-1.327049588118229912e-12
-3.799873687753981381e-07
1.990234445343892659e-12
1.326955899482966566e-12
1.088129209030571365e-01
-5.699225395555768074e-07
-3.799873687753981381e-07
-1.088129209030573308e-01
5.699225395806018664e-07
3.799873687753980322e-07
-5.699225395508833978e-07
2.985104295232965331e-12
1.990234445343892659e-12
5.699225395806018664e-07
-2.985022875174159264e-12
-1.990234287056873271e-12
-3.799873687759492918e-07
1.990227506449988752e-12
1.326955899482966566e-12
3.799873687753980322e-07
-1.990234287056873271e-12
-1.327014893648710376e-12
-8.161992472570167578e-02
4.308850260602707072e-07
2.872566834651688730e-07
8.161992467570161613e-02
-4.308850260674505820e-07
-2.872566834651688730e-07
4.308850260602707072e-07
-2.274679646168194417e-12
-1.516464444285026643e-12
-4.308850258101226608e-07
2.274690037640192064e-12
1.516469919440288131e-12
2.872566834651688730e-07
-1.516464444285026643e-12
-1.010985504936609396e-12
-2.872566832892107484e-07
1.516462330025080733e-12
1.010987361980245231e-12
8.161992467570161613e-02
-4.308850258101226608e-07
-2.872566832892107484e-07
-8.161992462570168139e-02
4.308850258029425213e-07
2.872566832892107484e-07
-4.308850260674505820e-07
2.274690037640192064e-12
1.516462330025080733e-12
4.308850258029425213e-07
-2.274728182850137983e-12
-1.516467805311761348e-12
-2.872566834651688730e-07
1.516469919440288131e-12
1.010987361980245231e-12
2.872566832892107484e-07
-1.516467805311761348e-12
-1.010985504936609396e-12
2.622550346989934167e-01
-1.373276948477441839e-06
-9.155179656269332472e-07
-2.622550346989934167e-01
1.373276948439270088e-06
9.155179656269333531e-07
-1.373276948477441839e-06
7.191015144458745567e-12
4.794092206550359947e-12
1.373276948399923713e-06
-7.191112288973400268e-12
-4.794090471826883970e-12
-9.155179656269332472e-07
4.794092206550359947e-12
3.196058001586621344e-12
9.155179656271757104e-07
-4.794080063486028109e-12
-3.196049327969241460e-12
-2.622550346989934167e-01
1.373276948399923713e-06
9.155179656271757104e-07
2.622550346989934167e-01
-1.373276948438095041e-06
-9.155179656271758163e-07
1.373276948439270088e-06
-7.191112288973400268e-12
-4.794080063486028109e-12
-1.373276948438095041e-06
7.191122697314256129e-12
4.794081798209504086e-12
9.155179656269333531e-07
-4.794090471826883970e-12
-3.196049327969241460e-12
-9.155179656271758163e-07
4.794081798209504086e-12
3.196049327969241460e-12
7.758362569852431112e-02
-4.060854166834341979e-07
-2.707236111237366917e-07
-7.758362569852431112e-02
4.060854166818973625e-07
2.707236111237367976e-07
-4.060854166834341979e-07
2.125633002947324712e-12
1.417102546419357623e-12
4.060854166934040934e-07
-2.125657289075988388e-12
-1.417085199184597855e-12
-2.707236111237366917e-07
1.417102546419357623e-12
9.448310189785757984e-13
2.707236111261519002e-07
-1.417119893654117391e-12
-9.447720383803925870e-13
-7.758362569852431112e-02
4.060854166934040934e-07
2.707236111261519002e-07
7.758362569852431112e-02
-4.060854166949407170e-07
-2.707236111261522708e-07
4.060854166818973625e-07
-2.125657289075988388e-12
-1.417119893654117391e-12
-4.060854166949407170e-07
2.125650350182084480e-12
1.417088668631549808e-12
2.707236111237367976e-07
-1.417085199184597855e-12
-9.447720383803925870e-13
-2.707236111261522708e-07
1.417088668631549808e-12
9.447425480813009813e-13
-1.621852170125075154e-02
8.488959795682991900e-08
5.660437035067836413e-08
1.621852170125068909e-02
-8.488959795455055334e-08
-5.660437035067833766e-08
8.488959795682991900e-08
-4.443043155610837402e-13
-2.962786266325068141e-13
-8.488959795591713512e-08
4.443320711366993692e-13
2.962716877386029068e-13
5.660437035067836413e-08
-2.962786266325068141e-13
-1.975711261259505136e-13
-5.660437034761600916e-08
2.962751571855548605e-13
1.975260233155751166e-13
1.621852170125068909e-02
-8.488959795591713512e-08
-5.660437034761600916e-08
-1.621852170125075154e-02
8.488959795819650078e-08
5.660437034761608857e-08
-8.488959795455055334e-08
4.443320711366993692e-13
2.962751571855548605e-13
8.488959795819650078e-08
-4.443043155610837402e-13
-2.962751571855548605e-13
-5.660437035067833766e-08
2.962716877386029068e-13
1.975260233155751166e-13
5.660437034761608857e-08
-2.962751571855548605e-13
-1.975659219555225832e-13
-2.148838810021524645e-02
1.125499438717828169e-07
7.503329591182223833e-08
2.148838810021523257e-02
-1.125499438677343832e-07
-7.503329591182221186e-08
1.125499438717828169e-07
-5.894948275838967586e-13
-3.930042037356752703e-13
-1.125499438638854258e-07
5.895052123741812469e-13
3.930033400381059662e-13
7.503329591182223833e-08
-3.930042037356752703e-13
-2.620065622940530262e-13
-7.503329591260563793e-08
3.930037737189749604e-13
2.619981054877436363e-13
2.148838810021523257e-02
-1.125499438638854258e-07
-7.503329591260563793e-08
-2.148838810021524645e-02
1.125499438679338330e-07
7.503329591260566440e-08
-1.125499438677343832e-07
5.895052123741812469e-13
3.930037737189749604e-13
1.125499438679338330e-07
-5.894987307117177064e-13
-3.930029026930682877e-13
-7.503329591182221186e-08
3.930033400381059662e-13
2.619981054877436363e-13
7.503329591260566440e-08
-3.930029026930682877e-13
-2.620037433684045639e-13
-2.012797774986303967e+00
-6.412519622495590710e+00
7.253666083068277537e-01
-6.488794218630403177e-02
1.621834142718880933e+00
-1.834554077372525793e-01
2.077685717108762820e+00
4.790685479765198096e+00
-5.419112005608779370e-01
-6.412519622495590710e+00
1.620729290911719289e+01
-1.833284064334482544e+00
1.992242985568783709e-01
7.644113653776257733e-01
-8.646797123302440990e-02
6.213295323933676784e+00
-1.697170427451085217e+01
1.919752035522747979e+00
7.253666083068277537e-01
-1.833284064334482544e+00
2.073714887784981198e-01
-2.253525789311042540e-02
-8.647296875213787704e-02
9.781568548763162549e-03
-7.028313504131483702e-01
1.919757033088436149e+00
-2.171530573221906180e-01
-6.488794218630403177e-02
1.992242985568783709e-01
-2.253525789311042540e-02
4.783375902136961511e-01
-1.983977445166150710e-01
2.244030887524225276e-02
-4.134496479912365130e-01
-8.265540517730657214e-04
9.494902656530384579e-05
1.621834142718880933e+00
7.644113653776257733e-01
-8.647296875213787704e-02
-1.983977445166150710e-01
-6.921177028370281148e-01
7.829038748528398262e-02
-1.423436398189929619e+00
-7.229366252897888312e-02
8.182581264643952121e-03
-1.834554077372525793e-01
-8.646797123302440990e-02
9.781568548763162549e-03
2.244030887524225276e-02
7.829038748528398262e-02
-8.855986117529371371e-03
1.610150988606152966e-01
8.177583746422169286e-03
-9.255824309750879629e-04
2.077685717108762820e+00
6.213295323933676784e+00
-7.028313504131483702e-01
-4.134496479912365130e-01
-1.423436398189929619e+00
1.610150988606152966e-01
-1.664236069089810366e+00
-4.789858925720730021e+00
5.418162515351381270e-01
4.790685479765198096e+00
-1.697170427451085217e+01
1.919757033088436149e+00
-8.265540517730657214e-04
-7.229366252897888312e-02
8.177583746422169286e-03
-4.789858925720730021e+00
1.704399793704423871e+01
-1.927934616787892130e+00
-5.419112005608779370e-01
1.919752035522747979e+00
-2.171530573221906180e-01
9.494902656530384579e-05
8.182581264643952121e-03
-9.255824309750879629e-04
5.418162515351381270e-01
-1.927934616787892130e+00
2.180786397478596539e-01
2.956095897215084145e-01
-1.281220250212420364e+00
3.272737973548243695e-01
-3.632533032784914795e-01
2.354134830354112640e-01
-6.013270435703429312e-02
6.764371351910204722e-02
1.045806767174266128e+00
-2.671410930456771249e-01
-1.281220250212420364e+00
3.686902825762408131e+00
-9.417777315709584540e-01
6.181241672761222244e-02
1.052991056294484834e-01
-2.689782306050292685e-02
1.219407833490138149e+00
-3.792201931421606886e+00
9.686755546890150059e-01
3.272737973548243695e-01
-9.417777315709584540e-01
2.405664964853993504e-01
-1.578805315493381559e-02
-2.689844852712278481e-02
6.870995760831148484e-03
-3.114857442012518018e-01
9.686761801056806842e-01
-2.474374922609317851e-01
-3.632533032784914795e-01
6.181241672761222244e-02
-1.578805315493381559e-02
4.774744385215086151e-01
-7.277646373754255438e-02
1.858829750439934189e-02
-1.142211351808977149e-01
1.096404703193565658e-02
-2.800244300463247508e-03
2.354134830354112640e-01
1.052991056294485805e-01
-2.689844852712278481e-02
-7.277646373754255438e-02
-1.062963094568141198e-01
2.715258829820665562e-02
-1.626370193121066121e-01
9.972038213007033362e-04
-2.541397805942816643e-04
-6.013270435703429312e-02
-2.689782306050292685e-02
6.870995760831148484e-03
1.858829750439934189e-02
2.715258829820665562e-02
-6.935923310337662774e-03
4.154440685627160124e-02
-2.547652361546278127e-04
6.492755193569980476e-05
6.764371351910204722e-02
1.219407833490138149e+00
-3.114857442012518018e-01
-1.142211351808977149e-01
-1.626370193121066121e-01
4.154440685627160124e-02
4.657742163756270481e-02
-1.056770814197294683e+00
2.699413373438650510e-01
1.045806767174266128e+00
-3.792201931421606886e+00
9.686761801056806842e-01
1.096404703193565658e-02
9.972038213007033362e-04
-2.547652361546278127e-04
-1.056770814197294683e+00
3.791204727636122929e+00
-9.684214149175695008e-01
-2.671410930456771249e-01
9.686755546890152280e-01
-2.474374922609317851e-01
-2.800244300463247508e-03
-2.541397805942816643e-04
6.492755193569979121e-05
2.699413373438650510e-01
-9.684214149175696118e-01
2.473725647212682566e-01
5.027901008863233656e-01
-1.508802166394976330e-02
2.268717029708855470e-02
-4.691388033136764113e-01
2.128374875485264384e-02
-3.200188910363609834e-02
-3.365129751464436547e-02
-6.195727035361354301e-03
9.314718848968355294e-03
-1.508802166394976330e-02
2.532311500561842607e-02
-3.807198981794049364e-02
-5.561709019928444929e-04
-1.453438713050612778e-02
2.185163900498605580e-02
1.564419256341728973e-02
-1.078872784656338332e-02
1.622035078919777801e-02
2.268717029708855470e-02
-3.807198981794049364e-02
5.723926179194521735e-02
8.332150844887770830e-04
2.185177668362464284e-02
-3.285292538942114621e-02
-2.352038537778004812e-02
1.622021309139443437e-02
-2.438633636680705846e-02
-4.691388033136764113e-01
-5.561709019928444929e-04
8.332150844887770830e-04
4.697991153863236291e-01
4.842393419529938850e-04
-7.250658794335070262e-04
-6.603121146441646343e-04
7.193153231792132291e-05
-1.081492180169546253e-04
2.128374875485264384e-02
-1.453438713050612778e-02
2.185177668362464284e-02
4.842393419529938850e-04
1.497807384438525416e-02
-2.251869774181659845e-02
-2.176798808786091152e-02
-4.436867066783672388e-04
6.669210794977433561e-04
-3.200188910363609834e-02
2.185163900498605580e-02
-3.285292538942114621e-02
-7.250658794335070262e-04
-2.251869774181659845e-02
3.385560476836002586e-02
3.272695496962144818e-02
6.670587260044310478e-04
-1.002679410971032622e-03
-3.365129751464436547e-02
1.564419256341728973e-02
-2.352038537778004812e-02
-6.603121146441646343e-04
-2.176798808786091152e-02
3.272695496962144818e-02
3.431160961328335451e-02
6.123795496624183203e-03
-9.206569621300517495e-03
-6.195727035361354301e-03
-1.078872784656338332e-02
1.622021309139443437e-02
7.193153231792132291e-05
-4.436867066783672388e-04
6.670587260044310478e-04
6.123795496624183203e-03
1.123241451749203840e-02
-1.688727181494800028e-02
9.314718848968355294e-03
1.622035078919777801e-02
-2.438633636680705846e-02
-1.081492180169546253e-04
6.669210794977433561e-04
-1.002679410971032622e-03
-9.206569621300517495e-03
-1.688727181494800028e-02
2.538901577409316893e-02
4.971332694967772192e-01
-1.631212949274995008e-02
2.797272601340265036e-02
-4.705221228032227532e-01
1.763407041757026478e-02
-3.023918232173478798e-02
-2.661114670527896242e-02
-1.321940946224951438e-03
2.266456345032882500e-03
-1.631212949274995008e-02
1.313951569699454633e-02
-2.252953281885433645e-02
2.185778747745623215e-04
-1.154144514333882779e-02
1.978932014710005002e-02
1.609355159840902133e-02
-1.598070554746456066e-03
2.740212673624516527e-03
2.797272601340265036e-02
-2.252953281885433645e-02
3.863002724314684722e-02
-3.780404810852847335e-04
1.978944082863269907e-02
-3.393158963082201079e-02
-2.759468549876831905e-02
2.740091992091775973e-03
-4.698437615531337458e-03
-4.705221228032227532e-01
2.185778747745623215e-04
-3.780404810852847335e-04
4.693995005967772638e-01
-6.175193952637844522e-04
1.062070101201064917e-03
1.122622194721187294e-03
3.989415494642299621e-04
-6.840296697967648788e-04
1.763407041757026478e-02
-1.154144514333882779e-02
1.978944082863269907e-02
-6.175193952637844522e-04
1.157389566076638329e-02
-1.984496357817892853e-02
-1.701655102876077977e-02
-3.245051336089053632e-05
5.552274257353404294e-05
-3.023918232173478798e-02
1.978932014710005002e-02
-3.393158963082201079e-02
1.062070101201064917e-03
-1.984496357817892853e-02
3.402679540433593136e-02
2.917711223160041403e-02
5.564342410625524395e-05
-9.520576155864278836e-05
-2.661114670527896242e-02
1.609355159840902133e-02
-2.759468549876831905e-02
1.122622194721187294e-03
-1.701655102876077977e-02
2.917711223160041403e-02
2.548852453400657012e-02
9.229994227814401504e-04
-1.582426719851846592e-03
-1.321940946224951438e-03
-1.598070554746456066e-03
2.740091992091775973e-03
3.989415494642299621e-04
-3.245051336089053632e-05
5.564342410625523717e-05
9.229994227814401504e-04
1.630521065131498729e-03
-2.795735411095557049e-03
2.266456345032882500e-03
2.740212673624516527e-03
-4.698437615531337458e-03
-6.840296697967648788e-04
5.552274257353404294e-05
-9.520576155864278836e-05
-1.582426719851846592e-03
-2.795735411095557049e-03
4.793643368341243133e-03
-9.375824479112392362e-01
1.736554054260999153e-05
2.010605880041238151e-05
1.195449909594511473e+00
-2.402778305899191190e-05
-1.957673915824757255e-05
-1.289328062199170677e-01
3.134958272635453014e-01
3.891547238966772682e-01
-1.289346554985652538e-01
-3.134891650309933886e-01
-3.891552532374670248e-01
1.736554054260999153e-05
3.041374122328536878e+00
4.313729522732418609e+00
-2.337116765754783873e-05
-3.747079188411880146e+00
-4.227063098834951127e+00
-2.073287932318833293e-02
3.528507511027472177e-01
-4.333561422464137641e-02
2.073888493501924515e-02
3.528543149557555325e-01
-4.333080968220891227e-02
2.010605880041238151e-05
4.313729522732419497e+00
2.937487174177042970e+00
-1.706475727746912369e-05
-3.814228705146230691e+00
-2.679016523076897194e+00
1.509474130406759929e-01
-2.497508298021339779e-01
-1.292344667967662564e-01
-1.509504543894303608e-01
-2.497499877839121363e-01
-1.292361843368416141e-01
1.195449909594511473e+00
-2.337116765754783873e-05
-1.706475727746912369e-05
-9.356325261028056728e-01
2.376396926475988017e-05
1.703737607189103869e-05
-1.299102030964421617e-01
-2.797106221937045722e-01
-1.380865981223639849e-01
-1.299071804167299671e-01
2.797102293740473811e-01
1.380866255041265089e-01
-2.402778305899191190e-05
-3.747079188411880590e+00
-3.814228705146230691e+00
2.376396926475988017e-05
3.954699313802680916e+00
3.780569840549051985e+00
1.537942143613691510e-03
-1.038083693226687781e-01
1.683027540087083176e-02
-1.537678298103875140e-03
-1.038117560368539971e-01
1.682858921695572219e-02
-1.957673915824757255e-05
-4.227063098834951127e+00
-2.679016523076897194e+00
1.703737607189103869e-05
3.780569840549051541e+00
2.826223811399070751e+00
2.300410302568364068e-02
2.232460442412916857e-01
-7.360382719836831844e-02
-2.300156361222960646e-02
2.232472140940431338e-01
-7.360346109100052159e-02
-1.289328062199170677e-01
-2.073287932318833293e-02
1.509474130406759929e-01
-1.299102030964421617e-01
1.537942143613691510e-03
2.300410302568364068e-02
2.987725155976205804e-01
-7.294996319672218156e-03
-2.125101145171588157e-01
-3.992950630291124819e-02
2.648993355059920188e-02
3.855859849434132430e-02
3.134958272635451904e-01
3.528507511027472177e-01
-2.497508298021339779e-01
-2.797106221937044612e-01
-1.038083693226687781e-01
2.232460442412916857e-01
-7.294996319672218156e-03
-2.048754336725397696e-01
-4.385757766767360566e-02
-2.649020876013903278e-02
-4.416694811369406559e-02
7.036236322457072034e-02
3.891547238966772682e-01
-4.333561422464137641e-02
-1.292344667967662564e-01
-1.380865981223639849e-01
1.683027540087083176e-02
-7.360382719836831844e-02
-2.125101145171588157e-01
-4.385757766767360566e-02
1.577573391657070279e-01
-3.855801128449010129e-02
7.036291645207767842e-02
4.508095482247195113e-02
-1.289346554985652538e-01
2.073888493501924515e-02
-1.509504543894303608e-01
-1.299071804167299671e-01
-1.537678298103875140e-03
-2.300156361222960646e-02
-3.992950630291124819e-02
-2.649020876013903278e-02
-3.855801128449010129e-02
2.987713422965572185e-01
7.289002099885010140e-03
2.125100292631998677e-01
-3.134891650309933886e-01
3.528543149557554215e-01
-2.497499877839121363e-01
2.797102293740473811e-01
-1.038117560368539971e-01
2.232472140940431338e-01
2.648993355059920188e-02
-4.416694811369406559e-02
7.036291645207767842e-02
7.289002099885010140e-03
-2.048756108054834990e-01
-4.386014276952839713e-02
-3.891552532374670248e-01
-4.333080968220891227e-02
-1.292361843368416141e-01
1.380866255041265089e-01
1.682858921695572219e-02
-7.360346109100052159e-02
3.855859849434132430e-02
7.036236322457072034e-02
4.508095482247195113e-02
2.125100292631998677e-01
-4.386014276952839713e-02
1.577586906129857802e-01
2.916238773068194901e-01
-1.113770419498428671e-01
3.674902254506243193e-02
-2.716081582274010309e-02
2.153107496265857859e-02
-7.104373397807611269e-03
-1.322299280975779145e-01
3.570665768590889494e-03
-1.401439021678541341e-01
-1.322331334016741966e-01
8.627530120507254097e-02
1.104992530571078241e-01
-1.113770419498428671e-01
3.417263576064842878e-01
8.640146698002576509e-02
-2.658123269966334440e-02
-1.583646692009610668e-01
3.320132490011864362e-02
1.444317947863191925e-02
-4.880404068311831184e-02
9.030810313850069423e-03
1.235150952305666960e-01
-1.345576476173033775e-01
-1.286336022519515565e-01
3.674902254506243193e-02
8.640146698002586223e-02
5.750676301004908897e-01
8.771098438089000582e-03
3.320159029783847221e-02
-6.869946239886212669e-02
-1.880356943173767947e-01
-1.283948166875201885e-02
-2.960624888074784855e-01
1.425155733393461133e-01
-1.067635755532153480e-01
-2.103056788621146811e-01
-2.716081582274010309e-02
-2.658123269966334440e-02
8.771098438089000582e-03
2.170696235899847309e-02
-1.458661218119018492e-02
4.812927242608588431e-03
2.726928570846642082e-03
1.999186165430408280e-02
-8.585724847757035885e-03
2.726924892381080417e-03
2.117598319230482029e-02
-4.998300839278304632e-03
2.153107496265857859e-02
-1.583646692009610668e-01
3.320159029783847221e-02
-1.458661218119018492e-02
1.837652235921067301e-01
-4.314366124315267836e-02
-2.999611179354387362e-03
-2.659236036418077907e-03
6.065426005796799086e-05
-3.944851642240640964e-03
-2.274131833208798900e-02
9.881416746135676318e-03
-7.104373397807611269e-03
3.320132490011864362e-02
-6.869946239886212669e-02
4.812927242608588431e-03
-4.314366124315267836e-02
6.725002662605779336e-02
2.578022571146409373e-03
3.699878106930808153e-02
-9.316325968969826551e-03
-2.865763942068483999e-04
-2.705644471722680119e-02
1.076576173089451721e-02
-1.322299280975779145e-01
1.444317947863191925e-02
-1.880356943173767947e-01
2.726928570846642082e-03
-2.999611179354387362e-03
2.578022571146409373e-03
1.197633063250740648e-01
-1.395475504285156529e-02
1.659226048578259782e-01
9.739693199412294625e-03
2.511186735028852340e-03
1.953506686662084477e-02
3.570665768590889494e-03
-4.880404068311831184e-02
-1.283948166875201885e-02
1.999186165430408280e-02
-2.659236036418077907e-03
3.699878106930808153e-02
-1.395475504285156529e-02
5.340308348916347758e-02
-7.000797703968826384e-03
-9.607772394722671749e-03
-1.939806800621423624e-03
-1.715850167382267089e-02
-1.401439021678541341e-01
9.030810313850069423e-03
-2.960624888074784855e-01
-8.585724847757035885e-03
6.065426005796769270e-05
-9.316325968969826551e-03
1.659226048578259782e-01
-7.000797703968826384e-03
3.333110872162068916e-01
-1.719297790668151624e-02
-2.090666896760763876e-03
-2.793227240832996464e-02
-1.322331334016741966e-01
1.235150952305666960e-01
1.425155733393461133e-01
2.726924892381080417e-03
-3.944851642240640964e-03
-2.865763942068483999e-04
9.739693199412294625e-03
-9.607772394722671749e-03
-1.719297790668151624e-02
1.197665153278121564e-01
-1.099624711372927666e-01
-1.250360190468450261e-01
8.627530120507254097e-02
-1.345576476173033775e-01
-1.067635755532153480e-01
2.117598319230482029e-02
-2.274131833208798900e-02
-2.705644471722680119e-02
2.511186735028852340e-03
-1.939806800621423624e-03
-2.090666896760763876e-03
-1.099624711372927666e-01
1.592387726532658865e-01
1.359106871415160511e-01
1.104992530571078241e-01
-1.286336022519515565e-01
-2.103056788621146811e-01
-4.998300839278304632e-03
9.881416746135676318e-03
1.076576173089451721e-02
1.953506686662084477e-02
-1.715850167382267089e-02
-2.793227240832996464e-02
-1.250360190468449428e-01
1.359106871415159401e-01
2.274721894869656813e-01
2.762967946051158585e-01
-1.075591862596306653e-01
1.395065726570520262e-02
-1.334439138950369724e-02
3.288464128636110068e-03
-4.266204036115545562e-04
-1.314746017096108943e-01
3.473284136854041387e-02
-1.409178658520198468e-01
-1.314778015083370999e-01
6.953788079204401007e-02
1.273938289813769942e-01
-1.075591862596306653e-01
9.651911341723790061e-02
6.176659926565056247e-02
-1.501163860960839751e-02
3.502089545777420376e-02
-7.295593274701939537e-03
3.866553054766127401e-02
-4.597330631375867033e-02
4.750929281931397935e-02
8.390529424917238244e-02
-8.556670253227517675e-02
-1.019802989123488740e-01
1.395065726570520262e-02
6.176659926565056247e-02
5.646823586805386208e-01
1.947228881301979811e-03
-7.295505481798710175e-03
-2.027504844776325393e-02
-1.823270819671434784e-01
4.806878900512506075e-02
-2.920020501810016711e-01
1.664291958295285867e-01
-1.025398828192946449e-01
-2.524052600531399571e-01
-1.334439138950369724e-02
-1.501163860960839751e-02
1.947228881301979811e-03
5.668166967318361352e-03
-2.950094975659206965e-04
3.825354240987559464e-05
3.838102927290235403e-03
7.707716396320715702e-03
-5.730757311047126159e-04
3.838121506496936300e-03
7.598931711816950610e-03
-1.412406669333711451e-03
3.288464128636110068e-03
3.502089545777409968e-02
-7.295505481798710175e-03
-2.950094975659206965e-04
-3.586227104385220771e-02
6.216469965260144892e-03
-1.121008700746489641e-03
1.812835495192944429e-03
-5.227514800679745324e-04
-1.872445903559856201e-03
-9.714599596726949731e-04
1.601787003086659967e-03
-4.266204036115545562e-04
-7.295593274701939537e-03
-2.027504844776325393e-02
3.825354240987559464e-05
6.216469965260144892e-03
1.125527576453513173e-02
3.090558766303086284e-03
1.215345632236091052e-02
3.117801493319406064e-03
-2.702191908573181155e-03
-1.107433298548028862e-02
5.901971154580196513e-03
-1.314746017096108943e-01
3.866553054766127401e-02
-1.823270819671434784e-01
3.838102927290235403e-03
-1.121008700746489641e-03
3.090558766303086284e-03
1.189531177066329715e-01
-3.845132970534687750e-02
1.601635924895658813e-01
8.683381071054895040e-03
9.068078449510563136e-04
1.907293071943700138e-02
3.473284136854041387e-02
-4.597330631375867033e-02
4.806878900512506075e-02
7.707716396320715702e-03
1.812835495192944429e-03
1.215345632236080990e-02
-3.845132970534687750e-02
4.344406354537325848e-02
-4.955639845512767316e-02
-3.989228049557355660e-03
7.164073050791593773e-04
-1.066584687773949706e-02
-1.409178658520198468e-01
4.750929281931397935e-02
-2.920020501810016711e-01
-5.730757311047126159e-04
-5.227514800679745324e-04
3.117801493319406064e-03
1.601635924895658813e-01
-4.955639845512767316e-02
3.188494447532729259e-01
-1.867265100857064611e-02
2.569857108098328943e-03
-2.996519609034415527e-02
-1.314778015083370999e-01
8.390529424917238244e-02
1.664291958295285867e-01
3.838121506496936300e-03
-1.872445903559856201e-03
-2.702191908573181155e-03
8.683381071054895040e-03
-3.989228049557355660e-03
-1.867265100857064611e-02
1.189562989261516157e-01
-7.804362031312744863e-02
-1.450543529352713856e-01
6.953788079204401007e-02
-8.556670253227517675e-02
-1.025398828192946449e-01
7.598931711816950610e-03
-9.714599596726949731e-04
-1.107433298548028862e-02
9.068078449510563136e-04
7.164073050791593773e-04
2.569857108098328943e-03
-7.804362031312744863e-02
8.582175517656186192e-02
1.110443587976642360e-01
1.273938289813768832e-01
-1.019802989123488740e-01
-2.524052600531399571e-01
-1.412406669333711451e-03
1.601787003086659967e-03
5.901971154580196513e-03
1.907293071943700138e-02
-1.066584687773949706e-02
-2.996519609034415527e-02
-1.450543529352714966e-01
1.110443587976642360e-01
2.764684850503520974e-01
6.291042708030098574e+00
-3.293809501339294813e-05
-2.195875974874853469e-05
-6.291042708030100350e+00
3.293809501263330187e-05
2.195875974874853131e-05
-3.293809501339294813e-05
1.724621001564230482e-10
1.149732531402491986e-10
3.293809501208642352e-05
-1.724591303098321760e-10
-1.149733641625516611e-10
-2.195875974874853469e-05
1.149732531402491986e-10
7.664080481362134378e-11
2.195875974872508205e-05
-1.149730866067955048e-10
-7.664113788052873133e-11
-6.291042708030100350e+00
3.293809501208642352e-05
2.195875974872508205e-05
6.291042708030098574e+00
-3.293809501284609010e-05
-2.195875974872508205e-05
3.293809501263330187e-05
-1.724591303098321760e-10
-1.149730866067955048e-10
-3.293809501284609010e-05
1.724596854213444885e-10
1.149732531402491986e-10
2.195875974874853131e-05
-1.149733641625516611e-10
-7.664113788052873133e-11
-2.195875974872508205e-05
1.149732531402491986e-10
7.664147094743611888e-11
-1.518844594770373535e-01
8.057529233605614785e-07
5.371811451508637885e-07
1.518844582270386379e-01
-8.057529233407521307e-07
-5.371811451508635768e-07
8.057529233605614785e-07
-4.274603749196120319e-12
-2.849730930754971327e-12
-8.057529167007248025e-07
4.274576711585631267e-12
2.849744682930232034e-12
5.371811451508637885e-07
-2.849730930754971327e-12
-1.899966295330768921e-12
-5.371811407254014539e-07
2.849751621824155329e-12
1.899855273175676225e-12
1.518844582270386379e-01
-8.057529167007248025e-07
-5.371811407254014539e-07
-1.518844569770401720e-01
8.057529167205341503e-07
5.371811407254017716e-07
-8.057529233407521307e-07
4.274576711585631267e-12
2.849751621824155329e-12
8.057529167205341503e-07
-4.274553442215396156e-12
-2.849755216883654793e-12
-5.371811451508635768e-07
2.849744682930232034e-12
1.899855273175676225e-12
5.371811407254017716e-07
-2.849755216883654793e-12
-1.899917723073441571e-12
-8.925703510028022702e-02
-2.722023052787288562e-07
-1.814952238062771231e-07
8.925703360028013067e-02
2.722023052879645329e-07
1.814952238062771231e-07
-2.722023052787288562e-07
-8.301230643372146409e-13
-5.535052783155040084e-13
2.722023007252862490e-07
8.301304675393841018e-13
5.535050384321434852e-13
-1.814952238062771231e-07
-5.535052783155040084e-13
-3.690494096337207698e-13
1.814952207555647203e-07
5.535033037086675084e-13
3.690251224136073214e-13
8.925703360028013067e-02
2.722023007252862490e-07
1.814952207555647203e-07
-8.925703210028021473e-02
-2.722023007160506782e-07
-1.814952207555647203e-07
2.722023052879645329e-07
8.301304675393841018e-13
5.535033037086675084e-13
-2.722023007160506782e-07
-8.301074518259308496e-13
-5.534983394216001012e-13
1.814952238062771231e-07
5.535050384321434852e-13
3.690251224136073214e-13
-1.814952207555647203e-07
-5.534983394216001012e-13
-3.690546138041487003e-13
-7.764375176569524029e-02
4.073314852663463664e-06
2.715749377095207740e-06
7.764374156566315743e-02
-4.073314852651261308e-06
-2.715749377095207740e-06
4.073314852663463664e-06
-2.136926175359941598e-10
-1.424725511178803776e-10
-4.073314317531073333e-06
2.136925652636170991e-10
1.424725476484290829e-10
2.715749377095207740e-06
-1.424725511178803776e-10
-9.498891950817851529e-11
-2.715749020328009744e-06
1.424725459137055035e-10
9.498890996659596916e-11
7.764374156566315743e-02
-4.073314317531073333e-06
-2.715749020328009744e-06
-7.764373136563236522e-02
4.073314317543275689e-06
2.715749020328010168e-06
-4.073314852651261308e-06
2.136925652636170991e-10
1.424725459137055035e-10
4.073314317543275689e-06
-2.136925932498652118e-10
-1.424725441789863703e-10
-2.715749377095207740e-06
1.424725476484290829e-10
9.498890996659596916e-11
2.715749020328010168e-06
-1.424725441789863703e-10
-9.498890129358201753e-11
6.165167249035314434e+00
-3.227603513126560018e-05
-2.151732690142775574e-05
-6.165167249035314434e+00
3.227603513080227993e-05
2.151732690142775235e-05
-3.227603513126560018e-05
1.689727247011774125e-10
1.126471693702058019e-10
3.227603513026028049e-05
-1.689713369223966311e-10
-1.126472803925082644e-10
-2.151732690142775574e-05
1.126471693702058019e-10
7.509848298781207632e-11
2.151732690145989895e-05
-1.126475579482644207e-10
-7.509848298781207632e-11
-6.165167249035314434e+00
3.227603513026028049e-05
2.151732690145989895e-05
6.165167249035314434e+00
-3.227603513072359396e-05
-2.151732690145989895e-05
3.227603513080227993e-05
-1.689713369223966311e-10
-1.126475579482644207e-10
-3.227603513072359396e-05
1.689725581677237187e-10
1.126477799928693457e-10
2.151732690142775235e-05
-1.126472803925082644e-10
-7.509848298781207632e-11
-2.151732690145989895e-05
1.126477799928693457e-10
7.509859401011453883e-11
3.122926908414108027e+00
-1.634550205169505105e-05
-1.089691045603956707e-05
-3.122926908414107139e+00
1.634550205217067022e-05
1.089691045603956707e-05
-1.634550205169505105e-05
8.555328494253000571e-11
5.703465477679969808e-11
1.634550205249053019e-05
-8.555295707979304609e-11
-5.703461314343627464e-11
-1.089691045603956707e-05
5.703465477679969808e-11
3.802308468081605497e-11
1.089691045603751894e-05
-5.703469641016312153e-11
-3.802297365851359245e-11
-3.122926908414107139e+00
1.634550205249053019e-05
1.089691045603751894e-05
3.122926908414108027e+00
-1.634550205201491102e-05
-1.089691045603752063e-05
1.634550205217067022e-05
-8.555295707979304609e-11
-5.703469641016312153e-11
-1.634550205201491102e-05
8.555301779511470528e-11
5.703466865458750590e-11
1.089691045603956707e-05
-5.703461314343627464e-11
-3.802297365851359245e-11
-1.089691045603752063e-05
5.703466865458750590e-11
3.802291814736236120e-11
4.439118268983302529e-01
-2.324348536020359087e-06
-1.549676007124364830e-06
-4.439118268983304749e-01
2.324348535959917357e-06
1.549676007124364830e-06
-2.324348536020359087e-06
1.217047643220503517e-11
8.114207222797986674e-12
2.324348535890713494e-06
-1.217043566620334971e-11
-8.114200283904082767e-12
-1.549676007124364830e-06
8.114207222797986674e-12
5.409846182136135440e-12
1.549676007125713730e-06
-8.114214161691890581e-12
-5.409846182136135440e-12
-4.439118268983304749e-01
2.324348535890713494e-06
1.549676007125713730e-06
4.439118268983302529e-01
-2.324348535951155224e-06
-1.549676007125713730e-06
2.324348535959917357e-06
-1.217043566620334971e-11
-8.114214161691890581e-12
-2.324348535951155224e-06
1.217045041135289551e-11
8.114210692244938627e-12
1.549676007124364830e-06
-8.114200283904082767e-12
-5.409846182136135440e-12
-1.549676007125713730e-06
8.114210692244938627e-12
5.409853121030039347e-12
2.112041717975509658e-01
-1.106234033386863232e-06
-7.377250895943438569e-07
-2.112041717975510768e-01
1.106234033344671039e-06
7.377250895943437511e-07
-1.106234033386863232e-06
5.794191515473556819e-12
3.864155523336521014e-12
1.106234033285430825e-06
-5.794184576579652912e-12
-3.864134706654809293e-12
-7.377250895943438569e-07
3.864155523336521014e-12
2.576822435984560400e-12
7.377250895969267780e-07
-3.864110420526145617e-12
-2.576803354026324655e-12
-2.112041717975510768e-01
1.106234033285430825e-06
7.377250895969267780e-07
2.112041717975509658e-01
-1.106234033327623442e-06
-7.377250895969270957e-07
1.106234033344671039e-06
-5.794184576579652912e-12
-3.864110420526145617e-12
-1.106234033327623442e-06
5.794212332155268541e-12
3.864089603844433896e-12
7.377250895943437511e-07
-3.864134706654809293e-12
-2.576803354026324655e-12
-7.377250895969270957e-07
3.864089603844433896e-12
2.576812895005442527e-12
-5.065507602559138345e-03
2.652740430273341973e-08
1.768009830843536957e-08
5.065507602559148753e-03
-2.652740429976418544e-08
-1.768009830843626954e-08
2.652740430273341973e-08
-1.388507364641355935e-13
-9.251453769731909915e-14
-2.652740430493117906e-08
1.388355576337207964e-13
9.250412935646323831e-14
1.768009830843536957e-08
-9.251453769731909915e-14
-6.161737786669618799e-14
-1.768009830839841776e-08
9.250759880341519192e-14
6.163125565450400245e-14
5.065507602559148753e-03
-2.652740430493117906e-08
-1.768009830839841776e-08
-5.065507602559138345e-03
2.652740430790054570e-08
1.768009830839746485e-08
-2.652740429976418544e-08
1.388355576337207964e-13
9.250759880341519192e-14
2.652740430790054570e-08
-1.388201619628715022e-13
-9.249545573908335427e-14
-1.768009830843626954e-08
9.250412935646323831e-14
6.163125565450400245e-14
1.768009830839746485e-08
-9.249545573908335427e-14
-6.164513344231181691e-14
-7.982956360205814561e-02
4.179836641094577710e-07
2.786759453252558466e-07
7.982956360205809010e-02
-4.179836640984674127e-07
-2.786759453252559525e-07
4.179836641094577710e-07
-2.188624281806994532e-12
-1.459135763604013647e-12
-4.179836641033336169e-07
2.188527137292339830e-12
1.459130559433585717e-12
2.786759453252558466e-07
-1.459135763604013647e-12
-9.728348768917038925e-13
-2.786759453249734670e-07
1.459137498327489624e-12
9.728343347906176497e-13
7.982956360205809010e-02
-4.179836641033336169e-07
-2.786759453249734670e-07
-7.982956360205814561e-02
4.179836641143241871e-07
2.786759453249733611e-07
-4.179836640984674127e-07
2.188527137292339830e-12
1.459137498327489624e-12
4.179836641143241871e-07
-2.188589587337474995e-12
-1.459130559433585717e-12
-2.786759453252559525e-07
1.459130559433585717e-12
9.728343347906176497e-13
2.786759453249733611e-07
-1.459130559433585717e-12
-9.728336842693141584e-13
-9.405563970099559135e-02
4.924687680640983113e-07
3.283388041233504335e-07
9.405563970099556359e-02
-4.924687680516725497e-07
-3.283388041233504864e-07
4.924687680640983113e-07
-2.578527669161445601e-12
-1.719169186323448235e-12
-4.924687680395148741e-07
2.578520730267541694e-12
1.719176125269812276e-12
3.283388041233504335e-07
-1.719169186323448235e-12
-1.146197884589673557e-12
-3.283388041233570509e-07
1.719160187497876739e-12
1.146205378746554415e-12
9.405563970099556359e-02
-4.924687680395148741e-07
-3.283388041233570509e-07
-9.405563970099559135e-02
4.924687680519405298e-07
3.283388041233568921e-07
-4.924687680516725497e-07
2.578520730267541694e-12
1.719160187497876739e-12
4.924687680519405298e-07
-2.578555424737061230e-12
-1.719167017919103264e-12
-3.283388041233504864e-07
1.719176125269812276e-12
1.146205378746554415e-12
3.283388041233568921e-07
-1.719167017919103264e-12
-1.146198221708786565e-12
6.086030346235385302e+00
-3.185601594625319641e-05
-2.123731490054151514e-05
-6.086030346235383526e+00
3.185601594581441301e-05
2.123731490054151514e-05
-3.185601594625319641e-05
1.667435078900325607e-10
1.111628566974331989e-10
3.185601594540268724e-05
-1.667445626019059546e-10
-1.111627456751307363e-10
-2.123731490054151514e-05
1.111628566974331989e-10
7.410749791603166159e-11
2.123731490063846653e-05
-1.111625236305258113e-10
-7.410749791603166159e-11
-6.086030346235383526e+00
3.185601594540268724e-05
2.123731490063846653e-05
6.086030346235385302e+00
-3.185601594584146386e-05
-2.123731490063846992e-05
3.185601594581441301e-05
-1.667445626019059546e-10
-1.111625236305258113e-10
-3.185601594584146386e-05
1.667448956688133421e-10
1.111623570970721175e-10
2.123731490054151514e-05
-1.111627456751307363e-10
-7.410749791603166159e-11
-2.123731490063846992e-05
1.111623570970721175e-10
7.410744240488043033e-11
9.365448659966550682e-02
-4.900554263642947490e-07
-3.267036175746254296e-07
-9.365448659966550682e-02
4.900554263617390388e-07
3.267036175746253767e-07
-4.900554263642947490e-07
2.564282119976724061e-12
1.709513607062174145e-12
4.900554263601965918e-07
-2.564282987338462050e-12
-1.709515341785650122e-12
-3.267036175746254296e-07
1.709513607062174145e-12
1.139674292438552783e-12
3.267036175760884144e-07
-1.709507101849139232e-12
-1.139678629247242725e-12
-9.365448659966550682e-02
4.900554263601965918e-07
3.267036175760884144e-07
9.365448659966550682e-02
-4.900554263627523020e-07
-3.267036175760883614e-07
4.900554263617390388e-07
-2.564282987338462050e-12
-1.709507101849139232e-12
-4.900554263627523020e-07
2.564282987338462050e-12
1.709513607062174145e-12
3.267036175746253767e-07
-1.709515341785650122e-12
-1.139678629247242725e-12
-3.267036175760883614e-07
1.709513607062174145e-12
1.139683833417670655e-12
-2.926983230039737968e-02
1.532624005433749258e-07
1.021749336972663075e-07
2.926983230039734499e-02
-1.532624005465962980e-07
-1.021749336972663339e-07
1.532624005433749258e-07
-8.025111751231695885e-13
-5.350090865827642762e-13
-1.532624005460916252e-07
8.025148328104935351e-13
5.350082520396778062e-13
1.021749336972663075e-07
-5.350090865827642762e-13
-3.566760792206929701e-13
-1.021749336962222203e-07
5.350082520396778062e-13
3.566678012722407651e-13
2.926983230039734499e-02
-1.532624005460916252e-07
-1.021749336962222203e-07
-2.926983230039737968e-02
1.532624005428702530e-07
1.021749336962222070e-07
-1.532624005465962980e-07
8.025148328104935351e-13
5.350082520396778062e-13
1.532624005428702530e-07
-8.025137772083835537e-13
-5.350047497740743342e-13
-1.021749336972663339e-07
5.350082520396778062e-13
3.566678012722407651e-13
1.021749336962222070e-07
-5.350047497740743342e-13
-3.566786813059069353e-13
-8.041509800348782544e-02
4.212356641324221395e-07
2.808078600302854552e-07
8.041509800348760340e-02
-4.212356644040337890e-07
-2.808078600302852964e-07
4.212356641324221395e-07
-2.206520773387343759e-12
-1.471269286956733424e-12
-4.212356641218426979e-07
2.206595366496810762e-12
1.471218979975930097e-12
2.808078600302854552e-07
-1.471269286956733424e-12
-9.805212197733226276e-13
-2.808078600317066706e-07
1.471225918869834004e-12
9.804101974708601119e-13
8.041509800348760340e-02
-4.212356641218426979e-07
-2.808078600317066706e-07
-8.041509800348782544e-02
4.212356643740573988e-07
2.808078600317069882e-07
-4.212356644040337890e-07
2.206595366496810762e-12
1.471225918869834004e-12
4.212356643740573988e-07
-2.206586259198561883e-12
-1.471198163294218375e-12
-2.808078600302852964e-07
1.471218979975930097e-12
9.804101974708601119e-13
2.808078600317069882e-07
-1.471198163294218375e-12
-9.805489753489382565e-13
-1.219593593022350181e-01
6.383823268034076236e-07
4.255426516721353266e-07
1.219593593022348793e-01
-6.383823267945801638e-07
-4.255426516721353795e-07
6.383823268034076236e-07
-3.341485369635285693e-12
-2.227484242491860250e-12
-6.383823267761673616e-07
3.341564577140979267e-12
2.227462585611130003e-12
4.255426516721353266e-07
-2.227484242491860250e-12
-1.484853963446557501e-12
-4.255426516623375906e-07
2.227476463398937818e-12
1.484760174479955352e-12
1.219593593022348793e-01
-6.383823267761673616e-07
-4.255426516623375906e-07
-1.219593593022350181e-01
6.383823267849947155e-07
4.255426516623378553e-07
-6.383823267945801638e-07
3.341564577140979267e-12
2.227476463398937818e-12
6.383823267849947155e-07
-3.341506186316997415e-12
-2.227463425810148528e-12
-4.255426516721353795e-07
2.227462585611130003e-12
1.484760174479955352e-12
4.255426516623378553e-07
-2.227463425810148528e-12
-1.484829677317893826e-12
-1.207516275018819946e-01
6.319609899886670104e-07
4.213312398882975563e-07
1.207516275018818835e-01
-6.319609902393004596e-07
-4.213312398882973445e-07
6.319609899886670104e-07
-3.307459859512801650e-12
-2.205031730123652167e-12
-6.319609899859344821e-07
3.307442034551459631e-12
2.205014599729326896e-12
4.213312398882975563e-07
-2.205031730123652167e-12
-1.470171206996440307e-12
-4.213312398880564695e-07
2.204998770377608608e-12
1.470108756951304738e-12
1.207516275018818835e-01
-6.319609899859344821e-07
-4.213312398880564695e-07
-1.207516275018819946e-01
6.319609902586574918e-07
4.213312398880566813e-07
-6.319609902393004596e-07
3.307442034551459631e-12
2.204998770377608608e-12
6.319609902586574918e-07
-3.307417267308081915e-12
-2.205000721941519082e-12
-4.213312398882973445e-07
2.205014599729326896e-12
1.470108756951304738e-12
4.213312398880566813e-07
-2.205000721941519082e-12
-1.470157329208632493e-12
-1.156682029015684010e-01
6.051806766216556255e-07
4.034622953911383758e-07
1.156682029015683455e-01
-6.052806765889524321e-07
-4.034622953911383758e-07
6.051806766216556255e-07
-3.166354289781166002e-12
-2.110951468152697087e-12
-6.051806765797973748e-07
3.166902545852183622e-12
2.110935260952809133e-12
4.034622953911383758e-07
-2.110951468152697087e-12
-1.407334343260769828e-12
-4.034622953920249017e-07
2.111306491776668169e-12
1.407311742386306917e-12
1.156682029015683455e-01
-6.051806765797973748e-07
-4.034622953920249017e-07
-1.156682029015684010e-01
6.052806766124927482e-07
4.034622953920249017e-07
-6.052806765889524321e-07
3.166902545852183622e-12
2.111306491776668169e-12
6.052806766124927482e-07
-3.167353490503328643e-12
-2.111298412847892448e-12
-4.034622953911383758e-07
2.110935260952809133e-12
1.407311742386306917e-12
4.034622953920249017e-07
-2.111298412847892448e-12
-1.407349955772053619e-12
7.758362569852431112e-02
-4.060854166834341979e-07
-2.707236111237366917e-07
-7.758362569852431112e-02
4.060854166818973625e-07
2.707236111237367976e-07
-4.060854166834341979e-07
2.125633002947324712e-12
1.417102546419357623e-12
4.060854166934040934e-07
-2.125657289075988388e-12
-1.417085199184597855e-12
-2.707236111237366917e-07
1.417102546419357623e-12
9.448310189785757984e-13
2.707236111261519002e-07
-1.417119893654117391e-12
-9.447720383803925870e-13
-7.758362569852431112e-02
4.060854166934040934e-07
2.707236111261519002e-07
7.758362569852431112e-02
-4.060854166949407170e-07
-2.707236111261522708e-07
4.060854166818973625e-07
-2.125657289075988388e-12
-1.417119893654117391e-12
-4.060854166949407170e-07
2.125650350182084480e-12
1.417088668631549808e-12
2.707236111237367976e-07
-1.417085199184597855e-12
-9.447720383803925870e-13
-2.707236111261522708e-07
1.417088668631549808e-12
9.447425480813009813e-13
-1.621852170125075154e-02
8.488959795682991900e-08
5.660437035067836413e-08
1.621852170125068909e-02
-8.488959795455055334e-08
-5.660437035067833766e-08
8.488959795682991900e-08
-4.443043155610837402e-13
-2.962786266325068141e-13
-8.488959795591713512e-08
4.443320711366993692e-13
2.962716877386029068e-13
5.660437035067836413e-08
-2.962786266325068141e-13
-1.975711261259505136e-13
-5.660437034761600916e-08
2.962751571855548605e-13
1.975260233155751166e-13
1.621852170125068909e-02
-8.488959795591713512e-08
-5.660437034761600916e-08
-1.621852170125075154e-02
8.488959795819650078e-08
5.660437034761608857e-08
-8.488959795455055334e-08
4.443320711366993692e-13
2.962751571855548605e-13
8.488959795819650078e-08
-4.443043155610837402e-13
-2.962751571855548605e-13
-5.660437035067833766e-08
2.962716877386029068e-13
1.975260233155751166e-13
5.660437034761608857e-08
-2.962751571855548605e-13
-1.975659219555225832e-13
-3.655160660028364955e-02
1.340747959850558397e-07
8.940701996125744843e-08
3.655160660028363567e-02
-1.340747959836308656e-07
-8.940701996125744843e-08
1.340747959850558397e-07
-4.918184784419051393e-13
-3.279592716105492189e-13
-1.340747959813109482e-07
4.917976694893690613e-13
3.279581196457409531e-13
8.940701996125744843e-08
-3.279592716105492189e-13
-2.187000580633480240e-13
-8.940701996125983071e-08
3.279609385713894154e-13
2.187035275102999776e-13
3.655160660028363567e-02
-1.340747959813109482e-07
-8.940701996125983071e-08
-3.655160660028364955e-02
1.340747959827359224e-07
8.940701996125983071e-08
-1.340747959836308656e-07
4.917976694893690613e-13
3.279609385713894154e-13
1.340747959827359224e-07
-4.918184937943773083e-13
-3.279597866065811496e-13
-8.940701996125744843e-08
3.279581196457409531e-13
2.187035275102999776e-13
8.940701996125983071e-08
-3.279597866065811496e-13
-2.187000580633480240e-13
-2.784439940000758146e-02
-2.234857737607855022e-08
-1.484749773048818533e-08
2.784439940000757452e-02
2.234857737440933614e-08
1.484749773048818202e-08
-2.234857737607855022e-08
-1.795483519512534661e-14
-1.192118362778791206e-14
2.234857737656901538e-08
1.794095745635383284e-14
1.191797951390668586e-14
-1.484749773048818533e-08
-1.192118362778791206e-14
-7.919012667834124386e-15
1.484749773048792725e-08
1.192150253569255330e-14
7.915543220882170772e-15
2.784439940000757452e-02
2.234857737656901538e-08
1.484749773048792725e-08
-2.784439940000758146e-02
-2.234857737823823939e-08
-1.484749773048793718e-08
2.234857737440933614e-08
1.794095745635383284e-14
1.192150253569255330e-14
-2.234857737823823939e-08
-1.794616167581806395e-14
-1.191829863356956391e-14
1.484749773048818202e-08
1.191797951390668586e-14
7.915543220882170772e-15
-1.484749773048793718e-08
-1.191829863356956391e-14
-7.919012667834124386e-15
-1.897687830017407568e-02
9.925267881392784774e-08
6.614140084207222427e-08
1.897687830017406874e-02
-9.925267880921073449e-08
-6.614140084207222427e-08
9.925267881392784774e-08
-5.191160001860595230e-13
-3.459316166853909635e-13
-9.925267880690665929e-08
5.191155665051905288e-13
3.459311830045219693e-13
6.614140084207222427e-08
-3.459316166853909635e-13
-2.305356426590687846e-13
-6.614140084233581034e-08
3.459307493236529751e-13
2.305291374460338716e-13
1.897687830017406874e-02
-9.925267880690665929e-08
-6.614140084233581034e-08
-1.897687830017407568e-02
9.925267881162378577e-08
6.614140084233581034e-08
-9.925267880921073449e-08
5.191155665051905288e-13
3.459307493236529751e-13
9.925267881162378577e-08
-5.191107960156315926e-13
-3.459316166853909635e-13
-6.614140084207222427e-08
3.459311830045219693e-13
2.305291374460338716e-13
6.614140084233581034e-08
-3.459316166853909635e-13
-2.305326068929858252e-13
-2.685478274858502101e-01
-2.881640847751974821e+00
4.942743430975428121e-01
-2.594095138858503735e-01
6.508370454250097525e-01
-1.116338931986462918e-01
5.279573413937905801e-01
2.230803802325552532e+00
-3.826404499071352494e-01
-2.881640847751974821e+00
7.782334416764668639e+00
-1.334854558162501093e+00
1.125247479594105871e-01
3.126911746130279224e-01
-5.363474629593571047e-02
2.769116099760868366e+00
-8.095025591370113460e+00
1.388489304502640298e+00
4.942743430975428121e-01
-1.334854558162501093e+00
2.289591523435975384e-01
-1.929988656358906651e-02
-5.363665283529124583e-02
9.200094209913120546e-03
-4.749744565285179410e-01
1.388491210996492198e+00
-2.381592465610916642e-01
-2.594095138858503735e-01
1.125247479594105871e-01
-1.929988656358906651e-02
4.776448727141494044e-01
-1.229472727082112082e-01
2.108683699306633866e-02
-2.182353588062096172e-01
1.042252474738800984e-02
-1.786950437715836490e-03
6.508370454250097525e-01
3.126911746130279224e-01
-5.363665283529124583e-02
-1.229472727082112082e-01
-3.028842472860026613e-01
5.195265022367560881e-02
-5.278897727343051516e-01
-9.806927326654481247e-03
1.684002613761118516e-03
-1.116338931986462918e-01
-5.363474629593571047e-02
9.200094209913120546e-03
2.108683699306633866e-02
5.195265022367560881e-02
-8.911252029263214830e-03
9.054705620858226334e-02
1.682096072196197483e-03
-2.888421810174256416e-04
5.279573413937905801e-01
2.769116099760868366e+00
-4.749744565285179410e-01
-2.182353588062096172e-01
-5.278897727343051516e-01
9.054705620858226334e-02
-3.097219826317484381e-01
-2.241226327023737586e+00
3.844274003364120951e-01
2.230803802325552532e+00
-8.095025591370115237e+00
1.388491210996492198e+00
1.042252474738800984e-02
-9.806927326654481247e-03
1.682096072196197483e-03
-2.241226327023737586e+00
8.104832518688821708e+00
-1.390173307115039281e+00
-3.826404499071352494e-01
1.388489304502640298e+00
-2.381592465610916642e-01
-1.786950437715836490e-03
1.684002613761118516e-03
-2.888421810174256416e-04
3.844274003364120951e-01
-1.390173307115039281e+00
2.384480887500587953e-01
5.027901008863233656e-01
-1.508802166394976330e-02
2.268717029708855470e-02
-4.691388033136764113e-01
2.128374875485264384e-02
-3.200188910363609834e-02
-3.365129751464436547e-02
-6.195727035361354301e-03
9.314718848968355294e-03
-1.508802166394976330e-02
2.532311500561842607e-02
-3.807198981794049364e-02
-5.561709019928444929e-04
-1.453438713050612778e-02
2.185163900498605580e-02
1.564419256341728973e-02
-1.078872784656338332e-02
1.622035078919777801e-02
2.268717029708855470e-02
-3.807198981794049364e-02
5.723926179194521735e-02
8.332150844887770830e-04
2.185177668362464284e-02
-3.285292538942114621e-02
-2.352038537778004812e-02
1.622021309139443437e-02
-2.438633636680705846e-02
-4.691388033136764113e-01
-5.561709019928444929e-04
8.332150844887770830e-04
4.697991153863236291e-01
4.842393419529938850e-04
-7.250658794335070262e-04
-6.603121146441646343e-04
7.193153231792132291e-05
-1.081492180169546253e-04
2.128374875485264384e-02
-1.453438713050612778e-02
2.185177668362464284e-02
4.842393419529938850e-04
1.497807384438525416e-02
-2.251869774181659845e-02
-2.176798808786091152e-02
-4.436867066783672388e-04
6.669210794977433561e-04
-3.200188910363609834e-02
2.185163900498605580e-02
-3.285292538942114621e-02
-7.250658794335070262e-04
-2.251869774181659845e-02
3.385560476836002586e-02
3.272695496962144818e-02
6.670587260044310478e-04
-1.002679410971032622e-03
-3.365129751464436547e-02
1.564419256341728973e-02
-2.352038537778004812e-02
-6.603121146441646343e-04
-2.176798808786091152e-02
3.272695496962144818e-02
3.431160961328335451e-02
6.123795496624183203e-03
-9.206569621300517495e-03
-6.195727035361354301e-03
-1.078872784656338332e-02
1.622021309139443437e-02
7.193153231792132291e-05
-4.436867066783672388e-04
6.670587260044310478e-04
6.123795496624183203e-03
1.123241451749203840e-02
-1.688727181494800028e-02
9.314718848968355294e-03
1.622035078919777801e-02
-2.438633636680705846e-02
-1.081492180169546253e-04
6.669210794977433561e-04
-1.002679410971032622e-03
-9.206569621300517495e-03
-1.688727181494800028e-02
2.538901577409316893e-02
4.971332694967772192e-01
-1.631212949274995008e-02
2.797272601340265036e-02
-4.705221228032227532e-01
1.763407041757026478e-02
-3.023918232173478798e-02
-2.661114670527896242e-02
-1.321940946224951438e-03
2.266456345032882500e-03
-1.631212949274995008e-02
1.313951569699454633e-02
-2.252953281885433645e-02
2.185778747745623215e-04
-1.154144514333882779e-02
1.978932014710005002e-02
1.609355159840902133e-02
-1.598070554746456066e-03
2.740212673624516527e-03
2.797272601340265036e-02
-2.252953281885433645e-02
3.863002724314684722e-02
-3.780404810852847335e-04
1.978944082863269907e-02
-3.393158963082201079e-02
-2.759468549876831905e-02
2.740091992091775973e-03
-4.698437615531337458e-03
-4.705221228032227532e-01
2.185778747745623215e-04
-3.780404810852847335e-04
4.693995005967772638e-01
-6.175193952637844522e-04
1.062070101201064917e-03
1.122622194721187294e-03
3.989415494642299621e-04
-6.840296697967648788e-04
1.763407041757026478e-02
-1.154144514333882779e-02
1.978944082863269907e-02
-6.175193952637844522e-04
1.157389566076638329e-02
-1.984496357817892853e-02
-1.701655102876077977e-02
-3.245051336089053632e-05
5.552274257353404294e-05
-3.023918232173478798e-02
1.978932014710005002e-02
-3.393158963082201079e-02
1.062070101201064917e-03
-1.984496357817892853e-02
3.402679540433593136e-02
2.917711223160041403e-02
5.564342410625524395e-05
-9.520576155864278836e-05
-2.661114670527896242e-02
1.609355159840902133e-02
-2.759468549876831905e-02
1.122622194721187294e-03
-1.701655102876077977e-02
2.917711223160041403e-02
2.548852453400657012e-02
9.229994227814401504e-04
-1.582426719851846592e-03
-1.321940946224951438e-03
-1.598070554746456066e-03
2.740091992091775973e-03
3.989415494642299621e-04
-3.245051336089053632e-05
5.564342410625523717e-05
9.229994227814401504e-04
1.630521065131498729e-03
-2.795735411095557049e-03
2.266456345032882500e-03
2.740212673624516527e-03
-4.698437615531337458e-03
-6.840296697967648788e-04
5.552274257353404294e-05
-9.520576155864278836e-05
-1.582426719851846592e-03
-2.795735411095557049e-03
4.793643368341243133e-03
4.918769098997961553e-01
-1.607216479444039184e-02
3.054161648367662019e-02
-4.713676540002037507e-01
1.446089531300369380e-02
-2.747996884875383850e-02
-2.050925589556056375e-02
1.611269470004779913e-03
-3.061647643566073936e-03
-1.607216479444039184e-02
6.492363996141531368e-03
-1.233594196343654713e-02
6.538976231822267058e-04
-9.298700363252910411e-03
1.766800813365603656e-02
1.541826714099805290e-02
2.806336360378156123e-03
-5.332066149362824081e-03
3.054161648367662019e-02
-1.233594196343654713e-02
2.343914549162697675e-02
-1.245971635813254057e-03
1.766811160093786567e-02
-3.357031924063436090e-02
-2.929564479036767671e-02
-5.332169624707814443e-03
1.013117370937863422e-02
-4.713676540002037507e-01
6.538976231822267058e-04
-1.245971635813254057e-03
4.693056975997963454e-01
-1.182468244302894642e-03
2.250267165916933210e-03
2.061956404439258764e-03
5.285706096887413498e-04
-1.004295538747200598e-03
1.446089531300369380e-02
-9.298700363252910411e-03
1.766811160093786567e-02
-1.182468244302894642e-03
9.051476171137768159e-03
-1.719827357319237901e-02
-1.327842705627764464e-02
2.472241829302036353e-04
-4.698380419920017100e-04
-2.747996884875383850e-02
1.766800813365603656e-02
-3.357031924063436090e-02
2.250267165916933210e-03
-1.719827357319237901e-02
3.267761065096311257e-02
2.522970165923231825e-02
-4.697345430118985473e-04
8.927086167402857727e-04
-2.050925589556056375e-02
1.541826714099805290e-02
-2.929564479036767671e-02
2.061956404439258764e-03
-1.327842705627764464e-02
2.522970165923231825e-02
1.844729948305780590e-02
-2.139840061856608001e-03
4.065943148422177141e-03
1.611269470004779913e-03
2.806336360378156123e-03
-5.332169624707814443e-03
5.285706096887413498e-04
2.472241829302036353e-04
-4.697345430118985473e-04
-2.139840061856608001e-03
-3.053560527390124062e-03
5.801904161109558075e-03
-3.061647643566073936e-03
-5.332066149362824081e-03
1.013117370937863422e-02
-1.004295538747200598e-03
-4.698380419920017100e-04
8.927086167402857727e-04
4.065943148422177141e-03
5.801904161109558075e-03
-1.102388231355913746e-02
4.754967996328264834e-01
-9.370389013409053183e-03
2.368699128890956740e-02
-4.717645099671736175e-01
4.955261924374126589e-03
-1.252827725500312191e-02
-3.732289606373464640e-03
4.415127089431553770e-03
-1.115871403490897688e-02
-9.370389013409053183e-03
-1.050242882298527483e-03
2.654267904020532129e-03
7.728567881701771695e-04
-3.651737401013579066e-03
9.229314391734843095e-03
8.597532215337830644e-03
4.701980288977012160e-03
-1.188358231007284431e-02
2.368699128890956740e-02
2.654267904020532129e-03
-6.708103594129222365e-03
-1.957774321317874017e-03
9.229354091045423314e-03
-2.332605040822226944e-02
-2.172921694256763764e-02
-1.188362200938369861e-02
3.003415403853698651e-02
-4.717645099671736175e-01
7.728567881701771695e-04
-1.957774321317874017e-03
4.698048505328263347e-01
-1.178785507391328941e-03
2.983689444968014998e-03
1.959659393626619027e-03
4.059287196177434397e-04
-1.025915124652584335e-03
4.955261924374126589e-03
-3.651737401013579066e-03
9.229354091045423314e-03
-1.178785507391328941e-03
3.014967069567851821e-03
-7.619961298539764706e-03
-3.776476404925969456e-03
6.367703298726339186e-04
-1.609392788529861052e-03
-1.252827725500312191e-02
9.229314391734843095e-03
-2.332605040822226944e-02
2.983689444968014998e-03
-7.619961298539764706e-03
1.925852222556530616e-02
9.544587779562619528e-03
-1.609353089219154849e-03
4.067528172608661681e-03
-3.732289606373464640e-03
8.597532215337830644e-03
-2.172921694256763764e-02
1.959659393626619027e-03
-3.776476404925969456e-03
9.544587779562619528e-03
1.772630194187917564e-03
-4.821055811205135488e-03
1.218462916500998028e-02
4.415127089431553770e-03
4.701980288977012160e-03
-1.188362200938369861e-02
4.059287196177434397e-04
6.367703298726339186e-04
-1.609353089219154849e-03
-4.821055811205135488e-03
-5.338750622941475059e-03
1.349297510894446363e-02
-1.115871403490897688e-02
-1.188358231007284431e-02
3.003415403853698651e-02
-1.025915124652584335e-03
-1.609392788529861052e-03
4.067528172608661681e-03
1.218462916500998028e-02
1.349297510894446363e-02
-3.410168223728265308e-02
3.819861895949783204e-01
2.572458950750706134e-06
4.145361383793758325e-06
9.672828419630200014e-02
-5.727437838515129690e-06
-3.182098716659002215e-06
-2.393579394044764441e-01
3.954656231305830189e-02
2.007401532375755748e-01
-2.393565344010626927e-01
-3.954340737364082231e-02
-2.007411164176095275e-01
2.572458950750706134e-06
1.258906711583325677e+00
8.784318683657261762e-01
-5.716474818354973881e-06
-1.294908406634678544e+00
-7.962886672004086952e-01
7.263716532476597459e-03
1.800058261384939601e-02
-4.107271925434859139e-02
-7.260572510386820340e-03
1.800111250101222790e-02
-4.107048195402106944e-02
4.145361383793759172e-06
8.784318683657261762e-01
6.890035378244777631e-01
-3.160162642811850638e-06
-7.922125730972432445e-01
-3.917524463426494408e-01
1.541185994232353307e-01
-4.311041418006686388e-02
-1.486245772122327946e-01
-1.541195846230122568e-01
-4.310888111156271907e-02
-1.486265143021145152e-01
9.672828419630200014e-02
-5.716474818354973881e-06
-3.160162642811850638e-06
-4.034761679639426585e-02
5.509258058245990257e-06
3.108604903037923228e-06
-2.819048040284909823e-02
-1.746472850546616426e-02
1.055572984165809892e-02
-2.819018700400670319e-02
1.746493574864271120e-02
-1.055567832082075601e-02
-5.727437838515128843e-06
-1.294908406634678544e+00
-7.922125730972431334e-01
5.509258058245990257e-06
1.312195932112987462e+00
7.911161728808746574e-01
1.591382859448853791e-03
-8.643673068977829679e-03
5.481446214029239922e-04
-1.591164740603473677e-03
-8.643852431752193505e-03
5.482556271076247144e-04
-3.182098716659002215e-06
-7.962886672004086952e-01
-3.917524463426494408e-01
3.108604903037923651e-06
7.911161728808746574e-01
4.641765335110998314e-01
1.001980555775348197e-02
2.586142602483396547e-03
-3.621198761756189849e-02
-1.001973214785833663e-02
2.586351739163949854e-03
-3.621209954147534132e-02
-2.393579394044764441e-01
7.263716532476597459e-03
1.541185994232353307e-01
-2.819048040284909823e-02
1.591382859448853791e-03
1.001980555775348197e-02
3.010749914095284252e-01
-1.546862785817084210e-02
-1.877171140450668851e-01
-3.352657159159961459e-02
6.613528429738162184e-03
2.357870901575513309e-02
3.954656231305830189e-02
1.800058261384939601e-02
-4.311041418006686388e-02
-1.746472850546616426e-02
-8.643673068977829679e-03
2.586142602483396547e-03
-1.546862785817094271e-02
-1.222937459619524540e-02
2.397582870072293912e-02
-6.613205924955243079e-03
2.872465042124033689e-03
1.654844286636396322e-02
2.007401532375755748e-01
-4.107271925434859139e-02
-1.486245772122327946e-01
1.055572984165809892e-02
5.481446214029239922e-04
-3.621198761756189849e-02
-1.877171140450668851e-01
2.397582870072293912e-02
1.728924421320559568e-01
-2.357876900125578309e-02
1.654874593461395232e-02
1.194412271679727404e-02
-2.393565344010626927e-01
-7.260572510386820340e-03
-1.541195846230122568e-01
-2.819018700400670319e-02
-1.591164740603473677e-03
-1.001973214785833663e-02
-3.352657159159961459e-02
-6.613205924955243079e-03
-2.357876900125578309e-02
3.010732930072726465e-01
1.546494322550676093e-02
1.877180857747189069e-01
-3.954340737364082231e-02
1.800111250101222790e-02
-4.310888111156271907e-02
1.746493574864271120e-02
-8.643852431752193505e-03
2.586351739163949854e-03
6.613528429738162184e-03
2.872465042124033689e-03
1.654874593461395232e-02
1.546494322550676093e-02
-1.222972514327277591e-02
2.397378345919150625e-02
-2.007411164176095275e-01
-4.107048195402106944e-02
-1.486265143021145152e-01
-1.055567832082075601e-02
5.482556271076247144e-04
-3.621209954147534132e-02
2.357870901575513309e-02
1.654844286636396322e-02
1.194412271679727404e-02
1.877180857747189069e-01
2.397378345919150625e-02
1.728944911308403776e-01
2.916238773068194901e-01
-1.113770419498428671e-01
3.674902254506243193e-02
-2.716081582274010309e-02
2.153107496265857859e-02
-7.104373397807611269e-03
-1.322299280975779145e-01
3.570665768590889494e-03
-1.401439021678541341e-01
-1.322331334016741966e-01
8.627530120507254097e-02
1.104992530571078241e-01
-1.113770419498428671e-01
3.417263576064842878e-01
8.640146698002576509e-02
-2.658123269966334440e-02
-1.583646692009610668e-01
3.320132490011864362e-02
1.444317947863191925e-02
-4.880404068311831184e-02
9.030810313850069423e-03
1.235150952305666960e-01
-1.345576476173033775e-01
-1.286336022519515565e-01
3.674902254506243193e-02
8.640146698002586223e-02
5.750676301004908897e-01
8.771098438089000582e-03
3.320159029783847221e-02
-6.869946239886212669e-02
-1.880356943173767947e-01
-1.283948166875201885e-02
-2.960624888074784855e-01
1.425155733393461133e-01
-1.067635755532153480e-01
-2.103056788621146811e-01
-2.716081582274010309e-02
-2.658123269966334440e-02
8.771098438089000582e-03
2.170696235899847309e-02
-1.458661218119018492e-02
4.812927242608588431e-03
2.726928570846642082e-03
1.999186165430408280e-02
-8.585724847757035885e-03
2.726924892381080417e-03
2.117598319230482029e-02
-4.998300839278304632e-03
2.153107496265857859e-02
-1.583646692009610668e-01
3.320159029783847221e-02
-1.458661218119018492e-02
1.837652235921067301e-01
-4.314366124315267836e-02
-2.999611179354387362e-03
-2.659236036418077907e-03
6.065426005796799086e-05
-3.944851642240640964e-03
-2.274131833208798900e-02
9.881416746135676318e-03
-7.104373397807611269e-03
3.320132490011864362e-02
-6.869946239886212669e-02
4.812927242608588431e-03
-4.314366124315267836e-02
6.725002662605779336e-02
2.578022571146409373e-03
3.699878106930808153e-02
-9.316325968969826551e-03
-2.865763942068483999e-04
-2.705644471722680119e-02
1.076576173089451721e-02
-1.322299280975779145e-01
1.444317947863191925e-02
-1.880356943173767947e-01
2.726928570846642082e-03
-2.999611179354387362e-03
2.578022571146409373e-03
1.197633063250740648e-01
-1.395475504285156529e-02
1.659226048578259782e-01
9.739693199412294625e-03
2.511186735028852340e-03
1.953506686662084477e-02
3.570665768590889494e-03
-4.880404068311831184e-02
-1.283948166875201885e-02
1.999186165430408280e-02
-2.659236036418077907e-03
3.699878106930808153e-02
-1.395475504285156529e-02
5.340308348916347758e-02
-7.000797703968826384e-03
-9.607772394722671749e-03
-1.939806800621423624e-03
-1.715850167382267089e-02
-1.401439021678541341e-01
9.030810313850069423e-03
-2.960624888074784855e-01
-8.585724847757035885e-03
6.065426005796769270e-05
-9.316325968969826551e-03
1.659226048578259782e-01
-7.000797703968826384e-03
3.333110872162068916e-01
-1.719297790668151624e-02
-2.090666896760763876e-03
-2.793227240832996464e-02
-1.322331334016741966e-01
1.235150952305666960e-01
1.425155733393461133e-01
2.726924892381080417e-03
-3.944851642240640964e-03
-2.865763942068483999e-04
9.739693199412294625e-03
-9.607772394722671749e-03
-1.719297790668151624e-02
1.197665153278121564e-01
-1.099624711372927666e-01
-1.250360190468450261e-01
8.627530120507254097e-02
-1.345576476173033775e-01
-1.067635755532153480e-01
2.117598319230482029e-02
-2.274131833208798900e-02
-2.705644471722680119e-02
2.511186735028852340e-03
-1.939806800621423624e-03
-2.090666896760763876e-03
-1.099624711372927666e-01
1.592387726532658865e-01
1.359106871415160511e-01
1.104992530571078241e-01
-1.286336022519515565e-01
-2.103056788621146811e-01
-4.998300839278304632e-03
9.881416746135676318e-03
1.076576173089451721e-02
1.953506686662084477e-02
-1.715850167382267089e-02
-2.793227240832996464e-02
-1.250360190468449428e-01
1.359106871415159401e-01
2.274721894869656813e-01
2.846359507980464887e-01
-1.075078098988315606e-01
1.955275478779426937e-02
-1.899428101992942097e-02
1.109982186997027567e-02
-2.018841367629815430e-03
-1.328192104206181445e-01
2.415803426425366246e-02
-1.409670844342050255e-01
-1.328224594029979999e-01
7.224995372956637130e-02
1.234331710139561916e-01
-1.075078098988315606e-01
1.228198460583073692e-01
8.489674838492676512e-02
-1.997009520387180853e-02
2.476580349103508702e-02
-1.105677300192923693e-02
3.215309305977175763e-02
-4.775370351051842072e-02
3.781786535093893675e-02
9.532481200466280669e-02
-9.983194605218161100e-02
-1.116578406321538791e-01
1.955275478779426937e-02
8.489674838492676512e-02
5.741347605246686081e-01
3.632401131961322024e-03
-1.105660899624398390e-02
-3.401147520398935947e-02
-1.852459851002007385e-01
2.676596986687499943e-02
-2.961023980056662341e-01
1.620608291382378829e-01
-1.006061092168952509e-01
-2.440208873658283317e-01
-1.899428101992942097e-02
-1.997009520387180853e-02
3.632401131961322024e-03
1.023596718954963500e-02
-4.470745955316572304e-03
8.131006386627786728e-04
4.379137370690413221e-03
1.226702395902327068e-02
-1.965934182565102703e-03
4.379176484405619164e-03
1.217381722253185403e-02
-2.479567622363335142e-03
1.109982186997027567e-02
2.476580349103508702e-02
-1.105660899624398390e-02
-4.470745955316572304e-03
-1.605392729947588762e-02
7.374905760285208230e-03
-2.656625565451035519e-03
-1.198207360427798896e-03
-1.488085323581399408e-03
-3.972450375246865464e-03
-7.513668867113761259e-03
5.169788568999212144e-03
-2.018841367629815430e-03
-1.105677300192923693e-02
-3.401147520398935947e-02
8.131006386627786728e-04
7.374905760285208230e-03
2.315124166902961592e-02
4.219915965300018168e-03
2.195638039118000262e-02
2.272411262797314514e-03
-3.014175211332079454e-03
-1.827451313526063520e-02
8.587822263549633670e-03
-1.328192104206181445e-01
3.215309305977175763e-02
-1.852459851002006275e-01
4.379137370690413221e-03
-2.656625565451035519e-03
4.219915965300018168e-03
1.193254828812536500e-01
-3.070374432533154452e-02
1.615688058584406617e-01
9.114590188132584703e-03
1.207276823556682234e-03
1.945726330595007325e-02
2.415803426425366246e-02
-4.775370351051842072e-02
2.676596986687499943e-02
1.226702395902327068e-02
-1.198207360427798896e-03
2.195638039118000262e-02
-3.070374432533154452e-02
4.974728949894898639e-02
-3.707448668773657280e-02
-5.721313843725215134e-03
-7.953785989274304510e-04
-1.164786364634476205e-02
-1.409670844342050255e-01
3.781786535093893675e-02
-2.961023980056662341e-01
-1.965934182565102703e-03
-1.488085323581399408e-03
2.272411262797314514e-03
1.615688058584406617e-01
-3.707448668773657280e-02
3.236059278693371732e-01
-1.863578718626052524e-02
7.447065740144150287e-04
-2.977594113394808895e-02
-1.328224594029979999e-01
9.532481200466280669e-02
1.620608291382378829e-01
4.379176484405619164e-03
-3.972450375246865464e-03
-3.014175211332079454e-03
9.114590188132584703e-03
-5.721313843725215134e-03
-1.863578718626052524e-02
1.193286927317841195e-01
-8.563104776556205999e-02
-1.404108667357466811e-01
7.224995372956637130e-02
-9.983194605218151385e-02
-1.006061092168952509e-01
1.217381722253185403e-02
-7.513668867113761259e-03
-1.827451313526063520e-02
1.207276823556682234e-03
-7.953785989274304510e-04
7.447065740144150287e-04
-8.563104776556205999e-02
1.081409935384871623e-01
1.181359157429259649e-01
1.234331710139561916e-01
-1.116578406321538791e-01
-2.440208873658282207e-01
-2.479567622363335142e-03
5.169788568999212144e-03
8.587822263549633670e-03
1.945726330595007325e-02
-1.164786364634476205e-02
-2.977594113394808895e-02
-1.404108667357466811e-01
1.181359157429259649e-01
2.652090063031347089e-01
2.784601806985386174e-01
-1.070464889484144533e-01
1.541622792908472171e-02
-1.495929129780881710e-02
5.382074547338992418e-03
-7.751682246922091905e-04
-1.317488329141207615e-01
3.158015693634176613e-02
-1.409861675494296085e-01
-1.317520564164899044e-01
7.008425744540676405e-02
1.263451079394960486e-01
-1.070464889484144533e-01
1.014543586291763860e-01
6.860966591402979653e-02
-1.660920390896178378e-02
3.491243934629838230e-02
-8.693465237185100600e-03
3.671933415333548251e-02
-4.663607282345192534e-02
4.475068344582881774e-02
8.693635868127405630e-02
-8.973072515845240127e-02
-1.046668840851480986e-01
1.541622792908472171e-02
6.860966591402990755e-02
5.679391284607532286e-01
2.392219484912662657e-03
-8.693356317842829487e-03
-2.419414653364668558e-02
-1.832319002086548465e-01
4.183457493095429913e-02
-2.934214837751429883e-01
1.654234527801823063e-01
-1.017508844825404934e-01
-2.503234981551207272e-01
-1.495929129780881710e-02
-1.660920390896178378e-02
2.392219484912662657e-03
6.890109791102454542e-03
-1.354973885489064870e-03
1.951213172288366552e-04
4.034576829971186183e-03
9.041996376507918654e-03
-8.772660778969868477e-04
4.034604676845778871e-03
8.922181431024191547e-03
-1.710074732160549432e-03
5.382074547338992418e-03
3.491243934629838230e-02
-8.693356317842829487e-03
-1.354973885489064870e-03
-3.298088965957090418e-02
6.958859623200649470e-03
-1.553928706671357709e-03
8.545727395967022983e-04
-8.197597787606927420e-04
-2.473171980023019904e-03
-2.786122455510166296e-03
2.554256417407640544e-03
-7.751682246922091905e-04
-8.693465237185100600e-03
-2.419414653364668558e-02
1.951213172288366552e-04
6.958859623200649470e-03
1.433276496694043875e-02
3.481117065954275613e-03
1.493088340495977821e-02
3.110387065838919000e-03
-2.901070187392279162e-03
-1.319627780437174561e-02
6.750994542694520144e-03
-1.317488329141207615e-01
3.671933415333548251e-02
-1.832319002086549298e-01
4.034576829971186183e-03
-1.553928706671357709e-03
3.481117065954275613e-03
1.189869216726808787e-01
-3.614492043657858283e-02
1.605550067333184616e-01
8.727334392207811153e-03
9.795149848081227597e-04
1.919577635474624400e-02
3.158015693634176613e-02
-4.663607282345192534e-02
4.183457493095429913e-02
9.041996376507918654e-03
8.545727395967022983e-04
1.493088340495987883e-02
-3.614492043657858283e-02
4.550173621110267796e-02
-4.590228739979106132e-02
-4.477232902249804643e-03
2.797638770644533292e-04
-1.086317088547281672e-02
-1.409861675494296085e-01
4.475068344582881774e-02
-2.934214837751429883e-01
-8.772660778969868477e-04
-8.197597787606927420e-04
3.110387065838919000e-03
1.605550067333184616e-01
-4.590228739979106132e-02
3.202592075751990452e-01
-1.869157312764885281e-02
1.971363719064293633e-03
-2.994811089119490261e-02
-1.317520564164899044e-01
8.693635868127405630e-02
1.654234527801823063e-01
4.034604676845778871e-03
-2.473171980023019904e-03
-2.901070187392279162e-03
8.727334392207811153e-03
-4.477232902249804643e-03
-1.869157312764885281e-02
1.189901172964675236e-01
-7.998595378764915276e-02
-1.438308094970481843e-01
7.008425744540676405e-02
-8.973072515845240127e-02
-1.017508844825403963e-01
8.922181431024191547e-03
-2.786122455510166296e-03
-1.319627780437174561e-02
9.795149848081227597e-04
2.797638770644533292e-04
1.971363719064293633e-03
-7.998595378764905561e-02
9.223708376820204113e-02
1.129757985356673600e-01
1.263451079394960486e-01
-1.046668840851480986e-01
-2.503234981551206717e-01
-1.710074732160549432e-03
2.554256417407640544e-03
6.750994542694520144e-03
1.919577635474624400e-02
-1.086317088547281672e-02
-2.994811089119490261e-02
-1.438308094970481843e-01
1.129757985356672628e-01
2.735206144902510017e-01
4.608330179015384664e-01
-2.412884657856199058e-06
-1.608589771880312445e-06
-4.608330179015383554e-01
2.412884657821134435e-06
1.608589771880312868e-06
-2.412884657856199058e-06
1.263358168079875554e-11
8.422425951115641851e-12
2.412884657789291502e-06
-1.263366147807865048e-11
-8.422429420562593805e-12
-1.608589771880312445e-06
8.422425951115641851e-12
5.614914783125257713e-12
1.608589771879084882e-06
-8.422419012221737944e-12
-5.614902640060925876e-12
-4.608330179015383554e-01
2.412884657789291502e-06
1.608589771879084882e-06
4.608330179015384664e-01
-2.412884657824356125e-06
-1.608589771879084459e-06
2.412884657821134435e-06
-1.263366147807865048e-11
-8.422419012221737944e-12
-2.412884657824356125e-06
1.263363025305608289e-11
8.422432890009545758e-12
1.608589771880312868e-06
-8.422429420562593805e-12
-5.614902640060925876e-12
-1.608589771879084459e-06
8.422432890009545758e-12
5.614970294276488971e-12
-1.607230870102754894e-02
8.414713051407635345e-08
5.611083657375350904e-08
1.607230870102749343e-02
-8.414713051344555213e-08
-5.611083657375349581e-08
8.414713051407635345e-08
-4.405469045121179761e-13
-2.937598081453884902e-13
-8.414713051843126747e-08
4.405711906407816514e-13
2.937632775923404438e-13
5.611083657375350904e-08
-2.937598081453884902e-13
-1.959005874185848484e-13
-5.611083657268935773e-08
2.937493998045326293e-13
1.958624235021133586e-13
1.607230870102749343e-02
-8.414713051843126747e-08
-5.611083657268935773e-08
-1.607230870102754894e-02
8.414713051906212172e-08
5.611083657268933126e-08
-8.414713051344555213e-08
4.405711906407816514e-13
2.937493998045326293e-13
8.414713051906212172e-08
-4.405434350651660225e-13
-2.937546039749605598e-13
-5.611083657375349581e-08
2.937632775923404438e-13
1.958624235021133586e-13
5.611083657268933126e-08
-2.937546039749605598e-13
-1.958953832481569179e-13
-1.623692162035804687e-01
8.459137857244745337e-07
5.639211898165172172e-07
1.623692162035802466e-01
-8.459137856967049820e-07
-5.639211898165174289e-07
8.459137857244745337e-07
-4.407072195406126229e-12
-2.937931545069681108e-12
-8.459137856877908073e-07
4.407127174971069690e-12
2.937930751652863790e-12
5.639211898165172172e-07
-2.937931545069681108e-12
-1.958541693195777500e-12
-5.639211898070397655e-07
2.937909934971152068e-12
1.958456976665949012e-12
1.623692162035802466e-01
-8.459137856877908073e-07
-5.639211898070397655e-07
-1.623692162035804687e-01
8.459137857155607825e-07
5.639211898070392361e-07
-8.459137856967049820e-07
4.407127174971069690e-12
2.937909934971152068e-12
8.459137857155607825e-07
-4.407016684254894972e-12
-2.937917667281873293e-12
-5.639211898165174289e-07
2.937930751652863790e-12
1.958456976665949012e-12
5.639211898070392361e-07
-2.937917667281873293e-12
-1.958621490475672433e-12
-1.693319100024415214e-01
8.849987328683746337e-07
5.899991552385363044e-07
1.693319100024413548e-01
-8.849987328532652600e-07
-5.899991552385364103e-07
8.849987328683746337e-07
-4.625403422413348487e-12
-3.083634488222584294e-12
-8.849987328544445416e-07
4.625418907973305871e-12
3.083612780206736844e-12
5.899991552385363044e-07
-3.083634488222584294e-12
-2.055720381237780978e-12
-5.899991552381963265e-07
3.083637066335400520e-12
2.055674870788858490e-12
1.693319100024413548e-01
-8.849987328544445416e-07
-5.899991552381963265e-07
-1.693319100024415214e-01
8.849987328695541270e-07
5.899991552381963265e-07
-8.849987328532652600e-07
4.625418907973305871e-12
3.083637066335400520e-12
8.849987328695541270e-07
-4.625354850156021136e-12
-3.083624079881728434e-12
-5.899991552385364103e-07
3.083612780206736844e-12
2.055674870788858490e-12
5.899991552381963265e-07
-3.083624079881728434e-12
-2.055741197919492700e-12
-6.816059870090906969e-02
4.752383023376023392e-07
3.168255348930083186e-07
6.816059870090901418e-02
-4.752383023399646612e-07
-3.168255348930082657e-07
4.752383023376023392e-07
-3.313527054015382920e-12
-2.209014713947791436e-12
-4.752383023436792712e-07
3.313519080062446800e-12
2.209016331224674374e-12
3.168255348930083186e-07
-2.209014713947791436e-12
-1.472661413955521945e-12
-3.168255348933272265e-07
2.209012861777722420e-12
1.472659656413411702e-12
6.816059870090901418e-02
-4.752383023436792712e-07
-3.168255348933272265e-07
-6.816059870090906969e-02
4.752383023413171081e-07
3.168255348933271736e-07
-4.752383023399646612e-07
3.313519080062446800e-12
2.209012861777722420e-12
4.752383023413171081e-07
-3.313506237333671198e-12
-2.209015581309529424e-12
-3.168255348930082657e-07
2.209016331224674374e-12
1.472659656413411702e-12
3.168255348933271736e-07
-2.209015581309529424e-12
-1.472678761190281713e-12
6.165167249035314434e+00
-3.227603513126560018e-05
-2.151732690142775574e-05
-6.165167249035314434e+00
3.227603513080227993e-05
2.151732690142775235e-05
-3.227603513126560018e-05
1.689727247011774125e-10
1.126471693702058019e-10
3.227603513026028049e-05
-1.689713369223966311e-10
-1.126472803925082644e-10
-2.151732690142775574e-05
1.126471693702058019e-10
7.509848298781207632e-11
2.151732690145989895e-05
-1.126475579482644207e-10
-7.509848298781207632e-11
-6.165167249035314434e+00
3.227603513026028049e-05
2.151732690145989895e-05
6.165167249035314434e+00
-3.227603513072359396e-05
-2.151732690145989895e-05
3.227603513080227993e-05
-1.689713369223966311e-10
-1.126475579482644207e-10
-3.227603513072359396e-05
1.689725581677237187e-10
1.126477799928693457e-10
2.151732690142775235e-05
-1.126472803925082644e-10
-7.509848298781207632e-11
-2.151732690145989895e-05
1.126477799928693457e-10
7.509859401011453883e-11
8.554023320002682729e-01
-4.478319751554917686e-06
-2.985546233707502417e-06
-8.554023320002684949e-01
4.478319751464978034e-06
2.985546233707502417e-06
-4.478319751554917686e-06
2.344553457628295590e-11
1.563034120535822247e-11
4.478319751377614208e-06
-2.344551375960124417e-11
-1.563034120535822247e-11
-2.985546233707502417e-06
1.563034120535822247e-11
1.042022631375649766e-11
2.985546233707838266e-06
-1.563033990431561548e-11
-1.042022371167128370e-11
-8.554023320002684949e-01
4.478319751377614208e-06
2.985546233707838266e-06
8.554023320002682729e-01
-4.478319751467553861e-06
-2.985546233707838266e-06
4.478319751464978034e-06
-2.344551375960124417e-11
-1.563033990431561548e-11
-4.478319751467553861e-06
2.344551701220776163e-11
1.563033990431561548e-11
2.985546233707502417e-06
-1.563034120535822247e-11
-1.042022371167128370e-11
-2.985546233707838266e-06
1.563033990431561548e-11
1.042022457903302168e-11
7.516730349731684524e-02
-3.960467449567613511e-07
-2.646334909180546105e-07
-7.516730349731706728e-02
3.960467449460082679e-07
2.646334909180543458e-07
-3.960467449567613511e-07
2.086636419207366089e-12
1.394304810498070424e-12
3.960467449073114618e-07
-2.086705808146405161e-12
-1.394329096626734099e-12
-2.646334909180546105e-07
1.394304810498070424e-12
9.315710095686435821e-13
2.646334909171565968e-07
-1.394268381305074911e-12
-9.316428921726793710e-13
-7.516730349731706728e-02
3.960467449073114618e-07
2.646334909171565968e-07
7.516730349731684524e-02
-3.960467449180645451e-07
-2.646334909171562791e-07
3.960467449460082679e-07
-2.086705808146405161e-12
-1.394268381305074911e-12
-3.960467449180645451e-07
2.086691930358597347e-12
1.394293534795476575e-12
2.646334909180543458e-07
-1.394329096626734099e-12
-9.316428921726793710e-13
-2.646334909171562791e-07
1.394293534795476575e-12
9.316594804659183993e-13
-9.899606390122603350e-02
5.184303582418664389e-07
3.456456200633887378e-07
9.899606390122597799e-02
-5.184303582382968303e-07
-3.456456200633888967e-07
5.184303582418664389e-07
-2.714974078887898747e-12
-1.810107835805723688e-12
-5.184303582340048085e-07
2.714967139993952026e-12
1.810091465120051223e-12
3.456456200633887378e-07
-1.810107835805723688e-12
-1.206921476287935071e-12
-3.456456200632532126e-07
1.810116076509366643e-12
1.206872728238365694e-12
9.899606390122597799e-02
-5.184303582340048085e-07
-3.456456200632532126e-07
-9.899606390122603350e-02
5.184303582375743112e-07
3.456456200632534773e-07
-5.184303582382968303e-07
2.714967139993952026e-12
1.810116076509366643e-12
5.184303582375743112e-07
-2.714984487228754607e-12
-1.810099595869212798e-12
-3.456456200633888967e-07
1.810091465120051223e-12
1.206872728238365694e-12
3.456456200632534773e-07
-1.810099595869212798e-12
-1.206851436827592508e-12
-8.647113620079728558e-02
4.527548461563501892e-07
3.018635768935436649e-07
8.647112290079625452e-02
-4.527548461522633082e-07
-3.018635768935436649e-07
4.527548461563501892e-07
-2.370586374043712394e-12
-1.580560064478290402e-12
-4.527547765115440961e-07
2.370575949807643215e-12
1.580545969572829494e-12
3.018635768935436649e-07
-1.580560064478290402e-12
-1.053805198076283429e-12
-3.018635304643430627e-07
1.580561554979058973e-12
1.053790609471450092e-12
8.647112290079625452e-02
-4.527547765115440961e-07
-3.018635304643430627e-07
-8.647110960079727737e-02
4.527547765156308713e-07
3.018635304643433274e-07
-4.527548461522633082e-07
2.370575949807643215e-12
1.580561554979058973e-12
4.527547765156308713e-07
-2.370593312937616301e-12
-1.580547487733089570e-12
-3.018635768935436649e-07
1.580545969572829494e-12
1.053790609471450092e-12
3.018635304643433274e-07
-1.580547487733089570e-12
-1.053780638567736027e-12
6.086030346235385302e+00
-3.185601594625319641e-05
-2.123731490054151514e-05
-6.086030346235383526e+00
3.185601594581441301e-05
2.123731490054151514e-05
-3.185601594625319641e-05
1.667435078900325607e-10
1.111628566974331989e-10
3.185601594540268724e-05
-1.667445626019059546e-10
-1.111627456751307363e-10
-2.123731490054151514e-05
1.111628566974331989e-10
7.410749791603166159e-11
2.123731490063846653e-05
-1.111625236305258113e-10
-7.410749791603166159e-11
-6.086030346235383526e+00
3.185601594540268724e-05
2.123731490063846653e-05
6.086030346235385302e+00
-3.185601594584146386e-05
-2.123731490063846992e-05
3.185601594581441301e-05
-1.667445626019059546e-10
-1.111625236305258113e-10
-3.185601594584146386e-05
1.667448956688133421e-10
1.111623570970721175e-10
2.123731490054151514e-05
-1.111627456751307363e-10
-7.410749791603166159e-11
-2.123731490063846992e-05
1.111623570970721175e-10
7.410744240488043033e-11
3.542074990008035051e-01
-1.853490070224292946e-06
-1.235628521656984260e-06
-3.542074990008035051e-01
1.853490070220257681e-06
1.235628521656984260e-06
-1.853490070224292946e-06
9.698887526443655815e-12
6.465753280004982173e-12
1.853490070218339152e-06
-9.698923955636651328e-12
-6.465761953622362057e-12
-1.235628521656984260e-06
6.465753280004982173e-12
4.310403596552436767e-12
1.235628521658944506e-06
-6.465751545281506196e-12
-4.310387116679414987e-12
-3.542074990008035051e-01
1.853490070218339152e-06
1.235628521658944506e-06
3.542074990008035051e-01
-1.853490070222374417e-06
-1.235628521658944294e-06
1.853490070220257681e-06
-9.698923955636651328e-12
-6.465751545281506196e-12
-1.853490070222374417e-06
9.698890995890607769e-12
6.465760218898886080e-12
1.235628521656984260e-06
-6.465761953622362057e-12
-4.310387116679414987e-12
-1.235628521658944294e-06
6.465760218898886080e-12
4.310414004893292628e-12
8.377234799460803877e-03
-4.323250936272640766e-08
-2.882167290849164912e-08
-8.377234799460807346e-03
4.323250936464683649e-08
2.882167290849172191e-08
-4.323250936272640766e-08
2.231374978184665762e-13
1.487680269175157336e-13
4.323250937059617754e-08
-2.231461372287067009e-13
-1.487604679794323700e-13
-2.882167290849164912e-08
1.487680269175157336e-13
9.918978032388960791e-14
2.882167290895095604e-08
-1.487700089585502424e-13
-9.918278804796219056e-14
-8.377234799460807346e-03
4.323250937059617754e-08
2.882167290895095604e-08
8.377234799460803877e-03
-4.323250936867567591e-08
-2.882167290895098913e-08
4.323250936464683649e-08
-2.231461372287067009e-13
-1.487700089585502424e-13
-4.323250936867567591e-08
2.231479061593224371e-13
1.487628227470878032e-13
2.882167290849172191e-08
-1.487604679794323700e-13
-9.918278804796219056e-14
-2.882167290895098913e-08
1.487628227470878032e-13
9.917937198303374707e-14
1.555834774101344964e+00
-8.021489708572968367e-06
-5.347692406676241714e-06
-1.555834774101344964e+00
8.021489708577874382e-06
5.347692406676241714e-06
-8.021489708572968367e-06
4.135693057547712437e-11
2.757132543107498890e-11
8.021489708585336742e-06
-4.135674940529410204e-11
-2.757132282898977493e-11
-5.347692406676241714e-06
2.757132543107498890e-11
1.838106056251120890e-11
5.347692406675690295e-06
-2.757133150260715482e-11
-1.838102586804168936e-11
-1.555834774101344964e+00
8.021489708585336742e-06
5.347692406675690295e-06
1.555834774101344964e+00
-8.021489708580430727e-06
-5.347692406675690295e-06
8.021489708577874382e-06
-4.135674940529410204e-11
-2.757133150260715482e-11
-8.021489708580430727e-06
4.135677618508776243e-11
2.757132890052194085e-11
5.347692406676241714e-06
-2.757132282898977493e-11
-1.838102586804168936e-11
-5.347692406675690295e-06
2.757132890052194085e-11
1.838101892914778546e-11
-2.104789160385906605e-02
1.101872705338122395e-07
7.346409963428502231e-08
2.104789160385905911e-02
-1.101872705491145250e-07
-7.346409963428486349e-08
1.101872705338122395e-07
-5.767192279293453794e-13
-3.845188056850190605e-13
-1.101872705428262583e-07
5.766775945659219360e-13
3.845188056850190605e-13
7.346409963428502231e-08
-3.845188056850190605e-13
-2.564476409006033464e-13
-7.346409963121569254e-08
3.845118667911151533e-13
2.564233547719396711e-13
2.104789160385905911e-02
-1.101872705428262583e-07
-7.346409963121569254e-08
-2.104789160385906605e-02
1.101872705275239728e-07
7.346409963121616900e-08
-1.101872705491145250e-07
5.766775945659219360e-13
3.845118667911151533e-13
1.101872705275239728e-07
-5.767331057171531938e-13
-3.845049278972112461e-13
-7.346409963428486349e-08
3.845188056850190605e-13
2.564233547719396711e-13
7.346409963121616900e-08
-3.845049278972112461e-13
-2.563817214085162277e-13
-1.214947284026303836e-01
6.361471656002986306e-07
4.241412142281562071e-07
1.214947284026301616e-01
-6.361471658848471731e-07
-4.241412142281563659e-07
6.361471656002986306e-07
-3.330924295066872709e-12
-2.221100040000756337e-12
-6.361471656339700961e-07
3.330939473897287506e-12
2.221108713618136221e-12
4.241412142281562071e-07
-2.221100040000756337e-12
-1.480593425640109166e-12
-4.241412142281079262e-07
2.221074019148616685e-12
1.480565670064492729e-12
1.214947284026301616e-01
-6.361471656339700961e-07
-4.241412142281079262e-07
-1.214947284026303836e-01
6.361471658730220638e-07
4.241412142281072380e-07
-6.361471658848471731e-07
3.330939473897287506e-12
2.221074019148616685e-12
6.361471658730220638e-07
-3.330954435887267806e-12
-2.221103509447708291e-12
-4.241412142281563659e-07
2.221108713618136221e-12
1.480565670064492729e-12
4.241412142281072380e-07
-2.221103509447708291e-12
-1.480662814579148238e-12
-9.962918820106488049e-02
5.224070330046599133e-07
3.482713553361397043e-07
9.962918820106479723e-02
-5.224070330035496648e-07
-3.482713553361395455e-07
5.224070330046599133e-07
-2.739257044536893012e-12
-1.826156130758682942e-12
-5.224070330091158359e-07
2.739273778907068128e-12
1.826154961691550389e-12
3.482713553361397043e-07
-1.826156130758682942e-12
-1.217470787579411067e-12
-3.482713553381733774e-07
1.826146288074170505e-12
1.217442594452866628e-12
9.962918820106479723e-02
-5.224070330091158359e-07
-3.482713553381733774e-07
-9.962918820106488049e-02
5.224070330102260844e-07
3.482713553381734833e-07
-5.224070330035496648e-07
2.739273778907068128e-12
1.826146288074170505e-12
5.224070330102260844e-07
-2.739246636196037151e-12
-1.826154396035206966e-12
-3.482713553361395455e-07
1.826154961691550389e-12
1.217442594452866628e-12
3.482713553381734833e-07
-1.826154396035206966e-12
-1.217469052855935090e-12
6.917937422008533233e-01
-3.622161359953862367e-06
-2.414774239854260244e-06
-6.917937422008535453e-01
3.622161359780063489e-06
2.414774239854259397e-06
-3.622161359953862367e-06
1.896515409993693169e-11
1.264350603380481886e-11
3.622161359613544011e-06
-1.896529981670891374e-11
-1.264350429908134288e-11
-2.414774239854260244e-06
1.264350603380481886e-11
8.429061268411253138e-12
2.414774239855205956e-06
-1.264350950325177081e-11
-8.429031778112161533e-12
-6.917937422008535453e-01
3.622161359613544011e-06
2.414774239855205956e-06
6.917937422008533233e-01
-3.622161359787342043e-06
-2.414774239855207227e-06
3.622161359780063489e-06
-1.896529981670891374e-11
-1.264350950325177081e-11
-3.622161359787342043e-06
1.896526338751591823e-11
1.264350776852829483e-11
2.414774239854259397e-06
-1.264350429908134288e-11
-8.429031778112161533e-12
-2.414774239855207227e-06
1.264350776852829483e-11
8.429041319091279405e-12
-3.799638020053681953e-02
1.751877240253200629e-07
1.167689870725052369e-07
3.799638020053677789e-02
-1.751877240296044614e-07
-1.167689870725052633e-07
1.751877240253200629e-07
-8.077381839882274419e-13
-5.383617271599583365e-13
-1.751877240346391194e-07
8.077173795884934554e-13
5.383644647704438624e-13
1.167689870725052369e-07
-5.383617271599583365e-13
-3.588553065814181764e-13
-1.167689870725085456e-07
5.383633805682713769e-13
3.588518371344662228e-13
3.799638020053677789e-02
-1.751877240346391194e-07
-1.167689870725085456e-07
-3.799638020053681953e-02
1.751877240303546944e-07
1.167689870725084662e-07
-1.751877240296044614e-07
8.077173795884934554e-13
5.383633805682713769e-13
1.751877240303546944e-07
-8.077278002113270515e-13
-5.383660639686482785e-13
-1.167689870725052633e-07
5.383644647704438624e-13
3.588518371344662228e-13
1.167689870725084662e-07
-5.383660639686482785e-13
-3.588518371344662228e-13
-2.784439940000758146e-02
-2.234857737607855022e-08
-1.484749773048818533e-08
2.784439940000757452e-02
2.234857737440933614e-08
1.484749773048818202e-08
-2.234857737607855022e-08
-1.795483519512534661e-14
-1.192118362778791206e-14
2.234857737656901538e-08
1.794095745635383284e-14
1.191797951390668586e-14
-1.484749773048818533e-08
-1.192118362778791206e-14
-7.919012667834124386e-15
1.484749773048792725e-08
1.192150253569255330e-14
7.915543220882170772e-15
2.784439940000757452e-02
2.234857737656901538e-08
1.484749773048792725e-08
-2.784439940000758146e-02
-2.234857737823823939e-08
-1.484749773048793718e-08
2.234857737440933614e-08
1.794095745635383284e-14
1.192150253569255330e-14
-2.234857737823823939e-08
-1.794616167581806395e-14
-1.191829863356956391e-14
1.484749773048818202e-08
1.191797951390668586e-14
7.915543220882170772e-15
-1.484749773048793718e-08
-1.191829863356956391e-14
-7.919012667834124386e-15
-2.148838810021524645e-02
1.125499438717828169e-07
7.503329591182223833e-08
2.148838810021523257e-02
-1.125499438677343832e-07
-7.503329591182221186e-08
1.125499438717828169e-07
-5.894948275838967586e-13
-3.930042037356752703e-13
-1.125499438638854258e-07
5.895052123741812469e-13
3.930033400381059662e-13
7.503329591182223833e-08
-3.930042037356752703e-13
-2.620065622940530262e-13
-7.503329591260563793e-08
3.930037737189749604e-13
2.619981054877436363e-13
2.148838810021523257e-02
-1.125499438638854258e-07
-7.503329591260563793e-08
-2.148838810021524645e-02
1.125499438679338330e-07
7.503329591260566440e-08
-1.125499438677343832e-07
5.895052123741812469e-13
3.930037737189749604e-13
1.125499438679338330e-07
-5.894987307117177064e-13
-3.930029026930682877e-13
-7.503329591182221186e-08
3.930033400381059662e-13
2.619981054877436363e-13
7.503329591260566440e-08
-3.930029026930682877e-13
-2.620037433684045639e-13
-2.685478274858502101e-01
-2.881640847751974821e+00
4.942743430975428121e-01
-2.594095138858503735e-01
6.508370454250097525e-01
-1.116338931986462918e-01
5.279573413937905801e-01
2.230803802325552532e+00
-3.826404499071352494e-01
-2.881640847751974821e+00
7.782334416764668639e+00
-1.334854558162501093e+00
1.125247479594105871e-01
3.126911746130279224e-01
-5.363474629593571047e-02
2.769116099760868366e+00
-8.095025591370113460e+00
1.388489304502640298e+00
4.942743430975428121e-01
-1.334854558162501093e+00
2.289591523435975384e-01
-1.929988656358906651e-02
-5.363665283529124583e-02
9.200094209913120546e-03
-4.749744565285179410e-01
1.388491210996492198e+00
-2.381592465610916642e-01
-2.594095138858503735e-01
1.125247479594105871e-01
-1.929988656358906651e-02
4.776448727141494044e-01
-1.229472727082112082e-01
2.108683699306633866e-02
-2.182353588062096172e-01
1.042252474738800984e-02
-1.786950437715836490e-03
6.508370454250097525e-01
3.126911746130279224e-01
-5.363665283529124583e-02
-1.229472727082112082e-01
-3.028842472860026613e-01
5.195265022367560881e-02
-5.278897727343051516e-01
-9.806927326654481247e-03
1.684002613761118516e-03
-1.116338931986462918e-01
-5.363474629593571047e-02
9.200094209913120546e-03
2.108683699306633866e-02
5.195265022367560881e-02
-8.911252029263214830e-03
9.054705620858226334e-02
1.682096072196197483e-03
-2.888421810174256416e-04
5.279573413937905801e-01
2.769116099760868366e+00
-4.749744565285179410e-01
-2.182353588062096172e-01
-5.278897727343051516e-01
9.054705620858226334e-02
-3.097219826317484381e-01
-2.241226327023737586e+00
3.844274003364120951e-01
2.230803802325552532e+00
-8.095025591370115237e+00
1.388491210996492198e+00
1.042252474738800984e-02
-9.806927326654481247e-03
1.682096072196197483e-03
-2.241226327023737586e+00
8.104832518688821708e+00
-1.390173307115039281e+00
-3.826404499071352494e-01
1.388489304502640298e+00
-2.381592465610916642e-01
-1.786950437715836490e-03
1.684002613761118516e-03
-2.888421810174256416e-04
3.844274003364120951e-01
-1.390173307115039281e+00
2.384480887500587953e-01
4.686761203978744295e-01
-5.456453622018289096e-01
2.054380877190110366e-01
-4.164453877021255246e-01
6.304847340489924679e-02
-2.373670041189043442e-02
-5.223073269574841915e-02
4.825968887870324964e-01
-1.817013873334075713e-01
-5.456453622018289096e-01
1.683497193161238803e+00
-6.338481006528010608e-01
3.335818209357677838e-02
1.540362184614288768e-02
-5.799711072421104632e-03
5.122871801082525822e-01
-1.698900815031137101e+00
6.396478116621270305e-01
2.054380877190110366e-01
-6.338481006528010608e-01
2.386481048736263377e-01
-1.255806867171404065e-02
-5.799821767304069384e-03
2.183726057376756974e-03
-1.928800190472963749e-01
6.396479224290495535e-01
-2.408318309072468577e-01
-4.164453877021255246e-01
3.335818209357677838e-02
-1.255806867171404065e-02
4.766027432978744982e-01
-4.172872876143321474e-02
1.570942190901894811e-02
-6.015735559574844626e-02
8.370546657959151982e-03
-3.151353263591951184e-03
6.304847340489924679e-02
1.540362184614288768e-02
-5.799821767304069384e-03
-4.172872876143321474e-02
-1.540751643897835498e-02
5.801208632160569090e-03
-2.131974464346592449e-02
3.894608774280801386e-06
-1.386822523168222510e-06
-2.373670041189043442e-02
-5.799711072421104632e-03
2.183726057376756974e-03
1.570942190901894811e-02
5.801208632160569090e-03
-2.184259974717464754e-03
8.027278502871441207e-03
-1.497565740465579376e-06
5.339014020472515079e-07
-5.223073269574841915e-02
5.122871801082525822e-01
-1.928800190472963749e-01
-6.015735559574844626e-02
-2.131974464346592449e-02
8.027278502871441207e-03
1.123880882914971430e-01
-4.909674354449920508e-01
1.848527405969996040e-01
4.825968887870324964e-01
-1.698900815031137101e+00
6.396479224290496646e-01
8.370546657959151982e-03
3.894608774280802233e-06
-1.497565740465579588e-06
-4.909674354449920508e-01
1.698896920430180257e+00
-6.396464248425471899e-01
-1.817013873334075713e-01
6.396478116621270305e-01
-2.408318309072468577e-01
-3.151353263591951184e-03
-1.386822523168222510e-06
5.339014020472515079e-07
1.848527405969996040e-01
-6.396464248425473009e-01
2.408312969980276053e-01
4.833412199192677616e-01
-1.375335990409604255e-02
3.029456065433144482e-02
-4.719846263807323528e-01
9.563409573464673463e-03
-2.106649388564614533e-02
-1.135659359133550129e-02
4.189950307558966587e-03
-9.228066793021672681e-03
-1.375335990409604255e-02
8.381380152077843497e-04
-1.846036144686463666e-03
9.533261192866501104e-04
-6.272332469097666348e-03
1.381422948677252759e-02
1.280003375919007251e-02
5.434194448726186247e-03
-1.196819334124337234e-02
3.029456065433144482e-02
-1.846036144686463666e-03
4.065976487227339863e-03
-2.103596005268017471e-03
1.381430220828780593e-02
-3.042471712963341207e-02
-2.819096459264008869e-02
-1.196826605222871265e-02
2.635874064054991722e-02
-4.719846263807323528e-01
9.533261192866501104e-04
-2.103596005268017471e-03
4.693831710192675755e-01
-1.514668773456834001e-03
3.339878501538941138e-03
2.601455408664585158e-03
5.613427221514003581e-04
-1.236282479264015632e-03
9.563409573464673463e-03
-6.272332469097666348e-03
1.381430220828780593e-02
-1.514668773456834001e-03
5.710190212584083554e-03
-1.257616884007894779e-02
-8.048740794764003281e-03
5.621422792036667639e-04
-1.238133371911844189e-03
-2.106649388564614533e-02
1.381422948677252759e-02
-3.042471712963341207e-02
3.339878501538941138e-03
-1.257616884007904841e-02
2.769785541233663745e-02
1.772661537255855110e-02
-1.238060696665577469e-03
2.726861725452640363e-03
-1.135659359133550129e-02
1.280003375919007251e-02
-2.819096459264008869e-02
2.601455408664585158e-03
-8.048740794764003281e-03
1.772661537255855110e-02
8.755138188271333402e-03
-4.751293009335049410e-03
1.046434922741102357e-02
4.189950307558966587e-03
5.434194448726186247e-03
-1.196826605222871265e-02
5.613427221514003581e-04
5.621422792036667639e-04
-1.238060696665577469e-03
-4.751293009335049410e-03
-5.996336745456057674e-03
1.320632675175470103e-02
-9.228066793021672681e-03
-1.196819334124337234e-02
2.635874064054991722e-02
-1.236282479264015632e-03
-1.238133371911844189e-03
2.726861725452640363e-03
1.046434922741102357e-02
1.320632675175470103e-02
-2.908560237230227441e-02
4.800514068808053314e-01
-1.227606969424524172e-02
2.854872309931316687e-02
-4.719083059191946372e-01
7.726803605872036539e-03
-1.797063670685515938e-02
-8.143100917593494581e-03
4.549266096336470645e-03
-1.057808638903321233e-02
-1.227606969424524172e-02
-2.346771955702050801e-04
5.455661045689029487e-04
9.459946957931892556e-04
-5.216256198144851065e-03
1.212891720063335316e-02
1.133007499973983333e-02
5.450933430968652078e-03
-1.267448328918041947e-02
2.854872309931316687e-02
5.455661045689029487e-04
-1.268305397866944205e-03
-2.203808911522521768e-03
1.212897709076408113e-02
-2.820247960714728636e-02
-2.634491419078449984e-02
-1.267454328195564105e-02
2.947078496776013926e-02
-4.719083059191946372e-01
9.459946957931892556e-04
-2.203808911522521768e-03
4.694114923808052620e-01
-1.467675173796730362e-03
3.416805326310214282e-03
2.496813482406491560e-03
5.216804859667821754e-04
-1.212996411362907102e-03
7.726803605872036539e-03
-5.216256198144851065e-03
1.212897709076408113e-02
-1.467675173796730362e-03
4.590734772873912399e-03
-1.067445099588922204e-02
-6.259128438075384215e-03
6.255214207987719972e-04
-1.454526096798193198e-03
-1.797063670685515938e-02
1.212891720063335316e-02
-2.820247960714728636e-02
3.416805326310214282e-03
-1.067445099588922204e-02
2.482040672551374602e-02
1.455383139449597206e-02
-1.454466194345212194e-03
3.382072886105797968e-03
-8.143100917593494581e-03
1.133007499973983333e-02
-2.634491419078449984e-02
2.496813482406491560e-03
-6.259128438075384215e-03
1.455383139449597206e-02
5.646287447153134666e-03
-5.070946577590893303e-03
1.179108278943895478e-02
4.549266096336470645e-03
5.450933430968652078e-03
-1.267454328195564105e-02
5.216804859667821754e-04
6.255214207987719972e-04
-1.454466194345212194e-03
-5.070946577590893303e-03
-6.076454884548899635e-03
1.412900946220242357e-02
-1.057808638903321233e-02
-1.267448328918041947e-02
2.947078496776013926e-02
-1.212996411362907102e-03
-1.454526096798193198e-03
3.382072886105797968e-03
1.179108278943895478e-02
1.412900946220242357e-02
-3.285285782108405411e-02
-9.375824479112392362e-01
1.736554054260999153e-05
2.010605880041238151e-05
1.195449909594511473e+00
-2.402778305899191190e-05
-1.957673915824757255e-05
-1.289328062199170677e-01
3.134958272635453014e-01
3.891547238966772682e-01
-1.289346554985652538e-01
-3.134891650309933886e-01
-3.891552532374670248e-01
1.736554054260999153e-05
3.041374122328536878e+00
4.313729522732418609e+00
-2.337116765754783873e-05
-3.747079188411880146e+00
-4.227063098834951127e+00
-2.073287932318833293e-02
3.528507511027472177e-01
-4.333561422464137641e-02
2.073888493501924515e-02
3.528543149557555325e-01
-4.333080968220891227e-02
2.010605880041238151e-05
4.313729522732419497e+00
2.937487174177042970e+00
-1.706475727746912369e-05
-3.814228705146230691e+00
-2.679016523076897194e+00
1.509474130406759929e-01
-2.497508298021339779e-01
-1.292344667967662564e-01
-1.509504543894303608e-01
-2.497499877839121363e-01
-1.292361843368416141e-01
1.195449909594511473e+00
-2.337116765754783873e-05
-1.706475727746912369e-05
-9.356325261028056728e-01
2.376396926475988017e-05
1.703737607189103869e-05
-1.299102030964421617e-01
-2.797106221937045722e-01
-1.380865981223639849e-01
-1.299071804167299671e-01
2.797102293740473811e-01
1.380866255041265089e-01
-2.402778305899191190e-05
-3.747079188411880590e+00
-3.814228705146230691e+00
2.376396926475988017e-05
3.954699313802680916e+00
3.780569840549051985e+00
1.537942143613691510e-03
-1.038083693226687781e-01
1.683027540087083176e-02
-1.537678298103875140e-03
-1.038117560368539971e-01
1.682858921695572219e-02
-1.957673915824757255e-05
-4.227063098834951127e+00
-2.679016523076897194e+00
1.703737607189103869e-05
3.780569840549051541e+00
2.826223811399070751e+00
2.300410302568364068e-02
2.232460442412916857e-01
-7.360382719836831844e-02
-2.300156361222960646e-02
2.232472140940431338e-01
-7.360346109100052159e-02
-1.289328062199170677e-01
-2.073287932318833293e-02
1.509474130406759929e-01
-1.299102030964421617e-01
1.537942143613691510e-03
2.300410302568364068e-02
2.987725155976205804e-01
-7.294996319672218156e-03
-2.125101145171588157e-01
-3.992950630291124819e-02
2.648993355059920188e-02
3.855859849434132430e-02
3.134958272635451904e-01
3.528507511027472177e-01
-2.497508298021339779e-01
-2.797106221937044612e-01
-1.038083693226687781e-01
2.232460442412916857e-01
-7.294996319672218156e-03
-2.048754336725397696e-01
-4.385757766767360566e-02
-2.649020876013903278e-02
-4.416694811369406559e-02
7.036236322457072034e-02
3.891547238966772682e-01
-4.333561422464137641e-02
-1.292344667967662564e-01
-1.380865981223639849e-01
1.683027540087083176e-02
-7.360382719836831844e-02
-2.125101145171588157e-01
-4.385757766767360566e-02
1.577573391657070279e-01
-3.855801128449010129e-02
7.036291645207767842e-02
4.508095482247195113e-02
-1.289346554985652538e-01
2.073888493501924515e-02
-1.509504543894303608e-01
-1.299071804167299671e-01
-1.537678298103875140e-03
-2.300156361222960646e-02
-3.992950630291124819e-02
-2.649020876013903278e-02
-3.855801128449010129e-02
2.987713422965572185e-01
7.289002099885010140e-03
2.125100292631998677e-01
-3.134891650309933886e-01
3.528543149557554215e-01
-2.497499877839121363e-01
2.797102293740473811e-01
-1.038117560368539971e-01
2.232472140940431338e-01
2.648993355059920188e-02
-4.416694811369406559e-02
7.036291645207767842e-02
7.289002099885010140e-03
-2.048756108054834990e-01
-4.386014276952839713e-02
-3.891552532374670248e-01
-4.333080968220891227e-02
-1.292361843368416141e-01
1.380866255041265089e-01
1.682858921695572219e-02
-7.360346109100052159e-02
3.855859849434132430e-02
7.036236322457072034e-02
4.508095482247195113e-02
2.125100292631998677e-01
-4.386014276952839713e-02
1.577586906129857802e-01
3.819861895949783204e-01
2.572458950750706134e-06
4.145361383793758325e-06
9.672828419630200014e-02
-5.727437838515129690e-06
-3.182098716659002215e-06
-2.393579394044764441e-01
3.954656231305830189e-02
2.007401532375755748e-01
-2.393565344010626927e-01
-3.954340737364082231e-02
-2.007411164176095275e-01
2.572458950750706134e-06
1.258906711583325677e+00
8.784318683657261762e-01
-5.716474818354973881e-06
-1.294908406634678544e+00
-7.962886672004086952e-01
7.263716532476597459e-03
1.800058261384939601e-02
-4.107271925434859139e-02
-7.260572510386820340e-03
1.800111250101222790e-02
-4.107048195402106944e-02
4.145361383793759172e-06
8.784318683657261762e-01
6.890035378244777631e-01
-3.160162642811850638e-06
-7.922125730972432445e-01
-3.917524463426494408e-01
1.541185994232353307e-01
-4.311041418006686388e-02
-1.486245772122327946e-01
-1.541195846230122568e-01
-4.310888111156271907e-02
-1.486265143021145152e-01
9.672828419630200014e-02
-5.716474818354973881e-06
-3.160162642811850638e-06
-4.034761679639426585e-02
5.509258058245990257e-06
3.108604903037923228e-06
-2.819048040284909823e-02
-1.746472850546616426e-02
1.055572984165809892e-02
-2.819018700400670319e-02
1.746493574864271120e-02
-1.055567832082075601e-02
-5.727437838515128843e-06
-1.294908406634678544e+00
-7.922125730972431334e-01
5.509258058245990257e-06
1.312195932112987462e+00
7.911161728808746574e-01
1.591382859448853791e-03
-8.643673068977829679e-03
5.481446214029239922e-04
-1.591164740603473677e-03
-8.643852431752193505e-03
5.482556271076247144e-04
-3.182098716659002215e-06
-7.962886672004086952e-01
-3.917524463426494408e-01
3.108604903037923651e-06
7.911161728808746574e-01
4.641765335110998314e-01
1.001980555775348197e-02
2.586142602483396547e-03
-3.621198761756189849e-02
-1.001973214785833663e-02
2.586351739163949854e-03
-3.621209954147534132e-02
-2.393579394044764441e-01
7.263716532476597459e-03
1.541185994232353307e-01
-2.819048040284909823e-02
1.591382859448853791e-03
1.001980555775348197e-02
3.010749914095284252e-01
-1.546862785817084210e-02
-1.877171140450668851e-01
-3.352657159159961459e-02
6.613528429738162184e-03
2.357870901575513309e-02
3.954656231305830189e-02
1.800058261384939601e-02
-4.311041418006686388e-02
-1.746472850546616426e-02
-8.643673068977829679e-03
2.586142602483396547e-03
-1.546862785817094271e-02
-1.222937459619524540e-02
2.397582870072293912e-02
-6.613205924955243079e-03
2.872465042124033689e-03
1.654844286636396322e-02
2.007401532375755748e-01
-4.107271925434859139e-02
-1.486245772122327946e-01
1.055572984165809892e-02
5.481446214029239922e-04
-3.621198761756189849e-02
-1.877171140450668851e-01
2.397582870072293912e-02
1.728924421320559568e-01
-2.357876900125578309e-02
1.654874593461395232e-02
1.194412271679727404e-02
-2.393565344010626927e-01
-7.260572510386820340e-03
-1.541195846230122568e-01
-2.819018700400670319e-02
-1.591164740603473677e-03
-1.001973214785833663e-02
-3.352657159159961459e-02
-6.613205924955243079e-03
-2.357876900125578309e-02
3.010732930072726465e-01
1.546494322550676093e-02
1.877180857747189069e-01
-3.954340737364082231e-02
1.800111250101222790e-02
-4.310888111156271907e-02
1.746493574864271120e-02
-8.643852431752193505e-03
2.586351739163949854e-03
6.613528429738162184e-03
2.872465042124033689e-03
1.654874593461395232e-02
1.546494322550676093e-02
-1.222972514327277591e-02
2.397378345919150625e-02
-2.007411164176095275e-01
-4.107048195402106944e-02
-1.486265143021145152e-01
-1.055567832082075601e-02
5.482556271076247144e-04
-3.621209954147534132e-02
2.357870901575513309e-02
1.654844286636396322e-02
1.194412271679727404e-02
1.877180857747189069e-01
2.397378345919150625e-02
1.728944911308403776e-01
2.733734845085106224e-01
-1.150856223652353683e-01
4.557136175393897148e-02
-2.187941010078816445e-02
1.960609622674617039e-02
-7.763721346173497323e-03
-1.257454555058325762e-01
-5.177517029330411984e-04
-1.407673583171603071e-01
-1.257486189018898193e-01
9.599727789201706329e-02
1.029597179112309302e-01
-1.150856223652353683e-01
5.436342025629987695e-01
1.676594055457981958e-02
-2.641213543312284293e-02
-3.471344738599690949e-01
1.177041223700252687e-01
7.815789013422306739e-03
-4.644181915225677887e-02
-4.176852779338467020e-03
1.336819688079730339e-01
-1.500579095889593706e-01
-1.302932101341849336e-01
4.557136175393897148e-02
1.676594055457981958e-02
5.793358606403744560e-01
1.045918511699653157e-02
1.177043815737790905e-01
-9.650645193831440538e-02
-1.869387532373653626e-01
-1.997896198341148760e-02
-2.932243301210061270e-01
1.309082062888021203e-01
-1.144913602513406015e-01
-1.896050785105050929e-01
-2.187941010078816445e-02
-2.641213543312284293e-02
1.045918511699653157e-02
2.332629571036881969e-02
-1.660234512901187162e-02
6.574242447890690788e-03
-7.234190118385623505e-04
2.031171555752352489e-02
-1.153527850150317703e-02
-7.234665977420144970e-04
2.270276497555079667e-02
-5.498149088210432800e-03
1.960609622674617039e-02
-3.471344738599690949e-01
1.177043815737790905e-01
-1.660234512901187162e-02
3.761498342944444295e-01
-1.275414447283365615e-01
-1.991839657011952244e-03
-2.630541071552583432e-03
5.668774747391934054e-04
-1.011911489274824969e-03
-2.638481930708900386e-02
9.270185748027974862e-03
-7.763721346173497323e-03
1.177041223700252687e-01
-9.650645193831440538e-02
6.574242447890690788e-03
-1.275414447283366726e-01
1.045757814054394247e-01
-6.425597501118537197e-04
3.456032995879327469e-02
-1.591182871585540212e-02
1.832038661588865965e-03
-2.472300756944859415e-02
7.842499211015995647e-03
-1.257454555058325762e-01
7.815789013422306739e-03
-1.869387532373653626e-01
-7.234190118385623505e-04
-1.991839657011952244e-03
-6.425597501118537197e-04
1.181597525367734103e-01
-8.458938244119166769e-03
1.682191733653232713e-01
8.309122002994729847e-03
2.634988897211199867e-03
1.936213961460667501e-02
-5.177517029330411984e-04
-4.644181915225677887e-02
-1.997896198341148760e-02
2.031171555752352489e-02
-2.630541071552583432e-03
3.456032995879327469e-02
-8.458938244119166769e-03
4.996535462589258431e-02
6.620639484109538259e-03
-1.133502561282162535e-02
-8.929944171615167379e-04
-2.120200750499152270e-02
-1.407673583171603071e-01
-4.176852779338467020e-03
-2.932243301210061825e-01
-1.153527850150317703e-02
5.668774747391934054e-04
-1.591182871585540212e-02
1.682191733653232713e-01
6.620639484109538259e-03
3.358071341775526464e-01
-1.591653650846005033e-02
-3.010664209153560058e-03
-2.667097538499017470e-02
-1.257486189018898193e-01
1.336819688079730339e-01
1.309082062888020093e-01
-7.234665977420144970e-04
-1.011911489274824969e-03
1.832038661588865965e-03
8.309122002994729847e-03
-1.133502561282162535e-02
-1.591653650846005033e-02
1.181629634745400143e-01
-1.213350317369133874e-01
-1.168237084113933621e-01
9.599727789201706329e-02
-1.500579095889593706e-01
-1.144913602513406015e-01
2.270276497555079667e-02
-2.638481930708900386e-02
-2.472300756944859415e-02
2.634988897211199867e-03
-8.929944171615167379e-04
-3.010664209153560058e-03
-1.213350317369133874e-01
1.773357233106407915e-01
1.422250319961515519e-01
1.029597179112309302e-01
-1.302932101341849336e-01
-1.896050785105049818e-01
-5.498149088210432800e-03
9.270185748027974862e-03
7.842499211015995647e-03
1.936213961460667501e-02
-2.120200750499152270e-02
-2.667097538499017470e-02
-1.168237084113933621e-01
1.422250319961515519e-01
2.084335546959436569e-01
2.916238773068194901e-01
-1.113770419498428671e-01
3.674902254506243193e-02
-2.716081582274010309e-02
2.153107496265857859e-02
-7.104373397807611269e-03
-1.322299280975779145e-01
3.570665768590889494e-03
-1.401439021678541341e-01
-1.322331334016741966e-01
8.627530120507254097e-02
1.104992530571078241e-01
-1.113770419498428671e-01
3.417263576064842878e-01
8.640146698002576509e-02
-2.658123269966334440e-02
-1.583646692009610668e-01
3.320132490011864362e-02
1.444317947863191925e-02
-4.880404068311831184e-02
9.030810313850069423e-03
1.235150952305666960e-01
-1.345576476173033775e-01
-1.286336022519515565e-01
3.674902254506243193e-02
8.640146698002586223e-02
5.750676301004908897e-01
8.771098438089000582e-03
3.320159029783847221e-02
-6.869946239886212669e-02
-1.880356943173767947e-01
-1.283948166875201885e-02
-2.960624888074784855e-01
1.425155733393461133e-01
-1.067635755532153480e-01
-2.103056788621146811e-01
-2.716081582274010309e-02
-2.658123269966334440e-02
8.771098438089000582e-03
2.170696235899847309e-02
-1.458661218119018492e-02
4.812927242608588431e-03
2.726928570846642082e-03
1.999186165430408280e-02
-8.585724847757035885e-03
2.726924892381080417e-03
2.117598319230482029e-02
-4.998300839278304632e-03
2.153107496265857859e-02
-1.583646692009610668e-01
3.320159029783847221e-02
-1.458661218119018492e-02
1.837652235921067301e-01
-4.314366124315267836e-02
-2.999611179354387362e-03
-2.659236036418077907e-03
6.065426005796799086e-05
-3.944851642240640964e-03
-2.274131833208798900e-02
9.881416746135676318e-03
-7.104373397807611269e-03
3.320132490011864362e-02
-6.869946239886212669e-02
4.812927242608588431e-03
-4.314366124315267836e-02
6.725002662605779336e-02
2.578022571146409373e-03
3.699878106930808153e-02
-9.316325968969826551e-03
-2.865763942068483999e-04
-2.705644471722680119e-02
1.076576173089451721e-02
-1.322299280975779145e-01
1.444317947863191925e-02
-1.880356943173767947e-01
2.726928570846642082e-03
-2.999611179354387362e-03
2.578022571146409373e-03
1.197633063250740648e-01
-1.395475504285156529e-02
1.659226048578259782e-01
9.739693199412294625e-03
2.511186735028852340e-03
1.953506686662084477e-02
3.570665768590889494e-03
-4.880404068311831184e-02
-1.283948166875201885e-02
1.999186165430408280e-02
-2.659236036418077907e-03
3.699878106930808153e-02
-1.395475504285156529e-02
5.340308348916347758e-02
-7.000797703968826384e-03
-9.607772394722671749e-03
-1.939806800621423624e-03
-1.715850167382267089e-02
-1.401439021678541341e-01
9.030810313850069423e-03
-2.960624888074784855e-01
-8.585724847757035885e-03
6.065426005796769270e-05
-9.316325968969826551e-03
1.659226048578259782e-01
-7.000797703968826384e-03
3.333110872162068916e-01
-1.719297790668151624e-02
-2.090666896760763876e-03
-2.793227240832996464e-02
-1.322331334016741966e-01
1.235150952305666960e-01
1.425155733393461133e-01
2.726924892381080417e-03
-3.944851642240640964e-03
-2.865763942068483999e-04
9.739693199412294625e-03
-9.607772394722671749e-03
-1.719297790668151624e-02
1.197665153278121564e-01
-1.099624711372927666e-01
-1.250360190468450261e-01
8.627530120507254097e-02
-1.345576476173033775e-01
-1.067635755532153480e-01
2.117598319230482029e-02
-2.274131833208798900e-02
-2.705644471722680119e-02
2.511186735028852340e-03
-1.939806800621423624e-03
-2.090666896760763876e-03
-1.099624711372927666e-01
1.592387726532658865e-01
1.359106871415160511e-01
1.104992530571078241e-01
-1.286336022519515565e-01
-2.103056788621146811e-01
-4.998300839278304632e-03
9.881416746135676318e-03
1.076576173089451721e-02
1.953506686662084477e-02
-1.715850167382267089e-02
-2.793227240832996464e-02
-1.250360190468449428e-01
1.359106871415159401e-01
2.274721894869656813e-01
2.947479086003432225e-01
-1.101784895080003546e-01
3.072609516244838995e-02
-2.651521227608476250e-02
2.058957254954868824e-02
-5.742090021721720818e-03
-1.341147337276544504e-01
9.137323033544751325e-03
-1.403441394156952071e-01
-1.341179626114798462e-01
8.045159395206639974e-02
1.153601342651325717e-01
-1.101784895080003546e-01
2.300323935914012075e-01
1.047404216418651030e-01
-2.525634017713106541e-02
-5.807311135509998085e-02
8.491998536320138425e-04
2.055728925286354897e-02
-4.901601051738928294e-02
1.932203694367576330e-02
1.148775403801811784e-01
-1.229432717115374191e-01
-1.249116584258913171e-01
3.072609516244838995e-02
1.047404216418651030e-01
5.763840063844917205e-01
7.043921080611191196e-03
8.494491454690301100e-04
-5.526457085094518135e-02
-1.879821871765006147e-01
-2.683136556808224122e-03
-2.975249620034956521e-01
1.502121709321238563e-01
-1.029067342096841864e-01
-2.235944735917273496e-01
-2.651521227608476250e-02
-2.525634017713106541e-02
7.043921080611191196e-03
1.848191404012722305e-02
-1.187780569790946282e-02
3.312463203666400884e-03
4.016638909797766964e-03
1.830844176465050085e-02
-6.104912493236559767e-03
4.016659328983895362e-03
1.882570411319095180e-02
-4.251471776191652341e-03
2.058957254954868824e-02
-5.807311135509998085e-02
8.494491454690301100e-04
-1.187780569790946282e-02
7.930832300303551630e-02
-9.302670242973740816e-03
-3.578512105507678388e-03
-2.948994709982587399e-03
-8.470733224995211736e-04
-5.133254699041443075e-03
-1.828621697142767885e-02
9.300294353967014302e-03
-5.742090021721720818e-03
8.491998536321138059e-04
-5.526457085094518135e-02
3.312463203666400884e-03
-9.302670242973740816e-03
4.854706760179808983e-02
4.002122815178684422e-03
3.465852258599275149e-02
-4.309849905681297465e-03
-1.572496015075134550e-03
-2.620505222227765413e-02
1.102735316730614826e-02
-1.341147337276544504e-01
2.055728925286344835e-02
-1.879821871765006147e-01
4.016638909797766964e-03
-3.578512105507678388e-03
4.002122815178684422e-03
1.201004368522753524e-01
-1.909237202153245966e-02
1.643442240923768394e-01
9.997657977953352051e-03
2.113594862901618538e-03
1.963584028606788975e-02
9.137323033544851938e-03
-4.901601051738928294e-02
-2.683136556808224122e-03
1.830844176465050085e-02
-2.948994709982587399e-03
3.465852258599275149e-02
-1.909237202153245966e-02
5.408195264729701024e-02
-1.718751645469997202e-02
-8.353392781028022920e-03
-2.116947433109617714e-03
-1.478786956313739819e-02
-1.403441394156952071e-01
1.932203694367576330e-02
-2.975249620034956521e-01
-6.104912493236559767e-03
-8.470733224995211736e-04
-4.309849905681297465e-03
1.643442240923768394e-01
-1.718751645469997202e-02
3.305301364235880279e-01
-1.789517217189655340e-02
-1.287447156766968921e-03
-2.869532448561954233e-02
-1.341179626114798462e-01
1.148775403801811784e-01
1.502121709321238563e-01
4.016659328983895362e-03
-5.133254699041443075e-03
-1.572496015075134550e-03
9.997657977953352051e-03
-8.353392781028022920e-03
-1.789517217189655340e-02
1.201036453042224200e-01
-1.013908929187972152e-01
-1.307445027672881621e-01
8.045159395206639974e-02
-1.229432717115374191e-01
-1.029067342096841864e-01
1.882570411319095180e-02
-1.828621697142767885e-02
-2.620505222227765413e-02
2.113594862901618538e-03
-2.116947433109617714e-03
-1.287447156766968921e-03
-1.013908929187972152e-01
1.433464361553591637e-01
1.303992336301372235e-01
1.153601342651325717e-01
-1.249116584258913171e-01
-2.235944735917273496e-01
-4.251471776191652341e-03
9.300294353967014302e-03
1.102735316730614826e-02
1.963584028606788975e-02
-1.478786956313739819e-02
-2.869532448561954233e-02
-1.307445027672881621e-01
1.303992336301372235e-01
2.412624449304482388e-01
2.884447572089183232e-01
-1.084501542765746174e-01
2.248259537407953923e-02
-2.143925500109485766e-02
1.463453693083777672e-02
-3.033970951911379998e-03
-1.335011267869502249e-01
1.972407955285844852e-02
-1.408402647699106558e-01
-1.335043753181987813e-01
7.409153788779626604e-02
1.213916403112008796e-01
-1.084501542765746174e-01
1.443253187374326230e-01
9.359228448705551873e-02
-2.170626532542515100e-02
1.006804999116617770e-02
-1.085069810213113925e-02
2.925070811979359198e-02
-4.821244101312266439e-02
3.321346389521678821e-02
1.009057114770635782e-01
-1.061809276985389294e-01
-1.159550502643607733e-01
2.248259537407953923e-02
9.359228448705551873e-02
5.763561711677790411e-01
4.500321804012613267e-03
-1.085050408907309479e-02
-4.001891178866875953e-02
-1.862992819987649984e-01
1.783763820980321241e-02
-2.971544999611105964e-01
1.593163648126401377e-01
-1.005794186586571881e-01
-2.391827593858032175e-01
-2.143925500109485766e-02
-2.170626532542515100e-02
4.500321804012613267e-03
1.250883668094138201e-02
-6.636973198800551546e-03
1.375902298463600650e-03
4.465189915805773714e-03
1.417733521838254566e-02
-2.909912322759142939e-03
4.465228388455691998e-03
1.416590330873461999e-02
-2.966311755234550367e-03
1.463453693083777672e-02
1.006804999116617770e-02
-1.085050408907309479e-02
-6.636973198800551546e-03
2.647461210138999342e-03
5.804628458071029937e-03
-3.246413593106753457e-03
-2.148306357520037881e-03
-1.674135633122592753e-03
-4.751150142698437259e-03
-1.056720492843059647e-02
6.720011197091102680e-03
-3.033970951911379998e-03
-1.085069810213113925e-02
-4.001891178866875953e-02
1.375902298463600650e-03
5.804628458071029937e-03
2.944216900997291553e-02
4.457910493204029524e-03
2.615119476754041924e-02
1.078943268816901857e-03
-2.799841841159116280e-03
-2.110512508198610776e-02
9.497799524968158699e-03
-1.335011267869502249e-01
2.925070811979359198e-02
-1.862992819987649984e-01
4.465189915805773714e-03
-3.246413593106753457e-03
4.457910493204029524e-03
1.196076185350238158e-01
-2.742471461378428663e-02
1.622714163558438838e-01
9.428318296252369626e-03
1.420420045503421056e-03
1.956995514430114741e-02
1.972407955285844852e-02
-4.821244101312266439e-02
1.783763820980321241e-02
1.417733521838254566e-02
-2.148306357520037881e-03
2.615119476754041924e-02
-2.742471461378428663e-02
5.170635243841679302e-02
-3.164949907881465380e-02
-6.476700166965027906e-03
-1.345605020157295472e-03
-1.233933387537291572e-02
-1.408402647699106558e-01
3.321346389521678821e-02
-2.971544999611105964e-01
-2.909912322759142939e-03
-1.674135633122592753e-03
1.078943268816901857e-03
1.622714163558438838e-01
-3.164949907881475788e-02
3.256463911885021933e-01
-1.852123930662421050e-02
1.101708081898791666e-04
-2.957083456933919802e-02
-1.335043753181987813e-01
1.009057114770635782e-01
1.593163648126401377e-01
4.465228388455691998e-03
-4.751150142698437259e-03
-2.799841841159116280e-03
9.428318296252369626e-03
-6.476700166965027906e-03
-1.852123930662421050e-02
1.196108285865763454e-01
-8.967786122361547096e-02
-1.379952836473818112e-01
7.409153788779626604e-02
-1.061809276985389294e-01
-1.005794186586571881e-01
1.416590330873461999e-02
-1.056720492843059647e-02
-2.110512508198610776e-02
1.420420045503421056e-03
-1.345605020157295472e-03
1.101708081898791666e-04
-8.967786122361547096e-02
1.180937376672182432e-01
1.215743729605507362e-01
1.213916403112008796e-01
-1.159550502643607733e-01
-2.391827593858032175e-01
-2.966311755234550367e-03
6.720011197091102680e-03
9.497799524968158699e-03
1.956995514430114741e-02
-1.233933387537291572e-02
-2.957083456933919802e-02
-1.379952836473818112e-01
1.215743729605507362e-01
2.592557944560193173e-01
2.762967946051158585e-01
-1.075591862596306653e-01
1.395065726570520262e-02
-1.334439138950369724e-02
3.288464128636110068e-03
-4.266204036115545562e-04
-1.314746017096108943e-01
3.473284136854041387e-02
-1.409178658520198468e-01
-1.314778015083370999e-01
6.953788079204401007e-02
1.273938289813769942e-01
-1.075591862596306653e-01
9.651911341723790061e-02
6.176659926565056247e-02
-1.501163860960839751e-02
3.502089545777420376e-02
-7.295593274701939537e-03
3.866553054766127401e-02
-4.597330631375867033e-02
4.750929281931397935e-02
8.390529424917238244e-02
-8.556670253227517675e-02
-1.019802989123488740e-01
1.395065726570520262e-02
6.176659926565056247e-02
5.646823586805386208e-01
1.947228881301979811e-03
-7.295505481798710175e-03
-2.027504844776325393e-02
-1.823270819671434784e-01
4.806878900512506075e-02
-2.920020501810016711e-01
1.664291958295285867e-01
-1.025398828192946449e-01
-2.524052600531399571e-01
-1.334439138950369724e-02
-1.501163860960839751e-02
1.947228881301979811e-03
5.668166967318361352e-03
-2.950094975659206965e-04
3.825354240987559464e-05
3.838102927290235403e-03
7.707716396320715702e-03
-5.730757311047126159e-04
3.838121506496936300e-03
7.598931711816950610e-03
-1.412406669333711451e-03
3.288464128636110068e-03
3.502089545777409968e-02
-7.295505481798710175e-03
-2.950094975659206965e-04
-3.586227104385220771e-02
6.216469965260144892e-03
-1.121008700746489641e-03
1.812835495192944429e-03
-5.227514800679745324e-04
-1.872445903559856201e-03
-9.714599596726949731e-04
1.601787003086659967e-03
-4.266204036115545562e-04
-7.295593274701939537e-03
-2.027504844776325393e-02
3.825354240987559464e-05
6.216469965260144892e-03
1.125527576453513173e-02
3.090558766303086284e-03
1.215345632236091052e-02
3.117801493319406064e-03
-2.702191908573181155e-03
-1.107433298548028862e-02
5.901971154580196513e-03
-1.314746017096108943e-01
3.866553054766127401e-02
-1.823270819671434784e-01
3.838102927290235403e-03
-1.121008700746489641e-03
3.090558766303086284e-03
1.189531177066329715e-01
-3.845132970534687750e-02
1.601635924895658813e-01
8.683381071054895040e-03
9.068078449510563136e-04
1.907293071943700138e-02
3.473284136854041387e-02
-4.597330631375867033e-02
4.806878900512506075e-02
7.707716396320715702e-03
1.812835495192944429e-03
1.215345632236080990e-02
-3.845132970534687750e-02
4.344406354537325848e-02
-4.955639845512767316e-02
-3.989228049557355660e-03
7.164073050791593773e-04
-1.066584687773949706e-02
-1.409178658520198468e-01
4.750929281931397935e-02
-2.920020501810016711e-01
-5.730757311047126159e-04
-5.227514800679745324e-04
3.117801493319406064e-03
1.601635924895658813e-01
-4.955639845512767316e-02
3.188494447532729259e-01
-1.867265100857064611e-02
2.569857108098328943e-03
-2.996519609034415527e-02
-1.314778015083370999e-01
8.390529424917238244e-02
1.664291958295285867e-01
3.838121506496936300e-03
-1.872445903559856201e-03
-2.702191908573181155e-03
8.683381071054895040e-03
-3.989228049557355660e-03
-1.867265100857064611e-02
1.189562989261516157e-01
-7.804362031312744863e-02
-1.450543529352713856e-01
6.953788079204401007e-02
-8.556670253227517675e-02
-1.025398828192946449e-01
7.598931711816950610e-03
-9.714599596726949731e-04
-1.107433298548028862e-02
9.068078449510563136e-04
7.164073050791593773e-04
2.569857108098328943e-03
-7.804362031312744863e-02
8.582175517656186192e-02
1.110443587976642360e-01
1.273938289813768832e-01
-1.019802989123488740e-01
-2.524052600531399571e-01
-1.412406669333711451e-03
1.601787003086659967e-03
5.901971154580196513e-03
1.907293071943700138e-02
-1.066584687773949706e-02
-2.996519609034415527e-02
-1.450543529352714966e-01
1.110443587976642360e-01
2.764684850503520974e-01
