5.472845938109641706e-01
-1.533659260010444662e-02
1.807768790670795378e-02
-5.472841585660707109e-01
-1.485442245239596351e-02
-1.450610484253937564e-02
1.516309948189549853e-02
4.201097354064407124e-04
-5.067998774781711652e-03
-1.516308742297449962e-02
-4.115575112817668191e-04
-4.019070028822482182e-04
-1.555773856445862371e-02
-4.310436292817047474e-04
4.422620917476035619e-04
1.555772619168879593e-02
4.222688225720304042e-04
4.123671473323852962e-04
-5.472841585660707109e-01
-1.516308742297449962e-02
1.555772619168879593e-02
5.472837233215234187e-01
-1.564528144303985527e-02
-1.912933316505281006e-02
-1.485442245239596351e-02
-4.115575112817668191e-04
4.222688225720304042e-04
1.485441063896009162e-02
4.031793858069523950e-04
5.030680479460957963e-03
-1.450610484253937564e-02
-4.019070028822482182e-04
4.123671473323852962e-04
1.450609330611378131e-02
3.937253339609588648e-04
3.844929677949216265e-04
5.800036606347271778e-02
-9.716993729145092986e-04
-3.297189380322872111e-04
-5.800036597449852865e-02
9.049632731922077362e-04
2.967701746093941292e-04
-9.049295355811693212e-04
1.411883268932073721e-05
-3.344557018138616324e-04
9.049295341930030465e-04
-1.411935906805300567e-05
-4.630248298471813253e-06
2.967050669677107544e-04
-4.629232480528315365e-06
1.517816226716123466e-06
-2.967050665125566650e-04
4.629405067696694710e-06
1.518149289519599749e-06
-5.800036597449852865e-02
9.049295341930030465e-04
-2.967050665125566650e-04
5.800036588552436034e-02
-9.717331091373174710e-04
3.296538308458571301e-04
9.049632731922077362e-04
-1.411935906805300567e-05
4.629405067696694710e-06
-9.049632718039774936e-04
1.411988546650561061e-05
3.344568902568950696e-04
2.967701746093941292e-04
-4.630248298471813253e-06
1.518149289519599749e-06
-2.967701741541408354e-04
4.630420923561632336e-06
1.518482425405039546e-06
2.193080178594383409e-02
1.587541642556469876e-03
-7.311676061974476954e-05
-2.193080616219881401e-02
-1.099957825610340875e-03
3.500363319227234316e-04
1.099968936889805316e-03
5.517042531925225868e-05
-2.743094778550126452e-04
-1.099969156386773226e-03
-5.516986801805748297e-05
1.755654424580890783e-05
3.499300090469216105e-04
1.755121147832071051e-05
5.583517302623545282e-06
-3.499300788748718359e-04
-1.755103418564408384e-05
5.585213800781116409e-06
-2.193080616219881401e-02
-1.099969156386773226e-03
-3.499300788748718359e-04
2.193081053845469253e-02
1.587530750771757454e-03
7.301036789477784097e-05
-1.099957825610340875e-03
-5.516986801805748297e-05
-1.755103418564408384e-05
1.099958045105092893e-03
5.516931072246933354e-05
2.743043224340437742e-04
3.500363319227234316e-04
1.755654424580890783e-05
5.585213800781116409e-06
-3.500364017718885119e-04
-1.755636689928957478e-05
5.586910814304406998e-06
2.405494680284943690e-02
-4.970111497554837322e-04
6.933773498888152803e-06
-2.405494713352395592e-02
8.014203033841316810e-04
6.647225013758259980e-05
-8.014108699221506038e-04
2.669968001564951288e-05
6.754137349557830607e-06
8.014108809388655963e-04
-2.669999429938396673e-05
-2.214579156837027084e-06
6.626872816555474564e-05
-2.207798650442153988e-06
1.825630448827973707e-07
-6.626872907652651024e-05
2.207824638605333865e-06
1.831237254776291478e-07
-2.405494713352395592e-02
8.014108809388655963e-04
-6.626872907652651024e-05
2.405494746419850616e-02
-4.970205942342974378e-04
-7.137296384685573067e-06
8.014203033841316810e-04
-2.669999429938396673e-05
2.207824638605333865e-06
-8.014203144009643094e-04
2.670030858682032049e-05
-6.747330775192888997e-06
6.647225013758259980e-05
-2.214579156837027084e-06
1.831237254776291478e-07
-6.647225105135213456e-05
2.214605224807095598e-06
1.836861280194998720e-07
1.238834615304421849e+00
5.462358440702743019e-03
1.092812139959233302e-03
-1.238824578846467350e+00
1.166422111133068144e-02
2.583348794006738898e-03
-7.997972238130571579e-03
5.163527006133393493e-05
-5.381429090522277248e-06
7.997907442304736519e-03
-7.530473840115445294e-05
-1.667821651140169448e-05
8.273117021350005935e-04
-5.341161721007098295e-06
5.524907392400607575e-07
-8.273049996430029834e-04
7.789535828647744381e-06
1.725197747576290297e-06
-1.238824578846467350e+00
7.997907442304736519e-03
-8.273049996430029834e-04
1.238814542469822921e+00
1.796204065560140896e-03
-2.848828302748725259e-03
1.166422111133068144e-02
-7.530473840115445294e-05
7.789535828647744381e-06
-1.166412661327317392e-02
1.098242271028381737e-04
2.436373328556151394e-05
2.583348794006738898e-03
-1.667821651140169448e-05
1.725197747576290297e-06
-2.583327864924492550e-03
2.432346591604633498e-05
5.387071776209034768e-06
4.158735822917080521e-02
6.942569409338784220e-03
-2.352693711145085155e-05
-4.158736461637681237e-02
-1.608353030926103124e-03
-1.172555290867224503e-05
1.608369480338796634e-03
6.220285431490779615e-05
-4.591299776476640282e-07
-1.608369727360658367e-03
-6.220221814280668671e-05
-4.534796688424427913e-07
-1.186960077822266283e-05
-4.590506454525319925e-07
3.387746438211591544e-09
1.186960260123789878e-05
4.590459506282271817e-07
3.346633520707324228e-09
-4.158736461637681237e-02
-1.608369727360658367e-03
1.186960260123789878e-05
4.158737100358347177e-02
6.942553206945372909e-03
2.338289104276377437e-05
-1.608353030926103124e-03
-6.220221814280668671e-05
4.590459506282271817e-07
1.608353277945384456e-03
6.220158197647873699e-05
4.535543630884699768e-07
-1.172555290867224503e-05
-4.534796688424427913e-07
3.346633520707324228e-09
1.172555470953557549e-05
4.534750308933396351e-07
3.306019269012993596e-09
-1.358408216496010956e-01
2.005435714633255444e-07
2.596835634198407882e-07
1.358408216496677368e-01
-2.754366990603857994e-07
-1.195689926795826607e-07
2.787455714633258631e-07
-5.718550633027064123e-13
1.242594792093703301e-11
-2.787455714556285570e-07
5.652700529878984526e-13
2.453408860897248598e-13
2.727925634339463899e-07
-5.598204647353701772e-13
-5.478476759312710780e-13
-2.727925634340746625e-07
5.531092620541450366e-13
2.400916777633651576e-13
1.358408216496677368e-01
-2.787455714556285570e-07
-2.727925634340746625e-07
-1.358408216497345167e-01
1.972346990614229108e-07
1.326779926937519223e-07
-2.754366990603857994e-07
5.652700529878984526e-13
5.531092620541450366e-13
2.754366990614230971e-07
-5.584213647047420181e-13
-1.322822721607560904e-11
-1.195689926795826607e-07
2.453408860897248598e-13
2.400916777633651576e-13
1.195689926796463206e-07
-2.424588304106504728e-13
-1.052670086220565427e-13
-1.034987961311494842e-01
2.382590506834692297e-07
2.170878122764014068e-07
1.034987961311827492e-01
-3.381531162637648102e-07
-4.599476432493308836e-08
3.243240506834701000e-07
-1.016269644332656115e-12
-5.410665096342294578e-12
-3.243240506619145938e-07
1.059638552699772811e-12
1.441751436825634960e-13
2.374379789430682305e-07
-7.439984296746100508e-13
-5.447328785962435305e-13
-2.374379789431592866e-07
7.757685228718860152e-13
1.055266984906211292e-13
1.034987961311827492e-01
-3.243240506619145938e-07
-2.374379789431592866e-07
-1.034987961312161392e-01
2.520881162716851539e-07
6.634493099159832388e-08
-3.381531162637648102e-07
1.059638552699772811e-12
7.757685228718860152e-13
3.381531162716855741e-07
-1.104816740419074607e-12
4.516418241392901034e-12
-4.599476432493308836e-08
1.441751436825634960e-13
1.055266984906211292e-13
4.599476432493150017e-08
-1.502484252774718300e-13
-2.043113941918583976e-14
-7.774815007425434077e-02
2.319548404824425025e-05
1.092709873055044034e-05
7.774815182565394944e-02
1.002759365295148247e-06
1.609283462970954642e-06
7.171858381577575259e-06
-6.615662628719869154e-10
-1.398036357272771693e-05
-7.171858543135149151e-06
-9.249927332335289298e-11
-1.484479485738699075e-10
8.903119670590486923e-06
-8.212660329002320166e-10
-1.019516728950031238e-09
-8.903119871146953566e-06
-1.148282899741288286e-10
-1.842827594877283127e-10
7.774815182565394944e-02
-7.171858543135149151e-06
-8.903119871146953566e-06
-7.774815357705359975e-02
1.502086627877850492e-05
-3.633262559194834766e-06
1.002759365295148247e-06
-9.249927332335289298e-11
-1.148282899741288286e-10
-1.002759387888173881e-06
-1.293313302589901848e-11
1.397952155090271878e-05
1.609283462970954642e-06
-1.484479485738699075e-10
-1.842827594877283127e-10
-1.609283499222259071e-06
-2.075579027035312723e-11
-3.331004536737802540e-11
1.265291124865328909e+00
-2.899328179464145862e-03
-1.254541653292075135e-04
-1.265291183617126558e+00
1.192025913383373261e-03
2.408994825017374427e-04
-8.250752794641353022e-04
5.380178546014106975e-07
-8.170561570072063136e-04
8.250753177743120562e-04
-7.773002546411552635e-07
-1.570865423093214391e-07
3.175971898374592038e-04
-2.070998405404641390e-07
7.971918324772842013e-08
-3.175972045845836238e-04
2.992070938284056673e-07
6.046750598842631774e-08
-1.265291183617126558e+00
8.250753177743120562e-04
-3.175972045845836238e-04
1.265291242368925984e+00
-3.266278868733251631e-03
2.021518614791423317e-04
1.192025913383373261e-03
-7.773002546411552635e-07
2.992070938284056673e-07
-1.192025968733240963e-03
1.123003038818837225e-06
8.170760076447338262e-04
2.408994825017374427e-04
-1.570865423093214391e-07
6.046750598842631774e-08
-2.408994936875245483e-04
2.269504780681936076e-07
4.586498669745253665e-08
1.329853931752094376e-01
-1.809346850537341437e-04
-2.197772889968554653e-04
-1.329857944725901520e-01
2.778745618059373862e-04
4.569593696930647221e-05
-3.928035383870658319e-04
1.160237347079540182e-06
4.562300099839158895e-07
3.928047237129286850e-04
-8.207676685176301667e-07
-1.349736631600691595e-07
-1.544086743302207614e-04
4.560822216547746281e-07
1.792831388265332170e-07
1.544091402745995719e-04
-3.226387622580001923e-07
-5.305732368916530596e-08
-1.329857944725901520e-01
3.928047237129286850e-04
1.544091402745995719e-04
1.329861957711818421e-01
-6.600654698824327848e-05
1.967253980504411981e-05
2.778745618059373862e-04
-8.207676685176301667e-07
-3.226387622580001923e-07
-2.778754003215749531e-04
5.806222040660724559e-07
9.533441530506375512e-08
4.569593696930647221e-05
-1.349736631600691595e-07
-5.305732368916530596e-08
-4.569607486159059080e-05
9.548220363419146397e-08
1.570186477618577175e-08
-9.603423700991096934e-02
-4.791133035126328785e-05
1.238408903599810351e-04
9.603423700997168466e-02
-3.679306198050500854e-07
-1.223217774224211410e-08
3.628243154033857808e-07
-1.370743768430989626e-12
-6.615138779862017498e-10
-3.628243153877807340e-07
1.390085791636531909e-12
4.624932817182541586e-14
2.242471933139460599e-07
-8.472113271029652823e-13
-5.236447126605314750e-13
-2.242471933140844704e-07
8.591407972129239477e-13
2.856959460673103024e-14
9.603423700997168466e-02
-3.628243153877807340e-07
-2.242471933140844704e-07
-9.603423701003255264e-02
-4.790622404685532612e-05
-1.236044109889248362e-04
-3.679306198050500854e-07
1.390085791636531909e-12
8.591407972129239477e-13
3.679306198113522223e-07
-1.409655912981188023e-12
6.606198129030686535e-10
-1.223217774224211410e-08
4.624932817182541586e-14
2.856959460673103024e-14
1.223217774225226526e-08
-4.685374088941707341e-14
-1.506824179320354062e-15
9.965590023871042646e-01
-2.024452635882403526e-03
-1.869582844237920082e-03
-9.965590024505373012e-01
3.517443375047377791e-04
-2.816055914677443955e-04
-3.517015660490755585e-04
1.241210923624835871e-07
-1.690271126284952140e-04
3.517015660713613883e-04
-1.241361866355372712e-07
9.938310468630756275e-08
-2.839619607379191796e-04
1.002147048385459809e-07
8.091281574739582167e-08
2.839619607559928840e-04
-1.002268923163524526e-07
8.024138625634666753e-08
-9.965590024505373012e-01
3.517015660713613883e-04
2.839619607559928840e-04
9.965590025139717811e-01
-2.024495407360479837e-03
1.867226474985671496e-03
3.517443375047377791e-04
-1.241361866355372712e-07
-1.002268923163524526e-07
-3.517443375271517617e-04
1.241512834065927606e-07
1.690279321424826740e-04
-2.816055914677443955e-04
9.938310468630756275e-08
8.024138625634666753e-08
2.816055914856707568e-04
-9.939519085086913168e-08
7.957552828363534084e-08
3.379965739330093588e-01
-2.590430514932835424e-03
-2.742481814577854126e-03
-3.379965740923393525e-01
-2.697480631058739049e-03
2.947879921741894654e-03
2.689764363067139157e-03
2.140504634303829617e-05
1.633044616998513044e-04
-2.689764364335061556e-03
-2.146645212124575694e-05
2.345912051070385353e-05
2.939545003088864239e-03
2.339279153318571831e-05
2.556512548232208357e-05
-2.939545004474529259e-03
-2.345989966017443594e-05
2.563761399359433529e-05
-3.379965740923393525e-01
-2.689764364335061556e-03
-2.939545004474529259e-03
3.379965742516694571e-01
-2.582714245669636820e-03
2.734146894535186608e-03
-2.697480631058739049e-03
-2.146645212124575694e-05
-2.345989966017443594e-05
2.697480632330337327e-03
2.152803405750013457e-05
-1.634380890858290892e-04
2.947879921741894654e-03
2.345912051070385353e-05
2.563761399359433529e-05
-2.947879923131531757e-03
-2.352641891916282545e-05
2.571030804217662869e-05
1.756753272478429329e-01
8.662552690352400692e-04
4.924499764976015843e-04
-1.756753272073761085e-01
1.694836259654468520e-04
2.288777942684631721e-04
-1.689240326314299042e-04
1.624321937978429053e-07
1.091749241369602432e-04
1.689240325926008297e-04
-1.629702816707129243e-07
-2.200819010280258948e-07
2.290401628309380938e-04
-2.202380297064659395e-07
2.986156167311634345e-07
-2.290401627781783766e-04
2.209676105265589963e-07
2.984039255167756174e-07
-1.756753272073761085e-01
1.689240325926008297e-04
-2.290401627781783766e-04
1.756753271669095340e-01
8.656956757402595225e-04
-4.922876078824053262e-04
1.694836259654468520e-04
-1.629702816707129243e-07
2.209676105265589963e-07
-1.694836259264104509e-04
1.635101520552212362e-07
-1.091743512020310481e-04
2.288777942684631721e-04
-2.200819010280258948e-07
2.984039255167756174e-07
-2.288777942157418357e-04
2.208109646356508257e-07
2.981923843867114802e-07
-3.035958583673323968e-02
-4.399451747530458727e-04
4.401350316202181897e-04
3.035958583677171585e-02
-1.170097774552375650e-07
6.501443882988806373e-10
1.221642469540602720e-07
-4.915835360818468368e-13
3.800892402944000974e-13
-1.221642469449598030e-07
4.708448616822242462e-13
-2.607223837620740971e-15
7.122128688470891134e-08
-2.865774533184029664e-13
-1.670762053013197246e-13
-7.122128688479824685e-08
2.745001980946502515e-13
-1.517855936425394070e-15
3.035958583677171585e-02
-1.221642469449598030e-07
-7.122128688479824685e-08
-3.035958583681020589e-02
-4.399503292225431491e-04
-4.400644604777217560e-04
-1.170097774552375650e-07
4.708448616822242462e-13
2.745001980946502515e-13
1.170097774567502334e-07
-4.509779353987683670e-13
-6.641521116962128469e-13
6.501443882988806373e-10
-2.607223837620740971e-15
-1.517855936425394070e-15
-6.501443882991155566e-10
2.514635808861153203e-15
-3.435565634063442175e-18
-2.810551065246121027e-02
6.071065361934355832e-05
-6.052597875370911636e-05
2.810551065250966457e-02
-1.107560767515070864e-07
-2.976420909258126592e-09
1.170732860102260541e-07
-4.876623193802998024e-13
-6.275071280195937206e-13
-1.170732860026937872e-07
4.613544789255907830e-13
1.239914290294114091e-14
7.062374629088723690e-08
-2.941737909757878044e-13
-1.774696152803017676e-13
-7.062374629100887877e-08
2.783028820161473483e-13
7.481634543279166220e-15
2.810551065250966457e-02
-1.170732860026937872e-07
-7.062374629100887877e-08
-2.810551065255811887e-02
6.070433641008715181e-05
6.059957892090926505e-05
-1.107560767515070864e-07
4.613544789255907830e-13
2.783028820161473483e-13
1.107560767538307625e-07
-4.364618475666270925e-13
3.216045176356238804e-13
-2.976420909258126592e-09
1.239914290294114091e-14
7.481634543279166220e-15
2.976420909263120695e-09
-1.172882682911657903e-14
-3.079037549489935340e-16
5.428196294470695460e-02
1.703017189956874695e-03
-5.880560118355187800e-04
-4.037733064361362367e-02
-1.117750116640161325e-03
-4.842246385929090797e-05
-2.692381730431366092e-04
1.335419537301044818e-06
1.233527398383435503e-06
2.002712898558164261e-04
5.544033100088113439e-06
2.401750965573545837e-07
-2.486918576688500518e-04
1.233509950529509958e-06
1.139377367787020034e-06
1.849880295540938437e-04
5.120952482423613006e-06
2.218466660514062383e-07
-4.037733064361362367e-02
2.002712898558164261e-04
1.849880295540938437e-04
3.003444867246966507e-02
5.119498865073027205e-04
-4.019575948919105676e-04
-1.117750116640161325e-03
5.544033100088113439e-06
5.120952482423613006e-06
8.314320925073026038e-04
2.301621488059167088e-05
9.782915761508137464e-07
-4.842246385929090797e-05
2.401750965573545837e-07
2.218466660514062383e-07
3.601877544142070343e-05
9.970939094834652128e-07
4.319547169950865850e-08
-1.140607659438582361e-01
-5.728158572658416203e-06
-5.712602593806432683e-06
1.162077597604543183e-01
-3.754534988054195201e-05
-3.695735088044703107e-05
-5.684673739325081609e-06
-2.833184200111493634e-10
-3.023554671306126756e-10
5.791677749550796334e-06
-1.871222453904218078e-09
-1.841917195055634720e-09
-5.718823927135138459e-06
-2.850204718902062779e-10
-2.867327694722199283e-10
5.826470754755389524e-06
-1.882463666041437163e-09
-1.852982267624980750e-09
1.162077597604543183e-01
5.791677749550796334e-06
5.826470754755389524e-06
-1.183951669690733871e-01
3.123458222440330523e-05
3.288290542191563918e-05
-3.754534988054195201e-05
-1.871222453904218078e-09
-1.882463666041437163e-09
3.825207522440339264e-05
-1.235879210930621857e-08
-2.235677007560935884e-06
-3.695735088044703107e-05
-1.841917195055634720e-09
-1.852982267624980750e-09
3.765300817471033915e-05
-1.216524076505347274e-08
-1.197472039582425651e-08
-3.596142921721147412e-02
7.136276133634985447e-04
-8.153345735215729220e-04
2.698012887468041396e-02
-6.292385706028558266e-06
8.596724015473805429e-06
-3.024489099698354061e-04
-2.543707108806464142e-06
-2.842984561826945866e-04
2.269128548730573651e-04
-5.292128930053702131e-08
7.230162606293444316e-08
1.295945608117602234e-04
1.089938150638678979e-06
-4.670212101279269667e-07
-9.722855927220546302e-05
2.267593303059700638e-08
-3.098009997495876355e-08
2.698012887468041396e-02
2.269128548730573651e-04
-9.722855927220546302e-05
-2.024189165835417123e-02
-2.583020846987119600e-05
1.377686523853220604e-04
-6.292385706028558266e-06
-5.292128930053702131e-08
2.267593303059700638e-08
4.720874030127145582e-06
-1.101016254919815959e-09
6.985711220032020732e-06
8.596724015473805429e-06
7.230162606293444316e-08
-3.098009997495876355e-08
-6.449708114676438661e-06
1.504220031953856784e-09
-2.055081337742903358e-09
-3.340443003292455776e-02
5.534150335657727262e-06
7.068248480303286792e-05
3.396270933045131279e-02
1.262247509251299420e-04
2.880432450829801080e-06
2.488927033565778497e-05
-1.854471928565468622e-08
-2.240744273874020493e-05
-2.530523804849061370e-05
-9.404866200594573660e-08
-2.146178279527604510e-09
-3.537286303030048970e-05
2.635592792645771905e-08
-3.745729046378265537e-08
3.596404022160702702e-05
1.336628351603552558e-07
3.050168572577005577e-09
3.396270933045131279e-02
-2.530523804849061370e-05
3.596404022160702702e-05
-3.453031900043895125e-02
1.469487876001722719e-04
1.817234781931302567e-05
1.262247509251299420e-04
-9.404866200594573660e-08
1.336628351603552558e-07
-1.283343113998289319e-04
-4.769633168636523315e-07
-1.087590772609202568e-08
2.880432450829801080e-06
-2.146178279527604510e-09
3.050168572577005577e-09
-2.928572347353775978e-06
-1.088424105943723574e-08
-2.483769752370523776e-10
-2.999678594126654538e-02
3.565122534892346259e-05
6.168091851411267162e-06
3.122416213209887326e-02
-7.888559261482367983e-06
-8.431975173334788282e-05
1.537789668225728648e-05
-7.883501450603458416e-09
-1.796829075404344231e-05
-1.600711290194536555e-05
4.044081573090219095e-09
4.322664543554587992e-08
-6.614678264858875963e-05
3.391024595656236002e-08
-1.458621888031483884e-07
6.885330548346800257e-05
-1.739529081921183020e-08
-1.859359299869051774e-07
3.122416213209887326e-02
-1.600711290194536555e-05
6.885330548346800257e-05
-3.250175878044200134e-02
-3.081664216394807256e-05
-8.376810661552015205e-05
-7.888559261482367983e-06
4.044081573090219095e-09
-1.739529081921183020e-08
8.211334836052230806e-06
-2.074534492108037753e-09
-2.211775428228473540e-08
-8.431975173334788282e-05
4.322664543554587992e-08
-1.859359299869051774e-07
8.776985655114598968e-05
-2.217442094892374364e-08
-2.370194108818355373e-07
-2.943874390902786325e-02
-3.166034831781056031e-05
8.531003792243260417e-05
2.975610242306900993e-02
2.023711244402194451e-06
5.750725421494322126e-08
-3.258950931781057165e-05
-3.607749436862101413e-08
-9.405069868892271628e-06
3.294083403065537711e-05
2.240304697501605243e-09
6.366212966797046940e-11
-5.555899577567488445e-06
-6.150535558873755351e-09
-1.048550848980263244e-09
5.615793846139068832e-06
3.819298984240676075e-10
1.085320239742708743e-11
2.975610242306900993e-02
3.294083403065537711e-05
5.615793846139068832e-06
-3.007688215734791864e-02
-1.127229746031424684e-05
-9.289855533045955919e-06
2.023711244402194451e-06
2.240304697501605243e-09
3.819298984240676075e-10
-2.045527460314274871e-06
-1.391162528398072805e-10
4.138010229220076065e-11
5.750725421494322126e-08
6.366212966797046940e-11
1.085320239742708743e-11
-5.812719971261475657e-08
-3.953231040689874511e-12
-1.123463258376721545e-13
-2.246161860772680902e-02
5.664772730995671961e-08
5.467569549247736135e-08
2.188900569914899175e-02
-5.718891004057474549e-08
-1.157025955768171489e-08
5.760772730995678909e-08
-1.477483883225490571e-13
1.811864571910841629e-10
-5.613913642935262425e-08
1.466690657343667529e-13
2.967952482360742922e-14
5.715502884731658443e-08
-1.465821048491932319e-13
-1.454377305241319854e-13
-5.569797858389851577e-08
1.455266154692194865e-13
2.944363973589302898e-14
2.188900569914899175e-02
-5.613913642935262425e-08
-5.569797858389851577e-08
-2.133099038252556437e-02
5.534932937764929923e-08
1.114963284851276914e-08
-5.718891004057474549e-08
1.466690657343667529e-13
1.455266154692194865e-13
5.573099604431596633e-08
-1.456109295396766086e-13
-2.362789870417950330e-12
-1.157025955768171489e-08
2.967952482360742922e-14
2.944363973589302898e-14
1.127529951517941066e-08
-2.945647412801202992e-14
-5.952595154216711427e-15
8.197828786653629241e-01
-1.473349056681607205e+00
2.208774814483877857e-01
-3.670314934119116024e-01
9.948573785887382392e-02
-8.342543861342044398e-02
-2.257412343412467659e-01
2.081300890638401402e+00
-3.626225063452864772e-01
-1.939261817987607106e+00
7.266331982661265343e+00
-2.238664315252302806e-01
-6.864119044199464004e-02
6.753040224059675412e-02
-2.794263534696192486e-02
1.954335773800207399e+00
-7.557849576707365458e+00
1.034134186062043881e+00
-6.960185193434351159e-02
-3.660619265244300369e-01
2.400306576854692175e-01
1.326693857026899903e-01
-9.046788537482344794e-02
9.000283959967789182e-02
-3.303787442064693436e-01
3.449535058979310009e-01
-1.528644925252131137e-01
-3.670314934119116024e-01
-6.864119044199464004e-02
1.326693857026899903e-01
5.468210237387663986e-01
-1.296728182660697171e-01
1.042510025386149397e-01
-3.512230791849624834e-01
-1.035732448008112178e-02
1.976572978793292856e-01
9.948573785887382392e-02
6.753040224059675412e-02
-9.046788537482344794e-02
-1.361088321674029100e-01
5.007493417746647357e-02
-5.129168945629113130e-02
1.448236846844079273e-01
-4.522314511241121160e-02
1.317247599087918719e-03
-8.342543861342044398e-02
-2.794263534696192486e-02
9.000283959967789182e-02
9.117902670408810362e-02
-4.213190216707882879e-02
3.880202220063612428e-02
-1.167104726863970876e-01
9.676700708524631211e-03
-2.207262463699175004e-02
-2.257412343412467659e-01
1.954335773800207399e+00
-3.303787442064693436e-01
-3.512230791849624834e-01
1.448236846844079273e-01
-1.167104726863970876e-01
8.512397409191072573e-01
-1.369373162466535288e+00
-3.932754392645245733e-01
2.081300890638401402e+00
-7.557849576707365458e+00
3.449535058979310009e-01
-1.035732448008112178e-02
-4.522314511241121160e-02
9.676700708524631211e-03
-1.969737129463867031e+00
7.874716684590620019e+00
-8.700216601995862664e-01
-3.626225063452864772e-01
1.034134186062043881e+00
-1.528644925252131137e-01
1.976572978793292856e-01
1.317247599087918719e-03
-2.207262463699175004e-02
2.719337690294307830e-01
-1.093764021250687168e+00
3.434888295427132032e-01
3.795845766958009238e-01
-3.928088862173796381e-01
1.695041748375151480e-01
-2.748380470130010744e-01
1.563879113907750903e-02
-1.697846158305115621e-02
1.956866185721237439e-01
3.808623298986059114e-01
-5.159302850879328439e-02
-2.633965713263796138e-01
2.093139157828563413e+00
-4.377238289250419689e-01
2.519808420725305059e-02
1.500458639332230039e-03
-4.583149070533422756e-03
4.951904082555927955e-01
-1.259148973686865736e+00
6.206961526469957358e-01
1.882691050738144189e-01
-4.870212024341301071e-01
2.910088861041844055e-01
2.312679582142008333e-02
-9.637648944160975492e-03
-4.993300692181865640e-03
-8.852226486163894403e-02
4.137647521064818923e-01
-1.950433812226110564e-01
-2.748380470130010744e-01
2.519808420725305059e-02
2.312679582142008333e-02
3.393727651254765387e-01
-1.983767215086914074e-02
1.853165372926728408e-02
-2.628901119286001231e-01
-1.510716532644852117e-01
-7.247335050370691534e-02
1.563879113907750903e-02
1.500458639332230039e-03
-9.637648944160975492e-03
-2.718647745786914940e-02
2.460455646063528477e-03
-3.245745261123926702e-03
1.995143921813762045e-02
4.740317535929586268e-03
8.599245752448008567e-03
-1.697846158305115621e-02
-4.583149070533422756e-03
-4.993300692181865640e-03
1.407866905796887128e-02
-8.484657750489423044e-04
9.006858599925971279e-04
-1.435203913201368170e-02
-8.401092520995193796e-03
-2.875163435341867614e-03
1.956866185721237439e-01
4.951904082555927955e-01
-8.852226486163894403e-02
-2.628901119286001231e-01
1.995143921813762045e-02
-1.435203913201368170e-02
3.444136911024111014e-01
-3.033961256218075109e-01
3.621488388815741200e-02
3.808623298986059114e-01
-1.259148973686865736e+00
4.137647521064818923e-01
-1.510716532644852117e-01
4.740317535929586268e-03
-8.401092520995193796e-03
-1.525734076024737318e-01
9.120011724484948790e-01
-2.806056654463245925e-01
-5.159302850879328439e-02
6.206961526469957358e-01
-1.950433812226110564e-01
-7.247335050370691534e-02
8.599245752448008567e-03
-2.875163435341867614e-03
1.978163489863575819e-01
-3.744319034712672023e-01
2.138528172435226193e-01
4.015691624383110891e-01
-1.109767576304760209e-02
-1.543922951737252899e-02
-4.181968713490222256e-01
-1.234028024862766915e-02
1.075622367887792315e-02
-3.146310283011687081e-02
6.379843975519698673e-02
-4.087467663587858457e-02
1.071697335228569137e-02
3.928043738113670136e-01
-2.551169386716177767e-01
-5.320928040390113245e-02
1.413758819088721530e-03
2.134743441120391660e-04
1.040045313048647696e-01
-3.326279303568278056e-01
2.181804360531242881e-01
-3.688830220556270009e-03
-2.023363387451279916e-01
2.064107110567949266e-01
-1.629345346918913487e-02
3.086688605965783733e-02
-2.559963043981865194e-02
-2.707429926019547586e-02
1.757082256627579553e-01
-1.277036810621122176e-01
-4.181968713490222256e-01
-5.320928040390113245e-02
-1.629345346918913487e-02
4.571174012614424575e-01
-8.323796512938663392e-03
-9.486308405455843099e-04
1.062985418391916743e-02
-3.227627689575952169e-02
2.525646816599386169e-02
-1.234028024862766915e-02
1.413758819088721530e-03
3.086688605965783733e-02
-2.838383949385937799e-04
1.019171820243693072e-02
-8.721107479016783348e-03
9.689634661801014084e-03
-2.194811593796194144e-03
-2.448849304346733050e-03
1.075622367887792315e-02
2.134743441120391660e-04
-2.559963043981865194e-02
-7.460814254927209191e-04
-8.242029918711587383e-03
6.671401949725644029e-03
-7.524875567982389733e-03
7.626249523784139200e-04
2.639124795050251833e-03
-3.146310283011687081e-02
1.040045313048647696e-01
-2.707429926019547586e-02
1.062985418391916743e-02
9.689634661801014084e-03
-7.524875567982389733e-03
3.742358369060669321e-02
-8.942680344811398951e-02
5.964334452304876494e-02
6.379843975519698673e-02
-3.326279303568278056e-01
1.757082256627579553e-01
-3.227627689575952169e-02
-2.194811593796194144e-03
7.626249523784139200e-04
-9.324745296178063581e-02
2.950639673953380782e-01
-1.509810284761740062e-01
-4.087467663587858457e-02
2.181804360531242881e-01
-1.277036810621122176e-01
2.525646816599386169e-02
-2.448849304346733050e-03
2.639124795050251833e-03
5.783114432394689114e-02
-1.938565804127990733e-01
1.288839390177407007e-01
4.816794918935012881e-01
-1.218692735692131560e-02
2.937926574963041146e-02
-4.717601443694176000e-01
8.897521362714879214e-03
-1.977775524844124083e-02
-1.059503995719399821e-02
4.027771611696306757e-03
-8.993005263256755033e-03
-1.236977088458797794e-02
1.565554538665751578e-03
-2.631264100111827594e-03
6.309122530156974435e-04
-6.337619634946858177e-03
1.388159180134150919e-02
1.247681133350591644e-02
5.109437047992726640e-03
-1.112251499431756580e-02
2.761076769552320981e-02
-2.764909655812787612e-03
4.573400241872084895e-03
-1.874393048453564968e-03
1.367891246054537061e-02
-2.996722614499696541e-02
-2.735319375483692347e-02
-1.168455671625681126e-02
2.540002540846846707e-02
-4.717601443694176000e-01
6.309122530156974435e-04
-1.874393048453564968e-03
4.692040065656061798e-01
-1.272261363773619742e-03
3.578633885287572751e-03
2.750905418499357668e-03
5.526151618872166384e-04
-4.214127331605517154e-04
8.897521362714879214e-03
-6.337619634946858177e-03
1.367891246054537061e-02
-1.445784695106947784e-03
5.750116415357352240e-03
-1.253562701051624297e-02
-7.929144930686493967e-03
6.241391198742054060e-04
-1.082189731099195834e-03
-1.977775524844124083e-02
1.388159180134150919e-02
-2.996722614499696541e-02
3.538863104020548850e-03
-1.255349836437657900e-02
2.740637483164732463e-02
1.727940976258348499e-02
-1.411500958474976681e-03
2.467129287080724841e-03
-1.059503995719399821e-02
1.247681133350591644e-02
-2.735319375483692347e-02
2.750905418499357668e-03
-7.929144930686493967e-03
1.727940976258348499e-02
8.356424906040901476e-03
-5.169512930375284865e-03
9.938336675370057494e-03
4.027771611696306757e-03
5.109437047992726640e-03
-1.168455671625681126e-02
5.526151618872166384e-04
6.241391198742054060e-04
-1.411500958474976681e-03
-4.858758604708613392e-03
-6.133461692364925583e-03
1.281581540874178124e-02
-8.993005263256755033e-03
-1.112251499431756580e-02
2.540002540846846707e-02
-4.214127331605517154e-04
-1.082189731099195834e-03
2.467129287080724841e-03
9.985595785128704993e-03
1.305517666752168196e-02
-2.777631692159003921e-02
3.072360664026096422e-01
-8.263098951436836925e-02
4.726527212649242471e-02
-2.665544739989418599e-02
1.664912879412278404e-02
-6.433591768948235604e-03
-1.298947771882575375e-01
1.901372257849893478e-03
-1.419125707088367272e-01
-1.294103671613951179e-01
8.479534881720654504e-02
1.092676946317987507e-01
-7.482920798770172077e-02
3.504989924313912653e-01
6.124522562026556843e-02
-3.124049604017356194e-02
-1.842544328133309817e-01
5.016924120099161555e-02
1.251302591107813361e-02
-4.507394999421510118e-02
1.194625870594313161e-02
1.207583397379294460e-01
-1.326414184531570506e-01
-1.244009960699218181e-01
4.039434650690309353e-02
5.459185725529042826e-02
5.745403973120363217e-01
1.060301692420530240e-02
4.742936064029591031e-02
-6.719362378737581132e-02
-1.882004403145923765e-01
-8.477445115776943707e-03
-2.964767395790535720e-01
1.412446275898977810e-01
-1.076229717787529488e-01
-2.061374366147518677e-01
-2.665544739989418599e-02
-3.124049604017356194e-02
1.060301692420530240e-02
1.516398642971621656e-02
-1.299227240504015682e-02
3.437409141754194531e-03
8.778262173035067395e-04
1.594565397452003472e-02
-8.258587981427823951e-03
-7.785948637830831121e-04
1.751117885763018092e-02
-3.093613760188593763e-03
1.664912879412278404e-02
-1.842544328133309817e-01
4.742936064029591031e-02
-5.510469346706804369e-03
2.149220296367992944e-01
-6.298534326699113672e-02
-3.777132591839850451e-03
-2.455968919098992873e-03
3.563980777386844580e-03
-3.169481944467325129e-03
-2.233252432248413952e-02
1.096904268244957951e-02
-6.433591768948235604e-03
5.016924120099161555e-02
-6.719362378737581132e-02
3.337601430897847287e-03
-6.164171558052605054e-02
7.693267164301667571e-02
5.739261013713931525e-04
3.863872310407139021e-02
-1.363977114296052555e-02
2.262971543396280569e-03
-2.413525338117301910e-02
7.267171380560092341e-03
-1.298947771882575375e-01
1.251302591107813361e-02
-1.882004403145923765e-01
8.778262173035067395e-04
-3.777132591839850451e-03
5.739261013713931525e-04
1.153029718580486085e-01
-1.842761021260160351e-02
1.656438212637594831e-01
7.932369173080778754e-03
-1.551694929570414025e-04
1.875779476605573398e-02
1.901372257849893478e-03
-4.507394999421510118e-02
-8.477445115776943707e-03
1.594565397452003472e-02
-2.455968919098992873e-03
3.863872310407139021e-02
-1.545145459560158356e-02
5.192240719137070082e-02
-9.106598146310179720e-03
-1.281186630574119960e-02
1.867837921218752769e-03
-1.630399692008797918e-02
-1.419125707088367272e-01
1.194625870594313161e-02
-2.964767395790535720e-01
-8.258587981427823951e-03
3.563980777386844580e-03
-1.363977114296052555e-02
1.647805191263783664e-01
-7.777057274133999769e-03
3.317176528666304636e-01
-1.750285599787690383e-02
-6.490939293548880773e-04
-2.727308694050458934e-02
-1.294103671613951179e-01
1.207583397379294460e-01
1.412446275898977810e-01
-7.785948637830831121e-04
-3.169481944467325129e-03
2.262971543396280569e-03
7.932369173080778754e-03
-1.281186630574119960e-02
-1.750285599787690383e-02
1.271980237255975199e-01
-1.122803045799964233e-01
-1.290442402760096641e-01
8.479534881720654504e-02
-1.326414184531570506e-01
-1.076229717787529488e-01
1.751117885763018092e-02
-2.233252432248413952e-02
-2.413525338117301910e-02
-1.551694929570414025e-04
1.867837921218752769e-03
-6.490939293548880773e-04
-1.207889026099964735e-01
1.578188215695112973e-01
1.315309732976903956e-01
1.092676946317987507e-01
-1.244009960699218181e-01
-2.061374366147518677e-01
-3.093613760188593763e-03
1.096904268244957951e-02
7.267171380560092341e-03
1.875779476605573398e-02
-1.630399692008797918e-02
-2.727308694050458934e-02
-1.275079333374287138e-01
1.341276371782438859e-01
2.245504003864123299e-01
2.808613623714226737e-01
-8.471020168789428206e-02
2.182703363045905565e-02
-2.049856516325015976e-02
5.956323856928784355e-03
-1.645805089917210147e-03
-1.324212404504313545e-01
1.945115550311405858e-02
-1.425726880430003563e-01
-1.301836571505069484e-01
7.183892161185141678e-02
1.206424328433705478e-01
-8.049696501656093683e-02
1.547357438926950102e-01
7.791367079748365287e-02
-1.874992293499852872e-02
-1.205224006405402476e-02
-4.848720651140766245e-03
2.881524955326075083e-02
-4.409319432944826256e-02
3.758344960823365583e-02
9.583348859361438821e-02
-1.077893081012277349e-01
-1.139757759963162531e-01
2.349181013597190226e-02
7.055836022872268021e-02
5.505735150146763290e-01
3.959674798268770363e-03
-4.685815072844719265e-03
-3.388398369109492381e-02
-1.838933284561025949e-01
2.812026606526616540e-02
-2.952253807101443139e-01
1.566400840748803647e-01
-1.084041688139152776e-01
-2.275210348467189003e-01
-2.049856516325015976e-02
-1.874992293499852872e-02
3.959674798268770363e-03
1.165992103638348841e-02
-1.082018384770015197e-02
1.480056665151544514e-03
3.836366651454190414e-03
1.402958188785581248e-02
-3.414212631567208056e-03
3.632289910884691376e-03
1.278650456025141359e-02
-2.787186778686531145e-03
5.956323856928784355e-03
-1.205224006405402476e-02
-4.685815072844719265e-03
-7.358708531533477218e-03
2.087239613576588604e-02
3.331029855989264821e-03
-3.686310378446953830e-03
9.352875976486902266e-04
1.849119336027449769e-05
-4.582271173862771142e-03
-9.239005518646467574e-03
6.436851422201698460e-03
-1.645805089917210147e-03
-4.848720651140766245e-03
-3.388398369109492381e-02
6.243073206215477011e-04
9.030120568938501333e-03
3.402769334326201378e-02
2.863639371287754736e-03
2.616363108514537655e-02
5.164309226525591861e-04
-2.463263875197210101e-03
-2.121152473380375630e-02
9.531548076926044458e-03
-1.324212404504313545e-01
2.881524955326075083e-02
-1.838933284561025949e-01
3.836366651454190414e-03
-3.686310378446953830e-03
2.863639371287754736e-03
1.216589094192874199e-01
-3.273220166977380829e-02
1.557939555636392304e-01
1.168268862982378524e-02
1.017389896362709155e-03
2.021039938682954451e-02
1.945115550311405858e-02
-4.409319432944826256e-02
2.812026606526616540e-02
1.402958188785581248e-02
9.352875976486902266e-04
2.616363108514537655e-02
-3.258305454444047206e-02
5.312528670632622740e-02
-3.112895046155703116e-02
-9.008214656839557202e-03
2.692771234982127126e-03
-1.258655885889291628e-02
-1.425726880430003563e-01
3.758344960823365583e-02
-2.952253807101443139e-01
-3.414212631567208056e-03
1.849119336027449769e-05
5.164309226525591861e-04
1.597238903755167083e-01
-3.548185036505328849e-02
3.173858876946606955e-01
-2.006264429436988017e-02
1.797434004811427396e-03
-2.880429308608951910e-02
-1.301836571505069484e-01
9.583348859361438821e-02
1.566400840748803647e-01
3.632289910884691376e-03
-4.582271173862771142e-03
-2.463263875197210101e-03
1.168268862982378524e-02
-9.008214656839557202e-03
-2.006264429436988017e-02
1.238273048838345325e-01
-9.108093389134210016e-02
-1.354084406034036236e-01
7.183892161185141678e-02
-1.077893081012277349e-01
-1.084041688139152776e-01
1.278650456025141359e-02
-9.239005518646467574e-03
-2.121152473380375630e-02
1.017389896362709155e-03
2.692771234982127126e-03
1.797434004811427396e-03
-9.459539689234210125e-02
1.158139883278941074e-01
1.196855799524654262e-01
1.206424328433705478e-01
-1.139757759963162531e-01
-2.275210348467189003e-01
-2.787186778686531145e-03
6.436851422201698460e-03
9.531548076926044458e-03
2.021039938682954451e-02
-1.258655885889291628e-02
-2.880429308608951910e-02
-1.359443586750387623e-01
1.227466495686208164e-01
2.559266837329994826e-01
2.814474565334276757e-01
-9.761840890631388878e-02
2.240948907559899700e-02
-1.888542152801317084e-02
7.625264113367530294e-03
-1.349303304109348862e-03
-1.324128591789153209e-01
2.535142560275594620e-02
-1.414781122860061802e-01
-1.309162411443174356e-01
7.011107591070561695e-02
1.239652425260784757e-01
-9.735425091964725053e-02
1.357067158571140242e-01
7.540053964826073929e-02
-1.834586573416817357e-02
1.477094283864890424e-02
-6.312793846984695624e-03
3.312637277044730433e-02
-4.536068199320876515e-02
4.359141868756397087e-02
9.143983186235746241e-02
-9.923870242069467162e-02
-1.088393192759080225e-01
1.993696967437260520e-02
5.759663783608594961e-02
5.487047807232980912e-01
4.672328650904641716e-03
-1.034332394832838606e-02
-2.874719822858146784e-02
-1.832138104299591841e-01
3.755595830617732001e-02
-2.944966901120878444e-01
1.576650586017471489e-01
-1.025275129901005861e-01
-2.369838529623606860e-01
-1.888542152801317084e-02
-1.834586573416817357e-02
4.672328650904641716e-03
7.634844513938940889e-03
-3.443880597907628214e-03
2.354156387098120529e-03
5.272951301302764536e-03
1.099665405039217288e-02
-8.512125605409290568e-04
3.555297491501087457e-03
1.034084398500110386e-02
-1.048467163821228910e-03
7.625264113367530294e-03
1.477094283864890424e-02
-1.034332394832838606e-02
-3.414335395574296089e-03
-1.650700451595368042e-03
3.911380961681081882e-03
-1.530813163624409386e-03
-5.224911960204461567e-03
-5.476497979353079845e-04
-3.227495382318896090e-04
-1.297828286681564254e-02
2.758435132633258596e-03
-1.349303304109348862e-03
-6.312793846984695624e-03
-2.874719822858146784e-02
1.781457934893116444e-03
4.123289712917791242e-03
2.801869708921953320e-02
3.346420986852398100e-03
2.491454935028923970e-02
1.974332790246841572e-03
-3.963228785806108614e-03
-1.688090956276781449e-02
9.161339276908495380e-03
-1.324128591789153209e-01
3.312637277044730433e-02
-1.832138104299591841e-01
5.272951301302764536e-03
-1.530813163624409386e-03
3.346420986852398100e-03
1.190332300239858448e-01
-3.189337955222269760e-02
1.584334226300608828e-01
9.858732708513704562e-03
1.669950871538126947e-03
2.069369882793311438e-02
2.535142560275594620e-02
-4.536068199320876515e-02
3.755595830617732001e-02
1.099665405039217288e-02
-5.224911960204461567e-03
2.491454935028923970e-02
-3.337724342388937587e-02
5.016528818124312700e-02
-3.603456990370301066e-02
-8.405573438521890192e-03
6.571795810756408691e-04
-1.027797140179517905e-02
-1.414781122860061802e-01
4.359141868756397087e-02
-2.944966901120878444e-01
-8.512125605409290568e-04
-5.476497979353079845e-04
1.974332790246841572e-03
1.580641696464052393e-01
-3.846614765720138968e-02
3.202498259354389920e-01
-2.054126212238210902e-02
3.491594963400260383e-03
-2.979837130787734573e-02
-1.309162411443174356e-01
9.143983186235746241e-02
1.576650586017471489e-01
3.555297491501087457e-03
-3.227495382318896090e-04
-3.963228785806108614e-03
9.858732708513704562e-03
-8.405573438521890192e-03
-2.054126212238210902e-02
1.205214825018666169e-01
-8.585535521109688428e-02
-1.417782914474271794e-01
7.011107591070561695e-02
-9.923870242069467162e-02
-1.025275129901005861e-01
1.034084398500110386e-02
-1.297828286681564254e-02
-1.688090956276781449e-02
1.669950871538126947e-03
6.571795810756408691e-04
3.491594963400260383e-03
-8.698057352509684648e-02
1.031970819532576633e-01
1.196055380435561560e-01
1.239652425260784757e-01
-1.088393192759080225e-01
-2.369838529623606860e-01
-1.048467163821228910e-03
2.758435132633258596e-03
9.161339276908495380e-03
2.069369882793311438e-02
-1.027797140179517905e-02
-2.979837130787734573e-02
-1.387835888030521103e-01
1.171092141202635245e-01
2.643568172064636457e-01
2.694408072427705858e-01
-1.243679348044866573e-01
1.125976225760643226e-02
-1.172703876028789033e-02
2.552492562414257916e-03
-7.186975845186819581e-04
-1.322916182441085109e-01
4.020875512097180082e-02
-1.384271432241860056e-01
-1.305491057879737404e-01
6.655156558173347392e-02
1.271717237397220202e-01
-1.103786119004865202e-01
1.145220629840682375e-01
5.361326202176806138e-02
-1.260855327603626307e-02
2.635683581445783311e-02
-3.746830501897927337e-03
4.454554000258841018e-02
-4.936686428868503757e-02
5.080797419467825843e-02
7.858977334168663897e-02
-8.401692847361375005e-02
-9.490545851576774605e-02
1.267168055571858166e-02
5.219081523337372464e-02
5.545859048274878189e-01
1.915047584521369257e-03
-5.708043257452792910e-03
-1.681587684036522576e-02
-1.775239592936966315e-01
5.710128512785715704e-02
-2.860023411571597229e-01
1.650670609302061498e-01
-9.997426124006174308e-02
-2.493425026961332558e-01
-1.172703876028789033e-02
-1.260855327603626307e-02
1.915047584521369257e-03
3.855352536392755124e-03
1.077907600305539238e-04
1.911172453278973265e-04
3.561380240827841884e-03
5.155063575247779625e-03
-4.128873291607767257e-04
4.330014282695554551e-03
6.722091833133692594e-03
-1.220908098606765047e-03
2.552492562414257916e-03
2.635683581445783311e-02
-5.708043257452792910e-03
1.106212393030546991e-03
-3.832026171717621554e-02
5.745493285736009460e-03
1.258636787365061648e-04
4.398231796965500380e-03
-2.526771280927992379e-03
4.542123371077008654e-04
-1.740648970217453925e-03
-5.227000780358855535e-04
-7.186975845186819581e-04
-3.746830501897927337e-03
-1.681587684036522576e-02
-3.346080544945829647e-04
4.100829834935475204e-03
8.640711520062915180e-03
-3.628628634029006442e-04
1.044040135783893056e-02
3.932343019933568287e-03
-1.313495662797958038e-03
-8.566355076416948613e-03
5.677622886963998999e-03
-1.322916182441085109e-01
4.454554000258841018e-02
-1.775239592936966315e-01
3.561380240827841884e-03
1.258636787365061648e-04
-3.628628634029006442e-04
1.231305047973002692e-01
-5.009668058126081486e-02
1.536339444873133231e-01
9.458352950374959017e-03
3.399532809641889371e-03
2.103376355838766990e-02
4.020875512097180082e-02
-4.936686428868503757e-02
5.710128512785715704e-02
5.155063575247779625e-03
4.398231796965500380e-03
1.044040135783893056e-02
-4.974159914592747589e-02
4.676244668201370164e-02
-5.435495938078207384e-02
-1.285113623702103039e-03
1.602055219799693002e-03
-1.203679349167398327e-02
-1.384271432241860056e-01
5.080797419467825843e-02
-2.860023411571597229e-01
-4.128873291607767257e-04
-2.526771280927992379e-03
3.932343019933568287e-03
1.551721384503426115e-01
-5.365793111157458883e-02
3.089719544975233489e-01
-1.944132973459386515e-02
1.738741384076544251e-03
-3.089051329332221166e-02
-1.305491057879737404e-01
7.858977334168663897e-02
1.650670609302061498e-01
4.330014282695554551e-03
4.542123371077008654e-04
-1.313495662797958038e-03
9.458352950374959017e-03
-1.285113623702103039e-03
-1.944132973459386515e-02
1.187302213124784844e-01
-7.591103012064093214e-02
-1.391653422871269030e-01
6.655156558173347392e-02
-8.401692847361375005e-02
-9.997426124006174308e-02
6.722091833133692594e-03
-1.740648970217453925e-03
-8.566355076416948613e-03
3.399532809641889371e-03
1.602055219799693002e-03
1.738741384076544251e-03
-7.465460994764092084e-02
8.059579245965396710e-02
1.012104429119502214e-01
1.271717237397220202e-01
-9.490545851576774605e-02
-2.493425026961332558e-01
-1.220908098606765047e-03
-5.227000780358855535e-04
5.677622886963998999e-03
2.103376355838766990e-02
-1.203679349167398327e-02
-3.089051329332221166e-02
-1.429032930389814160e-01
1.043339569669188976e-01
2.742971440315553622e-01
5.486173642983636078e-01
2.778176330648776410e-03
2.213457039794156089e-03
-5.486422198391319727e-01
2.324957319022796787e-03
2.264127131879410497e-03
-3.071280976845707097e-04
1.719370813554194077e-07
4.788102139198458992e-04
3.071420123645478566e-04
-1.301562372987147276e-06
-1.267508292974658946e-06
5.483630459794127873e-03
-3.069857246813974261e-06
5.481088455529942172e-05
-5.483878899980903360e-03
2.323879556495513782e-05
2.263077567928040157e-05
-5.486422198391319727e-01
3.071420123645478566e-04
-5.483878899980903360e-03
5.486670765060003285e-01
7.602417752923586744e-04
1.005943710061777416e-03
2.324957319022796787e-03
-1.301562372987147276e-06
2.323879556495513782e-05
-2.325062653040988175e-03
9.852817076167873916e-06
-4.722850432127704071e-04
2.264127131879410497e-03
-1.267508292974658946e-06
2.263077567928040157e-05
-2.264229709938194585e-03
9.595027953889466443e-06
9.343983626633467487e-06
4.063951228493502266e-02
-1.659885513437355290e-04
1.440920737154460893e-04
-4.063951206064363858e-02
-1.837882496797166223e-04
-6.993735304792554803e-05
1.837732503229319830e-04
8.310288592654202500e-07
2.905393367616656230e-04
-1.837732493086923467e-04
-8.310966868353697468e-07
-3.162590782712350291e-07
-7.020238728455413383e-05
-3.174575716676934821e-07
1.212705296626402934e-07
7.020238689710390297e-05
3.174834821975186993e-07
1.208126984907934693e-07
-4.063951206064363858e-02
-1.837732493086923467e-04
7.020238689710390297e-05
4.063951183635226144e-02
-1.659735530012756630e-04
-1.443571083380620055e-04
-1.837882496797166223e-04
-8.310966868353697468e-07
3.174834821975186993e-07
1.837882486653918761e-04
8.311645200778650100e-07
-2.905405094423591135e-04
-6.993735304792554803e-05
-3.162590782712350291e-07
1.208126984907934693e-07
6.993735266193816340e-05
3.162848909742571645e-07
1.203565957745526129e-07
2.188752452464353959e-01
-2.482163875932202109e-04
7.888184470308072776e-04
-2.188752444913039663e-01
2.071407637621148850e-04
-5.211806604573717295e-04
-2.069359342598903672e-04
1.956478946213424663e-07
7.250627719508628832e-07
2.069359335460709286e-04
-1.958415507541388934e-07
4.927510496117656902e-07
-5.218151159280986270e-04
4.933508971191515741e-07
1.244046648390008793e-06
5.218151141278067236e-04
-4.938392261343970552e-07
1.242534058230364215e-06
-2.188752444913039663e-01
2.069359335460709286e-04
5.218151141278067236e-04
2.188752437361727587e-01
-2.484212163808539615e-04
-7.894529042996333880e-04
2.071407637621148850e-04
-1.958415507541388934e-07
-4.938392261343970552e-07
-2.071407630475241449e-04
1.960353988722518537e-07
-7.249506598350479586e-07
-5.211806604573717295e-04
4.927510496117656902e-07
1.242534058230364215e-06
5.211806586592727334e-04
-4.932387850035534899e-07
1.241023307984757550e-06
-1.499748352545643704e-01
-1.198652984664008237e-04
1.332167311499790412e-04
1.499748349563159444e-01
1.451241119876703865e-04
-3.032318682715789819e-04
-1.451175594663996942e-04
-1.404175977159916044e-07
-2.929544504237825827e-07
1.451175591778739804e-04
1.404239378666183313e-07
-2.934110153015380721e-07
-3.028770195167336142e-04
-2.930676590631584770e-07
-6.116658755649333780e-07
3.028770189144153972e-04
2.930808920372147443e-07
-6.123824994932369144e-07
1.499748349563159444e-01
1.451175591778739804e-04
3.028770189144153972e-04
-1.499748346580680458e-01
-1.198718506990484138e-04
-1.328618829981550770e-04
1.451241119876703865e-04
1.404239378666183313e-07
2.930808920372147443e-07
-1.451241116990472843e-04
-1.404302786001121461e-07
2.933110561984908320e-07
-3.032318682715789819e-04
-2.934110153015380721e-07
-6.123824994932369144e-07
3.032318676685577140e-04
2.934242636967981498e-07
-6.130999627953506747e-07
-7.819527147950038060e-02
-3.508277231150288411e-05
3.110934203335875820e-05
7.819527142838753053e-02
-2.555768084101829460e-05
-3.007940152051032291e-05
2.554026135516383202e-05
-8.341999976676151574e-09
9.475502172030861325e-09
-2.554026133847520604e-05
8.347689524352157522e-09
9.824580968705519811e-09
-2.947724380009061228e-05
9.627903256074462057e-09
-1.111202615924726522e-08
2.947724378082236101e-05
-9.634469915303213246e-09
-1.133902133689315694e-08
7.819527142838753053e-02
-2.554026133847520604e-05
2.947724378082236101e-05
-7.819527137727465271e-02
-3.506535284234753378e-05
-3.050718433260078970e-05
-2.555768084101829460e-05
8.347689524352157522e-09
-9.634469915303213246e-09
2.555768082431918574e-05
-8.353382983385291659e-09
-9.678880704540014080e-09
-3.007940152051032291e-05
9.824580968705519811e-09
-1.133902133689315694e-08
3.007940150084858756e-05
-9.831281733876509607e-09
-1.157065356114511667e-08
1.108438372277517292e+00
-1.307577563221223654e-03
1.792622705994198983e-04
-1.108438342362112472e+00
4.575332419627639916e-04
1.792899544633241968e-04
-3.313131190545575170e-04
9.902975736664210160e-08
2.841125763443988483e-04
3.313131101127738971e-04
-1.367570530534656381e-07
-5.358991127745425798e-08
4.074257676608544358e-05
-1.217798893497767931e-08
1.497564272947855130e-09
-4.074257566649266212e-05
1.681742860227229686e-08
6.590113553440416633e-09
-1.108438342362112472e+00
3.313131101127738971e-04
-4.074257566649266212e-05
1.108438312446708540e+00
-1.433797673781162484e-03
-3.178096434578404558e-04
4.575332419627639916e-04
-1.367570530534656381e-07
1.681742860227229686e-08
-4.575332296144964009e-04
1.888572904729102220e-07
-2.840507483118455325e-04
1.792899544633241968e-04
-5.358991127745425798e-08
6.590113553440416633e-09
-1.792899496245059943e-04
7.400602148829350801e-08
2.900015786477881229e-08
5.482364747823603723e-01
-1.004662456297178343e-03
6.089363320526993681e-05
-5.482364747612555878e-01
4.759390911608422600e-04
-1.550279489960536337e-04
-4.759718514638474544e-04
4.132326357694782182e-07
2.647003505673185928e-05
4.759718514455965914e-04
-4.132041933682661927e-07
1.345932700964295060e-07
-1.562981210932584404e-04
1.356960171260796714e-07
4.455942618892853397e-08
1.562981210872409557e-04
-1.356866773787610350e-07
4.419730940994469421e-08
-5.482364747612555878e-01
4.759718514455965914e-04
1.562981210872409557e-04
5.482364747401508032e-01
-1.004629695975850891e-03
-6.216380530844200928e-05
4.759390911608422600e-04
-4.132041933682661927e-07
-1.356866773787610350e-07
-4.759390911425199480e-04
4.131757535622004873e-07
-2.646892304592190093e-05
-1.550279489960536337e-04
1.345932700964295060e-07
4.419730940994469421e-08
1.550279489900863747e-04
-1.345840063161755397e-07
4.383813582970165910e-08
1.652899095362002704e-02
-4.287764176095025233e-05
3.399297336900493523e-04
-1.652899070129306217e-02
4.495822220485343375e-05
-2.582097554393346302e-05
-4.496118076094934564e-05
1.223007370515505343e-07
6.840348345685378353e-08
4.496118007456411151e-05
-1.222926893293396766e-07
7.023668615967377859e-08
-2.588128697612910735e-05
7.040074159213976577e-08
4.052522130910713941e-08
2.588128658103301501e-05
-7.039610902743902569e-08
4.043078489557509901e-08
-1.652899070129306217e-02
4.496118007456411151e-05
2.588128658103301501e-05
1.652899044896611117e-02
-4.287468251851938618e-05
-3.399900455164209571e-04
4.495822220485343375e-05
-1.222926893293396766e-07
-7.039610902743902569e-08
-4.495822151851847949e-05
1.222846421761181190e-07
-6.823480630750635107e-08
-2.582097554393346302e-05
7.023668615967377859e-08
4.043078489557509901e-08
2.582097514975751273e-05
-7.023206442001249392e-08
4.033656863875105980e-08
-1.766331008711467462e-02
-1.871779328296785600e-04
-5.075573236759052710e-05
1.766352196421008824e-02
-9.140388720719485553e-05
1.541412950974425217e-04
6.402285650365581882e-05
-2.320587779020000241e-07
-5.531322357405117629e-07
-6.402362447844279982e-05
3.313047171743521702e-07
-5.587042276099327826e-07
1.518909949657427005e-04
-5.505477357404305744e-07
-1.306146709586987486e-06
-1.518928169471647988e-04
7.860037163014794645e-07
-1.325497574500258233e-06
1.766352196421008824e-02
-6.402362447844279982e-05
-1.518928169471647988e-04
-1.766373384384697237e-02
-1.597958057070703541e-04
4.850358326139460579e-05
-9.140388720719485553e-05
3.313047171743521702e-07
7.860037163014794645e-07
9.140498362626397057e-05
-4.729957495952508140e-07
8.002330428124432814e-07
1.541412950974425217e-04
-5.587042276099327826e-07
-1.325497574500258233e-06
-1.541431440719385744e-04
7.976485428124163030e-07
-1.345135126806456881e-06
1.359241078917712287e-01
-1.312624143821613880e-04
-5.577147403057672705e-04
-1.359241076553177330e-01
9.129258974636971944e-04
2.253622453619647426e-04
-9.123870917154954050e-04
6.124374976873916965e-06
4.454669207295055980e-05
9.123870901282928134e-04
-6.127991696662157817e-06
-1.512738297996775927e-06
2.256407200275650923e-04
-1.514607552049427068e-06
3.745747191301915751e-07
-2.256407196350392909e-04
1.515501996150595866e-06
3.741124374139598828e-07
-1.359241076553177330e-01
9.123870901282928134e-04
-2.256407196350392909e-04
1.359241074188642096e-01
-1.318012185422411824e-04
5.579932153634065877e-04
9.129258974636971944e-04
-6.127991696662157817e-06
1.515501996150595866e-06
-9.129258958755750910e-04
6.131610552306127060e-06
-4.454766798677465070e-05
2.253622453619647426e-04
-1.512738297996775927e-06
3.741124374139598828e-07
-2.253622449699258564e-04
1.513631638225553010e-06
3.736507262997180561e-07
1.961786696268406297e-03
9.995261995544839784e-04
4.082537862149724348e-04
-1.712999477384636584e-03
6.619018161598227805e-05
4.258051808473604363e-05
2.751379678878099980e-04
3.858773306875118436e-05
3.971754553082939882e-05
-2.402458922251669458e-04
9.283084699562155206e-06
5.971860875465857962e-06
5.397195371497318127e-05
7.569494530829448935e-06
1.484856530703058981e-06
-4.712741129452739164e-05
1.820999920808892471e-06
1.171459545322405330e-06
-1.712999477384636584e-03
-2.402458922251669458e-04
-4.712741129452739164e-05
1.495762620422303900e-03
6.665920672152269048e-04
-3.914624318815083394e-04
6.619018161598227805e-05
9.283084699562155206e-06
1.820999920808892471e-06
-5.779616445144685876e-05
2.233239806716941223e-06
-3.071139520520750599e-05
4.258051808473604363e-05
5.971860875465857962e-06
1.171459545322405330e-06
-3.718059938150911975e-05
1.436655794792525203e-06
9.242087958887169325e-07
-1.957267394049577031e-02
-2.668775720913658164e-03
1.991169436352759932e-05
1.957267392605508208e-02
8.264273168680225779e-06
-1.126535121025422466e-05
-8.261315580326947282e-06
-3.486970401658795460e-09
7.882307904295874311e-06
8.261315574230708859e-06
3.488218752040195270e-09
-4.754926271860850703e-09
-1.122557496980555192e-05
-4.738137370780936674e-09
-6.438238029911007363e-09
1.122557496152333830e-05
4.739833625910024485e-09
-6.461050990558302868e-09
1.957267392605508208e-02
8.261315574230708859e-06
1.122557496152333830e-05
-1.957267391161439732e-02
-2.668778678495908017e-03
-1.987191813139033912e-05
8.264273168680225779e-06
3.488218752040195270e-09
4.739833625910024485e-09
-8.264273162576572429e-06
-3.489467556919145785e-09
-7.882289413129221160e-06
-1.126535121025422466e-05
-4.754926271860850703e-09
-6.461050990558302868e-09
1.126535120194281043e-05
4.756628537447640803e-09
-6.483944832953779721e-09
-2.900878165338155804e-02
1.115734446717302791e-07
6.893411221968884387e-08
2.900878165340993117e-02
-1.092497717047679590e-07
1.279168866120218908e-09
1.094499446717302138e-07
-4.129464782273717383e-13
-5.493045907766404386e-13
-1.094499446722402335e-07
4.122091123298643467e-13
-4.811376470267335832e-15
6.828677888635553531e-08
-2.576379241100135532e-13
-1.607605391149065889e-13
-6.828677888642242444e-08
2.571738446861921537e-13
-3.003958707213930481e-15
2.900878165340993117e-02
-1.094499446722402335e-07
-6.828677888642242444e-08
-2.900878165343835288e-02
1.113732717066800026e-07
-1.926502199454733908e-09
-1.092497717047679590e-07
4.122091123298643467e-13
2.571738446861921537e-13
1.092497717066799373e-07
-4.114568928625939037e-13
2.964934659138358422e-13
1.279168866120218908e-09
-4.811376470267335832e-15
-3.003958707213930481e-15
-1.279168866121531437e-09
4.826799247286505049e-15
-4.439772942493858075e-17
-3.084215036344022803e-02
7.696377255556131392e-05
-7.684537349793188303e-05
3.084215036344521363e-02
-8.988832037890128958e-08
2.315176857622341804e-08
9.470455556131358063e-08
-2.908052383616403562e-13
1.172658325512543332e-05
-9.470455555977281446e-08
2.760184804426709658e-13
-7.109295550027804926e-14
3.904000206783839708e-08
-1.198745625212936217e-13
-4.941750134102029790e-14
-3.904000206784505423e-08
1.137848350912253291e-13
-2.930815312662815586e-14
3.084215036344521363e-02
-9.470455555977281446e-08
-3.904000206784505423e-08
-3.084215036345018535e-02
7.695895632037896969e-05
7.686126173142350277e-05
-8.988832037890128958e-08
2.760184804426709658e-13
1.137848350912253291e-13
8.988832037897529909e-08
-2.619762111549269224e-13
-1.172658330752317265e-05
2.315176857622341804e-08
-7.109295550027804926e-14
-2.930815312662815586e-14
-2.315176857622695176e-08
6.747681465032204850e-14
-1.738236291015660129e-14
3.816138438484444784e+00
6.466935141480791016e-02
5.360567505219681478e-02
-3.386957902409380328e+00
2.731938019770360770e-02
-1.170727367731250364e-02
3.761551230474708025e-03
3.707744855927733868e-06
1.943981251316981296e-02
-3.338509823673090592e-03
2.692859545226502051e-05
-1.153980926445717647e-05
2.207439785098273561e-03
2.175863893285126527e-06
1.276890366053162751e-06
-1.959180921958529956e-03
1.580285613964125917e-05
-6.772055601955706550e-06
-3.386957902409380328e+00
-3.338509823673090592e-03
-1.959180921958529956e-03
3.006044989617616014e+00
3.563013769056574964e-02
-2.967909906167873202e-02
2.731938019770360770e-02
2.692859545226502051e-05
1.580285613964125917e-05
-2.424691665176771649e-02
1.955769022580640642e-04
1.174594619526052493e-02
-1.170727367731250364e-02
-1.153980926445717647e-05
-6.772055601955706550e-06
1.039061966336598045e-02
-8.381128353299486730e-05
3.591595513768863768e-05
1.075075680354136004e-01
-2.062569057421715594e-03
-2.112672505586261559e-03
-1.013834895945770059e-01
3.986734371890954254e-03
3.789365104749732593e-03
-4.501967514921720662e-03
1.885235790915120585e-04
2.006468271289162109e-04
4.245516711473164631e-03
-1.669477689887578428e-04
-1.586827691822841058e-04
-4.791486246086343326e-03
2.006474132222428597e-04
2.135509235851457133e-04
4.518543250951741891e-03
-1.776840761905096322e-04
-1.688875593836569600e-04
-1.013834895945770059e-01
4.245516711473164631e-03
4.518543250951741891e-03
9.560826414553286190e-02
-2.662234924115160564e-03
-2.403293346732458206e-03
3.986734371890954254e-03
-1.669477689887578428e-04
-1.776840761905096322e-04
-3.759633392281825151e-03
1.478412286922206609e-04
1.405226161244818583e-04
3.789365104749732593e-03
-1.586827691822841058e-04
-1.688875593836569600e-04
-3.573507099899199228e-03
1.405221268312301097e-04
1.335653680891585315e-04
1.977382986325952954e-03
2.308533090092441953e-03
2.531255312758788970e-03
-6.099809550534849570e-04
2.182109045092884181e-04
1.229709353422518085e-04
2.371375052591028160e-04
2.843869740439941207e-05
6.526153921774927903e-06
-7.315191995541451815e-05
2.616892623911898385e-05
1.474728013115483112e-05
1.582391741217828700e-04
1.897682100264339511e-05
1.266301793827195876e-05
-4.881344849486801566e-05
1.746222838583209999e-05
9.840693170823366920e-06
-6.099809550534849570e-04
-7.315191995541451815e-05
-4.881344849486801566e-05
1.881662622264823094e-04
1.059448853278732554e-03
1.855165007815745863e-03
2.182109045092884181e-04
2.616892623911898385e-05
1.746222838583209999e-05
-6.731346272126425645e-05
2.408031179389863205e-05
1.357080091705763084e-05
1.229709353422518085e-04
1.474728013115483112e-05
9.840693170823366920e-06
-3.793394051766025774e-05
1.357025887990462179e-05
7.647406214866814267e-06
-4.987481250314586972e-02
2.046437892919061082e-03
1.349945780622009706e-03
7.325939504218204057e-02
7.530827650626727978e-04
9.639487247682034139e-04
-7.398712858093204291e-05
-1.097567071939095228e-07
2.334151999506834524e-07
1.086771460124205549e-04
1.117165730985647414e-06
1.429976267866301526e-06
1.580030042873718744e-04
2.343906273453554706e-07
-5.005522449030852528e-07
-2.320851734171486811e-04
-2.385760133921774502e-06
-3.053781795797627652e-06
7.325939504218204057e-02
1.086771460124205549e-04
-2.320851734171486811e-04
-1.076082032710997255e-01
8.780852201662634957e-04
9.684640378655066722e-04
7.530827650626727978e-04
1.117165730985647414e-06
-2.385760133921774502e-06
-1.106177347167067518e-03
-1.137114352056169017e-05
-9.423597073630960840e-05
9.639487247682034139e-04
1.429976267866301526e-06
-3.053781795797627652e-06
-1.415911095881259912e-03
-1.455510576569023131e-05
-1.863058921625082576e-05
-1.146726461143998260e-01
-1.724279536564929091e-06
2.347332870628826220e-06
1.123340845061240739e-01
-3.967168038587085733e-07
-3.111902097683814777e-08
3.852942967684045173e-07
-1.294601001211985527e-12
2.577464374245315534e-12
-3.774368478840758365e-07
1.332998602224877624e-12
1.045557699889807390e-13
2.701515372947799964e-07
-9.076576751551715528e-13
-6.364864529488308449e-13
-2.646422372573116499e-07
9.346840847346255023e-13
7.336017559718371216e-14
1.123340845061240739e-01
-3.774368478840758365e-07
-2.646422372573116499e-07
-1.100432140481010790e-01
-3.415201725504048283e-05
-2.063079767351059340e-06
-3.967168038587085733e-07
1.332998602224877624e-12
9.346840847346255023e-13
3.886264116263676401e-07
-1.372436665631749267e-12
1.199502183926785534e-10
-3.111902097683814777e-08
1.045557699889807390e-13
7.336017559718371216e-14
3.048439929320920461e-08
-1.076172559653385263e-13
-8.472089868163826846e-15
-9.330763389549330544e-02
4.471075042226278572e-05
-3.310868038220722120e-05
9.211302998386880492e-02
2.267419520619059456e-05
7.144285038796280426e-05
7.043265255595779930e-06
-5.316563376567578328e-10
-2.369200899327752720e-10
-6.953091366544330257e-06
-1.711546653138453231e-09
-5.392816485950181906e-09
3.236140284459031126e-06
-2.442779172793063371e-10
-1.122374444526207874e-10
-3.194708456418804703e-06
-7.863973715742448152e-10
-2.477815355907648452e-09
9.211302998386880492e-02
-6.953091366544330257e-06
-3.194708456418804703e-06
-9.093372041040390097e-02
1.051975513105653652e-06
-4.706695175004031690e-05
2.267419520619059456e-05
-1.711546653138453231e-09
-7.863973715742448152e-10
-2.238390082022780116e-05
-5.509936379909133490e-09
-1.737164592625899704e-08
7.144285038796280426e-05
-5.392816485950181906e-09
-2.477815355907648452e-09
-7.052817808337163009e-05
-1.736094969036980243e-08
-5.470164295555089831e-08
2.389804334361777041e-02
1.271682633695234849e-02
-5.460703219394172012e-03
-2.328115513258385838e-02
-9.222863566101592234e-03
3.630299978288272465e-03
1.197639416228568274e-02
6.001914678455720978e-03
-3.136804269807173112e-03
-1.166724348148810882e-02
-4.621995524253475970e-03
1.819308084857456514e-03
-4.534640155894169473e-03
-2.272513992473839534e-03
8.604453949548895864e-04
4.417585968100210154e-03
1.750033125215997090e-03
-6.888473597100857465e-04
-2.328115513258385838e-02
-1.166724348148810882e-02
4.417585968100210154e-03
2.268019086391800249e-02
1.266300762860688746e-02
-3.521944288920548886e-03
-9.222863566101592234e-03
-4.621995524253475970e-03
1.750033125215997090e-03
8.984790694440226988e-03
3.559337939758206240e-03
-1.361796374885588037e-03
3.630299978288272465e-03
1.819308084857456514e-03
-6.888473597100857465e-04
-3.536589826920549968e-03
-1.401025218774477887e-03
5.514710029966181370e-04
-3.676925281564253495e-02
5.317796813611827311e-05
-2.648815438025090051e-05
3.645697996904320032e-02
1.619511662972368402e-05
2.523020761241449763e-05
-2.564761753054795466e-05
-1.788995516068115642e-08
-2.441881812980245943e-05
2.542979818635385480e-05
1.129656231077214940e-08
1.759879968601710232e-08
9.709327619749263185e-06
6.772536864211610701e-09
-2.563855190651498361e-09
-9.626868523025734932e-06
-4.276499554513177792e-09
-6.662315202993207564e-09
3.645697996904320032e-02
2.542979818635385480e-05
-9.626868523025734932e-06
-3.614735918424172995e-02
1.531147628827464135e-05
8.606211598233897781e-06
1.619511662972368402e-05
1.129656231077214940e-08
-4.276499554513177792e-09
-1.605757521172555336e-05
-7.133182858585836611e-09
-1.105104637980392781e-08
2.523020761241449763e-05
1.759879968601710232e-08
-6.662315202993207564e-09
-2.501593323509945864e-05
-1.111271304647716714e-08
-1.731238262470125022e-08
-3.527815129186718385e-02
-2.826286048962555944e-05
8.047655595647414226e-05
3.550988153641746609e-02
-1.414564382232792337e-05
1.106196720680470804e-04
1.628594884370754064e-05
-7.518311483795114825e-09
1.081353698457240137e-08
-1.639292573364476514e-05
6.530252385714141461e-09
-5.106691406591215565e-08
-2.417130004352585200e-05
1.115853698460331223e-08
-1.656129147377036464e-08
2.433007313862984943e-05
-9.692078202180355595e-09
7.579255675733287271e-08
3.550988153641746609e-02
-1.639292573364476514e-05
2.433007313862984943e-05
-3.574313393857164733e-02
8.062961910579349010e-05
2.674371500517160418e-04
-1.414564382232792337e-05
6.530252385714141461e-09
-9.692078202180355595e-09
1.423856177245919028e-05
-5.672044363705386338e-09
-2.966435853963644929e-05
1.106196720680470804e-04
-5.106691406591215565e-08
7.579255675733287271e-08
-1.113462952816153762e-04
4.435568258564018262e-08
-3.468637499450961926e-07
-2.221655601973368185e-02
-3.986126237869287925e-05
2.217798792515360119e-05
2.181227787486323885e-02
-5.615688772739001155e-08
3.911416774014416724e-07
5.996312130724440110e-08
-1.618487487452771205e-13
2.352592060141845554e-12
-5.887196301336311352e-08
1.515697804305584581e-13
-1.055705034315774810e-12
9.855309182049525448e-08
-2.660000776893482679e-13
-4.371800301782770295e-13
-9.675970579359652661e-08
2.491085517066576865e-13
-1.735114297225260524e-12
2.181227787486323885e-02
-5.887196301336311352e-08
-9.675970579359652661e-08
-2.141535644262973839e-02
5.684899205938024468e-08
-3.835753444510490106e-07
-5.615688772739001155e-08
1.515697804305584581e-13
2.491085517066576865e-13
5.513499205938028637e-08
-1.419504675144141909e-13
7.664657420936247752e-13
3.911416774014416724e-07
-1.055705034315774810e-12
-1.735114297225260524e-12
-3.840240111177156743e-07
9.886879935446178332e-13
-6.886384899172553207e-12
-6.938438058354443605e-01
-1.745810713323470820e+00
4.662066974016694232e-01
-2.382623032136542696e-01
5.603901130643466066e-01
-1.519688023232778629e-01
3.384805990899089068e-01
1.618871058361672999e+00
-4.779423890527250141e-01
-1.698694067794469742e+00
6.029826268786465882e+00
-4.805353105092945443e-01
-1.158660772023739974e-02
1.894190807285352218e-01
-4.889948588665334744e-02
2.028716611645263068e+00
-6.714509690737414438e+00
1.224233213237571061e+00
3.697576684735295882e-01
-4.357797200015731676e-01
-1.996107610371677943e-02
6.825974216252689297e-02
-1.516489776322655636e-01
4.127186563779849243e-02
-3.507242118270564313e-01
5.431589903835855049e-01
-5.834847618476857178e-02
-2.382623032136542696e-01
-1.158660772023739974e-02
6.825974216252689297e-02
4.223320941156625263e-01
-9.390329260538930745e-02
4.335778514037762210e-02
-1.701924937509230740e-01
-3.059989620899517329e-02
3.006336232262333402e-02
5.603901130643466066e-01
1.894190807285352218e-01
-1.516489776322655636e-01
-1.210490797353892672e-01
-1.859826440046765395e-01
4.307423719627684333e-02
-2.274655071731045419e-01
-7.480067866017607592e-02
7.679445865317327535e-02
-1.519688023232778629e-01
-4.889948588665334744e-02
4.127186563779849243e-02
4.643499939867561099e-02
4.309760335378559626e-02
-9.312507733744942659e-03
5.188135232372470540e-02
1.806008870321801352e-02
-1.853835125932125696e-02
3.384805990899089068e-01
2.028716611645263068e+00
-3.507242118270564313e-01
-1.701924937509230740e-01
-2.274655071731045419e-01
5.188135232372470540e-02
2.413301278698774255e-01
-2.168909309151405118e+00
5.067453972858959599e-03
1.618871058361672999e+00
-6.714509690737414438e+00
5.431589903835855049e-01
-3.059989620899517329e-02
-7.480067866017607592e-02
1.806008870321801352e-02
-2.056903536808069255e+00
7.413844586959298155e+00
-1.185908072764518373e+00
-4.779423890527250141e-01
1.224233213237571061e+00
-5.834847618476857178e-02
3.006336232262333402e-02
7.679445865317327535e-02
-1.853835125932125696e-02
4.703332546340405762e-01
-1.392587635906790355e+00
2.410367902934401063e-01
4.807112147307190386e-01
-2.204309246742992279e-01
2.101732942824444117e-01
-3.830192148999146395e-01
3.240007369246263730e-02
-1.169479518016348051e-02
8.245896716729257669e-02
3.078899707080209880e-01
-7.408524999853623172e-02
-1.918721940632993062e-01
1.832561354543909449e+00
-3.634834939433939094e-01
-1.240175554137931332e-03
8.165015044895760146e-03
-4.584705434493320346e-03
3.776090891096917646e-01
-1.052523855849778256e+00
5.017077744628134495e-01
1.856140370032333120e-01
-3.510445494847239112e-01
2.857163601585838153e-01
1.840917312329808098e-02
-8.224573192916353678e-03
7.212536662827197936e-04
-9.766250366258640014e-02
3.383276132565666283e-01
-1.493567634880170192e-01
-3.830192148999146395e-01
-1.240175554137931332e-03
1.840917312329808098e-02
4.370556474008513992e-01
-2.334181362305956520e-02
1.836797838383082832e-02
-1.557022643991077537e-01
-1.030337800793944686e-01
-2.098571989941871649e-02
3.240007369246263730e-02
8.165015044895760146e-03
-8.224573192916353678e-03
-4.217598024639289400e-02
4.215917421070595507e-03
1.556028112815771580e-03
1.710635676257792059e-02
2.142187485574230388e-03
5.408343321931709073e-03
-1.169479518016348051e-02
-4.584705434493320346e-03
7.212536662827197936e-04
1.327870734609559039e-02
-1.285381685724654947e-03
4.170270927611203354e-04
-5.604989890498950078e-03
-9.773067770623040940e-04
-1.711699801559521568e-03
8.245896716729257669e-02
3.776090891096917646e-01
-9.766250366258640014e-02
-1.557022643991077537e-01
1.710635676257792059e-02
-5.604989890498950078e-03
1.347305323534736810e-01
-2.927924402404138982e-01
5.309005535762526679e-02
3.078899707080209880e-01
-1.052523855849778256e+00
3.383276132565666283e-01
-1.030337800793944686e-01
2.142187485574230388e-03
-9.773067770623040940e-04
-1.921982335384138929e-01
7.204821627306029486e-01
-2.422289417286569158e-01
-7.408524999853623172e-02
5.017077744628134495e-01
-1.493567634880170192e-01
-2.098571989941871649e-02
5.408343321931709073e-03
-1.711699801559521568e-03
1.152624576119992000e-01
-3.171882764802999577e-01
1.509374998426460945e-01
3.640124596142650382e-01
-5.124814637926727173e-03
-1.042797229961049156e-02
-3.990036609049130156e-01
-7.797689536548248548e-03
6.798360038883177747e-03
-3.021575067931030895e-02
6.296050716860909779e-02
-4.085820204336079037e-02
1.060614694807331809e-02
3.888349375163360211e-01
-2.350681869147002168e-01
-5.402911375618796308e-02
-1.358052324053442284e-03
1.545856751352048253e-03
9.637617402440651349e-02
-3.268237816718610467e-01
2.122732057489655211e-01
2.403392411597474188e-02
-1.966895253972248403e-01
1.890704586611187121e-01
-2.310439664938784832e-02
3.144676852832121311e-02
-2.662668112361128020e-02
-2.567387959051961599e-02
1.719165672601935257e-01
-1.243281870745672618e-01
-3.990036609049130156e-01
-5.402911375618796308e-02
-2.310439664938784832e-02
4.458281213475277505e-01
4.590450532894387731e-04
-4.231386309254073913e-03
1.710464427307717417e-02
-3.330801382430872981e-02
2.425509525564941565e-02
-7.797689536548248548e-03
-1.358052324053442284e-03
3.144676852832121311e-02
2.082579063289411239e-03
1.146789256238004047e-02
-1.092914638039095901e-02
9.626285149658376020e-03
-1.093912968722875190e-04
-4.490383226186152842e-03
6.798360038883177747e-03
1.545856751352048253e-03
-2.662668112361128020e-02
-2.059571748867584755e-03
-9.648742383260491134e-03
8.118726547784945596e-03
-8.014669396210240271e-03
-2.019481560664952019e-04
3.966521045865744992e-03
-3.021575067931030895e-02
9.637617402440651349e-02
-2.567387959051961599e-02
1.710464427307717417e-02
9.626285149658376020e-03
-8.014669396210240271e-03
3.444694193169106633e-02
-8.533789398963886885e-02
6.529076151752363777e-02
6.296050716860909779e-02
-3.268237816718610467e-01
1.719165672601935257e-01
-3.330801382430872981e-02
-1.093912968722875190e-04
-2.019481560664952019e-04
-8.726478611697219279e-02
2.889124304128695142e-01
-1.408030091254197369e-01
-4.085820204336079037e-02
2.122732057489655211e-01
-1.243281870745672618e-01
2.425509525564941565e-02
-4.490383226186152842e-03
3.966521045865744992e-03
5.293664342197459266e-02
-1.877568868408980574e-01
1.238595140862716881e-01
5.744439181344943579e-01
-9.872032489983030915e-03
1.508481477672590429e-02
-5.685729055243577967e-01
3.741784884322314330e-03
-6.273844050482756639e-03
-1.506041785978469612e-02
-4.738071327376089620e-04
9.884621922484507304e-04
-9.836376900649706698e-03
1.931807386687486167e-02
-2.618064923281612777e-02
5.026050167587788921e-03
-9.716472839894952501e-03
1.814015979363598277e-02
1.195172683670937125e-02
-5.641376150960081270e-03
1.187304235328268294e-02
1.810639527622235137e-02
-2.910495509379885243e-02
4.429623119922879854e-02
-1.050822696063124541e-02
1.625584161292020768e-02
-2.997684405869459334e-02
-2.074378735244316804e-02
7.933310688238088756e-03
-1.568440240218108711e-02
-5.685729055243577967e-01
5.026050167587788921e-03
-1.050822696063124541e-02
5.641768565697520277e-01
2.935785605650001939e-04
5.400340570837624133e-04
9.949306788624118908e-03
1.434686855034659298e-03
-2.226217579031892265e-03
3.741784884322314330e-03
-9.716472839894952501e-03
1.625584161292020768e-02
-7.111797510167233000e-05
1.106148560317695047e-02
-1.976165194023464175e-02
-1.619886765367973408e-02
7.663341666260359113e-04
2.235078862749332197e-03
-6.273844050482756639e-03
1.814015979363598277e-02
-2.997684405869459334e-02
-2.897209641282589838e-04
-1.925449227321904266e-02
3.365718515636071523e-02
2.791892819787831354e-02
-1.905716457528481471e-03
-2.301308239761873722e-03
-1.506041785978469612e-02
1.195172683670937125e-02
-2.074378735244316804e-02
9.949306788624118908e-03
-1.619886765367973408e-02
2.791892819787831354e-02
2.441445533370122448e-02
3.027530964768604914e-03
-1.406295946640465436e-02
-4.738071327376089620e-04
-5.641376150960081270e-03
7.933310688238088756e-03
1.434686855034659298e-03
7.663341666260359113e-04
-1.905716457528481471e-03
-6.818677313440293453e-07
2.366880926142684270e-03
-2.187425128283037451e-02
9.884621922484507304e-04
1.187304235328268294e-02
-1.568440240218108711e-02
-2.226217579031892265e-03
2.235078862749332197e-03
-2.301308239761873722e-03
-6.361819526141735542e-03
-6.277066219372778172e-03
1.833684249975710973e-02
4.772447446683192318e-01
-9.986828901464780972e-03
2.559323517730353187e-02
-4.713927308787358994e-01
6.250162452400081017e-03
-1.478871844265424070e-02
-6.882171136749827903e-03
4.489150769128777071e-03
-1.073768379292785492e-02
-9.744115996464741691e-03
-8.353941599357709441e-04
1.726332244796609542e-03
1.765773304167683007e-04
-4.159158224810286311e-03
1.011515608250469593e-02
9.549037890258724182e-03
4.830135464726325288e-03
-1.189192469389513222e-02
2.589367722636230426e-02
1.823666947856932312e-03
-3.902199547659421144e-03
-2.125529858330203921e-03
1.041703385533808424e-02
-2.533523181828107457e-02
-2.372434583681820933e-02
-1.182070439006875986e-02
2.911014504378920884e-02
-4.713927308787358994e-01
1.765773304167683007e-04
-2.125529858330203921e-03
4.695716775373002250e-01
-1.220211924290685130e-03
3.445189969587606794e-03
2.927260972134719183e-03
4.868452400966618090e-04
-1.230697372383964591e-03
6.250162452400081017e-03
-4.159158224810286311e-03
1.041703385533808424e-02
-1.202561900624016982e-03
3.722554995454983948e-03
-8.988704445021339362e-03
-5.006897642813669218e-03
7.030224903555470526e-04
-1.599772241887390282e-03
-1.478871844265424070e-02
1.011515608250469593e-02
-2.533523181828107457e-02
2.409986977871377001e-03
-9.100698960813743618e-03
2.224895352969295109e-02
1.227825314209671399e-02
-1.663966008716721585e-03
3.777689228939870407e-03
-6.882171136749827903e-03
9.549037890258724182e-03
-2.372434583681820933e-02
2.927260972134719183e-03
-5.006897642813669218e-03
1.227825314209671399e-02
3.881813979800401420e-03
-4.918531031746792119e-03
1.215320274500147381e-02
4.489150769128777071e-03
4.830135464726325288e-03
-1.182070439006875986e-02
4.868452400966618090e-04
7.030224903555470526e-04
-1.663966008716721585e-03
-4.997082831080127373e-03
-5.618837852744399189e-03
1.374415113279373567e-02
-1.073768379292785492e-02
-1.189192469389513222e-02
2.911014504378920884e-02
-1.230697372383964591e-03
-1.599772241887390282e-03
3.777689228939870407e-03
1.202096057436026315e-02
1.370848664621361276e-02
-3.344160611490829688e-02
2.904674024266644117e-01
-9.915107101369984022e-02
2.466040341233078151e-02
-2.579467841316051072e-02
1.127749847653661090e-02
-2.184542035099169485e-03
-1.338429639419463080e-01
1.522401377772255454e-02
-1.405626986090229291e-01
-1.327740303996403359e-01
7.473059964323994220e-02
1.186558810670791941e-01
-1.019267908850331611e-01
1.862993846810437337e-01
8.931927155941460361e-02
-2.498223868525100214e-02
-4.057620498392611186e-02
-1.090787072355552285e-03
2.535743551439534685e-02
-4.789884485993610441e-02
2.832797024674341135e-02
1.077930879498139732e-01
-1.137735291879631572e-01
-1.188914886842568075e-01
3.319118914627530725e-02
9.369038715779851034e-02
5.567475210129638752e-01
5.764127792650355041e-03
-2.315560231163620725e-03
-4.757558110138040974e-02
-1.871648186910115919e-01
1.828426172739231956e-02
-2.945376119001776871e-01
1.536602307868024653e-01
-1.060207580074772893e-01
-2.269166499830214678e-01
-2.579467841316051072e-02
-2.498223868525100214e-02
5.764127792650355041e-03
1.469038516048470737e-02
-9.545125374357742946e-04
1.877626437390527304e-03
4.838196017801629431e-03
1.527751346165027307e-02
-5.104922763230411616e-03
4.409252556668586884e-03
1.623265177142413709e-02
-3.359386840542247579e-03
1.127749847653661090e-02
-4.057620498392611186e-02
-2.315560231163620725e-03
-3.369012013769106736e-03
7.087568992173566562e-02
-4.084699379311872505e-03
-2.364757331149434580e-03
-2.001961161657260079e-03
4.522208103301454901e-05
-1.983043857856605936e-03
-1.610172847419196959e-02
6.752652903645271071e-03
-2.184542035099169485e-03
-1.090787072355552285e-03
-4.757558110138040974e-02
8.728149881347569295e-04
-9.964958032340001659e-03
6.616261241022154682e-02
3.081494772336941957e-03
3.615915564799875026e-02
-5.609694642268107760e-03
-2.307302892511129896e-03
-2.809345872393299859e-02
1.008781983069595260e-02
-1.338429639419463080e-01
2.535743551439534685e-02
-1.871648186910115919e-01
4.838196017801629431e-03
-2.364757331149434580e-03
3.081494772336941957e-03
1.190920353349849969e-01
-2.605376384811591839e-02
1.623942456723145022e-01
9.908935029601512873e-03
1.097074248267250040e-03
2.069313869298333719e-02
1.522401377772255454e-02
-4.789884485993610441e-02
1.828426172739231956e-02
1.527751346165027307e-02
-2.001961161657260079e-03
3.615915564799875026e-02
-2.570482534478257808e-02
5.041759176624900640e-02
-2.708920077192899720e-02
-9.000589343261361855e-03
4.012392629979419367e-03
-1.470939740725381480e-02
-1.405626986090229291e-01
2.832797024674341135e-02
-2.945376119001776871e-01
-5.104922763230411616e-03
4.522208103301454901e-05
-5.609694642268107760e-03
1.592286592397151035e-01
-2.720272920272351000e-02
3.256116835348953353e-01
-2.059472961096642588e-02
-1.294934943173880115e-03
-2.861588822794155010e-02
-1.327740303996403359e-01
1.077930879498139732e-01
1.536602307868024653e-01
4.409252556668586884e-03
-1.983043857856605936e-03
-2.307302892511129896e-03
9.908935029601512873e-03
-9.000589343261361855e-03
-2.059472961096642588e-02
1.234296022541346710e-01
-9.530629183594092890e-02
-1.368279180016816199e-01
7.473059964323994220e-02
-1.137735291879631572e-01
-1.060207580074772893e-01
1.623265177142413709e-02
-1.610172847419196959e-02
-2.809345872393299859e-02
1.097074248267250040e-03
4.012392629979419367e-03
-1.294934943173880115e-03
-9.786469416727426596e-02
1.284083484618696036e-01
1.247877329556510290e-01
1.186558810670791941e-01
-1.188914886842568075e-01
-2.269166499830214678e-01
-3.359386840542247579e-03
6.752652903645271071e-03
1.008781983069595260e-02
2.069313869298333719e-02
-1.470939740725381480e-02
-2.861588822794155010e-02
-1.342951845561697610e-01
1.246426647438939189e-01
2.466124197934337625e-01
2.762924935655993175e-01
-1.012420038606635375e-01
1.380114587344133392e-02
-1.370526353427256420e-02
3.362174880559081706e-03
-4.471035152198322028e-04
-1.317014486800202056e-01
3.445764467534035563e-02
-1.409988378089614969e-01
-1.316021877470128221e-01
7.011480113242568590e-02
1.275017621463785666e-01
-1.055300830806635143e-01
9.897069358649583648e-02
6.035736380061504369e-02
-1.508199535924741042e-02
3.377458890131324054e-02
-7.213081344744930179e-03
3.895277930631677737e-02
-4.630984225176033170e-02
4.839661229174852669e-02
8.379400358668764870e-02
-8.700725776273127154e-02
-1.020307160477716274e-01
1.365776239809839490e-02
5.887823331279862932e-02
5.628784995457797313e-01
1.959124650608949983e-03
-6.979014123737027966e-03
-2.129373456569382331e-02
-1.818940808767877115e-01
4.881264897457519847e-02
-2.918424474474359820e-01
1.662588108175390156e-01
-1.032326488447228019e-01
-2.516533858019102121e-01
-1.370526353427256420e-02
-1.508199535924741042e-02
1.959124650608949983e-03
5.552765108419090850e-03
-7.025000247785249344e-04
1.839800516638253551e-04
3.981541577734428773e-03
7.635830564427360453e-03
-3.102345747436985953e-04
3.981186972700950441e-03
7.266241043115980944e-03
-1.510370702704581618e-03
3.362174880559081706e-03
3.377458890131324054e-02
-6.979014123737027966e-03
-6.914778221118570182e-04
-3.100093746248800894e-02
6.176491125107026400e-03
-1.157662677596086719e-03
1.418603740092885031e-03
-8.529352539560640552e-04
-2.406828369520670752e-03
-1.574318171813767321e-03
2.409925689780761417e-03
-4.471035152198322028e-04
-7.213081344744930179e-03
-2.129373456569382331e-02
2.138094755504620721e-04
6.025270646892564794e-03
1.235296125868049801e-02
3.071881804353387979e-03
1.289438778377348729e-02
3.598086053512055803e-03
-3.123107178626565762e-03
-1.112901102474973120e-02
6.697204947936333599e-03
-1.317014486800202056e-01
3.895277930631677737e-02
-1.818940808767877115e-01
3.981541577734428773e-03
-1.157662677596086719e-03
3.071881804353387979e-03
1.192927979608237460e-01
-3.867658626944449340e-02
1.604924603497680791e-01
8.954900010542547750e-03
1.046168160601113235e-03
1.980849774634923025e-02
3.445764467534035563e-02
-4.630984225176033170e-02
4.881264897457519847e-02
7.635830564427360453e-03
1.418603740092885031e-03
1.289438778377348729e-02
-3.906793880144448367e-02
4.384723398568318026e-02
-5.025654953281009918e-02
-4.246576559907931821e-03
7.486825335899679719e-04
-1.056200031504702687e-02
-1.409988378089614969e-01
4.839661229174852669e-02
-2.918424474474359820e-01
-3.102345747436985953e-04
-8.529352539560640552e-04
3.598086053512055803e-03
1.592187757224384770e-01
-4.915997822110401705e-02
3.177597388103660103e-01
-1.911535720819773979e-02
2.806558316082376214e-03
-2.976507772883860495e-02
-1.316021877470128221e-01
8.379400358668764870e-02
1.662588108175390156e-01
3.981186972700950441e-03
-2.406828369520670752e-03
-3.123107178626565762e-03
8.954900010542547750e-03
-4.246576559907931821e-03
-1.911535720819773979e-02
1.190906970589586805e-01
-7.894745660546320654e-02
-1.445301333513184516e-01
7.011480113242568590e-02
-8.700725776273127154e-02
-1.032326488447228019e-01
7.266241043115980944e-03
-1.574318171813767321e-03
-1.112901102474973120e-02
1.046168160601113235e-03
7.486825335899679719e-04
2.806558316082376214e-03
-7.839262780379654960e-02
8.611074099466715925e-02
1.123526391265291108e-01
1.275017621463785666e-01
-1.020307160477716274e-01
-2.516533858019102121e-01
-1.510370702704581618e-03
2.409925689780761417e-03
6.697204947936333599e-03
1.980849774634923025e-02
-1.056200031504702687e-02
-2.976507772883860495e-02
-1.443332320646431577e-01
1.109470175425562588e-01
2.756972752939221838e-01
2.734572325807387294e-01
-1.046556586389785909e-01
1.274755339493127172e-02
-1.193872296438134445e-02
2.393877536930192566e-03
-1.578606581793750522e-04
-1.305732234623902532e-01
3.732515577244919364e-02
-1.383494621557490589e-01
-1.297800892985779553e-01
6.795543145486888925e-02
1.247679289550401999e-01
-1.064363134829785368e-01
9.905091337311837385e-02
5.461609175656575305e-02
-1.332818980034755976e-02
3.198932539113506779e-02
-6.183979555402328333e-03
4.039985573346888126e-02
-4.606545776672006653e-02
4.918305539398342557e-02
8.064655976625983991e-02
-8.121090563285626729e-02
-9.746789826254231848e-02
1.304465790221903503e-02
5.362885642291045918e-02
5.579407157358712288e-01
1.592597192222234073e-03
-6.104618302151978808e-03
-1.895300593746127721e-02
-1.797149750067453533e-01
5.295362364493926000e-02
-2.878351568723416243e-01
1.645691961371109069e-01
-1.007679976675923544e-01
-2.497834830912327997e-01
-1.193872296438134445e-02
-1.332818980034755976e-02
1.592597192222234073e-03
4.361373792520065185e-03
2.872284681208751002e-05
-5.116274577365977159e-04
3.646286477904551755e-03
6.427455597544961749e-03
4.051574074219674304e-04
3.512516896449438368e-03
6.096876645545291906e-03
-1.740986330717482185e-03
2.393877536930192566e-03
3.198932539113506779e-02
-6.104618302151978808e-03
-3.506874185457933049e-05
-3.271639856324994045e-02
5.146408440548923616e-03
-1.049090714723802413e-03
1.386938689753720389e-03
-2.559813714289733890e-03
-1.337608376621708542e-03
-1.229222809573959820e-03
3.099033937693642955e-03
-1.578606581793750522e-04
-6.183979555402328333e-03
-1.895300593746127721e-02
9.948902284126728466e-05
5.015581165037078480e-03
9.394249033526709536e-03
2.540062064150528688e-03
1.017511135440492265e-02
2.916443616445843056e-03
-2.335551788769725697e-03
-9.108249229469898497e-03
4.873849885984723497e-03
-1.305732234623902532e-01
4.039985573346888126e-02
-1.797149750067453533e-01
3.646286477904551755e-03
-1.049090714723802413e-03
2.540062064150528688e-03
1.181638448813754905e-01
-4.060585468074112692e-02
1.591056939408523885e-01
8.491542786830539452e-03
1.373945863391433549e-03
1.874125943165212693e-02
3.732515577244919364e-02
-4.606545776672006653e-02
5.295362364493926000e-02
6.427455597544961749e-03
1.386938689753720389e-03
1.017511135440492265e-02
-4.094501048140779947e-02
4.147794741626784770e-02
-5.430098320602780304e-02
-3.008944888303255981e-03
1.135421573117223124e-03
-1.102169918964102623e-02
-1.383494621557490589e-01
4.918305539398342557e-02
-2.878351568723416243e-01
4.051574074219674304e-04
-2.559813714289733890e-03
2.916443616445843056e-03
1.588690627110943832e-01
-5.376640750645200056e-02
3.153612781679440702e-01
-1.815307848081767692e-02
3.350490744695154739e-03
-3.098253193374430822e-02
-1.297800892985779553e-01
8.064655976625983991e-02
1.645691961371109069e-01
3.512516896449438368e-03
-1.337608376621708542e-03
-2.335551788769725697e-03
8.491542786830539452e-03
-3.008944888303255981e-03
-1.815307848081767692e-02
1.174246127202546314e-01
-7.688309852366974340e-02
-1.449926648846084909e-01
6.795543145486888925e-02
-8.121090563285626729e-02
-1.007679976675923544e-01
6.096876645545291906e-03
-1.229222809573959820e-03
-9.108249229469898497e-03
1.373945863391433549e-03
1.135421573117223124e-03
3.350490744695154739e-03
-7.652909309600308685e-02
8.053451756022812769e-02
1.108443396835702976e-01
1.247679289550401999e-01
-9.746789826254231848e-02
-2.497834830912327997e-01
-1.740986330717482185e-03
3.099033937693642955e-03
4.873849885984723497e-03
1.874125943165212693e-02
-1.102169918964102623e-02
-3.098253193374430822e-02
-1.442723111373055700e-01
1.095784739978185734e-01
2.772162398083837798e-01
1.522070493838192373e+00
-3.793260948101553898e-01
3.370676046171183216e-01
-1.521813635408126419e+00
1.436702230230091359e-01
1.221138103966276228e-01
-1.701072399238224286e-01
1.901125683182564724e-02
8.686017587079323393e-03
1.700785333174161806e-01
-1.605664468013971724e-02
-1.364749091927174723e-02
1.170986360511180879e-01
-1.308699292058762217e-02
9.008840668378495509e-03
-1.170788749612476087e-01
1.105309328658577242e-02
9.394676986604623761e-03
-1.521813635408126419e+00
1.700785333174161806e-01
-1.170788749612476087e-01
1.521556820324445392e+00
-3.528648327064550783e-01
-3.420621715323193812e-01
1.436702230230091359e-01
-1.605664468013971724e-02
1.105309328658577242e-02
-1.436459778201221171e-01
1.356122010580271264e-02
-1.024652836054899818e-02
1.221138103966276228e-01
-1.364749091927174723e-02
9.394676986604623761e-03
-1.220932029663191337e-01
1.152648214711800290e-02
9.797038146363665212e-03
2.758163890987256894e-01
-3.957052960295151306e-04
-8.310425161970352468e-04
-2.758163660558126673e-01
1.114217224940244845e-03
8.782018010360403450e-04
-1.126239307362849598e-03
4.598765800587628627e-06
7.186914186616153929e-04
1.126239213271651440e-03
-4.549676107955605286e-06
-3.585955828629312780e-06
1.017407115802966512e-03
-4.154372005049731392e-06
3.752921436866736137e-06
-1.017407030804298902e-03
4.110026010083070794e-06
3.239433176544534530e-06
-2.758163660558126673e-01
1.126239213271651440e-03
-1.017407030804298902e-03
2.758163430129013105e-01
-3.836831205203112389e-04
9.702479043327941243e-04
1.114217224940244845e-03
-4.549676107955605286e-06
4.110026010083070794e-06
-1.114217131853645869e-03
4.501110424983897906e-06
-7.192981132538643456e-04
8.782018010360403450e-04
-3.585955828629312780e-06
3.239433176544534530e-06
-8.782017276672077427e-04
3.547677412801212432e-06
2.796202233904107257e-06
-1.642608913494774444e-03
5.431949908584764218e-04
-3.420621583041962141e-04
1.642246063917453779e-03
5.505293061507533764e-05
1.619927080089567637e-05
5.184654885847658973e-05
-1.636460515027096524e-06
2.457726063485173257e-06
-5.183509604204934826e-05
-1.737665267416022566e-06
-5.113062994967955822e-07
1.231313136247131788e-05
-3.886459896193714928e-07
-9.230024424627947255e-08
-1.231041141223005776e-05
-4.126812907117685431e-07
-1.214310647833227730e-07
1.642246063917453779e-03
-5.183509604204934826e-05
-1.231041141223005776e-05
-1.641883294492981231e-03
4.363076724857432886e-04
3.381795972577523448e-04
5.505293061507533764e-05
-1.737665267416022566e-06
-4.126812907117685431e-07
-5.504076951425663160e-05
-1.845128894886611108e-06
-3.389299419496985999e-06
1.619927080089567637e-05
-5.113062994967955822e-07
-1.214310647833227730e-07
-1.619569240891517356e-05
-5.429273663924819070e-07
-1.597558446815583455e-07
4.478620136930718587e+00
7.140675141201206777e-02
2.676428560963789449e-02
-4.478721377046513297e+00
7.252419313656485733e-02
-5.325386883722623560e-02
-7.928014174565421734e-02
1.403410131479154721e-03
-3.618137040145283367e-03
7.928193388932439079e-02
-1.283816920403912931e-03
9.426953259789871975e-04
-7.841056305102911406e-02
1.388016925521373679e-03
1.372792558867510712e-03
7.841233553769649811e-02
-1.269735464227900179e-03
9.323554381713700101e-04
-4.478721377046513297e+00
7.928193388932439079e-02
7.841233553769649811e-02
4.478822619450862241e+00
7.816106059701838360e-02
-5.191977600894338851e-02
7.252419313656485733e-02
-1.283816920403912931e-03
-1.269735464227900179e-03
-7.252583256064787376e-02
1.174414982583416034e-03
4.143791507869254431e-03
-5.325386883722623560e-02
9.426953259789871975e-04
9.323554381713700101e-04
5.325507265172367555e-02
-8.623624577974026151e-04
6.332250691997408365e-04
2.449698711886784341e+00
-7.148314667338495458e-03
-1.471395505633646059e-02
-2.449702608636654677e+00
4.670146201487940935e-03
7.067724182810967808e-03
-3.083615720051958650e-04
3.881573557018569431e-08
-5.868098303042648678e-03
3.083620625180206673e-04
-5.878656083591060622e-07
-8.896663613137956172e-07
7.978776037394916948e-03
-1.004347150172085756e-06
2.598722314115257601e-05
-7.978788729279975497e-03
1.521087079927804786e-05
2.301988733338059152e-05
-2.449702608636654677e+00
3.083620625180206673e-04
-7.978788729279975497e-03
2.449706505392725386e+00
-1.151010672564971651e-02
1.562499566825076465e-02
4.670146201487940935e-03
-5.878656083591060622e-07
1.521087079927804786e-05
-4.670153630316413451e-03
8.903244075819660708e-06
5.880567982345302064e-03
7.067724182810967808e-03
-8.896663613137956172e-07
2.301988733338059152e-05
-7.067735425480617222e-03
1.347402645282894107e-05
2.039137502099063609e-05
-8.672193146767834260e-02
1.787205422547729949e-05
-2.016477154003238899e-05
8.672193183656415338e-02
3.994719072015860814e-05
1.411431631242767955e-04
-3.992649060786044571e-05
-1.838202451365233969e-08
6.525068998909243270e-08
3.992649077769191366e-05
1.839155448768448053e-08
6.498184574082381624e-08
1.413821081268314996e-04
6.509185510135873012e-08
-2.304941798544715509e-07
-1.413821087282244313e-04
-6.512560251057699073e-08
-2.301046298256863793e-07
8.672193183656415338e-02
3.992649077769191366e-05
-1.413821087282244313e-04
-8.672193220545040826e-02
1.785135394327731794e-05
2.040371594220997058e-05
3.994719072015860814e-05
1.839155448768448053e-08
-6.512560251057699073e-08
-3.994719089006044081e-05
-1.840108997119838108e-08
-6.517437100406588482e-08
1.411431631242767955e-04
6.498184574082381624e-08
-2.301046298256863793e-07
-1.411431637246539925e-04
-6.501553599471180354e-08
-2.297157378240620119e-07
-9.914972939344454672e-02
-2.503873717924557361e-04
2.346325651460358982e-04
9.914972927846887885e-02
-3.638752076541304037e-05
-5.805290690000285483e-05
3.640807837420958234e-05
-1.336915569916108382e-08
1.185072335554673742e-04
-3.640807833199183395e-05
1.336160682097187191e-08
2.131720162217888570e-08
-5.771640036114548906e-05
2.119363551910985639e-08
-3.359749827524437491e-08
5.771640029421672673e-05
-2.118166868932038621e-08
-3.379338323744417005e-08
9.914972927846887885e-02
-3.640807833199183395e-05
5.771640029421672673e-05
-9.914972916349344689e-02
-2.504079294434484915e-04
-2.342960586747883296e-04
-3.638752076541304037e-05
1.336160682097187191e-08
-2.118166868932038621e-08
3.638752072321684049e-05
-1.335406235591918289e-08
-1.185073450843139706e-04
-5.805290690000285483e-05
2.131720162217888570e-08
-3.379338323744417005e-08
5.805290683268434215e-05
-2.130516508442388719e-08
-3.399041034921358573e-08
-8.216821627166623343e-02
-3.805404717088332070e-05
3.106137383867270488e-05
8.216821626275311319e-02
-3.028087909070086324e-05
-3.729343220111876975e-05
3.027866232911724157e-05
-1.115756721442628042e-08
1.254675628966225721e-08
-3.027866232583843802e-05
1.115838401882776204e-08
1.374248210694130900e-08
-3.721942199546089100e-05
1.371520961493211027e-08
-1.685913891596915043e-08
3.721942199142347796e-05
-1.371621374832992037e-08
-1.689266295704268395e-08
8.216821626275311319e-02
-3.027866232583843802e-05
3.721942199142347796e-05
-8.216821625384014560e-02
-3.805183041258575997e-05
-3.098736363705987602e-05
-3.028087909070086324e-05
1.115838401882776204e-08
-1.371621374832992037e-08
3.028087908741479214e-05
-1.115920101264800061e-08
-1.257503494329292727e-08
-3.729343220111876975e-05
1.374248210694130900e-08
-1.689266295704268395e-08
3.729343219707372664e-05
-1.374348820690824470e-08
-1.692625380752144776e-08
-7.870247114189493631e-02
-2.206526786237634401e-04
-1.199583739496332242e-05
7.870247114062747795e-02
-1.528052101673361691e-04
7.173176447576992381e-08
1.528075840429025847e-04
-2.966890035536685668e-07
-2.400380442959146652e-09
-1.528075840404444815e-04
2.966843944636845079e-07
-1.392733610250057692e-10
1.592622712747895491e-07
-3.092213335964436019e-10
-3.222233677796504381e-13
-1.592622712724630142e-07
3.092165343153089666e-10
-1.451233339229418551e-13
7.870247114062747795e-02
-1.528075840404444815e-04
-1.592622712724630142e-07
-7.870247113936014449e-02
-2.206550525017971474e-04
1.208336790176349658e-05
-1.528052101673361691e-04
2.966843944636845079e-07
3.092165343153089666e-10
1.528052101648689858e-04
-2.966797854997156052e-07
2.230430299472848355e-09
7.173176447576992381e-08
-1.392733610250057692e-10
-1.451233339229418551e-13
-7.173176447461295622e-08
1.392711901032594402e-10
-6.532562034713973453e-14
6.614801241468418747e-01
6.006944003533400307e-04
9.498512746628806928e-04
-6.614801241265887422e-01
4.026450013640887784e-04
-2.939074716818202196e-04
-4.016618893133263647e-04
2.438958746093372598e-07
4.314302381791654175e-05
4.016618893013245177e-04
-2.444928366915344320e-07
1.784655744698296093e-07
-2.944487645784890054e-04
1.787942566590155699e-07
1.310698111881558467e-07
2.944487645694724549e-04
-1.792318754305854099e-07
1.308288620644019949e-07
-6.614801241265887422e-01
4.016618893013245177e-04
2.944487645694724549e-04
6.614801241063357207e-01
5.997112883148974062e-04
-9.503925675685467303e-04
4.026450013640887784e-04
-2.444928366915344320e-07
-1.792318754305854099e-07
-4.026450013517690434e-04
2.450912600631544036e-07
-4.314313195004072744e-05
-2.939074716818202196e-04
1.784655744698296093e-07
1.308288620644019949e-07
2.939074716728230763e-04
-1.789023887834181002e-07
1.305883559780124793e-07
-2.546155462261186914e-02
-2.527717455335492323e-05
-3.286161805735587786e-06
2.546155445734012493e-02
8.295936206991086039e-06
-4.487414778220003556e-05
-1.029267022002195310e-05
-4.160745796510934014e-09
-1.686346207594287489e-08
1.029267015319887675e-05
3.353579143550167174e-09
-1.814008645488784423e-08
-4.519006863906917276e-05
-1.826779540928003291e-08
-8.020493378278756717e-08
4.519006834573918301e-05
1.472392134131097119e-08
-7.964422635357764568e-08
2.546155445734012493e-02
1.029267015319887675e-05
4.519006834573918301e-05
-2.546155429206854032e-02
-2.328044048646660125e-05
2.970240657587451178e-06
8.295936206991086039e-06
3.353579143550167174e-09
1.472392134131097119e-08
-8.295936153133627724e-06
-2.702999074566392324e-09
1.321665406903381457e-08
-4.487414778220003556e-05
-1.814008645488784423e-08
-7.964422635357764568e-08
4.487414749092105139e-05
1.462098740236419633e-08
-7.908743862118966364e-08
-9.575627909582698494e-02
3.729647586103167528e-07
2.330128017402046916e-07
9.575627909590919695e-02
-3.755866992272080451e-07
-1.621785836707716067e-08
3.740140919436506760e-07
-1.460851188281320212e-12
-3.246046458365661768e-05
-3.740140919732623655e-07
1.466978231598470295e-12
6.338874855400819741e-14
2.347774684068690888e-07
-9.169901356638914746e-13
-5.756461105995481537e-13
-2.347774684070740443e-07
9.208939340421115792e-13
3.972188373846546852e-14
9.575627909590919695e-02
-3.740140919732623655e-07
-2.347774684070740443e-07
-9.575627909599154775e-02
3.745373658919979969e-07
1.798252503374732166e-08
-3.755866992272080451e-07
1.466978231598470295e-12
9.208939340421115792e-13
3.755866992253319201e-07
-1.473206973079399518e-12
3.246046360307782000e-05
-1.621785836707716067e-08
6.338874855400819741e-14
3.972188373846546852e-14
1.621785836708689493e-08
-6.358866550348409012e-14
-2.699785854385419366e-15
-8.549062073616969792e-02
-1.983840539407494264e-04
1.930643563839926091e-04
8.549062071734191137e-02
-2.492466124171336935e-05
-3.046292173165103748e-05
2.492761939258397928e-05
-7.268472323009928912e-09
2.095201720087166639e-06
-2.492761938710880235e-05
7.267609722520164022e-09
8.882472862970508726e-09
-3.024084861600769399e-05
8.817720087155739686e-09
-1.069718426013367696e-08
3.024084860934763655e-05
-8.816673708263007257e-09
-1.077573881150652516e-08
8.549062071734191137e-02
-2.492761938710880235e-05
3.024084860934763655e-05
-8.549062069851427748e-02
-1.983870120971145527e-04
-1.928422832750579326e-04
-2.492466124171336935e-05
7.267609722520164022e-09
-8.816673708263007257e-09
2.492466123621884958e-05
-7.266747335930614352e-09
-2.095265418769666436e-06
-3.046292173165103748e-05
8.882472862970508726e-09
-1.077573881150652516e-08
3.046292172494235019e-05
-8.881418769628161041e-09
-1.085487028355206635e-08
3.980792403497774412e+00
-7.574243601829536154e-02
-1.029547355319189866e-01
-3.980599430544937700e+00
5.620653616496792404e-01
-4.841253515796077322e-01
-5.771221454906279025e-01
8.366926406989882992e-02
-2.595579424427811588e-02
5.770941689087626392e-01
-8.148638123811587086e-02
7.018689579103340459e-02
-4.841221230763327332e-01
7.018642773328324924e-02
5.887627544857532147e-02
4.840986547649607785e-01
-6.835530432343575602e-02
5.887666808142159869e-02
-3.980599430544937700e+00
5.770941689087626392e-01
4.840986547649607785e-01
3.980406466946665223e+00
-6.065840548836691493e-02
1.029344955673229117e-01
5.620653616496792404e-01
-8.148638123811587086e-02
-6.835530432343575602e-02
-5.620381149606994420e-01
7.936044856014180804e-02
2.778646180772950669e-02
-4.841253515796077322e-01
7.018689579103340459e-02
5.887666808142159869e-02
4.841018831117364640e-01
-6.835576016983216374e-02
5.887706071689280396e-02
2.070868348699689498e+00
-1.156332547857955376e-02
-8.199851239766785607e-03
-2.070868377813638528e+00
7.369169555419799629e-04
5.810769597428355835e-04
-6.201473069129041999e-04
1.857108308522814610e-07
-3.757365844131827729e-03
6.201473156312834085e-04
-2.206789557479549302e-07
-1.740107291535973599e-07
7.485684192332468789e-04
-2.241681318253599398e-07
2.705892326057898208e-07
-7.485684297572281964e-04
2.663775131098167215e-07
2.100451534587389606e-07
-2.070868377813638528e+00
6.201473156312834085e-04
-7.485684297572281964e-04
2.070868406927589778e+00
-1.168009513756883971e-02
8.367342691087941917e-03
7.369169555419799629e-04
-2.206789557479549302e-07
2.663775131098167215e-07
-7.369169659021906991e-04
2.622313483857663385e-07
3.757348451802216063e-03
5.810769597428355835e-04
-1.740107291535973599e-07
2.100451534587389606e-07
-5.810769679120903527e-04
2.067758022149951413e-07
1.630477535105015387e-07
-1.840073573902694867e-02
8.357313387452972866e-05
-6.002920457612503984e-05
1.840069881356901083e-02
3.660856229005520098e-05
7.299279422760491587e-05
-5.211620012547056444e-05
-1.476081366823256413e-07
5.327964188742424977e-06
5.211609554190683817e-05
1.036860256889426957e-07
2.067366830405977549e-07
7.571138659054114874e-05
2.144365220757658691e-07
-3.115209163346427200e-07
-7.571123465761550337e-05
-1.506290319686254516e-07
-3.003350376802657630e-07
1.840069881356901083e-02
5.211609554190683817e-05
-7.571123465761550337e-05
-1.840066188818526363e-02
9.908084517373981167e-05
6.274794341648344423e-05
3.660856229005520098e-05
1.036860256889426957e-07
-1.506290319686254516e-07
-3.660848882626045433e-05
-7.283332864593816680e-08
-5.258748015029269590e-06
7.299279422760491587e-05
2.067366830405977549e-07
-3.003350376802657630e-07
-7.299264775018277822e-05
-1.452203483626276338e-07
-2.895508138493149928e-07
-2.731017997922507642e-02
-1.787058204789934257e-04
1.436568336110708322e-04
2.731017986176604434e-02
-7.845782044550081490e-05
-1.135516196988412306e-04
7.845806352100642082e-05
-2.253982850277360865e-07
-3.621992710862909808e-05
-7.845806318356164058e-05
2.253975867141151324e-07
3.262168245771466366e-07
-1.134902637222614895e-04
3.260405580375538798e-07
-4.716204715446295839e-07
1.134902632341483995e-04
-3.260395478945886305e-07
-4.718754426168256418e-07
2.731017986176604434e-02
-7.845806318356164058e-05
1.134902632341483995e-04
-2.731017974430701226e-02
-1.787060638919435679e-04
-1.435954781228673577e-04
-7.845782044550081490e-05
2.253975867141151324e-07
-3.260395478945886305e-07
7.845782010805635992e-05
-2.253968884045241493e-07
3.621975185276910284e-05
-1.135516196988412306e-04
3.262168245771466366e-07
-4.718754426168256418e-07
1.135516192104649912e-04
-3.262158138975161879e-07
-4.721305515445147795e-07
1.985718071783469041e+00
2.211304243156362974e-03
1.765918003396366089e-03
-1.743001877944602818e+00
4.480883588402997941e-03
-7.865113838363992776e-03
2.685342413823041223e-03
3.631464094557613928e-06
8.167828092763289478e-05
-2.357110476420124206e-03
6.059624939857252734e-06
-1.063621471737144410e-05
2.153195468575677066e-03
2.911826809256232509e-06
2.334798072212151965e-06
-1.890008354478249367e-03
4.858805675822443909e-06
-8.528465202193441508e-06
-1.743001877944602818e+00
-2.357110476420124206e-03
-1.890008354478249367e-03
1.529953113530255981e+00
4.439422613988996263e-02
-2.611614983875376259e-02
4.480883588402997941e-03
6.059624939857252734e-06
4.858805675822443909e-06
-3.933180958776733883e-03
1.011136375198370233e-05
8.878850738646095657e-04
-7.865113838363992776e-03
-1.063621471737144410e-05
-8.528465202193441508e-06
6.903753551582470990e-03
-1.774806807679967045e-05
3.115246649029040915e-05
4.077359465125417193e-02
-4.741405787541810380e-04
-5.135042838168375669e-04
-4.031129633247890892e-02
-1.769844872238693345e-04
2.592340165703164675e-04
-3.107808732541800971e-04
2.368806380687038526e-06
6.820353886085369494e-05
3.072571840518526593e-04
1.348995445779599400e-06
-1.975910506160465097e-06
-3.581580472022849633e-04
2.729920469997891563e-06
3.146084810038779706e-06
3.540971871163946932e-04
1.554643853824387578e-06
-2.277129351406503854e-06
-4.031129633247890892e-02
3.072571840518526593e-04
3.540971871163946932e-04
3.985423963484004128e-02
-8.687286072571564870e-04
-1.269018385379393123e-03
-1.769844872238693345e-04
1.348995445779599400e-06
1.554643853824387578e-06
1.749778054095069526e-04
7.682302475969793321e-07
7.681151269500578749e-05
2.592340165703164675e-04
-1.975910506160465097e-06
-2.277129351406503854e-06
-2.562947748611911708e-04
-1.125247844547226650e-06
1.648181278367352905e-06
-2.703375043076815948e-02
-2.969135427884797389e-04
6.023453745587545842e-05
2.847145191494694291e-02
1.416642347263621037e-04
8.957852991337492815e-05
7.339745637818641060e-05
-1.992763312280709798e-07
5.294745811989295253e-06
-7.730085972724892751e-05
-3.846227151355074980e-07
-2.432084389024542770e-07
-5.463222312082365077e-05
1.483281507966283108e-07
-1.104056873888582336e-07
5.753765899313857663e-05
2.862877683620403124e-07
1.810283132588593521e-07
2.847145191494694291e-02
-7.730085972724892751e-05
5.753765899313857663e-05
-2.998561284425208320e-02
5.013595735507581520e-04
6.404239773327286261e-04
1.416642347263621037e-04
-3.846227151355074980e-07
2.862877683620403124e-07
-1.491981831159095513e-04
-7.423592762317854366e-07
-4.697040789200697397e-07
8.957852991337492815e-05
-2.432084389024542770e-07
1.810283132588593521e-07
-9.434247066724425941e-05
-4.694159591710905799e-07
-2.968257414204294098e-07
-8.802325943053385116e-02
3.526054698230994137e-06
2.206106962574775796e-06
8.736895718029664970e-02
2.173145810039820401e-05
2.024981748758460952e-05
5.508126982309977300e-07
-3.446734266398802557e-12
2.831712068832915953e-06
-5.467183487027851992e-07
-1.359863527360687631e-10
-1.267149119577909505e-10
5.432355567317761168e-06
-3.399345196594120609e-11
-3.352578294228297535e-10
-5.391975303115687006e-06
-1.341156989409122535e-09
-1.249717467169607356e-09
8.736895718029664970e-02
-5.467183487027851992e-07
-5.391975303115687006e-06
-8.671951854721528241e-02
4.343508992266837158e-05
3.020553173848423056e-05
2.173145810039820401e-05
-1.359863527360687631e-10
-1.341156989409122535e-09
-2.156992191066494798e-05
-5.365130442259212188e-09
-7.295449446437477342e-09
2.024981748758460952e-05
-1.267149119577909505e-10
-1.249717467169607356e-09
-2.009929475944713782e-05
-4.999338435044101530e-09
-4.658485825517834111e-09
3.825250703621577153e-01
-1.658407965961408497e-03
-1.002413195710937215e-03
-4.114900809388537528e-01
1.061992258087665706e-03
-1.031731528611081264e-03
-1.043806204294743870e-03
2.848261399211043932e-06
1.269635821310047610e-04
1.122843789253025019e-03
-2.897886161742913025e-06
2.815312914543864620e-06
1.101082408955724509e-03
-3.004552482884989550e-06
3.169419641457782433e-06
-1.184456979911342788e-03
3.056900277586399595e-06
-2.969796034192140680e-06
-4.114900809388537528e-01
1.122843789253025019e-03
-1.184456979911342788e-03
4.426483381880199630e-01
-5.381272082129916895e-03
7.404990442093464451e-03
1.061992258087665706e-03
-2.897886161742913025e-06
3.056900277586399595e-06
-1.142406901129915803e-03
2.948375528062652240e-06
2.365851562351205944e-03
-1.031731528611081264e-03
2.815312914543864620e-06
-2.969796034192140680e-06
1.109854812426797456e-03
-2.864363621344831468e-06
2.782745575605812677e-06
2.035393832504541756e-01
-5.914175459059521764e-04
-1.776934417684156121e-03
-2.178014629622150866e-01
2.568398533666454292e-03
-1.498030519639677229e-03
-1.364740661572616488e-03
9.150647130828177753e-06
-8.551921809269412422e-05
1.460368543461569449e-03
-1.722122695886022393e-05
1.004436158635619442e-05
9.773536263158303945e-04
-6.553199745797880921e-06
4.693048075526257135e-06
-1.045837155657871557e-03
1.233291356499653657e-05
-7.193229817729906994e-06
-2.178014629622150866e-01
1.460368543461569449e-03
-1.045837155657871557e-03
2.330628918635838653e-01
-1.773108005595853878e-03
1.695649081248046079e-03
2.568398533666454292e-03
-1.722122695886022393e-05
1.233291356499653657e-05
-2.748367166929181239e-03
3.240980159423365210e-05
7.778634082369634967e-05
-1.498030519639677229e-03
1.004436158635619442e-05
-7.193229817729906994e-06
1.602998071081375604e-03
-1.890316914885357968e-05
1.102536227597789020e-05
-1.535710636749125328e-02
3.827000448076182601e-04
9.518486439038449415e-06
8.982694912541689183e-03
6.234740083574016314e-04
1.119214663001364578e-04
4.046203153076174844e-04
-1.066070623217257873e-05
-7.654355073140502175e-05
-2.366709431353921809e-04
-1.642693902167285946e-05
-2.948843219548885619e-06
1.193392859390386723e-04
-3.144283717844420512e-06
-9.273794702368762244e-07
-6.980406145654766657e-05
-4.844984541851199422e-06
-8.697359742742757915e-07
8.982694912541689183e-03
-2.366709431353921809e-04
-6.980406145654766657e-05
-5.254167416760892849e-03
-4.632770246055288805e-04
3.128527297920181234e-04
6.234740083574016314e-04
-1.642693902167285946e-05
-4.844984541851199422e-06
-3.646830769388650874e-04
-2.531204966586819705e-05
1.277332918069066028e-03
1.119214663001364578e-04
-2.948843219548885619e-06
-8.697359742742757915e-07
-6.546522254131806676e-05
-4.543832903483244201e-06
-8.156754481049299788e-07
-2.209397703793731377e-02
-1.220793834669823172e-05
1.229530971913744384e-05
2.220167455430855155e-02
-1.004083087232772492e-06
9.316084736282810060e-07
-7.958280513364758259e-06
-2.866583439949605532e-09
-1.912802819125709309e-06
7.997073304925995677e-06
-3.616720905027587813e-10
3.355666494065827766e-10
8.044602491937888938e-06
2.897676746005381934e-09
-2.929107285315481550e-09
-8.083816061640092772e-06
3.655950887627345746e-10
-3.392064596957986002e-10
2.220167455430855155e-02
7.997073304925995677e-06
-8.083816061640092772e-06
-2.230989704429649917e-02
1.008745509570037283e-06
-9.360402837326450953e-07
-1.004083087232772492e-06
-3.616720905027587813e-10
3.655950887627345746e-10
1.008977509570036911e-06
-4.563157196455699536e-11
4.233789558094456926e-11
9.316084736282810060e-07
3.355666494065827766e-10
-3.392064596957986002e-10
-9.361496170659784821e-07
4.233789558094456926e-11
-3.928194879216172008e-11
-4.463998766038235200e-01
-9.948622016400544554e-01
-3.573904229474251792e-01
-5.167541272554093679e-01
4.070381777685396774e-01
-1.544403552738526919e-01
4.533485192339693493e-01
2.524165303560756968e+00
-5.656138773801985264e-01
-1.517001189272051187e+00
6.870371303237524430e+00
-5.901565956747402142e-01
5.237460784613857598e-03
-2.993611064633342270e-02
-6.973595683104408943e-03
1.875603246110483679e+00
-7.361391043877752338e+00
1.003756027108260396e+00
-1.708419065167907647e-01
-4.305078399496336389e-02
9.176387217601927881e-02
1.961645294325691791e-01
-5.987121733821304526e-02
4.349167311499474442e-02
-1.476947069115493449e-01
3.465313005751395614e-02
6.342345788613751312e-02
-5.167541272554093679e-01
5.237460784613857598e-03
1.961645294325691791e-01
4.061166942499574439e-01
-1.081379096896206010e-01
8.192828535953869395e-02
-2.221218146383520664e-01
6.909443328192121925e-02
1.268410862271562300e-01
4.070381777685396774e-01
-2.993611064633342270e-02
-5.987121733821304526e-02
-9.684066497628709969e-02
-3.041861028745514867e-02
-2.575529944408320657e-02
-6.767555279062542617e-02
-1.777530480480879749e-01
1.112771512185535550e-03
-1.544403552738526919e-01
-6.973595683104408943e-03
4.349167311499474442e-02
8.519023910545869827e-02
-1.103947947036626465e-02
1.628740077821279331e-02
-2.936532457858947315e-02
5.623007526063053541e-02
1.930545469601230996e-02
4.533485192339693493e-01
1.875603246110483679e+00
-1.476947069115493449e-01
-2.221218146383520664e-01
-6.767555279062542617e-02
-2.936532457858947315e-02
3.978536385101013595e-01
-1.801583965267265164e+00
-4.915273545119210885e-01
2.524165303560756968e+00
-7.361391043877752338e+00
3.465313005751395614e-02
6.909443328192121925e-02
-1.777530480480879749e-01
5.623007526063053541e-02
-2.454635970908930709e+00
7.213743629398972068e+00
-8.111279100211372661e-01
-5.656138773801985264e-01
1.003756027108260396e+00
6.342345788613751312e-02
1.268410862271562300e-01
1.112771512185535550e-03
1.930545469601230996e-02
2.793793085499298168e-01
-9.250431281577747855e-01
1.622318941703228545e-01
4.323411062542812378e-01
-6.843411101877037162e-01
3.095526351440415214e-01
-2.839429344665453381e-01
1.101564425387924623e-01
-4.787531956919256065e-02
1.230397609137957593e-01
7.773550344274346990e-01
-1.305320002610234065e-01
-6.058183098303701053e-01
3.433079508305749261e+00
-4.542531193672252332e-01
-5.544426826944743453e-02
7.943484112011159337e-02
-2.608268254367345287e-02
1.302411356722472435e+00
-3.169046742733453659e+00
8.693874117005150337e-01
2.411640964466789661e-01
-6.127323740904166982e-01
1.015324504933671906e-01
-5.152492566886558018e-02
-6.586845513224343085e-02
2.031597378468905091e-02
-1.937394268295350996e-01
6.549295218416734121e-01
-1.468643679360919774e-01
-2.839429344665453381e-01
-5.544426826944743453e-02
-5.152492566886558018e-02
2.107028220896018933e-01
2.632376405186822536e-03
1.447552383551391902e-02
-2.400185751708108772e-01
-1.458373217951231815e-01
-3.370329983819278508e-02
1.101564425387924623e-01
7.943484112011159337e-02
-6.586845513224343085e-02
-1.676437490581314180e-02
-1.195024713876760708e-01
4.244590463932961660e-02
-9.026271206670133038e-03
1.015129727164436856e-02
2.711501237386930788e-02
-4.787531956919256065e-02
-2.608268254367345287e-02
2.031597378468905091e-02
1.279498013603663602e-02
4.049199200539185806e-02
-1.347995603499708116e-02
-3.836544169903041181e-03
-1.118715053202185006e-02
-9.667659883462211695e-03
1.230397609137957593e-01
1.302411356722472435e+00
-1.937394268295350996e-01
-2.400185751708108772e-01
-9.026271206670133038e-03
-3.836544169903041181e-03
6.976747875142015332e-01
-1.376382166404767515e+00
7.807043203805440201e-02
7.773550344274346990e-01
-3.169046742733453659e+00
6.549295218416734121e-01
-1.458373217951231815e-01
1.015129727164436856e-02
-1.118715053202185006e-02
-9.654728279550994774e-01
3.071525249357285325e+00
-7.582769340019759330e-01
-1.305320002610234065e-01
8.693874117005150337e-01
-1.468643679360919774e-01
-3.370329983819278508e-02
2.711501237386930788e-02
-9.667659883462211695e-03
3.528491362324956970e-01
-7.871829249692500197e-01
2.217536637356994911e-01
4.324154805363835674e-01
-1.396946866400641460e-02
8.629442470588678457e-03
-4.382125961280993742e-01
1.232384311952715999e-02
-2.038949827534620313e-02
-3.275816973993313230e-02
-1.199177372423633134e-02
1.736618769446561170e-02
2.862404362326812467e-03
6.421753965979701273e-02
-4.731577316879521933e-02
-5.247127861214236945e-03
-1.280309082214432792e-02
1.911744225680372944e-02
-3.400783760457738551e-03
-3.979532389417824584e-02
5.782126026837304533e-02
1.714090731806228521e-02
-6.924677722517587342e-02
7.601086600395018378e-02
-1.155738229880092643e-02
1.656321522997218978e-02
-2.461758486844557031e-02
-1.648389738265694775e-03
4.136917931511761154e-02
-6.012857419930401487e-02
-4.382125961280993742e-01
-5.247127861214236945e-03
-1.155738229880092643e-02
4.714159382993167724e-01
6.884083082821730419e-03
-3.567539198602251611e-03
1.820676784826451462e-03
4.757090379952678971e-03
-7.002153802558445592e-03
1.232384311952715999e-02
-1.280309082214432792e-02
1.656321522997218978e-02
5.882227983488402118e-03
1.469897238657025783e-02
-2.231352956416753769e-02
-2.098769210406117511e-02
1.816140209659036818e-03
-2.738061000213686674e-03
-2.038949827534620313e-02
1.911744225680372944e-02
-2.461758486844557031e-02
-5.045613692824198193e-03
-2.087496113651177154e-02
2.968571619199344633e-02
2.949574702162718887e-02
-3.224670442220550336e-03
4.824436348070217269e-03
-3.275816973993313230e-02
-3.400783760457738551e-03
-1.648389738265694775e-03
1.820676784826451462e-03
-2.098769210406117511e-02
2.949574702162718887e-02
3.904595268548562148e-02
1.315476798871745290e-02
-1.790915003227083052e-02
-1.199177372423633134e-02
-3.979532389417824584e-02
4.136917931511761154e-02
4.757090379952678971e-03
1.816140209659036818e-03
-3.224670442220550336e-03
1.310543270005079183e-02
2.777554181651029075e-02
-4.857281620968482289e-02
1.736618769446561170e-02
5.782126026837304533e-02
-6.012857419930401487e-02
-7.002153802558445592e-03
-2.738061000213686674e-03
4.824436348070217269e-03
-1.886578027645810160e-02
-4.030734914841039435e-02
5.849400295745463274e-02
5.287221183306228811e-01
-2.028201980941749319e-02
1.179206079904641068e-02
-5.371029601262440334e-01
4.092227461703394631e-03
-6.476974646786221729e-03
-1.377733670933561395e-02
-4.992830621493019776e-04
1.032249652779002351e-03
-1.316534647141751058e-02
4.292388842479610139e-02
-1.917140321050895754e-02
6.274249719516741298e-03
-8.539735737104744984e-03
1.473971152215951957e-02
4.912541995101136344e-03
-1.484214558016169229e-02
2.554226674335765418e-02
2.015261412596464075e-02
-4.210004118938111967e-02
4.380259805677520768e-02
-1.239384168467323744e-02
1.292624037100229169e-02
-2.227981794915297534e-02
-1.280664627540473340e-02
1.362825416573916829e-02
-2.189230520487968346e-02
-5.371029601262440334e-01
6.274249719516741298e-03
-1.239384168467323744e-02
5.473436159094050568e-01
2.262336394608003166e-03
5.436188968329419471e-04
9.521107150408320355e-03
2.575054664231413160e-03
-3.867864497584117944e-03
4.092227461703394631e-03
-8.539735737104744984e-03
1.292624037100229169e-02
-5.995314233920011901e-04
1.021589787583893766e-02
-1.855012203325736436e-02
-1.570513170195501906e-02
1.323872827721322715e-03
6.509762196338347157e-04
-6.476974646786221729e-03
1.473971152215951957e-02
-2.227981794915297534e-02
4.477134401673240043e-04
-1.758797017967709750e-02
3.028060961784908092e-02
2.701905731487953474e-02
-2.298858996490524623e-03
-1.084738188510642014e-03
-1.377733670933561395e-02
4.912541995101136344e-03
-1.280664627540473340e-02
9.521107150408320355e-03
-1.570513170195501906e-02
2.701905731487953474e-02
2.621036482376455298e-02
2.430998810533311228e-03
-1.005192088718108098e-02
-4.992830621493019776e-04
-1.484214558016169229e-02
1.362825416573916829e-02
2.575054664231413160e-03
1.323872827721322715e-03
-2.298858996490524623e-03
1.206687125533324528e-03
5.487040002157120289e-03
-2.421644955904627208e-02
1.032249652779002351e-03
2.554226674335765418e-02
-2.189230520487968346e-02
-3.867864497584117944e-03
6.509762196338347157e-04
-1.084738188510642014e-03
-7.135839058299939253e-03
-1.000003200524568828e-02
1.917598027162244201e-02
-6.283222701446595782e-01
1.032946340521645467e-01
5.073494814796561947e-01
4.370603575065396540e-01
2.026214780900159607e-01
2.587719755321703508e-01
-1.846903973613039651e-01
2.235339655627609501e-01
3.340915017171993129e-01
-1.150403896263989534e-01
-2.419090879444750763e-01
-3.115563121196643359e-01
-1.566017801048347202e-01
3.973616408637276720e+00
3.846027190255074668e+00
-3.033382999684453019e-01
-3.338678442594025686e+00
-2.960643369975187511e+00
-6.384002528540480559e-02
2.237293451639109643e-01
1.953273414263238111e-02
9.817412177004689045e-02
2.581061140417438282e-01
7.148457541160560536e-02
7.167371629032313896e-02
3.563071372435074213e+00
2.839684766351762590e+00
-4.707552009284332595e-02
-2.953030462590310545e+00
-2.463342783661687907e+00
1.865783418353882950e-01
-2.246162858823291808e-01
-8.045749435603444244e-02
-1.917949355778926501e-01
-1.570920468019393890e-01
-7.403552299532643877e-02
4.370603575065396540e-01
-3.033382999684453019e-01
-4.707552009284332595e-02
2.188697999159450736e-01
1.439812867496193249e-01
7.722713940117358344e-01
-8.291508689583190761e-02
-4.016122779190621495e-02
8.200881257735763430e-02
-1.356963556832639084e-01
3.101775717828424497e-02
-6.430416849558297232e-02
2.026214780900159607e-01
-3.338678442594025686e+00
-2.953030462590310545e+00
1.161061853106190311e-01
2.783237031213099399e+00
2.465208489984794138e+00
4.847458696911115250e-02
-1.432164133231819958e-01
-6.891631596254242653e-02
-1.440971193791246163e-03
-8.728278190388365221e-02
3.140091429831101677e-02
2.587719755321703508e-01
-2.960643369975187511e+00
-2.463342783661687907e+00
1.167031311627375889e-01
2.414797898147461819e+00
2.064255207500648392e+00
-6.322240667100861855e-02
-1.925521262943014761e-02
1.779103088103932764e-03
3.384045228959479956e-02
3.667376434704372468e-02
4.085304513685176359e-02
-1.846903973613039651e-01
-6.384002528540480559e-02
1.865783418353882950e-01
-8.291508689583190761e-02
4.847458696911115250e-02
-6.322240667100861855e-02
2.579646723080745718e-01
3.015862974734944899e-02
-1.667261718240526380e-01
-7.887565861119494315e-02
-1.484038165562022969e-02
-2.964208064727093944e-02
2.235339655627609501e-01
2.237293451639109643e-01
-2.246162858823291808e-01
-4.016122779190621495e-02
-1.432164133231819958e-01
-1.925521262943014761e-02
-2.034552943765042046e-02
-1.817789683314916527e-01
-3.516711573892680742e-02
2.674126696477716059e-02
-7.976514841989840177e-02
6.615018096558734906e-02
3.340915017171993129e-01
1.953273414263238111e-02
-8.045749435603444244e-02
8.200881257735763430e-02
-6.891631596254242653e-02
1.779103088103932764e-03
-1.678427132357914187e-01
-3.033813188280042733e-02
1.498200218196711342e-01
-1.198676318030368615e-02
5.351138395027982275e-02
6.009024305896512597e-02
-1.150403896263989534e-01
9.817412177004689045e-02
-1.917949355778926501e-01
-1.356963556832639084e-01
-1.440971193791246163e-03
3.384045228959479956e-02
-7.887565861119494315e-02
2.674126696477716059e-02
-1.198676318030368615e-02
1.586462798718765999e-01
1.987300639464336521e-03
7.501930923062526124e-02
-2.419090879444750763e-01
2.581061140417438282e-01
-1.570920468019393890e-01
3.101775717828424497e-02
-8.728278190388365221e-02
3.667376434704372468e-02
-1.484038165562022969e-02
-7.976514841989840177e-02
5.351138395027982275e-02
1.722950952613090322e-02
-1.900144294403609546e-01
-2.006374251992985511e-02
-3.115563121196643359e-01
7.148457541160560536e-02
-7.403552299532643877e-02
-6.430416849558297232e-02
3.140091429831101677e-02
4.085304513685176359e-02
-2.964208064727093944e-02
6.615018096558734906e-02
6.009024305896512597e-02
7.748381825078938523e-02
-2.924810067262839999e-02
3.119146583714797402e-02
3.189685455015345283e-01
-7.147930265936743022e-02
4.535733304302361907e-02
-2.747426878763034597e-02
1.810132677616880723e-02
-6.929434355273563981e-03
-1.295331344905644722e-01
2.320395604642591474e-03
-1.395265634013356237e-01
-1.267657419606096070e-01
8.308334758283572596e-02
1.052984271329682614e-01
-7.816447150670070843e-02
3.633239552831615260e-01
4.945824220023837398e-02
-2.677393397753325202e-02
-1.897750946528602711e-01
4.973962782137731492e-02
1.300437452258465867e-02
-4.462293788317964888e-02
1.023676664477872998e-02
1.180786722299569380e-01
-1.298968724679361308e-01
-1.227636596794698109e-01
5.299324023019052338e-02
5.804132810369307810e-02
5.721235636763485344e-01
8.136323810026763539e-03
4.763911576256508323e-02
-7.143427196349994013e-02
-1.877041199731934173e-01
-6.424486538818148171e-03
-2.929491655868216027e-01
1.370760374244077151e-01
-1.063029351791500016e-01
-2.030974349678018875e-01
-2.747426878763034597e-02
-2.677393397753325202e-02
8.136323810026763539e-03
1.683225301208328764e-02
-1.251916587767788400e-02
6.348618647304643363e-04
-8.865763114437415953e-04
1.756138045003520498e-02
-8.551201696219111470e-03
-1.704429735999426262e-03
1.965191239537688109e-02
-4.203158933001162681e-03
1.810132677616880723e-02
-1.897750946528602711e-01
4.763911576256508323e-02
-9.821521494011210135e-03
1.998693375769242941e-01
-6.487814859421518754e-02
-3.482535339097699717e-03
-1.653221219917270449e-03
1.489401481030515123e-03
-2.383395284157413269e-03
-2.147905921043314487e-02
8.910340516709748873e-03
-6.929434355273563981e-03
4.973962782137731492e-02
-7.143427196349994013e-02
4.809938071310820677e-03
-5.700104955428228481e-02
8.265919345391774253e-02
-2.076981966696138382e-03
3.844898841797143169e-02
-1.444073089356911338e-02
9.183097779215795495e-04
-2.661057693005108513e-02
7.876940277552368919e-03
-1.295331344905644722e-01
1.300437452258465867e-02
-1.877041199731934173e-01
-8.865763114437415953e-04
-3.482535339097699717e-03
-2.076981966696138382e-03
1.137768652981664269e-01
-1.664556920489971073e-02
1.628555813055115598e-01
6.876010706237945837e-03
-3.619268676147434404e-04
1.776062027139788113e-02
2.320395604642591474e-03
-4.462293788317964888e-02
-6.424486538818148171e-03
1.756138045003520498e-02
-1.653221219917270449e-03
3.844898841797143169e-02
-1.784471891489971054e-02
5.008189650915156887e-02
-1.035917160398949245e-02
-1.236858043822546688e-02
2.923963279485184037e-03
-1.829688870257031516e-02
-1.395265634013356237e-01
1.023676664477872998e-02
-2.929491655868216027e-01
-8.551201696219111470e-03
1.489401481030515123e-03
-1.444073089356911338e-02
1.642804180613879339e-01
-8.876825413961739533e-03
3.260880317966166064e-01
-1.619192640852181592e-02
-1.468876020179783011e-03
-2.786683613635937765e-02
-1.267657419606096070e-01
1.180786722299569380e-01
1.370760374244077151e-01
-1.704429735999426262e-03
-2.383395284157413269e-03
9.183097779215795495e-04
6.876010706237945837e-03
-1.236858043822546688e-02
-1.619192640852181592e-02
1.217978702393886087e-01
-1.094319036367860931e-01
-1.279881389448413176e-01
8.308334758283572596e-02
-1.298968724679361308e-01
-1.063029351791500016e-01
1.965191239537688109e-02
-2.147905921043314487e-02
-2.661057693005108513e-02
-3.619268676147434404e-04
2.923963279485184037e-03
-1.468876020179783011e-03
-1.187033456024527561e-01
1.607085826554898733e-01
1.316440275206111621e-01
1.052984271329682614e-01
-1.227636596794698109e-01
-2.030974349678018875e-01
-4.203158933001162681e-03
8.910340516709748873e-03
7.876940277552368919e-03
1.776062027139788113e-02
-1.829688870257031516e-02
-2.786683613635937765e-02
-1.254247785084702804e-01
1.344932376913741123e-01
2.239549155622544419e-01
2.754896586158296912e-01
-1.055314938104858907e-01
1.377911772278597041e-02
-1.372444181261384122e-02
3.163495242127174322e-03
-5.284348364927426295e-04
-1.313224232157907678e-01
3.473162037657753776e-02
-1.408740155324318954e-01
-1.314141372530464591e-01
6.997884943857068940e-02
1.270666660005866921e-01
-1.053354115068191738e-01
9.675131133554878970e-02
5.997187417419807404e-02
-1.535879279427430390e-02
3.466521339685303682e-02
-7.213171380197198369e-03
3.883944184799028448e-02
-4.622425665466851907e-02
4.778005479772203662e-02
8.384346198218681212e-02
-8.640568545891116892e-02
-1.019808309562095366e-01
1.402875688433249599e-02
6.058503265859952608e-02
5.629279407757703524e-01
2.016172837992179657e-03
-7.147194479682550568e-03
-2.047264387078080380e-02
-1.821485534926675365e-01
4.886853200538520542e-02
-2.918345005995837682e-01
1.662691005743503203e-01
-1.032270137682700650e-01
-2.518202207861713338e-01
-1.372444181261384122e-02
-1.535879279427430390e-02
2.016172837992179657e-03
5.793040823249321312e-03
-2.844181199263136036e-04
1.065676705894958500e-04
3.893859104891484769e-03
7.716279687205690289e-03
-4.111486063455644844e-04
3.911916122136155881e-03
7.489880732036953599e-03
-1.432224950075853664e-03
3.163495242127174322e-03
3.466521339685303682e-02
-7.147194479682550568e-03
-4.020486205929798477e-04
-3.422946765543123659e-02
5.839073054137900939e-03
-1.437447057977355889e-03
2.022691336608434341e-03
-9.774214202437044377e-04
-2.201172052620351590e-03
-5.838036062696318629e-04
1.894517247345803854e-03
-5.284348364927426295e-04
-7.213171380197198369e-03
-2.047264387078080380e-02
1.314586335979226503e-04
5.983466343595283086e-03
1.205980570521423927e-02
3.068116947826007856e-03
1.242815052469234058e-02
3.376593539297535231e-03
-2.773220768172096964e-03
-1.124118188124459752e-02
6.117966276622192889e-03
-1.313224232157907678e-01
3.883944184799028448e-02
-1.821485534926675365e-01
3.893859104891484769e-03
-1.437447057977355889e-03
3.068116947826007856e-03
1.190685229425192254e-01
-3.889458937990343534e-02
1.599040786987681872e-01
8.835911600886111814e-03
7.917487989891211714e-04
1.913708514247076942e-02
3.473162037657753776e-02
-4.622425665466851907e-02
4.886853200538520542e-02
7.716279687205690289e-03
2.022691336608434341e-03
1.242815052469234058e-02
-3.888558326723676878e-02
4.305744411381157155e-02
-5.019053223734282199e-02
-4.274933635255425378e-03
8.739408946985751259e-04
-1.078547521463427659e-02
-1.408740155324318954e-01
4.778005479772203662e-02
-2.918345005995837682e-01
-4.111486063455644844e-04
-9.774214202437044377e-04
3.376593539297535231e-03
1.600262542861208281e-01
-4.889749135928303514e-02
3.186777095804519400e-01
-1.871804413453511881e-02
2.733700307737547183e-03
-3.004953776796863776e-02
-1.314141372530464591e-01
8.384346198218681212e-02
1.662691005743503203e-01
3.911916122136155881e-03
-2.201172052620351590e-03
-2.773220768172096964e-03
8.835911600886111814e-03
-4.274933635255425378e-03
-1.871804413453511881e-02
1.192837707627251442e-01
-7.856712228215059768e-02
-1.448118306516082143e-01
6.997884943857068940e-02
-8.640568545891116892e-02
-1.032270137682700650e-01
7.489880732036953599e-03
-5.838036062696318629e-04
-1.124118188124459752e-02
7.917487989891211714e-04
8.739408946985751259e-04
2.733700307737547183e-03
-7.861901870948392879e-02
8.570251539632109394e-02
1.115518256066775071e-01
1.270666660005866921e-01
-1.019808309562095366e-01
-2.518202207861713338e-01
-1.432224950075853664e-03
1.894517247345803854e-03
6.117966276622192889e-03
1.913708514247076942e-02
-1.078547521463427659e-02
-3.004953776796863776e-02
-1.448952715052827522e-01
1.112076196829860225e-01
2.757981995488398286e-01
5.115372259372607644e+00
1.998904048354840576e-02
1.857599700251162536e-03
-5.115316482961659084e+00
1.041174850701081650e-01
-9.882950776058010978e-02
-1.188459330057854424e-01
2.761158929564966336e-03
4.964932881223205544e-03
1.188446371470936597e-01
-2.418971489845156420e-03
2.296115407199449121e-03
-9.710272058774900572e-02
2.255996795639857947e-03
1.843255557456160900e-03
9.710166181021050169e-02
-1.976413552803711442e-03
1.876034351227487580e-03
-5.115316482961659084e+00
1.188446371470936597e-01
9.710166181021050169e-02
5.115260707158882703e+00
3.471862368354991513e-02
-1.318901333021097605e-04
1.041174850701081650e-01
-2.418971489845156420e-03
-1.976413552803711442e-03
-1.041163498057839781e-01
2.119190969428919047e-03
-4.720496393807938756e-03
-9.882950776058010978e-02
2.296115407199449121e-03
1.876034351227487580e-03
9.882843015469805481e-02
-2.011560308224604604e-03
1.909396053494099394e-03
-1.467216866712895695e-01
5.768502569797018212e-07
1.633506007557143668e-04
1.467216866715098933e-01
-5.777931293941633500e-07
-2.644821415504261305e-08
5.921982569797009076e-07
-2.390197356652629297e-12
1.494474303668060292e-09
-5.921982570158396741e-07
2.332065389953132082e-12
1.068299637120573298e-13
3.949254237446477572e-07
-1.593882984580671791e-12
-1.062941401563932686e-12
-3.949254237452575680e-07
1.555374779709309263e-12
7.120692924189597761e-14
1.467216866715098933e-01
-5.921982570158396741e-07
-3.949254237452575680e-07
-1.467216866717305224e-01
5.624451293874893264e-07
-1.629292271178146248e-04
-5.777931293941633500e-07
2.332065389953132082e-12
1.555374779709309263e-12
5.777931293874886245e-07
-2.275301293927889420e-12
-1.496172282122948741e-09
-2.644821415504261305e-08
1.068299637120573298e-13
7.120692924189597761e-14
2.644821415507397974e-08
-1.040954974128316390e-13
-4.635181127810028556e-15
-9.174662977585425205e-02
-4.044246431170985863e-05
3.421411994812867434e-05
9.173080561197831384e-02
-2.686717441933843761e-05
-3.299183371042828643e-05
2.692163518829042900e-05
-7.899739116052482842e-09
9.829552287540334507e-09
-2.691699183115566567e-05
7.883758457546255818e-09
9.680945389327356673e-09
-3.318943055182389942e-05
9.738927111195181834e-09
-1.200630802764002247e-08
3.318370614549651142e-05
-9.719225904220811586e-09
-1.193482722762831405e-08
9.173080561197831384e-02
-2.691699183115566567e-05
3.318370614549651142e-05
-9.171498417740332754e-02
-4.050133171123154578e-05
-3.441859661498166296e-05
-2.686717441933843761e-05
7.883758457546255818e-09
-9.719225904220811586e-09
2.686254045543538742e-05
-7.867810113762977183e-09
-9.754320758958632086e-09
-3.299183371042828643e-05
9.680945389327356673e-09
-1.193482722762831405e-08
3.298614338496926133e-05
-9.661361414721918026e-09
-1.186377193837170885e-08
-7.957853433646029651e-02
-3.947824147635061083e-05
3.169873715260969891e-05
7.957853429354505570e-02
-2.784564599877371212e-05
-3.104775199415709877e-05
2.789196535698293096e-05
-9.776024907423557871e-09
1.070962852691130411e-08
-2.789196534190961036e-05
9.759790124629751373e-09
1.088211576499651561e-08
-3.060262251408172175e-05
1.072609962286193198e-08
-1.176850654449092259e-08
3.060262249757813858e-05
-1.070828710630749324e-08
-1.193968496835708104e-08
7.957853429354505570e-02
-2.789196534190961036e-05
3.060262249757813858e-05
-7.957853425062988428e-02
-3.952456084956445929e-05
-3.125360768927758827e-05
-2.784564599877371212e-05
9.759790124629751373e-09
-1.070828710630749324e-08
2.784564598376908589e-05
-9.743582359186139622e-09
-1.084757311358937491e-08
-3.104775199415709877e-05
1.088211576499651561e-08
-1.193968496835708104e-08
3.104775197741383238e-05
-1.086404415328460076e-08
-1.211335327649856047e-08
2.657294223190613813e+00
-1.575147433865812380e-02
-2.569140222612976629e-02
-2.657248579986307035e+00
1.764548354859101203e-03
7.289337311136623310e-03
-1.041669657765813967e-02
4.083385522182791938e-05
2.950065960327756531e-03
1.041651765452467591e-02
-6.917098094402773789e-06
-2.857448541459102443e-05
1.412364774145760844e-02
-5.536524778044539519e-05
7.506787309572435837e-05
-1.412340514561181287e-02
9.378660131155458490e-06
3.874318152318070803e-05
-2.657248579986307035e+00
1.041651765452467591e-02
-1.412340514561181287e-02
2.657202937565996237e+00
-7.099295806968067279e-03
3.252583786227438573e-02
1.764548354859101203e-03
-6.917098094402773789e-06
9.378660131155458490e-06
-1.764518045968080547e-03
1.171729825638623268e-06
-3.000590800128934491e-03
7.289337311136623310e-03
-2.857448541459102443e-05
3.874318152318070803e-05
-7.289212105313000283e-03
4.840407979274320618e-06
1.999569260003975982e-05
1.907454687824342576e+00
-2.615969530261414312e-03
-3.446861748403616272e-03
-1.907454690576290579e+00
5.139898411016811030e-04
7.998402903759897048e-05
-5.747614742614110895e-04
1.731893054073584180e-07
2.324413612334959647e-03
5.747614750903919621e-04
-1.548773664194086239e-07
-2.410109058246373559e-08
1.970637126305331771e-05
-5.937998381194686814e-09
2.035910190434364608e-10
-1.970637129148429707e-05
5.310152048436898864e-09
8.263340289804688155e-10
-1.907454690576290579e+00
5.747614750903919621e-04
-1.970637129148429707e-05
1.907454693328238138e+00
-2.555197897843251506e-03
3.386584090513673588e-03
5.139898411016811030e-04
-1.548773664194086239e-07
5.310152048436898864e-09
-5.139898418432480671e-04
1.385016160037874698e-07
-2.324397997539257542e-03
7.998402903759897048e-05
-2.410109058246373559e-08
8.263340289804688155e-10
-7.998402915299535109e-05
2.155279408384228740e-08
3.353916921966515474e-09
3.619035321034568264e-01
-4.422572878089246328e-05
-2.505182314429436904e-05
-3.619035367852099228e-01
-1.233810760602905426e-04
-1.896016110106806460e-05
1.505527403857746934e-04
6.263030231587474184e-08
-5.814937016316050131e-05
-1.505527423334367229e-04
-5.132682459607629255e-08
-7.887472663373163665e-09
8.834011280012289477e-06
3.674969971902337408e-09
2.156368707839924859e-10
-8.834011394293437701e-06
-3.011713701690820529e-09
-4.628147014205348707e-10
-3.619035367852099228e-01
-1.505527423334367229e-04
-8.834011394293437701e-06
3.619035414669631301e-01
-7.139739151025606661e-05
5.284599577065226102e-05
-1.233810760602905426e-04
-5.132682459607629255e-08
-3.011713701690820529e-09
1.233810776564111037e-04
4.206339143317250340e-08
5.815950907967108117e-05
-1.896016110106806460e-05
-7.887472663373163665e-09
-4.628147014205348707e-10
1.896016134634562113e-05
6.463946538677524823e-09
9.933246894481237528e-10
1.393620450643831554e-01
4.242984826774063266e-04
4.184428245647258006e-05
-1.393620435144719283e-01
2.016634211806481755e-04
-3.112548819676857857e-05
-1.831059214892617434e-04
2.405804139099521066e-07
-5.814356672982532267e-05
1.831059194528114435e-04
-2.649628637954593025e-07
4.089536166683336723e-08
-4.192918055141329220e-06
5.509018496571039408e-09
1.261502149332547963e-10
4.192918008510121583e-06
-6.067348996256398337e-09
9.364574281099934419e-10
-1.393620435144719283e-01
1.831059194528114435e-04
4.192918008510121583e-06
1.393620419645607011e-01
4.057409852288195091e-04
-1.491171266100682367e-05
2.016634211806481755e-04
-2.649628637954593025e-07
-6.067348996256398337e-09
-2.016634189378484524e-04
2.918164369730691377e-07
5.810403570555548752e-05
-3.112548819676857857e-05
4.089536166683336723e-08
9.364574281099934419e-10
3.112548785060709747e-05
-4.504004276638162501e-08
6.951649026552049920e-09
-3.944023347628117758e-03
6.277986207927299884e-04
1.925465667410339882e-05
3.944023148689276663e-03
8.592266178772872470e-06
-1.358871036864729193e-05
-8.589744873936492903e-06
-1.870772805417919571e-08
-2.963577674728817004e-08
8.589744440672309909e-06
1.871321925195346125e-08
-2.959504713721719976e-08
-1.357961499254921588e-05
-2.957523735504795292e-08
-4.675579420513615881e-08
1.357961430758439671e-05
2.958391844776507054e-08
-4.678711010860249079e-08
3.944023148689276663e-03
8.589744440672309909e-06
1.357961430758439671e-05
-3.944022949750453783e-03
6.277960999212931544e-04
-1.924556198342726530e-05
8.592266178772872470e-06
1.871321925195346125e-08
2.958391844776507054e-08
-8.592265745373218414e-06
-1.871871206649000641e-08
2.966427338872962902e-08
-1.358871036864729193e-05
-2.959504713721719976e-08
-4.678711010860249079e-08
1.358870968322534771e-05
2.960373399853404356e-08
-4.681844742624981880e-08
-6.754726875021309362e-02
1.035308075468449661e-04
-1.895408983464122649e-04
6.754730047276198690e-02
1.962264051516523545e-05
3.954370066755880087e-05
-4.675658328648952687e-05
-3.236515885851609653e-08
-4.090921215683160514e-09
4.675660524500486873e-05
1.358289741099083514e-08
2.737236253825773193e-08
-1.011538101307785102e-05
-7.001921215672141205e-09
-1.514804935802077483e-09
1.011538576361315517e-05
2.938541972696055367e-09
5.921773116903692729e-09
6.754730047276198690e-02
4.675660524500486873e-05
1.011538576361315517e-05
-6.754733219532597921e-02
1.306647411027076931e-04
1.398817980946770272e-04
1.962264051516523545e-05
1.358289741099083514e-08
2.938541972696055367e-09
-1.962264973062677277e-05
-5.700423223731210243e-09
-1.439853811281574954e-08
3.954370066755880087e-05
2.737236253825773193e-08
5.921773116903692729e-09
-3.954371923865737827e-05
-1.148753811284868582e-08
-2.314977788450789231e-08
-8.974171940586236906e-02
-1.612542284122994349e-04
1.618355161750046061e-04
8.974171940595265795e-02
-3.349454634468145628e-07
-1.220364081656137275e-08
3.402945877005230363e-07
-1.290360917350503797e-12
-7.481940796059627377e-06
-3.402945876975435450e-07
1.270100770285135186e-12
4.632939846333906608e-14
2.099421750046947738e-07
-7.960596546017139340e-13
-4.911900798336744321e-13
-2.099421750049091261e-07
7.836047773209398983e-13
2.857513030757317759e-14
8.974171940595265795e-02
-3.402945876975435450e-07
-2.099421750049091261e-07
-8.974171940604301623e-02
-1.612595775365468749e-04
-1.616133703591833299e-04
-3.349454634468145628e-07
1.270100770285135186e-12
7.836047773209398983e-13
3.349454634530809654e-07
-1.250151521808531968e-12
7.481939954464000604e-06
-1.220364081656137275e-08
4.632939846333906608e-14
2.857513030757317759e-14
1.220364081657099452e-08
-4.553595133595395220e-14
-1.664386783558114516e-15
3.023165689441806414e+00
-1.576974637304962845e-01
-6.019094759230829428e-02
-3.022643528970418547e+00
4.935636371486654128e-01
-3.290282473860188794e-01
-4.988783230768286114e-01
8.232416175704243555e-02
1.233551676774334582e-02
4.987921569294506141e-01
-8.144714015918928796e-02
5.429575390925861500e-02
-3.034990616960575038e-01
5.008296550966489374e-02
3.046861796959407509e-02
3.034466414090459807e-01
-4.954941810998410301e-02
3.303152212328448745e-02
-3.022643528970418547e+00
4.987921569294506141e-01
3.034466414090459807e-01
3.022121458686467754e+00
-1.522975296062697992e-01
8.566330360027440971e-02
4.935636371486654128e-01
-8.144714015918928796e-02
-4.954941810998410301e-02
-4.934783889526023204e-01
8.057946171001882651e-02
-1.596987779153709319e-02
-3.290282473860188794e-01
5.429575390925861500e-02
3.303152212328448745e-02
3.289714177040234944e-01
-5.371732653345880071e-02
3.581000801775734155e-02
9.554989765432779503e-02
1.549004121915770974e-03
1.570873419047781909e-03
-9.558408964143867703e-02
1.824350478854719522e-04
-2.774942835143024041e-04
1.068908308582439907e-03
1.195778331746118195e-05
1.193079000491288968e-06
-1.069290811337630844e-03
2.040884849164453785e-06
-3.104304164742413726e-06
1.104677131881113541e-03
1.235792600049129622e-05
1.277145863740080690e-05
-1.105072434306152585e-03
2.109178873064502385e-06
-3.208183334066292130e-06
-9.558408964143867703e-02
-1.069290811337630844e-03
-1.105072434306152585e-03
9.561829386395755137e-02
2.975954821041854569e-04
-1.886027039022051405e-04
1.824350478854719522e-04
2.040884849164453785e-06
2.109178873064502385e-06
-1.825003312291456105e-04
3.483263458607666063e-07
1.063502243559249615e-05
-2.774942835143024041e-04
-3.104304164742413726e-06
-3.208183334066292130e-06
2.775935832644631186e-04
-5.298245644075110991e-07
8.058938761279388244e-07
-2.983617105011547588e-02
-4.151476325492985422e-06
4.327152496100559216e-06
2.983617105014900461e-02
-1.118223902951555711e-07
1.775207971673785048e-09
1.138750078403739493e-07
-4.346211876669704747e-13
-3.930785205841743873e-12
-1.138750078399922551e-07
4.267861790652223426e-13
-6.774681786705373255e-15
6.920349610051296647e-08
-2.641185394358068570e-13
-1.604967108650642849e-13
-6.920349610059085379e-08
2.593716433223050871e-13
-4.136353260776604035e-15
2.983617105014900461e-02
-1.138750078399922551e-07
-6.920349610059085379e-08
-2.983617105018255417e-02
-4.153528943035860603e-06
-4.259724207971722435e-06
-1.118223902951555711e-07
4.267861790652223426e-13
2.593716433223050871e-13
1.118223902975000524e-07
-4.191039147940056829e-13
3.673322998391073183e-12
1.775207971673785048e-09
-6.774681786705373255e-15
-4.136353260776604035e-15
-1.775207971675937372e-09
6.656332506566914587e-15
-8.899944583390384523e-17
-1.872473716508411129e-02
-7.848186310852670316e-05
-2.413814054480589819e-04
1.600478629076950224e-02
9.207038866967782683e-05
-8.315166386533256982e-05
8.590080439147317678e-05
-3.940748609237987310e-07
3.797157575061227552e-07
-7.342287394314803649e-05
-4.223781823187167106e-07
3.814630215609679802e-07
-8.279694461473879007e-05
3.798357267685404680e-07
-3.661110956561922311e-07
7.076988010056237404e-05
4.071163620784697083e-07
-3.676795912623913447e-07
1.600478629076950224e-02
-7.342287394314803649e-05
7.076988010056237404e-05
-1.367993483459153080e-02
-2.009620930407838495e-04
-8.078633324963773279e-05
9.207038866967782683e-05
-4.223781823187167106e-07
4.071163620784697083e-07
-7.869626587411727124e-05
-4.527143101784592005e-07
4.087303243162290490e-07
-8.315166386533256982e-05
3.814630215609679802e-07
-3.676795912623913447e-07
7.107307291704592492e-05
4.088605329046565926e-07
-3.692548067407074072e-07
-1.033887872743758096e-01
-4.634997032445886222e-04
5.062994440270223297e-05
1.104649789153990119e-01
-8.169377593257235023e-06
-1.662183390104359073e-05
5.433472825541109277e-05
-2.855496009090963128e-08
-1.405000986777829586e-08
-5.805353529470433610e-05
4.293317722170453266e-09
8.735403895132783092e-09
2.676813256935454372e-05
-1.406766878236497681e-08
-6.930470240031012851e-09
-2.860021166542039734e-05
2.115113024504268469e-09
4.303517524985149296e-09
1.104649789153990119e-01
-5.805353529470433610e-05
-2.860021166542039734e-05
-1.180254831154585182e-01
9.035388145801376714e-04
8.988701755022096259e-04
-8.169377593257235023e-06
4.293317722170453266e-09
2.115113024504268469e-09
8.728510580135762651e-06
-6.455122894544196299e-10
-1.440095383437381416e-09
-1.662183390104359073e-05
8.735403895132783092e-09
4.303517524985149296e-09
1.775947450221333627e-05
-1.313392342257822809e-09
-2.672295188081095499e-09
-1.028611007418204631e-01
-1.330810317282368543e-04
-1.570681950950901561e-05
1.067793760297504335e-01
-2.523488217856688148e-04
-2.413703002069403087e-04
-9.991633689490408759e-05
-9.705587743096043361e-08
-4.715493718814090435e-08
1.037224376549775331e-04
-2.451244416983738245e-07
-2.344602192832568670e-07
-4.852915517617308137e-05
-4.713983601327303069e-08
-2.289571939166301393e-08
5.037777032903083805e-05
-1.190564270617208205e-07
-1.138768365369982639e-07
1.067793760297504335e-01
1.037224376549775331e-04
5.037777032903083805e-05
-1.108469096973915130e-01
1.308730330986892761e-03
1.281901838932469288e-03
-2.523488217856688148e-04
-2.451244416983738245e-07
-1.190564270617208205e-07
2.619615144868867496e-04
-6.190865875838123510e-07
-5.945605742608048484e-07
-2.413703002069403087e-04
-2.344602192832568670e-07
-1.138768365369982639e-07
2.505647894329000674e-04
-5.921530144855653889e-07
-5.663911954346440764e-07
-1.109891828707568751e-01
-3.859457689879373723e-06
1.650524471564385734e-06
1.051087781502031276e-01
-9.471129592281328047e-06
-9.720286757078919811e-06
1.333698643453980740e-06
-1.602641477984324356e-11
3.646349646217000124e-11
-1.263036912301634025e-06
1.138095542818937243e-10
1.168035766784373013e-10
-3.421648195101479213e-06
4.111610288729621682e-11
-1.054848422477723081e-10
3.240363175443874344e-06
-2.919822937176471733e-10
-2.996634695985768247e-10
1.051087781502031276e-01
-1.263036912301634025e-06
3.240363175443874344e-06
-9.953992775217995748e-02
1.100433719933116864e-03
1.085146524807227347e-03
-9.471129592281328047e-06
1.138095542818937243e-10
-2.919822937176471733e-10
8.969332266440493325e-06
-8.082075259249418639e-10
-1.003501787979141112e-09
-9.720286757078919811e-06
1.168035766784373013e-10
-2.996634695985768247e-10
9.205288640568282094e-06
-8.294690969431442786e-10
-8.512899116308685473e-10
1.446379765845746124e-01
-1.247490340875692444e-03
8.816892690348269220e-04
-1.454143833166914590e-01
-1.455377897429959062e-04
2.157905575623310411e-04
-1.379930242090306864e-04
1.316533540412275632e-07
5.230545110339037893e-04
1.387337612928510127e-04
1.388514982540722809e-07
-2.058767157716787088e-07
3.313910385348278883e-04
-3.161662844300069941e-07
7.592751436295841483e-07
-3.331699228870334175e-04
-3.334526683888144882e-07
4.944141133410295819e-07
-1.454143833166914590e-01
1.387337612928510127e-04
-3.331699228870334175e-04
1.461949577468632799e-01
-2.713140629389618717e-03
2.820271189200561530e-03
-1.455377897429959062e-04
1.388514982540722809e-07
-3.334526683888144882e-07
1.463190266103972417e-04
1.464432006937233660e-07
-1.217974998062912838e-03
2.157905575623310411e-04
-2.058767157716787088e-07
4.944141133410295819e-07
-2.169489064660952025e-04
-2.171330212462005416e-07
3.219456318551139340e-07
2.604040023356515653e-05
-4.391453502179209047e-04
1.393259218714391423e-05
-1.511814191123503630e-04
-4.293715768957321460e-04
7.616418227150882972e-04
4.394491451154130266e-04
7.415997811498386411e-03
-1.309870945829991543e-02
-2.551287414569719438e-03
-7.245932117451482635e-03
1.285321442351944343e-02
-7.738858851461887477e-04
-1.305984115428491556e-02
2.299885400595783405e-02
4.492909682571049820e-03
1.276034929809773295e-02
-2.263497683789253423e-02
-1.511814191123503630e-04
-2.551287414569719438e-03
4.492909682571049820e-03
8.777062287760743807e-04
-9.917702681726696390e-03
8.014881435472706248e-03
-4.293715768957321460e-04
-7.245932117451482635e-03
1.276034929809773295e-02
2.492780592440000265e-03
7.079766416504245513e-03
-1.085776111918660206e-02
7.616418227150882972e-04
1.285321442351944343e-02
-2.263497683789253423e-02
-4.421824955860610695e-03
-1.255846098814493612e-02
2.227685676508967677e-02
-3.658721397002413778e-02
1.513416443283705450e-05
-5.860176062218953793e-05
3.597189962298476956e-02
6.325030526206714906e-05
6.963160945519831515e-05
-5.991535900496437049e-06
-9.811761737848800945e-10
-1.655152677841869452e-06
5.890771791930377865e-06
1.035789373389854314e-08
1.140289859015214055e-08
3.050597804447709237e-05
4.995670491430431737e-09
-2.543551683512057515e-08
-2.999293635793550392e-05
-5.273734212220618223e-08
-5.805799669494904336e-08
3.597189962298476956e-02
5.890771791930377865e-06
-2.999293635793550392e-05
-3.536693347425278605e-02
-6.349685390873123026e-05
-6.845988763715190760e-05
6.325030526206714906e-05
1.035789373389854314e-08
-5.273734212220618223e-08
-6.218657790873123603e-05
-1.093442402885624464e-07
2.282908052400785259e-06
6.963160945519831515e-05
1.140289859015214055e-08
-5.805799669494904336e-08
-6.846056297048524390e-05
-1.203759475992154972e-07
-1.325206406607021270e-07
-2.847703984682501896e-02
-3.974906079225540029e-05
7.497690495762425358e-05
2.816859497797782885e-02
2.626312652942477786e-06
-9.564260619487471309e-06
2.048539820774458807e-05
-1.473648740535349333e-08
5.258472511330473768e-08
-2.026351362994449027e-05
-1.889278542638317404e-09
6.880198526843742807e-09
-7.309882304237666712e-05
5.258476677995316782e-08
-1.876402167775769809e-07
7.230706389158448461e-05
6.741584280812963278e-09
-2.455087320773200648e-08
2.816859497797782885e-02
-2.026351362994449027e-05
7.230706389158448461e-05
-2.786349098436314772e-02
-2.600719133709533443e-06
9.458649737248927587e-06
2.626312652942477786e-06
-1.889278542638317404e-09
6.741584280812963278e-09
-2.597866133709535793e-06
-2.422133067031539966e-10
8.820698737936095990e-10
-9.564260619487471309e-06
6.880198526843742807e-09
-2.455087320773200648e-08
9.460666737248925030e-06
8.820698737936095990e-10
-3.212239823272252976e-09
-2.771312163209765228e-02
-6.505857480568617542e-05
6.644186737018470564e-05
2.674558733086684209e-02
4.885060696363237136e-06
-4.416218839425374446e-06
5.393668369431401982e-05
-1.049743109575640603e-07
1.070177339556920623e-03
-5.205361933723194232e-05
-9.507553022507625451e-09
8.595069227098232480e-09
-5.996340090603179650e-05
1.167038138462727292e-07
-1.297439348758313519e-07
5.786992879685406115e-05
1.056989743803410709e-08
-9.555455503121177256e-09
2.674558733086684209e-02
-5.205361933723194232e-05
5.786992879685406115e-05
-2.581183206891157420e-02
-6.605815252498120789e-05
-4.526532522493684652e-05
4.885060696363237136e-06
-9.507553022507625451e-09
1.056989743803410709e-08
-4.714511024981224668e-06
-8.611017589799475832e-10
-3.528542135889109553e-09
-4.416218839425374446e-06
8.595069227098232480e-09
-9.555455503121177256e-09
4.262037608396493653e-06
7.784578638145216796e-10
-7.037456501077188028e-10
-4.508294096893247782e-01
-1.789916151445198889e+00
4.306590810312813100e-01
-1.033560202796625221e-01
4.617400790278460843e-01
-1.256469033493717302e-01
2.671729296637317397e-01
1.447593556675663473e+00
-3.221756830964511709e-01
-1.695537021831865054e+00
5.558131417242347716e+00
-6.046309807377091561e-01
1.430639796912481498e-01
2.287202196582205360e-01
-4.550450386731255681e-02
1.906187548324104419e+00
-6.202255737902506283e+00
1.014821333157826411e+00
4.002560196373892709e-01
-3.305879759047600230e-01
-7.052053896272553191e-02
3.777780560395607723e-02
-1.831040754312365793e-01
4.844661763255812131e-02
-3.848607350170417107e-01
5.282721132867379543e-01
-7.705405914996146799e-02
-1.033560202796625221e-01
1.430639796912481498e-01
3.777780560395607723e-02
3.198244718747509374e-01
-1.274670889687488928e-02
2.784347616463550210e-02
-2.096728779800591247e-03
6.488989240634882028e-02
-2.113888172862451731e-01
4.617400790278460843e-01
2.287202196582205360e-01
-1.831040754312365793e-01
-2.008336585154162079e-02
-2.716195370761398387e-01
6.966486494489965153e-02
-3.685011657754806436e-01
-5.749525000247857065e-02
9.216893137351551968e-02
-1.256469033493717302e-01
-4.550450386731255681e-02
4.844661763255812131e-02
1.995169178612518288e-02
6.927347081668344675e-02
-1.697435637890138543e-02
9.709166877641034477e-02
1.014052936406189750e-02
-3.212993252544859429e-02
2.671729296637317397e-01
1.906187548324104419e+00
-3.848607350170417107e-01
-2.096728779800591247e-03
-3.685011657754806436e-01
9.709166877641034477e-02
-5.675819619923330034e-02
-2.022778588909922348e+00
-1.238705799281282771e-01
1.447593556675663473e+00
-6.202255737902506283e+00
5.282721132867379543e-01
6.488989240634882028e-02
-5.749525000247857065e-02
1.014052936406189750e-02
-1.819012705974920152e+00
6.915462033219401228e+00
-1.393312795202232612e+00
-3.221756830964511709e-01
1.014821333157826411e+00
-7.705405914996146799e-02
-2.113888172862451731e-01
9.216893137351551968e-02
-3.212993252544859429e-02
4.357004435284111965e-01
-1.324702063459230583e+00
3.603533932142978791e-01
4.331637982690195177e-01
-9.656327341781234530e-03
8.772644623984336004e-03
-4.394711715291261811e-01
1.232297929816882770e-02
-2.085639171780286072e-02
-2.958574646085132542e-02
-7.740185822951476183e-03
1.218762788121207502e-02
1.047998318688535963e-02
4.945134337364317373e-02
-5.000595493037729433e-02
-1.363887918844077472e-02
-1.316615210332663238e-02
1.906299608330902506e-02
5.420103872164233963e-03
-2.377781231638972925e-02
3.420489547617689557e-02
1.549989796019293070e-02
-5.722534519206300824e-02
7.122066509057133066e-02
-3.314648706861150675e-03
2.176533733336788803e-02
-3.164556459909885489e-02
-1.865878711181808911e-02
2.331640660646677743e-02
-3.263639978684546722e-02
-4.394711715291261811e-01
-1.363887918844077472e-02
-3.314648706861150675e-03
4.705437332720844301e-01
4.686611865997320978e-03
-3.053541217171910991e-05
9.513969267753757042e-04
-1.795310413302804572e-03
3.821659752628127175e-03
1.232297929816882770e-02
-1.316615210332663238e-02
2.176533733336788803e-02
3.636010793330659695e-03
1.361376867785687311e-02
-1.979203631291665336e-02
-2.046361633727721008e-02
-6.994653605614630908e-04
2.485321435474971159e-03
-2.085639171780286072e-02
1.906299608330902506e-02
-3.164556459909885489e-02
-2.042156312429978422e-03
-1.971129196522050306e-02
2.856210335285326932e-02
2.964616940404928014e-02
9.552382036474937974e-04
-3.507206054344545916e-03
-2.958574646085132542e-02
5.420103872164233963e-03
-1.865878711181808911e-02
9.513969267753757042e-04
-2.046361633727721008e-02
2.964616940404928014e-02
3.639729365678147366e-02
1.333032484022293393e-02
-2.187682978464264641e-02
-7.740185822951476183e-03
-2.377781231638972925e-02
2.331640660646677743e-02
-1.795310413302804572e-03
-6.994653605614630908e-04
9.552382036474937974e-04
1.057836757422293307e-02
1.647187864460341461e-02
-4.186691556073410259e-02
1.218762788121207502e-02
3.420489547617689557e-02
-3.263639978684546722e-02
3.821659752628127175e-03
2.485321435474971159e-03
-3.507206054344545916e-03
-1.799391626410532311e-02
-2.474601052767907983e-02
3.732907297739796598e-02
5.086915265294674748e-01
-2.675432383782043455e-02
7.794805838637495522e-03
-5.283835482087197999e-01
1.022087362993562808e-03
-2.730400470676527715e-03
-1.204898502831182328e-02
-2.674659882325558773e-03
3.567444960876040971e-03
1.787229651512900258e-03
5.481564765281856516e-02
-1.940271913631191197e-02
-3.813658162198473988e-03
-1.033265631683074996e-02
1.323647468140932981e-02
8.057238273569562390e-03
-1.769425498102920880e-02
1.708122438216139877e-02
1.842469798530743316e-02
-3.010070138794275832e-02
5.862633365758404547e-02
-1.217158044767312729e-02
1.140957556501462009e-02
-2.154884282234385828e-02
-1.376648713840594902e-02
1.587676820449233223e-02
-3.462679304520398238e-02
-5.283835482087197999e-01
-3.813658162198473988e-03
-1.217158044767312729e-02
5.497463692866277896e-01
3.003681727341375729e-03
8.889303865472863823e-04
1.096277526451287440e-02
4.298352609525318314e-03
-7.926564413465743072e-03
1.022087362993562808e-03
-1.033265631683074996e-02
1.140957556501462009e-02
1.168175280080407897e-04
2.732460039875758001e-03
-4.142863012909133932e-03
-2.771019054462553824e-03
4.187372835893151540e-03
-6.697301309385815700e-03
-2.730400470676527715e-03
1.323647468140932981e-02
-2.154884282234385828e-02
3.467594862505184519e-04
-4.449512460952308526e-03
8.063887453887502721e-03
5.059831666253313681e-03
-6.396226801408409768e-03
1.278931362639127399e-02
-1.204898502831182328e-02
8.057238273569562390e-03
-1.376648713840594902e-02
1.096277526451287440e-02
-2.771019054462553824e-03
5.059831666253313681e-03
3.385710513797171584e-03
-2.496020187406068798e-03
-3.855792592470271007e-04
-2.674659882325558773e-03
-1.769425498102920880e-02
1.587676820449233223e-02
4.298352609525318314e-03
4.187372835893151540e-03
-6.396226801408409768e-03
-3.888828474739401860e-03
6.661913318062679702e-03
-3.518098304973184959e-02
3.567444960876040971e-03
1.708122438216139877e-02
-3.462679304520398238e-02
-7.926564413465743072e-03
-6.697301309385815700e-03
1.278931362639127399e-02
7.878771863053413149e-03
-9.353077858679847284e-03
2.089362006004169200e-02
4.551049731870053239e-01
-1.901167382120098198e-02
1.600388298876234336e-02
-4.588763302660910370e-01
8.752189086457846587e-03
-1.677645657649923586e-02
-1.726016077021421541e-02
-9.395594039214200414e-04
1.028294154651926157e-03
-1.200689947953430085e-02
3.125288076754232508e-02
-1.804147346879038383e-02
3.360316562473380283e-04
-8.669683297630837587e-03
1.142884552001179402e-02
7.266835189833691436e-03
-7.474027518165391078e-03
9.018588915673652479e-03
2.602889279619816781e-02
-2.184702225210121557e-02
3.181752430098126749e-02
-7.107078774157386813e-03
1.512051328464033076e-02
-2.824183123197870210e-02
-2.010307567165266554e-02
4.671712293229680728e-03
-7.376078115114965625e-03
-4.588763302660910370e-01
3.360316562473380283e-04
-7.107078774157386813e-03
4.749094220554096468e-01
2.511255198406071084e-03
-1.513915459004532959e-03
4.702797823147460664e-03
3.518131409008298013e-03
-5.350852140697896601e-03
8.752189086457846587e-03
-8.669683297630837587e-03
1.512051328464033076e-02
5.727596590727511774e-04
7.407684407103287162e-03
-1.434249547605153004e-02
-1.025747219178947851e-02
1.802159092778310000e-03
-3.143941393596674273e-03
-1.677645657649923586e-02
1.142884552001179402e-02
-2.824183123197870210e-02
-1.086877655366823943e-03
-1.435064524503785154e-02
2.916572111149639060e-02
2.107955066806313851e-02
-2.125019252616260068e-03
4.729956004525710106e-03
-1.726016077021421541e-02
7.266835189833691436e-03
-2.010307567165266554e-02
4.702797823147460664e-03
-1.025747219178947851e-02
2.107955066806313851e-02
1.533620961115566943e-02
-1.653215196521263869e-03
-3.169972153259905702e-03
-9.395594039214200414e-04
-7.474027518165391078e-03
4.671712293229680728e-03
3.518131409008298013e-03
1.802159092778310000e-03
-2.125019252616260068e-03
-1.247307740187928544e-03
1.829910367857563117e-03
-1.435067606025634303e-02
1.028294154651926157e-03
9.018588915673652479e-03
-7.376078115114965625e-03
-5.350852140697896601e-03
-3.143941393596674273e-03
4.729956004525710106e-03
3.090257175101459274e-03
-2.163006868804689085e-03
2.745463951129204112e-03
4.774402136757147641e-01
-1.377982576185353761e-02
2.694109393677972947e-02
-4.858110950819289342e-01
4.029371121338868982e-03
-9.926162760145511299e-03
-1.253442137351723322e-03
6.226251749591300844e-03
-1.609135503833602002e-02
-2.861862959520199146e-03
1.677277237420406056e-03
4.579061305454241917e-04
-5.015591399697850138e-03
-3.929076990977329806e-03
9.742942657816115043e-03
7.749867548602548499e-03
3.327350637579770849e-03
-8.788767616905668323e-03
2.469615708952906108e-02
-2.466874857912517045e-03
6.536229052687425340e-04
5.932476570877252484e-04
1.039705657125852833e-02
-2.562455465340403998e-02
-2.197237874144566949e-02
-1.103281483543789264e-02
2.911379889088360276e-02
-4.858110950819289342e-01
-5.015591399697850138e-03
5.932476570877252484e-04
4.766299616438351983e-01
-4.455721004778622971e-03
9.035881062654340865e-03
6.372866840225719330e-03
2.836256888636336931e-03
-7.698140803295895965e-03
4.029371121338868982e-03
-3.929076990977329806e-03
1.039705657125852833e-02
-3.407093250778638234e-03
3.416687952398162354e-03
-8.869540370794980200e-03
-4.626092153716719092e-03
2.948939833167114324e-04
-7.278282469331300020e-04
-9.926162760145511299e-03
9.742942657816115043e-03
-2.562455465340403998e-02
7.795226580644835750e-03
-8.661750872602201612e-03
2.194202664238579029e-02
1.191586997866815080e-02
-4.639019418616490732e-04
1.100412713290441951e-03
-1.253442137351723322e-03
7.749867548602548499e-03
-2.197237874144566949e-02
6.372866840225719330e-03
-4.626092153716719092e-03
1.191586997866815080e-02
4.254124717619959736e-03
-3.423449907005241596e-03
9.330921315558987628e-03
6.226251749591300844e-03
3.327350637579770849e-03
-1.103281483543789264e-02
2.836256888636336931e-03
2.948939833167114324e-04
-4.639019418616490732e-04
-3.436781388171907241e-03
-4.565569507549515661e-03
1.070176749995530724e-02
-1.609135503833602002e-02
-8.788767616905668323e-03
2.911379889088360276e-02
-7.698140803295895965e-03
-7.278282469331300020e-04
1.100412713290441951e-03
8.962366846116355187e-03
1.199364437127022065e-02
-3.150629748251621010e-02
4.746071102765045957e-01
-5.734152535150602997e-02
5.487852048755508666e-02
7.126838348005420931e-02
-1.095331378896070504e-02
-6.853008637537954563e-03
-2.526776732827520910e-01
1.778154188757642001e-02
1.864826957231932036e-01
-2.514197966143666974e-01
-2.812451917000617294e-02
-1.944396637620139645e-01
1.366317201493858630e-03
1.202829438097535286e+00
6.770824068946017515e-01
1.426577578730994778e-01
-1.045692093321942462e+00
-4.274982749492249878e-01
5.521466958539494874e-02
8.282038633668373229e-03
-4.889556810746752830e-02
-4.672687410381023976e-02
8.895674711133040591e-03
-4.003954072117160701e-02
2.218219426655483953e-02
7.571627093192679903e-01
6.854047148895603403e-01
-5.874753793145150171e-03
-5.553064475005208278e-01
-2.869146636518548066e-01
1.488031459135919221e-01
-2.635702038865263969e-02
-1.285586927473164609e-01
-1.568564381998886481e-01
-2.872168460858268851e-02
-1.379056789720541354e-01
7.126838348005420931e-02
1.426577578730994778e-01
-5.874753793145150171e-03
8.941799465285649173e-02
-2.315703197276838265e-01
1.069630030102617785e-01
-1.163398804172360163e-01
1.378382662573788935e-02
8.085640064959809248e-02
4.541263979486580282e-02
9.502746029893207116e-03
2.658960782276750118e-02
-1.095331378896070504e-02
-1.045692093321942462e+00
-5.553064475005208278e-01
-1.916713600330173795e-01
9.806860198927555006e-01
2.353588962289796527e-01
4.736451826412295396e-02
-1.835489674408514668e-02
-2.592317551726922367e-02
-4.917448007113803948e-02
-2.032267629061198025e-02
-2.915276471013045906e-02
-6.853008637537954563e-03
-4.274982749492249878e-01
-2.869146636518548066e-01
-4.661126703207139899e-02
3.671283190583132794e-01
1.544404739558921935e-01
-2.215386622340273157e-02
3.407089819855804204e-04
1.977990954802186230e-02
2.338683031904826085e-02
2.954866508320656729e-04
2.105306521628876049e-02
-2.526776732827520910e-01
5.521466958539494874e-02
1.488031459135919221e-01
-1.163398804172360163e-01
4.736451826412295396e-02
-2.215386622340273157e-02
2.609115370742208229e-01
-8.781668938298660410e-03
-1.663374941406273455e-01
-4.172442722666753426e-04
2.567127388841008648e-03
3.002270572921644093e-02
1.778154188757642001e-02
8.282038633668373229e-03
-2.635702038865263969e-02
1.378382662573788935e-02
-1.835489674408514668e-02
3.407089819855804204e-04
-1.784233711796542540e-02
9.064968346930159585e-03
2.168937364159841119e-02
-4.332755158777463166e-03
4.934683519817931359e-03
1.111593330677631414e-02
1.864826957231932036e-01
-4.889556810746752830e-02
-1.285586927473164609e-01
8.085640064959809248e-02
-2.592317551726922367e-02
1.977990954802186230e-02
-1.690726228670088038e-01
2.193398319175115380e-02
1.653082716354884740e-01
-3.332879899914557853e-02
1.112810014445943588e-02
-1.118406585667417082e-03
-2.514197966143666974e-01
-4.672687410381023976e-02
-1.568564381998886481e-01
4.541263979486580282e-02
-4.917448007113803948e-02
2.338683031904826085e-02
-4.172442722666753426e-04
-4.332755158777463166e-03
-3.332879899914557853e-02
2.815010880207141075e-01
-5.467989026124496152e-03
1.787121197954639473e-01
-2.812451917000617294e-02
8.895674711133040591e-03
-2.872168460858268851e-02
9.502746029893207116e-03
-2.032267629061198025e-02
2.954866508320656729e-04
2.567127388841008648e-03
4.934683519817931359e-03
1.112810014445943588e-02
2.281584290020872638e-02
9.726645431544864856e-03
2.182871195554979965e-02
-1.944396637620139645e-01
-4.003954072117160701e-02
-1.379056789720541354e-01
2.658960782276750118e-02
-2.915276471013045906e-02
2.105306521628876049e-02
3.002270572921644093e-02
1.111593330677631414e-02
-1.118406585667417082e-03
1.804715727561779226e-01
2.596037682967088089e-02
1.712926750655381913e-01
3.012176167356646062e-01
-8.621182003134270078e-02
4.800138890245416595e-02
-2.539918121703714157e-02
1.459923751974085727e-02
-5.021594564291654086e-03
-1.292734380054106624e-01
3.082778156633598013e-03
-1.403668068644307598e-01
-1.307483703017895127e-01
8.483649989771802069e-02
1.101884898289538922e-01
-8.349984196534274150e-02
3.566923934487041259e-01
5.247147357956408881e-02
-2.791514085243490192e-02
-2.100967552210276645e-01
6.223299491347265150e-02
1.149048786935808440e-02
-4.093344214317676255e-02
1.003534591117609745e-02
1.174971505132077904e-01
-1.277286496880180033e-01
-1.275823748890433929e-01
3.297342270165649208e-02
5.921265910260713194e-02
5.704576375026912949e-01
1.085819639064515910e-02
5.644031679579530197e-02
-7.081075512732547261e-02
-1.861210122600756023e-01
-6.250215720083334911e-03
-2.954850519516820095e-01
1.426237934401502205e-01
-1.103651568261525828e-01
-2.059939464288672306e-01
-2.539918121703714157e-02
-2.791514085243490192e-02
1.085819639064515910e-02
1.553744972448349755e-02
-8.831561619007173569e-03
1.220468669733611611e-03
4.730965056974281583e-04
1.706792358891353820e-02
-8.686418374801951198e-03
-6.076063106985929484e-04
1.872437489091306057e-02
-3.881081049568337916e-03
1.459923751974085727e-02
-2.100967552210276645e-01
5.644031679579530197e-02
-1.018481449673841683e-03
2.203094822959155430e-01
-6.904324665013883422e-02
-5.611220913029956424e-03
9.225431087925667047e-04
2.410339651797896963e-03
-4.246191114034624479e-03
-1.650040727231109547e-02
9.030258856972754253e-03
-5.021594564291654086e-03
6.223299491347265150e-02
-7.081075512732547261e-02
2.382306699103900038e-03
-7.171775251055269307e-02
8.431913355915106323e-02
3.699040558721655107e-04
3.872326370266161027e-02
-1.260513445365561529e-02
1.215793204995925135e-03
-2.491971277840749135e-02
7.345042970308739150e-03
-1.292734380054106624e-01
1.149048786935808440e-02
-1.861210122600756023e-01
4.730965056974281583e-04
-5.611220913029956424e-03
3.699040558721655107e-04
1.168121232725323616e-01
-1.855278207556897152e-02
1.694442821388446319e-01
9.333025988455635052e-03
-1.768544146356303799e-04
1.960546884935053871e-02
3.082778156633598013e-03
-4.093344214317676255e-02
-6.250215720083334911e-03
1.706792358891353820e-02
9.225431087925667047e-04
3.872326370266161027e-02
-1.754560722256895758e-02
5.267983238519351186e-02
-9.451372623000961135e-03
-1.319510551890930652e-02
3.941576355751518108e-03
-1.648875036283842591e-02
-1.403668068644307598e-01
1.003534591117609745e-02
-2.954850519516820095e-01
-8.686418374801951198e-03
2.410339651797896963e-03
-1.260513445365561529e-02
1.650420211913061763e-01
-1.214580346178206066e-02
3.267383594520218981e-01
-1.634882174848515876e-02
-2.598723736617857688e-03
-2.541849962137260333e-02
-1.307483703017895127e-01
1.174971505132077904e-01
1.426237934401502205e-01
-6.076063106985929484e-04
-4.246191114034624479e-03
1.215793204995925135e-03
9.333025988455635052e-03
-1.319510551890930652e-02
-1.634882174848515876e-02
1.255606971633515256e-01
-1.132666612447976451e-01
-1.252365173095171536e-01
8.483649989771802069e-02
-1.277286496880180033e-01
-1.103651568261525828e-01
1.872437489091306057e-02
-1.650040727231109547e-02
-2.491971277840749135e-02
-1.768544146356303799e-04
3.941576355751518108e-03
-2.598723736617857688e-03
-1.191090849817976471e-01
1.608849055854019994e-01
1.332727702797097402e-01
1.101884898289538922e-01
-1.275823748890433929e-01
-2.059939464288672306e-01
-3.881081049568337916e-03
9.030258856972754253e-03
7.345042970308739150e-03
1.960546884935053871e-02
-1.648875036283842591e-02
-2.541849962137260333e-02
-1.249951006866691083e-01
1.337287860121964267e-01
2.254824745642741990e-01
2.830650447689195270e-01
-9.695522855696883657e-02
2.013093754896162421e-02
-1.948828630479946741e-02
7.391375370250872871e-03
-1.146054689836595048e-03
-1.329634647325916019e-01
2.416610892655813442e-02
-1.408426487347837486e-01
-1.326986983686457566e-01
7.021568947092646229e-02
1.240322577206730975e-01
-9.867613330963555252e-02
1.248533059075400131e-01
7.790027020549460113e-02
-1.906323612921112867e-02
1.932767501918772335e-02
-9.076748536154925079e-03
3.145140258722321086e-02
-4.716016175115206321e-02
4.041070383079861661e-02
9.469122168270636963e-02
-1.007213043990441287e-01
-1.129311898309382639e-01
1.926918558695709521e-02
7.692641349099088588e-02
5.638051016786024272e-01
3.672255025306052530e-03
-8.861988649908766891e-03
-3.275694688421258022e-02
-1.844347030328943593e-01
3.048499767463902499e-02
-2.952537296931824762e-01
1.614222462610666597e-01
-1.021857946629813191e-01
-2.410365435773600129e-01
-1.948828630479946741e-02
-1.906323612921112867e-02
3.672255025306052530e-03
9.675982364329220944e-03
-4.546597831255640154e-03
1.579994621221787483e-03
4.560455923113286049e-03
1.196924427148899663e-02
-2.105826004479975731e-03
4.145445386393035829e-03
1.190424827619939938e-02
-2.129713619988393182e-03
7.391375370250872871e-03
1.932767501918772335e-02
-8.861988649908766891e-03
-4.700118748588974320e-03
-1.007426610762846529e-02
5.217821401340055031e-03
-2.377229755675239198e-03
-3.831595997636163165e-04
2.094327428373645740e-04
-4.407890566844593211e-03
-7.106941751150203102e-03
4.813966780655451992e-03
-1.146054689836595048e-03
-9.076748536154925079e-03
-3.275694688421258022e-02
1.157993976438643872e-03
5.768390692285099881e-03
2.550476837329517660e-02
4.729972386861474101e-03
2.243990630548057391e-02
1.825608720741978734e-03
-3.222012196900116664e-03
-1.742162907630048427e-02
8.659922653288238195e-03
-1.329634647325916019e-01
3.145140258722321086e-02
-1.844347030328943593e-01
4.560455923113286049e-03
-2.377229755675239198e-03
4.729972386861474101e-03
1.192817398745676799e-01
-3.320599352198988496e-02
1.597233152932054367e-01
9.437830481318795067e-03
8.357947684800852862e-04
1.913725474525876380e-02
2.416610892655813442e-02
-4.716016175115206321e-02
3.048499767463902499e-02
1.196924427148899663e-02
-3.831595997636163165e-04
2.243990630548057391e-02
-3.048029265165654381e-02
4.910131922593522630e-02
-3.736617980733364375e-02
-6.327517140725107299e-03
1.442814577677092088e-03
-1.184077977499878309e-02
-1.408426487347837486e-01
4.041070383079861661e-02
-2.952537296931824762e-01
-2.105826004479975731e-03
2.094327428373645740e-04
1.825608720741978734e-03
1.608815292294773491e-01
-3.735080426785900021e-02
3.235205497209307501e-01
-1.877003350117814606e-02
1.615193047561172893e-03
-2.966804217620035156e-02
-1.326986983686457566e-01
9.469122168270636963e-02
1.614222462610666597e-01
4.145445386393035829e-03
-4.407890566844593211e-03
-3.222012196900116664e-03
9.437830481318795067e-03
-6.327517140725107299e-03
-1.877003350117814606e-02
1.204877885441525548e-01
-8.499933579564986075e-02
-1.409260547588771506e-01
7.021568947092646229e-02
-1.007213043990441287e-01
-1.021857946629813191e-01
1.190424827619939938e-02
-7.106941751150203102e-03
-1.742162907630048427e-02
8.357947684800852862e-04
1.442814577677092088e-03
1.615193047561172893e-03
-8.613428377898317556e-02
1.056779545201196185e-01
1.178259265035126457e-01
1.240322577206730975e-01
-1.129311898309382639e-01
-2.410365435773600129e-01
-2.129713619988393182e-03
4.813966780655451992e-03
8.659922653288238195e-03
1.913725474525876380e-02
-1.184077977499878309e-02
-2.966804217620035156e-02
-1.410448124093431621e-01
1.171455218693519262e-01
2.639402469737782142e-01
2.799354498965392901e-01
-1.085949146775215812e-01
1.571728413306935912e-02
-1.561331803790366041e-02
4.790785126901788218e-03
-7.625465275550187810e-04
-1.316930906821883185e-01
3.200704829129855100e-02
-1.409072093202558551e-01
-1.319210552126061364e-01
6.990360271050738428e-02
1.262562897566666953e-01
-1.055594785391882062e-01
1.006454114316655546e-01
6.469748051576983128e-02
-1.630983239825411005e-02
3.189662773417318437e-02
-8.171047375161851964e-03
3.701105297485592083e-02
-4.616524211737105254e-02
4.542318805110112656e-02
8.664118973263187917e-02
-8.937459112777459969e-02
-1.050395577556350463e-01
1.507984953736148624e-02
6.717861654813069017e-02
5.676012737525011342e-01
2.397388729521877666e-03
-8.437797872078971889e-03
-2.373388972191235735e-02
-1.830465037159405006e-01
4.365242014198374154e-02
-2.932291871864315391e-01
1.653088754410048933e-01
-1.024653630524241799e-01
-2.499591110972049779e-01
-1.561331803790366041e-02
-1.630983239825411005e-02
2.397388729521877666e-03
6.992398743407847797e-03
-1.412726159997510899e-03
2.228390236997100128e-04
4.170423656120013714e-03
9.020646249196961897e-03
-7.156543625122153713e-04
4.100741138825464774e-03
8.884887511511100136e-03
-1.745494761680052576e-03
4.790785126901788218e-03
3.189662773417318437e-02
-8.437797872078971889e-03
-1.062464116664178695e-03
-3.110329702381068109e-02
6.713691867123023488e-03
-1.933166483420843988e-03
1.708095061824953763e-03
-1.151921991376941455e-03
-2.668919837966561223e-03
-2.206286616406681785e-03
3.187698128875861899e-03
-7.625465275550187810e-04
-8.171047375161851964e-03
-2.373388972191235735e-02
2.820624893116439619e-04
6.648571543376893649e-03
1.489234170781255674e-02
3.386867154697181716e-03
1.492905396746539194e-02
3.153863775345049254e-03
-2.732643269888649067e-03
-1.339812881305972592e-02
6.854574294278405026e-03
-1.316930906821883185e-01
3.701105297485592083e-02
-1.830465037159405006e-01
4.170423656120013714e-03
-1.933166483420843988e-03
3.386867154697181716e-03
1.185991308873956956e-01
-3.634854127530692813e-02
1.593174942214928558e-01
8.716494533369194275e-03
1.031915825454177236e-03
1.916786662079254105e-02
3.200704829129855100e-02
-4.616524211737105254e-02
4.365242014198374154e-02
9.020646249196961897e-03
1.708095061824953763e-03
1.492905396746539194e-02
-3.680217370364025770e-02
4.523738878951574782e-02
-4.582988791617637753e-02
-4.641108015463167764e-03
5.913065204253402938e-04
-1.096564941918309714e-02
-1.409072093202558551e-01
4.542318805110112656e-02
-2.932291871864315391e-01
-7.156543625122153713e-04
-1.151921991376941455e-03
3.153863775345049254e-03
1.600004745076710477e-01
-4.604071490985502113e-02
3.181661729466939148e-01
-1.851994090869706414e-02
1.991387395302301154e-03
-3.004744891778364166e-02
-1.319210552126061364e-01
8.664118973263187917e-02
1.653088754410048933e-01
4.100741138825464774e-03
-2.668919837966561223e-03
-2.732643269888649067e-03
8.716494533369194275e-03
-4.641108015463167764e-03
-1.851994090869706414e-02
1.189430873457003324e-01
-8.083340972728945972e-02
-1.437792795350275599e-01
6.990360271050738428e-02
-8.937459112777459969e-02
-1.024653630524241799e-01
8.884887511511100136e-03
-2.206286616406681785e-03
-1.339812881305972592e-02
1.031915825454177236e-03
5.913065204253402938e-04
1.991387395302301154e-03
-8.033370047528945457e-02
9.240168254852934582e-02
1.132068075632112758e-01
1.262562897566666953e-01
-1.050395577556350463e-01
-2.499591110972049779e-01
-1.745494761680052576e-03
3.187698128875861899e-03
6.854574294278405026e-03
1.916786662079254105e-02
-1.096564941918309714e-02
-3.004744891778364166e-02
-1.434511919307272232e-01
1.126644792749982166e-01
2.733763428542749230e-01
5.643551794254093590e-01
-1.423610014066289259e-02
9.348837965720557808e-03
-5.643642182899866189e-01
1.063488242008912496e-03
-1.640785732579076034e-03
1.118921400503737314e-03
2.218434677500548315e-06
9.376157800193679961e-03
-1.118939321450288698e-03
2.108529870165987488e-06
-3.253111403469285262e-06
-4.376865744461048979e-04
-8.677813063268091653e-07
3.394485324111073954e-07
4.376935845521318091e-04
-8.247900304620206513e-07
1.272514035154798107e-06
-5.643642182899866189e-01
-1.118939321450288698e-03
4.376935845521318091e-04
5.643732572993330754e-01
-1.641852681628969135e-02
-8.145712528321288892e-03
1.063488242008912496e-03
2.108529870165987488e-06
-8.247900304620206513e-07
-1.063505275123058195e-03
2.004069922828706496e-06
-9.380117528553727144e-03
-1.640785732579076034e-03
-3.253111403469285262e-06
1.272514035154798107e-06
1.640812011845373813e-03
-3.091947053712566784e-06
4.770360791116895482e-06
8.184313388067207193e-03
6.041485597131316266e-04
2.372062088053047849e-04
-8.184300811574472811e-03
-2.058185778118529164e-04
8.728115580487456979e-05
2.055396143797982010e-04
5.161890934010648913e-06
5.841860965578277534e-06
-2.055392985356489181e-04
-5.168896779692011556e-06
2.191965807774934869e-06
8.735130930530587989e-05
2.193727632244940888e-06
9.323019385727372019e-07
-8.735117507619670181e-05
-2.196705013479024180e-06
9.315531891295350821e-07
-8.184300811574472811e-03
-2.055392985356489181e-04
-8.735117507619670181e-05
8.184288235100993861e-03
6.044272068723616264e-04
-2.371359211835647569e-04
-2.058185778118529164e-04
-5.168896779692011556e-06
-2.196705013479024180e-06
2.058182615390282549e-04
5.175912133802140769e-06
-5.843074131134978386e-06
8.728115580487456979e-05
2.191965807774934869e-06
9.315531891295350821e-07
-8.728102168356586545e-05
-2.194940797801614636e-06
9.308050409841978781e-07
-1.160744152184803452e-01
1.304447125340216316e-03
-1.073658984250014403e-04
1.160744155690351387e-01
5.078301866721752437e-04
1.077836628779066397e-04
-5.077913336597823703e-04
-2.221437325852781974e-06
4.726826625864544210e-07
5.077913351933670445e-04
2.221607296237770868e-06
4.715217372888986167e-07
1.080917672415841681e-04
4.728696030458606014e-07
-1.006581001101614978e-07
-1.080917675680308286e-04
-4.729057839815263936e-07
-1.003711847830609279e-07
1.160744155690351387e-01
5.077913351933670445e-04
-1.080917675680308286e-04
-1.160744159195903902e-01
1.304408270794145310e-03
1.076740024631615237e-04
5.078301866721752437e-04
2.221607296237770868e-06
-4.729057839815263936e-07
-5.078301882058533761e-04
-2.221777279862169330e-06
-4.713708749343174283e-07
1.077836628779066397e-04
4.715217372888986167e-07
-1.003711847830609279e-07
-1.077836632034240847e-04
-4.715578152315203992e-07
-1.000850870419234561e-07
-1.534639813320932411e-01
-1.346402447165104006e-04
9.590354970766398410e-05
1.534639813262895502e-01
-4.352274517673328111e-06
-5.411139111077131513e-06
4.343934450156073718e-06
-1.229590596008023340e-10
-2.178646578035045784e-05
-4.343934450030191917e-06
1.231950097491107954e-10
1.531671609409832567e-10
-4.994610055278094630e-06
1.413768447336384224e-10
-1.625535359681269694e-10
4.994610055089217295e-06
-1.416483156524352572e-10
-1.761096803413211349e-10
1.534639813262895502e-01
-4.343934450030191917e-06
4.994610055089217295e-06
-1.534639813204863312e-01
-1.346319046491578500e-04
-9.548702065201251899e-05
-4.352274517673328111e-06
1.231950097491107954e-10
-1.416483156524352572e-10
4.352274517508644577e-06
-1.234316399090218397e-10
2.178645369629059696e-05
-5.411139111077131513e-06
1.531671609409832567e-10
-1.761096803413211349e-10
5.411139110872556115e-06
-1.534611686180740661e-10
-1.907965919028079325e-10
-7.157136752967521720e-02
8.057883710726229909e-06
-2.473468679125715979e-05
7.157136752268597468e-02
-8.424229571419009168e-07
2.046594600339636749e-05
8.447002107262710969e-07
-9.969295167020198306e-12
-3.342194432503560662e-09
-8.447002106132212093e-07
9.942430388588010184e-12
-2.415433947780048882e-10
2.037287754144102037e-05
-2.404449798170593960e-10
-5.799164541099837561e-09
-2.037287753945142806e-05
2.397967067800112457e-10
-5.825656646968752897e-09
7.157136752268597468e-02
-8.447002106132212093e-07
-2.037287753945142806e-05
-7.157136751569678768e-02
8.055606457071801739e-06
2.464161833130029203e-05
-8.424229571419009168e-07
9.942430388588010184e-12
2.397967067800112457e-10
8.424229570718473746e-07
-9.915629397641873151e-12
3.342641609740329275e-09
2.046594600339636749e-05
-2.415433947780048882e-10
-5.825656646968752897e-09
-2.046594600139789490e-05
2.408921570284170201e-10
-5.852269697829564103e-09
3.292558855226615844e+00
1.617806187822124625e-02
2.011885801844202210e-02
-3.292554805252429606e+00
5.615646633737114007e-02
-1.355303536341281520e-02
-5.771694175761210577e-02
1.011749679299788233e-03
2.570867082816929647e-04
5.771687076355089957e-02
-9.843953105838536624e-04
2.375780622625774802e-04
-1.212101827693353243e-02
2.124755051296457406e-04
4.462155136170098402e-05
1.212100336761423071e-02
-2.067308694463426341e-04
4.989328864540842901e-05
-3.292554805252429606e+00
5.771687076355089957e-02
1.212100336761423071e-02
3.292550755283226049e+00
1.773860637307811752e-02
-1.868685760271809188e-02
5.615646633737114007e-02
-9.843953105838536624e-04
-2.067308694463426341e-04
-5.615639726275526572e-02
9.577805136254040168e-04
-2.757659395200215413e-04
-1.355303536341281520e-02
2.375780622625774802e-04
4.989328864540842901e-05
1.355301869265746265e-02
-2.311547363679760519e-04
5.578784636456335377e-05
6.221277545064689551e-01
-6.779106560140014687e-04
-6.569392464754410157e-04
-6.221277544898148326e-01
1.086588707786928065e-04
-1.604636296458824012e-04
-1.086257196806684913e-04
1.896643707366418852e-08
7.648109163047966778e-05
1.086257196777461734e-04
-1.897222538793652546e-08
2.801752071161399057e-08
-1.619697181108827771e-04
2.828048912601908646e-08
4.216849257705818442e-08
1.619697181065459413e-04
-2.828911995652575069e-08
4.177638542371611860e-08
-6.221277544898148326e-01
1.086257196777461734e-04
1.619697181065459413e-04
6.221277544731605991e-01
-6.779438071091227784e-04
6.554331580061461150e-04
1.086588707786928065e-04
-1.897222538793652546e-08
-2.828911995652575069e-08
-1.086588707757897467e-04
1.897801545427957315e-08
-7.648083721262466600e-05
-1.604636296458824012e-04
2.801752071161399057e-08
4.177638542371611860e-08
1.604636296415878763e-04
-2.802607127090888522e-08
4.138792437674010021e-08
4.583437131462309716e-02
5.779257141887686380e-04
9.462485426115194682e-06
-4.583437133030545535e-02
-2.465087173724617728e-04
-5.507141464105196396e-05
2.464932798554355102e-04
1.325619513617426470e-06
-2.957061455506325453e-07
-2.464932799397860598e-04
-1.325702535442951913e-06
-2.961692989280720095e-07
-5.498879807389047086e-05
-2.957249941910273312e-07
6.597162414943571248e-08
5.498879809270465827e-05
2.957435151276596892e-07
6.607074172377816222e-08
-4.583437133030545535e-02
-2.464932799397860598e-04
5.498879809270465827e-05
4.583437134598770946e-02
5.779411517901418723e-04
-9.379868840111409625e-06
-2.465087173724617728e-04
-1.325702535442951913e-06
2.957435151276596892e-07
2.465087174568085819e-04
1.325785562125703088e-06
2.961689990188487128e-07
-5.507141464105196396e-05
-2.961692989280720095e-07
6.607074172377816222e-08
5.507141465989429997e-05
2.961878476592638275e-07
6.617000783682064341e-08
-9.526480437388899769e-02
2.219734604858039314e-05
4.162167775577213390e-06
9.526480439410700551e-02
2.998324024848401392e-05
2.360933443602894336e-05
-2.998284195142004335e-05
-9.436547083926873146e-09
7.053270801113728210e-09
2.998284195780028514e-05
9.436672387474722168e-09
7.430603019126761324e-09
2.386881844224385046e-05
7.512270801114910424e-09
-5.980387974332396217e-09
-2.386881844730948696e-05
-7.512370613084316838e-09
-5.915373642089924444e-09
9.526480439410700551e-02
2.998284195780028514e-05
-2.386881844730948696e-05
-9.526480441432522150e-02
2.219694774516061260e-05
-3.902683774373142295e-06
2.998324024848401392e-05
9.436672387474722168e-09
-7.512370613084316838e-09
-2.998324025483981034e-05
-9.436797820043048269e-09
-6.971701707596923061e-09
2.360933443602894336e-05
7.430603019126761324e-09
-5.915373642089924444e-09
-2.360933444103978021e-05
-7.430701707600540494e-09
-5.851066086715386860e-09
-8.475631279101071558e-02
8.778014601094318375e-06
-6.914357235068895342e-06
8.475631279536596785e-02
5.484652993550279433e-06
7.128950673221305946e-06
-5.480557065572332634e-06
-3.543866830024675137e-10
4.778211419945064974e-10
5.480557065852994460e-06
3.546514907124600500e-10
4.609759432323160901e-10
7.343065598264486866e-06
4.748211419953799071e-10
-6.361839644496158908e-10
-7.343065598641797693e-06
-4.751760192721585678e-10
-6.176336235801018620e-10
8.475631279536596785e-02
5.480557065852994460e-06
-7.343065598641797693e-06
-8.475631279972127563e-02
8.773918672831641452e-06
7.128472159745706561e-06
5.484652993550279433e-06
3.546514907124600500e-10
-4.751760192721585678e-10
-5.484652993835008711e-06
-3.549165684519159980e-10
-4.643204448319645890e-10
7.128950673221305946e-06
4.609759432323160901e-10
-6.176336235801018620e-10
-7.128950673587675648e-06
-4.613204448345833498e-10
-5.996241608980951848e-10
3.444808334648605808e+00
-1.477253145452432810e-02
3.300956796910813063e-02
-3.444320896839858648e+00
4.563131418527519023e-01
-2.931087525443127895e-01
-4.714645252871908498e-01
6.452573757690624467e-02
7.557995473032989853e-02
4.713978134086808103e-01
-6.245208380449712715e-02
4.011554938655881308e-02
-2.762296862151125132e-01
3.780544089252556306e-02
2.215009722864136332e-02
2.761905999206417661e-01
-3.659049321322342674e-02
2.350358303765393009e-02
-3.444320896839858648e+00
4.713978134086808103e-01
2.761905999206417661e-01
3.443833528003200861e+00
4.434199489712718073e-04
-1.617197630966614105e-02
4.563131418527519023e-01
-6.245208380449712715e-02
-3.659049321322342674e-02
-4.562485738836956073e-01
6.044507072663321545e-02
-7.660087594125081223e-02
-2.931087525443127895e-01
4.011554938655881308e-02
2.350358303765393009e-02
2.930672778745544438e-01
-3.882636210344667105e-02
2.493977384865150859e-02
3.814307374400235373e-01
6.745443749049133322e-04
5.780318981278169182e-04
-3.814307374944883589e-01
3.125836516229256066e-04
-1.990979378591913713e-04
-3.125720205950820109e-04
2.561441919957108126e-07
-2.849896208288097798e-04
3.125720206398028569e-04
-2.561537233436439465e-07
1.631552956392681719e-07
-2.001055480388489306e-04
1.639810045233475178e-07
1.049790338872237247e-07
2.001055480674216965e-04
-1.639871063722456342e-07
1.044504231253374353e-07
-3.814307374944883589e-01
3.125720206398028569e-04
2.001055480674216965e-04
3.814307375489536245e-01
6.745327438324283083e-04
-5.790395082790435796e-04
3.125836516229256066e-04
-2.561537233436439465e-07
-1.639871063722456342e-07
-3.125836516675670890e-04
2.561632550454606694e-07
2.849904404665883810e-04
-1.990979378591913713e-04
1.631552956392681719e-07
1.044504231253374353e-07
1.990979378876220525e-04
-1.631613667449089561e-07
1.039244741620014273e-07
3.638831791848011997e-03
-9.000122601901484540e-05
6.726458488497553869e-04
-3.638832934611842609e-03
-8.943498570855476200e-05
5.795929715374843765e-05
8.943430898098597703e-05
2.198094355681384782e-06
-6.480919705626482887e-05
-8.943433706756005915e-05
-2.198110988121601550e-06
1.424509289386598334e-06
5.794669718308766620e-05
1.424199610401801006e-06
9.227740952376231576e-07
-5.794671538106829810e-05
-1.424210386969259844e-06
9.229747438694925142e-07
-3.638832934611842609e-03
-8.943433706756005915e-05
-5.794671538106829810e-05
3.638834077376036213e-03
-9.000052120466722674e-05
-6.726584670223535387e-04
-8.943498570855476200e-05
-2.198110988121601550e-06
-1.424210386969259844e-06
8.943501379533364990e-05
2.198127620691922579e-06
6.480887659836235951e-05
5.795929715374843765e-05
1.424509289386598334e-06
9.229747438694925142e-07
-5.795931535568604157e-05
-1.424520068304196671e-06
9.231754361616680432e-07
1.801684019551541338e+00
1.842637078404151712e-03
1.790880932554252689e-03
-1.629728709388476471e+00
6.103831149908069131e-03
-1.174986314013841231e-03
-4.040775733929214200e-03
9.062559446740509148e-06
-1.023490250726841145e-04
3.655118295062346253e-03
-1.368953297408489339e-05
2.635232445802288903e-06
-3.818904480745919337e-03
8.564951672150882163e-06
8.094666586804628253e-06
3.454422752904835227e-03
-1.293786694844573266e-05
2.490536881417698602e-06
-1.629728709388476471e+00
3.655118295062346253e-03
3.454422752904835227e-03
1.474185060966539673e+00
4.293702840543115948e-03
7.375715034743309494e-03
6.103831149908069131e-03
-1.368953297408489339e-05
-1.293786694844573266e-05
-5.521272739456852333e-03
2.067885062106804284e-05
3.732943056269808976e-04
-1.174986314013841231e-03
2.635232445802288903e-06
2.490536881417698602e-06
1.062843932846512223e-03
-3.980674738942560804e-06
7.662791161839677470e-07
8.074768267105465747e-02
1.148154581871573682e-03
2.463688707276648934e-04
-7.184502200628670177e-02
-8.404339126689622371e-04
-2.104613261227244233e-04
4.808530455382440186e-04
2.863483430795262311e-06
-7.135007085472093447e-06
-4.278376356535335294e-04
-5.004790145161073546e-06
-1.253298748732020740e-06
1.718868613040774851e-04
1.023587525941262177e-06
3.658940060519144666e-07
-1.529358481195135417e-04
-1.789024063849307955e-06
-4.480071200546609234e-07
-7.184502200628670177e-02
-4.278376356535335294e-04
-1.529358481195135417e-04
6.392390488915056235e-02
8.788542473043138396e-04
3.034007609619938321e-04
-8.404339126689622371e-04
-5.004790145161073546e-06
-1.789024063849307955e-06
7.477736939709805864e-04
8.747361388034002871e-06
1.737129085075160909e-04
-2.104613261227244233e-04
-1.253298748732020740e-06
-4.480071200546609234e-07
1.872573689619937696e-04
2.190512840849652421e-06
5.485478757477624256e-07
-9.975154081020076724e-02
-5.219649732546387082e-03
-2.380341109152876201e-03
1.063031748951551586e-01
5.465005604031137817e-04
5.700350939093925097e-04
2.150595861786930383e-03
-4.636582576233967213e-05
-4.959944529513843348e-05
-2.291845982202164039e-03
-1.178229262539229110e-05
-1.228968599477353596e-05
2.300342671511079740e-03
-4.959429588630506758e-05
-5.304756561551327021e-05
-2.451428091659341429e-03
-1.260269815283980577e-05
-1.314542151555075922e-05
1.063031748951551586e-01
-2.291845982202164039e-03
-2.451428091659341429e-03
-1.132851172122885108e-01
-1.757707262494630262e-04
-2.175965649670779712e-04
5.465005604031137817e-04
-1.178229262539229110e-05
-1.260269815283980577e-05
-5.823944590827956173e-04
-2.994067661422992327e-06
-3.123051757321360089e-06
5.700350939093925097e-04
-1.228968599477353596e-05
-1.314542151555075922e-05
-6.074747296337417628e-04
-3.123004374224781776e-06
-3.257493625202778631e-06
-9.382214266988163354e-02
1.584778217731271880e-05
-2.171627756083901138e-06
9.646737110439070062e-02
3.389893216505668479e-05
1.004618158429841656e-04
8.220934177312501080e-06
-7.203390859289064304e-10
-4.732570350478009099e-10
-8.452715803945525327e-06
-2.970310399498899751e-09
-8.802719202267486655e-09
5.430059910582626058e-06
-4.757956593065253300e-10
-3.142707666329095235e-10
-5.583155421598629670e-06
-1.961938084333076531e-09
-5.814338303390403516e-09
9.646737110439070062e-02
-8.452715803945525327e-06
-5.583155421598629670e-06
-9.918717930516415815e-02
-3.483464500080893334e-05
-1.032987500476920454e-04
3.389893216505668479e-05
-2.970310399498899751e-09
-1.961938084333076531e-09
-3.485468116747560325e-05
-1.224804251724732478e-08
-3.630024832046594278e-08
1.004618158429841656e-04
-8.802719202267486655e-09
-5.814338303390403516e-09
-1.032942437143580250e-04
-3.629791631868676109e-08
-1.075713702237278146e-07
4.303667914911558090e-01
-3.991009445086205615e-02
1.447476501708797741e-02
-3.974812003483868539e-01
-3.202372255614349770e-03
9.235184830413731283e-03
-1.294289525186205665e-02
3.892459660288395814e-04
-5.848081135879238182e-03
1.195389059380817624e-02
9.630847333334758772e-05
-2.777399006030729575e-04
9.838366708797043059e-05
-2.958800545911199203e-06
2.249092194081536711e-08
-9.086588199174600033e-05
-7.320758295134913163e-07
2.111202276281615164e-06
-3.974812003483868539e-01
1.195389059380817624e-02
-9.086588199174600033e-05
3.671084938570155498e-01
-3.692195061040043358e-02
1.634930007813696629e-02
-3.202372255614349770e-03
9.630847333334758772e-05
-7.320758295134913163e-07
2.957669581599505111e-03
2.382894839079042343e-05
-6.331814974328397322e-04
9.235184830413731283e-03
-2.777399006030729575e-04
2.111202276281615164e-06
-8.529497220529664442e-03
-6.871928843284538790e-05
1.981766263991109611e-04
-3.770077198312992567e-02
8.414689562254852015e-06
1.053238668375238742e-04
3.633174624387608409e-02
3.822726503230581797e-07
-2.036820737858537552e-05
-7.180359104411751810e-06
-1.367546430264265922e-09
-1.630979556640523020e-08
6.919619180159536441e-06
7.280636857287525743e-11
-3.879258583415132189e-09
-8.157483649580864399e-05
-1.553646223305393814e-08
-1.765071005064086521e-07
7.861261463764206430e-05
8.271403219468898005e-10
-4.407159588896839616e-08
3.633174624387608409e-02
6.919619180159536441e-06
7.861261463764206430e-05
-3.501243384936702369e-02
6.512011479215005572e-05
7.026740295730381930e-05
3.822726503230581797e-07
7.280636857287525743e-11
8.271403219468898005e-10
-3.683912078500171663e-07
-3.876055726381721911e-12
6.470640152648988661e-05
-2.036820737858537552e-05
-3.879258583415132189e-09
-4.407159588896839616e-08
1.962857795730384424e-05
2.065264899202279292e-10
-1.100412142611813466e-08
-2.826115471716665606e-02
-2.330509167065570380e-06
1.823137459710159410e-06
2.784975991373593932e-02
-2.270343905957633021e-06
-2.209778604170032861e-06
-2.516120003989052598e-07
-2.240125260611340835e-12
-1.906231989719593617e-06
2.479493096634131729e-07
-2.021310246906426399e-11
-1.967390361344896122e-11
-2.609237069565040478e-07
-2.323052926972175037e-12
-2.409001121723381465e-12
2.571254666436822445e-07
-2.096117269337652530e-11
-2.040198191618930648e-11
2.784975991373593932e-02
2.479493096634131729e-07
2.571254666436822445e-07
-2.744435374332411526e-02
2.233442403393433518e-06
2.179146577981334149e-06
-2.270343905957633021e-06
-2.021310246906426399e-11
-2.096117269337652530e-11
2.237294736726767099e-06
-1.823867829431275982e-10
-1.796733858546670237e-04
-2.209778604170032861e-06
-1.967390361344896122e-11
-2.040198191618930648e-11
2.177611077981301187e-06
-1.775213336623081992e-10
-1.727856166455229947e-10
-2.166574655975303867e-02
5.394655877033426408e-08
5.906432798921207326e-08
2.169624917174038659e-02
-5.615634599337433078e-08
-9.031792426545553722e-09
5.769155877033416957e-08
-1.536193820940176073e-13
-1.484596286891465107e-13
-5.777278113180795853e-08
1.495322604021780431e-13
2.404984295104429465e-14
5.589549465587876426e-08
-1.488354481862108177e-13
-1.441974215211395228e-13
-5.597418839397003463e-08
1.448798798945278642e-13
2.329193947474861495e-14
2.169624917174038659e-02
-5.777278113180795853e-08
-5.597418839397003463e-08
-2.172679472752087754e-02
-9.027905930224170776e-07
-9.510844919599359302e-07
-5.615634599337433078e-08
1.495322604021780431e-13
1.448798798945278642e-13
5.623540697758079251e-08
-1.455573405964283591e-13
-2.340869690739570597e-14
-9.031792426545553722e-09
2.404984295104429465e-14
2.329193947474861495e-14
9.044508040068411747e-09
-2.340869673102528974e-14
-3.758966281200284507e-15
-5.263455068344058407e-01
-2.078886519108725572e+00
2.730549930022566629e-01
-1.115175129777994933e-01
6.040169349046371483e-01
-1.120423725753600525e-01
1.979119797670908509e-02
1.510102051503638076e+00
-3.693061065949721500e-01
-2.073610416425725855e+00
7.049619191525229311e+00
-7.230319184673006383e-01
1.566594531402584201e-01
3.403470937119293382e-01
-6.028776182566614184e-02
1.771191354279624930e+00
-4.965742062790453382e+00
9.203134602221011429e-01
2.658847508250675729e-01
-6.251501430624184508e-01
1.106100810377957377e-01
3.202533488497628228e-02
-4.172800047364538106e-02
7.861180019515448883e-03
-2.838045969031292581e-01
9.180991185445521729e-01
-1.520379684844382351e-01
-1.115175129777994933e-01
1.566594531402584201e-01
3.202533488497628228e-02
2.749259649702257002e-02
8.251118732551823709e-02
-1.025182916088226460e-02
1.135460043839264799e-02
2.170649926428333543e-01
-3.751576696965003288e-02
6.040169349046371483e-01
3.403470937119293382e-01
-4.172800047364538106e-02
7.459197774451818697e-02
-3.946593423265286060e-01
7.812887369877784260e-02
-3.059743476992411448e-01
3.898699786983128579e-02
5.569076193576683043e-02
-1.120423725753600525e-01
-6.028776182566614184e-02
7.861180019515448883e-03
-1.343271642043355509e-02
7.310492299556207996e-02
-1.353799251824838908e-02
5.645093702789008572e-02
-5.856839677484969135e-03
-1.043660403625189075e-02
1.979119797670908509e-02
1.771191354279624930e+00
-2.838045969031292581e-01
1.135460043839264799e-02
-3.059743476992411448e-01
5.645093702789008572e-02
3.135771652660928055e-01
-1.903653002075456069e+00
-2.727878908004386371e-01
1.510102051503638076e+00
-4.965742062790453382e+00
9.180991185445521729e-01
2.170649926428333543e-01
3.898699786983128579e-02
-5.856839677484969135e-03
-1.962225702818456874e+00
7.287845708980477788e+00
-1.041874502615255826e+00
-3.693061065949721500e-01
9.203134602221011429e-01
-1.520379684844382351e-01
-3.751576696965003288e-02
5.569076193576683043e-02
-1.043660403625189075e-02
3.894842776651843419e-01
-1.254903854211757430e+00
2.100118474745344965e-01
4.014305950332451856e-01
-3.424140671206465925e-01
1.770587729336094152e-01
-3.823934056862418607e-01
3.314446561042888595e-02
-1.119385316368701373e-02
3.641931456235314446e-02
3.166200954998728001e-01
-1.023439605847492051e-01
-3.036409104756464528e-01
1.927852479102993621e+00
-5.212419561810404112e-01
-3.026325332163446249e-02
6.092628525872260774e-03
-3.308530120991985592e-03
3.137230376661797604e-01
-1.235157981354338075e+00
4.746434542420246983e-01
1.632360877627636320e-01
-4.590538916003373826e-01
2.875521858806016628e-01
-1.435104498952285111e-02
-5.117515341376456181e-03
-6.359346095568549698e-04
-1.266634898855173164e-01
3.729275136484563324e-01
-1.151385757993819148e-01
-3.823934056862418607e-01
-3.026325332163446249e-02
-1.435104498952285111e-02
4.636652353340598998e-01
-2.968844072116422206e-02
1.876784229248028985e-02
-1.361926972808741032e-01
-9.038762828496657575e-02
2.525995811521906248e-02
3.314446561042888595e-02
6.092628525872260774e-03
-5.117515341376456181e-03
-4.370059260316417477e-02
4.307310098363985318e-03
-4.652551097581445090e-03
1.521535087052306584e-02
4.062181109994246128e-03
-1.560249637962760842e-03
-1.119385316368701373e-02
-3.308530120991985592e-03
-6.359346095568549698e-04
1.367886796222733681e-02
-1.267927639450811602e-03
4.100958132501737697e-04
-4.141588379210175280e-03
-1.438201623389726187e-03
1.504276884239969143e-04
3.641931456235314446e-02
3.137230376661797604e-01
-1.266634898855173164e-01
-1.361926972808741032e-01
1.521535087052306584e-02
-4.141588379210175280e-03
1.072797751147036849e-01
-2.407692624902353362e-01
1.271616052833755284e-01
3.166200954998728001e-01
-1.235157981354338075e+00
3.729275136484563324e-01
-9.038762828496657575e-02
4.062181109994246128e-03
-1.438201623389726187e-03
-1.940376454175685994e-01
8.480235486495416586e-01
-2.964086709138948894e-01
-1.023439605847492051e-01
4.746434542420246983e-01
-1.151385757993819148e-01
2.525995811521906248e-02
-1.560249637962760842e-03
1.504276884239969143e-04
6.816452502495115584e-02
-3.121000982047302252e-01
1.191708084763095643e-01
4.797956259577217941e-01
-1.129771498387003789e-02
2.554835599639627974e-02
-4.713656257926606696e-01
8.007340147227440252e-03
-1.924692391800770716e-02
-1.132055120208808573e-02
4.370690760502875076e-03
-9.329829768123215628e-03
-1.309152191353665610e-02
4.261156848790290975e-03
-5.010492318147893084e-04
1.955183838353903049e-04
-6.699554668905925367e-03
1.481140884614209896e-02
1.229168499125020408e-02
3.974015529964241775e-03
-9.077375391176938438e-03
3.072505443172530992e-02
-6.318442020604025065e-03
6.750841886400986945e-03
-2.404493517742834017e-03
1.358321673462668452e-02
-3.000973970964043377e-02
-2.659711042964203048e-02
-1.084304468694974669e-02
2.445341660546210619e-02
-4.713656257926606696e-01
1.955183838353903049e-04
-2.404493517742834017e-03
4.697972443335727832e-01
-1.875974550856049014e-04
2.607341462714983949e-03
3.360510656752374418e-03
9.103088668891302221e-04
-1.641819515394371369e-03
8.007340147227440252e-03
-6.699554668905925367e-03
1.358321673462668452e-02
-4.963590434189301629e-04
5.468081678041575647e-03
-1.235768384393418941e-02
-7.721677902068343341e-03
6.202077339429200092e-04
-9.835159242498167816e-04
-1.924692391800770716e-02
1.481140884614209896e-02
-3.000973970964043377e-02
2.545452012297183368e-03
-1.212640638659641043e-02
2.689631647449241408e-02
1.716442576143954388e-02
-1.318793874692363206e-03
2.059262469730786024e-03
-1.132055120208808573e-02
1.229168499125020408e-02
-2.659711042964203048e-02
3.360510656752374418e-03
-7.721677902068343341e-03
1.716442576143954388e-02
8.885520987490206843e-03
-4.102401590193726667e-03
8.501478218185160723e-03
4.370690760502875076e-03
3.974015529964241775e-03
-1.084304468694974669e-02
9.103088668891302221e-04
6.202077339429200092e-04
-1.318793874692363206e-03
-4.268668426860393154e-03
-5.606558879114076008e-03
1.217256595325326776e-02
-9.329829768123215628e-03
-9.077375391176938438e-03
2.445341660546210619e-02
-1.641819515394371369e-03
-9.835159242498167816e-04
2.059262469730786024e-03
8.760239630279009065e-03
1.221948208914254430e-02
-2.660755456942360056e-02
4.774389498101547780e-01
-1.211533097752363723e-02
2.643724073262855231e-02
-4.712592304017895195e-01
7.129983591625632493e-03
-1.727506146840182555e-02
-9.090903790010722643e-03
4.755057183703698120e-03
-1.071867262055245171e-02
-1.118326315185694947e-02
2.982964464333210178e-03
3.002514579573076128e-03
-6.171027742484593058e-04
-5.491892533687091002e-03
1.271837349252645695e-02
1.085437541512972170e-02
4.119646813784383008e-03
-9.817158839405424817e-03
3.107528754536055884e-02
-4.089401083536806265e-03
2.220031259002995614e-03
-2.922522486265503004e-03
1.197244378934051064e-02
-2.777809905729414219e-02
-2.567392665371736812e-02
-1.194037005428452702e-02
2.813124428915361741e-02
-4.712592304017895195e-01
-6.171027742484593058e-04
-2.922522486265503004e-03
4.700195063294210218e-01
-1.096047162231307114e-03
3.038045888458085382e-03
3.679792495701066004e-03
8.884956607105757654e-04
-1.619221367823707805e-03
7.129983591625632493e-03
-5.491892533687091002e-03
1.197244378934051064e-02
-8.697348025646481394e-04
4.382020580255385767e-03
-1.018156411358956195e-02
-6.083236305652829981e-03
5.446575587613823642e-04
-8.869363782793850907e-04
-1.727506146840182555e-02
1.271837349252645695e-02
-2.777809905729414219e-02
2.925618729352999058e-03
-1.009435377361483227e-02
2.325372533091559293e-02
1.395947899655984592e-02
-1.339677696615039363e-03
2.237498114991927529e-03
-9.090903790010722643e-03
1.085437541512972170e-02
-2.567392665371736812e-02
3.679792495701066004e-03
-6.083236305652829981e-03
1.395947899655984592e-02
5.771483626392355515e-03
-4.641897728212276801e-03
1.014078519701540684e-02
4.755057183703698120e-03
4.119646813784383008e-03
-1.194037005428452702e-02
8.884956607105757654e-04
5.446575587613823642e-04
-1.339677696615039363e-03
-4.736415917212276512e-03
-5.843089796807259158e-03
1.335948339067795886e-02
-1.071867262055245171e-02
-9.817158839405424817e-03
2.813124428915361741e-02
-1.619221367823707805e-03
-8.869363782793850907e-04
2.237498114991927529e-03
1.029052293901856069e-02
1.334013114269809452e-02
-3.042718063816499466e-02
-6.402759710711695140e-01
1.132492061174598663e-01
4.390948202161229497e-02
6.256053406149639784e-01
-5.459339492830028728e-02
-3.383605276813008746e-03
-2.650758404262728574e-01
1.791975359946695046e-01
4.227095705078239840e-01
-2.423167168575250108e-01
-2.723658763911737113e-01
-4.149319939483183117e-01
-1.077945151082068398e-01
3.465070805518990937e+00
2.573568874844344379e+00
-7.198251819632980886e-02
-2.803714553828262179e+00
-2.251930577307423409e+00
-9.304156909415502164e-03
2.204851880484505200e-01
-2.119778734584093754e-03
7.323280593888811807e-02
2.229928934943567198e-01
6.083331836149600408e-02
-7.799284289572096240e-02
2.692779782822013246e+00
2.158127205433782780e+00
5.368979238562109763e-02
-2.034788899970513931e+00
-1.582373280893202727e+00
1.356555116533841587e-01
-1.454677921232061045e-03
-5.240681551280138017e-02
-1.585128267691958692e-01
-2.751760073671881066e-02
-1.070358138056474173e-01
6.256053406149639784e-01
-7.198251819632980886e-02
5.368979238562109763e-02
3.261273710070999865e-01
-2.876240971082235642e-01
2.151769807338824725e-01
-1.678731566173577716e-01
-2.248492977475230123e-02
1.696091988748591461e-01
-1.361163314476320774e-01
3.084450814114975473e-02
-1.385117876415122018e-01
-5.459339492830028728e-02
-2.803714553828262179e+00
-2.034788899970513931e+00
-4.219295651955645016e-02
2.199236132724175619e+00
1.167461668628468230e+00
1.071724076253895985e-01
-5.739587826854329611e-02
-7.063930979902735552e-02
-8.191211358239661178e-02
-6.641120460527677460e-02
-5.546307813432836686e-02
-3.383605276813008746e-03
-2.251930577307423409e+00
-1.582373280893202727e+00
1.562540303548933885e-03
1.632184991649132666e+00
1.136381748346823262e+00
-7.665127126764184097e-03
9.735721441697357814e-02
1.281816883080539281e-02
-1.974968428973321657e-02
7.761176816287387870e-02
-3.959117909692146803e-02
-2.650758404262728574e-01
-9.304156909415502164e-03
1.356555116533841587e-01
-1.678731566173577716e-01
1.071724076253895985e-01
-7.665127126764184097e-03
2.857890223607206237e-01
-7.125927444473962626e-04
-1.911095765527267842e-01
-1.298620208858134728e-01
-4.436446002901896224e-02
-3.450401957599883579e-02
1.791975359946695046e-01
2.204851880484505200e-01
-1.454677921232061045e-03
-2.248492977475230123e-02
-5.739587826854329611e-02
9.735721441697357814e-02
-4.142106766844734500e-02
-1.591389619638002295e-01
-1.709804386962263459e-02
7.000045861331352648e-02
-8.802539643154903837e-02
8.673703737711124795e-02
4.227095705078239840e-01
-2.119778734584093754e-03
-5.240681551280138017e-02
1.696091988748591461e-01
-7.063930979902735552e-02
1.281816883080539281e-02
-1.898021571812730790e-01
-5.051716005918152619e-03
1.770812226949843304e-01
1.984331930883940012e-02
4.941423375408584423e-02
3.401699888744768446e-02
-2.423167168575250108e-01
7.323280593888811807e-02
-1.585128267691958692e-01
-1.361163314476320774e-01
-8.191211358239661178e-02
-1.974968428973321657e-02
-1.298620208858134728e-01
7.000045861331352648e-02
1.984331930883940012e-02
2.535551291304708466e-01
2.147095063098785478e-02
1.552231608963397236e-01
-2.723658763911737113e-01
2.229928934943567198e-01
-2.751760073671881066e-02
3.084450814114975473e-02
-6.641120460527677460e-02
7.761176816287387870e-02
-4.436446002901896224e-02
-8.802539643154903837e-02
4.941423375408584423e-02
4.496214744865448254e-02
-1.751165687850824992e-01
1.556993767658392328e-02
-4.149319939483183117e-01
6.083331836149600408e-02
-1.070358138056474173e-01
-1.385117876415122018e-01
-5.546307813432836686e-02
-3.959117909692146803e-02
-3.450401957599883579e-02
8.673703737711124795e-02
3.401699888744768446e-02
1.579483592144321769e-01
1.387415134930490221e-02
1.401412753861656646e-01
3.541580423526966004e-01
-1.124481282509626374e-02
2.097311170287425100e-02
1.134121022104081500e-01
-2.220565205225464092e-03
3.499539232796004991e-03
-2.593602881855865960e-01
1.558240143496798791e-02
1.934706374982515797e-01
-2.623862146762572789e-01
-1.317746868841039587e-02
-1.929785655210936590e-01
3.935433536690366441e-02
1.230012497158576634e+00
7.679135379922432669e-01
-1.707944472085719950e-02
-9.998437007515000863e-01
-5.769347781972582467e-01
2.265853146941365984e-02
1.660178579710442151e-02
-3.125301366747265663e-02
-3.630765876445272988e-02
1.673955196900333078e-02
-3.864897566154570918e-02
1.067359421207699942e-03
8.122500688192432206e-01
6.812474095025387033e-01
3.169744872883912233e-03
-5.763375991799076781e-01
-2.291989323267959733e-01
1.748306138186168923e-01
-2.774185969336038018e-02
-1.522957741004962728e-01
-1.711979690316339786e-01
-2.909225324723497055e-02
-1.547252937104927895e-01
1.134121022104081500e-01
-1.707944472085719950e-02
3.169744872883912233e-03
-1.756076103448742098e-02
-1.600412326659246195e-02
4.113364836087036319e-02
-1.452666097343324053e-02
7.457800956190718290e-03
3.234013594720866469e-02
-3.421047085228687973e-02
6.236267978584021307e-03
-1.241635734706488664e-02
-2.220565205225464092e-03
-9.998437007515000863e-01
-5.763375991799076781e-01
1.255966264774088272e-02
8.372861035513070593e-01
4.033231194992233370e-01
2.994460534809169697e-02
-1.495169276399662545e-02
-5.523552059630512483e-03
-4.469144454755440837e-02
-1.682637589905883885e-02
-1.801946657369442317e-02
3.499539232796004991e-03
-5.769347781972582467e-01
-2.291989323267959733e-01
-3.413673386679632465e-02
4.684018635098902705e-01
2.012355419826941660e-01
7.098792133979939592e-03
4.429077607666493527e-03
-3.419085233123574097e-02
-8.338806433803865048e-03
-2.535692740255173763e-04
-2.695518103718583594e-02
-2.593602881855865960e-01
2.265853146941365984e-02
1.748306138186168923e-01
-1.452666097343324053e-02
2.994460534809169697e-02
7.098792133979939592e-03
2.908614576193769841e-01
2.394551719344806782e-03
-1.882154566213103397e-01
-2.647666711610942650e-02
1.861065909544639112e-03
2.327788487508585663e-02
1.558240143496798791e-02
1.660178579710442151e-02
-2.774185969336038018e-02
7.457800956190718290e-03
-1.495169276399662545e-02
4.429077607666493527e-03
-1.401872367965530802e-02
-1.695662059773888220e-03
1.706306804885246442e-02
3.400973117975117799e-03
-1.221160260283202974e-03
7.698099716055592338e-03
1.934706374982515797e-01
-3.125301366747265663e-02
-1.522957741004962728e-01
3.234013594720866469e-02
-5.523552059630512483e-03
-3.419085233123574097e-02
-1.860706643615445965e-01
1.926747713773229245e-02
1.626044225066460291e-01
-1.790167675057034030e-02
1.083401628078817756e-02
3.685027319356061135e-03
-2.623862146762572789e-01
-3.630765876445272988e-02
-1.711979690316339786e-01
-3.421047085228687973e-02
-4.469144454755440837e-02
-8.338806433803865048e-03
-2.647666711610942650e-02
3.400973117975117799e-03
-1.790167675057034030e-02
2.822262874556996093e-01
-3.273697930876824300e-03
1.833183393182367948e-01
-1.317746868841039587e-02
1.673955196900333078e-02
-2.909225324723497055e-02
6.236267978584021307e-03
-1.682637589905883885e-02
-2.535692740255173763e-04
1.861065909544639112e-03
-1.221160260283202974e-03
1.083401628078817756e-02
1.589311473745642217e-02
1.119020676197245850e-03
2.126247583683506248e-02
-1.929785655210936590e-01
-3.864897566154570918e-02
-1.547252937104927895e-01
-1.241635734706488664e-02
-1.801946657369442317e-02
-2.695518103718583594e-02
2.327788487508585663e-02
7.698099716055592338e-03
3.685027319356061135e-03
1.829515068581898107e-01
2.190858090894762938e-02
1.631798946616636325e-01
6.358833627048934289e-01
-4.747886442580853683e-02
1.353367917040896040e-01
-1.137433455825212665e-02
9.671533056842148562e-03
-7.016081695388804232e-03
-1.120343844893640084e-01
-4.369881149396487308e-03
-1.510842930088536207e-01
-1.120813243794192143e-01
9.780277131794841428e-02
1.021120313500464005e-01
1.446632066085820449e-02
4.111120495796823371e-01
3.712686673524355496e-02
-1.973657457692252343e-02
-2.915805515909026258e-01
1.184263391651101810e-01
-1.743236635788371824e-03
-2.133108602053154779e-02
-8.180009179273034156e-03
1.185413429691897641e-01
-1.243588423196761716e-01
-1.246829345345207840e-01
1.318161715017424351e-01
3.286432138842311501e-02
4.945062046535734779e-01
4.456961833443837985e-03
1.095820949022381224e-01
-7.738134796490978018e-02
-1.933008393640745781e-01
-1.308951455372133615e-02
-2.608779792220370375e-01
1.255579867227019364e-01
-1.259661070700549279e-01
-1.634333788151407230e-01
-1.137433455825212665e-02
-1.973657457692252343e-02
4.456961833443837985e-03
5.342866805500242830e-03
-1.866115776557326564e-02
-8.647760218808446184e-03
-8.381865719286007987e-03
1.048164896284783584e-02
-8.569541680869598513e-03
-1.071309027942881839e-02
1.208899056235382581e-02
-2.714009343692239465e-03
9.671533056842148562e-03
-2.915805515909026258e-01
1.095820949022381224e-01
7.061979959093505482e-03
2.923195875111462283e-01
-1.324582746443489778e-01
-7.767339967260649888e-03
1.044492264386364701e-02
-1.224669972937518850e-02
-1.082950765829833115e-02
-4.962608157218276889e-03
1.060037050118511903e-02
-7.016081695388804232e-03
1.184263391651101810e-01
-7.738134796490978018e-02
3.447004573221828117e-03
-1.198452958273957258e-01
1.449825094687532123e-01
3.190481073378250961e-04
4.059448793385674048e-02
-9.425208264958314860e-03
3.999584718481322652e-03
-1.890710489205378944e-02
3.535118731808578434e-03
-1.120343844893640084e-01
-1.743236635788371824e-03
-1.933008393640745781e-01
-8.381865719286007987e-03
-7.767339967260649888e-03
3.190481073378250961e-04
1.250047326661677671e-01
-2.703366678449736077e-02
1.486246219532076918e-01
-3.075221904450898235e-03
-9.961165738470303260e-03
5.905668345107232056e-03
-4.369881149396487308e-03
-2.133108602053154779e-02
-1.308951455372133615e-02
1.048164896284783584e-02
1.044492264386364701e-02
4.059448793385674048e-02
-6.868943198307430123e-04
3.912210441574323627e-02
1.640339997350048068e-02
-1.734820812622305669e-02
5.872872577748639196e-03
-1.859619654484707257e-02
-1.510842930088536207e-01
-8.180009179273034156e-03
-2.608779792220370375e-01
-8.569541680869598513e-03
-1.224669972937518850e-02
-9.425208264958314860e-03
1.684572865731667202e-01
1.839545833373499705e-03
2.317079697384770431e-01
-1.432985803391770112e-02
-4.600400867210224462e-04
8.026639909863552682e-04
-1.120813243794192143e-01
1.185413429691897641e-01
1.255579867227019364e-01
-1.071309027942881839e-02
-1.082950765829833115e-02
3.999584718481322652e-03
-3.075221904450898235e-03
-1.734820812622305669e-02
-1.432985803391770112e-02
1.317599054277469317e-01
-1.289442733099475935e-01
-1.264572555861634973e-01
9.780277131794841428e-02
-1.243588423196761716e-01
-1.259661070700549279e-01
1.208899056235382581e-02
-4.962608157218276889e-03
-1.890710489205378944e-02
-9.961165738470303260e-03
5.872872577748639196e-03
-4.600400867210224462e-04
-1.441673475979476371e-01
1.697390179006292854e-01
1.360087785590559928e-01
1.021120313500464005e-01
-1.246829345345207840e-01
-1.634333788151407230e-01
-2.714009343692239465e-03
1.060037050118511903e-02
3.535118731808578434e-03
5.905668345107232056e-03
-1.859619654484707257e-02
8.026639909863552682e-04
-1.174814814159820253e-01
1.360353626657840043e-01
1.991570330009873602e-01
5.193564627998485950e-01
-7.188257184488076879e-02
1.057756041556975196e-01
-2.448923656682660752e-02
1.192279626253019142e-02
-9.919551306924850528e-03
-1.228918480541688618e-01
6.867429515151789914e-04
-1.526438711167371620e-01
-1.259711895329030940e-01
9.568018912766657058e-02
1.180209387349148292e-01
-3.747351986854752237e-02
2.903874343625076349e-01
7.450087540375997797e-02
-2.819726403396127443e-02
-1.735221980360098781e-01
5.668489779943269857e-02
1.654125824925480048e-02
-2.683328418848663494e-02
1.439664666669298980e-02
1.208516853359145188e-01
-1.262971719647584534e-01
-1.301749531601133214e-01
1.199021465893279348e-01
6.167561838298962762e-02
5.077918673630323898e-01
8.268086508259372969e-03
5.418539450436690025e-02
-5.612539645241679254e-02
-1.905902312713641245e-01
1.067076528969823618e-04
-2.707770713756939562e-01
1.405866653631199226e-01
-1.241574276784602471e-01
-1.915558410573619530e-01
-2.448923656682660752e-02
-2.819726403396127443e-02
8.268086508259372969e-03
7.495625901704717521e-03
2.742935062246313303e-03
-6.058377827897541527e-04
-7.726354810094818865e-03
8.417139853094130625e-03
-7.068677921572817831e-03
-5.791158227425985405e-03
1.080336762647827499e-02
-4.688481943039314592e-03
1.192279626253019142e-02
-1.735221980360098781e-01
5.418539450436690025e-02
1.096976533091297869e-02
2.021606334646304515e-01
-8.847280295896428615e-02
-1.716632795957214689e-03
5.854849190566281149e-03
1.555002796458492681e-03
-3.414353818656918043e-03
-1.068900187930189871e-02
1.129482631252963325e-02
-9.919551306924850528e-03
5.668489779943269857e-02
-5.612539645241679254e-02
-3.234765567292607977e-03
-6.712460234388310798e-02
1.251122613853775933e-01
-2.717241703769787686e-03
3.906366442265170325e-02
-5.068729303826451094e-03
-1.217915971803726436e-03
-2.195766991452339362e-02
4.952931223175124908e-03
-1.228918480541688618e-01
1.654125824925480048e-02
-1.905902312713641245e-01
-7.726354810094818865e-03
-1.716632795957214689e-03
-2.717241703769787686e-03
1.114469860711306964e-01
-3.121009287161732523e-02
1.508614889639923740e-01
-1.546777201401360047e-03
-7.435572420669197061e-03
1.800616722093786523e-02
6.867429515151789914e-04
-2.683328418848663494e-02
1.067076528969823618e-04
8.417139853094130625e-03
5.854849190566281149e-03
3.906366442265170325e-02
-1.541687321261738658e-02
3.246910653348175635e-02
-4.275253235014093815e-03
-1.814675610357499580e-02
8.887451785543438662e-03
-1.337845012006625908e-02
-1.526438711167371620e-01
1.439664666669298980e-02
-2.707770713756939562e-01
-7.068677921572817831e-03
1.555002796458492681e-03
-5.068729303826451094e-03
1.575416802979134334e-01
-5.179521336346678238e-03
2.489391243818454835e-01
-2.121101773973445986e-02
2.109088441078797900e-03
-3.642059031435468820e-03
-1.259711895329030940e-01
1.208516853359145188e-01
1.405866653631199226e-01
-5.791158227425985405e-03
-3.414353818656918043e-03
-1.217915971803726436e-03
-1.546777201401360047e-03
-1.814675610357499580e-02
-2.121101773973445986e-02
1.396239596355239865e-01
-1.133194155204895887e-01
-1.361994678031463180e-01
9.568018912766657058e-02
-1.262971719647584534e-01
-1.241574276784602471e-01
1.080336762647827499e-02
-1.068900187930189871e-02
-2.195766991452339362e-02
-7.435572420669197061e-03
8.887451785543438662e-03
2.109088441078797900e-03
-1.376499395341564125e-01
1.527659669050266678e-01
1.290764469774005885e-01
1.180209387349148292e-01
-1.301749531601133214e-01
-1.915558410573619530e-01
-4.688481943039314592e-03
1.129482631252963325e-02
4.952931223175124908e-03
1.800616722093786523e-02
-1.337845012006625908e-02
-3.642059031435468820e-03
-1.317861341583393686e-01
1.341995377921090804e-01
2.243165108120616924e-01
3.938178452136143481e-01
-1.156613211834530003e-01
7.903299840780543539e-02
-1.971019552290074334e-02
1.052066262851955245e-02
-7.898291850751137932e-03
-1.319205561994841736e-01
6.038332408872506586e-03
-1.496143329210329609e-01
-1.340434153710651499e-01
8.784039111999594751e-02
1.255645616268539488e-01
-7.575639736378596278e-02
2.272314267616401540e-01
8.556745952462391225e-02
-2.471322722262097107e-02
-1.057378661077108400e-01
2.611126026403455189e-02
2.181783110441056633e-02
-3.339935110094145038e-02
2.667238398984595957e-02
1.150741759095751937e-01
-1.202716305030784583e-01
-1.288165299153000432e-01
6.775949430246300254e-02
7.116164777237764250e-02
5.276483511185646735e-01
4.097002373103634555e-03
2.485145027279556801e-02
-4.733858332307187139e-02
-1.913921603990949294e-01
1.150710877023085679e-02
-2.831088831484102619e-01
1.521637774026238787e-01
-1.218157115078391806e-01
-2.144932480046370382e-01
-1.971019552290074334e-02
-2.471322722262097107e-02
4.097002373103634555e-03
6.113984113632868131e-03
-1.078576379366646444e-02
2.536943805658621251e-03
-1.000947877894887289e-03
9.288702103687186684e-03
-2.886102635698715221e-03
-6.121139582858023398e-05
4.040582743529903473e-03
-2.047162580448879006e-03
1.052066262851955245e-02
-1.057378661077108400e-01
2.485145027279556801e-02
1.521706992033346542e-02
1.240757906423313045e-01
-3.938517038087651495e-02
-1.060045417576882271e-03
2.643617555703426433e-03
2.363382885434748334e-03
-3.544327623542738604e-03
-9.568944149753807679e-03
1.121467941873958117e-02
-7.898291850751137932e-03
2.611126026403455189e-02
-4.733858332307187139e-02
1.321327932460772837e-03
-3.084032998533402931e-02
9.269010973280385202e-02
-2.435557865086699953e-04
3.849587552449903333e-02
-5.256526627003565467e-03
-7.943015248798897384e-04
-2.255409109501625362e-02
1.031592941319982304e-02
-1.319205561994841736e-01
2.181783110441056633e-02
-1.913921603990949294e-01
-1.000947877894887289e-03
-1.060045417576882271e-03
-2.435557865086699953e-04
1.142788663612537836e-01
-3.496041710966759503e-02
1.568945634943516854e-01
2.143561972002775567e-03
-5.751678785130762139e-03
2.025072476262604684e-02
6.038332408872506586e-03
-3.339935110094145038e-02
1.150710877023085679e-02
9.288702103687186684e-03
2.643617555703426433e-03
3.849587552449903333e-02
-2.421092846433431020e-02
4.256091070885120731e-02
-1.494477952210898630e-02
-1.730123704491434017e-02
1.029956115248608500e-02
-1.350961124403649016e-02
-1.496143329210329609e-01
2.667238398984595957e-02
-2.831088831484102619e-01
-2.886102635698715221e-03
2.363382885434748334e-03
-5.256526627003565467e-03
1.605644481258673706e-01
-1.706764091096479516e-02
2.802469839791710826e-01
-2.402530524915356958e-02
-2.782947468613439310e-04
-1.126024645964321391e-02
-1.340434153710651499e-01
1.150741759095751937e-01
1.521637774026238787e-01
-6.121139582858023398e-05
-3.544327623542738604e-03
-7.943015248798897384e-04
2.143561972002775567e-03
-1.730123704491434017e-02
-2.402530524915356958e-02
1.368656047126070308e-01
-1.052984982179869106e-01
-1.395119484817414213e-01
8.784039111999594751e-02
-1.202716305030784583e-01
-1.218157115078391806e-01
4.040582743529903473e-03
-9.568944149753807679e-03
-2.255409109501625362e-02
-5.751678785130762139e-03
1.029956115248608500e-02
-2.782947468613439310e-04
-1.227361750866535900e-01
1.369490561396295714e-01
1.240935433981084635e-01
1.255645616268539488e-01
-1.288165299153000432e-01
-2.144932480046370382e-01
-2.047162580448879006e-03
1.121467941873958117e-02
1.031592941319982304e-02
2.025072476262604684e-02
-1.350961124403649016e-02
-1.126024645964321391e-02
-1.358912539470305547e-01
1.305821517135011822e-01
2.395067824846512372e-01
2.933695273264602665e-01
-9.991478491256287897e-02
2.408138769407535199e-02
-2.305289545818410904e-02
8.053729181449522864e-03
-1.206809684153817459e-03
-1.336031021970291444e-01
1.999043074246123139e-02
-1.426780895670154148e-01
-1.332721101251961027e-01
7.159244602382978939e-02
1.232505924427541727e-01
-9.701113066689621978e-02
1.539740910333701196e-01
8.032009735119723104e-02
-2.206440581087512967e-02
-1.779570017399478843e-02
-4.831965006059154612e-03
2.780226781969743349e-02
-4.265033790799108854e-02
3.571914732823858879e-02
9.990879797458857015e-02
-1.038824081075279820e-01
-1.164922219489366029e-01
2.682775014511491404e-02
7.805824611407569114e-02
5.619370148105907736e-01
4.502421955270555741e-03
-2.619152154126998516e-03
-3.688128425039000763e-02
-1.869289978185983969e-01
2.672103365799465696e-02
-2.952523908847513590e-01
1.582460968720979522e-01
-1.054801062775405501e-01
-2.335846727168822412e-01
-2.305289545818410904e-02
-2.206440581087512967e-02
4.502421955270555741e-03
1.276497259627120372e-02
-5.259614092178220048e-03
-6.106306513367571256e-04
3.927593197716057125e-03
1.457038301942828462e-02
-3.985302360937213739e-03
3.007295087043723465e-03
1.528784301218241021e-02
-2.179742800843676668e-03
8.053729181449522864e-03
-1.779570017399478843e-02
-2.619152154126998516e-03
-3.523316303011552342e-03
2.720936318168483414e-02
6.725474026672858749e-03
-1.432631975407767542e-03
-7.838955821711787253e-04
2.515592864347168580e-03
-2.881854594002902087e-03
-1.206740263944944269e-02
4.381873743379795759e-03
-1.206809684153817459e-03
-4.831965006059154612e-03
-3.688128425039000763e-02
1.131242293973197316e-03
3.828875268732809256e-03
3.964395100921122572e-02
2.885263111178337694e-03
2.928760802952505918e-02
-1.269272456530427719e-03
-2.117204627494824465e-03
-2.263759356983504473e-02
9.599493778777621125e-03
-1.336031021970291444e-01
2.780226781969743349e-02
-1.869289978185983969e-01
3.927593197716057125e-03
-1.432631975407767542e-03
2.885263111178337694e-03
1.192820817487778989e-01
-3.020040229582068858e-02
1.569297678311258881e-01
9.117075636117197637e-03
6.553151734378394582e-04
1.879720251810896789e-02
1.999043074246123139e-02
-4.265033790799108854e-02
2.672103365799465696e-02
1.457038301942828462e-02
-7.838955821711787253e-04
2.928760802952505918e-02
-3.032879059548736211e-02
5.282874913977839149e-02
-3.265890090559614434e-02
-8.607021868323802907e-03
3.834078887573053127e-03
-1.359819850604263025e-02
-1.426780895670154148e-01
3.571914732823858879e-02
-2.952523908847513590e-01
-3.985302360937213739e-03
2.515592864347168580e-03
-1.269272456530427719e-03
1.615498260993618040e-01
-3.425413302663074533e-02
3.185873830497337744e-01
-2.008150612755052120e-02
7.224895975100709220e-04
-2.945426206729320762e-02
-1.332721101251961027e-01
9.990879797458857015e-02
1.582460968720979522e-01
3.007295087043723465e-03
-2.881854594002902087e-03
-2.117204627494824465e-03
9.117075636117197637e-03
-8.607021868323802907e-03
-2.008150612755052120e-02
1.236402159064251410e-01
-8.855393123599425431e-02
-1.379195323255011651e-01
7.159244602382978939e-02
-1.038824081075279820e-01
-1.054801062775405501e-01
1.528784301218241021e-02
-1.206740263944944269e-02
-2.263759356983504473e-02
6.553151734378394582e-04
3.834078887573053127e-03
7.224895975100709220e-04
-9.374013952132762006e-02
1.172557651702026693e-01
1.223931790014248927e-01
1.232505924427541727e-01
-1.164922219489366029e-01
-2.335846727168822412e-01
-2.179742800843676668e-03
4.381873743379795759e-03
9.599493778777621125e-03
1.879720251810896789e-02
-1.359819850604263025e-02
-2.945426206729320762e-02
-1.376795562499974757e-01
1.191341013194283094e-01
2.586578627336187375e-01
2.756851727266133034e-01
-1.065319087405567772e-01
1.352856779569126464e-02
-1.348202304695417415e-02
2.935110476533127084e-03
-4.568031707725429000e-04
-1.313319226522604022e-01
3.497490718079623861e-02
-1.409108229435080406e-01
-1.312401946973059674e-01
7.018122248086722248e-02
1.271188161453159216e-01
-1.061846649018900746e-01
9.760081777543233583e-02
6.129462310307617207e-02
-1.479758410863045263e-02
3.397149448310039788e-02
-7.172237864310557730e-03
3.871431129560571477e-02
-4.638790921370993664e-02
4.774510620135769684e-02
8.373945391776513314e-02
-8.535506983946332393e-02
-1.023079207979231270e-01
1.432471854842796467e-02
6.149824474957400061e-02
5.641050804219209791e-01
1.920174800694887099e-03
-6.977747188770233241e-03
-2.017142011881663255e-02
-1.820648530381442365e-01
4.881935082377137497e-02
-2.920474254193864971e-01
1.662000595416714410e-01
-1.033554674664269729e-01
-2.519873903254459813e-01
-1.348202304695417415e-02
-1.479758410863045263e-02
1.920174800694887099e-03
5.528222659581305543e-03
-1.980328712855157448e-04
-5.049803834430029792e-06
3.898456576281721792e-03
7.520200235454661299e-03
-3.795681498834420787e-04
4.007494047766003292e-03
7.319283871764871441e-03
-1.558941612598158718e-03
2.935110476533127084e-03
3.397149448310039788e-02
-6.977747188770233241e-03
-3.206953096188490241e-04
-3.434795857303199473e-02
5.906837164954164762e-03
-1.280233354216964116e-03
1.653488360043060303e-03
-8.871683739750040954e-04
-2.361187150032806759e-03
-1.084136580735919723e-03
2.289153816757477124e-03
-4.568031707725429000e-04
-7.172237864310557730e-03
-2.017142011881663255e-02
-1.003200432936150326e-05
5.895133987866520674e-03
1.095505978072015135e-02
3.012063472170584903e-03
1.193344675128606147e-02
3.364038636377940112e-03
-2.874546818401359227e-03
-1.095176466819546869e-02
6.094004297333928399e-03
-1.313319226522604022e-01
3.871431129560571477e-02
-1.820648530381442365e-01
3.898456576281721792e-03
-1.280233354216964116e-03
3.012063472170584903e-03
1.188392964274669478e-01
-3.818877011192661070e-02
1.595277142441846596e-01
8.770658104392686089e-03
9.415258061647628976e-04
1.899538762452164520e-02
3.497490718079623861e-02
-4.638790921370993664e-02
4.881935082377137497e-02
7.520200235454661299e-03
1.653488360043060303e-03
1.193344675128606147e-02
-3.908218051025992568e-02
4.385791069758618321e-02
-5.054095986865652507e-02
-4.122751043158881003e-03
4.523493258128156395e-04
-1.056049294365427223e-02
-1.409108229435080406e-01
4.774510620135769684e-02
-2.920474254193864971e-01
-3.795681498834420787e-04
-8.871683739750040954e-04
3.364038636377940112e-03
1.599831359333631908e-01
-4.988502413708519045e-02
3.185357004538373893e-01
-1.864598540095331602e-02
2.758366481526419809e-03
-2.990463320101000022e-02
-1.312401946973059674e-01
8.373945391776513314e-02
1.662000595416714410e-01
4.007494047766003292e-03
-2.361187150032806759e-03
-2.874546818401359227e-03
8.770658104392686089e-03
-4.122751043158881003e-03
-1.864598540095331602e-02
1.186954294029554796e-01
-7.901208729998548952e-02
-1.448963278387297715e-01
7.018122248086722248e-02
-8.535506983946332393e-02
-1.033554674664269729e-01
7.319283871764871441e-03
-1.084136580735919723e-03
-1.095176466819546869e-02
9.415258061647628976e-04
4.523493258128156395e-04
2.758366481526419809e-03
-7.816097648165216960e-02
8.641521027474087513e-02
1.114513991888240324e-01
1.271188161453159216e-01
-1.023079207979231270e-01
-2.519873903254459813e-01
-1.558941612598158718e-03
2.289153816757477124e-03
6.094004297333928399e-03
1.899538762452164520e-02
-1.056049294365427223e-02
-2.990463320101000022e-02
-1.446560039696286049e-01
1.111521996054900679e-01
2.757146675135311864e-01
