5.035326467433333120e-01
-2.877171333299409040e-06
-9.154649999999988871e-07
-5.165346818530003326e-01
1.229964999897118494e-06
1.229965000034296327e-06
-2.952421333299407600e-06
-5.025485586866687560e-02
6.292999999999942597e-09
1.365551999897118582e-06
4.353653307999996031e-02
-8.523899999999985423e-08
-9.573703333333311745e-07
1.887899999999994029e-08
-4.821848211500018994e-02
1.365552000034296415e-06
-8.523899999999982776e-08
4.353653307999996031e-02
-5.165346818530003326e-01
1.365551999897118582e-06
1.365552000034296415e-06
5.035326467433333120e-01
-2.877171333231589653e-06
9.154649999999988871e-07
1.229964999897118494e-06
4.353653307999996031e-02
-8.523899999999982776e-08
-2.952421333231588213e-06
-5.025485586866687560e-02
-6.292999999999830927e-09
1.229965000034296327e-06
-8.523899999999985423e-08
4.353653307999996031e-02
9.573703333333311745e-07
-1.887899999999982448e-08
-4.821848211500018994e-02
2.733900279493335361e-01
-1.491536333316526696e-06
-4.615000000000010024e-07
-2.362447374759998886e-01
6.938039999565649281e-07
6.938040000144793235e-07
-1.506114666649860105e-06
-1.130395864333334039e-03
2.899766666666663694e-08
6.081069999565647133e-07
2.088496039999985002e-04
-7.437999999999910002e-09
-4.741306666666678211e-07
2.885499999999997284e-08
-2.508240982666666476e-03
6.081070000144791088e-07
-7.437999999999930681e-09
2.088496039999985002e-04
-2.362447374759998886e-01
6.081069999565647133e-07
6.081070000144791088e-07
2.733900279493335361e-01
-1.491536333282907535e-06
4.615000000000010024e-07
6.938039999565649281e-07
2.088496039999985002e-04
-7.437999999999930681e-09
-1.506114666616240944e-06
-1.130395864333334039e-03
-2.899766666666658070e-08
6.938040000144793235e-07
-7.437999999999910002e-09
2.088496039999985002e-04
4.741306666666678211e-07
-2.885499999999991659e-08
-2.508240982666666476e-03
-9.052951320333362320e-03
1.951083333308834345e-07
6.697300000000022523e-08
8.792365443999989455e-03
-9.789749999258596724e-08
-9.789750000247139760e-08
1.910006666642169364e-07
3.095366088533344981e-02
4.100913503964797779e-24
-9.738249999258596561e-08
-3.156794557200000295e-02
-1.202052065743089425e-23
6.570266666666685875e-08
4.023128021438953030e-24
3.095821116000010281e-02
-9.738250000247139597e-08
-1.189438203710237392e-23
-3.156794557200000295e-02
8.792365443999989455e-03
-9.738249999258596561e-08
-9.738250000247139597e-08
-9.052951320333362320e-03
1.951083333259840372e-07
-6.697300000000022523e-08
-9.789749999258596724e-08
-3.156794557200000295e-02
-1.189438203710237392e-23
1.910006666593175391e-07
3.095366088533344981e-02
-1.230274051189439407e-23
-9.789750000247139760e-08
-1.202052065743089425e-23
-3.156794557200000295e-02
-6.570266666666685875e-08
-1.206938406431685909e-23
3.095821116000010281e-02
9.773883728416654648e-01
-6.352729999927927398e-06
-2.082394999999998127e-06
-9.463902316769992051e-01
2.701363999791389703e-06
2.701364000069247003e-06
-6.160947999927927038e-06
-1.992407571343342843e-01
3.327733333333319774e-08
3.044046999791389146e-06
1.892239676780002600e-01
-2.295490000002873423e-07
-2.068556666666666299e-06
3.943233333333319561e-08
-2.082219469150000668e-01
3.044047000069246446e-06
-2.295490000002872629e-07
1.845251929180002637e-01
-9.463902316769992051e-01
3.044046999791389146e-06
3.044047000069246446e-06
9.773883728416654648e-01
-6.352729999783831847e-06
2.082394999999998127e-06
2.701363999791389703e-06
1.892239676780002600e-01
-2.295490000002872629e-07
-6.160947999783831487e-06
-1.992407571343342843e-01
-3.327733333333293966e-08
2.701364000069247003e-06
-2.295490000002873423e-07
1.845251929180002637e-01
2.068556666666666299e-06
-3.943233333333294415e-08
-2.082219469150000668e-01
5.224984656886667578e-01
-3.083288666631083964e-06
-9.807726666666654832e-07
-5.513976273049998600e-01
1.306821999886070363e-06
1.306822000037978946e-06
-3.155460666631083956e-06
-5.827421637866702503e-02
2.278899999999994023e-08
1.575512999886070185e-06
6.881667335049990175e-02
-4.686199999999985410e-08
-1.030939333333331825e-06
2.423499999999993875e-08
-6.499177923900043008e-02
1.575513000037978768e-06
-4.686199999999978131e-08
6.881667334949988224e-02
-5.513976273049998600e-01
1.575512999886070185e-06
1.575513000037978768e-06
5.224984656886667578e-01
-3.083288666559959454e-06
9.807726666666654832e-07
1.306821999886070363e-06
6.881667335049990175e-02
-4.686199999999978131e-08
-3.155460666559959447e-06
-5.827421637866702503e-02
-2.278899999999982111e-08
1.306822000037978946e-06
-4.686199999999985410e-08
6.881667334949988224e-02
1.030939333333331825e-06
-2.423499999999981302e-08
-6.499177923900043008e-02
7.281932481066630269e-02
-1.920143333304376162e-07
-8.264333333333453791e-09
-5.215573457000017427e-02
1.032544999911912874e-07
1.032545000029364183e-07
-3.091293333304362664e-07
2.553160690166658350e-02
4.321266666666666861e-08
2.419959999911901346e-07
-4.202682563999996998e-03
-6.201750000000000592e-08
-7.960600000000013724e-08
3.103599999999999415e-08
1.858838037799990378e-02
2.419960000029352523e-07
-6.201749999999996622e-08
-4.202682563999996998e-03
-5.215573457000017427e-02
2.419959999911901346e-07
2.419960000029352523e-07
7.281932481066630269e-02
-1.920143333246465313e-07
8.264333333333458754e-09
1.032544999911912874e-07
-4.202682563999996998e-03
-6.201749999999996622e-08
-3.091293333246451551e-07
2.553160690166658350e-02
-4.321266666666666861e-08
1.032545000029364183e-07
-6.201750000000000592e-08
-4.202682563999996998e-03
7.960600000000013724e-08
-3.103599999999998754e-08
1.858838037799990378e-02
8.173463069936662828e-01
-5.568439999943562365e-06
-1.665259333333328786e-06
-7.623166077125006490e-01
2.715032999832311309e-06
2.715033000055890738e-06
-5.606579999943562309e-06
-1.041231191913336157e-01
3.748559999999993698e-07
2.651738499832311893e-06
1.505146104570001253e-01
-4.862849999999995928e-07
-1.767153333333328229e-06
3.621426666666660907e-07
-1.276588641256665713e-01
2.651738500055891322e-06
-4.862849999999995928e-07
1.505146104570001253e-01
-7.623166077125006490e-01
2.651738499832311893e-06
2.651738500055891322e-06
8.173463069936662828e-01
-5.568439999830714707e-06
1.665259333333328786e-06
2.715032999832311309e-06
1.505146104570001253e-01
-4.862849999999995928e-07
-5.606579999830714650e-06
-1.041231191913336157e-01
-3.748559999999991580e-07
2.715033000055890738e-06
-4.862849999999995928e-07
1.505146104570001253e-01
1.767153333333328229e-06
-3.621426666666658789e-07
-1.276588641256665713e-01
1.324661293090005632e-01
-5.452063333272476674e-07
-1.821599999999994553e-07
-1.370517088049998111e-01
3.489134999791407644e-07
3.489135000069852784e-07
-6.305723333272471098e-07
3.307001605533345379e-02
3.540199999999998177e-08
3.277394999791405246e-07
-2.349781778599999843e-02
-3.525599999996808557e-08
-1.854826666666662280e-07
5.811566666666660029e-08
1.800232555033334098e-02
3.277395000069850387e-07
-3.525599999996809218e-08
-2.297732180299999830e-02
-1.370517088049998111e-01
3.277394999791405246e-07
3.277395000069850387e-07
1.324661293090005632e-01
-5.452063333150750628e-07
1.821599999999994553e-07
3.489134999791407644e-07
-2.349781778599999843e-02
-3.525599999996809218e-08
-6.305723333150745051e-07
3.307001605533345379e-02
-3.540199999999996191e-08
3.489135000069852784e-07
-3.525599999996808557e-08
-2.297732180299999830e-02
1.854826666666662280e-07
-5.811566666666658044e-08
1.800232555033334098e-02
-8.571260166666700223e-03
1.973399999976701223e-07
6.594700000000020003e-08
9.267144351999989649e-03
-9.841249999300392669e-08
-9.841250000233206231e-08
1.956076666643369598e-07
2.947549899200006818e-02
4.038089123168537648e-24
-9.712499999300393584e-08
-2.881787292400001324e-02
-1.213089195030758663e-23
6.356633333333348967e-08
3.892315332510028152e-24
2.917657805200006907e-02
-9.712500000233207146e-08
-1.181554539950826683e-23
-2.881787292400001324e-02
9.267144351999989649e-03
-9.712499999300393584e-08
-9.712500000233207146e-08
-8.571260166666700223e-03
1.973399999930107529e-07
-6.594700000000020003e-08
-9.841249999300392669e-08
-2.881787292400001324e-02
-1.181554539950826683e-23
1.956076666596775904e-07
2.947549899200006818e-02
-1.211426736950561147e-23
-9.841250000233206231e-08
-1.213089195030758663e-23
-2.881787292400001324e-02
-6.356633333333348967e-08
-1.167694599753008299e-23
2.917657805200006907e-02
9.403229055733324238e-01
-6.490901333263079586e-06
-2.136949666666663833e-06
-1.096243348776999360e+00
3.658273499753337856e-06
3.658273500082211951e-06
-6.188146666596419373e-06
-2.072151204406671443e-01
1.744199999999986594e-08
3.335986999753338261e-06
2.464899782660000538e-01
-3.924449999999952135e-08
-2.023923333333331236e-06
2.906999999999987252e-08
-2.086800563336662917e-01
3.335987000082213203e-06
-3.924449999999960076e-08
2.464899782650000759e-01
-1.096243348776999360e+00
3.335986999753338261e-06
3.335987000082213203e-06
9.403229055733324238e-01
-6.490901333122546655e-06
2.136949666666663833e-06
3.658273499753337856e-06
2.464899782660000538e-01
-3.924449999999960076e-08
-6.188146666455886443e-06
-2.072151204406671443e-01
-1.744199999999960455e-08
3.658273500082211951e-06
-3.924449999999952135e-08
2.464899782650000759e-01
2.023923333333331236e-06
-2.906999999999962437e-08
-2.086800563336662917e-01
6.026576786133350933e-02
-1.733063333316674440e-07
-5.360000000000002997e-08
-6.457768863399999948e-02
9.963699999402584430e-08
9.963700000199124949e-08
-1.741266666650005781e-07
3.305558742266666988e-02
7.876666666666633263e-10
1.136799999940258199e-07
-3.205643706799998077e-02
9.990000000000113361e-10
-5.061866666666672844e-08
1.945333333333330338e-09
3.104801498166665299e-02
1.136800000019911986e-07
9.990000000000146448e-10
-3.205643706799998077e-02
-6.457768863399999948e-02
1.136799999940258199e-07
1.136800000019911986e-07
6.026576786133350933e-02
-1.733063333283351634e-07
5.360000000000002997e-08
9.963699999402584430e-08
-3.205643706799998077e-02
9.990000000000146448e-10
-1.741266666616682976e-07
3.305558742266666988e-02
-7.876666666666568122e-10
9.963700000199124949e-08
9.990000000000113361e-10
-3.205643706799998077e-02
5.061866666666672844e-08
-1.945333333333324134e-09
3.104801498166665299e-02
-8.205719744666694834e-03
1.980266666643269708e-07
6.617500000000022033e-08
8.792365443999989455e-03
-9.866999999282696380e-08
-9.867000000239110397e-08
1.973399999976603814e-07
3.000032412133340001e-02
4.052050096678818085e-24
-9.815499999282696217e-08
-3.025617869200000407e-02
-1.211512462281232271e-23
6.554800000000018434e-08
4.013657419525546332e-24
2.929819492000005840e-02
-9.815500000239110234e-08
-1.198898600228741254e-23
-3.025617869200000407e-02
8.792365443999989455e-03
-9.815499999282696217e-08
-9.815500000239110234e-08
-8.205719744666694834e-03
1.980266666596480667e-07
-6.617500000000022033e-08
-9.866999999282696380e-08
-3.025617869200000407e-02
-1.198898600228741254e-23
1.973399999929814773e-07
3.000032412133340001e-02
-1.215615029003645499e-23
-9.867000000239110397e-08
-1.211512462281232271e-23
-3.025617869200000407e-02
-6.554800000000018434e-08
-1.204097225857663900e-23
2.929819492000005840e-02
1.294533181630002361e-01
-6.895516666610997248e-07
-2.057289999999991021e-07
-2.026839268250000825e-01
3.287749999661335359e-07
3.287750000112895505e-07
-8.222946666610998699e-07
3.854305099833343212e-02
5.337333333333330701e-08
4.354839999661335949e-07
-1.832075772200000494e-02
-4.013299999999996636e-08
-2.608843333333330203e-07
8.352733333333321426e-08
1.102736676666663668e-02
4.354840000112895037e-07
-4.013299999999993989e-08
-1.832075772200000494e-02
-2.026839268250000825e-01
4.354839999661335949e-07
4.354840000112895037e-07
1.294533181630002361e-01
-6.895516666499664296e-07
2.057289999999991021e-07
3.287749999661335359e-07
-1.832075772200000494e-02
-4.013299999999993989e-08
-8.222946666499665747e-07
3.854305099833343212e-02
-5.337333333333328054e-08
3.287750000112895505e-07
-4.013299999999996636e-08
-1.832075772200000494e-02
2.608843333333330203e-07
-8.352733333333317455e-08
1.102736676666663668e-02
5.925059599933350796e-02
-2.511696666655306193e-07
-6.124066666666645788e-08
-9.215848114900007659e-02
1.142254999878634929e-07
1.142255000040125334e-07
-2.527226666655303951e-07
4.068772606566668087e-02
1.603699999999999663e-08
1.604419999878637135e-07
-2.609133896799998784e-02
-1.696200000003271329e-08
-1.068663333333329708e-07
2.103766666666665037e-08
2.434096708133329234e-02
1.604420000040127937e-07
-1.696200000003270005e-08
-2.662566683599998374e-02
-9.215848114900007659e-02
1.604419999878637135e-07
1.604420000040127937e-07
5.925059599933350796e-02
-2.511696666632573417e-07
6.124066666666645788e-08
1.142254999878634929e-07
-2.609133896799998784e-02
-1.696200000003270005e-08
-2.527226666632571175e-07
4.068772606566668087e-02
-1.603699999999999001e-08
1.142255000040125334e-07
-1.696200000003271329e-08
-2.662566683599998374e-02
1.068663333333329708e-07
-2.103766666666663714e-08
2.434096708133329234e-02
1.021997597313328565e-01
-3.734953333283897641e-07
-1.243516666666665258e-07
-5.415245367099999485e-02
9.868049999247079835e-08
9.868050000250995196e-08
-4.463433333283922174e-07
2.150131903099990194e-02
9.433700000000000624e-08
1.655544999924708451e-07
-1.316461701150001794e-02
-6.219400000000000753e-08
-1.026026666666665605e-07
8.036800000000002191e-08
5.251833268666676602e-03
1.655545000025099590e-07
-6.219399999999998106e-08
-1.316461701150001794e-02
-5.415245367099999485e-02
1.655544999924708451e-07
1.655545000025099590e-07
1.021997597313328565e-01
-3.734953333185070601e-07
1.243516666666665523e-07
9.868049999247079835e-08
-1.316461701150001794e-02
-6.219399999999998106e-08
-4.463433333185095135e-07
2.150131903099990194e-02
-9.433699999999999301e-08
9.868050000250995196e-08
-6.219400000000000753e-08
-1.316461701150001794e-02
1.026026666666665737e-07
-8.036800000000000867e-08
5.251833268666676602e-03
3.222823945137580193e+00
-1.979719576176156492e-05
5.880716832206040284e-06
-3.357435388784999031e+00
1.082515049931276547e-05
1.082515050022912806e-05
-4.663780029576161668e-02
-3.094106903592485636e-01
-1.634840550403385257e-08
9.898485999312765118e-06
3.836677349434997608e-01
-4.255039999999403865e-07
6.870032658638178302e-06
-1.164311403888397624e-07
-3.118880724675005545e-01
9.898486000229127712e-06
-4.255039999999407041e-07
3.846200107074998487e-01
-3.357435388784999031e+00
9.898485999312765118e-06
9.898486000229127712e-06
3.222823945137580193e+00
-1.979719576219413787e-05
-5.880716832206040284e-06
1.082515049931276547e-05
3.836677349434997608e-01
-4.255039999999407041e-07
-4.663780029576204689e-02
-3.094106903592485636e-01
1.634840550403457387e-08
1.082515050022912806e-05
-4.255039999999403865e-07
3.846200107074998487e-01
-6.870032658638178302e-06
1.164311403888406095e-07
-3.118880724675005545e-01
-3.781268225456040077e-02
-1.904359822341200254e-07
1.039117426701269837e-06
5.580071377900006763e-02
-4.426759999738079276e-07
-4.560050000089297780e-07
1.082786853517761971e-03
1.048394594325601503e-01
-2.620943023840756827e-07
-3.009084999738079124e-07
-8.678387890000006932e-02
-1.988158853886818294e-19
5.767046562200357317e-07
1.052968328255364977e-08
1.051002455611661501e-01
-3.078125000089298624e-07
-1.987799821123092407e-19
-9.002972160500007093e-02
5.580071377900006763e-02
-3.009084999738079124e-07
-3.078125000089298624e-07
-3.781268225456022036e-02
-1.904359589070128378e-07
-1.039117426701226850e-06
-4.426759999738079276e-07
-8.678387890000006932e-02
-1.987799821123092407e-19
1.082786853541089014e-03
1.048394594325599838e-01
2.620943023842456187e-07
-4.560050000089297780e-07
-1.988158853886818294e-19
-9.002972160500007093e-02
-5.767046562200375316e-07
-1.052968328245934456e-08
1.051002455611661501e-01
-6.976373247871124617e-02
1.261675986746114534e-06
2.980334945279087825e-07
1.400438685069997913e-01
-3.867169999614195364e-07
-3.947300000128850535e-07
-2.507673339013251693e-03
6.483479553887785962e-02
1.721659472670886070e-08
-5.249849999614197261e-07
-6.997712437500004656e-02
-7.206000000025251481e-09
2.036634970374119546e-07
9.321064732230123440e-09
6.255640576533334773e-02
-5.358040000128851956e-07
-7.206000000025285395e-09
-7.038887364000004365e-02
1.400438685069997913e-01
-5.249849999614197261e-07
-5.358040000128851956e-07
-6.976373247871739403e-02
1.261676317637132981e-06
-2.980334945279511341e-07
-3.867169999614195364e-07
-6.997712437500004656e-02
-7.206000000025285395e-09
-2.507673338682360996e-03
6.483479553888400748e-02
-1.721659472597618712e-08
-3.947300000128850535e-07
-7.206000000025251481e-09
-7.038887364000004365e-02
-2.036634970374348775e-07
-9.321064731729445905e-09
6.255640576533334773e-02
-9.669478192275286765e-02
1.117957660251121838e-06
3.255311612396202277e-07
1.531965930869997605e-01
-5.010009999629290479e-07
-5.124050000123207177e-07
1.624518567160253366e-03
5.563471453458587040e-02
6.916088782021882734e-09
-4.756959999629289679e-07
-4.860748374400000044e-02
-2.287999999963993612e-09
2.135148300604905223e-07
4.170834214630678352e-09
5.823931918816659808e-02
-4.929900000123205402e-07
-2.287999999963988236e-09
-4.801839144800000569e-02
1.531965930869997605e-01
-4.756959999629289679e-07
-4.929900000123205402e-07
-9.669478192274862105e-02
1.117958058847633530e-06
-3.255311612396383330e-07
-5.010009999629290479e-07
-4.860748374400000044e-02
-2.287999999963988236e-09
1.624518567558849670e-03
5.563471453458161686e-02
-6.916088781170073646e-09
-5.124050000123207177e-07
-2.287999999963993612e-09
-4.801839144800000569e-02
-2.135148300605014543e-07
-4.170834214071979886e-09
5.823931918816659808e-02
-1.038439041053332013e-01
5.759769999920067319e-07
1.773245000000001794e-07
1.064831713469999441e-01
-3.362519999752502389e-07
-3.453270000082891761e-07
1.916367630166662325e-03
2.667980463149995443e-02
1.085799406677025288e-23
-2.599959999752502210e-07
-2.824631055149998474e-02
-3.977668463801730933e-20
1.571713333333335526e-07
9.623968514219431295e-24
2.524429375183323554e-02
-2.800050000082890627e-07
-3.976001584796962725e-20
-2.889513712399998865e-02
1.064831713469999441e-01
-2.599959999752502210e-07
-2.800050000082890627e-07
-1.038439041053332013e-01
5.759769999760221614e-07
-1.773245000000001794e-07
-3.362519999752502389e-07
-2.824631055149998474e-02
-3.976001584796962725e-20
1.916367630166646279e-03
2.667980463149995443e-02
-3.257398220031075863e-23
-3.453270000082891761e-07
-3.977668463801730933e-20
-2.889513712399998865e-02
-1.571713333333335526e-07
-2.887190554265829241e-23
2.524429375183323554e-02
2.859054704091796406e+00
-5.200385147594297972e-03
5.298043673425177779e-06
-2.839848075223497581e+00
9.988324499417409978e-06
9.988324500194188318e-06
-1.103977464192607283e-01
-2.723065792199619306e-01
9.801330134078189415e-08
1.052151799941741079e-05
3.315863993619997396e-01
-8.338899999999889468e-08
5.833229997651056395e-06
-3.406506889625233392e-08
-2.888239602010008178e-01
1.052151800019418913e-05
-8.338899999999876233e-08
3.315863992809998106e-01
-2.839848075223497581e+00
1.052151799941741079e-05
1.052151800019418913e-05
2.859054704091796406e+00
-5.200385147594680478e-03
-5.298043673425177779e-06
9.988324499417409978e-06
3.315863993619997396e-01
-8.338899999999876233e-08
-1.103977464192611030e-01
-2.723065792199619306e-01
-9.801330134078124564e-08
9.988324500194188318e-06
-8.338899999999889468e-08
3.315863992809998106e-01
-5.833229997651056395e-06
3.406506889625304861e-08
-2.888239602010008178e-01
6.287367396546034159e-01
-5.214395342662004815e-03
1.816521137253575682e-07
-7.983219246895005838e-01
1.666399499869422809e-06
1.666399500043514338e-06
-5.422256168049513492e-02
9.831417648489543248e-02
1.533098652504450383e-07
2.152100499869423328e-06
-8.749928472000000068e-02
-4.060750000000978206e-08
-1.942156572636022880e-06
1.267607740257432173e-07
4.980427393783343898e-02
2.152100500043514857e-06
-4.060750000000965633e-08
-8.766184835500000216e-02
-7.983219246895005838e-01
2.152100499869423328e-06
2.152100500043514857e-06
6.287367396546034159e-01
-5.214395342662305789e-03
-1.816521137253576477e-07
1.666399499869422809e-06
-8.749928472000000068e-02
-4.060750000000965633e-08
-5.422256168049543329e-02
9.831417648489548800e-02
-1.533098652504449324e-07
1.666399500043514338e-06
-4.060750000000978206e-08
-8.766184835500000216e-02
1.942156572636022880e-06
-1.267607740257443026e-07
4.980427393783343898e-02
-1.386494305847944530e-01
1.094013557984829934e-06
3.966334999940675030e-07
1.397960119429999537e-01
-3.009314999597317067e-07
-3.009315000138246071e-07
3.620989422246489314e-04
9.088004585846150285e-02
7.010803174763984722e-12
-5.558454999597319735e-07
-7.941501261199999939e-02
-4.016620419390613149e-19
3.076879999920762405e-07
9.266963516452534261e-12
9.153824592399997795e-02
-5.558455000138248739e-07
-4.017244778618932539e-19
-8.597430460899996296e-02
1.397960119429999537e-01
-5.558454999597319735e-07
-5.558455000138248739e-07
-1.386494305847941755e-01
1.094013730781687179e-06
-3.966334999940675030e-07
-3.009314999597317067e-07
-7.941501261199999939e-02
-4.017244778618932539e-19
3.620989423974458211e-04
9.088004585846123917e-02
-7.010802876166073459e-12
-3.009315000138246071e-07
-4.016620419390613149e-19
-8.597430460899996296e-02
-3.076879999920762405e-07
-9.266963284815534971e-12
9.153824592399997795e-02
-1.148424567797934198e-01
5.043305538071550178e-07
2.402198333331919964e-07
1.373683084749997840e-01
-4.712749999671419936e-07
-4.712750000109324852e-07
5.196188871404889668e-07
3.928652551112663677e-02
2.607915188042784879e-13
-4.027254999671414631e-07
-4.150423130200001781e-02
2.053121157852441871e-20
1.992318333326129738e-07
7.718489884836535677e-13
3.930423252350002256e-02
-4.105225000109319814e-07
2.054656907801186643e-20
-4.116792007200000686e-02
1.373683084749997840e-01
-4.027254999671414631e-07
-4.105225000109319814e-07
-1.148424567797933921e-01
5.043305537198325913e-07
-2.402198333331919964e-07
-4.712749999671419936e-07
-4.150423130200001781e-02
2.054656907801186643e-20
5.196188870531664344e-07
3.928652551112662289e-02
-2.607915189403759520e-13
-4.712750000109324852e-07
2.053121157852441871e-20
-4.116792007200000686e-02
-1.992318333326129473e-07
-7.718489885965289862e-13
3.930423252350002256e-02
-9.143328089798156977e-02
1.898801979868602444e-06
5.885993333331892827e-07
8.713571384500010120e-02
4.437765000195228158e-07
4.437764999934629472e-07
1.796693479868601845e-06
2.076289456914807291e-02
4.129744955917116515e-13
5.080180000195225377e-07
-1.914157277900000592e-02
-3.195000000029301456e-09
5.725564999998598119e-07
4.017184838558926307e-13
2.111646710800008098e-02
5.080179999934627221e-07
-3.195000000029285740e-09
-1.962092952100000925e-02
8.713571384500010120e-02
5.080180000195225377e-07
5.080179999934627221e-07
-9.143328089798156977e-02
1.898801979904687530e-06
-5.885993333331892827e-07
4.437765000195228158e-07
-1.914157277900000592e-02
-3.195000000029285740e-09
1.796693479904686719e-06
2.076289456914807291e-02
-4.129744954024036640e-13
4.437764999934629472e-07
-3.195000000029301456e-09
-1.962092952100000925e-02
-5.725564999998598119e-07
-4.017184836717444246e-13
2.111646710800008098e-02
1.233550691324668103e+00
-1.102304349978162813e-05
3.451109999999997609e-07
-1.536596119979999786e+00
3.800930999719051146e-06
3.800931000093667561e-06
-1.398541655119997507e-01
4.495326293466681694e-02
2.861966666666666360e-07
3.960989999719051031e-06
-7.198283932000012521e-03
-5.946999999997676200e-08
1.387843999999991764e-06
2.584720000000002250e-07
1.323425596016660974e-02
3.960990000093668292e-06
-5.946999999997672229e-08
-6.826212128000010669e-03
-1.536596119979999786e+00
3.960989999719051031e-06
3.960990000093668292e-06
1.233550691324668103e+00
-1.102304349992718904e-05
-3.451109999999998138e-07
3.800930999719051146e-06
-7.198283932000012521e-03
-5.946999999997672229e-08
-1.398541655119998894e-01
4.495326293466683776e-02
-2.861966666666665831e-07
3.800931000093667561e-06
-5.946999999997676200e-08
-6.826212128000010669e-03
-1.387843999999991764e-06
-2.584720000000000661e-07
1.323425596016660974e-02
1.304449716352120481e+00
-8.292725955904424142e-06
7.918911930970395013e-07
-1.536596119979999786e+00
3.886164999718578641e-06
3.886165000093826095e-06
-1.243153648242890374e-01
2.606823731538173566e-02
3.832996120619173340e-07
3.960989999718578387e-06
-4.625567383000010746e-03
-4.060749999997674778e-08
1.617095857518800111e-06
3.507435551600412714e-07
9.484848335999961078e-03
3.960990000093825841e-06
-4.060749999997672793e-08
-4.253495579000008027e-03
-1.536596119979999786e+00
3.960989999718578387e-06
3.960990000093825841e-06
1.304449716352120481e+00
-8.292725956060982936e-06
-7.918911930970395013e-07
3.886164999718578641e-06
-4.625567383000010746e-03
-4.060749999997672793e-08
-1.243153648242891901e-01
2.606823731538174954e-02
-3.832996120619172811e-07
3.886165000093826095e-06
-4.060749999997674778e-08
-4.253495579000008027e-03
-1.617095857518800111e-06
-3.507435551600410597e-07
9.484848335999961078e-03
8.332618180877678082e-02
-3.171825891316474915e-05
3.003718124586237674e-06
-1.263388083094999503e-01
-1.474105000023181257e-07
-1.474104999992273290e-07
-6.226671112913154116e-03
1.133959459217233623e-01
-5.321808673884279352e-07
-6.456050000231814816e-08
-1.137196923509999347e-01
-2.130000000000022630e-09
1.464180122437782406e-06
-5.307369897157749048e-07
1.107362299789998450e-01
-6.456049999922735141e-08
-2.130000000000002778e-09
-1.137196923509999347e-01
-1.263388083094999503e-01
-6.456050000231814816e-08
-6.456049999922735141e-08
8.332618180877678082e-02
-3.171825891316174727e-05
-3.003718124586237674e-06
-1.474105000023181257e-07
-1.137196923509999347e-01
-2.130000000000002778e-09
-6.226671112913150646e-03
1.133959459217233623e-01
5.321808673884282528e-07
-1.474104999992273290e-07
-2.130000000000022630e-09
-1.137196923509999347e-01
-1.464180122437782194e-06
5.307369897157750107e-07
1.107362299789998450e-01
-1.321316108855364324e-01
3.168684096072509995e-07
1.534709999999100937e-07
1.347636693849998124e-01
-4.669234999673241610e-07
-4.874035000108918652e-07
2.981915762739170066e-07
3.956338321003677327e-02
1.666137829963173354e-13
-4.390964999673240800e-07
-4.311470575250000992e-02
-6.264858275043227619e-23
1.435518333332491951e-07
1.558451694960188417e-13
4.049834768550005654e-02
-4.649825000108916673e-07
-5.682599954377701516e-23
-4.311470576750001116e-02
1.347636693849998124e-01
-4.390964999673240800e-07
-4.649825000108916673e-07
-1.321316108855364324e-01
3.168684095099765182e-07
-1.534709999999100672e-07
-4.669234999673241610e-07
-4.311470575250000992e-02
-5.682599954377701516e-23
2.981915761766425254e-07
3.956338321003677327e-02
-1.666137830832669223e-13
-4.874035000108918652e-07
-6.264858275043227619e-23
-4.311470576750001116e-02
-1.435518333332491951e-07
-1.558451695773486844e-13
4.049834768550005654e-02
-7.830506903524817042e-02
7.678557160403676505e-07
2.605510025752310021e-07
8.121667632299998940e-02
-6.464449999812483211e-07
-6.464450000062969911e-07
7.785227160403678611e-07
1.562310226174811779e-02
-3.832491594277804778e-09
-5.597584999812486386e-07
-2.086233291549999605e-02
2.675999999953319988e-09
2.618473365529460759e-07
-4.791490723230566566e-09
1.600358442883332774e-02
-5.597585000062973087e-07
2.675999999953341081e-09
-2.162329662150000442e-02
8.121667632299998940e-02
-5.597584999812486386e-07
-5.597585000062973087e-07
-7.830506903524817042e-02
7.678556312273780291e-07
-2.605510025752344961e-07
-6.464449999812483211e-07
-2.086233291549999605e-02
2.675999999953341081e-09
7.785226312273781338e-07
1.562310226174811953e-02
3.832491594042538895e-09
-6.464450000062969911e-07
2.675999999953319988e-09
-2.162329662150000442e-02
-2.618473365529503640e-07
4.791490722994130222e-09
1.600358442883332774e-02
3.168963348198181151e+00
-5.200442779203938784e-03
5.796728337268867424e-06
-3.046344930072997226e+00
9.178573499389216080e-06
9.178573500203585743e-06
-9.224012710220369504e-02
-3.065860232155152576e-01
5.707393362071489622e-08
9.795109999389215865e-06
2.785711414909997630e-01
-4.276199999999989547e-07
6.303892171912893554e-06
7.608189864930131782e-08
-3.074028019286673685e-01
9.795110000203585527e-06
-4.276199999999988488e-07
2.785711414909997630e-01
-3.046344930072997226e+00
9.795109999389215865e-06
9.795110000203585527e-06
3.168963348198181151e+00
-5.200442779204364659e-03
-5.796728337268867424e-06
9.178573499389216080e-06
2.785711414909997630e-01
-4.276199999999988488e-07
-9.224012710220412525e-02
-3.065860232155152576e-01
-5.707393362071418816e-08
9.178573500203585743e-06
-4.276199999999989547e-07
2.785711414909997630e-01
-6.303892171912893554e-06
-7.608189864930055020e-08
-3.074028019286673685e-01
-1.352295271227587636e-01
1.121740822770753874e-06
3.715384999303090030e-07
7.924060195399990070e-02
-4.955814999755879642e-07
-5.043925000080897950e-07
1.176466156104086298e-06
6.342664946025913797e-02
8.895821793140330871e-11
-4.761879999755880626e-07
-5.365253639999998519e-02
4.763035570523110580e-20
4.021499916949933969e-07
1.058364890585115927e-08
6.071850534816667505e-02
-4.797950000080897099e-07
4.763606170206253822e-20
-5.287363667099999331e-02
7.924060195399990070e-02
-4.761879999755880626e-07
-4.797950000080897099e-07
-1.352295271227587636e-01
1.121741342589047923e-06
-3.715384999303092148e-07
-4.955814999755879642e-07
-5.365253639999998519e-02
4.763606170206253822e-20
1.176466675922380347e-06
6.342664946025913797e-02
-8.895821695920847390e-11
-5.043925000080897950e-07
4.763035570523110580e-20
-5.287363667099999331e-02
-4.021499916950210842e-07
-1.058364890479886476e-08
6.071850534816667505e-02
-8.018453784533977058e-02
1.017296368355632862e-06
3.447093241797631063e-07
1.471437620739997898e-01
1.634750003466649888e-08
1.634749998852204973e-08
5.068546895350217957e-04
4.013727241517305727e-02
8.431707562505606921e-09
6.793400003466662798e-08
-4.157170614500001193e-02
-2.287999999922493134e-09
1.320088189597847877e-07
1.323980998032144809e-08
4.301691059800000216e-02
6.793399998852217884e-08
-2.287999999922480313e-09
-4.030590781400000822e-02
1.471437620739997898e-01
6.793400003466662798e-08
6.793399998852217884e-08
-8.018453784533977058e-02
1.017296368287463862e-06
-3.447093241797630534e-07
1.634750003466649888e-08
-4.157170614500001193e-02
-2.287999999922480313e-09
5.068546895349534910e-04
4.013727241517304339e-02
-8.431707562505802136e-09
1.634749998852204973e-08
-2.287999999922493134e-09
-4.030590781400000822e-02
-1.320088189597847877e-07
-1.323980998032152254e-08
4.301691059800000216e-02
-9.172272954708868276e-02
9.246121005197976103e-07
3.456254947887217349e-07
1.227271904509999317e-01
6.707640000281227216e-07
6.707639999906251024e-07
7.609456005197991537e-07
3.260503971492206832e-02
4.927032245183609762e-09
5.879010000281222793e-07
-3.036837625100003227e-02
8.721916133677454086e-23
2.655883325811377334e-07
7.112809207932060426e-10
3.695453764833343119e-02
5.879009999906246601e-07
6.692357979325034215e-23
-3.036837624500002969e-02
1.227271904509999317e-01
5.879010000281222793e-07
5.879009999906246601e-07
-9.172272954708868276e-02
9.246121005597846593e-07
-3.456254947887217349e-07
6.707640000281227216e-07
-3.036837625100003227e-02
6.692357979325034215e-23
7.609456005597859909e-07
3.260503971492206832e-02
-4.927032245183498920e-09
6.707639999906251024e-07
8.721916133677454086e-23
-3.036837624500002969e-02
-2.639149992478053790e-07
-7.112791508579659862e-10
3.695453764833343119e-02
-9.268325448887040907e-02
1.805294929859660541e-06
5.788368346555164325e-07
9.331732715200008466e-02
5.375520000207953949e-07
5.375519999930692537e-07
1.731101929859660242e-06
2.056127686820362691e-02
-1.884260541759601131e-09
6.588135000207952926e-07
-1.988934923700000357e-02
1.594332979687669373e-21
5.687436679888515250e-07
-1.884267623351741937e-09
2.120224934150006721e-02
6.588134999930691514e-07
1.624033481254655897e-21
-1.986426564600000944e-02
9.331732715200008466e-02
6.588135000207952926e-07
6.588134999930691514e-07
-9.268325448887040907e-02
1.805294929896082746e-06
-5.788368346555164325e-07
5.375520000207953949e-07
-1.988934923700000357e-02
1.624033481254655897e-21
1.731101929896082447e-06
2.056127686820362691e-02
1.884260541759787247e-09
5.375519999930692537e-07
1.594332979687669373e-21
-1.986426564600000944e-02
-5.687436679888515250e-07
1.884267623351924743e-09
2.120224934150006721e-02
5.434948680125198939e-01
-8.296425094910877835e-04
-4.523781840001558360e-08
-7.160927146035001023e-01
2.029719499882339744e-06
2.029719500039288173e-06
-4.746649221382417266e-02
4.215717317297932448e-02
6.941670335576213887e-07
1.832992999882341705e-06
-7.559270871400003422e-02
-4.046249999992852086e-08
-4.261816917544253253e-06
1.111578280838679018e-07
4.316663481283346954e-02
1.832993000039289498e-06
-4.046249999992856718e-08
-7.442962083100000681e-02
-7.160927146035001023e-01
1.832992999882341705e-06
1.832993000039289498e-06
5.434948680125197829e-01
-8.296425094913718445e-04
4.523781840001518655e-08
2.029719499882339744e-06
-7.559270871400003422e-02
-4.046249999992856718e-08
-4.746649221382446410e-02
4.215717317297934530e-02
-6.941670335576214946e-07
2.029719500039288173e-06
-4.046249999992852086e-08
-7.442962083100000681e-02
4.261816917544253253e-06
-1.111578280838703238e-07
4.316663481283346954e-02
-3.305521892444780729e-02
1.143350272209363845e-06
2.714424958761301158e-07
1.395120637879998515e-01
-2.910959999631948317e-07
-2.955020000122655347e-07
-9.377676527394469830e-03
6.954299284561472894e-02
1.297475294171531157e-08
-5.009949999631940036e-07
-6.084700057650001270e-02
-4.746999999997061282e-09
1.939611609055579975e-07
1.812589498178177972e-08
6.666364208616679110e-02
-5.001940000122648639e-07
-4.746999999997110913e-09
-6.079861991050001385e-02
1.395120637879998515e-01
-5.009949999631940036e-07
-5.001940000122648639e-07
-3.305521892447085830e-02
1.143350524432231833e-06
-2.714424958761619854e-07
-2.910959999631948317e-07
-6.084700057650001270e-02
-4.746999999997110913e-09
-9.377676527142246241e-03
6.954299284563776606e-02
-1.297475294104801008e-08
-2.955020000122655347e-07
-4.746999999997061282e-09
-6.079861991050001385e-02
-1.939611609056025461e-07
-1.812589498130495311e-08
6.666364208616679110e-02
1.620340525400396775e-02
1.134909111901257502e-06
3.063676640652477482e-07
1.202639852139999049e-01
-2.562324999691326652e-07
-2.606385000101904365e-07
-9.817498830554771683e-03
6.336526781699625133e-02
3.315240410833118308e-09
-4.338309999691327318e-07
-4.777173082349998184e-02
9.908372778722242403e-20
9.840582878771951736e-08
5.792743887047610988e-09
6.143057543600018849e-02
-4.344110000101904529e-07
9.904093152510865134e-20
-4.615322266449996963e-02
1.202639852139999049e-01
-4.338309999691327318e-07
-4.344110000101904529e-07
1.620340525397828343e-02
1.134909235308439498e-06
-3.063676640652564303e-07
-2.562324999691326652e-07
-4.777173082349998184e-02
9.904093152510865134e-20
-9.817498830431365189e-03
6.336526781702192523e-02
-3.315240410031454149e-09
-2.606385000101904365e-07
9.908372778722242403e-20
-4.615322266449996963e-02
-9.840582878773467131e-08
-5.792743886790115453e-09
6.143057543600018849e-02
8.320317817052128029e-02
1.214762568528513147e-06
3.301548289898995779e-07
5.582899239400002100e-02
-2.519709999826320396e-07
-2.630700000057683333e-07
-4.638399397264808370e-03
5.353641186914555317e-02
4.515984217859264157e-09
-2.511419999826318672e-07
-3.871965762099999209e-02
2.140965688140400058e-20
-4.894717101008556810e-08
4.515786254719385740e-09
5.228907750933356469e-02
-2.517220000057681710e-07
2.141179223679535910e-20
-3.836947332199998340e-02
5.582899239400002100e-02
-2.511419999826318672e-07
-2.517220000057681710e-07
8.320317817052128029e-02
1.214762568525558696e-06
-3.301548289898995779e-07
-2.519709999826320396e-07
-3.871965762099999209e-02
2.141179223679535910e-20
-4.638399397264810972e-03
5.353641186914555317e-02
-4.515984217859231069e-09
-2.630700000057683333e-07
2.140965688140400058e-20
-3.836947332199998340e-02
4.894717101008556810e-08
-4.515786254719390703e-09
5.228907750933356469e-02
-7.827903726749987912e-02
5.700766666602997788e-07
1.465800000000002710e-07
1.041317011809999443e-01
-3.451424999758278982e-07
-3.498535000080692759e-07
2.011709884999997311e-03
2.568649725449996535e-02
7.110000000000090219e-10
-2.946619999758276601e-07
-2.745370237399996291e-02
-1.212468687878813507e-20
1.396996666666669092e-07
7.111111111111196846e-10
2.460426450466657311e-02
-2.976870000080689259e-07
-1.211201300906365483e-20
-2.765095863899997425e-02
1.041317011809999443e-01
-2.946619999758276601e-07
-2.976870000080689259e-07
-7.827903726749987912e-02
5.700766666475677089e-07
-1.465800000000002710e-07
-3.451424999758278982e-07
-2.745370237399996291e-02
-1.211201300906365483e-20
2.011709884999984734e-03
2.568649725449996535e-02
-7.110000000000269097e-10
-3.498535000080692759e-07
-1.212468687878813507e-20
-2.765095863899997425e-02
-1.396996666666669092e-07
-7.111111111111367452e-10
2.460426450466657311e-02
3.128511791805349773e+00
-1.968425366601473753e-05
6.181586333333341881e-06
-3.030329290710997103e+00
9.584585499365613000e-06
9.584585500211458407e-06
-1.847607299934806617e-05
-4.206260415479999293e-01
-3.378599999999974416e-07
9.283027999365615337e-06
4.230852957275004211e-01
-6.041504999999973338e-07
6.579948500000006412e-06
-1.622796666666664139e-07
-3.978741816863328729e-01
9.283028000211460744e-06
-6.041504999999975456e-07
4.230852769065002184e-01
-3.030329290710997103e+00
9.283027999365615337e-06
9.283028000211460744e-06
3.128511791805349773e+00
-1.968425366644938063e-05
-6.181586333333341881e-06
9.584585499365613000e-06
4.230852957275004211e-01
-6.041504999999975456e-07
-1.847607299978270927e-05
-4.206260415479999293e-01
3.378599999999981827e-07
9.584585500211458407e-06
-6.041504999999973338e-07
4.230852769065002184e-01
-6.579948500000006412e-06
1.622796666666672344e-07
-3.978741816863328729e-01
9.360841827621009525e-02
-7.524359337158104678e-08
2.444633807414649931e-08
-5.049077837399999769e-02
5.533300000236057153e-08
5.533299999921308313e-08
-3.520162171926711873e-03
6.318136274328965685e-02
1.931666066689825970e-08
1.988800000236062042e-08
-6.334132320699997765e-02
5.390000000000015508e-09
-1.894661503474416046e-09
2.103766713166674457e-08
6.319310972033347074e-02
1.988799999921314194e-08
5.390000000000006409e-09
-6.334132991499996646e-02
-5.049077837399999769e-02
1.988800000236062042e-08
1.988799999921314194e-08
9.360841827621009525e-02
-7.524359336179497074e-08
-2.444633807414649600e-08
5.533300000236057153e-08
-6.334132320699997765e-02
5.390000000000006409e-09
-3.520162171926703200e-03
6.318136274328968460e-02
-1.931666066689826963e-08
5.533299999921308313e-08
5.390000000000015508e-09
-6.334132991499996646e-02
1.894661503474423077e-09
-2.103766713166674788e-08
6.319310972033347074e-02
2.016772032516670268e-02
3.379073333260825382e-07
-3.944166666666674026e-08
6.651261546500003563e-03
-1.957629999872708458e-07
-1.957630000042431891e-07
-6.530368126666758833e-04
5.963484060966676992e-02
-1.576999999999961157e-09
-1.997454999872708750e-07
-6.264359971699995366e-02
7.742999999999977087e-09
-2.157933333333334670e-08
-6.749999999999601357e-10
5.054461667633362854e-02
-1.997455000042432183e-07
7.742999999999977087e-09
-6.264360376099994965e-02
6.651261546500003563e-03
-1.997454999872708750e-07
-1.997455000042432183e-07
2.016772032516670268e-02
3.379073333309158670e-07
3.944166666666674026e-08
-1.957629999872708458e-07
-6.264359971699995366e-02
7.742999999999977087e-09
-6.530368126666711128e-04
5.963484060966676992e-02
1.576999999999956401e-09
-1.957630000042431891e-07
7.742999999999977087e-09
-6.264360376099994965e-02
2.157933333333334670e-08
6.749999999999575508e-10
5.054461667633362854e-02
-1.406113374683331044e-02
6.439853333289541879e-07
1.187470000000001302e-07
3.298676744000002964e-02
-2.757349999834151747e-07
-2.757350000055164878e-07
6.633003353333312207e-04
5.745712397716688791e-02
-5.715333333333335310e-09
-2.613559999834150961e-07
-5.729862738299997676e-02
7.417500000012222501e-09
1.059054999999998229e-07
-7.652333333333347130e-09
5.287516764700037064e-02
-2.613560000055164091e-07
7.417500000012225809e-09
-5.709839563999998674e-02
3.298676744000002964e-02
-2.613559999834150961e-07
-2.613560000055164091e-07
-1.406113374683331044e-02
6.439853333201957614e-07
-1.187470000000001302e-07
-2.757349999834151747e-07
-5.729862738299997676e-02
7.417500000012225809e-09
6.633003353333224387e-04
5.745712397716688791e-02
5.715333333333321248e-09
-2.757350000055164878e-07
7.417500000012222501e-09
-5.709839563999998674e-02
-1.059054999999998229e-07
7.652333333333333895e-09
5.287516764700037064e-02
-9.145116417533338815e-02
5.932073333262199327e-07
2.009783333333344689e-07
9.304044201799988034e-02
-2.727234999784490071e-07
-2.727235000071867704e-07
6.118673333262202334e-07
2.471884379433337414e-02
-2.223333333333208816e-10
-3.080124999784489733e-07
-2.427961168499997296e-02
2.623333333306968232e-10
2.025376666666677528e-07
-9.778666666666597330e-10
2.464695818933337543e-02
-3.080125000071867365e-07
2.623333333306881895e-10
-2.432215684999996380e-02
9.304044201799988034e-02
-3.080124999784489733e-07
-3.080125000071867365e-07
-9.145116417533338815e-02
5.932073333119931673e-07
-2.009783333333344689e-07
-2.727234999784490071e-07
-2.427961168499997296e-02
2.623333333306881895e-10
6.118673333119934681e-07
2.471884379433337414e-02
2.223333333332962730e-10
-2.727235000071867704e-07
2.623333333306968232e-10
-2.432215684999996380e-02
-2.025376666666677528e-07
9.778666666666349176e-10
2.464695818933337543e-02
3.131149928931516335e+00
-7.221545976660158784e-04
5.618138666666672440e-06
-2.848599553986998156e+00
8.958276999409186744e-06
8.958277000196934162e-06
-1.917485433268986168e-05
-3.719029645601665823e-01
-4.001399999999979172e-07
8.134121499409187144e-06
3.676174463540002324e-01
-4.391434999999983498e-07
6.199069666666669505e-06
-3.176946666666641828e-07
-3.636724853036666372e-01
8.134121500196934561e-06
-4.391434999999985615e-07
3.676174360060000534e-01
-2.848599553986998156e+00
8.134121499409187144e-06
8.134121500196934561e-06
3.131149928931516335e+00
-7.221545976664448972e-04
-5.618138666666672440e-06
8.958276999409186744e-06
3.676174463540002324e-01
-4.391434999999985615e-07
-1.917485433311886354e-05
-3.719029645601665823e-01
4.001399999999986054e-07
8.958277000196934162e-06
-4.391434999999983498e-07
3.676174360060000534e-01
-6.199069666666669505e-06
3.176946666666649769e-07
-3.636724853036666372e-01
9.854353926875364378e-01
-2.550034924622923108e-04
1.121110995764642815e-06
-9.857973488320016520e-01
2.244111999816288028e-06
2.244112000061236404e-06
-2.072087910412897388e-02
-1.812077697520464784e-02
-1.155577077570180189e-07
2.695363499816288090e-06
1.428014115300000123e-02
-1.365089999999998097e-07
1.731985661734055557e-06
-1.345815634797978260e-07
-2.064949944283327177e-02
2.695363500061236466e-06
-1.365089999999997039e-07
1.428013371300000320e-02
-9.857973488320016520e-01
2.695363499816288090e-06
2.695363500061236466e-06
9.854353926875364378e-01
-2.550034924624152051e-04
-1.121110995764642815e-06
2.244111999816288028e-06
1.428014115300000123e-02
-1.365089999999997039e-07
-2.072087910412909531e-02
-1.812077697520464437e-02
1.155577077570181512e-07
2.244112000061236404e-06
-1.365089999999998097e-07
1.428013371300000320e-02
-1.731985661734055557e-06
1.345815634797980377e-07
-2.064949944283327177e-02
-9.461876724367594693e-03
2.872439089818942624e-07
-8.929766436940800438e-08
3.941425392000002907e-03
-1.431874999876268182e-07
-1.431875000041327640e-07
-2.504824334243514815e-04
6.390018292420089618e-02
9.191855650926070053e-09
-1.468284999876268175e-07
-6.341408318900004781e-02
8.963999999991379188e-09
-5.511849778063521298e-08
8.880180442079528474e-09
6.506240429816685655e-02
-1.468285000041327633e-07
8.963999999991379188e-09
-6.355443714899995655e-02
3.941425392000002907e-03
-1.468284999876268175e-07
-1.468285000041327633e-07
-9.461876724367579081e-03
2.872439044134870182e-07
8.929766436940858672e-08
-1.431874999876268182e-07
-6.341408318900004781e-02
8.963999999991379188e-09
-2.504824334289198757e-04
6.390018292420088231e-02
-9.191855650920508091e-09
-1.431875000041327640e-07
8.963999999991379188e-09
-6.355443714899995655e-02
5.511849778063576223e-08
-8.880180442076095675e-09
6.506240429816685655e-02
-9.397328279950022123e-02
6.776203333254179277e-07
2.196330000000012627e-07
9.500898585399993046e-02
-3.471364999760909925e-07
-3.471365000079700833e-07
3.151425869999937234e-04
3.526784821383338597e-02
-6.553000000000006632e-09
-3.394524999760910674e-07
-3.514722078399998978e-02
5.789999999999565381e-10
2.277491666666679518e-07
-7.055416666666645224e-09
3.526355763883339683e-02
-3.394525000079701582e-07
5.789999999999585027e-10
-3.514721610299999938e-02
9.500898585399993046e-02
-3.394524999760910674e-07
-3.394525000079701582e-07
-9.397328279950022123e-02
6.776203333095903759e-07
-2.196330000000012627e-07
-3.471364999760909925e-07
-3.514722078399998978e-02
5.789999999999585027e-10
3.151425869999778940e-04
3.526784821383338597e-02
6.552999999999979335e-09
-3.471365000079700833e-07
5.789999999999565381e-10
-3.514721610299999938e-02
-2.277491666666679518e-07
7.055416666666617099e-09
3.526355763883339683e-02
-8.501429471183341580e-02
5.497533333269100661e-07
1.845303333333342147e-07
8.622604806800003574e-02
-2.623799999803944142e-07
-2.623800000065297746e-07
5.569246666602437844e-07
1.988349894950001626e-02
-3.683999999999994723e-09
-2.708064999803943474e-07
-2.050284156100002850e-02
1.745000000056507212e-10
1.835046666666675056e-07
-3.627333333333327218e-09
2.026725912999994064e-02
-2.708065000065297078e-07
1.745000000056487050e-10
-2.041003831300003055e-02
8.622604806800003574e-02
-2.708064999803943474e-07
-2.708065000065297078e-07
-8.501429471183341580e-02
5.497533333140638586e-07
-1.845303333333342147e-07
-2.623799999803944142e-07
-2.050284156100002850e-02
1.745000000056487050e-10
5.569246666473975768e-07
1.988349894950001626e-02
3.683999999999971975e-09
-2.623800000065297746e-07
1.745000000056507212e-10
-2.041003831300003055e-02
-1.835046666666675056e-07
3.627333333333304470e-09
2.026725912999994064e-02
1.613574822226375938e+00
-8.851614698414948568e-06
2.543420998389078881e-06
-1.621923831099999713e+00
4.132165999682622179e-06
4.132166000105792216e-06
-9.079010365081608270e-06
-1.135036246053821724e-01
-1.014007904062537322e-07
4.548799999682622229e-06
1.057939215640000818e-01
-3.577614999999992427e-07
3.032499998401857811e-06
-1.005963815093783393e-07
-1.100569371820839804e-01
4.548800000105792266e-06
-3.577614999999991368e-07
1.057939185870000048e-01
-1.621923831099999713e+00
4.548799999682622229e-06
4.548800000105792266e-06
1.613574822226375938e+00
-8.851614698626454389e-06
-2.543420998389078881e-06
4.132165999682622179e-06
1.057939215640000818e-01
-3.577614999999991368e-07
-9.079010365293115785e-06
-1.135036246053821724e-01
1.014007904062540498e-07
4.132166000105792216e-06
-3.577614999999992427e-07
1.057939185870000048e-01
-3.032499998401857811e-06
1.005963815093787099e-07
-1.100569371820839804e-01
1.621923831099994162e+00
-8.883890333014398880e-06
2.635570999999989898e-06
-1.621923831099999713e+00
4.308402499681341417e-06
4.308402500106219072e-06
-9.097699999681060912e-06
-1.141073599003333133e-01
-7.079899999999915054e-08
4.548799999681341515e-06
1.127695048795001043e-01
-2.006464999999994667e-07
3.032499999999990024e-06
-9.081899999999920672e-08
-1.108319753616673203e-01
4.548800000106219171e-06
-2.006464999999993873e-07
1.127695046064999956e-01
-1.621923831099999713e+00
4.548799999681341515e-06
4.548800000106219171e-06
1.621923831099994162e+00
-8.883890333227000761e-06
-2.635570999999989898e-06
4.308402499681341417e-06
1.127695048795001043e-01
-2.006464999999993873e-07
-9.097699999893662793e-06
-1.141073599003333133e-01
7.079899999999948141e-08
4.308402500106219072e-06
-2.006464999999994667e-07
1.127695046064999956e-01
-3.032499999999990024e-06
9.081899999999957730e-08
-1.108319753616673203e-01
2.120717492012672845e-01
-9.837326473455923558e-07
2.643206719828330009e-07
-2.361038523059997007e-01
4.280004999676502582e-07
4.280005000107828700e-07
-1.981837291647360090e-03
6.016140837389868240e-02
2.349894020278567793e-08
6.232104999676507469e-07
-6.000165788899998465e-02
1.588900000000002733e-08
3.022223386591510074e-07
2.354159829496557627e-08
5.806843583500014006e-02
6.232105000107833587e-07
1.588900000000007696e-08
-6.000162763999998539e-02
-2.361038523059997007e-01
6.232104999676507469e-07
6.232105000107833587e-07
2.120717492012672845e-01
-9.837326472967342249e-07
-2.643206719828329479e-07
4.280004999676502582e-07
-6.000165788899998465e-02
1.588900000000007696e-08
-1.981837291647311518e-03
6.016140837389868240e-02
-2.349894020278576396e-08
4.280005000107828700e-07
1.588900000000002733e-08
-6.000162763999998539e-02
-3.022223386591509544e-07
-2.354159829496567553e-08
5.806843583500014006e-02
-9.093454866033352790e-02
6.327349999924987897e-07
2.094743333333344942e-07
8.517471876200000125e-02
-3.394964999777615722e-07
-3.394965000074061371e-07
3.151113046666606868e-04
3.153967978966668723e-02
-9.874333333333289205e-09
-3.326129999777616680e-07
-3.588661272499997501e-02
6.400000000068226504e-10
2.207020000000012043e-07
-9.743916666666620792e-09
3.444340992416668190e-02
-3.326130000074062330e-07
6.400000000068243047e-10
-3.577449869299997171e-02
8.517471876200000125e-02
-3.326129999777616680e-07
-3.326130000074062330e-07
-9.093454866033352790e-02
6.327349999775000596e-07
-2.094743333333344942e-07
-3.394964999777615722e-07
-3.588661272499997501e-02
6.400000000068243047e-10
3.151113046666457248e-04
3.153967978966668723e-02
9.874333333333264390e-09
-3.394965000074061371e-07
6.400000000068226504e-10
-3.577449869299997171e-02
-2.207020000000012043e-07
9.743916666666592668e-09
3.444340992416668190e-02
-7.799860767599992029e-02
4.450013333275715619e-07
1.529173333333335200e-07
7.193826361300006966e-02
-2.529959999837517353e-07
-2.529960000054161382e-07
4.473059999942387419e-07
1.611245202183330533e-02
-1.319999999999963647e-10
-2.342224999837519014e-07
-1.651363690800000325e-02
1.639999999999680267e-10
1.651460000000001475e-07
-2.587083333333328458e-09
1.600691779900002484e-02
-2.342225000054163308e-07
1.639999999999726278e-10
-1.651363254800000679e-02
7.193826361300006966e-02
-2.342224999837519014e-07
-2.342225000054163308e-07
-7.799860767599992029e-02
4.450013333160463022e-07
-1.529173333333335200e-07
-2.529959999837517353e-07
-1.651363690800000325e-02
1.639999999999726278e-10
4.473059999827134823e-07
1.611245202183330533e-02
1.319999999999776239e-10
-2.529960000054161382e-07
1.639999999999680267e-10
-1.651363254800000679e-02
-1.651460000000001475e-07
2.587083333333308192e-09
1.600691779900002484e-02
3.248625584342184069e+00
-1.928780433266076474e-05
6.058238666666675223e-06
-3.030329290710998880e+00
7.597731999378658289e-06
7.597732000207114110e-06
-2.002056666599409809e-05
-4.129323234853332636e-01
-3.271846666666653617e-07
9.004543999378655892e-06
3.521016753930002463e-01
-3.397429999999987032e-07
6.632271666666673730e-06
-4.498286666666632404e-07
-4.244249688403330389e-01
9.004544000207113406e-06
-3.397429999999983856e-07
3.521016729970001258e-01
-3.030329290710998880e+00
9.004543999378655892e-06
9.004544000207113406e-06
3.248625584342184069e+00
-1.928780433310917382e-05
-6.058238666666675223e-06
7.597731999378658289e-06
3.521016753930002463e-01
-3.397429999999983856e-07
-2.002056666644250717e-05
-4.129323234853332636e-01
3.271846666666661028e-07
7.597732000207114110e-06
-3.397429999999987032e-07
3.521016729970001258e-01
-6.632271666666673730e-06
4.498286666666640345e-07
-4.244249688403330389e-01
-5.024267766899982030e-02
6.732139999935447973e-07
1.779176666666670202e-07
6.693141755600005849e-02
-3.320489999774303151e-07
-3.320490000075235958e-07
3.319985569999936155e-04
5.518194126966684959e-02
-9.370000000000031956e-09
-3.240444999774302251e-07
-5.593378961500009711e-02
4.840499999999968964e-09
1.648825000000001531e-07
-6.989666666666669930e-09
5.304373060516685140e-02
-3.240445000075235058e-07
4.840499999999971446e-09
-5.593360876000006560e-02
6.693141755600005849e-02
-3.240444999774302251e-07
-3.240445000075235058e-07
-5.024267766899982030e-02
6.732139999806340035e-07
-1.779176666666670202e-07
-3.320489999774303151e-07
-5.593378961500009711e-02
4.840499999999971446e-09
3.319985569999807135e-04
5.518194126966684959e-02
9.370000000000010450e-09
-3.320490000075235958e-07
4.840499999999968964e-09
-5.593360876000006560e-02
-1.648825000000001531e-07
6.989666666666649251e-09
5.304373060516685140e-02
-9.094103416716645127e-02
6.244203333257768845e-07
2.095951666666675631e-07
7.818117708900000629e-02
-3.041034999794226785e-07
-3.041035000068593992e-07
6.295719386666591508e-04
3.248132117733335683e-02
-5.783666666666678851e-09
-2.986774999794227198e-07
-3.383769864000000377e-02
3.588999999999967237e-09
2.178010000000008265e-07
-6.274222222222235435e-09
3.347699952716672728e-02
-2.986775000068594405e-07
3.588999999999968478e-09
-3.383769615400002151e-02
7.818117708900000629e-02
-2.986774999794227198e-07
-2.986775000068594405e-07
-9.094103416716645127e-02
6.244203333106620050e-07
-2.095951666666675631e-07
-3.041034999794226785e-07
-3.383769864000000377e-02
3.588999999999968478e-09
6.295719386666439720e-04
3.248132117733335683e-02
5.783666666666653208e-09
-3.041035000068593992e-07
3.588999999999967237e-09
-3.383769615400002151e-02
-2.178010000000008265e-07
6.274222222222208966e-09
3.347699952716672728e-02
-9.298811706266642274e-02
6.259299999927331924e-07
2.103386666666674135e-07
8.123470454100002736e-02
-3.055629999804290601e-07
-3.055630000065239747e-07
6.265139999927334311e-07
2.572685919366665686e-02
-5.114666666666668857e-09
-2.950314999804290429e-07
-2.530582492500002556e-02
3.963333333332956205e-10
2.098930000000008327e-07
-6.516333333333338645e-09
2.642332365133320468e-02
-2.950315000065239575e-07
3.963333333332982571e-10
-2.530582453500002799e-02
8.123470454100002736e-02
-2.950314999804290429e-07
-2.950315000065239575e-07
-9.298811706266642274e-02
6.259299999781947189e-07
-2.103386666666674135e-07
-3.055629999804290601e-07
-2.530582492500002556e-02
3.963333333332982571e-10
6.265139999781949576e-07
2.572685919366665686e-02
5.114666666666643214e-09
-3.055630000065239747e-07
3.963333333332956205e-10
-2.530582453500002799e-02
-2.098930000000008327e-07
6.516333333333313002e-09
2.642332365133320468e-02
-7.715573637516680294e-02
5.427646666606993137e-07
1.812995000000008751e-07
8.950393523400007600e-02
-2.833684999796984605e-07
-2.833685000067673041e-07
5.062749999940332605e-07
2.029787421833335187e-02
-2.455333333333330852e-09
-2.893909999796984206e-07
-2.101318145900003126e-02
1.573333333332989273e-10
1.577891666666673968e-07
-1.785777777777776436e-09
2.024200988699993362e-02
-2.893910000067672643e-07
1.573333333332974281e-10
-2.101318152300002753e-02
8.950393523400007600e-02
-2.893909999796984206e-07
-2.893910000067672643e-07
-7.715573637516680294e-02
5.427646666487647253e-07
-1.812995000000008751e-07
-2.833684999796984605e-07
-2.101318145900003126e-02
1.573333333332974281e-10
5.062749999820986722e-07
2.029787421833335187e-02
2.455333333333308518e-09
-2.833685000067673041e-07
1.573333333332989273e-10
-2.101318152300002753e-02
-1.577891666666673968e-07
1.785777777777757204e-09
2.024200988699993362e-02
1.019280389465078596e+00
-4.968020695683145538e-06
1.212455992326722907e-06
-1.032917829000001619e+00
2.307489499805974356e-06
2.307489500064674735e-06
-1.184322594369572289e-02
-2.920987601791443997e-02
-2.093580444382789759e-07
2.765304499805974224e-06
2.330673003600000279e-02
-1.288610000000000049e-07
1.815481659771265517e-06
-1.881343998733817605e-07
-2.796034288449995159e-02
2.765304500064674603e-06
-1.288609999999998990e-07
2.330672820500000186e-02
-1.032917829000001619e+00
2.765304499805974224e-06
2.765304500064674603e-06
1.019280389465078596e+00
-4.968020695811548109e-06
-1.212455992326722907e-06
2.307489499805974356e-06
2.330673003600000279e-02
-1.288609999999998990e-07
-1.184322594369585126e-02
-2.920987601791443997e-02
2.093580444382791348e-07
2.307489500064674735e-06
-1.288610000000000049e-07
2.330672820500000186e-02
-1.815481659771265517e-06
1.881343998733819722e-07
-2.796034288449995159e-02
9.415536174666682551e-03
5.477599999344357483e-08
3.337433333333328788e-08
3.039224025000003028e-03
-1.435329999888277601e-07
-1.435330000037240785e-07
2.219699999934443571e-07
4.510725474816681263e-02
-2.253333333333338373e-09
-1.509344999888278280e-07
-5.777958633799999688e-02
1.652899999999997880e-08
-1.822099999999997833e-08
-9.790833333333326872e-09
4.417327056716685574e-02
-1.509345000037241465e-07
1.652899999999997880e-08
-5.777958716199995542e-02
3.039224025000003028e-03
-1.509344999888278280e-07
-1.509345000037241465e-07
9.415536174666682551e-03
5.477599999781454939e-08
-3.337433333333328788e-08
-1.435329999888277601e-07
-5.777958633799999688e-02
1.652899999999997880e-08
2.219699999978153383e-07
4.510725474816681263e-02
2.253333333333342509e-09
-1.435330000037240785e-07
1.652899999999997880e-08
-5.777958716199995542e-02
1.822099999999998164e-08
9.790833333333325218e-09
4.417327056716685574e-02
-3.961470130499977066e-03
3.756826666639242458e-07
7.012333333333338090e-08
1.627057739099997333e-02
-2.450069999880947582e-07
-2.450070000039684203e-07
4.271639999972581272e-07
4.080150916400020200e-02
7.651333333333355922e-09
-2.385579999880946718e-07
-4.853868721600002045e-02
1.847019999999996709e-08
8.531266666666668825e-08
-3.997833333333310998e-09
4.116899092833350288e-02
-2.385580000039683339e-07
1.847019999999997371e-08
-4.853868847999997377e-02
1.627057739099997333e-02
-2.385579999880946718e-07
-2.385580000039683339e-07
-3.961470130499977066e-03
3.756826666584423545e-07
-7.012333333333338090e-08
-2.450069999880947582e-07
-4.853868721600002045e-02
1.847019999999997371e-08
4.271639999917762359e-07
4.080150916400020200e-02
-7.651333333333364194e-09
-2.450070000039684203e-07
1.847019999999996709e-08
-4.853868847999997377e-02
-8.531266666666668825e-08
3.997833333333300244e-09
4.116899092833350288e-02
-5.162520726605306087e-02
5.077290937068883812e-07
1.571293329559857798e-07
5.532016262799998446e-02
-2.941229999823155065e-07
-2.941230000058633401e-07
6.360804270402232414e-07
3.844322699255312697e-02
-1.508872629597156954e-09
-3.095229999823154989e-07
-4.094858517500007955e-02
4.350400000031219648e-09
1.707806643294907322e-07
-9.345409376973816412e-09
3.767636440966688066e-02
-3.095230000058633324e-07
4.350400000031215512e-09
-4.043828400000005346e-02
5.532016262799998446e-02
-3.095229999823154989e-07
-3.095230000058633324e-07
-5.162520726605306087e-02
5.077290936958582123e-07
-1.571293329559857798e-07
-2.941229999823155065e-07
-4.094858517500007955e-02
4.350400000031215512e-09
6.360804270291930725e-07
3.844322699255312697e-02
1.508872629597137515e-09
-2.941230000058633401e-07
4.350400000031219648e-09
-4.043828400000005346e-02
-1.707806643294907322e-07
9.345409376973796560e-09
3.767636440966688066e-02
-9.344328997516671009e-02
6.094213333260853757e-07
2.010930000000011244e-07
9.248305225199984769e-02
-2.729519999784414444e-07
-2.729520000071828076e-07
6.146016666594184509e-07
2.492936783366671294e-02
-9.433333333333327641e-10
-3.109564999784413530e-07
-2.487869672899997719e-02
2.644000000039937179e-10
2.049673333333344923e-07
-1.884333333333215209e-10
2.512613555550005304e-02
-3.109565000071827162e-07
2.644000000039844121e-10
-2.481296325899997116e-02
9.248305225199984769e-02
-3.109564999784413530e-07
-3.109565000071827162e-07
-9.344328997516671009e-02
6.094213333115888303e-07
-2.010930000000011244e-07
-2.729519999784414444e-07
-2.487869672899997719e-02
2.644000000039844121e-10
6.146016666449219055e-07
2.492936783366671294e-02
9.433333333333081555e-10
-2.729520000071828076e-07
2.644000000039937179e-10
-2.481296325899997116e-02
-2.049673333333344923e-07
1.884333333332964211e-10
2.512613555550005304e-02
3.633434116789016954e+00
-1.927973633258274290e-05
6.108287666666666144e-06
-3.593501463508997684e+00
7.798900499274027227e-06
7.798900500241975821e-06
-2.129351066591605551e-05
-4.527759186360009180e-01
-2.884716666666650070e-07
1.113209549927403081e-05
3.584558221064997885e-01
-8.077499999999933198e-08
7.227464666666685431e-06
-3.016139999999984284e-07
-4.365788901776684883e-01
1.113209550024197940e-05
-8.077499999999849818e-08
3.584558221064997885e-01
-3.593501463508997684e+00
1.113209549927403081e-05
1.113209550024197940e-05
3.633434116789016954e+00
-1.927973633308315980e-05
-6.108287666666666144e-06
7.798900499274027227e-06
3.584558221064997885e-01
-8.077499999999849818e-08
-2.129351066641647241e-05
-4.527759186360009180e-01
2.884716666666657482e-07
7.798900500241975821e-06
-8.077499999999933198e-08
3.584558221064997885e-01
-7.227464666666685431e-06
3.016139999999993284e-07
-4.365788901776684883e-01
1.019144288898334305e-01
-4.748676666497112425e-07
1.605179999999993202e-07
-1.079224400639999526e-01
2.286544999817944738e-07
2.286545000060688235e-07
-4.927193333163780257e-07
9.615112446666620669e-03
-7.572999999999972918e-09
2.714814999817945965e-07
-8.814513068500003795e-03
-1.449499999999974367e-09
1.658933333333326430e-07
-6.032333333333301025e-09
8.376843669333307665e-03
2.714815000060690256e-07
-1.449499999999964027e-09
-8.814513068500003795e-03
-1.079224400639999526e-01
2.714814999817945965e-07
2.714815000060690256e-07
1.019144288898334305e-01
-4.748676666610146325e-07
-1.605179999999993202e-07
2.286544999817944738e-07
-8.814513068500003795e-03
-1.449499999999964027e-09
-4.927193333276814686e-07
9.615112446666620669e-03
7.572999999999992770e-09
2.286545000060688235e-07
-1.449499999999974367e-09
-8.814513068500003795e-03
-1.658933333333326430e-07
6.032333333333321705e-09
8.376843669333307665e-03
3.053313787499998579e-03
-3.426533333523666141e-08
2.345966666666669350e-08
-8.260851965500009414e-03
3.475350000078318203e-08
3.475349999974011389e-08
-2.047900000190315824e-08
1.341388214516663416e-02
-1.990999999999995710e-09
2.797250000078322540e-08
-1.252441022500000445e-02
1.202437951909475180e-21
-7.027999999999984416e-09
-1.513333333333334725e-09
1.185992018666662956e-02
2.797249999974014403e-08
1.200777085920491018e-21
-1.250484921100000410e-02
-8.260851965500009414e-03
2.797250000078322540e-08
2.797249999974014403e-08
3.053313787499998579e-03
-3.426533333396785237e-08
-2.345966666666669350e-08
3.475350000078318203e-08
-1.252441022500000445e-02
1.200777085920491018e-21
-2.047900000063435251e-08
1.341388214516663416e-02
1.990999999999998605e-09
3.475349999974011389e-08
1.202437951909475180e-21
-1.250484921100000410e-02
7.027999999999984416e-09
1.513333333333333898e-09
1.185992018666662956e-02
-2.216375379333329967e-03
6.886133333242698783e-08
2.356000000000009649e-08
-2.453449788500003045e-03
-1.568999999803859946e-08
-1.569000000065259608e-08
4.189066666576043250e-08
1.257991029566668355e-02
-4.089999999999985876e-10
6.475000001961404956e-09
-1.313078552199999777e-02
5.695000000011944984e-10
1.527633333333338615e-08
-3.113333333333324133e-10
1.207887284300001272e-02
6.474999999347409168e-09
5.695000000011999785e-10
-1.311122450799999742e-02
-2.453449788500003045e-03
6.475000001961404956e-09
6.474999999347409168e-09
-2.216375379333329967e-03
6.886133333061495937e-08
-2.356000000000009649e-08
-1.568999999803859946e-08
-1.313078552199999777e-02
5.695000000011999785e-10
4.189066666394841065e-08
1.257991029566668355e-02
4.089999999999956925e-10
-1.569000000065259608e-08
5.695000000011944984e-10
-1.311122450799999742e-02
-1.527633333333338615e-08
3.113333333333305522e-10
1.207887284300001272e-02
-3.140555937916677393e-02
1.994853333309295847e-07
6.659200000000001820e-08
2.942888635600004674e-02
-1.013419999931431047e-07
-1.013420000022855812e-07
2.038266666642629262e-07
7.847050856833334698e-03
8.296666666666707293e-10
-1.026454999931431136e-07
-7.898103416999995366e-03
-1.233099923718022905e-23
6.796466666666672376e-08
4.161635574422510565e-24
7.860558015000003104e-03
-1.026455000022855902e-07
-1.265026465772819595e-23
-7.898103416999995366e-03
2.942888635600004674e-02
-1.026454999931431136e-07
-1.026455000022855902e-07
-3.140555937916677393e-02
1.994853333261225139e-07
-6.659200000000001820e-08
-1.013419999931431047e-07
-7.898103416999995366e-03
-1.265026465772819595e-23
2.038266666594558554e-07
7.847050856833334698e-03
-8.296666666666788977e-10
-1.013420000022855812e-07
-1.233099923718022905e-23
-7.898103416999995366e-03
-6.796466666666672376e-08
-1.248490672326753096e-23
7.860558015000003104e-03
3.144837407499683213e+00
-1.814520233267803031e-05
5.724983333333331847e-06
-3.471781039261498503e+00
8.043544999292847681e-06
8.043545000235691913e-06
-2.044199966601135656e-05
-4.226645173390007337e-01
-2.299299999999989626e-07
1.068538549929285426e-05
3.776681954469995883e-01
-8.077799999999918980e-08
6.473205333333332761e-06
-3.153856666666641851e-07
-4.224381444506682959e-01
1.068538550023569849e-05
-8.077799999999855452e-08
3.776681954469995883e-01
-3.471781039261498503e+00
1.068538549929285426e-05
1.068538550023569849e-05
3.144837407499683213e+00
-1.814520233311492313e-05
-5.724983333333331847e-06
8.043544999292847681e-06
3.776681954469995883e-01
-8.077799999999855452e-08
-2.044199966644824937e-05
-4.226645173390007337e-01
2.299299999999996773e-07
8.043545000235691913e-06
-8.077799999999918980e-08
3.776681954469995883e-01
-6.473205333333332761e-06
3.153856666666649792e-07
-4.224381444506682959e-01
8.777842228436715244e-01
-4.242574333158560975e-06
1.300827333333331019e-06
-8.172296722149988701e-01
1.930080999837658152e-06
1.930081000054115304e-06
-5.065333666491901215e-06
-7.365938646033358406e-02
-9.514566666666641638e-08
2.386349999837658543e-06
6.652406467699992221e-02
-2.006919999999998227e-07
1.736299333333331201e-06
-6.543566666666634423e-08
-7.049978783166691021e-02
2.386350000054115695e-06
-2.006919999999996639e-07
6.652406467699992221e-02
-8.172296722149988701e-01
2.386349999837658543e-06
2.386350000054115695e-06
8.777842228436715244e-01
-4.242574333275079674e-06
-1.300827333333331019e-06
1.930080999837658152e-06
6.652406467699992221e-02
-2.006919999999996639e-07
-5.065333666608419914e-06
-7.365938646033358406e-02
9.514566666666657520e-08
1.930081000054115304e-06
-2.006919999999998227e-07
6.652406467699992221e-02
-1.736299333333331201e-06
6.543566666666655599e-08
-7.049978783166691021e-02
4.359825699666676491e-02
-2.381699999940767461e-07
7.287033333333357087e-08
-4.082305180199995859e-02
1.147959999945972444e-07
1.147960000018008096e-07
-2.256123333274103014e-07
1.135559945800001039e-02
-5.176666666666652306e-09
9.331699999459726760e-08
-1.141214104799999698e-02
1.537366482583818269e-23
6.205800000000019743e-08
-1.059033333333332520e-08
1.130150799366669116e-02
9.331700000180085930e-08
1.011282710600892420e-23
-1.141214104799999698e-02
-4.082305180199995859e-02
9.331699999459726760e-08
9.331700000180085930e-08
4.359825699666676491e-02
-2.381699999980253490e-07
-7.287033333333357087e-08
1.147959999945972444e-07
-1.141214104799999698e-02
1.011282710600892420e-23
-2.256123333313589043e-07
1.135559945800001039e-02
5.176666666666661405e-09
1.147960000018008096e-07
1.537366482583818269e-23
-1.141214104799999698e-02
-6.205800000000019743e-08
1.059033333333333347e-08
1.130150799366669116e-02
-2.230329343766653677e-02
1.773029999979479927e-07
5.930433333333332221e-08
2.577010702200002029e-02
-9.619799999317570589e-08
-9.619800000227487792e-08
1.765278349999976925e-04
1.119189405816670493e-02
3.631343099611716922e-24
-9.780349999317571322e-08
-1.138001764600000444e-02
-1.168254875701867107e-23
5.833099999999994177e-08
3.571743622053209530e-24
1.092543962500003990e-02
-9.780350000227488525e-08
-1.207578284419766437e-23
-1.138001764600000444e-02
2.577010702200002029e-02
-9.780349999317571322e-08
-9.780350000227488525e-08
-2.230329343766653677e-02
1.773029999938460239e-07
-5.930433333333332221e-08
-9.619799999317570589e-08
-1.138001764600000444e-02
-1.207578284419766437e-23
1.765278349999935725e-04
1.119189405816670493e-02
-1.089402929883515003e-23
-9.619800000227487792e-08
-1.168254875701867107e-23
-1.138001764600000444e-02
-5.833099999999994177e-08
-1.071523086615962712e-23
1.092543962500003990e-02
-3.097586612033323417e-02
1.996369999976956233e-07
6.557866666666673138e-08
2.999149249800004205e-02
-8.876599999329850253e-08
-8.876600000223386633e-08
1.986379999976956022e-07
6.646758308666650406e-03
-2.363333333333293119e-10
-1.006269999932984391e-07
-6.489914473000002286e-03
-1.014442299351767666e-23
6.566766666666669995e-08
4.020984889540435675e-24
6.570446671666649134e-03
-1.006270000022338029e-07
-1.304953013042967461e-23
-6.489914473000002286e-03
2.999149249800004205e-02
-1.006269999932984391e-07
-1.006270000022338029e-07
-3.097586612033323417e-02
1.996369999930881611e-07
-6.557866666666673138e-08
-8.876599999329850253e-08
-6.489914473000002286e-03
-1.304953013042967461e-23
1.986379999930881400e-07
6.646758308666650406e-03
2.363333333333212986e-10
-8.876600000223386633e-08
-1.014442299351767666e-23
-6.489914473000002286e-03
-6.566766666666669995e-08
-1.206295466862130629e-23
6.570446671666649134e-03
1.383145661699817897e+00
-8.011171932420860909e-06
2.530103999049778781e-06
-1.383145661699999973e+00
3.199693999721474270e-06
3.199694000092844007e-06
-8.091918932420863610e-06
-1.598056754578199845e-01
-8.514669490196400312e-08
3.769866499721474951e-06
1.330849864625002765e-01
-5.915799999999964206e-08
2.691599998798489470e-06
-1.076640300375503537e-07
-1.555299652379995567e-01
3.769866500092843841e-06
-5.915799999999950310e-08
1.330849864625002765e-01
-1.383145661699999973e+00
3.769866499721474951e-06
3.769866500092843841e-06
1.383145661699817897e+00
-8.011171933295027709e-06
-2.530103999049778781e-06
3.199693999721474270e-06
1.330849864625002765e-01
-5.915799999999950310e-08
-8.091918933295027023e-06
-1.598056754578199845e-01
8.514669490196543249e-08
3.199694000092844007e-06
-5.915799999999964206e-08
1.330849864625002765e-01
-2.691599998798489046e-06
1.076640300375519022e-07
-1.555299652379995567e-01
1.383145661699997753e+00
-8.020868666383274985e-06
2.574963999999993410e-06
-1.383145661699999973e+00
3.474896999720552916e-06
3.474897000093150851e-06
-8.074699999716608990e-06
-1.598056754579995353e-01
-5.823066666666620130e-08
3.975661499720553244e-06
1.381047588990003128e-01
3.948891667561808405e-22
2.691599999999991729e-06
-7.177599999999951722e-08
-1.582022919759995538e-01
3.975661500093152026e-06
5.175410951670337071e-22
1.381047588990003128e-01
-1.383145661699999973e+00
3.975661499720553244e-06
3.975661500093152026e-06
1.383145661699997753e+00
-8.020868666572232789e-06
-2.574963999999993410e-06
3.474896999720552916e-06
1.381047588990003128e-01
5.175410951670337071e-22
-8.074699999905566794e-06
-1.598056754579995353e-01
5.823066666666651232e-08
3.474897000093150851e-06
3.948891667561808405e-22
1.381047588990003128e-01
-2.691599999999991729e-06
7.177599999999984809e-08
-1.582022919759995538e-01
1.866795402174989682e-01
-8.946609999655555838e-07
2.926176666666674318e-07
-1.896304116300000786e-01
4.127664999652974496e-07
4.127665000115680537e-07
-9.872669999655566713e-07
-8.172250401666730302e-04
-1.388666666666661003e-08
5.081209999652974846e-07
-7.163121510000003541e-04
-7.649499999999953784e-09
3.328300000000009494e-07
-1.151699999999993696e-08
-1.237949282166673397e-03
5.081210000115681416e-07
-7.649499999999930623e-09
-7.163121510000003541e-04
-1.896304116300000786e-01
5.081209999652974846e-07
5.081210000115681416e-07
1.866795402174989682e-01
-8.946609999885172706e-07
-2.926176666666674318e-07
4.127664999652974496e-07
-7.163121510000003541e-04
-7.649499999999930623e-09
-9.872669999885184639e-07
-8.172250401666730302e-04
1.388666666666664477e-08
4.127665000115680537e-07
-7.649499999999953784e-09
-7.163121510000003541e-04
-3.328300000000009494e-07
1.151699999999997832e-08
-1.237949282166673397e-03
-2.238010862833321110e-02
1.646569999979549614e-07
5.602533333333322382e-08
2.382576853600002625e-02
-8.772799999369315460e-08
-8.772800000210229918e-08
1.765244503333313411e-04
1.100377134816670974e-02
3.430562256891502472e-24
-9.045099999369318501e-08
-1.050715222400000481e-02
1.449999999999894439e-10
5.732433333333326080e-08
3.510103066496125237e-24
1.052957800866670401e-02
-9.045100000210232959e-08
1.449999999999887718e-10
-1.050715222400000481e-02
2.382576853600002625e-02
-9.045099999369318501e-08
-9.045100000210232959e-08
-2.238010862833321110e-02
1.646569999938666245e-07
-5.602533333333322382e-08
-8.772799999369315460e-08
-1.050715222400000481e-02
1.449999999999887718e-10
1.765244503333272482e-04
1.100377134816670974e-02
-1.029168677067450595e-23
-8.772800000210229918e-08
1.449999999999894439e-10
-1.050715222400000481e-02
-5.732433333333326080e-08
-1.053030919948837498e-23
1.052957800866670401e-02
-2.918584378300011564e-02
1.809836666645760225e-07
5.987033333333326917e-08
2.922679123399999149e-02
-8.925749999368731858e-08
-8.925750000210409969e-08
8.835325466666455959e-05
4.955555535333352676e-03
3.666000604027583629e-24
-9.908749999368733447e-08
-5.137330202000002510e-03
1.573999999999989808e-09
6.016933333333323764e-08
3.684309073674834689e-24
4.791844934666687761e-03
-9.908750000210411558e-08
1.573999999999987327e-09
-5.137330202000002510e-03
2.922679123399999149e-02
-9.908749999368733447e-08
-9.908750000210411558e-08
-2.918584378300011564e-02
1.809836666603949091e-07
-5.987033333333326917e-08
-8.925749999368731858e-08
-5.137330202000002510e-03
1.573999999999987327e-09
8.835325466666037186e-05
4.955555535333352676e-03
-1.099800181208275015e-23
-8.925750000210409969e-08
1.573999999999989808e-09
-5.137330202000002510e-03
-6.016933333333323764e-08
-1.105292722102450260e-23
4.791844934666687761e-03
3.555547337127018093e+00
-1.836052866593557999e-05
5.778371666666665693e-06
-3.482247444704998252e+00
8.743885499284285710e-06
8.743885500238551334e-06
-2.245577466593555647e-05
-4.244943818880007047e-01
-2.568453333333312726e-07
1.066401999928428724e-05
4.138298794174996020e-01
-2.634614999999991461e-07
7.051403000000017604e-06
-2.072779999999985292e-07
-4.140315876993348465e-01
1.066402000023855286e-05
-2.634614999999986696e-07
4.138298794174996020e-01
-3.482247444704998252e+00
1.066401999928428724e-05
1.066402000023855286e-05
3.555547337127018093e+00
-1.836052866642299324e-05
-5.778371666666665693e-06
8.743885499284285710e-06
4.138298794174996020e-01
-2.634614999999986696e-07
-2.245577466642296972e-05
-4.244943818880007047e-01
2.568453333333319608e-07
8.743885500238551334e-06
-2.634614999999991461e-07
4.138298794174996020e-01
-7.051403000000017604e-06
2.072779999999994027e-07
-4.140315876993348465e-01
8.775396528166678339e-03
5.185333333307751989e-08
1.439666666666667713e-08
-7.681030823000001631e-03
-2.204549999893393006e-08
-2.204550000035530760e-08
1.324699999974429641e-08
1.295010275800004620e-02
-5.259999999999990108e-10
-1.316249999893394906e-08
-1.348424601499999438e-02
2.147499999999996565e-09
2.006666666666651207e-10
-1.460000000000000645e-10
1.241722870600004379e-02
-1.316250000035532493e-08
2.147499999999998633e-09
-1.348424601499999612e-02
-7.681030823000001631e-03
-1.316249999893394906e-08
-1.316250000035532493e-08
8.775396528166678339e-03
5.185333333256626934e-08
-1.439666666666667713e-08
-2.204549999893393006e-08
-1.348424601499999438e-02
2.147499999999998633e-09
1.324699999923304254e-08
1.295010275800004620e-02
5.259999999999972530e-10
-2.204550000035530760e-08
2.147499999999996565e-09
-1.348424601499999612e-02
-2.006666666666651465e-10
1.460000000000000387e-10
1.241722870600004379e-02
-2.104390700883326457e-02
1.654243333313957409e-07
5.666666666666653881e-08
2.266873918000000820e-02
-7.485549999387978148e-08
-7.485550000204008366e-08
4.410480383333332350e-04
1.059020698466668631e-02
3.469832597584159560e-24
-7.921899999387975302e-08
-1.064815035000001193e-02
-8.899967532313489251e-24
5.589299999999989705e-08
3.422459177237144002e-24
1.056594131200001320e-02
-7.921900000204005520e-08
-9.968716793885661631e-24
-1.064815035000001193e-02
2.266873918000000820e-02
-7.921899999387975302e-08
-7.921900000204005520e-08
-2.104390700883326457e-02
1.654243333275216769e-07
-5.666666666666653881e-08
-7.485549999387978148e-08
-1.064815035000001193e-02
-9.968716793885661631e-24
4.410480383333293861e-04
1.059020698466668631e-02
-1.040949779275247868e-23
-7.485550000204008366e-08
-8.899967532313489251e-24
-1.064815035000001193e-02
-5.589299999999989705e-08
-1.026737753171143201e-23
1.056594131200001320e-02
-2.747503285599991671e-02
1.971356666644420570e-07
6.619299999999971135e-08
2.584504765200000900e-02
-7.805799999366164905e-08
-7.805800000211266882e-08
1.992016666644420703e-07
8.845525474333334678e-03
4.053152278798020107e-24
-8.264999999366168117e-08
-8.658853615000015533e-03
-9.278169080076404029e-24
6.435299999999974252e-08
3.940484773276465515e-24
8.922104924666673237e-03
-8.265000000211270094e-08
-1.040288470042769671e-23
-8.658853615000015533e-03
2.584504765200000900e-02
-8.264999999366168117e-08
-8.265000000211270094e-08
-2.747503285599991671e-02
1.971356666599940752e-07
-6.619299999999971135e-08
-7.805799999366164905e-08
-8.658853615000015533e-03
-1.040288470042769671e-23
1.992016666599940885e-07
8.845525474333334678e-03
-1.215945683639405812e-23
-7.805800000211266882e-08
-9.278169080076404029e-24
-8.658853615000015533e-03
-6.435299999999974252e-08
-1.182145431982939434e-23
8.922104924666673237e-03
-3.081728316899990869e-02
1.957019999977251749e-07
6.461700000000010804e-08
3.013025884800000359e-02
-8.805099999327720417e-08
-8.805100000224083769e-08
1.960706666643918538e-07
6.323632868666651669e-03
3.956650111025233016e-24
-9.088949999327724643e-08
-6.466564898000000047e-03
-1.060932953461299361e-23
6.538566666666669782e-08
4.003717369672458071e-24
6.284463989999986185e-03
-9.088950000224087995e-08
-1.130456152244280705e-23
-6.466564898000000047e-03
3.013025884800000359e-02
-9.088949999327724643e-08
-9.088950000224087995e-08
-3.081728316899990869e-02
1.957019999931767139e-07
-6.461700000000010804e-08
-8.805099999327720417e-08
-6.466564898000000047e-03
-1.130456152244280705e-23
1.960706666598433927e-07
6.323632868666651669e-03
-1.186995033307569684e-23
-8.805100000224083769e-08
-1.060932953461299361e-23
-6.466564898000000047e-03
-6.538566666666669782e-08
-1.201115210901737274e-23
6.284463989999986185e-03
8.177625681520046541e-01
-4.279558999835667985e-06
1.373566333333332898e-06
-7.657827640799987901e-01
1.844636499847515794e-06
1.844636500050829748e-06
-5.153398333169007912e-06
-7.685648432600022950e-02
-4.831099999999973691e-08
2.233474999847516103e-06
6.431118218499994044e-02
-1.068399999999997973e-07
1.586621999999999105e-06
-4.926299999999970467e-08
-7.389511434100019815e-02
2.233475000050829845e-06
-1.068399999999997179e-07
6.431118218499994044e-02
-7.657827640799987901e-01
2.233474999847516103e-06
2.233475000050829845e-06
8.177625681520046541e-01
-4.279558999945227461e-06
-1.373566333333332898e-06
1.844636499847515794e-06
6.431118218499994044e-02
-1.068399999999997179e-07
-5.153398333278567389e-06
-7.685648432600022950e-02
4.831099999999990234e-08
1.844636500050829748e-06
-1.068399999999997973e-07
6.431118218499994044e-02
-1.586621999999999105e-06
4.926299999999989657e-08
-7.389511434100019815e-02
1.355753377049996253e-02
-5.944766666635147255e-08
2.911066666666672868e-08
-1.724709510750000244e-02
3.826249999905093532e-08
3.826250000031633637e-08
-8.777999999968491288e-08
1.184191129599991912e-02
-1.983999999999994390e-09
2.961149999905093283e-08
-1.208068939000000834e-02
5.215525788249052830e-24
8.760666666666743327e-09
-1.790333333333331390e-09
1.165178321616658873e-02
2.961150000031633388e-08
3.096641896312433349e-24
-1.208068939000000834e-02
-1.724709510750000244e-02
2.961149999905093283e-08
2.961150000031633388e-08
1.355753377049996253e-02
-5.944766666656156981e-08
-2.911066666666672868e-08
3.826249999905093532e-08
-1.208068939000000834e-02
3.096641896312433349e-24
-8.777999999989501675e-08
1.184191129599991912e-02
1.983999999999998112e-09
3.826250000031633637e-08
5.215525788249052830e-24
-1.208068939000000834e-02
-8.760666666666743327e-09
1.790333333333332424e-09
1.165178321616658873e-02
1.027789644149998578e-02
9.514666666658945663e-08
2.726833333333340843e-08
-1.737098457499991521e-03
-4.471999998118141219e-09
-4.472000000627842766e-09
-2.223466666674367154e-08
1.153624049033325979e-02
9.916666666666683087e-10
-2.448899999811813610e-08
-1.198147383400000911e-02
-5.516129428499438845e-22
-1.668666666666654287e-09
1.185333333333333376e-09
1.099960363966660283e-02
-2.448900000062783847e-08
-5.565156938456981929e-22
-1.199049343000000920e-02
-1.737098457499991521e-03
-2.448899999811813610e-08
-2.448900000062783847e-08
1.027789644149998578e-02
9.514666666643534957e-08
-2.726833333333340843e-08
-4.471999998118141219e-09
-1.198147383400000911e-02
-5.565156938456981929e-22
-2.223466666689777198e-08
1.153624049033325979e-02
-9.916666666666716174e-10
-4.472000000627842766e-09
-5.516129428499438845e-22
-1.199049343000000920e-02
1.668666666666654494e-09
-1.185333333333333169e-09
1.099960363966660283e-02
-2.898284210333335487e-03
1.350233333324410239e-07
4.056933333333343932e-08
3.350825403500002925e-03
-4.710799999719256955e-08
-4.710800000093630297e-08
6.539933333244099548e-08
1.167585768916659314e-02
6.900000000000024770e-10
-3.951249999719259262e-08
-1.193186605600000602e-02
-5.585251249298940917e-22
2.345733333333337517e-08
8.836666666666681647e-10
1.174439584633325991e-02
-3.951250000093632605e-08
-5.566647639773256061e-22
-1.194088565200000611e-02
3.350825403500002925e-03
-3.951249999719259262e-08
-3.951250000093632605e-08
-2.898284210333335487e-03
1.350233333306562196e-07
-4.056933333333343932e-08
-4.710799999719256955e-08
-1.193186605600000602e-02
-5.566647639773256061e-22
6.539933333065617794e-08
1.167585768916659314e-02
-6.900000000000074400e-10
-4.710800000093630297e-08
-5.585251249298940917e-22
-1.194088565200000611e-02
-2.345733333333337517e-08
-8.836666666666710598e-10
1.174439584633325991e-02
-3.078262847400011284e-02
2.011683333309665391e-07
6.774033333333335222e-08
2.970819892200004739e-02
-9.953599999309208770e-08
-9.953600000230259162e-08
2.011566666642997356e-07
7.866378934166667891e-03
4.147899119492072529e-24
-1.022329999930920886e-07
-7.896455509999993766e-03
-1.202450075958891078e-23
6.676999999999996857e-08
4.088483338953436794e-24
7.808097272166658956e-03
-1.022330000023025925e-07
-1.268507524300848518e-23
-7.896455509999993766e-03
2.970819892200004739e-02
-1.022329999930920886e-07
-1.022330000023025925e-07
-3.078262847400011284e-02
2.011683333262333719e-07
-6.774033333333335222e-08
-9.953599999309208770e-08
-7.896455509999993766e-03
-1.268507524300848518e-23
2.011566666595665685e-07
7.866378934166667891e-03
-1.244369735847621612e-23
-9.953600000230259162e-08
-1.202450075958891078e-23
-7.896455509999993766e-03
-6.676999999999996857e-08
-1.226545001686030891e-23
7.808097272166658956e-03
3.031850239926150881e+00
-1.677343641800465356e-05
5.351226668650754527e-06
-3.362910558406006167e+00
9.330846999320348295e-06
9.330847000226560046e-06
-2.822520881167508433e-01
-2.927780360178213748e-01
8.606520997081463691e-08
9.689439999320349420e-06
3.369790686250004885e-01
-4.099999999887928072e-11
4.504540668954580253e-06
9.924489615624289631e-08
-2.928975823543338852e-01
9.689440000226561171e-06
-4.099999999879145094e-11
3.369790686760002485e-01
-3.362910558406006167e+00
9.689439999320349420e-06
9.689440000226561171e-06
3.427643322971805961e+00
-1.556383272601157924e-05
-4.880264011837238379e-06
9.330846999320348295e-06
3.369790686250004885e-01
-4.099999999879145094e-11
-1.888609842007256956e-01
-2.827402265013114202e-01
-5.649264408646609010e-08
9.330847000226560046e-06
-4.099999999887928072e-11
3.369790686760002485e-01
-5.173608697422630055e-06
-1.467822492875117288e-07
-2.730952764500004792e-01
4.618447442112620649e-02
5.035813368264549064e-07
-1.537303334042338788e-07
-2.348344632999999678e-03
-8.732768730108163537e-09
4.422804423839389940e-07
-5.185564172329860597e-03
8.683545397720736359e-02
9.799888779957037585e-10
-2.079601025923936395e-09
-9.787504237325003742e-02
-3.837032225000730490e-05
-1.309996666666664673e-07
-9.477497534399804181e-15
8.777073965399966038e-02
4.473638330338890847e-07
-3.837032225000730490e-05
-9.787504237325003742e-02
-2.348344632999999678e-03
-2.079601025923936395e-09
4.473638330338890847e-07
2.267496141066667817e-02
5.319249999883337029e-07
-1.595576666666670596e-07
-8.732768730108163537e-09
-9.787504237325003742e-02
-3.837032225000730490e-05
-4.649415414666694703e-03
8.618770079199997158e-02
-6.327666666666695998e-09
4.422804423839389940e-07
-3.837032225000730490e-05
-9.787504237325003742e-02
-2.060653333333336462e-07
-5.131000000000038633e-09
8.708774622599969872e-02
1.065328596825282914e-01
8.208445461546077163e-07
-2.757499999999927118e-07
-3.249971250999991561e-03
-3.300629999848133434e-07
-3.421730000050433164e-07
-9.559069356120527064e-03
7.667079203780467755e-02
-5.840163986994814240e-14
-2.558494999848132195e-07
-8.592369584949997863e-02
1.925524173022687739e-20
-4.324666666666538202e-09
-9.159297378938710747e-16
7.814161164233315859e-02
-2.729765000050431375e-07
1.927249718732400836e-20
-8.560846321849999163e-02
-3.249971250999991561e-03
-2.558494999848132195e-07
-2.729765000050431375e-07
1.023834608117926426e-01
8.320700430078513694e-07
-2.670376659839567640e-07
-3.300629999848133434e-07
-8.592369584949997863e-02
1.927249718732400836e-20
-1.555837225195698913e-02
7.742017028920678001e-02
6.059363420569014633e-09
-3.421730000050433164e-07
1.925524173022687739e-20
-8.560846321849999163e-02
3.572334016040371532e-09
6.059332930837134517e-09
7.986134115799976840e-02
2.053906063517802749e-01
9.194469530011316386e-07
-2.057433333332551158e-07
7.604896226000021527e-03
-3.804544999851139921e-07
-3.804545000049429804e-07
-2.349573090704697512e-02
6.901904187605270580e-02
-1.792698390999392482e-13
-2.548869999851139233e-07
-7.343183390700006030e-02
2.937000000019248173e-09
1.585263333332733086e-07
1.381283651301948139e-13
6.797309548233326781e-02
-2.548870000049429117e-07
2.937000000019278779e-09
-7.311660127200006465e-02
7.604896226000021527e-03
-2.548869999851139233e-07
-2.548870000049429117e-07
6.027625338652641690e-02
7.875085203329410901e-07
-2.809189997853823676e-07
-3.804544999851139921e-07
-7.343183390700006030e-02
2.937000000019278779e-09
-1.010395415347973072e-02
6.819474083614014692e-02
2.072029097241559092e-09
-3.804545000049429804e-07
2.937000000019248173e-09
-7.311660127200006465e-02
-5.848133311871799016e-08
2.072006057423955660e-09
6.770535377699994639e-02
-1.062752739558186221e-01
8.715930736672771123e-07
2.466429999998299254e-07
1.079043732709998038e-01
-3.411309999742943095e-07
-4.297055000085684622e-07
8.684067403339440217e-07
3.410181679981817704e-02
-2.894248269613536798e-13
-3.488199999742943196e-07
-3.203064802699997354e-02
-5.757655495031411634e-23
2.438509999998320005e-07
-2.861485364650652938e-13
3.319672451750008135e-02
-3.836570000085686438e-07
-4.958839819278680683e-23
-3.203064802699997354e-02
1.079043732709998038e-01
-3.488199999742943196e-07
-3.836570000085686438e-07
-1.037283815565316764e-01
7.814022286744501741e-07
-2.422659999999462733e-07
-3.411309999742943095e-07
-3.203064802699997354e-02
-4.958839819278680683e-23
7.684345620077841644e-07
3.194312804669797307e-02
1.607706012977416442e-13
-4.297055000085684622e-07
-5.757655495031411634e-23
-3.203064802699997354e-02
-2.427043333332800066e-07
1.610614845152336407e-13
3.192144031216677391e-02
3.027649278915303110e+00
-1.700979696915739194e-05
4.903030000949904131e-06
-3.632519155999005989e+00
8.491995499281829936e-06
8.491995500239441340e-06
-3.372414485076359325e-01
-2.925205042216392215e-01
4.120455363648352290e-08
1.054442399928183044e-05
2.770395024760003988e-01
-3.299999995335066058e-11
4.001324669926338672e-06
1.413979077569461891e-07
-2.884017349846675904e-01
1.054442400023944184e-05
-3.299999995284796095e-11
2.777864126840003389e-01
-3.632519155999005989e+00
1.054442399928183044e-05
1.054442400023944184e-05
3.085870644935868601e+00
-1.505102251409248892e-05
-4.824139018523529024e-06
8.491995499281829936e-06
2.770395024760003988e-01
-3.299999995284796095e-11
-1.639590224321801903e-01
-2.834881384485395950e-01
-8.840298917988252157e-08
8.491995500239441340e-06
-3.299999995335066058e-11
2.777864126840003389e-01
-3.643138049133222785e-06
-2.344879033061591792e-07
-2.634242837093340728e-01
6.210491914828349946e-01
-3.626668333228067589e-06
7.862433333333319742e-07
-8.462648817090001607e-01
-1.985554000145185781e-06
-1.985553999951668823e-06
-7.260824176233321436e-02
4.805526083033313800e-02
-2.401999999999855427e-09
-1.961137000145184538e-06
-5.589504571950008188e-02
-2.063158635808360114e-19
3.757096666666656721e-07
-2.401999999999930701e-09
4.520162538399992436e-02
-1.961136999951667579e-06
-2.063098831406571948e-19
-5.701684512800007931e-02
-8.462648817090001607e-01
-1.961137000145184538e-06
-1.961136999951667579e-06
7.138395355249634866e-01
-5.188617146904563569e-03
7.207496547164869134e-07
-1.985554000145185781e-06
-5.589504571950008188e-02
-2.063098831406571948e-19
-3.630560836023786347e-02
6.410737184620518558e-02
2.133507037606776376e-08
-1.985553999951668823e-06
-2.063158635808360114e-19
-5.701684512800007931e-02
9.734736296717958361e-07
6.604787859958169930e-08
4.693554440983326026e-02
-6.548639588167753933e-02
8.092076294374935296e-07
-2.935529999999986317e-07
3.037745229800000585e-02
-3.851474999782600672e-07
3.464714999927915841e-07
7.700532961041607352e-07
8.430174277167731822e-02
-3.264556857240912395e-14
-2.767894999782597530e-07
-8.797080777100012294e-02
-5.795999999999920014e-09
-2.926503333333320885e-07
-3.254518442860990878e-14
8.589894924949985355e-02
2.767894999927915032e-07
-5.795999999999925805e-09
-8.734534509850011563e-02
3.037745229800000585e-02
-2.767894999782597530e-07
2.767894999927915032e-07
-6.361194754697011011e-02
7.992765405882384844e-07
-2.829239996756680664e-07
-3.851474999782600672e-07
-8.797080777100012294e-02
-5.795999999999925805e-09
7.805058739215718503e-07
8.467527290846998955e-02
2.575368963983163221e-09
3.464714999927915841e-07
-5.795999999999920014e-09
-8.734534509850011563e-02
-2.936316663423347957e-07
2.575370312476474845e-09
8.658580752816652515e-02
-1.086601837632314715e-01
8.417088560943779632e-07
2.837793333333230619e-07
1.181217477599999371e-01
-3.269069999700161226e-07
-4.722720000099742715e-07
8.298111894277108904e-07
4.677651089956454816e-02
-7.580606797354324171e-14
-3.372229999700161734e-07
-4.510475836450009157e-02
2.052787701837057644e-20
2.776213333333232260e-07
-7.416107937942049745e-14
4.627772425866658046e-02
-4.729510000099742209e-07
2.052712061527522463e-20
-4.476843309850009334e-02
1.181217477599999371e-01
-3.372229999700161734e-07
-4.729510000099742209e-07
-1.067987447785177929e-01
8.499843894582122447e-07
-2.735063324307730056e-07
-3.269069999700161226e-07
-4.510475836450009157e-02
2.052712061527522463e-20
8.516737227915455172e-07
4.288589405301756335e-02
4.784384929783510099e-09
-4.722720000099742715e-07
2.052787701837057644e-20
-4.476843309850009334e-02
-2.778889989270900814e-07
5.687385756565234534e-09
4.410800196666656708e-02
-9.306253306166013817e-02
5.179628734192167821e-07
2.217993333333302321e-07
9.830186956000012966e-02
-1.362865543512548536e-07
-4.755436823553370953e-07
5.917615400858839801e-07
2.670320493416025037e-02
-3.516754793008135490e-14
-1.309584515744683545e-07
-2.678575587599998920e-02
-4.409528800000152293e-05
2.101856631336202104e-07
-2.228269999280130065e-08
2.617876859933319228e-02
-4.661714270344444224e-07
-4.409528800000152293e-05
-2.671961294399998604e-02
9.830186956000012966e-02
-1.309584515744683545e-07
-4.661714270344444224e-07
-9.863850891147822597e-02
6.187916103938251774e-07
-2.178049997577530609e-07
-1.362865543512548536e-07
-2.678575587599998920e-02
-4.409528800000152293e-05
6.203672770604918220e-07
2.642530585731138471e-02
8.200643420807252237e-10
-4.755436823553370953e-07
-4.409528800000152293e-05
-2.671961294399998604e-02
-2.208746664244194408e-07
8.200652488952637696e-10
2.669360119133320011e-02
1.493030318220022190e+00
-6.828511367443007735e-06
2.271832999187019324e-06
-1.531599941965002154e+00
3.899092999714406417e-06
3.899093000095194313e-06
6.243185529922278909e-05
-1.666816901168030954e-02
-2.075475565608733323e-08
4.047243999714406246e-06
2.308381835799996895e-02
4.684332177638114348e-22
2.580622999194709167e-06
-2.055843441829236540e-08
-1.638960708916665718e-02
4.047244000095194142e-06
5.047197473518704622e-22
2.308381841799997045e-02
-1.531599941965002154e+00
4.047243999714406246e-06
4.047244000095194142e-06
1.142528644020156747e+00
-5.603965471535413598e-06
-2.060350325150402887e-06
3.899092999714406417e-06
2.308381835799996895e-02
5.047197473518704622e-22
-1.555875745028044710e-01
-3.899576086317857026e-03
3.966042510357119741e-08
3.899093000095194313e-06
4.684332177638114348e-22
2.308381841799997045e-02
-8.540779888167073571e-07
5.420217621838402077e-08
-1.592017130333334141e-02
1.405786730070617718e+00
-7.298037463632156250e-06
2.219829666854653437e-06
-1.531599941965002154e+00
3.899092999713940549e-06
3.899093000095349320e-06
-3.630990839779683899e-02
-2.517434597060877466e-02
8.154615492646997069e-09
4.047243999713940378e-06
2.561705226699996507e-02
4.684335851574817070e-22
1.931874667344864583e-06
2.941895546424408666e-08
-2.102292989116659114e-02
4.047244000095349149e-06
5.047201147455407344e-22
2.561705233299996221e-02
-1.531599941965002154e+00
4.047243999713940378e-06
4.047244000095349149e-06
1.196012204520402022e+00
-5.930919964952709877e-06
-2.266911998179377394e-06
3.899092999713940549e-06
2.561705226699996507e-02
5.047201147455407344e-22
-1.607739819866311481e-01
-1.786342425256245980e-02
8.689141661323472844e-09
3.899093000095349320e-06
4.684335851574817070e-22
2.561705233299996221e-02
-9.076923265583871118e-07
3.233352352554499386e-08
-2.109579938016659800e-02
1.680087578140121440e-01
-4.705199974259211038e-08
3.226700004203481768e-08
-1.253291043950000017e-01
1.013234999946643416e-07
1.013235000017783331e-07
-1.682266664092598446e-07
9.475152589948825088e-02
-8.006649726511115019e-10
-6.479000005335486655e-09
-9.628392389100014215e-02
1.901046781107346886e-23
2.938733341740307353e-08
-1.601331790500103268e-09
9.306001015300022217e-02
-6.478999998221467035e-09
-7.393529502027857949e-24
-9.628392388600014173e-02
-1.253291043950000017e-01
-6.479000005335486655e-09
-6.478999998221467035e-09
1.350934737840006339e-01
-9.565566665928515548e-08
3.284866666666655675e-08
1.013234999946643416e-07
-9.628392389100014215e-02
-7.393529502027857949e-24
-8.599433332595164458e-08
9.490598147333315082e-02
-1.601333333333327390e-09
1.013235000017783331e-07
1.901046781107346886e-23
-9.628392388600014173e-02
6.214333333333305567e-09
-2.401999999999998530e-09
9.223762021566689340e-02
-1.127541569779391406e-01
8.483502503581049399e-07
2.862936666666562375e-07
1.182759164249999606e-01
-3.050499999700556336e-07
-5.132380000099819720e-07
1.220425395250360244e-03
4.780510897210549226e-02
-7.647772267558215736e-14
-3.198089999700554020e-07
-4.473745391250009279e-02
-7.469739274861382002e-23
2.870266666666561422e-07
-7.667352921008879759e-14
4.700283962833329970e-02
-5.076575000099821954e-07
-7.457599963460015876e-23
-4.473745390850009107e-02
1.182759164249999606e-01
-3.198089999700554020e-07
-5.076575000099821954e-07
-1.143459595063521100e-01
8.334063301387626556e-07
-2.693106661302093471e-07
-3.050499999700556336e-07
-4.473745391250009279e-02
-7.457599963460015876e-23
8.646286634720963025e-07
4.466260400701854705e-02
2.843717471612330398e-09
-5.132380000099819720e-07
-7.469739274861382002e-23
-4.473745390850009107e-02
-2.808409994635425288e-07
2.843719646787811668e-09
4.474366603933326025e-02
-8.977228126182874857e-02
5.504729040439384886e-07
1.966783333333318165e-07
9.016406625699989463e-02
-5.606023663657634482e-08
-3.788261396965404793e-07
5.432455707106049186e-07
2.221512043182826898e-02
-3.139872768825056934e-14
-7.099180416312890576e-08
-2.155832341279998940e-02
2.649599999474121612e-09
1.954276666666650905e-07
-3.119906491182828461e-14
2.165214644783333003e-02
-3.678376544415110039e-07
2.649600001208773123e-09
-2.155831634719998849e-02
9.016406625699989463e-02
-7.099180416312890576e-08
-3.678376544415110039e-07
-8.304948825784135014e-02
5.401984564961568982e-07
-1.872636657920062237e-07
-5.606023663657634482e-08
-2.155832341279998940e-02
2.649600001208773123e-09
5.302374564961562705e-07
2.116244332667437805e-02
2.787058769482291840e-09
-3.788261396965404793e-07
2.649599999474121612e-09
-2.155831634719998849e-02
-1.880353324586728831e-07
2.787059011656608700e-09
2.131255869850006215e-02
3.106565933846874294e+00
-1.758183761119445093e-05
5.681123999574780504e-06
-3.334880344433005295e+00
8.841513999328802552e-06
8.841514000223697943e-06
-2.137621105176109870e-01
-3.095839699388776012e-01
-1.844579763435102433e-08
9.420763999328803825e-06
3.189709549335004168e-01
-5.259360000000405040e-07
4.351948666066924848e-06
-2.601576699270074122e-08
-3.030370550696666609e-01
9.420764000223699216e-06
-5.259360000000403982e-07
3.182930370015003563e-01
-3.334880344433005295e+00
9.420763999328803825e-06
9.420764000223699216e-06
3.222975869209771194e+00
-1.447709429412243237e-05
-4.926391330351784281e-06
8.841513999328802552e-06
3.189709549335004168e-01
-5.259360000000403982e-07
-2.428208670462933538e-01
-2.362925661564427571e-01
1.423003224543387887e-08
8.841514000223697943e-06
-5.259360000000405040e-07
3.182930370015003563e-01
-5.239976658284299456e-06
4.000543128548919409e-08
-2.639468559803334058e-01
6.395696992350709265e-02
9.029894244379050650e-07
-2.221830009040630123e-07
1.127234128470001318e-01
-4.686649999663691341e-07
-4.686650000112077760e-07
-4.781416001157555440e-02
6.645148442232590158e-02
1.037473072492330509e-09
-4.687424999663694205e-07
-7.035413640350010600e-02
4.920000000002280918e-09
-7.557233333330518862e-08
-6.584825771790296439e-14
6.774432558266652027e-02
-4.687425000112080624e-07
4.920000000002280918e-09
-7.031596392350010494e-02
1.127234128470001318e-01
-4.687424999663694205e-07
-4.687425000112080624e-07
-8.734619820693313719e-02
8.642665430722849471e-07
-2.944353339326381131e-07
-4.686649999663691341e-07
-7.035413640350010600e-02
4.920000000002280918e-09
-1.971466931812365653e-02
6.697639982693301408e-02
-5.785969502753356564e-09
-4.686650000112077760e-07
4.920000000002280918e-09
-7.031596392350010494e-02
-2.816160005993047667e-07
-5.785970830564002144e-09
6.762399294266652205e-02
-9.809697859123511776e-02
6.826934576165523449e-07
2.789419999999890256e-07
1.154624333150001542e-01
-3.088689999710520249e-07
-5.057190000095942135e-07
1.626894282457617014e-03
4.739925532956859588e-02
-7.451386950662143666e-14
-3.175754999710519579e-07
-4.212652146900001948e-02
4.920000000055959976e-09
2.866813333333220115e-07
-7.658128020156249068e-14
4.827823516200007575e-02
-4.881245000095936783e-07
4.920000000055962458e-09
-4.121144866300001375e-02
1.154624333150001542e-01
-3.175754999710519579e-07
-4.881245000095936783e-07
-9.934666279771584008e-02
7.611088820625160459e-07
-2.643203328281909247e-07
-3.088689999710520249e-07
-4.212652146900001948e-02
4.920000000055962458e-09
7.714738820625154376e-07
4.277623864121593567e-02
2.677716530195428640e-09
-5.057190000095942135e-07
4.920000000055959976e-09
-4.121144866300001375e-02
-2.865143329418191969e-07
2.075387383718049176e-09
4.307219101400001915e-02
-5.914599113821950721e-02
4.427867769679433149e-07
2.268833333333279236e-07
1.132113015800001454e-01
-3.001489999725241800e-07
-4.026980000091441678e-07
1.626682901776973144e-03
3.843386998871950455e-02
-4.410205549343299981e-14
-2.940939999725241698e-07
-3.636308586249997754e-02
1.446558040641029106e-20
1.994783309693184194e-07
-1.216170544168087539e-08
3.829062382699992967e-02
-3.909660000091440996e-07
1.446810630166559027e-20
-3.612593100649997419e-02
1.132113015800001454e-01
-2.940939999725241698e-07
-3.909660000091440996e-07
-8.284858825165847263e-02
5.104919694116136584e-07
-2.434486663195683301e-07
-3.001489999725241800e-07
-3.636308586249997754e-02
1.446810630166559027e-20
4.072048913027443784e-04
3.590835149999170584e-02
1.857712153482190136e-09
-4.026980000091441678e-07
1.446558040641029106e-20
-3.612593100649997419e-02
-2.665396642004502959e-07
1.319938313455330053e-08
3.538388917133322709e-02
-5.808112598485702660e-02
3.297131254547834897e-07
2.041189999999976206e-07
9.767389018800011480e-02
-1.097296694099815829e-07
-4.647796983251483403e-07
5.858707921214514011e-07
2.599947802652347040e-02
-3.236423035209134368e-14
-1.136347385258871293e-07
-2.577712523549998552e-02
-4.409381200000048184e-05
2.028343278719857934e-07
-3.444436549387202397e-08
2.655066231899986737e-02
-4.680179719701635623e-07
-4.409381200000048184e-05
-2.571097836749998769e-02
9.767389018800011480e-02
-1.136347385258871293e-07
-4.680179719701635623e-07
-8.098939754759407195e-02
4.700166386482630638e-07
-2.147736661821826198e-07
-1.097296694099815829e-07
-2.577712523549998552e-02
-4.409381200000048184e-05
4.071491406386494225e-04
2.594837881359384618e-02
1.640063446590254689e-09
-4.647796983251483403e-07
-4.409381200000048184e-05
-2.571097836749998769e-02
-2.146773294983917373e-07
1.298173008479846020e-08
2.677917006133318650e-02
6.373839675943351324e-01
-3.393277333224220231e-06
7.479873333333317936e-07
-9.215237051280001923e-01
-2.062399500163045191e-06
-2.062399499945645291e-06
-3.111944655699994469e-02
4.347089705716650210e-02
-8.504333333333196536e-09
-2.220255500163045463e-06
-3.392564393150004909e-02
8.124999999997572602e-10
5.251816666666653842e-07
5.983333333334298050e-10
3.758918014900002741e-02
-2.220255499945645564e-06
8.124999999997184861e-10
-3.392564388550005361e-02
-9.215237051280001923e-01
-2.220255500163045463e-06
-2.220255499945645564e-06
5.874500348653411974e-01
-2.486884491800826060e-06
7.255173260641115422e-07
-2.062399500163045191e-06
-3.392564393150004909e-02
8.124999999997184861e-10
-2.575572158467494391e-06
4.373231588032699263e-02
1.297807304655504398e-08
-2.062399499945645291e-06
8.124999999997572602e-10
-3.392564388550005361e-02
1.005816658400378964e-06
1.475823004902338614e-08
3.702144536266666758e-02
1.168953736829053958e-01
8.426080164336181377e-07
-2.585340002075502077e-07
2.388525260100000588e-02
-2.693299999810024707e-07
-3.031480000063575737e-07
-1.438478513265025252e-02
7.646568629609420964e-02
9.799452445709221081e-10
-2.482584999810024663e-07
-7.953368130749988163e-02
8.826499999975200786e-09
-6.566400033060581169e-08
1.560986092891060511e-09
7.678848022366645265e-02
-2.774155000063575515e-07
8.826499999975207403e-09
-7.993802718049987377e-02
2.388525260100000588e-02
-2.482584999810024663e-07
-2.774155000063575515e-07
1.517094844719535096e-01
7.958157729400956141e-07
-2.272773322012948297e-07
-2.693299999810024707e-07
-7.953368130749988163e-02
8.826499999975207403e-09
-9.983139981227046045e-03
7.804126005937996047e-02
1.004735894075707226e-08
-3.031480000063575737e-07
8.826499999975200786e-09
-7.993802718049987377e-02
6.877233464124774451e-08
1.160832558472824082e-08
7.796783892833308860e-02
2.359046162655673295e-01
8.782176805846825840e-07
-1.456136675202220987e-07
1.934336771199999389e-02
-2.020309999842210908e-07
-2.020310000052845237e-07
-1.396532114031941857e-02
6.452472504076557647e-02
9.795397894636598192e-10
-1.595154999842210698e-07
-6.655354037749992846e-02
-2.919300000002478440e-08
7.412799864070070405e-08
1.560064589769668935e-09
6.413659096549992333e-02
-1.595155000052845028e-07
-2.919300000002477448e-08
-6.695788873149992326e-02
1.934336771199999389e-02
-1.595154999842210698e-07
-1.595155000052845028e-07
1.380894930975613832e-01
5.187754538375905552e-07
-1.702180025651964486e-07
-2.020309999842210908e-07
-6.655354037749992846e-02
-2.919300000002477448e-08
-9.446852119546154600e-03
6.156595914377182427e-02
-2.476564903569722633e-08
-2.020310000052845237e-07
-2.919300000002478440e-08
-6.695788873149992326e-02
5.654433000541613308e-08
-3.212933919012506984e-08
6.278768489366649830e-02
-5.179132951233294396e-02
8.133773159754919483e-07
2.349883318113712414e-07
8.753394459099991809e-02
-3.253279999735691441e-07
-4.835880000088357205e-07
-3.977880218017371995e-03
5.310142282883278941e-02
-2.539807485670228887e-09
-2.984699999735690766e-07
-5.635083918749995285e-02
1.176899999997516907e-08
3.145933332691545462e-07
-1.071885230608590905e-10
5.259702813316651654e-02
-3.675220000088355069e-07
1.176899999997519223e-08
-5.675518506049995193e-02
8.753394459099991809e-02
-2.984699999735690766e-07
-3.675220000088355069e-07
-3.462199348295113416e-02
7.527736531025748957e-07
-2.452589980874614776e-07
-3.253279999735691441e-07
-5.635083918749995285e-02
1.176899999997519223e-08
4.032709556531022862e-04
4.882162316128429297e-02
9.795381220016526858e-09
-4.835880000088357205e-07
1.176899999997516907e-08
-5.675518506049995193e-02
-6.762966425826349836e-08
1.233501320465457857e-08
4.741312890633320870e-02
-1.067405857713220885e-01
8.722356324383805960e-07
2.498759999998279004e-07
1.067756228069998287e-01
-3.565744999745161017e-07
-4.422995000084945984e-07
8.642886324383808227e-07
3.319583427882169535e-02
-2.932186117659745893e-13
-3.705874999745160830e-07
-3.195159863999998129e-02
-5.855716025869952605e-23
2.465386666664971532e-07
-2.893023963351199638e-13
3.407955098283337730e-02
-4.000455000084945431e-07
-5.165327516076629178e-23
-3.195159863999998129e-02
1.067756228069998287e-01
-3.705874999745160830e-07
-4.000455000084945431e-07
-1.069168113518522284e-01
7.887993824351972208e-07
-2.453373327340379664e-07
-3.565744999745161017e-07
-3.195159863999998129e-02
-5.165327516076629178e-23
7.826283824351976614e-07
3.221930422101853403e-02
9.031628087744569778e-10
-4.422995000084945984e-07
-5.855716025869952605e-23
-3.195159863999998129e-02
-2.449593333332794666e-07
1.625579293565502395e-13
3.192945175433341276e-02
3.098932640856670861e-01
-1.535659666648809431e-06
-5.018050000000016271e-07
-3.526902521330005369e-01
9.277969999368826580e-07
9.277970000210385577e-07
-1.525238333315475998e-06
1.837786694683325034e-02
4.618666666666635828e-09
1.070144999936882815e-06
-9.097059366499984229e-03
-5.617149999999989521e-08
-5.261830000000021118e-07
4.686666666666344426e-10
1.486955750666660130e-02
1.070145000021038715e-06
-5.617149999999986212e-08
-9.097059365499983799e-03
-3.526902521330005369e-01
1.070144999936882815e-06
1.070145000021038715e-06
3.101678145295003741e-01
-1.595639999981940265e-06
-5.236733333333354140e-07
9.277969999368826580e-07
-9.097059366499984229e-03
-5.617149999999986212e-08
-1.583973333315273851e-06
1.534301719716658560e-02
4.686666666666346494e-10
9.277970000210385577e-07
-5.617149999999989521e-08
-9.097059365499983799e-03
-5.275890000000021708e-07
7.029999999999677939e-10
1.478558305766658997e-02
-2.619977259133328060e-02
2.798363333300493877e-07
9.363099999999993361e-08
2.886291128299995831e-02
-1.423889999895079803e-07
-1.423890000034928648e-07
2.829079999967160346e-07
2.742911381266657442e-02
-1.312999999999994122e-09
-1.423889999895079803e-07
-2.825301890499999635e-02
4.441008911292364568e-21
9.371999999999994189e-08
-1.868999999999994270e-09
2.760010144033321622e-02
-1.423890000034928648e-07
4.441008911292399175e-21
-2.818020694749999444e-02
2.886291128299995831e-02
-1.423889999895079803e-07
-1.423890000034928648e-07
-2.164008624566662181e-02
2.806179999974390805e-07
5.892099999999994243e-08
-1.423889999895079803e-07
-2.825301890499999635e-02
4.441008911292399175e-21
2.765133333307724534e-07
2.018200099716660131e-02
-2.913999999999996762e-09
-1.423890000034928648e-07
4.441008911292364568e-21
-2.818020694749999444e-02
7.215133333333328498e-08
-4.648999999999994182e-09
2.630188091633321734e-02
-3.528520521633329160e-02
2.552063333299721726e-07
8.456800000000009922e-08
3.631463914299990631e-02
-1.394644999894332619e-07
-1.394645000035221991e-07
2.577303333299720170e-07
1.961585988916668410e-02
-1.242666666666661548e-09
-1.369789999894332626e-07
-2.120787168450000496e-02
-1.723111724251322904e-23
8.560733333333340229e-08
-1.242666666666661548e-09
1.983883682100000267e-02
-1.369790000035221998e-07
-1.662234531863766000e-23
-2.120787167550000629e-02
3.631463914299990631e-02
-1.369789999894332626e-07
-1.369790000035221998e-07
-2.887108181666661610e-02
2.520466666584472685e-07
-6.780266666666664594e-08
-1.394644999894332619e-07
-2.120787168450000496e-02
-1.662234531863766000e-23
2.548109999917804629e-07
1.587536280850001397e-02
3.453333333333320581e-09
-1.394645000035221991e-07
-1.723111724251322904e-23
-2.120787167550000629e-02
-6.893433333333335616e-08
3.041333333333320349e-09
1.939984036966668768e-02
-3.580791488366658060e-02
2.138039999967755837e-07
7.209966666666675384e-08
3.652751661299990377e-02
-1.159084999899090800e-07
-1.159085000033635102e-07
2.204263333301088647e-07
1.686075652700002106e-02
-8.976666666666622226e-10
-1.111954999899090828e-07
-1.840446562450000906e-02
-1.448242811808497858e-23
7.292166666666677271e-08
-5.526666666666621732e-10
1.717031459866668469e-02
-1.111955000033635129e-07
-1.332807604525023823e-23
-1.840446561050000998e-02
3.652751661299990377e-02
-1.111954999899090828e-07
-1.111955000033635129e-07
-3.279631956099994528e-02
2.158546666576914662e-07
-6.352533333333331083e-08
-1.159084999899090800e-07
-1.840446562450000906e-02
-1.332807604525023823e-23
2.151599999910248412e-07
1.606523054700000758e-02
2.002999999999988637e-09
-1.159085000033635102e-07
-1.448242811808497858e-23
-1.840446561050000998e-02
-6.631000000000001607e-08
1.657999999999987864e-09
1.698368477700003265e-02
-2.786092156866661410e-02
7.569999999778095522e-08
2.441166666666654876e-08
2.836685725599995267e-02
-3.677099999331075468e-08
-3.677100000222968074e-08
6.646199999778108122e-08
8.372649918000012181e-03
-2.533333333333183706e-11
-4.196599999331075587e-08
-8.047445726500008015e-03
-4.184924274816639392e-24
2.508866666666655873e-08
1.536237766410404777e-24
8.142306016666689059e-03
-4.196600000222968193e-08
-5.457332299103781734e-24
-8.047445724500008890e-03
2.836685725599995267e-02
-4.196599999331075587e-08
-4.196600000222968193e-08
-2.742814266499994658e-02
8.546399999345458285e-08
-3.099999999999995995e-08
-3.677099999331075468e-08
-8.047445726500008015e-03
-5.457332299103781734e-24
8.235133332678790274e-08
8.201009100000015636e-03
-5.694607616035184327e-24
-3.677100000222968074e-08
-4.184924274816639392e-24
-8.047445724500008890e-03
-3.164066666666662958e-08
-5.812296173433245562e-24
8.058415300166692913e-03
3.639444609301675793e-01
-1.630914999978490567e-06
-5.501966666666692647e-07
-3.969728862800003810e-01
9.459554999287490342e-07
9.459555000237507672e-07
-1.971577999978499896e-06
1.279179567116661177e-02
1.291866666666663240e-08
1.073522999928748194e-06
-9.098154827999985206e-03
1.080000000001080394e-10
-6.014513333333364165e-07
1.632199999999996245e-08
1.293860780099994126e-02
1.073523000023749927e-06
1.080000000001392784e-10
-9.098154827999985206e-03
-3.969728862800003810e-01
1.073522999928748194e-06
1.073523000023749927e-06
3.554245440655006694e-01
-1.644033999979001355e-06
-5.514696666666696759e-07
9.459554999287490342e-07
-9.098154827999985206e-03
1.080000000001392784e-10
-1.889348999979007916e-06
1.260630528649994350e-02
4.149999999999966024e-09
9.459555000237507672e-07
1.080000000001080394e-10
-9.098154827999985206e-03
-5.781916666666698539e-07
4.149999999999964369e-09
1.308227673699994403e-02
5.622906099266681418e-02
-7.843999998751075358e-09
-8.675999999999961354e-09
-7.381565868249989615e-02
6.009699999305227717e-08
6.009700000231593241e-08
-8.150099999875150953e-08
3.583313204766649940e-02
-5.312517814701194564e-25
1.589349999930525962e-07
-3.599389037999997654e-02
1.307677852614957184e-24
-2.738999999999999909e-08
4.686666666666650483e-10
3.603850988599981153e-02
1.589350000023162779e-07
2.551600591925809554e-23
-3.599389037999997654e-02
-7.381565868249989615e-02
1.589349999930525962e-07
1.589350000023162779e-07
5.562471269816686437e-02
-1.595699999885428062e-08
-7.213999999999962887e-09
6.009699999305227717e-08
-3.599389037999997654e-02
2.551600591925809554e-23
-7.157599999885467099e-08
3.691362416966650906e-02
7.029999999999996403e-10
6.009700000231593241e-08
1.307677852614957184e-24
-3.599389037999997654e-02
-1.867066666666660674e-08
1.405999999999998660e-09
3.592252007066647906e-02
-3.336988995100004241e-02
2.944149999964879165e-07
9.724833333333339383e-08
3.444131722199994528e-02
-1.457144999891138971e-07
-1.457145000036243126e-07
2.948166666631547651e-07
2.400554620933328248e-02
5.954743006954079498e-24
-1.467504999891139072e-07
-2.481998392299998232e-02
4.437571052181796731e-21
9.826333333333340656e-08
-3.243333333333273536e-10
2.421130654299995938e-02
-1.467505000036243227e-07
4.437317305365026723e-21
-2.474722249499997778e-02
3.444131722199994528e-02
-1.467504999891139072e-07
-1.467505000036243227e-07
-6.965830353333330588e-03
2.935023333289693527e-07
-5.696100000000006914e-08
-1.457144999891138971e-07
-2.481998392299998232e-02
4.437317305365026723e-21
2.942486666623026941e-07
1.679709890916667586e-02
1.314333333333322694e-09
-1.457145000036243126e-07
4.437571052181796731e-21
-2.474722249499997778e-02
-3.964033333333336529e-08
9.843333333333261085e-10
2.281040257433329319e-02
-3.346580853049992144e-02
9.678766666388040168e-08
3.449266666666655479e-08
3.419236847299991777e-02
-4.318499999160551231e-08
-4.318500000279809980e-08
1.010363333305470994e-07
1.203154989533328743e-02
2.112066691369490247e-24
-5.392299999160549239e-08
-1.150483510450001079e-02
-4.630818174379286454e-24
3.293933333333321814e-08
2.016952456635712145e-24
1.202738981599996322e-02
-5.392300000279807988e-08
-7.260869640319377790e-24
-1.150483509950001038e-02
3.419236847299991777e-02
-5.392299999160549239e-08
-5.392300000279807988e-08
-3.342417802149991873e-02
8.681199999174392692e-08
-2.955766666666657380e-08
-4.318499999160551231e-08
-1.150483510450001079e-02
-7.260869640319377790e-24
8.350199999174393235e-08
1.151794823833329241e-02
-5.429655281039645053e-24
-4.318500000279809980e-08
-4.630818174379286454e-24
-1.150483509950001038e-02
-3.143333333333322437e-08
-5.774209657979749617e-24
1.157510275949996670e-02
-2.483361570400007684e-02
7.099866666471640317e-08
2.198333333333334159e-08
2.263714273600002380e-02
-2.477249999464193326e-08
-2.477250000178604074e-08
6.473599999804960551e-08
7.021690943666678356e-03
1.346090940062799612e-24
-3.880849999464194724e-08
-6.530878094000003471e-03
-2.174299159919370528e-24
2.060266666666668320e-08
1.261549489361661086e-24
6.897007476000016450e-03
-3.880850000178604811e-08
-5.612127654440069578e-24
-6.530878094000003471e-03
2.263714273600002380e-02
-3.880849999464194724e-08
-3.880850000178604811e-08
-2.420579771433341645e-02
7.645699999429627302e-08
-2.396366666666666281e-08
-2.477249999464193326e-08
-6.530878094000003471e-03
-5.612127654440069578e-24
6.853599999429611891e-08
6.845889560333350866e-03
-4.402054151875117335e-24
-2.477250000178604074e-08
-2.174299159919370528e-24
-6.530878094000003471e-03
-2.385599999999999537e-08
-4.382276106068887879e-24
6.715227796000020934e-03
7.108809761883352896e-02
-2.070423333313289006e-07
-6.158200000000025325e-08
-6.245510006999999142e-02
6.580399999513794964e-08
6.580400000161491942e-08
-2.015373333313290111e-07
3.833589541566655157e-02
2.487666666666662936e-09
6.767399999513793926e-08
-3.598741005099997253e-02
-1.185600000000573940e-08
-5.797700000000017564e-08
2.253333333333329688e-09
3.681806448583321845e-02
6.767400000161490904e-08
-1.185600000000573609e-08
-3.608127151899997304e-02
-6.245510006999999142e-02
6.767399999513793926e-08
6.767400000161490904e-08
7.114399579033356402e-02
-2.084483333313273715e-07
-6.884633333333375930e-08
6.580399999513794964e-08
-3.598741005099997253e-02
-1.185600000000573609e-08
-2.029433333313275085e-07
3.836677344666655082e-02
7.029999999999958146e-10
6.580400000161491942e-08
-1.185600000000573940e-08
-3.608127151899997304e-02
-6.515933333333366812e-08
7.029999999999960214e-10
3.695702884583321884e-02
7.629569976633360229e-02
-2.081683333309523478e-07
-6.701933333333371257e-08
-7.050903890699998511e-02
8.363149999369754893e-08
8.363150000209512621e-08
-2.072419999976190405e-07
3.739408966216654917e-02
6.129999999999958152e-10
8.361299999369754119e-08
-3.619982381899995716e-02
-1.096500000000573823e-08
-6.603433333333369415e-08
6.129999999999959186e-10
3.690222484499987993e-02
8.361300000209511847e-08
-1.096500000000573823e-08
-3.629368528699996460e-02
-7.050903890699998511e-02
8.361299999369754119e-08
8.361300000209511847e-08
7.629569975766704870e-02
-2.095743333309542332e-07
-7.006566666666712089e-08
8.363149999369754893e-08
-3.619982381899995716e-02
-1.096500000000573823e-08
-2.086479999976209260e-07
3.742496769316654842e-02
-4.290284720672964674e-24
8.363150000209512621e-08
-1.096500000000573823e-08
-3.629368528699996460e-02
-6.931500000000043241e-08
4.686666666666624633e-10
3.704118920499988726e-02
-1.700484285900001960e-02
2.578079999973122071e-07
8.408300000000003896e-08
1.802233142900000126e-02
-1.386129999911075025e-07
-1.386130000029873249e-07
2.564096666639788146e-07
2.690647807033328190e-02
-1.290999999999998954e-08
-1.330184999911075248e-07
-3.038559134699998429e-02
-2.332278697669620049e-20
8.282933333333336246e-08
-1.346233333333332603e-08
3.008113180299995179e-02
-1.330185000029873472e-07
-2.332141671939267713e-20
-3.076619854299998680e-02
1.802233142900000126e-02
-1.330184999911075248e-07
-1.330185000029873472e-07
-1.483656431083333997e-02
2.554309999973276965e-07
7.675366666666667097e-08
-1.386129999911075025e-07
-3.038559134699998429e-02
-2.332141671939267713e-20
2.512933333306608997e-07
2.882031848533330234e-02
-9.044666666666661696e-09
-1.386130000029873249e-07
-2.332278697669620049e-20
-3.076619854299998680e-02
7.578733333333334480e-08
-9.490666666666662844e-09
3.004334501399996693e-02
-3.374033367866659944e-02
9.986233333053323471e-08
3.732233333333321179e-08
3.451319763099992138e-02
-5.021199999145635576e-08
-5.021200000284779084e-08
9.936866666386657296e-08
1.198295463633328867e-02
-2.076666666666643727e-10
-5.216099999145635554e-08
-1.199589163550001530e-02
1.079999999999939660e-10
3.613566666666654509e-08
2.212671425919444432e-24
1.211459075116663384e-02
-5.216100000284779063e-08
1.079999999999935007e-10
-1.199589162650001491e-02
3.451319763099992138e-02
-5.216099999145635554e-08
-5.216100000284779063e-08
-3.345381149849992880e-02
8.816866665836903031e-08
-3.085499999999990803e-08
-5.021199999145635576e-08
-1.199589163550001530e-02
1.079999999999935007e-10
9.378666665836900823e-08
1.171439888333328933e-02
-5.667971548153719907e-24
-5.021200000284779084e-08
1.079999999999939660e-10
-1.199589162650001491e-02
-3.130499999999990213e-08
-5.750635207096165243e-24
1.171423487383329957e-02
-2.240585583886714471e-02
1.398101652366436633e-07
4.776033333333305684e-08
2.140970858300000196e-02
4.891747576764053009e-18
-9.008257549767213712e-08
1.417458319033103456e-07
5.546965269033803103e-03
5.664313191963436289e-15
4.891741592117191202e-18
-5.219764395999999286e-03
-2.408198387814318268e-34
4.791433333333307264e-08
5.682577390947861156e-15
5.459119816333350000e-03
-9.556406726543014812e-08
-1.755483436345799304e-23
-5.219764395999999286e-03
2.140970858300000196e-02
4.891741592117191202e-18
-9.556406726543014812e-08
-2.175066024100003048e-02
1.398663333283434614e-07
-4.723733333333338362e-08
4.891747576764053009e-18
-5.219764395999999286e-03
-1.755483436345799304e-23
1.426146666616768230e-07
5.407999826333354312e-03
-8.677357360038494754e-24
-9.008257549767213712e-08
-2.408198387814318268e-34
-5.219764395999999286e-03
-4.730233333333337130e-08
-8.689297666330179621e-24
5.302590465666686889e-03
3.475056283686672742e-01
-1.747224999979505856e-06
-5.563633333333362182e-07
-3.629106922140005187e-01
8.491114999345208058e-07
8.491115000218263975e-07
-1.749053999979506157e-06
1.289102107783328746e-02
1.730299999999996641e-08
1.106020499934520450e-06
-6.459181695999995955e-03
-7.739349999999993132e-08
-6.044030000000031391e-07
1.338733333333329558e-08
1.089971991899996336e-02
1.106020500021825830e-06
-7.739349999999987838e-08
-6.459181695999995955e-03
-3.629106922140005187e-01
1.106020499934520450e-06
1.106020500021825830e-06
3.384406085473337655e-01
-1.796744999979981289e-06
-5.902663333333367303e-07
8.491114999345208058e-07
-6.459181695999995955e-03
-7.739349999999987838e-08
-1.725136999979979289e-06
1.157946964549995579e-02
3.942333333333296869e-09
8.491115000218263975e-07
-7.739349999999993132e-08
-6.459181695999995955e-03
-6.058203333333371619e-07
-2.076666666667037414e-10
1.052365854566663338e-02
-3.704921237233343295e-02
2.371256666633196616e-07
8.094466666666688366e-08
3.706940578399992026e-02
-1.251074999897546572e-07
-1.251075000034151810e-07
2.419926666633195953e-07
1.763054699333336389e-02
4.956431347069152802e-24
-1.228194999897546303e-07
-1.870396956249999881e-02
-1.545859408127920775e-23
8.052766666666686080e-08
-3.449999999999950863e-10
1.778615733566668231e-02
-1.228195000034151542e-07
-1.489819570615133944e-23
-1.870396951749999509e-02
3.706940578399992026e-02
-1.228194999897546303e-07
-1.228195000034151542e-07
-3.643187322283343577e-02
2.327233333234491418e-07
-7.757233333333350273e-08
-1.251074999897546572e-07
-1.870396956249999881e-02
-1.489819570615133944e-23
2.395479999901157562e-07
1.738145257766671170e-02
-2.343333333333476202e-10
-1.251075000034151810e-07
-1.545859408127920775e-23
-1.870396951749999509e-02
-7.878666666666685865e-08
-2.666666666668115687e-11
1.733666887066667717e-02
-3.295544573649993730e-02
9.693999999725468003e-08
3.661966666666649172e-08
3.444697905499995855e-02
-6.287299999156349551e-08
-6.287300000281202688e-08
1.154813333305880825e-07
1.187993059266661752e-02
-4.153333333333310719e-10
-6.481299999156349833e-08
-1.147859781900002416e-02
-7.580808616648825290e-24
3.749599999999986804e-08
-4.153333333333310202e-10
1.143498263499995865e-02
-6.481300000281202969e-08
-8.055971574728569438e-24
-1.147859781700002503e-02
3.444697905499995855e-02
-6.481299999156349833e-08
-6.481300000281202969e-08
-3.257928016099997937e-02
8.348933332525733406e-08
-3.009699999999998158e-08
-6.287299999156349551e-08
-1.147859781900002416e-02
-8.055971574728569438e-24
9.355666665859068329e-08
1.138489595799994751e-02
-5.528729207090679419e-24
-6.287300000281202688e-08
-7.580808616648825290e-24
-1.147859781700002503e-02
-3.111133333333328938e-08
-1.133333333333904730e-11
1.101677743266662839e-02
-3.015091542800002120e-02
3.628066666419373064e-08
1.465900000000004874e-08
3.153671373900000102e-02
-1.776899999248693869e-08
-1.776900000250437715e-08
4.036333333086035922e-08
1.023231951433328617e-02
8.976048714350555677e-25
-1.716299999248693975e-08
-9.362594581000020788e-03
-2.213181695851212871e-24
1.487366666666673163e-08
-2.076666666666657427e-10
9.705623519999966725e-03
-1.716300000250437821e-08
-2.064754503787673234e-24
-9.362594581000020788e-03
3.153671373900000102e-02
-1.716299999248693975e-08
-1.716300000250437821e-08
-3.019355761116667911e-02
2.707133332600158219e-08
-1.204500000000002117e-08
-1.776899999248693869e-08
-9.362594581000020788e-03
-2.064754503787673234e-24
3.082133332600151981e-08
9.717952874333286514e-03
-2.212630604359483973e-24
-1.776900000250437715e-08
-2.213181695851212871e-24
-9.362594581000020788e-03
-1.205533333333336842e-08
-2.214528806898165106e-24
9.365939391333304512e-03
-2.509943006966674356e-02
6.858966666470861583e-08
1.960633333333335610e-08
2.332026160700002501e-02
-1.694999999451017060e-08
-1.695000000182994809e-08
6.109799999804184072e-08
6.882299516333347314e-03
1.200541667984137476e-24
-2.759499999451020073e-08
-6.564989560000004075e-03
-1.423958066065263345e-24
2.124966666666667900e-08
1.301166813314077769e-24
6.915482561333353637e-03
-2.759500000182997161e-08
-4.031231101452554328e-24
-6.564989560000004075e-03
2.332026160700002501e-02
-2.759499999451020073e-08
-2.759500000182997161e-08
-2.454722198250008230e-02
7.486233332758664645e-08
-2.353999999999999109e-08
-1.694999999451017060e-08
-6.564989560000004075e-03
-4.031231101452554328e-24
7.079466666091995547e-08
6.737968824333349406e-03
-4.324227847789302576e-24
-1.695000000182994809e-08
-1.423958066065263345e-24
-6.564989560000004075e-03
-2.309000000000001022e-08
-4.241564188846859444e-24
6.839245428000021582e-03
6.516237665983340421e-02
-2.311899999820052823e-08
-2.620933333333328294e-08
-7.212070211999990765e-02
4.352799999340945938e-08
4.352800000219689682e-08
-1.711126666648679880e-07
3.577390717733314879e-02
-1.106666666666682491e-10
1.363964999934097261e-07
-3.624326872999997229e-02
-3.559129756218927566e-25
-5.843066666666679866e-08
-1.106666666666702265e-10
3.597004591333314433e-02
1.363965000021971636e-07
2.239030927776232747e-23
-3.624326872999997229e-02
-7.212070211999990765e-02
1.363964999934097261e-07
1.363965000021971636e-07
5.569350423466686018e-02
-2.234666665468908867e-09
-1.264600000000000286e-08
4.352799999340945938e-08
-3.624326872999997229e-02
2.239030927776232747e-23
-1.049066666654695097e-07
3.613297416316647165e-02
9.486666666666658722e-10
4.352800000219689682e-08
-3.559129756218927566e-25
-3.624326872999997229e-02
-3.474666666666675678e-08
1.182999999999997879e-09
3.591185763166648143e-02
-3.319347549733334124e-02
2.274043333300315975e-07
8.436566666666656734e-08
3.435978149999992931e-02
-1.237809999896280171e-07
-1.237810000034573123e-07
2.408456666633651197e-07
2.070702847066665381e-02
5.165907182063287926e-24
-1.261839999896280156e-07
-2.210261785649999394e-02
1.900999999999985060e-09
7.825466666666653333e-08
-3.243333333333285427e-10
2.156899351466661646e-02
-1.261840000034573107e-07
1.900999999999984233e-09
-2.210261785149999353e-02
3.435978149999992931e-02
-1.261839999896280156e-07
-1.261840000034573107e-07
-2.553917287699993335e-02
2.459046666584396686e-07
-6.921033333333329854e-08
-1.237809999896280171e-07
-2.210261785649999394e-02
1.900999999999984233e-09
2.410953333251063523e-07
1.924068626900000273e-02
2.596999999999986793e-09
-1.237810000034573123e-07
1.900999999999985060e-09
-2.210261785149999353e-02
-5.998099999999995986e-08
2.388999999999988752e-09
2.072717201666663539e-02
-3.183363492999993771e-02
1.802316666636070641e-07
6.561766666666664325e-08
3.428622269999993116e-02
-9.147049999009196286e-08
-9.147050000330260634e-08
1.796686666636070345e-07
1.811105317066669801e-02
4.017923272542563710e-24
-9.627899999009196254e-08
-1.965034139249997522e-02
1.900999999999988783e-09
6.144399999999996442e-08
-3.243333333333295767e-10
1.906876989599997491e-02
-9.627900000330260602e-08
1.900999999999987955e-09
-1.965034138549997395e-02
3.428622269999993116e-02
-9.627899999009196254e-08
-9.627900000330260602e-08
-2.965336584866657549e-02
1.916146666579686471e-07
-5.640500000000008057e-08
-9.147049999009196286e-08
-1.965034139249997522e-02
1.900999999999987955e-09
1.858679999913021434e-07
1.768849963033337219e-02
1.481666666666656277e-09
-9.147050000330260634e-08
1.900999999999988783e-09
-1.965034138549997395e-02
-5.275400000000008315e-08
1.730333333333323326e-09
1.834879324066665193e-02
-3.385963671066655883e-02
1.276706666636145121e-07
4.533700000000014981e-08
3.421966949999991764e-02
-7.213999999057405469e-08
-7.214000000314190604e-08
1.386326666636145013e-07
1.597344249166671171e-02
2.776090596647186800e-24
-7.189049999057406294e-08
-1.709247604649997976e-02
5.439999999999911938e-10
4.630433333333347049e-08
1.053666666666669542e-09
1.595951096933331120e-02
-7.189050000314191430e-08
5.439999999999911938e-10
-1.709247603449998154e-02
3.421966949999991764e-02
-7.189049999057406294e-08
-7.189050000314191430e-08
-3.173443239299988949e-02
1.332723333248247681e-07
-4.192500000000011237e-08
-7.213999999057405469e-08
-1.709247604649997976e-02
5.439999999999911938e-10
1.345413333248248835e-07
1.457987955633338259e-02
-3.530000000000076732e-10
-7.214000000314190604e-08
5.439999999999911938e-10
-1.709247603449998154e-02
-3.810666666666674187e-08
-5.763333333333404421e-10
1.503839035633328797e-02
-2.800556577766660782e-02
9.538666666444557074e-08
2.868033333333324267e-08
2.881378094199995091e-02
-3.378799999327098287e-08
-3.378800000224296098e-08
8.675266666444564047e-08
8.259102976000010782e-03
1.756163920757284693e-24
-4.186199999327097297e-08
-7.817101887500009158e-03
-3.643446692546523411e-24
2.771099999999989986e-08
1.696809372558609116e-24
8.303736836333352328e-03
-4.186200000224295109e-08
-5.621006343832550537e-24
-7.817101887500009158e-03
2.881378094199995091e-02
-4.186199999327097297e-08
-4.186200000224295109e-08
-2.732870950133328702e-02
1.033313333268310021e-07
-3.399733333333331933e-08
-3.378799999327098287e-08
-7.817101887500009158e-03
-5.621006343832550537e-24
9.839933332683100795e-08
8.065271960333351628e-03
-6.245208816931839595e-24
-3.378800000224296098e-08
-3.643446692546523411e-24
-7.817101887500009158e-03
-3.318399999999997474e-08
-6.095801907435860364e-24
8.190040428500019315e-03
-3.598166837673039131e-01
-2.529255637783545563e+00
3.696299548149248881e-01
-3.734164427870004244e-01
6.163250279688321509e-01
-1.244349461883239166e-01
3.055959052411564847e-01
1.582714730828299388e+00
-2.681828239967398719e-01
-2.429575157598876434e+00
7.302002944955601649e+00
-1.067839682982839600e+00
1.334089982422524967e-01
3.047790032650423697e-01
-5.502747066180344732e-02
1.856394030221876656e+00
-5.333642024469949838e+00
9.390004234144705419e-01
3.594548668318841012e-01
-1.045541228736594164e+00
1.464036037489998832e-01
-2.289489747750148713e-02
-6.147060554480340139e-02
1.434611417295749217e-02
-3.127139945413756617e-01
9.446666573672630740e-01
-1.566400031251977965e-01
-3.734164427870004244e-01
1.334089982422524967e-01
-2.289489747750148713e-02
4.473593416986656468e-01
-1.170429231424768013e-01
2.159487065556864663e-02
-2.590097694468990186e-01
5.503430414303374374e-02
-1.493403199042889510e-03
6.163250279688321509e-01
3.047790032650423697e-01
-6.147060554480340139e-02
-1.149540202504769210e-01
-2.659934544076667517e-01
3.626480151359516568e-02
-5.992347194118696763e-01
7.617626673634710077e-02
1.275386883096213397e-02
-1.244349461883239166e-01
-5.502747066180344732e-02
1.434611417295749217e-02
2.557146645050622363e-02
4.195094974038088981e-02
-2.186893922999999431e-03
1.097506453229247919e-01
2.895252124803183481e-03
2.417283126355192907e-02
3.055959052411564847e-01
1.856394030221876656e+00
-3.127139945413756617e-01
-2.590097694468990186e-01
-5.992347194118696763e-01
1.097506453229247919e-01
5.247176703053452185e-01
-1.192806450292234643e+00
1.483237612846144415e-01
1.582714730828299388e+00
-5.333642024469949838e+00
9.446666573672630740e-01
5.503430414303374374e-02
7.617626673634710077e-02
2.895252124803183481e-03
-1.076999723502900963e+00
5.528157360840019408e+00
-9.674181585897554392e-01
-2.681828239967398719e-01
9.390004234144705419e-01
-1.566400031251977965e-01
-1.493403199042889510e-03
1.275386883096213397e-02
2.417283126355192907e-02
1.299528418540348285e-01
-9.718815375609103357e-01
1.487983492413332276e-01
3.884581703966982213e-01
-8.890590564282387087e-02
-7.987786866783582601e-03
-4.818046537239989435e-01
2.273153032456030551e-02
-2.307662638063715313e-02
-5.555915443431299477e-02
-5.848397445942914857e-02
5.921378929021119120e-02
-7.959544649082384016e-02
1.913880671413022427e-01
-7.454219432987538307e-02
-4.605000459076125791e-03
-2.084117900765718526e-02
2.115555387827190020e-02
-2.833769640084163668e-02
-1.475354927515510062e-01
1.493653225091778336e-01
-8.566654113784533814e-03
-6.417154538289460142e-02
8.192422363999977974e-02
4.660691348373590184e-03
2.116372336327190101e-02
-2.148296350934281174e-02
2.876609426042093035e-02
1.497582256786188781e-01
-1.516154506891363163e-01
-4.818046537239989435e-01
-4.605000459076125791e-03
4.660691348373590184e-03
4.468251382102735869e-01
-1.768338093537834277e-02
3.953114679586639327e-03
-1.119752713138552798e-02
-1.975562058365345694e-03
1.791655229252572942e-03
2.273153032456030551e-02
-2.084117900765718526e-02
2.116372336327190101e-02
-1.835426827104502320e-02
2.271329786972699563e-02
-2.129455915927766160e-02
-3.094306547509732136e-02
-1.861128841199936185e-03
1.765389790528154893e-03
-2.307662638063715313e-02
2.115555387827190020e-02
-2.148296350934281174e-02
9.706262092883914542e-04
-2.186547771452295591e-02
2.956462142599996720e-02
3.151357476790089124e-02
1.949595647990355748e-03
-1.853378041414572002e-03
-5.555915443431299477e-02
-2.833769640084163668e-02
2.876609426042093035e-02
-1.119752713138552798e-02
-3.094306547509732136e-02
3.151357476790089124e-02
5.203970561639759823e-02
3.742921535398703592e-02
-1.654850864528641455e-02
-5.848397445942914857e-02
-1.475354927515510062e-01
1.497582256786188781e-01
-1.975562058365345694e-03
-1.861128841199936185e-03
1.949595647990355748e-03
4.489911039565370326e-02
1.310707872352690484e-01
-3.246471652422223964e-02
5.921378929021119120e-02
1.493653225091778336e-01
-1.516154506891363163e-01
1.791655229252572942e-03
1.765389790528154893e-03
-1.853378041414572002e-03
-1.002766252094952626e-02
-3.760621044222827586e-02
3.707734633499996935e-02
4.189705571689175123e-01
1.001964734272331459e-03
2.279933777237013598e-02
-4.466904953359994157e-01
8.382442372054375521e-03
-1.114844694948046236e-02
-3.049652549898294526e-02
-1.681722490104696835e-02
2.516118010683670095e-02
1.097576092893892685e-02
6.837189429541634667e-02
-3.865790655898433681e-02
6.404429511695898872e-04
-1.209710012421438483e-02
1.818733071606743260e-02
-3.370827885007297766e-03
-3.702632537579244459e-02
5.451074390220925908e-02
3.179869889011985654e-03
-4.148177489594494227e-02
5.383177321299990187e-02
2.972639497780463561e-03
1.799288859706742877e-02
-2.705133088478560086e-02
7.046524983885891352e-03
5.411243291205112410e-02
-8.270701365022455065e-02
-4.466904953359994157e-01
6.404429511695898872e-04
2.972639497780463561e-03
4.657676893794044926e-01
1.780186917548429171e-03
8.116403763817330464e-04
-5.093215478724477489e-03
-1.222007766027575571e-03
1.322371589666537306e-03
8.382442372054375521e-03
-1.209710012421438483e-02
1.799288859706742877e-02
2.922240361548423572e-03
1.678822901359577902e-02
-2.169550356566044350e-02
-1.980664962885353778e-02
-8.228122341112046201e-04
-3.431603215040134763e-04
-1.114844694948046236e-02
1.818733071606743260e-02
-2.705133088478560086e-02
2.365697645966256010e-04
-2.137603147403178971e-02
3.120486725733327346e-02
2.956006726449529262e-02
4.053403495209956069e-04
-3.897900881643507590e-04
-3.049652549898294526e-02
-3.370827885007297766e-03
7.046524983885891352e-03
-5.093215478724477489e-03
-1.980664962885353778e-02
2.956006726449529262e-02
4.161624224766918845e-02
1.687750668050444491e-02
-2.183294335406853887e-02
-1.681722490104696835e-02
-3.702632537579244459e-02
5.411243291205112410e-02
-1.222007766027575571e-03
-8.228122341112046201e-04
4.053403495209956069e-04
1.648499412650443127e-02
2.900508293133094440e-02
-2.196327056764924707e-02
2.516118010683670095e-02
5.451074390220925908e-02
-8.270701365022455065e-02
1.322371589666537306e-03
-3.431603215040134763e-04
-3.897900881643507590e-04
-1.270833808151915906e-02
-1.997613240531225312e-02
3.632377739499999952e-02
4.375646049293185902e-01
-1.230429507779973522e-02
2.676540660303977290e-02
-5.216939714560000496e-01
1.300819198055075052e-02
-2.057657520960301870e-02
-2.570314869790792447e-02
-2.141426080882237806e-02
3.775418756094944123e-02
-1.236435505079973123e-02
4.444436160468291652e-02
-1.917684768845581700e-02
5.681717878253841588e-04
-5.031569372638781436e-03
8.700897794752684641e-03
-1.204320752882015802e-02
-4.052630539114576019e-02
6.858457424009531400e-02
1.408805530275599079e-02
-2.053753997067721271e-02
3.056985654399992439e-02
-1.705408848329516064e-03
7.196011419752685288e-03
-1.205954536236123094e-02
2.221664761569585797e-02
6.987072228132766571e-02
-1.206621495749461148e-01
-5.216939714560000496e-01
5.681717878253841588e-04
-1.705408848329516064e-03
4.673144270808125000e-01
-9.635472846245551892e-04
1.719357960240436994e-03
-4.985142776486215302e-03
-3.289805469742902808e-04
1.077762033478412221e-03
1.300819198055075052e-02
-5.031569372638781436e-03
7.196011419752685288e-03
-5.725503366245550656e-04
1.200367250485351658e-02
-1.881020884560826237e-02
-1.279754668736607544e-02
7.493066705876721273e-04
-2.107428539709733668e-03
-2.057657520960301870e-02
8.700897794752684641e-03
-1.205954536236123094e-02
2.284699855672737805e-03
-1.859472576102371918e-02
3.094063124866662517e-02
2.409420859941964824e-02
-5.196835991484086799e-04
8.467747718985497518e-04
-2.570314869790792447e-02
-1.204320752882015802e-02
2.221664761569585797e-02
-4.985142776486215302e-03
-1.279754668736607544e-02
2.409420859941964824e-02
3.986153462074571580e-02
8.102377371477273438e-03
-1.058828931446218619e-02
-2.141426080882237806e-02
-4.052630539114576019e-02
6.987072228132766571e-02
-3.289805469742902808e-04
7.493066705876721273e-04
-5.196835991484086799e-04
1.255702273981066167e-02
1.896193674458766451e-02
-6.100676202971927649e-03
3.775418756094944123e-02
6.858457424009531400e-02
-1.206621495749461148e-01
1.077762033478412221e-03
-2.107428539709733668e-03
8.467747718985497518e-04
-4.216317932797215146e-03
-3.845894005083266582e-04
1.060586069566669259e-02
-6.611947983958893493e-01
-2.678368548006223815e+00
3.424258955240452318e-01
-2.243587450650005588e-01
8.858970595461111985e-01
-1.723616581584321572e-01
5.250632265810862842e-01
1.736348733248722631e+00
-2.942790361600065019e-01
-2.504374911502555978e+00
8.169370100432189474e+00
-1.201620354912179334e+00
1.372699758582877905e-01
4.247083758436722145e-01
-1.042660074816532945e-01
2.042455859183116562e+00
-5.284135314620848511e+00
9.244319166878510741e-01
3.640111594134373130e-01
-1.176921031992377520e+00
1.472944919283332710e-01
-2.583582658800938001e-02
-1.031204250816531998e-01
3.995156197932768494e-02
-3.460383537147830313e-01
1.013901341358376618e+00
-1.690400188162330675e-01
-2.243587450650005588e-01
1.372699758582877905e-01
-2.583582658800938001e-02
4.386361381421550742e-01
-1.177394312158130257e-01
2.021947858632657663e-02
-2.431514830619178058e-01
2.442717772560344322e-02
-2.717131215238323926e-03
8.858970595461111985e-01
4.247083758436722145e-01
-1.031204250816531998e-01
-1.185853205331465626e-01
-2.613357411494892646e-01
3.429123078009696513e-02
-5.841614255818193824e-01
3.593559103806105715e-02
1.843382641998764226e-02
-1.723616581584321572e-01
-1.042660074816532945e-01
3.995156197932768494e-02
3.070312445779197971e-02
4.753021479985465592e-02
-2.267279519999974423e-04
9.223297333745877902e-02
-9.291210406748478048e-04
1.030376391485670999e-02
5.250632265810862842e-01
2.042455859183116562e+00
-3.460383537147830313e-01
-2.431514830619178058e-01
-5.841614255818193824e-01
9.223297333745877902e-02
6.717071760872891373e-01
-9.626551833085128518e-01
2.075962937311122136e-01
1.736348733248722631e+00
-5.284135314620848511e+00
1.013901341358376618e+00
2.442717772560344322e-02
3.593559103806105715e-02
-9.291210406748478048e-04
-9.105173466131790683e-01
5.650172298688406869e+00
-1.044598717617758465e+00
-2.942790361600065019e-01
9.244319166878510741e-01
-1.690400188162330675e-01
-2.717131215238323926e-03
1.843382641998764226e-02
1.030376391485670999e-02
1.691978298246279433e-01
-1.053556726058530346e+00
1.923102027406665138e-01
2.216168986165888977e-01
-3.834114804384601838e-01
2.942160222449172191e-02
-4.009400549489996468e-01
5.409538361641675480e-02
-2.555627103555701413e-02
-4.289003839846120686e-02
3.910292841271274522e-01
-1.522663665695518087e-01
-5.003967891271269286e-01
1.987120756023746049e+00
-7.823756089103504063e-01
2.577091817187677006e-02
1.513876503108881576e-02
-5.203025261468121471e-03
4.424384184987145141e-01
-1.288786833776116358e+00
4.990724362523576429e-01
1.031940332411908356e-01
-5.497160033468537765e-01
1.433322751313331478e-01
-1.021233692001672494e-02
-1.000746152546810701e-02
1.844197652911175756e-03
-1.669661503577227757e-01
4.927731775377504064e-01
-1.867924722234235446e-01
-4.009400549489996468e-01
2.577091817187677006e-02
-1.021233692001672494e-02
5.184532357524923585e-01
-2.641369656523097353e-02
1.810360394890878077e-02
-5.885514023718273202e-02
3.084991688406887519e-03
-4.622422172145430018e-03
5.409538361641675480e-02
1.513876503108881576e-02
-1.000746152546810701e-02
-3.373391290956423427e-02
-1.849876332082552727e-02
4.755188803034124043e-03
-4.077265027540267345e-02
1.774797418688859891e-03
1.344898821552557508e-03
-2.555627103555701413e-02
-5.203025261468121471e-03
1.844197652911175756e-03
1.834771017723500763e-02
9.085511625491208415e-03
3.743352976666670419e-03
1.723452698999299385e-02
3.689278889295692903e-03
-2.559489291506146773e-03
-4.289003839846120686e-02
4.424384184987145141e-01
-1.669661503577227757e-01
-5.885514023718273202e-02
-4.077265027540267345e-02
1.723452698999299385e-02
9.883023166442137519e-01
1.719853856010535864e-01
2.466065687961493114e-01
3.910292841271274522e-01
-1.288786833776116358e+00
4.927731775377504064e-01
3.084991688406887519e-03
1.774797418688859891e-03
3.689278889295692903e-03
6.155908595471998312e-02
7.561234572317857561e-01
-7.915800785311311039e-02
-1.522663665695518087e-01
4.990724362523576429e-01
-1.867924722234235446e-01
-4.622422172145430018e-03
1.344898821552557508e-03
-2.559489291506146773e-03
3.783329781704146133e-01
-1.451922282489527816e-01
1.621463749056663850e-01
4.446381285276981843e-01
-7.664342653822056595e-03
9.786504998093829497e-03
-4.630596474960003150e-01
2.314925785221527005e-02
-2.934578527769090076e-02
-4.752227790645111027e-02
-2.769710044412684868e-02
3.510757076388729830e-02
-5.911607453822152747e-03
1.086698672683020506e-01
-6.230415570680565562e-02
-1.822201014276160404e-03
-1.728976816161581151e-02
2.191590902678521718e-02
-3.094297221576043731e-03
-6.080306665299758939e-02
7.707027271472308150e-02
2.484788010404255509e-02
-6.331159404538479196e-02
7.224073877899965523e-02
2.307106306695829497e-03
2.219079512978520963e-02
-2.812828055338421548e-02
4.089275661272942508e-03
7.745237164555759946e-02
-9.817404276855118406e-02
-4.630596474960003150e-01
-1.822201014276160404e-03
2.307106306695829497e-03
4.689225438266866886e-01
2.389219480652331022e-03
-1.904351821899035683e-03
-1.032718612539678532e-02
-2.635820070045477321e-03
3.477829011868049935e-03
2.314925785221527005e-02
-1.728976816161581151e-02
2.219079512978520963e-02
3.945737453985661072e-03
2.158868900631274318e-02
-2.356020261792804438e-02
-2.787239705272968535e-02
-3.247965124605939943e-03
3.612709435582665395e-03
-2.934578527769090076e-02
2.191590902678521718e-02
-2.812828055338421548e-02
-1.073947939864699531e-03
-2.363313769046654703e-02
2.972285276666671722e-02
3.597409962632166364e-02
2.774793283375327768e-03
-3.763214491997287931e-03
-4.752227790645111027e-02
-3.094297221576043731e-03
4.089275661272942508e-03
-1.032718612539678532e-02
-2.787239705272968535e-02
3.597409962632166364e-02
5.698644182144840808e-02
2.417642620007507889e-02
-2.712427714816045832e-02
-2.769710044412684868e-02
-6.080306665299758939e-02
7.745237164555759946e-02
-2.635820070045477321e-03
-3.247965124605939943e-03
2.774793283375327768e-03
2.499364456907507415e-02
6.016096259155154224e-02
-4.871055555798178144e-02
3.510757076388729830e-02
7.707027271472308150e-02
-9.817404276855118406e-02
3.477829011868049935e-03
3.612709435582665395e-03
-3.763214491997287931e-03
-2.041470452973286748e-02
-4.505542900375836268e-02
6.041038190566644372e-02
4.624966491850734940e-01
-1.394994798567298841e-02
2.989790538911853840e-02
-4.488045799909998190e-01
1.542098783819904201e-02
-2.363638013822572104e-02
-2.154680950940993794e-02
4.951317758749470942e-05
-4.815139347565903648e-04
-1.568341416233964836e-02
3.794132472426119118e-02
-2.041447226162328155e-02
1.218951301113461007e-03
-4.027364607423203173e-03
7.000135577219534534e-03
1.010673661159324117e-02
-5.424489549755970134e-03
9.141208266109628749e-03
2.413249024545921842e-02
-2.426127036244696625e-02
3.380638277999992863e-02
-1.824045047169028065e-03
6.877384960219531766e-03
-1.143313643957680897e-02
-1.679729788373567761e-02
8.541739608846092915e-03
-1.396715955083409691e-02
-4.488045799909998190e-01
1.218951301113461007e-03
-1.824045047169028065e-03
4.669703374619418312e-01
2.340872382504931293e-05
1.633546723342046243e-03
-9.766351775630419639e-04
8.424223514036571553e-04
-7.650899439371968997e-04
1.542098783819904201e-02
-4.027364607423203173e-03
6.877384960219531766e-03
-2.020804817174955050e-03
1.270065223439254334e-02
-1.947100375039768558e-02
-1.527653114754450557e-02
-8.152716582776651328e-04
6.156709096429508268e-04
-2.363638013822572104e-02
7.000135577219534534e-03
-1.143313643957680897e-02
3.190583689358385353e-03
-1.949344722356330731e-02
3.330405899699991762e-02
2.619292477639698427e-02
7.821262180174791369e-04
-1.414688571159306149e-03
-2.154680950940993794e-02
1.010673661159324117e-02
-1.679729788373567761e-02
-9.766351775630419639e-04
-1.527653114754450557e-02
2.619292477639698427e-02
5.471276537451635197e-02
4.580519289351222406e-02
-6.612699045836391634e-03
4.951317758749470942e-05
-5.424489549755970134e-03
8.541739608846092915e-03
8.424223514036571553e-04
-8.152716582776651328e-04
7.821262180174791369e-04
-8.232131833154852571e-03
-1.333046412984957227e-02
-1.715643824116471882e-03
-4.815139347565903648e-04
9.141208266109628749e-03
-1.396715955083409691e-02
-7.650899439371968997e-04
6.156709096429508268e-04
-1.414688571159306149e-03
-2.821526334829661375e-03
-2.236441111115269366e-05
7.576087166666681770e-03
9.972865730435771514e-01
-8.567280622047936944e-01
4.058572224000041584e-01
-1.829044530248000955e+00
8.831007675912604105e-02
-1.185905673150551391e-02
-1.081217452202993222e-02
8.970369796455656131e-01
-1.003123517533889703e-01
-8.782946088547937125e-01
2.046985988945094981e+00
-2.648824428374420559e-01
1.979330334183353191e-02
9.098815844086782789e-02
-1.254676484494372801e-02
9.720861790484410792e-01
-3.158699402866117278e+00
3.575847729716096768e-01
3.543277970531042986e-01
-3.170903791603276733e-01
1.932635733126670252e-01
-7.503434581127348298e-03
-6.084243126943722491e-03
9.644275173132075413e-03
-1.145295294820971588e-01
3.729860397089492241e-01
-3.403901553885120557e-02
-1.829044530248000955e+00
1.979330334183353191e-02
-7.503434581127348298e-03
4.754442494787904927e-01
4.195714738636177610e-02
-1.533924668098686495e-03
-1.180664054404728214e+00
5.012728328681789192e-01
-5.966177413106767136e-02
8.831007675912604105e-02
9.098815844086782789e-02
-6.084243126943722491e-03
5.290728971202840469e-02
-9.894391018125989201e-03
1.715407204822554793e-02
4.341568963197836029e-01
-1.642428136025631258e-01
5.765812975402510171e-02
-1.185905673150551391e-02
-1.254676484494372801e-02
9.644275173132075413e-03
7.149915732272820248e-03
3.540047421944998718e-02
-3.883429242999945994e-03
-4.784320846910237318e-02
2.596443095451026264e-02
4.114396691729088618e-02
-1.081217452202993222e-02
9.720861790484410792e-01
-1.145295294820971588e-01
-1.180664054404728214e+00
4.341568963197836029e-01
-4.784320846910237318e-02
3.169586740719630980e-01
-6.443100160446002533e-02
1.473808212909267779e-01
8.970369796455656131e-01
-3.158699402866117278e+00
3.729860397089492241e-01
5.012728328681789192e-01
-1.642428136025631258e-01
2.596443095451026264e-02
-1.161751120981269203e-01
2.758498749914032100e+00
-1.037633543613308396e+00
-1.003123517533889703e-01
3.575847729716096768e-01
-3.403901553885120557e-02
-5.966177413106767136e-02
5.765812975402510171e-02
4.114396691729088618e-02
1.233699483024611188e-01
-1.094463357526683112e+00
2.711639430013338403e-01
7.828717221742287347e-01
-7.810212499196476088e-01
5.126551234492879860e-01
-1.153894987951999962e+00
1.502642275797870519e-01
-2.572099486459216572e-02
5.686196306865780314e-03
9.447607756563455306e-01
-1.612855961962547380e-01
-7.905867075803141297e-01
2.421171334847780798e+00
-2.894367586533174719e-01
3.335541922655259339e-02
1.149417706107563192e-01
-1.985326746147917515e-02
1.053610264130270702e+00
-3.371227914289231187e+00
5.793241470440607666e-01
3.994698092595218575e-01
-3.715667646169878990e-01
3.150174413066678669e-01
-9.214451253402708777e-03
-2.144640511647917178e-02
7.481716678243576120e-03
-1.833058722166222287e-01
5.871316282308823853e-01
-9.223829492863278023e-02
-1.153894987951999962e+00
3.335541922655259339e-02
-9.214451253402708777e-03
4.777346418749447987e-01
-1.946563471201054329e-02
1.292141412317129867e-02
-9.022185971218417144e-01
4.313048267201520236e-01
-7.743365098834344151e-02
1.502642275797870519e-01
1.149417706107563192e-01
-2.144640511647917178e-02
-1.627527936134386122e-02
-6.760499575561369767e-02
2.231125776502971420e-02
3.300264025161386283e-01
-1.762925427358960351e-01
5.609118621068182736e-02
-2.572099486459216572e-02
-1.985326746147917515e-02
7.481716678243576120e-03
8.005012570560790172e-03
3.355927320534396463e-02
-4.227572883666631809e-03
-5.507435346783572799e-02
3.793412708732480515e-02
1.937826966273807974e-02
5.686196306865780314e-03
1.053610264130270702e+00
-1.833058722166222287e-01
-9.022185971218417144e-01
3.300264025161386283e-01
-5.507435346783572799e-02
4.246409244339122147e-01
-2.348041925802250296e-01
2.572892989684252285e-01
9.447607756563455306e-01
-3.371227914289231187e+00
5.871316282308823853e-01
4.313048267201520236e-01
-1.762925427358960351e-01
3.793412708732480515e-02
-3.268702514315569019e-01
3.174864251577756757e+00
-1.099482719563105615e+00
-1.612855961962547380e-01
5.793241470440607666e-01
-9.223829492863278023e-02
-7.743365098834344151e-02
5.609118621068182736e-02
1.937826966273807974e-02
2.789832094330402801e-01
-1.202726876811509360e+00
2.673196691873336306e-01
3.753017272986846065e-01
3.885234567940656913e-02
2.470713552676805091e-02
-4.403223232520006025e-01
-1.972552881459700355e-02
1.510146318499159569e-02
-5.875389519812516254e-02
9.002587687719798559e-02
-6.891180262640515808e-02
3.135811289440654237e-02
5.384698586129823550e-01
-2.372137791142584495e-01
8.080384378827481021e-03
-2.194884261760168473e-02
1.680139126515907758e-02
6.221972084538756470e-02
-2.625444371508489083e-01
2.009681888902296321e-01
6.039066522024788553e-02
-1.780063837335745525e-01
1.492253075183330446e-01
-6.183469174111222433e-03
1.680145363115907384e-02
-1.286117053039831197e-02
-4.762718750817773045e-02
2.009684323410117768e-01
-1.538340040510267070e-01
-4.403223232520006025e-01
8.080384378827481021e-03
-6.183469174111222433e-03
4.704755052269880555e-01
-1.173535376213077908e-02
5.476912740098919229e-03
-2.760031354493923048e-02
1.044604642099548550e-02
-7.797796669684740889e-03
-1.972552881459700355e-02
-2.194884261760168473e-02
1.680145363115907384e-02
-1.139949090979747517e-02
2.748744358234661914e-02
-1.590346676578992605e-02
3.739559959118615717e-02
-5.720928369390004820e-03
3.062437346680472409e-03
1.510146318499159569e-02
1.680139126515907758e-02
-1.286117053039831197e-02
7.604321898851141778e-03
-1.381291703130366894e-02
1.504207774333334718e-02
-2.800570422952733396e-02
3.346480233907657333e-03
-2.913441838670786585e-03
-5.875389519812516254e-02
6.221972084538756470e-02
-4.762718750817773045e-02
-2.760031354493923048e-02
3.739559959118615717e-02
-2.800570422952733396e-02
7.709069470000859403e-02
-1.010925423503498677e-01
3.381274595372814329e-02
9.002587687719798559e-02
-2.625444371508489083e-01
2.009684323410117768e-01
1.044604642099548550e-02
-5.720928369390004820e-03
3.346480233907657333e-03
-1.130773085833499253e-01
5.864499323799913233e-01
-3.487186686353515447e-04
-6.891180262640515808e-02
2.009681888902296321e-01
-1.538340040510267070e-01
-7.797796669684740889e-03
3.062437346680472409e-03
-2.913441838670786585e-03
2.256584223518028065e-02
-1.889130553933071957e-02
4.311319518400007211e-02
4.775364191095645139e-01
-9.441988821849447988e-03
2.858091895648791000e-02
-4.718399861769996262e-01
5.556561724088322947e-03
-1.443423739168198626e-02
-5.649970954443975062e-03
4.472451197867322037e-03
-1.088006096877211851e-02
-9.720400677516175675e-03
-7.205495978972923472e-04
-3.765424033180335070e-03
9.399542156998264963e-04
-4.314265154966423661e-03
1.049559449053445379e-02
9.562090223565349045e-03
5.066921595852335626e-03
-1.232640787739958804e-02
2.656220331537040985e-02
2.641976851115722478e-03
1.740557006666667650e-03
-2.282355795948153541e-03
1.049554953253445562e-02
-2.553320852503357732e-02
-2.326161514187059451e-02
-1.232634947291374496e-02
2.998657239159159896e-02
-4.718399861769996262e-01
9.399542156998264963e-04
-2.282355795948153541e-03
4.695053851938287282e-01
-1.267987614734986807e-03
3.337107598326992733e-03
2.194248068589230855e-03
4.017506187763936025e-04
-9.773421866077420302e-04
5.556561724088322947e-03
-4.314265154966423661e-03
1.049554953253445562e-02
-1.309365442068324489e-03
3.745060341171186063e-03
-8.965477973080898319e-03
-4.894680279171183777e-03
6.298265729520152560e-04
-1.532149327760112031e-03
-1.443423739168198626e-02
1.049559449053445379e-02
-2.553320852503357732e-02
3.236650464450274885e-03
-8.988492665016790603e-03
2.183904794733345506e-02
1.183718748801712746e-02
-1.564822892072431334e-03
3.806673266458763041e-03
-5.649970954443975062e-03
9.562090223565349045e-03
-2.326161514187059451e-02
2.194248068589230855e-03
-4.894680279171183777e-03
1.183718748801712746e-02
5.009336292732414347e-03
-3.731866233314214219e-03
1.475782632447014166e-02
4.472451197867322037e-03
5.066921595852335626e-03
-1.232634947291374496e-02
4.017506187763936025e-04
6.298265729520152560e-04
-1.564822892072431334e-03
-3.845452136314216063e-03
-4.461575436065743153e-03
1.458201261412872887e-02
-1.088006096877211851e-02
-1.232640787739958804e-02
2.998657239159159896e-02
-9.773421866077420302e-04
-1.532149327760112031e-03
3.806673266458763041e-03
1.200011267330437781e-02
1.380281908857198744e-02
-3.478972767333329136e-02
-3.342497204755500162e-01
-2.256883783247786379e+00
3.221640326631309281e-01
-2.389302812270004406e-01
7.612632890239120487e-01
-1.669878822717451028e-01
2.980062152549385335e-01
1.636290688225108259e+00
-2.763323723888079231e-01
-2.450985971864453994e+00
8.272749739494525301e+00
-1.098315443573186556e+00
1.459109075825688884e-01
3.967224878945186939e-01
-7.446136969778198444e-02
1.973489430933788258e+00
-5.339091751256276552e+00
9.560899891735114009e-01
3.294700989713471584e-01
-1.088929133178191622e+00
1.215809973573332287e-01
-2.697644042104872103e-02
-9.708690365178193615e-02
2.572186027345183673e-02
-3.463059311608618906e-01
9.750039292012936398e-01
-1.601003140156853910e-01
-2.389302812270004406e-01
1.459109075825688884e-01
-2.697644042104872103e-02
4.528593191225192549e-01
-1.184208435466812259e-01
2.793234727475699120e-02
-2.507025281717069065e-01
3.878526377524550706e-02
-2.441133591253903667e-02
7.612632890239120487e-01
3.967224878945186939e-01
-9.708690365178193615e-02
-1.104894498933478991e-01
-2.541084906168535884e-01
4.274030318186718136e-02
-5.888799302430945959e-01
1.058143304508070703e-01
5.092132238781575324e-03
-1.669878822717451028e-01
-7.446136969778198444e-02
2.572186027345183673e-02
2.423585872424561735e-02
4.677871269081929073e-02
-4.227397833999989654e-03
7.615493324847684431e-02
1.598763869303208309e-04
7.539206574899899073e-03
2.980062152549385335e-01
1.973489430933788258e+00
-3.463059311608618906e-01
-2.507025281717069065e-01
-5.888799302430945959e-01
7.615493324847684431e-02
1.032048781111187807e+00
-1.002214135498616709e+00
7.405163611126003298e-02
1.636290688225108259e+00
-5.339091751256276552e+00
9.750039292012936398e-01
3.878526377524550706e-02
1.058143304508070703e-01
1.598763869303208309e-04
-9.828122993859489398e-01
5.279008216713503288e+00
-8.900236692162364349e-01
-2.763323723888079231e-01
9.560899891735114009e-01
-1.601003140156853910e-01
-2.441133591253903667e-02
5.092132238781575324e-03
7.539206574899899073e-03
2.467074930746845918e-01
-1.047422600221517452e+00
1.416759263209997621e-01
4.367667421110695281e-01
-9.983463946601479205e-03
2.015051942818899336e-02
-4.729108398469997754e-01
3.209563798965749375e-03
-2.115250325452842353e-04
-2.110284281526098385e-02
-1.639084197055620112e-02
2.816143814868761822e-02
1.169591176839850782e-02
4.649376030459754366e-02
-1.994456832505910396e-02
6.200355069326772680e-04
-4.167112652244469966e-03
1.317989334285260723e-02
-9.040822160934261151e-03
-3.345464680286418246e-02
5.788214168317587505e-02
1.819511805255508152e-02
-2.901013574764392186e-02
3.092111676033326706e-02
-3.444856487552327116e-03
1.377467074685260681e-02
-1.794366982478493369e-02
1.714162457890156324e-02
5.822965239342719340e-02
-1.004395457109040352e-01
-4.729108398469997754e-01
6.200355069326772680e-04
-3.444856487552327116e-03
4.686704341047614464e-01
-3.130345622719132859e-04
2.757222601321614175e-03
-3.377209245764867251e-02
-1.251974694362628822e-02
2.165535935197593700e-02
3.209563798965749375e-03
-4.167112652244469966e-03
1.377467074685260681e-02
-7.213718056052382827e-04
1.316074894090694773e-02
-1.869623091293834069e-02
-2.044649558519131063e-02
-4.887910808215858473e-03
8.319552441284659011e-03
-2.115250325452842353e-04
1.317989334285260723e-02
-1.794366982478493369e-02
2.747934026987817850e-03
-1.874378440131557050e-02
3.142142750033323495e-02
3.344263992181345513e-02
7.737443378715783658e-03
-1.335786230716471540e-02
-2.110284281526098385e-02
-9.040822160934261151e-03
1.714162457890156324e-02
-3.377209245764867251e-02
-2.044649558519131063e-02
3.344263992181345513e-02
3.313133185053324103e-02
9.103156015841039686e-03
-4.872565736913610571e-03
-1.639084197055620112e-02
-3.345464680286418246e-02
5.822965239342719340e-02
-1.251974694362628822e-02
-4.887910808215858473e-03
7.737443378715783658e-03
5.126658962841036150e-03
1.688224463113346258e-02
-4.340579214986006219e-03
2.816143814868761822e-02
5.788214168317587505e-02
-1.004395457109040352e-01
2.165535935197593700e-02
8.319552441284659011e-03
-1.335786230716471540e-02
-4.583705621566840950e-03
5.107272345183568735e-04
7.675052297333350565e-03
4.562048718039913853e-01
-1.562814112973015188e-02
2.575616673575717788e-02
-4.604649790619993466e-01
7.499877103323244337e-03
-1.509240927118458107e-02
-2.937741627945539627e-02
-2.730638664857660061e-02
5.222215576700268980e-02
3.360314539936572545e-03
2.867576950834221233e-02
-8.066942667953163823e-03
6.831196010039074923e-04
-6.916719508450482230e-03
1.320923528492887536e-02
-1.918106254392768287e-02
-4.785311684602693016e-02
9.193365535609392125e-02
3.519926228219898839e-02
-1.345627643626865801e-02
1.454885660399998434e-02
-2.132274056852984535e-03
1.282316985992887001e-02
-2.414860154557894184e-02
3.755551810391093842e-02
9.127117394917406978e-02
-1.749954405095469900e-01
-4.604649790619993466e-01
6.831196010039074923e-04
-2.132274056852984535e-03
4.681829863125880897e-01
-1.207590845667658869e-03
3.095196096484896606e-03
-2.065016780734423713e-02
-8.631024672415695334e-03
1.861158127297834683e-02
7.499877103323244337e-03
-6.916719508450482230e-03
1.282316985992887001e-02
-9.474309910010043217e-04
9.566163260745611657e-03
-1.649939774278721960e-02
-2.134784725872963113e-02
-6.239476025216720081e-03
8.049376345876289862e-03
-1.509240927118458107e-02
1.320923528492887536e-02
-2.414860154557894184e-02
3.068376611094574945e-03
-1.649182410337887705e-02
3.009025751399986917e-02
4.014308349580455321e-02
8.551317347363257201e-03
-1.661129888546836533e-02
-2.937741627945539627e-02
-1.918106254392768287e-02
3.755551810391093842e-02
-2.065016780734423713e-02
-2.134784725872963113e-02
4.014308349580455321e-02
2.105966836809673379e-02
1.082176083254868942e-03
2.779931262876063174e-03
-2.730638664857660061e-02
-4.785311684602693016e-02
9.127117394917406978e-02
-8.631024672415695334e-03
-6.239476025216720081e-03
8.551317347363257201e-03
4.619881065881983190e-04
2.286892197236602489e-03
4.567037679820552636e-03
5.222215576700268980e-02
9.193365535609392125e-02
-1.749954405095469900e-01
1.861158127297834683e-02
8.049376345876289862e-03
-1.661129888546836533e-02
2.818423582329577376e-03
6.540861294802476945e-03
-7.938876636999967623e-03
4.914947727873547612e-01
-9.825708306323788221e-03
2.794703241713416414e-02
-4.678543799590004770e-01
7.280562607141617334e-03
-1.692470351774366319e-02
-7.434308475038953201e-03
4.720900694250458433e-03
-1.033197754818593328e-02
-9.036695788323776887e-03
2.274148589804531745e-04
1.438055300007024147e-03
8.795350756936871862e-04
-5.186608746719753409e-03
1.205996476273884371e-02
1.116000866519717069e-02
5.768377486763784541e-03
-1.440755185392874303e-02
2.713412748495019899e-02
8.070293523387865250e-04
-1.793364392666676934e-03
-2.099398809715881300e-03
1.205991040873884319e-02
-2.804184808530964593e-02
-2.431957813189975295e-02
-1.191726560070592751e-02
2.758632721224569401e-02
-4.678543799590004770e-01
8.795350756936871862e-04
-2.099398809715881300e-03
4.694545416865882337e-01
-1.004302017511064099e-03
3.268626979815089477e-03
2.276545632288774768e-03
5.168373641805067403e-04
-1.006437082620116044e-03
7.280562607141617334e-03
-5.186608746719753409e-03
1.205991040873884319e-02
-1.050608148511058670e-03
4.731839307744751394e-03
-1.024695960792527775e-02
-6.033223522603554934e-03
8.395773847915126605e-04
-1.860906144388881772e-03
-1.692470351774366319e-02
1.205996476273884371e-02
-2.804184808530964593e-02
3.399979199057772891e-03
-1.028719963386964115e-02
2.462609444333318728e-02
1.470318863627183455e-02
-1.636859007395388178e-03
3.593800490890315235e-03
-7.434308475038953201e-03
1.116000866519717069e-02
-2.431957813189975295e-02
2.276545632288774768e-03
-6.033223522603554934e-03
1.470318863627183455e-02
6.470948678778096902e-03
-5.522497010807357089e-03
1.251797477692919401e-02
4.720900694250458433e-03
5.768377486763784541e-03
-1.191726560070592751e-02
5.168373641805067403e-04
8.395773847915126605e-04
-1.636859007395388178e-03
-5.736123744140691864e-03
-5.044592339111413949e-03
1.486161569377768450e-02
-1.033197754818593328e-02
-1.440755185392874303e-02
2.758632721224569401e-02
-1.006437082620116044e-03
-1.860906144388881772e-03
3.593800490890315235e-03
1.129406266642521937e-02
1.377793146822914143e-02
-3.197197482433340732e-02
4.204085778514382588e-01
3.412157877187463328e-02
1.509896740645377822e-02
-4.520618169820006527e-01
-1.928837197406741560e-02
1.458682955293926463e-02
-6.028425550222220319e-02
9.402938650557572664e-02
-7.259340215141657504e-02
3.046836598254132333e-02
4.981221983298953493e-01
-2.115758067076100313e-01
1.021360504352892065e-02
-2.144480929152498688e-02
1.652544564921758913e-02
6.448113601653215898e-02
-2.691939678610810738e-01
2.057147268700308673e-01
5.175949827794132374e-02
-1.794951298848436183e-01
1.248304579873331238e-01
-7.765782839266076494e-03
1.684317846321757919e-02
-1.372108255147501052e-02
-5.030124081407266745e-02
2.054552682208900249e-01
-1.577494854616975639e-01
-4.520618169820006527e-01
1.021360504352892065e-02
-7.765782839266076494e-03
4.686163320126576215e-01
-1.911099416400418444e-02
7.853651115645716649e-03
-6.253341816670776598e-02
3.244107337302062910e-02
-2.220408464400537574e-02
-1.928837197406741560e-02
-2.144480929152498688e-02
1.684317846321757919e-02
-1.197540287533748263e-02
2.651308016267673456e-02
-1.803602958503653861e-02
5.564393291988789514e-02
-2.190707659962314383e-02
1.505535600025645349e-02
1.458682955293926463e-02
1.652544564921758913e-02
-1.372108255147501052e-02
7.850103538411456680e-03
-1.480177557991379372e-02
1.797191190766671276e-02
-4.231633797562935756e-02
1.715972427675426654e-02
-1.088514553866900582e-02
-6.028425550222220319e-02
6.448113601653215898e-02
-5.030124081407266745e-02
-6.253341816670776598e-02
5.564393291988789514e-02
-4.231633797562935756e-02
7.198164648453847514e-02
-9.880765937216387518e-02
3.907491132912969956e-02
9.402938650557572664e-02
-2.691939678610810738e-01
2.054552682208900249e-01
3.244107337302062910e-02
-2.190707659962314383e-02
1.715972427675426654e-02
-1.013952702691639091e-01
5.275610345727954620e-01
-4.417601348722682841e-03
-7.259340215141657504e-02
2.057147268700308673e-01
-1.577494854616975639e-01
-2.220408464400537574e-02
1.505535600025645349e-02
-1.088514553866900582e-02
4.329242571010756546e-02
-6.094619840565952684e-02
4.414184543233339031e-02
4.126296571980094252e-01
8.468525988661428083e-03
1.042402951851676383e-02
-4.365745880089995645e-01
1.178720490574218169e-02
-1.667623575944739839e-02
-2.990491878048737173e-02
-1.973861790923216522e-02
2.870589894847423371e-02
1.814282230232802662e-02
9.559425628732452773e-02
-3.080928560520165491e-02
5.456009758230730318e-03
-1.270261912393370364e-02
1.908363901155494050e-02
-1.031461210951079704e-02
-4.595839605026146718e-02
6.938111239711151901e-02
-8.146103090953227613e-03
-3.907035229805433385e-02
4.195051579166658717e-02
6.038440298490665298e-03
1.845978858655493438e-02
-2.773215777606627061e-02
1.674105908081368471e-02
6.875031188830836582e-02
-1.046441750872510457e-01
-4.365745880089995645e-01
5.456009758230730318e-03
6.038440298490665298e-03
4.703951792997091985e-01
2.309461529836274313e-03
2.819759482891648133e-04
-6.414250588828703491e-03
-1.928622109340351288e-03
2.887647836001792229e-03
1.178720490574218169e-02
-1.270261912393370364e-02
1.845978858655493438e-02
1.209281636169601791e-03
1.697538489462472461e-02
-2.096413612598328063e-02
-2.209280529428674436e-02
-6.655602695951765230e-04
9.936995950490983345e-04
-1.667623575944739839e-02
1.908363901155494050e-02
-2.773215777606627061e-02
1.557607846047162582e-03
-2.075753371528464911e-02
3.075358330399995468e-02
3.289545890263925049e-02
8.345524355941419349e-04
-1.245144005576153149e-03
-2.990491878048737173e-02
-1.031461210951079704e-02
1.674105908081368471e-02
-6.414250588828703491e-03
-2.209280529428674436e-02
3.289545890263925049e-02
4.453825473062322793e-02
8.411787122053555193e-03
-1.844788437369691142e-02
-1.973861790923216522e-02
-4.595839605026146718e-02
6.875031188830836582e-02
-1.928622109340351288e-03
-6.655602695951765230e-04
8.345524355941419349e-04
1.179745471305355953e-02
3.333099104704344284e-02
-2.871055383154814261e-02
2.870589894847423371e-02
6.938111239711151901e-02
-1.046441750872510457e-01
2.887647836001792229e-03
9.936995950490983345e-04
-1.245144005576153149e-03
-1.260822224011350946e-02
-1.623822150737836909e-02
3.456205116766668251e-02
4.188957119443257882e-01
-2.375846813578395486e-02
1.891470022452313229e-02
-5.479681467460000288e-01
8.080138915614919551e-03
-1.364600226274401314e-02
-2.175555186963115326e-02
-9.362951088343120579e-03
1.642489022376222851e-02
-4.631508041173421119e-04
5.993128336900873515e-02
-1.514956202660714193e-02
-3.516420965462522131e-04
1.388837240911818677e-03
1.629140314188944061e-02
-2.538320022882190226e-03
-2.393800960462292085e-02
4.074434754378872259e-02
2.345072954320511632e-02
-2.446483425079035504e-02
2.361035499633326595e-02
-1.542537016524808289e-03
1.705725095588943654e-02
-1.684929869991180426e-02
4.870830492941694879e-03
3.859068105639212876e-02
-6.810576715474574161e-02
-5.479681467460000288e-01
-3.516420965462522131e-04
-1.542537016524808289e-03
4.683845815594637196e-01
1.907575853768283397e-04
3.174653197878726362e-03
-5.759632072269199078e-03
2.910140647520015767e-03
6.477805667551863288e-03
8.080138915614919551e-03
1.388837240911818677e-03
1.705725095588943654e-02
-1.451085122898508606e-04
1.176273669120236204e-02
-1.928248144890611776e-02
-1.378461484320064358e-02
-7.983377446044610803e-03
-5.661188155332078954e-03
-1.364600226274401314e-02
1.629140314188944061e-02
-1.684929869991180426e-02
3.107113376732673158e-03
-1.873853921284910143e-02
3.197646987599993967e-02
2.330455710994495597e-02
-8.890766571115472873e-04
2.511019492313830946e-03
-2.175555186963115326e-02
-2.538320022882190226e-03
4.870830492941694879e-03
-5.759632072269199078e-03
-1.378461484320064358e-02
2.330455710994495597e-02
3.911139388477652412e-02
3.513497868789045020e-03
-6.637572419001976781e-03
-9.362951088343120579e-03
-2.393800960462292085e-02
3.859068105639212876e-02
2.910140647520015767e-03
-7.983377446044610803e-03
-8.890766571115472873e-04
8.353325291455684226e-03
2.703910080489016834e-02
-9.632258008519290621e-03
1.642489022376222851e-02
4.074434754378872259e-02
-6.810576715474574161e-02
6.477805667551863288e-03
-5.661188155332078954e-03
2.511019492313830946e-03
-3.173830270960823104e-03
8.139576445738035387e-04
3.695429452333334926e-03
4.877921040749446657e-01
-2.209203522547553700e-03
2.055747001354021886e-02
-4.920105785300008527e-01
5.185562718306624581e-03
-2.023713164851811963e-02
1.866153765134703421e-02
6.090521968531232211e-04
-5.952520177146200693e-03
8.518807904785739155e-03
2.159425555056356753e-03
-1.311064646419770989e-02
9.416757659927720318e-04
1.066177051892184310e-03
-3.470914645245422921e-03
-5.294686591344221691e-03
7.360200216041809344e-03
-1.417786939148553589e-02
1.790089162836188547e-02
-2.681348475223135561e-02
9.580098760666594382e-03
-2.827393091407775973e-03
8.824101705754577168e-03
-2.311406635189218808e-02
1.552040983536971501e-02
-1.462289728927684482e-02
3.611777630236107095e-02
-4.920105785300008527e-01
9.416757659927720318e-04
-2.827393091407775973e-03
4.653282572789814164e-01
-4.246857987831356360e-03
8.770674616442143212e-05
-4.238894109494165466e-03
-8.250048647591878836e-03
1.615317023343549457e-02
5.185562718306624581e-03
1.066177051892184310e-03
8.824101705754577168e-03
-1.097919719149808432e-02
3.351560477353009507e-03
-9.906268485055836834e-03
-1.713916866347792861e-02
8.299216621774374927e-03
-1.505512161410368747e-02
-2.023713164851811963e-02
-3.470914645245422921e-03
-2.311406635189218808e-02
5.933935275693453734e-03
-9.854636554122055483e-03
2.201101111033320137e-02
2.580335815088194776e-02
-8.598633189752928271e-03
2.123640600071980897e-02
1.866153765134703421e-02
-5.294686591344221691e-03
1.552040983536971501e-02
-4.238894109494165466e-03
-1.713916866347792861e-02
2.580335815088194776e-02
1.618030383215326648e-02
2.821105796826937732e-03
9.571939779238931856e-03
6.090521968531232211e-04
7.360200216041809344e-03
-1.462289728927684482e-02
-8.250048647591878836e-03
8.299216621774374927e-03
-8.598633189752928271e-03
-5.668409974173244797e-03
-2.078359337948659791e-02
1.229856986028946865e-02
-5.952520177146200693e-03
-1.417786939148553589e-02
3.611777630236107095e-02
1.615317023343549457e-02
-1.505512161410368747e-02
2.123640600071980897e-02
1.286172606263554993e-02
1.423891426378110295e-02
-2.916717955800011280e-02
-8.958135117340041420e-01
1.524523238946667303e-01
1.774005926553324231e-01
6.235366476169995620e-01
-1.044996616961326764e-02
-1.494212612647353999e-02
-1.747662315305615333e-01
2.616167180512212753e-01
3.417140849125879787e-01
-1.601520181578113822e-01
-2.462052879754014767e-01
-3.236834939649060328e-01
4.781437426499908494e-02
2.610673471482337415e+00
3.890647874702003683e+00
3.380746953464419668e-02
-2.513025866764447613e+00
-2.954806767032422066e+00
-4.197311584186804584e-02
3.538407772079634750e-01
-1.166986945295054277e-02
2.762342146916449762e-02
3.039052247316263444e-01
-6.913972223789609239e-03
7.160179373533248626e-02
4.456909630816325851e+00
2.900282004673329972e+00
-1.027620093217213038e-02
-2.645522975910421959e+00
-2.028383398266555115e+00
1.972252996983629714e-01
-2.249431943763633701e-01
-1.064899108594020150e-01
-1.767270564738298855e-01
-1.773811153368675120e-01
-1.043788041788153292e-01
6.235366476169995620e-01
3.380746953464419668e-02
-1.027620093217213038e-02
1.959148049669999225e-01
1.422436405549993010e-01
9.880348878933287171e-02
-6.558054935274983122e-02
2.686605959936496160e-02
1.367695207786409628e-01
2.299534500813911822e-02
2.254434682768612086e-02
-1.345184444371767818e-03
-1.044996616961326764e-02
-2.513025866764447613e+00
-2.645522975910421959e+00
2.227303821766658254e-01
2.190024519288673588e+00
9.964140650366636320e-01
4.305229777237741529e-02
3.901390483574909002e-02
-6.201444350280876233e-02
-2.184264694080665162e-02
4.628514403279120060e-02
-2.343756343621647073e-02
-1.494212612647353999e-02
-2.954806767032422066e+00
-2.028383398266555115e+00
-2.961574930113330395e-01
6.712706212733314803e-01
1.706512956345002996e+00
1.494081305708593876e-01
-4.749240224094503776e-02
-8.936866832099948921e-02
-3.412237536760028694e-02
-7.528614042056266768e-03
3.368877768906968634e-02
-1.747662315305615333e-01
-4.197311584186804584e-02
1.972252996983629714e-01
-6.558054935274983122e-02
4.305229777237741529e-02
1.494081305708593876e-01
2.870517007584728608e-01
3.776961021327376877e-02
-2.210321068923336296e-01
-3.925366818801444974e-02
2.211829133111462356e-02
2.915212254997966851e-02
2.616167180512212753e-01
3.538407772079634750e-01
-2.249431943763633701e-01
2.686605959936496160e-02
3.901390483574909002e-02
-4.749240224094503776e-02
-2.575948780726332321e-03
-1.539619240524734423e-01
-7.219597922373569010e-02
-1.864543014509179725e-02
-3.688017407817495430e-02
5.643380688926313143e-02
3.417140849125879787e-01
-1.166986945295054277e-02
-1.064899108594020150e-01
1.367695207786409628e-01
-6.201444350280876233e-02
-8.936866832099948921e-02
-1.979730912138316645e-01
-5.721692259093694860e-02
1.472869635440001435e-01
-3.018072391604741458e-02
5.176036931264847013e-02
3.346346139418938243e-02
-1.601520181578113822e-01
2.762342146916449762e-02
-1.767270564738298855e-01
2.299534500813911822e-02
-2.184264694080665162e-02
-3.412237536760028694e-02
-3.925366818801444974e-02
-1.864543014509179725e-02
-3.018072391604741458e-02
2.831523414926195303e-01
-2.382363331239288617e-02
1.957167977261496106e-01
-2.462052879754014767e-01
3.039052247316263444e-01
-1.773811153368675120e-01
2.254434682768612086e-02
4.628514403279120060e-02
-7.528614042056266768e-03
2.211829133111462356e-02
-3.688017407817495430e-02
5.176036931264847013e-02
-2.476210048726369684e-03
-1.508561271989530550e-01
-5.399624877166477044e-02
-3.236834939649060328e-01
-6.913972223789609239e-03
-1.043788041788153292e-01
-1.345184444371767818e-03
-2.343756343621647073e-02
3.368877768906968634e-02
2.915212254997966851e-02
5.643380688926313143e-02
3.346346139418938243e-02
1.995596942433762733e-01
-5.573662537219368357e-02
1.452311182466666795e-01
3.142479986092099331e-01
-7.346178482194454240e-02
4.964257571502687927e-02
-1.770707713000001585e-02
1.927636023350562389e-02
-7.329884217557746176e-03
-1.274523354471928105e-01
3.352956381637765913e-03
-1.408054001306882075e-01
-1.289906578628635114e-01
8.873782852114285580e-02
1.116625788076513054e-01
-7.709607374727781015e-02
3.451977224877909589e-01
6.120279159383627127e-02
-2.037941910274135987e-02
-2.823372989565164359e-01
9.616391792885223277e-02
1.444198470549848054e-02
-4.695642752618748444e-02
9.666313776924449416e-03
1.232760349236592112e-01
-1.369558862209830641e-01
-1.294020756415054652e-01
5.055973599183904987e-02
6.113367026270006416e-02
5.588250135693325626e-01
5.090926453139936123e-03
7.660189820785220927e-02
-8.112012655048356224e-02
-1.851609504403982642e-01
-9.734163157430661059e-03
-2.955366880916194261e-01
1.422992141542825939e-01
-1.118272364850188272e-01
-2.085184341971532962e-01
-1.770707713000001585e-02
-2.037941910274135987e-02
5.090926453139936123e-03
2.168983708553928053e-02
-1.378683976806299033e-02
3.709088811355825549e-04
1.696578225188749827e-03
1.934186989406583637e-02
-9.612195198228366474e-03
1.520525175738185724e-03
2.165237909903085928e-02
-4.268497799539659743e-03
1.927636023350562389e-02
-2.823372989565164359e-01
7.660189820785220927e-02
-4.275716021396296779e-03
1.813801861934602466e-01
-9.384944103932732484e-02
-2.722552860485222184e-03
-4.498877802270854868e-03
1.464815901600807638e-03
-1.985589340791165964e-03
-2.414803571868122042e-02
8.427185106844035586e-03
-7.329884217557746176e-03
9.616391792885223277e-02
-8.112012655048356224e-02
6.233467957024270076e-04
-6.999736652059156128e-02
1.125158030803335846e-01
1.627343136736008646e-03
3.452057006990924548e-02
-1.161447754341791289e-02
5.171796477901874746e-04
-2.511808864881519276e-02
8.328317892943033762e-03
-1.274523354471928105e-01
1.444198470549848054e-02
-1.851609504403982642e-01
1.696578225188749827e-03
-2.722552860485222184e-03
1.627343136736008646e-03
1.186346495541996671e-01
-1.540034892310365375e-02
1.659230378761828995e-01
8.270963213463706012e-03
1.828510660349714351e-03
1.922569774233495732e-02
3.352956381637765913e-03
-4.695642752618748444e-02
-9.734163157430661059e-03
1.934186989406583637e-02
-4.498877802270854868e-03
3.452057006990924548e-02
-1.324546643843696817e-02
5.222968500213354126e-02
-8.547210430055464728e-03
-1.011814912748588979e-02
-4.182216365538199421e-04
-1.884189340940370730e-02
-1.408054001306882075e-01
9.666313776924449416e-03
-2.955366880916194261e-01
-9.612195198228366474e-03
1.464815901600807638e-03
-1.161447754341791289e-02
1.660081577407145625e-01
-6.497943552379426869e-03
3.309266392140004509e-01
-1.663483239624144114e-02
-2.094890224715901996e-03
-2.784013528640987348e-02
-1.289906578628635114e-01
1.232760349236592112e-01
1.422992141542825939e-01
1.520525175738185724e-03
-1.985589340791165964e-03
5.171796477901874746e-04
8.270963213463706012e-03
-1.011814912748588979e-02
-1.663483239624144114e-02
1.295136056704114247e-01
-1.121502044733519304e-01
-1.274881085463173691e-01
8.873782852114285580e-02
-1.369558862209830641e-01
-1.118272364850188272e-01
2.165237909903085928e-02
-2.414803571868122042e-02
-2.511808864881519276e-02
1.828510660349714351e-03
-4.182216365538199421e-04
-2.094890224715901996e-03
-1.140594519086852443e-01
1.572400888655887397e-01
1.318896458896376689e-01
1.116625788076513054e-01
-1.294020756415054652e-01
-2.085184341971532962e-01
-4.268497799539659743e-03
8.427185106844035586e-03
8.328317892943033762e-03
1.922569774233495732e-02
-1.884189340940370730e-02
-2.784013528640987348e-02
-1.243565210488636608e-01
1.332900508451521637e-01
2.244392843709997476e-01
2.703789547241641777e-01
-1.037899910485579336e-01
3.138065080903471027e-02
-1.852787063100002490e-02
1.165814501486295285e-02
-8.955104540408603472e-03
-1.235591887982874226e-01
1.545778564983094940e-02
-1.403206804077845038e-01
-1.243200460346698955e-01
7.886305520089645360e-02
1.163240279393741583e-01
-1.058180421445578945e-01
1.984723148538346804e-01
8.375500921657952347e-02
-1.460072137630480556e-02
-7.574398645872246205e-02
7.836391296773654105e-03
2.590649559233113713e-02
-4.938323902744057303e-02
2.836051368304769518e-02
1.042983219086121016e-01
-1.171551554329884198e-01
-1.151754139358502210e-01
2.786383925869307526e-02
7.863863185267540301e-02
5.535951055676675558e-01
3.006719008156302601e-03
7.943491155773637485e-03
-4.558779998827749980e-02
-1.813876488934512421e-01
1.180658512002953110e-02
-2.890927561492720455e-01
1.508000287877265255e-01
-1.041345082055976368e-01
-2.223012164273414915e-01
-1.852787063100002490e-02
-1.460072137630480556e-02
3.006719008156302601e-03
1.870205582208527353e-02
4.299948151991185748e-03
3.509557211190254909e-03
4.714320467234306943e-03
1.587095726058138090e-02
-3.813280740354638761e-03
4.299742945326486855e-03
1.708281989492571248e-02
-4.329009452235564950e-03
1.165814501486295285e-02
-7.574398645872246205e-02
7.943491155773637485e-03
-6.550072098342128377e-03
7.220554950058130639e-02
-9.752966810500396030e-03
-3.855579632768562845e-03
-4.313724345291676011e-03
-6.071608472001009064e-04
-2.962133132742109445e-03
-1.510409179968291021e-02
9.043146703346971113e-03
-8.955104540408603472e-03
7.836391296773654105e-03
-4.558779998827749980e-02
-1.206797479321223675e-03
-6.462356174149712709e-03
4.619224245199980011e-02
3.274390959200437247e-03
2.999800075606047847e-02
-2.040639596942599859e-03
-1.093713152125115736e-03
-2.192862748760003241e-02
9.746643642356429479e-03
-1.235591887982874226e-01
2.590649559233113713e-02
-1.813876488934512421e-01
4.714320467234306943e-03
-3.855579632768562845e-03
3.274390959200437247e-03
1.188271986703583194e-01
-2.335482762805698304e-02
1.610375401942479578e-01
8.948902610539249264e-03
9.324398916889437873e-04
1.919267685639081816e-02
1.545778564983094940e-02
-4.938323902744057303e-02
1.180658512002953110e-02
1.587095726058138090e-02
-4.313724345291676011e-03
2.999800075606047847e-02
-2.144680868439031995e-02
5.142542448630849083e-02
-3.028339288208185126e-02
-7.327930366732529621e-03
-7.224018103392090481e-04
-1.517345990201913151e-02
-1.403206804077845038e-01
2.836051368304769518e-02
-2.890927561492720455e-01
-3.813280740354638761e-03
-6.071608472001009064e-04
-2.040639596942599859e-03
1.601150544727474589e-01
-2.658102952927135845e-02
3.283462950466672914e-01
-1.750845237192322559e-02
7.054457709709105592e-04
-2.913858304720008327e-02
-1.243200460346698955e-01
1.042983219086121016e-01
1.508000287877265255e-01
4.299742945326486855e-03
-2.962133132742109445e-03
-1.093713152125115736e-03
8.948902610539249264e-03
-7.327930366732529621e-03
-1.750845237192322559e-02
1.255867170683903355e-01
-9.626911464470683244e-02
-1.349814240116735953e-01
7.886305520089645360e-02
-1.171551554329884198e-01
-1.041345082055976368e-01
1.708281989492571248e-02
-1.510409179968291021e-02
-2.192862748760003241e-02
9.324398916889437873e-04
-7.224018103392090481e-04
7.054457709709105592e-04
-9.848063181570680669e-02
1.258019274782765651e-01
1.240377864169469047e-01
1.163240279393741583e-01
-1.151754139358502210e-01
-2.223012164273414915e-01
-4.329009452235564950e-03
9.043146703346971113e-03
9.746643642356429479e-03
1.919267685639081816e-02
-1.517345990201913151e-02
-2.913858304720008327e-02
-1.336430077578781572e-01
1.238691574849166005e-01
2.439319213243332229e-01
2.642905996264841018e-01
-9.206221823854780772e-02
2.417342331519877277e-02
-1.705650364200001975e-02
6.285503228926965502e-03
-7.388850855879542344e-03
-1.302793142270149140e-01
2.147943948029256214e-02
-1.408892549457244348e-01
-1.325014457120994860e-01
7.677512316634339806e-02
1.245353350267787429e-01
-9.851088364488114202e-02
1.544072743538489889e-01
7.535760714855835318e-02
-1.345987710376825471e-02
-2.715708377299496171e-02
-3.107309249653739894e-03
2.970056586342579436e-02
-4.837363731459082272e-02
3.608721279654466402e-02
1.017720496321521118e-01
-1.127718586489607627e-01
-1.181378490276129428e-01
2.231135364902029489e-02
7.037987465333378490e-02
5.502135450473341072e-01
3.175124554657242099e-03
-7.013737526537450282e-04
-3.809279292100497399e-02
-1.853736426104841406e-01
2.695634995185327773e-02
-2.936681434573945038e-01
1.624513648581200620e-01
-1.100296298820756802e-01
-2.355882972499399874e-01
-1.705650364200001975e-02
-1.345987710376825471e-02
3.175124554657242099e-03
1.799219901940493638e-02
5.534795386688885245e-03
4.592221811370211966e-04
3.408781618579407799e-03
1.332964246246878988e-02
-2.863739080540970722e-03
3.379616819240978658e-03
1.439169864754236139e-02
-3.468724286594983275e-03
6.285503228926965502e-03
-2.715708377299496171e-02
-7.013737526537450282e-04
-4.990764439777919123e-04
3.765142038459504126e-02
-8.229297404076371322e-03
-2.122762647475985847e-03
-3.911749764644279273e-03
-4.042267601090107697e-04
-2.987160465074990660e-03
-1.150650884364216343e-02
5.703255452618078390e-03
-7.388850855879542344e-03
-3.107309249653739894e-03
-3.809279292100497399e-02
1.062559508348084360e-03
7.412226729893989219e-05
3.604562378566647518e-02
3.249257447129677654e-03
2.468998490017879077e-02
-7.698227589351037568e-04
-2.847138594339541483e-03
-1.928447150313502070e-02
7.942475971401173965e-03
-1.302793142270149140e-01
2.970056586342579436e-02
-1.853736426104841406e-01
3.408781618579407799e-03
-2.122762647475985847e-03
3.249257447129677654e-03
1.190915553895468271e-01
-2.835917105826497864e-02
1.608919121826380416e-01
9.281980441208488586e-03
9.241240638853499357e-04
1.964072610748319667e-02
2.147943948029256214e-02
-4.837363731459082272e-02
2.695634995185327773e-02
1.332964246246878988e-02
-3.911749764644279273e-03
2.468998490017879077e-02
-2.723836669059831114e-02
5.017901087011969463e-02
-3.474879641606352931e-02
-6.480898099311576017e-03
-1.749845496194973383e-04
-1.334735783218632919e-02
-1.408892549457244348e-01
3.608721279654466402e-02
-2.936681434573945038e-01
-2.863739080540970722e-03
-4.042267601090107697e-04
-7.698227589351037568e-04
1.596167803316122791e-01
-3.097603569459250403e-02
3.243206382710003832e-01
-1.787034345290207729e-02
1.262065374597354152e-03
-2.961402096358902586e-02
-1.325014457120994860e-01
1.017720496321521118e-01
1.624513648581200620e-01
3.379616819240978658e-03
-2.987160465074990660e-03
-2.847138594339541483e-03
9.281980441208488586e-03
-6.480898099311576017e-03
-1.787034345290207729e-02
1.258591294869977339e-01
-8.916881394797060434e-02
-1.363052641754913252e-01
7.677512316634339806e-02
-1.127718586489607627e-01
-1.100296298820756802e-01
1.439169864754236139e-02
-1.150650884364216343e-02
-1.928447150313502070e-02
9.241240638853499357e-04
-1.749845496194973383e-04
1.262065374597354152e-03
-9.250291358163725830e-02
1.107706200273355368e-01
1.206168907337739765e-01
1.245353350267787429e-01
-1.181378490276129428e-01
-2.355882972499399874e-01
-3.468724286594983275e-03
5.703255452618078390e-03
7.942475971401173965e-03
1.964072610748319667e-02
-1.334735783218632919e-02
-2.961402096358902586e-02
-1.370924762995145152e-01
1.202441220824554818e-01
2.551598406713342926e-01
-9.627127883640035355e-01
1.439803249956674025e-01
1.510143859569991476e-01
6.482047389669994830e-01
-5.031136342814016178e-04
-7.864031056421316029e-03
-1.997516397856934633e-01
3.299676575793648592e-01
3.552538904642306150e-01
-1.603478074271495746e-01
-3.197933077402244639e-01
-3.807283788637130240e-01
2.232637982166569418e-02
2.414253542151338028e+00
3.593050143132677565e+00
1.134277559913266951e-03
-2.263974556993032738e+00
-2.691279447902266586e+00
-4.128104006721636243e-02
4.034910822912895489e-01
6.457659526777100381e-03
3.686374913463126568e-02
3.689743922912654406e-01
-8.347554908656495617e-03
9.803455500999927463e-02
4.019990281225002349e+00
2.807469030561661416e+00
2.375065586973411271e-03
-2.409457415458266194e+00
-1.754681870534973376e+00
2.051627711618865813e-01
-2.817142332778321823e-01
-1.242523532125966168e-01
-1.581042156781229946e-01
-2.555767256884560745e-01
-1.374084403831161427e-01
6.482047389669994830e-01
1.134277559913266951e-03
2.375065586973411271e-03
2.189523021993330931e-01
1.225313928266624601e-02
4.869424559066621444e-02
-9.684035317563323420e-02
1.552722235019628541e-02
1.538938519667121252e-01
-2.798261778482417569e-02
5.134124970337709121e-02
-9.703500360524626098e-03
-5.031136342814016178e-04
-2.263974556993032738e+00
-2.409457415458266194e+00
2.679669053929991107e-01
2.487991813761671001e+00
4.809020458706663725e-01
4.460892770562963072e-02
-2.254434391444525357e-02
-9.277814359657197973e-02
-3.192596761934640703e-02
-1.767130322860564068e-02
-2.416290181813069565e-03
-7.864031056421316029e-03
-2.691279447902266586e+00
-1.754681870534973376e+00
-4.898457175230008787e-01
1.008467654530007529e-01
1.680772145746337376e+00
1.495067051879898357e-01
-1.757205004096393935e-02
-1.598248210989215434e-01
-5.878481951471563327e-02
5.784168395436314197e-02
-1.337049818657020175e-02
-1.997516397856934633e-01
-4.128104006721636243e-02
2.051627711618865813e-01
-9.684035317563323420e-02
4.460892770562963072e-02
1.495067051879898357e-01
2.801459790867313893e-01
3.229888138152069155e-02
-2.220335147913926888e-01
-3.664468510295806891e-02
2.877142365038882002e-02
2.486704075218109170e-02
3.299676575793648592e-01
4.034910822912895489e-01
-2.817142332778321823e-01
1.552722235019628541e-02
-2.254434391444525357e-02
-1.757205004096393935e-02
1.918435203187372762e-03
-1.599700813573988190e-01
-7.118952163394828836e-02
-2.069968530198599763e-02
-4.147363228623978521e-02
5.866785193672750115e-02
3.552538904642306150e-01
6.457659526777100381e-03
-1.242523532125966168e-01
1.538938519667121252e-01
-9.277814359657197973e-02
-1.598248210989215434e-01
-1.973242282675158055e-01
-5.517562129435470142e-02
1.471013420100001079e-01
-3.002844585363054208e-02
5.583027960740419987e-02
2.693979841819774471e-02
-1.603478074271495746e-01
3.686374913463126568e-02
-1.581042156781229946e-01
-2.798261778482417569e-02
-3.192596761934640703e-02
-5.878481951471563327e-02
-3.664468510295806891e-02
-2.069968530198599763e-02
-3.002844585363054208e-02
2.720675872136320006e-01
-3.799953176483508721e-02
2.020924576398898109e-01
-3.197933077402244639e-01
3.689743922912654406e-01
-2.555767256884560745e-01
5.134124970337709121e-02
-1.767130322860564068e-02
5.784168395436314197e-02
2.877142365038882002e-02
-4.147363228623978521e-02
5.583027960740419987e-02
-5.375645816869251137e-05
-1.505418425932986970e-01
-5.600670370266298825e-02
-3.807283788637130240e-01
-8.347554908656495617e-03
-1.374084403831161427e-01
-9.703500360524626098e-03
-2.416290181813069565e-03
-1.337049818657020175e-02
2.486704075218109170e-02
5.866785193672750115e-02
2.693979841819774471e-02
2.017063598307090033e-01
-5.665173684583316160e-02
1.458883238983335329e-01
3.270509924049985750e-01
6.702020142666447605e-03
4.087372493833334175e-02
7.002871074000004137e-02
-2.532111405745211385e-03
1.680197422871292426e-04
-2.612133576143426672e-01
2.701063255102777866e-02
1.891824251831327464e-01
-2.497673900186606344e-01
-3.485369878101381852e-02
-2.043017250906307702e-01
6.116310893433312551e-02
1.169944676146668305e+00
8.652158304683316148e-01
6.982137227618316795e-03
-7.718850661182731221e-01
-5.361142315807875258e-01
9.735676903002025984e-03
2.194921767538590002e-02
-3.235558661502369732e-02
-9.078421785587029169e-03
2.171695717834297434e-02
-3.441577403377440308e-02
1.447726206033292905e-02
9.220240127509968797e-01
8.578508962923331316e-01
-2.166357150239219768e-03
-5.011607405797874337e-01
-2.262254652457260928e-01
1.756625887317620205e-01
-3.571211991390316892e-02
-1.347661180520432211e-01
-1.662842370853042373e-01
-3.974383956015895697e-02
-1.478207901986825501e-01
7.002871074000004137e-02
6.982137227618316795e-03
-2.166357150239219768e-03
4.896521738999980861e-02
1.237738906406666839e-01
9.362694607999808016e-03
-2.366515908931192055e-02
-1.663506566629138414e-02
1.113759898655876379e-02
-2.134708709828266743e-02
2.004475447116354364e-02
-6.097195234048061012e-03
-2.532111405745211385e-03
-7.718850661182731221e-01
-5.011607405797874337e-01
8.618322767900019055e-02
1.263673738785670464e+00
7.527965079363295731e-01
-5.585180480151848322e-03
-1.346483815561613263e-02
1.262513761570765699e-03
-2.668410064121019658e-03
-6.295267575060081375e-03
1.837222083701146066e-04
1.680197422871292426e-04
-5.361142315807875258e-01
-2.262254652457260928e-01
-4.177239659833355961e-02
8.518487541113286543e-01
5.311999212530016390e-01
1.366075803709080640e-02
1.933135067220527123e-02
-1.895410348707195561e-02
-1.265349690315929233e-02
7.699610108367026251e-03
-1.721258186165727094e-02
-2.612133576143426672e-01
9.735676903002025984e-03
1.756625887317620205e-01
-2.366515908931192055e-02
-5.585180480151848322e-03
1.366075803709080640e-02
2.918032343342332746e-01
-1.251653065430924361e-02
-1.887279201284612073e-01
-3.383583858799134314e-02
6.026748713374497669e-03
2.129845811467093869e-02
2.701063255102777866e-02
2.194921767538590002e-02
-3.571211991390316892e-02
-1.663506566629138414e-02
-1.346483815561613263e-02
1.933135067220527123e-02
-1.548229076364259459e-02
-1.236154485823247329e-02
1.729337334515429481e-02
-4.859337397543087023e-03
5.706831383530634868e-04
1.585655887586239279e-02
1.891824251831327464e-01
-3.235558661502369732e-02
-1.347661180520432211e-01
1.113759898655876379e-02
1.262513761570765699e-03
-1.895410348707195561e-02
-1.883975383512248858e-01
1.648764802236390298e-02
1.713851488003330092e-01
-2.223898480735450947e-02
1.566684184142473624e-02
8.433149411638321546e-03
-2.497673900186606344e-01
-9.078421785587029169e-03
-1.662842370853042373e-01
-2.134708709828266743e-02
-2.668410064121019658e-03
-1.265349690315929233e-02
-3.383583858799134314e-02
-4.859337397543087023e-03
-2.223898480735450947e-02
2.891639208966952368e-01
-4.066649990689383265e-03
1.877253521663415081e-01
-3.485369878101381852e-02
2.171695717834297434e-02
-3.974383956015895697e-02
2.004475447116354364e-02
-6.295267575060081375e-03
7.699610108367026251e-03
6.026748713374497669e-03
5.706831383530634868e-04
1.566684184142473624e-02
2.311403474897709420e-02
-1.165992276469519570e-02
1.562538375435599397e-02
-2.043017250906307702e-01
-3.441577403377440308e-02
-1.478207901986825501e-01
-6.097195234048061012e-03
1.837222083701146066e-04
-1.721258186165727094e-02
2.129845811467093869e-02
1.585655887586239279e-02
8.433149411638321546e-03
1.881580426794148553e-01
1.635698690481995898e-02
1.714745310976667492e-01
2.883473355387967119e-01
-9.173194819683885837e-02
3.214139799364135186e-02
-2.485831678999999433e-02
1.851719965660019590e-02
-5.336930651688494981e-03
-1.319020758738403964e-01
1.016602639364802031e-02
-1.406784632948560876e-01
-1.319866078627547068e-01
8.329172360333322866e-02
1.168126837343125141e-01
-9.986276765617216333e-02
2.256836038705371250e-01
9.218292423985062489e-02
-2.252450340232440423e-02
-1.143523572162127577e-01
1.745145138917614941e-02
2.048205711081629854e-02
-4.848154143293480905e-02
2.028375997880245071e-02
1.153757033235671692e-01
-1.261328357404050415e-01
-1.260862602825704171e-01
3.204526482396615611e-02
9.085706762116606272e-02
5.650490015260016818e-01
6.136594345625271882e-03
1.754128456717612278e-02
-5.769318011328753576e-02
-1.879443265945127672e-01
2.664944991575544583e-03
-2.966890081892248343e-01
1.520354826584462138e-01
-1.088939790815023900e-01
-2.215316119978406328e-01
-2.485831678999999433e-02
-2.252450340232440423e-02
6.136594345625271882e-03
2.210520067886416820e-02
-9.475476437703368379e-03
2.937380327036478479e-03
3.428343521653920943e-03
1.842105125001103350e-02
-6.508755915111926089e-03
3.045489657464630229e-03
1.790497613423652074e-02
-4.549352866170188088e-03
1.851719965660019590e-02
-1.143523572162127577e-01
1.754128456717612278e-02
-8.176925151370036116e-03
1.066446405401359487e-01
-2.619734969679806541e-02
-2.827949295493523921e-03
-3.888155937844807366e-03
3.970033984621967708e-04
-2.527562465504427664e-03
-1.933504156941153948e-02
9.067815864584065702e-03
-5.336930651688494981e-03
1.745145138917614941e-02
-5.769318011328753576e-02
1.551139261583054686e-03
-1.683730445883787827e-02
5.528357257599972319e-02
3.310184590897768519e-03
3.300395768040907674e-02
-5.208825112809134690e-03
-6.257522001810625172e-04
-2.521949302803244697e-02
1.036956323894688836e-02
-1.319020758738403964e-01
2.048205711081629854e-02
-1.879443265945127672e-01
3.428343521653920943e-03
-2.827949295493523921e-03
3.310184590897768519e-03
1.191450091207961748e-01
-1.950440475744253874e-02
1.642694519279270238e-01
9.256966062762102959e-03
1.324452913273587665e-03
1.892835389359829798e-02
1.016602639364802031e-02
-4.848154143293480905e-02
2.664944991575544583e-03
1.842105125001103350e-02
-3.888155937844807366e-03
3.300395768040907674e-02
-1.684001810177586378e-02
5.375106198387066131e-02
-1.828413742049364230e-02
-8.324999451573373774e-03
-1.023707644629089043e-03
-1.606141844840858895e-02
-1.406784632948560876e-01
2.028375997880245071e-02
-2.966890081892248343e-01
-6.508755915111926089e-03
3.970033984621967708e-04
-5.208825112809134690e-03
1.610340487057258796e-01
-1.939253133158224882e-02
3.285896522650001428e-01
-1.722573301187182646e-02
-2.786915701704779078e-04
-2.871395275163305533e-02
-1.319866078627547068e-01
1.153757033235671692e-01
1.520354826584462138e-01
3.045489657464630229e-03
-2.527562465504427664e-03
-6.257522001810625172e-04
9.256966062762102959e-03
-8.324999451573373774e-03
-1.722573301187182646e-02
1.253371009368760003e-01
-1.025119938064490144e-01
-1.302558719397967912e-01
8.329172360333322866e-02
-1.261328357404050415e-01
-1.088939790815023900e-01
1.790497613423652074e-02
-1.933504156941153948e-02
-2.521949302803244697e-02
1.324452913273587665e-03
-1.023707644629089043e-03
-2.786915701704779078e-04
-1.033706370834489990e-01
1.411037379721245544e-01
1.295330330577483535e-01
1.168126837343125141e-01
-1.260862602825704171e-01
-2.215316119978406328e-01
-4.549352866170188088e-03
9.067815864584065702e-03
1.036956323894688836e-02
1.892835389359829798e-02
-1.606141844840858895e-02
-2.871395275163305533e-02
-1.293376718874000297e-01
1.286336856416998298e-01
2.359056823880014142e-01
2.782573785508225539e-01
-1.042835883019526677e-01
2.036051299237555054e-02
-2.070999258799998549e-02
9.097361279741714157e-03
-2.188679536800218657e-03
-1.290579635101725131e-01
2.326106728045033295e-02
-1.429012139303098561e-01
-1.324101637939083809e-01
7.315107747930996163e-02
1.226104028756988401e-01
-1.053613816812859899e-01
1.469594896438451426e-01
8.614669185938141072e-02
-1.695452488132221172e-02
-6.363768173572801050e-05
-8.627443966782610829e-03
2.992248037344821462e-02
-4.931470470907786674e-02
3.323747789276783327e-02
1.003893245813739232e-01
-1.100840105520487500e-01
-1.157512305021977800e-01
2.416541186162743035e-02
5.240889070133998573e-02
5.689797526960002072e-01
4.766323383040347098e-03
-8.294311091782621825e-03
-3.541208228426422772e-02
-1.870459385519429030e-01
2.608978804857078893e-02
-2.953284078677496649e-01
1.587645698270741812e-01
-1.058105314172087530e-01
-2.350640807060428716e-01
-2.070999258799998549e-02
-1.695452488132221172e-02
4.766323383040347098e-03
1.351688474142503232e-02
-4.846784445056141928e-03
5.978103439852897397e-04
3.538574953337922119e-03
1.384473663028852435e-02
-3.550295705280490013e-03
3.228830796217013570e-03
1.336227449124866365e-02
-1.535570805259981516e-03
9.097361279741714157e-03
-6.363768173572801050e-05
-8.294311091782621825e-03
-6.357202753056135844e-03
1.017814183257495508e-02
1.147267918821960131e-03
-2.102772290088445167e-03
-1.791060439916635589e-03
-1.105128018660077099e-03
-4.067345586620483081e-03
-1.002458400001001761e-02
4.861370638887346947e-03
-2.188679536800218657e-03
-8.627443966782610829e-03
-3.541208228426422772e-02
4.557904235577406316e-03
1.116669205505536238e-03
3.668850925899987125e-02
2.958356387159036260e-03
2.430902960617913403e-02
1.716838725787224690e-04
-2.836535357205355844e-03
-2.005758211128021856e-02
8.071927852792972966e-03
-1.290579635101725131e-01
2.992248037344821462e-02
-1.870459385519429030e-01
3.538574953337922119e-03
-2.102772290088445167e-03
2.958356387159036260e-03
1.190201711819321578e-01
-2.678754015265375626e-02
1.624574209103233358e-01
9.623806685891200113e-03
1.094642027605311103e-03
1.949244744663267137e-02
2.326106728045033295e-02
-4.931470470907786674e-02
2.608978804857078893e-02
1.384473663028852435e-02
-1.791060439916635589e-03
2.430902960617913403e-02
-2.696277294132042729e-02
4.988874402873388902e-02
-3.172226981032200133e-02
-6.541758964212712225e-03
-9.623509030619874401e-04
-1.273020748867779994e-02
-1.429012139303098561e-01
3.323747789276783327e-02
-2.953284078677496649e-01
-3.550295705280490013e-03
-1.105128018660077099e-03
1.716838725787224690e-04
1.610963071115014966e-01
-3.188177628248239914e-02
3.255867946433327331e-01
-1.823310410824283828e-02
4.162623316248345606e-04
-2.953429200182924874e-02
-1.324101637939083809e-01
1.003893245813739232e-01
1.587645698270741812e-01
3.228830796217013570e-03
-4.067345586620483081e-03
-2.836535357205355844e-03
9.623806685891200113e-03
-6.541758964212712225e-03
-1.823310410824283828e-02
1.243644663270694339e-01
-8.973472806958890380e-02
-1.389802657234638916e-01
7.315107747930996163e-02
-1.100840105520487500e-01
-1.058105314172087530e-01
1.336227449124866365e-02
-1.002458400001001761e-02
-2.005758211128021856e-02
1.094642027605311103e-03
-9.623509030619874401e-04
4.162623316248345606e-04
-9.243009082492226192e-02
1.144399594165971396e-01
1.197583889904219184e-01
1.226104028756988401e-01
-1.157512305021977800e-01
-2.350640807060428716e-01
-1.535570805259981516e-03
4.861370638887346947e-03
8.071927852792972966e-03
1.949244744663267137e-02
-1.273020748867779994e-02
-2.953429200182924874e-02
-1.354583307354435551e-01
1.201127182219197120e-01
2.567451973360008188e-01
6.345371103766654641e-02
8.841391870166638578e-02
9.978951907933296395e-02
3.099643624520002083e-01
2.994243365282115051e-03
-9.614561883185738719e-03
-9.589348777303083882e-01
-1.788602524230184232e-01
8.339021902005560039e-01
-7.908041735537574279e-01
1.403620896321747247e-01
-7.246446313216945434e-01
1.051072396056663971e-01
1.516852030397002116e+00
1.689981090228994454e+00
7.653567982641397080e-03
-1.349057125268243729e+00
-1.717226234148677033e+00
-2.394186728165888789e-01
1.114579883171284425e-01
1.730416385314526850e-01
2.019865401716521014e-01
1.417581129137626128e-01
1.398604234291337123e-01
7.593291107699970399e-02
1.401514811905663960e+00
1.147587670040334906e+00
5.182791843967444719e-04
-1.640542399050676670e+00
-1.546986803095757201e+00
7.647243313834598544e-01
1.237099585873941143e-01
-4.477801123868195843e-01
-6.339776879221749040e-01
1.121718788799553196e-01
-3.882433658090050921e-01
3.099643624520002083e-01
7.653567982641397080e-03
5.182791843967444719e-04
1.076278497009999363e-01
5.026076161813328724e-01
-1.497622506239998652e-01
-4.938207116193285007e-01
1.229970381867978163e-01
6.977259365244302680e-01
-4.956689049735438779e-01
-1.457320532879759489e-01
-6.974441525934613750e-01
2.994243365282115051e-03
-1.349057125268243729e+00
-1.640542399050676670e+00
1.402645138656667401e-01
2.660699606503330039e-01
-4.673838173273331953e-01
1.358723106695252647e-01
6.373087871867617882e-02
-1.299148640633968899e-01
-1.290977286643078259e-01
9.387975272876819544e-02
-1.567332340873841268e-01
-9.614561883185738719e-03
-1.717226234148677033e+00
-1.546986803095757201e+00
-8.754537005900002444e-02
-2.601283762836667512e-01
4.637305490903337324e-01
6.848563763235258062e-01
-1.635941945895938721e-01
-7.038051565123473186e-01
-6.936524166564853600e-01
-1.517680373674906713e-01
-6.933064487592236480e-01
-9.589348777303083882e-01
-2.394186728165888789e-01
7.647243313834598544e-01
-4.938207116193285007e-01
1.358723106695252647e-01
6.848563763235258062e-01
3.534911800248912161e-01
6.174747424381843430e-02
-5.536389896676930517e-02
-1.888263330560634168e-01
6.881919970555857267e-03
2.088942067053154578e-02
-1.788602524230184232e-01
1.114579883171284425e-01
1.237099585873941143e-01
1.229970381867978163e-01
6.373087871867617882e-02
-1.635941945895938721e-01
-3.210500542084849390e-02
3.237547218442412070e-03
-1.000905585936150491e-02
-6.291768193771515860e-04
-5.947506226707529459e-03
1.451514355223554494e-02
8.339021902005560039e-01
1.730416385314526850e-01
-4.477801123868195843e-01
6.977259365244302680e-01
-1.299148640633968899e-01
-7.038051565123473186e-01
-5.575139377636109672e-02
-2.371831665460044994e-02
1.782444591010002022e-01
-2.081842609274910452e-02
3.106562260012046394e-03
2.819045365277087281e-02
-7.908041735537574279e-01
2.019865401716521014e-01
-6.339776879221749040e-01
-4.956689049735438779e-01
-1.290977286643078259e-01
-6.936524166564853600e-01
-1.888263330560634168e-01
-6.291768193771515860e-04
-2.081842609274910452e-02
2.494350845772274616e-01
-7.176986924976611060e-02
7.247991867108982689e-02
1.403620896321747247e-01
1.417581129137626128e-01
1.121718788799553196e-01
-1.457320532879759489e-01
9.387975272876819544e-02
-1.517680373674906713e-01
6.881919970555857267e-03
-5.947506226707529459e-03
3.106562260012046394e-03
-6.562188392843278095e-02
9.101992989177293270e-02
1.662516086346580921e-02
-7.246446313216945434e-01
1.398604234291337123e-01
-3.882433658090050921e-01
-6.974441525934613750e-01
-1.567332340873841268e-01
-6.933064487592236480e-01
2.088942067053154578e-02
1.451514355223554494e-02
2.819045365277087281e-02
1.101396036413430646e-01
7.643075032909070476e-02
1.944894628493334388e-01
9.242822144366678871e-02
5.979215023533299145e-02
7.298733873666640726e-02
3.486484418020001641e-01
-8.894233657020238649e-04
-4.050968794612445564e-03
-5.976214735320318772e-01
-1.694757093593021041e-02
5.566855314725589476e-01
-5.042901563625306061e-01
-9.679703141144772307e-04
-4.834988343453450188e-01
1.167705038496663350e-01
1.758758884545668755e+00
1.750931785189995260e+00
5.542508428709215507e-03
-1.769126856128891312e+00
-1.826028818379455521e+00
-1.056581161748909037e-01
1.238855694573069988e-01
6.457195156935990887e-02
8.745088321307051271e-02
1.330316566259576172e-01
3.497127707776273575e-02
5.867544248332935523e-03
1.629703565668995768e+00
1.198980983297002201e+00
2.878768189399694469e-04
-1.719768293976455364e+00
-1.307208171961110388e+00
4.706114702279326489e-01
9.896656535214378228e-03
-3.319281591352742367e-01
-3.845030785500002102e-01
2.601692250759776400e-04
-2.910145394574275568e-01
3.486484418020001641e-01
5.542508428709215507e-03
2.878768189399694469e-04
-1.812765211683334543e-01
5.346008861066636059e-02
1.348390390709996445e-01
-3.652035251849913289e-01
1.620344259807173226e-01
5.435020118741765716e-01
-3.214686100372152189e-01
-1.578415090474481475e-01
-4.961415255893128484e-01
-8.894233657020238649e-04
-1.769126856128891312e+00
-1.719768293976455364e+00
4.817732381399968816e-02
2.080586550909341526e+00
1.666116088886337110e+00
1.817806591479909084e-01
1.790194604208826534e-02
-2.126104179121419413e-01
-1.721038747312595985e-01
2.494026837014945083e-02
-2.157884752529927175e-01
-4.050968794612445564e-03
-1.826028818379455521e+00
-1.307208171961110388e+00
3.540738622999970581e-02
1.623832101011337237e+00
1.167751972181002795e+00
5.233872491633952961e-01
-2.350572570631857261e-01
-5.681987801350969480e-01
-4.823253383184912813e-01
-2.173798668596661210e-01
-5.125031646199341706e-01
-5.976214735320318772e-01
-1.056581161748909037e-01
4.706114702279326489e-01
-3.652035251849913289e-01
1.817806591479909084e-01
5.233872491633952961e-01
2.731521218106918725e-01
5.152802168665654436e-02
-1.644991869009009566e-01
-3.519635093498038603e-02
9.225216359270800234e-03
2.610358239181943818e-02
-1.694757093593021041e-02
1.238855694573069988e-01
9.896656535214378228e-03
1.620344259807173226e-01
1.790194604208826534e-02
-2.350572570631857261e-01
1.674018608565640276e-02
-5.346529557902517105e-02
-2.385637789429262412e-02
-6.669139323349978013e-03
-1.697141801009755327e-02
2.671606710546527846e-02
5.566855314725589476e-01
6.457195156935990887e-02
-3.319281591352742367e-01
5.435020118741765716e-01
-2.126104179121419413e-01
-5.681987801350969480e-01
-1.642575277509460419e-01
-2.376208618342823958e-02
1.695664908299999996e-01
-2.797070299887687711e-02
2.163134450323743116e-02
2.750901086807790510e-02
-5.042901563625306061e-01
8.745088321307051271e-02
-3.845030785500002102e-01
-3.214686100372152189e-01
-1.721038747312595985e-01
-4.823253383184912813e-01
-3.519635093498038603e-02
-6.669139323349978013e-03
-2.797070299887687711e-02
2.795153693715825005e-01
-3.096623342211479724e-02
1.648671920731971663e-01
-9.679703141144772307e-04
1.330316566259576172e-01
2.601692250759776400e-04
-1.578415090474481475e-01
2.494026837014945083e-02
-2.173798668596661210e-01
9.225216359270800234e-03
-1.697141801009755327e-02
2.163134450323743116e-02
-3.498229158944816952e-02
-5.648374580724919297e-02
-1.744299299352662647e-02
-4.834988343453450188e-01
3.497127707776273575e-02
-2.910145394574275568e-01
-4.961415255893128484e-01
-2.157884752529927175e-01
-5.125031646199341706e-01
2.610358239181943818e-02
2.671606710546527846e-02
2.750901086807790510e-02
1.603063153128932994e-01
-1.880458182774371462e-02
1.722962033423334482e-01
4.362026562755824677e-01
-1.062060766467355644e-01
1.022673085429405548e-01
-1.636644192995165281e-02
1.932877451127511248e-02
-6.573569370984557771e-03
-1.181352228293756357e-01
1.408203049036155360e-03
-1.431969003508455351e-01
-1.188043839515316863e-01
1.000464932646125127e-01
1.022077304667493580e-01
-8.192538290140224944e-02
3.554178594294177818e-01
7.413640490700511287e-02
-2.002556574387020366e-02
-3.429186067214620159e-01
1.163700059376603091e-01
9.170204921455638730e-03
-4.553119846483499183e-02
-5.427037323711241847e-03
1.314558882033523279e-01
-1.482262893592164177e-01
-1.291669724765831528e-01
9.045765716852838256e-02
7.632350772108995041e-02
5.203954483213359961e-01
8.061326840315031703e-03
1.165042770418591167e-01
-9.542374939958683799e-02
-1.824173172766764273e-01
-1.825172195372220391e-02
-2.910423767567898445e-01
1.263313298758055592e-01
-1.152219312827990755e-01
-1.876781247402523889e-01
-1.636644192995165281e-02
-2.002556574387020366e-02
8.061326840315031703e-03
2.236335559558730660e-02
-8.542085357850164040e-03
-5.394584909572397446e-04
-1.806223402549851989e-03
1.979228687245509002e-02
-1.163286269384786707e-02
2.071505970704265193e-03
2.421953963766461035e-02
-3.069976072767639438e-03
1.932877451127511248e-02
-3.429186067214620159e-01
1.165042770418591167e-01
-1.387122916516766308e-03
2.161654489887456787e-01
-7.859875272323950390e-02
-3.037433024952015687e-03
-2.836233048268604461e-03
1.737954011596911687e-03
4.838830737497272472e-04
-2.752912748002120727e-02
8.704599300401903370e-03
-6.573569370984557771e-03
1.163700059376603091e-01
-9.542374939958683799e-02
3.145914266768051748e-03
-6.720222246735348126e-02
1.790493629596670855e-01
-2.780333016963410994e-03
3.512802559496441823e-02
-1.440569326718153104e-02
1.759968314351135175e-03
-2.226104024889864752e-02
5.198068999316961779e-03
-1.181352228293756357e-01
9.170204921455638730e-03
-1.824173172766764273e-01
-1.806223402549851989e-03
-3.037433024952015687e-03
-2.780333016963410994e-03
1.235662929774774960e-01
-3.514612508171239755e-03
1.590710351961411029e-01
6.744490242577345050e-03
1.489781512055639778e-03
1.947535210609767711e-02
1.408203049036155360e-03
-4.553119846483499183e-02
-1.825172195372220391e-02
1.979228687245509002e-02
-2.836233048268604461e-03
3.512802559496441823e-02
1.227720454549539354e-02
5.048901076418983724e-02
1.599784091094056532e-02
-1.044754936535615027e-02
1.478985324771378129e-03
-2.173706897495901805e-02
-1.431969003508455351e-01
-5.427037323711241847e-03
-2.910423767567898445e-01
-1.163286269384786707e-02
1.737954011596911687e-03
-1.440569326718153104e-02
1.700912236419457602e-01
1.319628610982884198e-02
2.953479448400007645e-01
-1.538703045285842036e-02
-2.853883691411734924e-03
-2.727764847934870118e-02
-1.188043839515316863e-01
1.314558882033523279e-01
1.263313298758055592e-01
2.071505970704265193e-03
4.838830737497272472e-04
1.759968314351135175e-03
6.744490242577345050e-03
-1.044754936535615027e-02
-1.538703045285842036e-02
1.253444950238331301e-01
-1.114410076706343761e-01
-1.182949998911861922e-01
1.000464932646125127e-01
-1.482262893592164177e-01
-1.152219312827990755e-01
2.421953963766461035e-02
-2.752912748002120727e-02
-2.226104024889864752e-02
1.489781512055639778e-03
1.478985324771378129e-03
-2.853883691411734924e-03
-1.263968801259678643e-01
1.636048365425012419e-01
1.393277406399409390e-01
1.022077304667493580e-01
-1.291669724765831528e-01
-1.876781247402523889e-01
-3.069976072767639438e-03
8.704599300401903370e-03
5.198068999316961779e-03
1.947535210609767711e-02
-2.173706897495901805e-02
-2.727764847934870118e-02
-1.142738761510699863e-01
1.433661217264124710e-01
1.988682490163338479e-01
2.734500993509586531e-01
-1.079367187627358754e-01
1.227748783029677937e-02
-1.171524074999998402e-02
1.743797562640904191e-03
-1.170307494630310196e-04
-1.304388017438362080e-01
3.714015808559859716e-02
-1.390959076236328584e-01
-1.315621356625021332e-01
6.867834237589794111e-02
1.284551916928119430e-01
-1.076318143687358814e-01
9.408969745970903464e-02
5.469645729772118492e-02
-1.326280390520231944e-02
3.302722825022766373e-02
-5.951204859699483346e-03
4.001041808920503817e-02
-4.497255080794752141e-02
4.960094842043181323e-02
8.151681587842651844e-02
-8.189903426138313292e-02
-9.993446276313107390e-02
1.302108497872376050e-02
5.609843548013731390e-02
5.619194096896678037e-01
1.559993591459899256e-03
-5.988857830699490306e-03
-1.709469369322771243e-02
-1.799267743820735510e-01
5.286945084258425770e-02
-2.878716888112162198e-01
1.672060069556089712e-01
-1.036833335302586173e-01
-2.538918743171146852e-01
-1.171524074999998402e-02
-1.326280390520231944e-02
1.559993591459899256e-03
4.320876368491582270e-03
4.222077153334183319e-04
-1.214935485099711372e-04
3.821149206360878719e-03
6.697748644302171407e-03
-5.391551790892546402e-05
3.728863086518602408e-03
6.271961687268822090e-03
-1.350957101792053588e-03
1.743797562640904191e-03
3.302722825022766373e-02
-5.988857830699490306e-03
2.380447394333420463e-03
-3.525102104482502607e-02
6.630558296277551909e-03
-7.009208951068064426e-04
2.501816901713126064e-03
-4.105389273504759834e-04
-1.455361666520416184e-03
1.701353589752730333e-05
1.123816226476747867e-03
-1.170307494630310196e-04
-5.951204859699483346e-03
-1.709469369322771243e-02
-6.745932398079137852e-05
5.716384569044010398e-03
8.494991756666663701e-03
2.853804815103593278e-03
1.011684008453672158e-02
3.332829055926002804e-03
-2.679141994169383437e-03
-9.061611961572601723e-03
5.474060093583874367e-03
-1.304388017438362080e-01
4.001041808920503817e-02
-1.799267743820735510e-01
3.821149206360878719e-03
-7.009208951068064426e-04
2.853804815103593278e-03
1.183991087161422040e-01
-4.076920397111821748e-02
1.596760270376811064e-01
8.772622636972765217e-03
7.503818908278302819e-04
1.896937112613178780e-02
3.714015808559859716e-02
-4.497255080794752141e-02
5.286945084258425770e-02
6.697748644302171407e-03
2.501816901713126064e-03
1.011684008453672158e-02
-4.082528370811823459e-02
4.173917788652407868e-02
-5.319195160125483879e-02
-3.670639913697084419e-03
1.032134836449682394e-03
-1.054975545301061086e-02
-1.390959076236328584e-01
4.960094842043181323e-02
-2.878716888112162198e-01
-5.391551790892546402e-05
-4.105389273504759834e-04
3.332829055926002804e-03
1.591848050739697595e-01
-5.286480060079317561e-02
3.176380022310003048e-01
-1.861745180762469989e-02
3.180692806811278098e-03
-2.995414103042238346e-02
-1.315621356625021332e-01
8.151681587842651844e-02
1.672060069556089712e-01
3.728863086518602408e-03
-1.455361666520416184e-03
-2.679141994169383437e-03
8.772622636972765217e-03
-3.670639913697084419e-03
-1.861745180762469989e-02
1.192310784906287641e-01
-7.662310532214497427e-02
-1.456692108912231165e-01
6.867834237589794111e-02
-8.189903426138313292e-02
-1.036833335302586173e-01
6.271961687268822090e-03
1.701353589752730333e-05
-9.061611961572601723e-03
7.503818908278302819e-04
1.032134836449682394e-03
3.180692806811278098e-03
-7.675531974014497549e-02
8.059291165137191792e-02
1.099229705770198295e-01
1.284551916928119430e-01
-9.993446276313107390e-02
-2.538918743171146852e-01
-1.350957101792053588e-03
1.123816226476747867e-03
5.474060093583874367e-03
1.896937112613178780e-02
-1.054975545301061086e-02
-2.995414103042238346e-02
-1.456396836182367316e-01
1.091540749263913146e-01
2.778141800319990917e-01
-8.721348363890043531e-01
7.183254738566582920e-02
1.729195269933321566e-01
5.579093540269994822e-01
1.183882420325269025e-02
-6.158845274078872042e-03
-1.513528723671868081e-01
1.992059498972721665e-01
2.965372917207382275e-01
-1.877848883281563741e-01
-1.841033135971735513e-01
-3.246493268102351171e-01
2.807804960199914573e-02
2.414754521230340512e+00
3.718996564375344427e+00
2.176870477680580354e-02
-2.112646505199449187e+00
-2.426101691036050223e+00
-4.737837955528818173e-02
2.807623473359714406e-01
-1.915092692138854660e-03
4.950051638760664258e-02
2.617025480583534680e-01
-1.141591989560073774e-02
2.518663758433226443e-02
3.962512570925672772e+00
2.755204098755328790e+00
-9.242415786120061760e-03
-2.241962990912050202e+00
-1.628023558783554314e+00
1.718140336489749620e-01
-1.751911027689252998e-01
-9.294680898078457043e-02
-1.605449398859760957e-01
-1.551835454692359062e-01
-1.269798254731977494e-01
5.579093540269994822e-01
2.176870477680580354e-02
-9.242415786120061760e-03
7.567086399466670110e-02
-3.791061437173351978e-01
1.428979108000001386e-01
-1.153086020321594518e-01
6.104150687742901371e-02
2.109957714344759261e-01
2.108403069403061783e-02
1.833499048216420332e-02
-3.148030025627219369e-02
1.183882420325269025e-02
-2.112646505199449187e+00
-2.241962990912050202e+00
1.748265363169986264e-01
2.216617745696672248e+00
9.178008627096634342e-01
5.019984193716794246e-02
3.380817640078678799e-02
-6.076903200863928434e-02
-3.265433720656280708e-02
5.928584467825090409e-02
-2.786482186056329913e-02
-6.158845274078872042e-03
-2.426101691036050223e+00
-1.628023558783554314e+00
-3.941070158923330458e-01
7.873528833889968936e-01
1.601765539404336414e+00
1.622498629540289894e-01
-8.064707633030918088e-02
-1.840573591856278224e-01
-6.340935788006317464e-02
-3.153220836473130673e-02
5.205655093071845374e-02
-1.513528723671868081e-01
-4.737837955528818173e-02
1.718140336489749620e-01
-1.153086020321594518e-01
5.019984193716794246e-02
1.622498629540289894e-01
2.803137150936250155e-01
2.833521082974560512e-02
-2.226614856890264393e-01
-3.768036856682690366e-02
2.098536348354258091e-02
2.514850911296460934e-02
1.992059498972721665e-01
2.807623473359714406e-01
-1.751911027689252998e-01
6.104150687742901371e-02
3.380817640078678799e-02
-8.064707633030918088e-02
-7.326699272587687550e-03
-1.564620853972921999e-01
-7.004199471519595432e-02
-1.782335731325649167e-02
-3.287253315598431119e-02
5.738853307174224261e-02
2.965372917207382275e-01
-1.915092692138854660e-03
-9.294680898078457043e-02
2.109957714344759261e-01
-6.076903200863928434e-02
-1.840573591856278224e-01
-2.012138887279782962e-01
-4.975610321901130506e-02
1.461051970476666961e-01
-3.292304440839029234e-02
5.061295851208972435e-02
3.910560439481122752e-02
-1.877848883281563741e-01
4.950051638760664258e-02
-1.605449398859760957e-01
2.108403069403061783e-02
-3.265433720656280708e-02
-6.340935788006317464e-02
-3.768036856682690366e-02
-1.782335731325649167e-02
-3.292304440839029234e-02
2.866552513802224089e-01
-2.458264708813935606e-02
1.968785647904690017e-01
-1.841033135971735513e-01
2.617025480583534680e-01
-1.551835454692359062e-01
1.833499048216420332e-02
5.928584467825090409e-02
-3.153220836473130673e-02
2.098536348354258091e-02
-3.287253315598431119e-02
5.061295851208972435e-02
-2.696836192806188748e-03
-1.545896473818893224e-01
-5.636772676386618552e-02
-3.246493268102351171e-01
-1.141591989560073774e-02
-1.269798254731977494e-01
-3.148030025627219369e-02
-2.786482186056329913e-02
5.205655093071845374e-02
2.514850911296460934e-02
5.738853307174224261e-02
3.910560439481122752e-02
2.055754943375593669e-01
-5.829201824238151169e-02
1.445980250166667147e-01
2.637563857873631012e-01
-9.814303749656361209e-02
1.793424944935824092e-02
-2.500197337399997013e-02
6.618127073966494078e-03
-1.675723648046682128e-03
-1.350660155547973307e-01
2.183829879224918544e-02
-1.447628427368762016e-01
-1.341534602077900096e-01
7.537035541268295724e-02
1.236045070020043851e-01
-1.020827078385636855e-01
1.598994726003039046e-01
7.815236148972264096e-02
-2.008160219332039836e-02
-6.003084302062855308e-03
-1.717106325508947415e-02
2.883849595306394592e-02
-4.492111200801664206e-02
3.628713448072713732e-02
1.023179236615653354e-01
-1.093939781305650338e-01
-1.202030817363037990e-01
1.535738951606653926e-02
7.904883269008543267e-02
5.621600759806666403e-01
3.425969166759435316e-03
-9.714588989089487092e-03
-3.523224012093714025e-02
-1.903426307321583189e-01
2.688877784504708698e-02
-3.023835198621859233e-01
1.611684216507372203e-01
-1.098089952225130145e-01
-2.354302316526450112e-01
-2.500197337399997013e-02
-2.008160219332039836e-02
3.425969166759435316e-03
1.714661740377797228e-02
2.956544044551264773e-03
2.082010508902581341e-05
3.503278921701299779e-03
8.862406445351689310e-03
-7.994017273503784687e-03
3.568400722134718560e-03
1.360984629893431316e-02
-2.625109297832194273e-03
6.618127073966494078e-03
-6.003084302062855308e-03
-9.714588989089487092e-03
-4.321502552782093172e-03
1.587986347288865979e-02
-4.866348729648841721e-03
-9.835129759697503003e-04
-9.747188914363551400e-04
-1.860992594671934640e-03
-3.496716616285798843e-03
-7.067300322625780576e-03
6.439387366881445772e-03
-1.675723648046682128e-03
-1.717106325508947415e-02
-3.523224012093714025e-02
4.899680411688045641e-03
2.856597789245952229e-03
3.447209148333332807e-02
4.781492363928261692e-03
2.511575600871247121e-02
3.510289617735049082e-03
-2.617080545154717303e-03
-1.717199111913157022e-02
7.268347268491056300e-03
-1.350660155547973307e-01
2.883849595306394592e-02
-1.903426307321583189e-01
3.503278921701299779e-03
-9.835129759697503003e-04
4.781492363928261692e-03
1.200323410909966415e-01
-2.857162787042604943e-02
1.634469738109550763e-01
9.453773001515678592e-03
1.489548740753759808e-03
1.906360973071950099e-02
2.183829879224918544e-02
-4.492111200801664206e-02
2.688877784504708698e-02
8.862406445351689310e-03
-9.747188914363551400e-04
2.511575600871247121e-02
-2.773883126509272060e-02
4.945358600733603532e-02
-3.502789005771302089e-02
-6.323963133728684530e-03
-4.014254068851019590e-04
-1.326688363495470875e-02
-1.447628427368762016e-01
3.628713448072713732e-02
-3.023835198621859233e-01
-7.994017273503784687e-03
-1.860992594671934640e-03
3.510289617735049082e-03
1.581751268019109258e-01
-3.352219219559758601e-02
3.248398146379999352e-01
-1.829233635182211590e-02
5.514957110873009577e-04
-2.923137928313058326e-02
-1.341534602077900096e-01
1.023179236615653354e-01
1.611684216507372203e-01
3.568400722134718560e-03
-3.496716616285798843e-03
-2.617080545154717303e-03
9.453773001515678592e-03
-6.323963133728684530e-03
-1.829233635182211590e-02
1.224854457574901939e-01
-8.668839007659702445e-02
-1.365692603942196548e-01
7.537035541268295724e-02
-1.093939781305650338e-01
-1.098089952225130145e-01
1.360984629893431316e-02
-7.067300322625780576e-03
-1.717199111913157022e-02
1.489548740753759808e-03
-4.014254068851019590e-04
5.514957110873009577e-04
-9.201876031559702573e-02
1.110809503555092587e-01
1.196617036437206544e-01
1.236045070020043851e-01
-1.202030817363037990e-01
-2.354302316526450112e-01
-2.625109297832194273e-03
6.439387366881445772e-03
7.268347268491056300e-03
1.906360973071950099e-02
-1.326688363495470875e-02
-2.923137928313058326e-02
-1.369158882606861527e-01
1.210864211878688868e-01
2.577845895113333730e-01
2.673232062036127177e-01
-1.037173597250375112e-01
1.532458282314084867e-02
-1.795979791199998551e-02
7.356048325197330449e-03
-1.368136625719836019e-03
-1.301101916429065197e-01
2.501711384386621356e-02
-1.376380793439832828e-01
-1.291231686083884334e-01
6.942869693726348712e-02
1.192913639502643092e-01
-1.029715449330374788e-01
1.479746375050544627e-01
7.025074030795179503e-02
-1.798909063882291048e-02
-4.850239896278628338e-02
-4.584236764418179143e-03
3.061904636840792615e-02
-4.516097582248430192e-02
3.800069488668407491e-02
9.354181332284097761e-02
-9.838886371323204982e-02
-1.105843888234708666e-01
1.371574394203989820e-02
6.617588871952073681e-02
5.607517203906651204e-01
3.736679948224889795e-03
2.686560122581810751e-03
-3.125231931921369083e-02
-1.821045878816457964e-01
3.193137163063675121e-02
-2.891639242426091716e-01
1.577252400714412306e-01
-1.038158623718341139e-01
-2.329915946083796763e-01
-1.795979791199998551e-02
-1.798909063882291048e-02
3.736679948224889795e-03
1.210895302011641417e-02
1.399022033631286323e-03
-2.615752910318013078e-04
6.252966488558717346e-03
1.077585327195029405e-02
-3.498430876190026639e-03
3.947088339717076157e-03
1.131656447512668917e-02
-2.970728695101680812e-03
7.356048325197330449e-03
-4.850239896278628338e-02
2.686560122581810751e-03
-5.987780734702094140e-03
-7.088305462783111785e-03
1.035979630214035928e-03
-1.266246373032477689e-03
-1.837218713797631299e-04
-1.911031864368602619e-03
-2.945181565955845397e-03
-5.986699073601184015e-03
4.541202249439902153e-03
-1.368136625719836019e-03
-4.584236764418179143e-03
-3.125231931921369083e-02
7.067742132638618960e-03
4.653571042176848395e-03
2.949172299233336972e-02
2.261492489116024088e-03
1.947882905766486206e-02
2.858050983821059342e-03
-2.945301371645398913e-03
-1.597099557440520914e-02
6.534264966884110667e-03
-1.301101916429065197e-01
3.061904636840792615e-02
-1.821045878816457964e-01
6.252966488558717346e-03
-1.266246373032477689e-03
2.261492489116024088e-03
1.189106649449180458e-01
-3.132700672453049562e-02
1.635243992585345141e-01
9.254783844877267907e-03
1.320403298838102642e-03
1.898571380133185285e-02
2.501711384386621356e-02
-4.516097582248430192e-02
3.193137163063675121e-02
1.077585327195029405e-02
-1.837218713797631299e-04
1.947882905766486206e-02
-3.065715213586384449e-02
4.836652194708135344e-02
-3.850109854740969145e-02
-5.716574369567224354e-03
-4.763631849402275129e-04
-1.201635520617753798e-02
-1.376380793439832828e-01
3.800069488668407491e-02
-2.891639242426091716e-01
-3.498430876190026639e-03
-1.911031864368602619e-03
2.858050983821059342e-03
1.596688889068801909e-01
-3.605185867787998044e-02
3.232808145093340468e-01
-1.847231532857119760e-02
1.098482322061424639e-03
-2.950123634193702743e-02
-1.291231686083884334e-01
9.354181332284097761e-02
1.577252400714412306e-01
3.947088339717076157e-03
-2.945181565955845397e-03
-2.945301371645398913e-03
9.254783844877267907e-03
-5.716574369567224354e-03
-1.847231532857119760e-02
1.224687751327671742e-01
-8.355993215778641237e-02
-1.419161510542730209e-01
6.942869693726348712e-02
-9.838886371323204982e-02
-1.038158623718341139e-01
1.131656447512668917e-02
-5.986699073601184015e-03
-1.597099557440520914e-02
1.320403298838102642e-03
-4.763631849402275129e-04
1.098482322061424639e-03
-8.596503240978643767e-02
1.011700831378984089e-01
1.161548997693706287e-01
1.192913639502643092e-01
-1.105843888234708666e-01
-2.329915946083796763e-01
-2.970728695101680812e-03
4.541202249439902153e-03
6.534264966884110667e-03
1.898571380133185285e-02
-1.201635520617753798e-02
-2.950123634193702743e-02
-1.402468680004294588e-01
1.150853095098010731e-01
2.647914844256666345e-01
2.765112642764048223e-01
-1.075697784568081239e-01
1.351509667918704763e-02
-1.366977513399998852e-02
3.381775961317189973e-03
-5.312949611236145869e-04
-1.304936391067317847e-01
3.429106936361130814e-02
-1.392563557706535393e-01
-1.293811495772713704e-01
6.821299300620148331e-02
1.245283179991137773e-01
-1.066782083041414725e-01
9.960327250426073697e-02
6.200899579075838663e-02
-1.496667190241362209e-02
3.483974377423119939e-02
-4.959101767038780195e-03
3.857879571825557213e-02
-4.577563126525764636e-02
4.698875987861643455e-02
8.227624339653644148e-02
-8.449103446201126910e-02
-9.960587264952387720e-02
1.346426300350097444e-02
6.081601181558040498e-02
5.641910742349982577e-01
1.808376276113373912e-03
-7.234199073038788744e-03
-2.007751046223118715e-02
-1.807223643468139629e-01
4.727356353254457549e-02
-2.892527951170105749e-01
1.635680161775309727e-01
-1.005527207553030961e-01
-2.479600818037172028e-01
-1.366977513399998852e-02
-1.496667190241362209e-02
1.808376276113373912e-03
5.928523245959223253e-03
-2.842326310956892017e-04
8.664204925350763248e-05
4.337655097605153283e-03
8.574071304996088230e-03
1.741161310182224599e-04
4.026986477185069864e-03
7.634567909101888476e-03
-1.669313640146577633e-03
3.381775961317189973e-03
3.483974377423119939e-02
-7.234199073038788744e-03
-8.691604194290222275e-04
-3.517322194362593191e-02
5.828441415840141145e-03
-1.342104407179115508e-03
1.838623062403099565e-03
-1.080590706177959187e-03
-2.193294903305909385e-03
-9.233441542431872207e-04
2.193165127187018688e-03
-5.312949611236145869e-04
-4.959101767038780195e-03
-2.007751046223118715e-02
5.883557224879449460e-04
6.256389797108176561e-03
1.140763678133335964e-02
2.974152722560513898e-03
1.208393546729582234e-02
3.140795217991751431e-03
-2.879197257399425999e-03
-1.121333966946533485e-02
6.280817817058119250e-03
-1.304936391067317847e-01
3.857879571825557213e-02
-1.807223643468139629e-01
4.337655097605153283e-03
-1.342104407179115508e-03
2.974152722560513898e-03
1.183428368122367569e-01
-3.874758153860242971e-02
1.601979736079265360e-01
8.733504913400386149e-03
7.980589876185418879e-04
1.835007590756105797e-02
3.429106936361130814e-02
-4.577563126525764636e-02
4.727356353254457549e-02
8.574071304996088230e-03
1.838623062403099565e-03
1.208393546729582234e-02
-3.871930487560243384e-02
4.313976218342985974e-02
-4.993663538087229903e-02
-4.003434533895840024e-03
7.950113187934232818e-04
-1.015035882339273415e-02
-1.392563557706535393e-01
4.698875987861643455e-02
-2.892527951170105749e-01
1.741161310182224599e-04
-1.080590706177959187e-03
3.140795217991751431e-03
1.601232655412442307e-01
-4.999864866673728314e-02
3.188108671669987459e-01
-1.865634581721558813e-02
2.620204260942324715e-03
-3.000389873619382225e-02
-1.293811495772713704e-01
8.227624339653644148e-02
1.635680161775309727e-01
4.026986477185069864e-03
-2.193294903305909385e-03
-2.879197257399425999e-03
8.733504913400386149e-03
-4.003434533895840024e-03
-1.865634581721558813e-02
1.191890527429466939e-01
-7.865133462567330813e-02
-1.446286846012106442e-01
6.821299300620148331e-02
-8.449103446201126910e-02
-1.005527207553030961e-01
7.634567909101888476e-03
-9.233441542431872207e-04
-1.121333966946533485e-02
7.980589876185418879e-04
7.950113187934232818e-04
2.620204260942324715e-03
-7.853034716567332263e-02
8.618220642105314799e-02
1.115291371092831246e-01
1.245283179991137773e-01
-9.960587264952387720e-02
-2.479600818037172028e-01
-1.669313640146577633e-03
2.193165127187018688e-03
6.280817817058119250e-03
1.835007590756105797e-02
-1.015035882339273415e-02
-3.000389873619382225e-02
-1.447501933716651978e-01
1.114191081827499152e-01
2.759904593709999743e-01
4.625161089311466966e-01
-1.539064437088241144e-01
1.705445762735351145e-01
-1.795420800494864494e-02
1.924896634663118833e-02
-6.336139391577178849e-03
-1.124172417266303542e-01
-1.272781490002998202e-04
-1.295793808503630795e-01
-1.131720328819103144e-01
9.000934131864039844e-02
9.244444335197157803e-02
-7.603419656049067998e-02
3.675152977258530629e-01
6.777968923975283277e-02
-2.243376132933121159e-02
-3.176365772201664717e-01
1.075851416228130325e-01
8.823300443623732434e-03
-4.441927051878682281e-02
-4.119081042404109001e-03
1.229163852131116147e-01
-1.379192511874877125e-01
-1.187900698953790468e-01
8.069371208921105598e-02
5.857890283475378213e-02
5.355309202446693062e-01
8.884691382608429430e-03
1.066492598289097149e-01
-9.020919585288540710e-02
-1.706413728824427434e-01
-1.839491040225861573e-02
-2.689634688325834300e-01
1.187273249521251794e-01
-1.047780769030652870e-01
-1.747086970086025870e-01
-1.795420800494864494e-02
-2.243376132933121159e-02
8.884691382608429430e-03
7.275031337798644471e-03
-2.966012574579748873e-02
-1.265580645295561954e-02
-6.025753559271347128e-04
1.958445977699337787e-02
-1.197055320009368824e-02
7.832122139913087581e-04
2.394647127469776496e-02
-3.346821445233697390e-03
1.924896634663118833e-02
-3.176365772201664717e-01
1.066492598289097149e-01
-4.307736279736060214e-05
1.791106214868680158e-01
-1.192626626368668147e-01
-3.006251121374728125e-03
-2.013914434451422649e-03
1.596403669506292781e-03
1.137576395632515849e-03
-2.701491703428541766e-02
8.016927822967350598e-03
-6.336139391577178849e-03
1.075851416228130325e-01
-9.020919585288540710e-02
-2.471947439045649175e-03
-9.436019498974421160e-02
1.715083529803336504e-01
-2.173371298971141577e-03
3.483894458516170051e-02
-1.548444127362142049e-02
1.309167518035215172e-03
-2.228976325303866357e-02
4.308829148294118436e-03
-1.124172417266303542e-01
8.823300443623732434e-03
-1.706413728824427434e-01
-6.025753559271347128e-04
-3.006251121374728125e-03
-2.173371298971141577e-03
1.546532663486283043e-01
-5.027677333456211789e-03
1.536805564494790610e-01
7.699568101224057298e-03
2.182602583719872417e-03
1.940514279779726944e-02
-1.272781490002998202e-04
-4.441927051878682281e-02
-1.839491040225861573e-02
1.958445977699337787e-02
-2.013914434451422649e-03
3.483894458516170051e-02
1.721848657221037790e-02
4.446499478237246616e-02
1.810670469778088293e-03
-1.049089039898251120e-02
7.140526083211896045e-04
-2.216174327228929292e-02
-1.295793808503630795e-01
-4.119081042404109001e-03
-2.689634688325834300e-01
-1.197055320009368824e-02
1.596403669506292781e-03
-1.548444127362142049e-02
2.115072366779935653e-01
2.307252841235132509e-02
2.753691852780004168e-01
-1.550132561177356913e-02
-3.932301223357001323e-03
-2.651455177354521478e-02
-1.131720328819103144e-01
1.229163852131116147e-01
1.187273249521251794e-01
7.832122139913087581e-04
1.137576395632515849e-03
1.309167518035215172e-03
7.699568101224057298e-03
-1.049089039898251120e-02
-1.550132561177356913e-02
1.204394479773918947e-01
-1.164881228365694937e-01
-1.191745157213325995e-01
9.000934131864039844e-02
-1.379192511874877125e-01
-1.047780769030652870e-01
2.394647127469776496e-02
-2.701491703428541766e-02
-2.228976325303866357e-02
2.182602583719872417e-03
7.140526083211896045e-04
-3.932301223357001323e-03
-1.255943727035695179e-01
1.631415482866090672e-01
1.387472413831059015e-01
9.244444335197157803e-02
-1.187900698953790468e-01
-1.747086970086025870e-01
-3.346821445233697390e-03
8.016927822967350598e-03
4.308829148294118436e-03
1.940514279779726944e-02
-2.216174327228929292e-02
-2.651455177354521478e-02
-1.135331138797871370e-01
1.434819732465621445e-01
1.960116709466671880e-01
2.748026071459125363e-01
-1.016406941281542825e-01
2.712236030751590671e-02
-1.743935709700000433e-02
1.170667334933313437e-02
-2.158225541468421910e-03
-1.286436101213342953e-01
1.576589931686638024e-02
-1.363268382803564105e-01
-1.295025428815586577e-01
7.461026790241551132e-02
1.153559708059637839e-01
-1.019539394931542470e-01
2.038106007767530592e-01
9.101028434816249568e-02
-1.628916923735113792e-02
-1.250133185724709162e-01
1.935296098322573932e-02
2.417180049734385730e-02
-5.040020819546003894e-02
2.801866030959780304e-02
1.040011044373908150e-01
-1.155352649130443193e-01
-1.160826455251069977e-01
2.784862058587586620e-02
8.357804875949943757e-02
5.702967422240016182e-01
3.315134070212177615e-03
2.190438777722571867e-02
-4.343341585252934872e-02
-1.804288076696877741e-01
1.494443284392257126e-02
-2.874581779922056879e-01
1.502773079407988543e-01
-1.006210859413149694e-01
-2.235950671423969638e-01
-1.743935709700000433e-02
-1.628916923735113792e-02
3.315134070212177615e-03
1.970515553612121884e-02
-1.221428425432721267e-03
6.837507608863828759e-04
2.403079220479928391e-03
1.400094710858401301e-02
-5.714701643138199796e-03
3.011849442553544195e-03
1.759367763265658538e-02
-3.527113561599608954e-03
1.170667334933313437e-02
-1.250133185724709162e-01
2.190438777722571867e-02
-6.916022590432708769e-03
5.919449409321215355e-02
-6.965118373046379555e-03
-4.164814467227625702e-03
-4.449114063608458451e-03
-9.810137792149117592e-04
-3.665060218958010509e-03
-1.565425589604402604e-02
8.338381108704476588e-03
-2.158225541468421910e-03
1.935296098322573932e-02
-4.343341585252934872e-02
3.089284104256904300e-04
-3.872697555848409433e-03
5.173843955633308095e-02
3.373718733822750337e-03
3.051715079576986303e-02
-3.769851715871446168e-03
-9.897831804733417220e-04
-2.186094953018338435e-02
6.782478755490492853e-03
-1.286436101213342953e-01
2.417180049734385730e-02
-1.804288076696877741e-01
2.403079220479928391e-03
-4.164814467227625702e-03
3.373718733822750337e-03
1.176682207855584694e-01
-2.388037148390179804e-02
1.609346664279336925e-01
9.739071149456657306e-03
1.628437445084673918e-03
1.939510865375331308e-02
1.576589931686638024e-02
-5.040020819546003894e-02
1.494443284392257126e-02
1.400094710858401301e-02
-4.449114063608458451e-03
3.051715079576986303e-02
-2.229875598656846925e-02
5.215738750610826591e-02
-3.022464102269455805e-02
-7.462987149651049285e-03
-6.799251048714202023e-04
-1.475838754870483459e-02
-1.363268382803564105e-01
2.801866030959780304e-02
-2.874581779922056879e-01
-5.714701643138199796e-03
-9.810137792149117592e-04
-3.769851715871446168e-03
1.595712714750049388e-01
-2.996561517661378710e-02
3.225674037663336935e-01
-1.752906562785372033e-02
1.857971213270670149e-04
-2.900825177858527490e-02
-1.295025428815586577e-01
1.040011044373908150e-01
1.502773079407988543e-01
3.011849442553544195e-03
-3.665060218958010509e-03
-9.897831804733417220e-04
9.739071149456657306e-03
-7.462987149651049285e-03
-1.752906562785372033e-02
1.299692713622941920e-01
-9.789272868123082005e-02
-1.324048295036826806e-01
7.461026790241551132e-02
-1.155352649130443193e-01
-1.006210859413149694e-01
1.759367763265658538e-02
-1.565425589604402604e-02
-2.186094953018338435e-02
1.628437445084673918e-03
-6.799251048714202023e-04
1.857971213270670149e-04
-1.032540901395641031e-01
1.300430028943726224e-01
1.234517342733356809e-01
1.153559708059637839e-01
-1.160826455251069977e-01
-2.235950671423969638e-01
-3.527113561599608954e-03
8.338381108704476588e-03
6.782478755490492853e-03
1.939510865375331308e-02
-1.475838754870483459e-02
-2.900825177858527490e-02
-1.341798183281120715e-01
1.244996051554391608e-01
2.433624762700000999e-01
2.680782692023624403e-01
-9.953649061053695957e-02
1.879319970055651212e-02
-2.243221166200000394e-02
7.019574842685945108e-03
7.699028878982933706e-05
-1.277000725561068251e-01
2.202699126369567911e-02
-1.371024994564381538e-01
-1.300729772431706843e-01
7.330399981059064485e-02
1.219103406535971962e-01
-1.025467119558702705e-01
1.621462113293040408e-01
8.029489931407261805e-02
-1.850065807240212218e-02
-7.534752125193280858e-02
6.835846717235321938e-03
2.727451868760809653e-02
-4.721558861593195405e-02
3.411573057961082844e-02
9.958089211869067259e-02
-1.083648387067640134e-01
-1.151142501839678700e-01
1.880849853846140729e-02
7.225231197206230527e-02
5.680293527920016183e-01
3.287607306375794208e-03
8.452689899235310556e-03
-3.185268644906730923e-02
-1.808936264130726890e-01
2.607392891433469098e-02
-2.872657528339614963e-01
1.577242344058438495e-01
-1.057573021474688679e-01
-2.319964109200655933e-01
-2.243221166200000394e-02
-1.850065807240212218e-02
3.287607306375794208e-03
1.621602547667706437e-02
-2.228049627911730165e-04
1.065223841249678984e-03
5.970601138998112359e-03
1.364164980735190977e-02
-4.306094276270209728e-03
4.237728304804709752e-03
1.534188700002471657e-02
-2.280123084707934029e-03
7.019574842685945108e-03
-7.534752125193280858e-02
8.452689899235310556e-03
-4.010955137791163971e-03
3.394381001665622288e-02
-5.852458234176123424e-03
-2.452629549068114766e-03
-3.388884683390615792e-03
-4.254463812589391928e-04
-3.022967625661834943e-03
-1.304350302740101691e-02
5.804434199984002257e-03
7.699028878982933706e-05
6.835846717235321938e-03
-3.185268644906730923e-02
-1.180856750834579499e-03
-1.680174872770354459e-03
4.818681350699968030e-02
3.162956430692010022e-03
2.616405358083057422e-02
-1.214415161607463895e-03
-2.565121267048772920e-03
-2.008191090160816455e-02
7.803105149596300041e-03
-1.277000725561068251e-01
2.727451868760809653e-02
-1.808936264130726890e-01
5.970601138998112359e-03
-2.452629549068114766e-03
3.162956430692010022e-03
1.179799338347621851e-01
-2.594320611783666394e-02
1.594805766805743874e-01
9.622740034461093120e-03
1.505900541980190882e-03
1.981839433233191505e-02
2.202699126369567911e-02
-4.721558861593195405e-02
2.607392891433469098e-02
1.364164980735190977e-02
-3.388884683390615792e-03
2.616405358083057422e-02
-2.533540927116999589e-02
4.965026247990420027e-02
-3.283729414644027261e-02
-6.602038263564766543e-03
-4.863176174318076662e-04
-1.278771596765831790e-02
-1.371024994564381538e-01
3.411573057961082844e-02
-2.872657528339614963e-01
-4.306094276270209728e-03
-4.254463812589391928e-04
-1.214415161607463895e-03
1.589307457619617558e-01
-3.263861586073310561e-02
3.189294402953333774e-01
-1.786829284257824418e-02
6.724140937036937604e-04
-2.952478038902931617e-02
-1.300729772431706843e-01
9.958089211869067259e-02
1.577242344058438495e-01
4.237728304804709752e-03
-3.022967625661834943e-03
-2.565121267048772920e-03
9.622740034461093120e-03
-6.602038263564766543e-03
-1.786829284257824418e-02
1.298026266335425005e-01
-9.231501743756945211e-02
-1.371114047256056789e-01
7.330399981059064485e-02
-1.083648387067640134e-01
-1.057573021474688679e-01
1.534188700002471657e-02
-1.304350302740101691e-02
-2.008191090160816455e-02
1.505900541980190882e-03
-4.863176174318076662e-04
6.724140937036937604e-04
-9.560932419256940040e-02
1.154713783114574704e-01
1.205508806610049999e-01
1.219103406535971962e-01
-1.151142501839678700e-01
-2.319964109200655933e-01
-2.280123084707934029e-03
5.804434199984002257e-03
7.803105149596300041e-03
1.981839433233191505e-02
-1.278771596765831790e-02
-2.952478038902931617e-02
-1.353013060524351219e-01
1.198472710261752477e-01
2.520863078506675459e-01
2.461056684698338937e-01
-1.080099623306778611e-01
4.126119804161374784e-03
-1.241468471223763220e-02
1.114232961757398921e-03
-8.325459673308901586e-04
-1.123301515918676413e-01
3.505449005853351202e-02
-1.396951308883408460e-01
-1.248920899822435621e-01
6.705738341231799737e-02
1.182184967509186529e-01
-1.537948534516780652e-01
1.154073388188314730e-01
-3.563209503419477453e-02
-1.451298658513717164e-02
3.312487978791467391e-02
-7.977574119263430158e-03
3.446801593900459398e-02
-4.447300211706855383e-02
4.344996466951442371e-02
8.308950967848313662e-02
-9.252698133503420297e-02
-1.034428419649703890e-01
1.416705524998826751e-02
5.485175110387883329e-02
6.214884071056641091e-01
1.820123309864100187e-03
-6.471095908178483430e-03
-1.449149784767698144e-02
-1.794440985308004832e-01
5.866492214981362113e-02
-2.909043527060636847e-01
1.682583551701748725e-01
-1.089029711565352859e-01
-2.518314113267225429e-01
-1.241468471223763220e-02
-1.451298658513717164e-02
1.820123309864100187e-03
5.066108154416659737e-03
-4.702132801384682065e-03
7.176916319857376894e-03
-1.438220812690389934e-02
8.147115995750126016e-02
-3.897123646659034213e-02
4.183452910574684061e-03
9.498248980590031851e-03
3.352984432674485475e-03
1.114232961757398921e-03
3.312487978791467391e-02
-6.471095908178483430e-03
2.113191380615298334e-03
-2.821532740008347862e-02
7.298130879370220633e-03
7.013690695132959729e-02
-3.005841821636416888e-01
1.429939664236873909e-01
-2.430372483278286401e-03
8.285825161182401762e-04
7.524920738018355242e-04
-8.325459673308901586e-04
-7.977574119263430158e-03
-1.449149784767698144e-02
4.058535108389366001e-04
1.838823118452946517e-03
2.716551360433318990e-02
-3.539099746937301311e-02
1.487045742117208136e-01
-6.525380003645353533e-02
1.221493419785060156e-03
-1.378852641366016055e-02
5.667434603070788893e-04
-1.123301515918676413e-01
3.446801593900459398e-02
-1.794440985308004832e-01
-1.438220812690389934e-02
7.013690695132959729e-02
-3.539099746937301311e-02
1.167144236212446229e-01
-3.998624232780510768e-02
1.543909422853358970e-01
4.452294393979311718e-03
4.513199520636574508e-03
1.639586743031605856e-02
3.505449005853351202e-02
-4.447300211706855383e-02
5.866492214981362113e-02
8.147115995750126016e-02
-3.005841821636416888e-01
1.487045742117208136e-01
-3.887753477747175890e-02
3.289687716175523913e-02
-5.079477681940731959e-02
1.464701175260001717e-03
1.269770835502271244e-03
-1.308262333000338035e-02
-1.396951308883408460e-01
4.344996466951442371e-02
-2.909043527060636847e-01
-3.897123646659034213e-02
1.429939664236873909e-01
-6.525380003645353533e-02
1.560340080507980343e-01
-5.592512472967401532e-02
3.116520470169990009e-01
-1.639121767684531897e-02
4.386784933965033259e-03
-3.019967730748158302e-02
-1.248920899822435621e-01
8.308950967848313662e-02
1.682583551701748725e-01
4.183452910574684061e-03
-2.430372483278286401e-03
1.221493419785060156e-03
4.452294393979311718e-03
1.464701175260001717e-03
-1.639121767684531897e-02
1.225066460004602953e-01
-7.826020093301594427e-02
-1.402654308129523408e-01
6.705738341231799737e-02
-9.252698133503420297e-02
-1.089029711565352859e-01
9.498248980590031851e-03
8.285825161182401762e-04
-1.378852641366016055e-02
4.513199520636574508e-03
1.269770835502271244e-03
4.386784933965033259e-03
-7.742191865834931186e-02
6.765010891420600303e-02
1.053661466336702213e-01
1.182184967509186529e-01
-1.034428419649703890e-01
-2.518314113267225429e-01
3.352984432674485475e-03
7.524920738018355242e-04
5.667434603070788893e-04
1.639586743031605856e-02
-1.308262333000338035e-02
-3.019967730748158302e-02
-1.412265200842166557e-01
1.057620908057028686e-01
2.743741497706662091e-01
