5.047344801119999502e-01
-2.833087999966051890e-06
-9.557969999999978218e-07
-4.870341775680002150e-01
1.021048999901046355e-06
2.042031000033619058e-06
-2.773303999966051650e-06
-4.941772686983356144e-02
-5.852568683423200335e-23
9.870559999010461116e-07
5.164786681299993881e-02
6.347152681937720092e-19
-9.230919999999988269e-07
-5.652308315592635396e-23
-4.989136488383355550e-02
2.093141000033618727e-06
6.347225754775254667e-19
6.200841474199991765e-02
-4.870341775680002150e-01
9.870559999010461116e-07
2.093141000033618727e-06
5.047344801119999502e-01
-2.833087999898187610e-06
9.557969999999978218e-07
1.021048999901046355e-06
5.164786681299993881e-02
6.347225754775254667e-19
-2.773303999898187370e-06
-4.941772686983356144e-02
1.755770605026960101e-22
2.042031000033619058e-06
6.347152681937720092e-19
6.200841474199991765e-02
9.230919999999988269e-07
1.695692494677790619e-22
-4.989136488383355550e-02
2.736396998666668634e-01
-1.415030666649883137e-06
-4.847000000000010514e-07
-2.590249094509998740e-01
4.601179999526074126e-07
9.115400000157212707e-07
-1.462741333316550081e-06
-4.965671980000116274e-04
-2.967931517733616876e-23
4.644559999526073023e-07
-1.033600729000002045e-03
-7.572572333636026208e-20
-4.890380000000009411e-07
-2.994494106807122642e-23
-1.871258807999991777e-03
8.971400000157214594e-07
-7.572810294755566743e-20
-2.272565806000000511e-03
-2.590249094509998740e-01
4.644559999526073023e-07
8.971400000157214594e-07
2.736396998666668634e-01
-1.415030666616311197e-06
4.847000000000010514e-07
4.601179999526074126e-07
-1.033600729000002045e-03
-7.572810294755566743e-20
-1.462741333282978142e-06
-4.965671980000116274e-04
8.903794553200850629e-23
9.115400000157212707e-07
-7.572572333636026208e-20
-2.272565806000000511e-03
4.890380000000009411e-07
8.983482320421366752e-23
-1.871258807999991777e-03
-8.317586536000027425e-03
2.012883333309175472e-07
6.646000000000021263e-08
8.159326899999990931e-03
-6.628899999271257076e-08
-1.325960000024254573e-07
2.011166666642510388e-07
3.113435384066677233e-02
4.069501313566668081e-24
-6.457899999271263023e-08
-3.151164664000000171e-02
3.640322556925710884e-21
6.589000000000020157e-08
4.034598879790967355e-24
3.105678645466677240e-02
-1.315640000024255047e-07
3.640616839551605333e-21
-3.145186245200000397e-02
8.159326899999990931e-03
-6.457899999271263023e-08
-1.315640000024255047e-07
-8.317586536000027425e-03
2.012883333260860713e-07
-6.646000000000021263e-08
-6.628899999271257076e-08
-3.151164664000000171e-02
3.640616839551605333e-21
2.011166666594195629e-07
3.113435384066677233e-02
-1.220850394070000277e-23
-1.325960000024254573e-07
3.640322556925710884e-21
-3.145186245200000397e-02
-6.589000000000020157e-08
-1.210379663937290133e-23
3.105678645466677240e-02
1.085377789361663181e+00
-6.721801333253052181e-06
-2.251301999999997457e-06
-9.463554542889995869e-01
2.091889999787091889e-06
4.179074000070882321e-06
-6.884070666586389873e-06
-2.254438112548343143e-01
-1.378524894107015708e-22
2.196766999787092783e-06
2.126656279405003402e-01
-7.951011756777082224e-20
-2.300914666666666082e-06
-1.408903890822265811e-22
-2.259662596731667472e-01
4.402261000070881579e-06
-7.946269691687810404e-20
2.113567887245001720e-01
-9.463554542889995869e-01
2.196766999787092783e-06
4.402261000070881579e-06
1.085377789361663181e+00
-6.721801333092522497e-06
2.251301999999997457e-06
2.091889999787091889e-06
2.126656279405003402e-01
-7.946269691687810404e-20
-6.884070666425860189e-06
-2.254438112548343143e-01
4.135574682321047123e-22
4.179074000070882321e-06
-7.951011756777082224e-20
2.113567887245001720e-01
2.300914666666666082e-06
4.226711672466797198e-22
-2.259662596731667472e-01
5.713260928566670227e-01
-3.258983333294323671e-06
-1.084259999999997561e-06
-5.481896112609998539e-01
1.074916999884578119e-06
2.140281000038502491e-06
-3.076162666627658793e-06
-6.539683583900035568e-02
-6.639177692217530595e-23
1.150480999884578358e-06
8.014350455399990580e-02
2.733678898122276789e-20
-1.027003333333330538e-06
-6.288581724401627116e-23
-6.539683585033372049e-02
2.296163000038502907e-06
2.737005100061100995e-20
8.058467783599992940e-02
-5.481896112609998539e-01
1.150480999884578358e-06
2.296163000038502907e-06
5.713260928566670227e-01
-3.258983333216347935e-06
1.084259999999997561e-06
1.074916999884578119e-06
8.014350455399990580e-02
2.737005100061100995e-20
-3.076162666549683058e-06
-6.539683583900035568e-02
1.991753307665259178e-22
2.140281000038502491e-06
2.733678898122276789e-20
8.058467783599992940e-02
1.027003333333330538e-06
1.886574517320488135e-22
-6.539683585033372049e-02
8.054826692833305657e-02
-3.228276666621802257e-07
-1.051073333333332924e-07
-9.670561061900015409e-02
1.219029999829068517e-07
2.499820000056711186e-07
-4.458033333288479970e-07
7.299528611666669144e-03
-6.435967966679025765e-24
1.693129999829067978e-07
-3.653416520999997093e-03
-2.697852009093093420e-20
-1.536356666666660355e-07
-9.407471370910112840e-24
7.335559522000007632e-03
3.236400000056709434e-07
-2.696208631060380765e-20
-4.094589822999997186e-03
-9.670561061900015409e-02
1.693129999829067978e-07
3.236400000056709434e-07
8.054826692833305657e-02
-3.228276666532098291e-07
1.051073333333332924e-07
1.219029999829068517e-07
-3.653416520999997093e-03
-2.696208631060380765e-20
-4.458033333198776005e-07
7.299528611666669144e-03
1.930790390003707583e-23
2.499820000056711186e-07
-2.697852009093093420e-20
-4.094589822999997186e-03
1.536356666666660355e-07
2.822241411273033558e-23
7.335559522000007632e-03
9.354418426000021825e-01
-5.720999999933079258e-06
-1.906999999999994405e-06
-9.046742092840008853e-01
1.831904999806146893e-06
3.663811000064593949e-06
-5.720999999933079258e-06
-1.572096509013337362e-01
-1.167700722986997835e-22
1.850450999806146800e-06
1.505931262940001236e-01
-1.397176393444656025e-20
-1.906999999999994405e-06
-1.167700722986997835e-22
-1.572096509986670165e-01
3.700903000064593763e-06
-1.396381462960837524e-20
1.503558090910001310e-01
-9.046742092840008853e-01
1.850450999806146800e-06
3.700903000064593763e-06
9.354418426000021825e-01
-5.720999999799268381e-06
1.906999999999994405e-06
1.831904999806146893e-06
1.505931262940001236e-01
-1.396381462960837524e-20
-5.720999999799268381e-06
-1.572096509013337362e-01
3.503102168960993504e-22
3.663811000064593949e-06
-1.397176393444656025e-20
1.503558090910001310e-01
1.906999999999994405e-06
3.503102168960993504e-22
-1.572096509986670165e-01
1.494515251400005129e-01
-5.689343333256467875e-07
-1.759599999999994925e-07
-1.341528012669998271e-01
2.086949999794064622e-07
3.635630000067725953e-07
-5.177309999923141742e-07
2.392136253866672391e-02
-1.077444253889838195e-23
1.873739999794065322e-07
-2.204857413399998606e-02
-9.140138312331566232e-20
-1.709646666666660976e-07
-1.046856659003134141e-23
2.405721615133339306e-02
3.732960000067724880e-07
-9.140090073494164574e-20
-2.354217531399998772e-02
-1.341528012669998271e-01
1.873739999794065322e-07
3.732960000067724880e-07
1.494515251400005129e-01
-5.689343333102737748e-07
1.759599999999994925e-07
2.086949999794064622e-07
-2.204857413399998606e-02
-9.140090073494164574e-20
-5.177309999769411615e-07
2.392136253866672391e-02
3.232332761669514291e-23
3.635630000067725953e-07
-9.140138312331566232e-20
-2.354217531399998772e-02
1.709646666666660976e-07
3.140569977009401983e-23
2.405721615133339306e-02
-7.895560840000034192e-03
1.971683333310569770e-07
6.594700000000021326e-08
9.425403987999989713e-03
-6.492099999287227346e-08
-1.305320000023416958e-07
1.952799999977236112e-07
2.927621836533338129e-02
4.038089123168538383e-24
-6.714399999287220012e-08
-2.937655195200001776e-02
3.418935721438347741e-20
6.577600000000021788e-08
4.027618393035828238e-24
2.922330795600006428e-02
-1.312200000023417613e-07
3.418909471134198681e-20
-2.881787292400001671e-02
9.425403987999989713e-03
-6.714399999287220012e-08
-1.312200000023417613e-07
-7.895560840000034192e-03
1.971683333265047572e-07
-6.594700000000021326e-08
-6.492099999287227346e-08
-2.937655195200001776e-02
3.418909471134198681e-20
1.952799999931713914e-07
2.927621836533338129e-02
-1.211426736950561294e-23
-1.305320000023416958e-07
3.418935721438347741e-20
-2.881787292400001671e-02
-6.577600000000021788e-08
-1.208285517910748545e-23
2.922330795600006428e-02
1.021459958427997750e+00
-6.151469999924594492e-06
-2.060397666666663638e-06
-9.840634791079995169e-01
1.946906999785709060e-06
3.893883000072488505e-06
-6.638970999924594723e-06
-2.102815171426671015e-01
-1.261629703727002413e-22
1.995585999785708751e-06
1.824654879909999028e-01
1.066735581925782553e-18
-2.156745999999996223e-06
-1.320626042736926431e-22
-2.031920198933329647e-01
4.266336000072486818e-06
1.066806981161002631e-18
1.998769160429997860e-01
-9.840634791079995169e-01
1.995585999785708751e-06
4.266336000072486818e-06
1.021459958427997750e+00
-6.151469999773749783e-06
2.060397666666663638e-06
1.946906999785709060e-06
1.824654879909999028e-01
1.066806981161002631e-18
-6.638970999773750013e-06
-2.102815171426671015e-01
3.784889111181006769e-22
3.893883000072488505e-06
1.066735581925782553e-18
1.998769160429997860e-01
2.156745999999996223e-06
3.961878128210778822e-22
-2.031920198933329647e-01
6.304847412866682044e-02
-1.478709999980451682e-07
-6.018599999999983497e-08
-6.430697539500000726e-02
8.839699999392957365e-08
1.807310000020697570e-07
-1.483479999980453914e-07
3.112452179866666627e-02
-3.685329612674120202e-24
9.626499999392954854e-08
-3.126117087299997571e-02
4.633593946144374550e-20
-7.107099999999972366e-08
-4.351843633110059724e-24
3.140698104266666235e-02
1.803000000020698241e-07
4.633634206407893600e-20
-3.050489348299997155e-02
-6.430697539500000726e-02
9.626499999392954854e-08
1.803000000020698241e-07
6.304847412866682044e-02
-1.478709999941356082e-07
6.018599999999983497e-08
8.839699999392957365e-08
-3.126117087299997571e-02
4.633634206407893600e-20
-1.483479999941358314e-07
3.112452179866666627e-02
1.105598883802235914e-23
1.807310000020697570e-07
4.633593946144374550e-20
-3.050489348299997155e-02
7.107099999999972366e-08
1.305553089933017991e-23
3.140698104266666235e-02
-9.161637928000031239e-03
1.968249999976323483e-07
6.594700000000021326e-08
8.475846171999991061e-03
-6.714399999300072414e-08
-1.329400000023220858e-07
1.976833333309657373e-07
2.950212255466672789e-02
4.038089123168538383e-24
-6.509199999300075315e-08
-2.962643467200002170e-02
1.096174222472502961e-20
6.708700000000022214e-08
4.107893990719937630e-24
2.962062591200007033e-02
-1.329400000023220858e-07
1.096186787348632686e-20
-2.944708210800000073e-02
8.475846171999991061e-03
-6.509199999300075315e-08
-1.329400000023220858e-07
-9.161637928000031239e-03
1.968249999928974076e-07
-6.594700000000021326e-08
-6.714399999300072414e-08
-2.962643467200002170e-02
1.096186787348632686e-20
1.976833333262307966e-07
2.950212255466672789e-02
-1.211426736950561294e-23
-1.329400000023220858e-07
1.096174222472502961e-20
-2.944708210800000073e-02
-6.708700000000022214e-08
-1.232368197215981289e-23
2.962062591200007033e-02
1.649395382600000737e-01
-7.215656666576531854e-07
-2.678633333333327018e-07
-1.683090738920000606e-01
2.490229999719303530e-07
4.607430000092745990e-07
-6.462966666576533602e-07
1.773757641533328308e-02
-1.640189868878032200e-23
2.233309999719303636e-07
-1.550716157400001613e-02
-8.154420685405090772e-20
-2.088829999999991580e-07
-1.279039486731477706e-23
1.722282795133327216e-02
4.584180000092736831e-07
-8.154620713090025436e-20
-1.684003843200002071e-02
-1.683090738920000606e-01
2.233309999719303636e-07
4.584180000092736831e-07
1.649395382600000737e-01
-7.215656666396261008e-07
2.678633333333327018e-07
2.490229999719303530e-07
-1.550716157400001613e-02
-8.154620713090025436e-20
-6.462966666396262757e-07
1.773757641533328308e-02
4.920569606634095718e-23
4.607430000092745990e-07
-8.154420685405090772e-20
-1.684003843200002071e-02
2.088829999999991580e-07
3.837118460194432823e-23
1.722282795133327216e-02
7.732144899833361118e-02
-2.262703333301736455e-07
-1.066846666666661864e-07
-8.598546846100010854e-02
1.155179999888875787e-07
2.215250000036507584e-07
-1.882626666635074857e-07
2.571327886399994711e-02
-6.532551777571753611e-24
7.332199998888753625e-08
-2.549220427999998595e-02
-5.335902243264093180e-20
-7.150399999999967202e-08
-4.378357236311597217e-24
2.636102944999994466e-02
1.673250000036505510e-07
-5.337156257093478187e-20
-2.636421449999997585e-02
-8.598546846100010854e-02
7.332199998888753625e-08
1.673250000036505510e-07
7.732144899833361118e-02
-2.262703333238534827e-07
1.066846666666661864e-07
1.155179999888875787e-07
-2.549220427999998595e-02
-5.337156257093478187e-20
-1.882626666571873229e-07
2.571327886399994711e-02
1.959765533271525863e-23
2.215250000036507584e-07
-5.335902243264093180e-20
-2.636421449999997585e-02
7.150399999999967202e-08
1.313507170893479018e-23
2.636102944999994466e-02
5.157252291633362962e-02
-3.899256666637378760e-07
-1.677099999999993226e-07
-6.215072783600012613e-02
1.209849999897565074e-07
2.317250000034286492e-07
-5.140633333304062238e-07
3.774701854999997983e-03
-1.026927573425008889e-23
1.351939999897564727e-07
-6.386488128999999979e-03
1.374460426091850853e-20
-2.147159999999983342e-07
-1.314756310628605255e-23
-2.854112209999975103e-03
2.770560000034285936e-07
1.375380148084480489e-20
-6.162581688000001029e-03
-6.215072783600012613e-02
1.351939999897564727e-07
2.770560000034285936e-07
5.157252291633362962e-02
-3.899256666578843489e-07
1.677099999999993226e-07
1.209849999897565074e-07
-6.386488128999999979e-03
1.375380148084480489e-20
-5.140633333245526967e-07
3.774701854999997983e-03
3.080782720275026227e-23
2.317250000034286492e-07
1.374460426091850853e-20
-6.162581688000001029e-03
2.147159999999983342e-07
3.944268931885815765e-23
-2.854112209999975103e-03
3.592608817987945624e+00
-2.229611370244842836e-05
7.013061333329240917e-06
-3.172847381951998447e+00
6.109514999366754679e-06
1.235643500021122279e-05
-2.221145870244842536e-05
-3.409454489902830621e-01
-5.948358469569088253e-11
6.147424999366755473e-06
2.743932288289997468e-01
-3.699999984733975461e-11
6.989545333329238075e-06
-5.948196315309152466e-11
-3.413861970761672970e-01
1.222440800021122081e-05
-3.699999984736168782e-11
2.768554380729997266e-01
-3.172847381951998447e+00
6.147424999366755473e-06
1.222440800021122081e-05
3.592608817987945624e+00
-2.229611370293014955e-05
-7.013061333329240917e-06
6.109514999366754679e-06
2.743932288289997468e-01
-3.699999984736168782e-11
-2.221145870293014655e-05
-3.409454489902830621e-01
5.948358469654972865e-11
1.235643500021122279e-05
-3.699999984733975461e-11
2.768554380729997266e-01
-6.989545333329238075e-06
5.948196315394750149e-11
-3.413861970761672970e-01
-6.647341661139061220e-02
-2.325610225323886711e-06
2.932676666257357782e-07
7.869068999600012382e-02
-2.517059999668516476e-07
-5.257350000109233525e-07
-9.820125586572235625e-07
1.085022143393903904e-01
4.140207353103458743e-11
-2.849779999668517354e-07
-1.017623104660000943e-01
1.267737322455500926e-19
2.883461666235333250e-07
4.361941293897881911e-11
1.081373399459994722e-01
-5.201990000109232161e-07
1.267727118698376483e-19
-9.969064607400007771e-02
7.869068999600012382e-02
-2.849779999668517354e-07
-5.201990000109232161e-07
-6.647341661139061220e-02
-2.325610196711099777e-06
-2.932676666257357782e-07
-2.517059999668516476e-07
-1.017623104660000943e-01
1.267727118698376483e-19
-9.820125300444368399e-07
1.085022143393903904e-01
-4.140207348307816457e-11
-5.257350000109233525e-07
1.267737322455500926e-19
-9.969064607400007771e-02
-2.883461666235333250e-07
-4.361941289182718482e-11
1.081373399459994722e-01
-1.552290571826460408e-01
9.676343137979780050e-07
3.313986666666513994e-07
1.585946319959997963e-01
-2.827899999586593987e-07
-4.366490000138986009e-07
9.984769804646443518e-07
6.119495119506342812e-02
1.053314654303039834e-13
-2.760969999586594591e-07
-6.645466756400003616e-02
-1.179790304538671670e-19
2.829963333333199241e-07
8.994730968964695109e-14
6.470594644608332335e-02
-6.925040000138991142e-07
-1.180256204268355100e-19
-6.838037749900002793e-02
1.585946319959997963e-01
-2.760969999586594591e-07
-6.925040000138991142e-07
-1.552290571826460408e-01
9.676348458451080010e-07
-3.313986666666513994e-07
-2.827899999586593987e-07
-6.645466756400003616e-02
-1.180256204268355100e-19
9.984775125117743478e-07
6.119495119506341424e-02
-1.053306507346018916e-13
-4.366490000138986009e-07
-1.179790304538671670e-19
-6.838037749900002793e-02
-2.829963333333199241e-07
-8.994661398408242944e-14
6.470594644608332335e-02
-1.543103216727298721e-01
1.000437958758716244e-06
3.547728333332256197e-07
1.530456823299997937e-01
-3.396269999621267228e-07
-6.139430000127315211e-07
1.038336625425381698e-06
5.804282557023049405e-02
2.783950203340088248e-13
-3.347949999621268553e-07
-5.312859311399999868e-02
-1.060430024045407652e-19
3.353261666665647307e-07
2.631349590964317784e-13
5.921438191216651936e-02
-7.041820000127310098e-07
-1.060592831652501821e-19
-5.485889973399998842e-02
1.530456823299997937e-01
-3.347949999621268553e-07
-7.041820000127310098e-07
-1.543103216727298721e-01
1.000438514417506497e-06
-3.547728333332256197e-07
-3.396269999621267228e-07
-5.312859311399999868e-02
-1.060592831652501821e-19
1.038337181084171951e-06
5.804282557023049405e-02
-2.783940920094421815e-13
-6.139430000127315211e-07
-1.060430024045407652e-19
-5.485889973399998842e-02
-3.353261666665647307e-07
-2.631340816574367306e-13
5.921438191216651936e-02
-1.047228485451665442e-01
5.850573333253633936e-07
1.638215000000001412e-07
1.077523551969999382e-01
-2.193509999750796454e-07
-4.524250000083484127e-07
4.845646666586956258e-07
2.542402562783329170e-02
1.003117378032591537e-23
-1.902579999750797170e-07
-2.790780729649998057e-02
-4.172315261956615896e-20
1.756350000000002092e-07
1.075454202841228214e-23
2.623122913866655914e-02
-4.078250000083486089e-07
-4.171317830001349636e-20
-2.858803107149998982e-02
1.077523551969999382e-01
-1.902579999750797170e-07
-4.078250000083486089e-07
-1.047228485451665442e-01
5.850573333094249864e-07
-1.638215000000001412e-07
-2.193509999750796454e-07
-2.790780729649998057e-02
-4.171317830001349636e-20
4.845646666427572185e-07
2.542402562783329170e-02
-3.009352134097774169e-23
-4.524250000083484127e-07
-4.172315261956615896e-20
-2.858803107149998982e-02
-1.756350000000002092e-07
-3.226362608523684053e-23
2.623122913866655914e-02
3.502241522931620388e+00
-1.963354917396371990e-05
6.335944999996610546e-06
-3.009258713239999494e+00
6.035211999398866386e-06
1.207065700020027436e-05
-1.999276450729705904e-05
-2.925283108766196238e-01
-4.943689423050893787e-11
6.035589999398866233e-06
2.631896534479997163e-01
-3.500000007872769867e-11
6.367728333330151637e-06
-4.643908584596012482e-11
-2.926038329148344386e-01
1.207065700020027436e-05
-3.500000007872767282e-11
2.618737564719997302e-01
-3.009258713239999494e+00
6.035589999398866233e-06
1.207065700020027436e-05
3.502241522931620388e+00
-1.963354917442844622e-05
-6.335944999996610546e-06
6.035211999398866386e-06
2.631896534479997163e-01
-3.500000007872767282e-11
-1.999276450776178197e-05
-2.925283108766196238e-01
4.943689423128486559e-11
1.207065700020027436e-05
-3.500000007872769867e-11
2.618737564719997302e-01
-6.367728333330151637e-06
4.643908584673994288e-11
-2.926038329148344386e-01
8.096721435551760271e-01
-2.591587316046259218e-05
1.332445666435470013e-06
-8.139877705900004923e-01
1.324449999862359983e-06
2.632258000045481737e-06
-2.630396532712926926e-05
5.627151949465569042e-02
-3.121550752939515213e-10
1.307582999862360895e-06
-6.470978470400001736e-02
-3.986968493438887002e-19
1.351357833130196931e-06
-2.743357710119914057e-10
5.903178943766679287e-02
2.549224000045483456e-06
-3.987131352481147852e-19
-7.122758757100006166e-02
-8.139877705900004923e-01
1.307582999862360895e-06
2.549224000045483456e-06
8.096721435551760271e-01
-2.591587316088943242e-05
-1.332445666435470013e-06
1.324449999862359983e-06
-6.470978470400001736e-02
-3.987131352481147852e-19
-2.630396532755610949e-05
5.627151949465569042e-02
3.121550752947064271e-10
2.632258000045481737e-06
-3.986968493438887002e-19
-7.122758757100006166e-02
-1.351357833130196931e-06
2.743357710127570648e-10
5.903178943766679287e-02
-1.396108363410994702e-01
9.831156215738709381e-07
3.349951666649509958e-07
1.372062174830000203e-01
-3.357239999579417395e-07
-7.264130000138759691e-07
1.044433621573870958e-06
9.146970267026653667e-02
2.123989737511782043e-12
-4.013779999579419117e-07
-9.174990115299996862e-02
1.437554365731957098e-19
3.471431666648017168e-07
2.301196538333460349e-12
9.183905428166665164e-02
-7.973920000138760649e-07
1.437383777943743667e-19
-8.940041884899997682e-02
1.372062174830000203e-01
-4.013779999579419117e-07
-7.973920000138760649e-07
-1.396108363410994702e-01
9.831157955384158289e-07
-3.349951666649509958e-07
-3.357239999579417395e-07
-9.174990115299996862e-02
1.437383777943743667e-19
1.044433795538415849e-06
9.146970267026653667e-02
-2.123989485317105732e-12
-7.264130000138759691e-07
1.437554365731957098e-19
-8.940041884899997682e-02
-3.471431666648017168e-07
-2.301196276993396022e-12
9.183905428166665164e-02
-1.366479146485963525e-01
5.322807348925130726e-07
2.525513333320989999e-07
1.408478717959997517e-01
-3.265479999669628764e-07
-6.448100000109694091e-07
5.912494015591797070e-07
4.175896867443004701e-02
1.274179050422164617e-12
-3.155999999669630089e-07
-3.899770861800003208e-02
4.308588661168081079e-20
2.386268333310215475e-07
2.259062099197355177e-12
3.987950348466669237e-02
-6.414040000109699409e-07
4.308718265538857419e-20
-3.829244386100000286e-02
1.408478717959997517e-01
-3.155999999669630089e-07
-6.414040000109699409e-07
-1.366479146485963525e-01
5.322807347914357839e-07
-2.525513333320989999e-07
-3.265479999669628764e-07
-3.899770861800003208e-02
4.308718265538857419e-20
5.912494014581025243e-07
4.175896867443003313e-02
-1.274179050565248486e-12
-6.448100000109694091e-07
4.308588661168081079e-20
-3.829244386100000286e-02
-2.386268333310215475e-07
-2.259062099332550336e-12
3.987950348466669237e-02
-8.950273450162953004e-02
1.848548049139191954e-06
5.576258333324948123e-07
7.075954698600014914e-02
4.059170000167768584e-07
8.212049999943759135e-07
1.821343882472525564e-06
2.107780095846264676e-02
1.391242793201027767e-12
3.837450000167766517e-07
-2.056686741500000568e-02
-3.100651775708142233e-20
5.535373333317941137e-07
2.388374209888488477e-12
2.045348591033340283e-02
8.244949999943760971e-07
-3.100727103732771201e-20
-2.107532214799998777e-02
7.075954698600014914e-02
3.837450000167766517e-07
8.244949999943760971e-07
-8.950273450162953004e-02
1.848548049174756962e-06
-5.576258333324948123e-07
4.059170000167768584e-07
-2.056686741500000568e-02
-3.100727103732771201e-20
1.821343882508090995e-06
2.107780095846264676e-02
-1.391242793021681642e-12
8.212049999943759135e-07
-3.100651775708142233e-20
-2.107532214799998777e-02
-5.535373333317941137e-07
-2.388374209710457238e-12
2.045348591033340283e-02
1.377877390430003013e+00
-1.199920666641568869e-05
2.465967333333316953e-06
-1.424293049335000116e+00
2.543265999740775921e-06
5.120252000086529785e-06
-1.111749866641568978e-05
1.190845285733327548e-02
-5.199999999954702306e-11
2.487510999740775723e-06
-1.316614597499998242e-02
1.260291539109388113e-19
2.452048999999984610e-06
-4.999999999954958259e-11
1.302032210749994208e-02
4.986956000086531527e-06
1.260012538238636178e-19
-1.112080694200000275e-02
-1.424293049335000116e+00
2.487510999740775723e-06
4.986956000086531527e-06
1.377877390430003013e+00
-1.199920666658297092e-05
-2.465967333333316953e-06
2.543265999740775921e-06
-1.316614597499998242e-02
1.260012538238636178e-19
-1.111749866658297201e-05
1.190845285733327548e-02
5.199999999984901507e-11
5.120252000086529785e-06
1.260291539109388113e-19
-1.112080694200000275e-02
-2.452048999999984610e-06
4.999999999984986854e-11
1.302032210749994208e-02
1.450027689296197630e+00
-8.490060035673062768e-06
2.602709333332734824e-06
-1.480302653057000040e+00
2.648906999729654338e-06
5.331262000090192390e-06
-8.127645035673070067e-06
7.291158566472312474e-03
-8.512802803384864100e-12
2.599028999729654372e-06
-8.635207331000016237e-03
8.399753131607060111e-20
2.585270666665953974e-06
-1.017826698915018724e-11
7.898221750166639285e-03
5.198246000090193391e-06
8.397004252662290698e-20
-7.276818299000013986e-03
-1.480302653057000040e+00
2.599028999729654372e-06
5.198246000090193391e-06
1.450027689296197630e+00
-8.490060035849747065e-06
-2.602709333332734824e-06
2.648906999729654338e-06
-8.635207331000016237e-03
8.397004252662290698e-20
-8.127645035849752670e-06
7.291158566472312474e-03
8.512802803703604901e-12
5.331262000090192390e-06
8.399753131607060111e-20
-7.276818299000013986e-03
-2.585270666665953974e-06
1.017826698946679223e-11
7.898221750166639285e-03
1.757646991563093647e-02
-3.098702330410555279e-05
1.318119995230856588e-07
-5.988799812599997219e-02
-6.893199999029955182e-08
-1.162550000032902774e-07
-2.988724163743882836e-05
1.128296440497021103e-01
3.208626455108533169e-10
-1.147419999902996689e-07
-1.126943581389999033e-01
-5.694667623728634598e-20
1.293843328564217539e-07
3.208590360420017533e-10
1.135345741679999049e-01
-2.317350000032904882e-07
-5.697069462263470722e-20
-1.136241339159999308e-01
-5.988799812599997219e-02
-1.147419999902996689e-07
-2.317350000032904882e-07
1.757646991563093647e-02
-3.098702330409606602e-05
-1.318119995230856588e-07
-6.893199999029955182e-08
-1.126943581389999033e-01
-5.697069462263470722e-20
-2.988724163742934159e-05
1.128296440497021103e-01
-3.208626455108401854e-10
-1.162550000032902774e-07
-5.694667623728634598e-20
-1.136241339159999308e-01
-1.293843328564217539e-07
-3.208590360419888803e-10
1.135345741679999049e-01
-1.339448252664567629e-01
2.774604529045210696e-07
1.160199999973986321e-07
1.350069025769998210e-01
-3.280179999682110581e-07
-6.494540000108111976e-07
2.624161195711875560e-07
3.940415032545710461e-02
2.459288928221107848e-12
-3.487269999682109029e-07
-3.804422176800002081e-02
-2.146964837248550502e-19
1.480633333325228052e-07
8.274096871047369412e-13
4.002804014183337228e-02
-6.846520000108113518e-07
-2.147042175530887428e-19
-4.154888179700001044e-02
1.350069025769998210e-01
-3.487269999682109029e-07
-6.846520000108113518e-07
-1.339448252664567074e-01
2.774604528063093993e-07
-1.160199999973986188e-07
-3.280179999682110581e-07
-3.804422176800002081e-02
-2.147042175530887428e-19
2.624161194729759916e-07
3.940415032545709073e-02
-2.459288928286838818e-12
-6.494540000108111976e-07
-2.146964837248550502e-19
-4.154888179700001044e-02
-1.480633333325227787e-07
-8.274096871886228700e-13
4.002804014183337228e-02
-7.898601336204282009e-02
7.462452311780897496e-07
2.607308333317074561e-07
8.492584367999997386e-02
-4.648719999809970890e-07
-9.313230000063980444e-07
7.413062311780897873e-07
1.687313621320947477e-02
2.508526556986144950e-12
-5.019219999809973315e-07
-1.852145174749999720e-02
-6.364445480965075912e-20
2.629636666661600505e-07
8.433602010600393942e-13
1.647765568133332040e-02
-1.012739000006398355e-06
-6.366167934441622213e-20
-1.955855252550001144e-02
8.492584367999997386e-02
-5.019219999809973315e-07
-1.012739000006398355e-06
-7.898601336204282009e-02
7.462451446215119231e-07
-2.607308333317074561e-07
-4.648719999809970890e-07
-1.852145174749999720e-02
-6.366167934441622213e-20
7.413061446215119607e-07
1.687313621320947477e-02
-2.508526792414570601e-12
-9.313230000063980444e-07
-6.364445480965075912e-20
-1.955855252550001144e-02
-2.629636666661600505e-07
-8.433604385046148962e-13
1.647765568133332040e-02
3.441285817691347226e+00
-2.059785149174094977e-05
6.730716999996964695e-06
-3.220219190724999514e+00
5.747239999364726188e-06
1.146145500021159445e-05
-2.053081982507428419e-05
-3.192440017996819868e-01
-4.424189345815201336e-11
5.737148999364726525e-06
2.380455571169998175e-01
-3.200000014648129106e-11
6.687173666663143030e-06
-5.127592797052842523e-11
-3.194933589401673379e-01
1.144127200021159234e-05
-3.200000014648561437e-11
2.356246891589998116e-01
-3.220219190724999514e+00
5.737148999364726525e-06
1.144127200021159234e-05
3.441285817691347226e+00
-2.059785149220148159e-05
-6.730716999996964695e-06
5.747239999364726188e-06
2.380455571169998175e-01
-3.200000014648561437e-11
-2.053081982553481600e-05
-3.192440017996819868e-01
4.424189345897629237e-11
1.146145500021159445e-05
-3.200000014648129106e-11
2.356246891589998116e-01
-6.687173666663143030e-06
5.127592797134736635e-11
-3.194933589401673379e-01
-1.573276069836353763e-01
1.178093667617285634e-06
4.088476666643865599e-07
1.432302798949998124e-01
-3.615009999618513059e-07
-6.658900000125344886e-07
1.159195167617285420e-06
6.249041932896953061e-02
3.068303017794802371e-12
-3.443609999618512464e-07
-6.444302233099996613e-02
1.821997760027779552e-19
4.020764999990059213e-07
1.426625955755470029e-12
6.263272458333339621e-02
-6.987160000125341765e-07
1.821947954867105105e-19
-6.146582086999997918e-02
1.432302798949998124e-01
-3.443609999618512464e-07
-6.987160000125341765e-07
-1.573276069836353763e-01
1.178094242809224856e-06
-4.088476666643865599e-07
-3.615009999618513059e-07
-6.444302233099996613e-02
1.821947954867105105e-19
1.159195742809224642e-06
6.249041932896952367e-02
-3.068301947974068352e-12
-6.658900000125344886e-07
1.821997760027779552e-19
-6.146582086999997918e-02
-4.020764999990059213e-07
-1.426624903652666446e-12
6.263272458333339621e-02
-1.484160497488811181e-01
9.938378928330708140e-07
3.644323333315828866e-07
1.483483306709997562e-01
1.333000000339916530e-07
1.180669999886196303e-07
9.935960594997381109e-07
4.173356439254839734e-02
1.809782608260911692e-12
9.160700003399173094e-08
-3.669386931200002006e-02
-4.991824560090912671e-20
3.744788333319060528e-07
1.517659156498274278e-12
4.068472436666669551e-02
2.824369999886194273e-07
-4.989060428170275543e-20
-3.750935872300002055e-02
1.483483306709997562e-01
9.160700003399173094e-08
2.824369999886194273e-07
-1.484160497488811181e-01
9.938378927253405051e-07
-3.644323333315828866e-07
1.333000000339916530e-07
-3.669386931200002006e-02
-4.989060428170275543e-20
9.935960593920080137e-07
4.173356439254838346e-02
-1.809782608467382112e-12
1.180669999886196303e-07
-4.991824560090912671e-20
-3.750935872300002055e-02
-3.744788333319059999e-07
-1.517659156710436411e-12
4.068472436666669551e-02
-1.372409169215392521e-01
9.622640286112196519e-07
3.627134999983002570e-07
1.213300616349999028e-01
4.620630000278940917e-07
9.140629999906719410e-07
9.416736952778876847e-07
3.476086211287305466e-02
1.797794427027083524e-12
5.169470000278942806e-07
-3.051474062000002554e-02
-2.939188518513230590e-20
3.742058333319478567e-07
1.506919911714884182e-12
3.481906378950011538e-02
1.000501999990671885e-06
-2.937264592268525008e-20
-3.099697177400002890e-02
1.213300616349999028e-01
5.169470000278942806e-07
1.000501999990671885e-06
-1.372409169215392521e-01
9.622640286665393737e-07
-3.627134999983002570e-07
4.620630000278940917e-07
-3.051474062000002554e-02
-2.937264592268525008e-20
9.416736953332076183e-07
3.476086211287305466e-02
-1.797794426910426016e-12
9.140629999906719410e-07
-2.939188518513230590e-20
-3.099697177400002890e-02
-3.742058333319478567e-07
-1.506919911594530413e-12
3.481906378950011538e-02
-9.029096053081164808e-02
1.879283955468572992e-06
5.646449999988698840e-07
8.978348022100009207e-02
4.662710000202872134e-07
8.201879999932759203e-07
1.812182955468572794e-06
2.092799095431143591e-02
1.810309012128008057e-12
4.512390000202872148e-07
-2.065154064000000039e-02
3.934182171387154667e-20
5.805101666657447303e-07
1.518410065914886947e-12
2.139676453083341062e-02
8.802869999932760669e-07
3.935194127653451706e-20
-2.001104925800000281e-02
8.978348022100009207e-02
4.512390000202872148e-07
8.802869999932760669e-07
-9.029096053081164808e-02
1.879283955504343829e-06
-5.646449999988698840e-07
4.662710000202872134e-07
-2.065154064000000039e-02
3.935194127653451706e-20
1.812182955504343631e-06
2.092799095431143591e-02
-1.810309011946404350e-12
8.201879999932759203e-07
3.934182171387154667e-20
-2.001104925800000281e-02
-5.805101666657447303e-07
-1.518410065728180812e-12
2.139676453083341062e-02
8.289980536114777143e-01
-2.705589145748737200e-05
1.382933333117329551e-06
-7.877293913440004403e-01
1.163030999868778007e-06
2.229940000043691093e-06
-2.544469279082071223e-05
5.788336742693751119e-02
-2.916925270614533362e-10
1.106278999868777394e-06
-7.338417982000004780e-02
-5.233428244578688625e-20
1.365785833120054931e-06
-2.880131403737302812e-10
5.925540292091680677e-02
2.205718000043690785e-06
-5.234220701275919403e-20
-7.424444705400004563e-02
-7.877293913440004403e-01
1.106278999868777394e-06
2.205718000043690785e-06
8.289980536114777143e-01
-2.705589145792425127e-05
-1.382933333117329551e-06
1.163030999868778007e-06
-7.338417982000004780e-02
-5.234220701275919403e-20
-2.544469279125759149e-05
5.788336742693751119e-02
2.916925270622368314e-10
2.229940000043691093e-06
-5.233428244578688625e-20
-7.424444705400004563e-02
-1.365785833120054931e-06
2.880131403745041086e-10
5.925540292091680677e-02
-1.099541397982632118e-01
9.209828754891284718e-07
3.064883333331069047e-07
1.335943647329998762e-01
-4.303289999618832410e-07
-6.719000000127273860e-07
8.980908754891281368e-07
7.173145170468013532e-02
7.640806533069678047e-13
-3.624239999618836663e-07
-7.390076266900004465e-02
-2.129566810445235024e-20
2.496344999996173109e-07
1.246010280119974570e-12
7.073245847358339278e-02
-6.084400000127273193e-07
-2.127985270952643894e-20
-7.424689404600001708e-02
1.335943647329998762e-01
-3.624239999618836663e-07
-6.084400000127273193e-07
-1.099541397982632118e-01
9.209833221368836071e-07
-3.064883333331069047e-07
-4.303289999618832410e-07
-7.390076266900004465e-02
-2.127985270952643894e-20
8.980913221368832721e-07
7.173145170468012144e-02
-7.640798998497181398e-13
-6.719000000127273860e-07
-2.129566810445235024e-20
-7.424689404600001708e-02
-2.496344999996173109e-07
-1.246009666429653237e-12
7.073245847358339278e-02
-7.446799931067875356e-02
9.052707717736500329e-07
2.797764999993913445e-07
9.973716857799995450e-02
-3.299909999700220548e-07
-5.877230000101200333e-07
9.137507717736500136e-07
6.299095777026224308e-02
8.862110541965410134e-13
-2.992819999700221998e-07
-6.345642518400002041e-02
-1.267968853567054943e-19
2.501598333323415174e-07
1.362970456991061193e-12
6.108755363541687466e-02
-5.479170000101201598e-07
-1.267876927292047107e-19
-6.552571158100001236e-02
9.973716857799995450e-02
-2.992819999700221998e-07
-5.479170000101201598e-07
-7.446799931067875356e-02
9.052711314588197802e-07
-2.797764999993913445e-07
-3.299909999700220548e-07
-6.345642518400002041e-02
-1.267876927292047107e-19
9.137511314588196550e-07
6.299095777026222920e-02
-8.862103221128701652e-13
-5.877230000101200333e-07
-1.267968853567054943e-19
-6.552571158100001236e-02
-2.501598333323415174e-07
-1.362969802404528498e-12
6.108755363541687466e-02
-8.791949453087487265e-02
7.056382086376387484e-07
3.209618333293381248e-07
1.193693307489998856e-01
-3.699089999680221576e-07
-7.379190000107139659e-07
4.148432086376387971e-07
5.300092438495818126e-02
4.308709136844029650e-12
-3.580299999680222138e-07
-5.471043558199997769e-02
-5.484598441237111943e-20
3.030298333320716013e-07
1.458128356410807898e-12
5.074871032875021698e-02
-6.955960000107144941e-07
-5.483748242443284804e-20
-5.560428275399999926e-02
1.193693307489998856e-01
-3.580299999680222138e-07
-6.955960000107144941e-07
-8.791949453087487265e-02
7.056382086516715433e-07
-3.209618333293381248e-07
-3.699089999680221576e-07
-5.471043558199997769e-02
-5.483748242443284804e-20
4.148432086516716978e-07
5.300092438495818126e-02
-4.308709136812067682e-12
-7.379190000107139659e-07
-5.484598441237111943e-20
-5.560428275399999926e-02
-3.030298333320716013e-07
-1.458128356380631961e-12
5.074871032875021698e-02
-1.074232985409998564e-01
6.060189999918693259e-07
1.691696666666668151e-07
1.080285285019998986e-01
-2.350619999751778227e-07
-4.806840000083845589e-07
6.008713333252022309e-07
2.535449141983329990e-02
6.666666666770253267e-13
-2.211019999751778750e-07
-2.709648594899997237e-02
-1.108175326966801716e-19
1.746785000000001966e-07
3.333333333440293381e-13
2.526055123799988630e-02
-4.314560000083845896e-07
-1.108076348563201970e-19
-2.890505264999998492e-02
1.080285285019998986e-01
-2.211019999751778750e-07
-4.314560000083845896e-07
-1.074232985409998564e-01
6.060189999756087286e-07
-1.691696666666668151e-07
-2.350619999751778227e-07
-2.709648594899997237e-02
-1.108076348563201970e-19
6.008713333089416335e-07
2.535449141983329990e-02
-6.666666666977426064e-13
-4.806840000083845589e-07
-1.108175326966801716e-19
-2.890505264999998492e-02
-1.746785000000001966e-07
-3.333333333654212768e-13
2.526055123799988630e-02
3.378644619393351256e+00
-1.955773333263769316e-05
6.529059000000007007e-06
-3.348356329977999479e+00
6.745579999306553320e-06
1.349138000023115147e-05
-1.955773333263769316e-05
-4.084712702786666427e-01
3.232600000000108634e-08
6.745579999306553320e-06
4.265730357200003819e-01
2.206000000000205174e-08
6.529059000000007007e-06
3.232600000000108634e-08
-4.084713074983331027e-01
1.349138000023115147e-05
2.206000000000205174e-08
4.265730187600003109e-01
-3.348356329977999479e+00
6.745579999306553320e-06
1.349138000023115147e-05
3.378644619393351256e+00
-1.955773333310148097e-05
-6.529059000000007007e-06
6.745579999306553320e-06
4.265730357200003819e-01
2.206000000000205174e-08
-1.955773333310148097e-05
-4.084712702786666427e-01
-3.232600000000028562e-08
1.349138000023115147e-05
2.206000000000205174e-08
4.265730187600003109e-01
-6.529059000000007007e-06
-3.232600000000028562e-08
-4.084713074983331027e-01
8.765909990715366196e-02
-3.418501243575101941e-08
1.656900466620392226e-08
-8.793045003900003265e-02
1.366799999488886625e-08
3.781400000160363552e-08
-2.316801243575097773e-08
6.168245715051257766e-02
1.901266260020136014e-08
1.077799999488887478e-08
-6.010675318399995998e-02
7.371999999899956413e-09
1.609167132673496597e-08
1.898766271735140147e-08
6.265155729166679843e-02
3.930100000160367392e-08
7.371999999899960548e-09
-6.174073804599997800e-02
-8.793045003900003265e-02
1.077799999488887478e-08
3.930100000160367392e-08
8.765909990715366196e-02
-3.418501242739630332e-08
-1.656900466620391895e-08
1.366799999488886625e-08
-6.010675318399995998e-02
7.371999999899960548e-09
-2.316801242739625172e-08
6.168245715051259154e-02
-1.901266260020136345e-08
3.781400000160363552e-08
7.371999999899956413e-09
-6.174073804599997800e-02
-1.609167132673495935e-08
-1.898766271735141140e-08
6.265155729166679843e-02
-3.797200002316662715e-02
4.885189999831030246e-07
-1.681081666666672393e-07
3.270906844200001384e-02
-1.471559999832735057e-07
-2.898670000056603614e-07
4.973346666497698320e-07
5.400335706566689736e-02
4.759333333333295185e-09
-1.463689999832734603e-07
-5.834662533699999654e-02
5.716999999915313256e-09
-1.613693333333338659e-07
5.230666666666631647e-09
5.404613367533367407e-02
-2.959360000056604933e-07
5.612999999915313615e-09
-5.972903991699993892e-02
3.270906844200001384e-02
-1.463689999832734603e-07
-2.959360000056604933e-07
-3.797200002316662715e-02
4.885189999943667629e-07
1.681081666666672393e-07
-1.471559999832735057e-07
-5.834662533699999654e-02
5.612999999915313615e-09
4.973346666610335702e-07
5.400335706566689736e-02
-4.759333333333315864e-09
-2.898670000056603614e-07
5.716999999915313256e-09
-5.972903991699993892e-02
1.613693333333338659e-07
-5.230666666666651499e-09
5.404613367533367407e-02
-7.376318068466657107e-02
6.770809999923042290e-07
2.327250000000007025e-07
7.381802251500002576e-02
-2.056999999768621790e-07
-4.037730000079127156e-07
6.771693333256375655e-07
5.192398458833360347e-02
-2.549666666666644317e-09
-2.102589999768621869e-07
-5.213830180300000477e-02
2.647999999799712645e-09
2.327443333333340401e-07
-2.547999999999979621e-09
5.215046584083368048e-02
-4.191880000079128044e-07
3.028999999799709158e-09
-5.540822347099998157e-02
7.381802251500002576e-02
-2.102589999768621869e-07
-4.191880000079128044e-07
-7.376318068466657107e-02
6.770809999769119463e-07
-2.327250000000007025e-07
-2.056999999768621790e-07
-5.213830180300000477e-02
3.028999999799709158e-09
6.771693333102452827e-07
5.192398458833360347e-02
2.549666666666615779e-09
-4.037730000079127156e-07
2.647999999799712645e-09
-5.540822347099998157e-02
-2.327443333333340401e-07
2.547999999999951083e-09
5.215046584083368048e-02
-9.076873081516670383e-02
6.136149999929585415e-07
2.059940000000010967e-07
9.217715553999986100e-02
-2.097059999785044861e-07
-4.276430000071623649e-07
6.221783333262917205e-07
2.422020416566671858e-02
-1.753333333333214058e-10
-2.103349999785045376e-07
-2.483829274299998932e-02
2.570000000024968878e-10
2.054011666666677837e-07
-2.949999999999851777e-10
2.515449726416671417e-02
-4.274920000071623790e-07
2.740000000024968808e-10
-2.479643828299997813e-02
9.217715553999986100e-02
-2.103349999785045376e-07
-4.274920000071623790e-07
-9.076873081516670383e-02
6.136149999788765128e-07
-2.059940000000010967e-07
-2.097059999785044861e-07
-2.483829274299998932e-02
2.740000000024968808e-10
6.221783333122096919e-07
2.422020416566671858e-02
1.753333333332961768e-10
-4.276430000071623649e-07
2.570000000024968878e-10
-2.479643828299997813e-02
-2.054011666666677837e-07
2.949999999999600004e-10
2.515449726416671417e-02
3.424077053573352458e+00
-1.965029999929555714e-05
6.560002000000007128e-06
-3.075761724891997950e+00
5.724482999372304701e-06
1.144915300020923935e-05
-1.965029999929555714e-05
-4.110572343359999437e-01
3.242800000000108950e-08
5.724482999372304701e-06
3.412362078470002058e-01
1.981600000000175054e-08
6.560002000000007128e-06
3.242800000000108950e-08
-4.110572726699995849e-01
1.144915300020923935e-05
1.981600000000175054e-08
3.412362048460000352e-01
-3.075761724891997950e+00
5.724482999372304701e-06
1.144915300020923935e-05
3.424077053573352458e+00
-1.965029999976522675e-05
-6.560002000000007128e-06
5.724482999372304701e-06
3.412362078470002058e-01
1.981600000000175054e-08
-1.965029999976522675e-05
-4.110572343359999437e-01
-3.242800000000028879e-08
1.144915300020923935e-05
1.981600000000175054e-08
3.412362048460000352e-01
-6.560002000000007128e-06
-3.242800000000028879e-08
-4.110572726699995849e-01
8.662875712117994453e-01
-5.040462920434495314e-06
1.682271501114362399e-06
-8.639534657690011166e-01
1.583401999837722470e-06
3.166777000054132508e-06
-5.044505587101162612e-06
-2.735368156004816184e-02
3.040427167563196166e-08
1.583538999837722440e-06
1.944095858500000454e-02
8.765000000036544247e-09
1.677482334442454548e-06
3.026127185116189454e-08
-2.743814661991656606e-02
3.167047000054132337e-06
8.819000000036544267e-09
2.002981614300001351e-02
-8.639534657690011166e-01
1.583538999837722440e-06
3.167047000054132337e-06
8.662875712117994453e-01
-5.040462920543935359e-06
-1.682271501114362399e-06
1.583401999837722470e-06
1.944095858500000454e-02
8.819000000036544267e-09
-5.044505587210601810e-06
-2.735368156004816184e-02
-3.040427167563175652e-08
3.166777000054132508e-06
8.765000000036544247e-09
2.002981614300001351e-02
-1.677482334442454548e-06
-3.026127185116168940e-08
-2.743814661991656606e-02
1.536549811878306498e-02
2.356702700131902539e-07
-8.648599774535340500e-08
-7.240165950000001854e-04
-1.040419999886186560e-07
-2.140860000037597696e-07
2.420142700131901683e-07
6.376270447038366596e-02
9.021354948224261602e-09
-1.139719999886186397e-07
-6.268081964500002434e-02
9.004000000033837404e-09
-8.670816423892710705e-08
9.713938337082254091e-09
6.365500853666684888e-02
-2.158290000037598666e-07
8.686000000033837468e-09
-6.212757407199994558e-02
-7.240165950000001854e-04
-1.139719999886186397e-07
-2.158290000037598666e-07
1.536549811878306498e-02
2.356702669993960732e-07
8.648599774535396086e-08
-1.040419999886186560e-07
-6.268081964500002434e-02
8.686000000033837468e-09
2.420142669993960141e-07
6.376270447038366596e-02
-9.021354948218875002e-09
-2.140860000037597696e-07
9.004000000033837404e-09
-6.212757407199994558e-02
8.670816423892771586e-08
-9.713938337076855910e-09
6.365500853666684888e-02
-9.708539111550019973e-02
6.861823333251755911e-07
2.282363333333347518e-07
9.474995296799995637e-02
-2.310779999765378223e-07
-4.649600000079140959e-07
6.864079999918423460e-07
3.611207114116669892e-02
-5.203333333333174744e-10
-2.328799999765378539e-07
-3.297045870299999265e-02
5.109999999058596016e-10
2.282780000000014039e-07
-5.194999999999840923e-10
3.511155015033337601e-02
-4.657260000079141704e-07
5.749999999058593806e-10
-3.450671692199998308e-02
9.474995296799995637e-02
-2.328799999765378539e-07
-4.657260000079141704e-07
-9.708539111550019973e-02
6.861823333088636423e-07
-2.282363333333347518e-07
-2.310779999765378223e-07
-3.297045870299999265e-02
5.749999999058593806e-10
6.864079999755303973e-07
3.611207114116669892e-02
5.203333333332895571e-10
-4.649600000079140959e-07
5.109999999058596016e-10
-3.450671692199998308e-02
-2.282780000000014039e-07
5.194999999999560715e-10
3.511155015033337601e-02
-8.631764771033337280e-02
5.415636666600972731e-07
1.859721666666675374e-07
8.671550030300004264e-02
-1.824079999801143146e-07
-3.733450000066135925e-07
5.436623333267641666e-07
2.096711522766668209e-02
-2.289166666666549419e-10
-1.865449999801145852e-07
-2.153750422600002670e-02
1.723333333484642756e-10
1.837438333333342096e-07
-2.140833333333219700e-10
2.101369970933327988e-02
-3.657460000066136315e-07
1.613333333484653476e-10
-2.128946226000003050e-02
8.671550030300004264e-02
-1.865449999801145852e-07
-3.657460000066136315e-07
-8.631764771033337280e-02
5.415636666469587333e-07
-1.859721666666675374e-07
-1.824079999801143146e-07
-2.153750422600002670e-02
1.613333333484653476e-10
5.436623333136256268e-07
2.096711522766668209e-02
2.289166666666321686e-10
-3.733450000066135925e-07
1.723333333484642756e-10
-2.128946226000003050e-02
-1.837438333333342096e-07
2.140833333332994551e-10
2.101369970933327988e-02
1.587172234032709905e+00
-8.956365859424751715e-06
2.986784666997398659e-06
-1.621923831099999713e+00
3.032499999680695449e-06
6.065100000106440450e-06
-8.939704192758086122e-06
-1.132900962635493974e-01
2.081895255021471948e-08
3.032499999680695449e-06
1.162572980000001616e-01
1.390000000000092021e-08
2.976598666997669330e-06
2.083595271203539378e-08
-1.124212183861673792e-01
6.065100000106440450e-06
1.390000000000092021e-08
1.162573317999999883e-01
-1.621923831099999713e+00
3.032499999680695449e-06
6.065100000106440450e-06
1.587172234032709905e+00
-8.956365859632998153e-06
-2.986784666997398659e-06
3.032499999680695449e-06
1.162572980000001616e-01
1.390000000000092021e-08
-8.939704192966332560e-06
-1.132900962635493974e-01
-2.081895255021435552e-08
6.065100000106440450e-06
1.390000000000092021e-08
1.162573317999999883e-01
-2.976598666997669330e-06
-2.083595271203502982e-08
-1.124212183861673792e-01
1.587172234032994345e+00
-8.960102666354227609e-06
2.986784666666656857e-06
-1.621923831099999713e+00
3.032499999680695449e-06
6.065100000106440450e-06
-8.958805999687561149e-06
-1.134900310498333231e-01
2.089100000000047142e-08
3.032499999680695449e-06
1.162572980000001616e-01
1.390000000000092021e-08
2.986784666666656857e-06
2.089100000000047142e-08
-1.135160197611673749e-01
6.065100000106440450e-06
1.390000000000092021e-08
1.162573317999999883e-01
-1.621923831099999713e+00
3.032499999680695449e-06
6.065100000106440450e-06
1.587172234032994345e+00
-8.960102666562497765e-06
-2.986784666666656857e-06
3.032499999680695449e-06
1.162572980000001616e-01
1.390000000000092021e-08
-8.958805999895831304e-06
-1.134900310498333231e-01
-2.089100000000010415e-08
6.065100000106440450e-06
1.390000000000092021e-08
1.162573317999999883e-01
-2.986784666666656857e-06
-2.089100000000010415e-08
-1.135160197611673749e-01
2.364553629692313919e-01
-9.682392884719603041e-07
3.168263394743317468e-07
-2.103255788749998634e-01
2.882319999717165473e-07
6.020600000094440791e-07
-9.959782884719598619e-07
5.614923019543501675e-02
2.714492832443868841e-08
2.882319999717166002e-07
-5.635976226400001010e-02
1.373200000001748012e-08
3.200473394392660381e-07
2.698992759575248601e-08
5.597811791683338783e-02
5.471600000094442956e-07
1.414000000001746962e-08
-5.607568522700002306e-02
-2.103255788749998634e-01
2.882319999717166002e-07
5.471600000094442956e-07
2.364553629692313919e-01
-9.682392884139694639e-07
-3.168263394743317468e-07
2.882319999717165473e-07
-5.635976226400001010e-02
1.414000000001746962e-08
-9.959782884139690217e-07
5.614923019543501675e-02
-2.714492832443878768e-08
6.020600000094440791e-07
1.373200000001748012e-08
-5.607568522700002306e-02
-3.200473394392660381e-07
-2.698992759575258858e-08
5.597811791683338783e-02
-9.724241817533355037e-02
6.843756666584698534e-07
2.284530000000013112e-07
8.270784050599999659e-02
-2.249299999779819507e-07
-4.604510000072324949e-07
6.848249999918032021e-07
3.659124496866670434e-02
-6.249999999999839865e-10
-2.306789999779819845e-07
-3.715100770400001778e-02
5.960000001060898525e-10
2.290280000000013015e-07
-5.289166666666509591e-10
3.647545659133338836e-02
-4.529890000072326098e-07
5.600000001060910108e-10
-3.541726738099999772e-02
8.270784050599999659e-02
-2.306789999779819845e-07
-4.529890000072326098e-07
-9.724241817533355037e-02
6.843756666420799776e-07
-2.284530000000013112e-07
-2.249299999779819507e-07
-3.715100770400001778e-02
5.600000001060910108e-10
6.848249999754133264e-07
3.659124496866670434e-02
6.249999999999559657e-10
-4.604510000072324949e-07
5.960000001060898525e-10
-3.541726738099999772e-02
-2.290280000000013015e-07
5.289166666666229383e-10
3.647545659133338836e-02
-7.676185776250005199e-02
4.483039999942933425e-07
1.630450000000002004e-07
6.866239937500007162e-02
-1.611039999846167811e-07
-3.304970000051958834e-07
4.402849999942931170e-07
1.645684703441665370e-02
-1.052499999999903178e-10
-1.659279999846168248e-07
-1.508044642700001083e-02
1.859999999321391922e-10
1.628610000000001505e-07
-1.080833333333236285e-10
1.642926250375002437e-02
-3.253190000051959412e-07
1.739999999321399315e-10
-1.618786948599999775e-02
6.866239937500007162e-02
-1.659279999846168248e-07
-3.253190000051959412e-07
-7.676185776250005199e-02
4.483039999828773501e-07
-1.630450000000002004e-07
-1.611039999846167811e-07
-1.508044642700001083e-02
1.739999999321399315e-10
4.402849999828771246e-07
1.645684703441665370e-02
1.052499999999703492e-10
-3.304970000051958834e-07
1.859999999321391922e-10
-1.618786948599999775e-02
-1.628610000000001505e-07
1.080833333333036857e-10
1.642926250375002437e-02
3.301585521580352456e+00
-1.966799766599071418e-05
6.567636000000006519e-06
-2.894031988167999447e+00
6.095790999405688339e-06
1.219178100019810788e-05
-1.846894099932402787e-05
-3.783760674129999502e-01
3.139600000000110382e-08
5.724482999405687963e-06
3.412362078470001503e-01
1.981600000000188620e-08
6.165377000000003261e-06
3.130500000000103372e-08
-3.783760936113328421e-01
1.144915300019811273e-05
1.981600000000172738e-08
3.412362048460000352e-01
-2.894031988167999447e+00
5.724482999405687963e-06
1.144915300019811273e-05
3.301585521580352456e+00
-1.966799766644138314e-05
-6.567636000000006519e-06
6.095790999405688339e-06
3.412362078470001503e-01
1.981600000000172738e-08
-1.846894099977469683e-05
-3.783760674129999502e-01
-3.139600000000030310e-08
1.219178100019810788e-05
1.981600000000188620e-08
3.412362048460000352e-01
-6.165377000000003261e-06
-3.130500000000027933e-08
-3.783760936113328421e-01
-7.887087213699990607e-02
6.602563333250907654e-07
2.268600000000005107e-07
9.053003315600000045e-02
-2.203439999727445486e-07
-4.409270000090724523e-07
6.602456666584241219e-07
5.573979351300022839e-02
-1.449333333333318609e-09
-2.188819999727445320e-07
-5.784059053600005412e-02
1.120000000012274801e-09
2.275500000000007637e-07
-1.454666666666651510e-09
5.675878530033334757e-02
-4.405260000090723947e-07
1.082000000012275139e-09
-5.763901523000001387e-02
9.053003315600000045e-02
-2.188819999727445320e-07
-4.405260000090723947e-07
-7.887087213699990607e-02
6.602563333086057043e-07
-2.268600000000005107e-07
-2.203439999727445486e-07
-5.784059053600005412e-02
1.082000000012275139e-09
6.602456666419390608e-07
5.573979351300022839e-02
1.449333333333290692e-09
-4.409270000090724523e-07
1.120000000012274801e-09
-5.763901523000001387e-02
-2.275500000000007637e-07
1.454666666666623593e-09
5.675878530033334757e-02
-9.418095483999970596e-02
6.139923333255332906e-07
2.174598333333339538e-07
6.746814727999997374e-02
-2.131529999818801418e-07
-4.194070000060447892e-07
6.170649999921999650e-07
3.321654805683334211e-02
-6.643333333333172874e-10
-2.152509999818801649e-07
-3.117087722399999525e-02
7.069999999950760407e-10
2.193241666666673453e-07
-8.072222222222058207e-10
3.406343034966675259e-02
-4.184870000060445930e-07
6.009999999950767169e-10
-3.125024908500003556e-02
6.746814727999997374e-02
-2.152509999818801649e-07
-4.184870000060445930e-07
-9.418095483999970596e-02
6.139923333099315789e-07
-2.174598333333339538e-07
-2.131529999818801418e-07
-3.117087722399999525e-02
6.009999999950767169e-10
6.170649999765982534e-07
3.321654805683334211e-02
6.643333333332907142e-10
-4.194070000060447892e-07
7.069999999950760407e-10
-3.125024908500003556e-02
-2.193241666666673453e-07
8.072222222221789373e-10
3.406343034966675259e-02
-9.406597856099974120e-02
6.188576666593054334e-07
2.140828333333339891e-07
7.789569245499998462e-02
-2.065459999809413637e-07
-4.125770000062053923e-07
6.245996666593055387e-07
2.618724945283332911e-02
-4.336666666666532784e-10
-2.135349999809413477e-07
-2.585419365200003136e-02
4.020000001474029724e-10
2.144941666666673742e-07
-4.345555555555419402e-10
2.663032298399986911e-02
-4.093080000062052589e-07
3.490000001474026385e-10
-2.344590632300003197e-02
7.789569245499998462e-02
-2.135349999809413477e-07
-4.093080000062052589e-07
-9.406597856099974120e-02
6.188576666445787069e-07
-2.140828333333339891e-07
-2.065459999809413637e-07
-2.585419365200003136e-02
3.490000001474026385e-10
6.245996666445788121e-07
2.618724945283332911e-02
4.336666666666270671e-10
-4.125770000062053923e-07
4.020000001474029724e-10
-2.344590632300003197e-02
-2.144941666666673742e-07
4.345555555555156772e-10
2.663032298399986911e-02
-8.471425109483343707e-02
5.383146666602526988e-07
1.814335000000009212e-07
9.000885072200009995e-02
-1.893209999793920639e-07
-3.901930000068073444e-07
5.381809999935858365e-07
2.003282424666668476e-02
-1.456666666666558497e-10
-1.944449999793920508e-07
-2.217619078000002825e-02
1.730000000619651049e-10
1.781880000000008806e-07
-1.479999999999893560e-10
2.050296879999994118e-02
-3.824290000068075933e-07
1.610000000619662321e-10
-2.116324471400002696e-02
9.000885072200009995e-02
-1.944449999793920508e-07
-3.824290000068075933e-07
-8.471425109483343707e-02
5.383146666474248084e-07
-1.814335000000009212e-07
-1.893209999793920639e-07
-2.217619078000002825e-02
1.610000000619662321e-10
5.381809999807579460e-07
2.003282424666668476e-02
1.456666666666336451e-10
-3.901930000068073444e-07
1.730000000619651049e-10
-2.116324471400002696e-02
-1.781880000000008806e-07
1.479999999999675391e-10
2.050296879999994118e-02
9.504569887056278921e-01
-5.135087355650962766e-06
1.711656667832255288e-06
-9.268967486220014429e-01
1.400589999827808072e-06
2.801140000057399612e-06
-4.993969355650961622e-06
-2.442074077629664830e-02
3.180193726528944084e-08
1.470528999827807412e-06
1.048257892499999087e-02
8.422999999998137571e-09
1.665038667837057779e-06
3.193293897390705333e-08
-2.495499546099990903e-02
2.941024000057399729e-06
8.422999999998165695e-09
1.044511239599997879e-02
-9.268967486220014429e-01
1.470528999827807412e-06
2.941024000057399729e-06
9.504569887056278921e-01
-5.135087355770350366e-06
-1.711656667832255288e-06
1.400589999827808072e-06
1.048257892499999087e-02
8.422999999998165695e-09
-4.993969355770350068e-06
-2.442074077629664830e-02
-3.180193726528922909e-08
2.801140000057399612e-06
8.422999999998137571e-09
1.044511239599997879e-02
-1.665038667837057779e-06
-3.193293897390684819e-08
-2.495499546099990903e-02
-3.770841761483333804e-02
4.167236666500439467e-07
-1.554059999999997969e-07
1.640023614899998802e-02
-1.595529999865243405e-07
-2.960190000045037787e-07
4.044003333167107393e-07
5.277547129183351310e-02
6.738999999999971042e-09
-1.545959999865243312e-07
-5.695873985500001652e-02
7.207999999988404507e-09
-1.503278333333331380e-07
6.157666666666633926e-09
5.179811519716691348e-02
-3.100510000045037021e-07
7.905999999988406025e-09
-5.714744585799991228e-02
1.640023614899998802e-02
-1.545959999865243312e-07
-3.100510000045037021e-07
-3.770841761483333804e-02
4.167236666611250435e-07
1.554059999999997969e-07
-1.595529999865243405e-07
-5.695873985500001652e-02
7.905999999988406025e-09
4.044003333277918361e-07
5.277547129183351310e-02
-6.738999999999990067e-09
-2.960190000045037787e-07
7.207999999988404507e-09
-5.714744585799991228e-02
1.503278333333331380e-07
-6.157666666666652124e-09
5.179811519716691348e-02
-6.822075410000040530e-02
5.302896666595351355e-07
1.987259999999989434e-07
5.151736150999999819e-02
-1.980459999814196958e-07
-3.779910000062830122e-07
5.173066666595346281e-07
4.824434872450018841e-02
-4.046000000000000297e-09
-1.880849999814197034e-07
-4.963043418700003456e-02
4.711999999910800423e-09
2.003709999999990352e-07
-3.955999999999997506e-09
4.791506862033355352e-02
-3.838990000062830939e-07
5.556999999910797402e-09
-5.108634874199997206e-02
5.151736150999999819e-02
-1.880849999814197034e-07
-3.838990000062830939e-07
-6.822075410000040530e-02
5.302896666452723712e-07
-1.987259999999989434e-07
-1.980459999814196958e-07
-4.963043418700003456e-02
5.556999999910797402e-09
5.173066666452718638e-07
4.824434872450018841e-02
4.045999999999976309e-09
-3.779910000062830122e-07
4.711999999910800423e-09
-5.108634874199997206e-02
-2.003709999999990352e-07
3.955999999999973518e-09
4.791506862033355352e-02
-8.441025660072702663e-02
5.688399576569150851e-07
2.026014994302071727e-07
7.135172013199991836e-02
-2.205329999797760893e-07
-4.400860000068365758e-07
5.558036243235814662e-07
4.042930272839340144e-02
-2.278384001670192819e-09
-2.115919999797760359e-07
-3.874350261600006951e-02
3.180999999905015756e-09
2.063419994643858187e-07
-2.141718270460145137e-09
4.011025948350017967e-02
-4.388580000068368245e-07
2.835999999905016637e-09
-4.029365700499999703e-02
7.135172013199991836e-02
-2.115919999797760359e-07
-4.388580000068368245e-07
-8.441025660072702663e-02
5.688399576416266698e-07
-2.026014994302071727e-07
-2.205329999797760893e-07
-3.874350261600006951e-02
2.835999999905016637e-09
5.558036243082929451e-07
4.042930272839340144e-02
2.278384001670168003e-09
-4.400860000068365758e-07
3.180999999905015756e-09
-4.029365700499999703e-02
-2.063419994643858187e-07
2.141718270460119908e-09
4.011025948350017967e-02
-9.162608638466672450e-02
6.013259999927980435e-07
2.019315000000011091e-07
9.227152073899982931e-02
-2.164279999783818241e-07
-4.249710000071951751e-07
5.990923333261318705e-07
2.598290265983338107e-02
-2.939999999999855431e-10
-2.113899999783818289e-07
-2.541170316499998666e-02
2.520000000106969532e-10
2.001160000000010754e-07
-2.873333333333190028e-10
2.564796532700005030e-02
-4.274950000071950196e-07
2.793333333440301922e-10
-2.523594051699996552e-02
9.227152073899982931e-02
-2.113899999783818289e-07
-4.274950000071950196e-07
-9.162608638466672450e-02
6.013259999783950953e-07
-2.019315000000011091e-07
-2.164279999783818241e-07
-2.541170316499998666e-02
2.793333333440301922e-10
5.990923333117289222e-07
2.598290265983338107e-02
2.939999999999607793e-10
-4.249710000071951751e-07
2.520000000106969532e-10
-2.523594051699996552e-02
-2.001160000000010754e-07
2.873333333332944976e-10
2.564796532700005030e-02
3.436738640642019949e+00
-1.895511833262092768e-05
6.328321666666665400e-06
-2.773432303856001813e+00
5.645481999415685672e-06
1.129109300019483982e-05
-1.895511833262092768e-05
-4.416154899913343201e-01
-3.833333333217075370e-11
5.883042999415687411e-06
4.074555840724999323e-01
-3.399999993929961794e-11
6.328321666666667941e-06
-3.833333333217075370e-11
-4.416154900653352366e-01
1.176622200019484073e-05
-3.399999993919779072e-11
4.084189064374995626e-01
-2.773432303856001813e+00
5.883042999415687411e-06
1.176622200019484073e-05
3.436738640642019949e+00
-1.895511833309588615e-05
-6.328321666666665400e-06
5.645481999415685672e-06
4.074555840724999323e-01
-3.399999993919779072e-11
-1.895511833309588615e-05
-4.416154899913343201e-01
3.833333333294575085e-11
1.129109300019483982e-05
-3.399999993929961794e-11
4.084189064374995626e-01
-6.328321666666667941e-06
3.833333333294575085e-11
-4.416154900653352366e-01
1.066075638946667875e-01
-5.179249999821283465e-07
1.676259999999992539e-07
-1.074612354639999795e-01
1.832039999822113061e-07
3.363950000059446251e-07
-4.395266666487955748e-07
9.320734660166619945e-03
3.079239665308099315e-23
1.423299999822116774e-07
-1.062548841700000635e-02
1.524570472670833597e-20
1.556686666666659585e-07
2.859587015413031212e-23
9.385675297999950678e-03
2.896620000059448114e-07
1.523461720321526567e-20
-1.037737401900000814e-02
-1.074612354639999795e-01
1.423299999822116774e-07
2.896620000059448114e-07
1.066075638946667875e-01
-5.179249999940425002e-07
-1.676259999999992539e-07
1.832039999822113061e-07
-1.062548841700000635e-02
1.523461720321526567e-20
-4.395266666607098343e-07
9.320734660166619945e-03
-1.026413221769366634e-23
3.363950000059446251e-07
1.524570472670833597e-20
-1.037737401900000814e-02
-1.556686666666659585e-07
-9.531956718043437862e-24
9.385675297999950678e-03
1.614064585566668195e-02
3.822333333972817084e-09
3.799999999999966198e-10
-1.847405920200001148e-02
1.436399999892962542e-08
3.730100000034420404e-08
-7.976999999360524100e-09
1.265956355199997219e-02
6.980486755139851277e-26
1.612799999892960899e-08
-1.264730476600000285e-02
-1.255391477437901165e-20
3.266999999999991303e-09
6.001381639221587674e-25
1.264392117716664141e-02
1.927700000034421086e-08
-1.255711771561751300e-20
-1.285242152800000238e-02
-1.847405920200001148e-02
1.612799999892960899e-08
1.927700000034421086e-08
1.614064585566668195e-02
3.822333333546507222e-09
-3.799999999999966198e-10
1.436399999892962542e-08
-1.264730476600000285e-02
-1.255711771561751300e-20
-7.976999999786833135e-09
1.265956355199997219e-02
-2.326828918379950521e-26
3.730100000034420404e-08
-1.255391477437901165e-20
-1.285242152800000238e-02
-3.266999999999991303e-09
-2.000460546407196044e-25
1.264392117716664141e-02
6.477608123333327209e-03
4.660433333293159575e-08
1.419866666666665279e-08
-4.078634614000003003e-03
-1.193799999845912209e-08
-2.397900000053012932e-08
4.147366666626493688e-08
1.303452259233335228e-02
8.694175842746767719e-25
-1.233199999845911887e-08
-1.246701018700000115e-02
-1.649437774894241307e-20
1.494266666666668083e-08
9.149744452029600333e-25
1.302708145766667998e-02
-3.278900000053013343e-08
-1.649602024522941519e-20
-1.273632421299999637e-02
-4.078634614000003003e-03
-1.233199999845911887e-08
-3.278900000053013343e-08
6.477608123333327209e-03
4.660433333212860852e-08
-1.419866666666665279e-08
-1.193799999845912209e-08
-1.246701018700000115e-02
-1.649602024522941519e-20
4.147366666546194964e-08
1.303452259233335228e-02
-2.608252752824030316e-24
-2.397900000053012932e-08
-1.649437774894241307e-20
-1.273632421299999637e-02
-1.494266666666668083e-08
-2.744923335608879732e-24
1.302708145766667998e-02
-3.120847617916675670e-02
2.025149999976086777e-07
6.656266666666664278e-08
2.932996121700004108e-02
-6.524299999317618078e-08
-1.298960000022442276e-07
2.013783333309416574e-07
7.842381420499998368e-03
4.075787833802276621e-24
-6.523799999317617511e-08
-7.817813385999997436e-03
3.063559728564663688e-20
6.616866666666667247e-08
4.051662291859075073e-24
7.898179649333335328e-03
-1.321560000022442227e-07
3.063518243654351490e-20
-7.317171663999992061e-03
2.932996121700004108e-02
-6.523799999317617511e-08
-1.321560000022442227e-07
-3.120847617916675670e-02
2.025149999928263296e-07
-6.656266666666664278e-08
-6.524299999317618078e-08
-7.817813385999997436e-03
3.063518243654351490e-20
2.013783333261593094e-07
7.842381420499998368e-03
-1.222736350140682766e-23
-1.298960000022442276e-07
3.063559728564663688e-20
-7.317171663999992061e-03
-6.616866666666667247e-08
-1.215498687557722448e-23
7.898179649333335328e-03
3.468091205206019545e+00
-1.886050599928228510e-05
6.296697999999999729e-06
-3.264299535579999301e+00
6.255855999320203707e-06
1.251186200022660569e-05
-1.886050599928228510e-05
-4.391696174050010448e-01
-3.799999999884323117e-11
6.255855999320203707e-06
4.363691375414998630e-01
-3.799999999808469363e-11
6.296697999999999729e-06
-3.799999999884323117e-11
-4.391696174790019613e-01
1.251186200022660569e-05
-3.799999999808469363e-11
4.363691375044995158e-01
-3.264299535579999301e+00
6.255855999320203707e-06
1.251186200022660569e-05
3.468091205206019545e+00
-1.886050599976078757e-05
-6.296697999999999729e-06
6.255855999320203707e-06
4.363691375414998630e-01
-3.799999999808469363e-11
-1.886050599976078757e-05
-4.391696174050010448e-01
3.799999999961435091e-11
1.251186200022660569e-05
-3.799999999808469363e-11
4.363691375044995158e-01
-6.296697999999999729e-06
3.799999999961435091e-11
-4.391696174790019613e-01
7.692125579556716719e-01
-4.018482999846309152e-06
1.339527666666662398e-06
-7.452040008259985804e-01
1.387087999850118486e-06
2.774112000049963673e-06
-4.018482999846309152e-06
-6.745755798966697470e-02
2.460672404028976268e-22
1.387087999850118486e-06
7.072478458399993062e-02
4.246614632338667016e-22
1.339527666666662398e-06
2.460672404028976268e-22
-6.745755798966697470e-02
2.774112000049963673e-06
4.246614632340985091e-22
7.072478458399993062e-02
-7.452040008259985804e-01
1.387087999850118486e-06
2.774112000049963673e-06
7.692125579556716719e-01
-4.018482999948771340e-06
-1.339527666666662398e-06
1.387087999850118486e-06
7.072478458399993062e-02
4.246614632340985091e-22
-4.018482999948771340e-06
-6.745755798966697470e-02
-8.202241346763253836e-23
2.774112000049963673e-06
4.246614632338667016e-22
7.072478458399993062e-02
-1.339527666666662398e-06
-8.202241346763253836e-23
-6.745755798966697470e-02
5.113540359250019068e-02
-2.294006666594375528e-07
7.350600000000024806e-08
-5.199788014199999836e-02
7.803799999264392952e-08
1.470700000024485400e-07
-2.180413333261043002e-07
1.178346321783335128e-02
1.350283314271884601e-23
8.145899999264394407e-08
-1.195312840600000655e-02
-3.541338703646541119e-21
7.482900000000027916e-08
1.374586430000964509e-23
1.156204825850002185e-02
1.540400000024485555e-07
-3.539848859583049515e-21
-1.201132260699999850e-02
-5.199788014199999836e-02
8.145899999264394407e-08
1.540400000024485555e-07
5.113540359250019068e-02
-2.294006666642567732e-07
-7.350600000000024806e-08
7.803799999264392952e-08
-1.195312840600000655e-02
-3.539848859583049515e-21
-2.180413333309235207e-07
1.178346321783335128e-02
-4.500944380906282248e-24
1.470700000024485400e-07
-3.541338703646541119e-21
-1.201132260699999850e-02
-7.482900000000027916e-08
-4.581954766669881940e-24
1.156204825850002185e-02
-2.225728440349987458e-02
1.732413333312950728e-07
5.902600000000002178e-08
2.102260884300000132e-02
-6.258199999410501877e-08
-1.234380000019497871e-07
1.768146666646284170e-07
1.101347470250003263e-02
3.614300098323584658e-24
-5.896299999410496499e-08
-1.106866922500000100e-02
1.541058608945986152e-20
5.851133333333333621e-08
3.582785854025524792e-24
1.110591681166670300e-02
-1.256640000019497701e-07
1.541039877973189196e-20
-1.081668390400000387e-02
2.102260884300000132e-02
-5.896299999410496499e-08
-1.256640000019497701e-07
-2.225728440349987458e-02
1.732413333272205797e-07
-5.902600000000002178e-08
-6.258199999410501877e-08
-1.106866922500000100e-02
1.541039877973189196e-20
1.768146666605539238e-07
1.101347470250003263e-02
-1.084290029497075397e-23
-1.234380000019497871e-07
1.541058608945986152e-20
-1.081668390400000387e-02
-5.851133333333333621e-08
-1.074835756207657438e-23
1.110591681166670300e-02
-3.105625539583321826e-02
1.976969999977024232e-07
6.618733333333336471e-08
3.006572125000003814e-02
-5.824999999335123686e-08
-1.126600000022533899e-07
1.988369999977023924e-07
6.455644915666653577e-03
4.052805295538280901e-24
-5.545699999335127267e-08
-6.128403043999999973e-03
-3.713519359333546771e-20
6.593100000000004953e-08
4.037109405729210391e-24
6.657474511166648103e-03
-1.118910000022533649e-07
-3.713488130840164725e-20
-6.734584256000001636e-03
3.006572125000003814e-02
-5.545699999335127267e-08
-1.118910000022533649e-07
-3.105625539583321826e-02
1.976969999931085400e-07
-6.618733333333336471e-08
-5.824999999335123686e-08
-6.128403043999999973e-03
-3.713488130840164725e-20
1.988369999931085092e-07
6.455644915666653577e-03
-1.215841588661484197e-23
-1.126600000022533899e-07
-3.713519359333546771e-20
-6.734584256000001636e-03
-6.593100000000004953e-08
-1.211132821718762970e-23
6.657474511166648103e-03
1.383145661699817008e+00
-8.091924896934050415e-06
2.691599999999991306e-06
-1.331698753564999338e+00
2.356050999727508130e-06
4.766997000091005617e-06
-8.091924896934052109e-06
-1.603401425998190466e-01
-3.003755036711125594e-14
2.472079999727507692e-06
1.516702410180003624e-01
1.776837655883442630e-19
2.691599999999991306e-06
-3.003755036711125594e-14
-1.603401425999995134e-01
5.163688000091006797e-06
1.777637412700272972e-19
1.545602082120003939e-01
-1.331698753564999338e+00
2.472079999727507692e-06
5.163688000091006797e-06
1.383145661699817008e+00
-8.091924897808518759e-06
-2.691599999999991306e-06
2.356050999727508130e-06
1.516702410180003624e-01
1.777637412700272972e-19
-8.091924897808518759e-06
-1.603401425998190466e-01
3.003755189204770740e-14
4.766997000091005617e-06
1.776837655883442630e-19
1.545602082120003939e-01
-2.691599999999991306e-06
3.003755189204770740e-14
-1.603401425999995134e-01
1.383145661699997753e+00
-8.074699999716510734e-06
2.691599999999991729e-06
-1.331698753564999338e+00
2.561850999726624042e-06
5.123704000091300695e-06
-8.074699999716510734e-06
-1.603401425999995134e-01
4.944388986877508439e-22
2.554399999726623984e-06
1.564868530080003872e-01
1.777442509549856690e-19
2.691599999999991729e-06
4.944388986877508439e-22
-1.603401425999995134e-01
5.246005000091302287e-06
1.777662610420483959e-19
1.593768202020004188e-01
-1.331698753564999338e+00
2.554399999726623984e-06
5.246005000091302287e-06
1.383145661699997753e+00
-8.074699999905532913e-06
-2.691599999999991729e-06
2.561850999726624042e-06
1.564868530080003872e-01
1.777662610420483959e-19
-8.074699999905532913e-06
-1.603401425999995134e-01
-1.648129662292502813e-22
5.123704000091300695e-06
1.777442509549856690e-19
1.593768202020004188e-01
-2.691599999999991729e-06
-1.648129662292502813e-22
-1.603401425999995134e-01
1.823965381309989309e-01
-9.910086666324589707e-07
3.298063333333342511e-07
-1.792082911340000251e-01
3.199269999668410457e-07
6.381940000110587865e-07
-1.091941999965793817e-06
-3.820607583333324956e-03
6.058444056827891691e-23
3.177589999668410226e-07
1.301595882999998866e-03
5.958230168305938792e-21
3.620980000000011557e-07
6.651632350164895480e-23
-3.876487105499986860e-03
6.306060000110588644e-07
5.956703523606122856e-21
1.397304342999999534e-03
-1.792082911340000251e-01
3.177589999668410226e-07
6.306060000110588644e-07
1.823965381309989309e-01
-9.910086666552638505e-07
-3.298063333333342511e-07
3.199269999668410457e-07
1.301595882999998866e-03
5.956703523606122856e-21
-1.091941999988598696e-06
-3.820607583333324956e-03
-2.019481352275964093e-23
6.381940000110587865e-07
5.958230168305938792e-21
1.397304342999999534e-03
-3.620980000000011557e-07
-2.217210783388298493e-23
-3.876487105499986860e-03
-1.986529314983322830e-02
1.686726666648033084e-07
5.646399999999997542e-08
1.994084838699999515e-02
-5.792399999438909137e-08
-1.179970000018547848e-07
1.676316666648032397e-07
1.055283775366670784e-02
3.457422843352806355e-24
-5.738799999438911224e-08
-1.060385712500000466e-02
1.573418688213124113e-20
5.642199999999997411e-08
3.454851085074596549e-24
1.058750743150003656e-02
-1.146720000018547733e-07
1.573483049525652955e-20
-1.034660175000000695e-02
1.994084838699999515e-02
-5.738799999438911224e-08
-1.146720000018547733e-07
-1.986529314983322830e-02
1.686726666610781634e-07
-5.646399999999997542e-08
-5.792399999438909137e-08
-1.060385712500000466e-02
1.573483049525652955e-20
1.676316666610780947e-07
1.055283775366670784e-02
-1.037226853005841759e-23
-1.179970000018547848e-07
1.573418688213124113e-20
-1.034660175000000695e-02
-5.642199999999997411e-08
-1.036455325522378891e-23
1.058750743150003656e-02
-2.905595638533342920e-02
1.780006666645892366e-07
6.048266666666661745e-08
2.617169773999999255e-02
-6.020899999420608952e-08
-1.200500000019318370e-07
1.769499999979225521e-07
4.868885217333355185e-03
3.703495206861479166e-24
-6.087999999420606952e-08
-5.369227429000001175e-03
-4.822544590571134076e-22
6.105033333333324400e-08
3.738254765177276041e-24
4.984445641333356755e-03
-1.219320000019318269e-07
-4.826412637486137855e-22
-5.376803972000002499e-03
2.617169773999999255e-02
-6.087999999420606952e-08
-1.219320000019318269e-07
-2.905595638533342920e-02
1.780006666604346459e-07
-6.048266666666661745e-08
-6.020899999420608952e-08
-5.369227429000001175e-03
-4.826412637486137855e-22
1.769499999937679613e-07
4.868885217333355185e-03
-1.111048562058443676e-23
-1.200500000019318370e-07
-4.822544590571134076e-22
-5.376803972000002499e-03
-6.105033333333324400e-08
-1.121476429553182665e-23
4.984445641333356755e-03
3.264299535540018393e+00
-1.886050599932017458e-05
6.296697999999997188e-06
-2.433940994300005212e+00
5.414583999478145741e-06
1.082929200017408180e-05
-1.876589366598683444e-05
-4.367237448200010363e-01
-3.766666666550989899e-11
5.903425999478145084e-06
4.069291792459999724e-01
-3.399999988039920784e-11
6.265074333333332365e-06
-3.766666666551570864e-11
-4.367237448913352527e-01
1.177955000017407686e-05
-3.399999988019472621e-11
4.088558240079996353e-01
-2.433940994300005212e+00
5.903425999478145084e-06
1.177955000017407686e-05
3.264299535540018393e+00
-1.886050599977341852e-05
-6.296697999999997188e-06
5.414583999478145741e-06
4.069291792459999724e-01
-3.399999988019472621e-11
-1.876589366644007838e-05
-4.367237448200010363e-01
3.766666666628101873e-11
1.082929200017408180e-05
-3.399999988039920784e-11
4.088558240079996353e-01
-6.265074333333332365e-06
3.766666666628295744e-11
-4.367237448913352527e-01
9.256264942833354950e-03
1.607399999974755990e-08
4.999666666666688176e-09
-9.159711465999998206e-03
-8.072999999212436932e-09
-1.733000000026514150e-08
4.087366666641404239e-08
1.337958830500004560e-02
3.061412890068538214e-25
-1.478799999921244776e-08
-1.344706257499999474e-02
-2.611501557085347481e-21
1.291699999999997101e-08
7.909381352293163247e-25
1.340780416100005416e-02
-3.221700000026515761e-08
-2.614647429783040892e-21
-1.348967442999999752e-02
-9.159711465999998206e-03
-1.478799999921244776e-08
-3.221700000026515761e-08
9.256264942833354950e-03
1.607399999924259592e-08
-4.999666666666688176e-09
-8.072999999212436932e-09
-1.344706257499999474e-02
-2.614647429783040892e-21
4.087366666590907840e-08
1.337958830500004560e-02
-9.184238670205614184e-25
-1.733000000026514150e-08
-2.611501557085347481e-21
-1.348967442999999752e-02
-1.291699999999997101e-08
-2.372814405687948791e-24
1.340780416100005416e-02
-1.886750475066660201e-02
1.754676666648610677e-07
5.775099999999987305e-08
2.041296360099999901e-02
-5.504699999446170470e-08
-1.131100000018890142e-07
1.729956666648610705e-07
1.060989231066667912e-02
3.536228864877932207e-24
-5.583999999446170393e-08
-9.736158918000012777e-03
-4.298129742753827075e-20
5.984433333333314705e-08
3.664408563188684918e-24
1.016215512033334829e-02
-1.145030000018890056e-07
-4.298160187473254236e-20
-1.043781328400001512e-02
2.041296360099999901e-02
-5.583999999446170393e-08
-1.145030000018890056e-07
-1.886750475066660201e-02
1.754676666612511457e-07
-5.775099999999987305e-08
-5.504699999446170470e-08
-9.736158918000012777e-03
-4.298160187473254236e-20
1.729956666612511484e-07
1.060989231066667912e-02
-1.060868659463379589e-23
-1.131100000018890142e-07
-4.298129742753827075e-20
-1.043781328400001512e-02
-5.984433333333314705e-08
-1.099322568956605328e-23
1.016215512033334829e-02
-2.626397424783324941e-02
2.019929999978617457e-07
6.787699999999970181e-08
2.616699642700000272e-02
-6.113499999365654164e-08
-1.201480000021177395e-07
2.031036666645283924e-07
8.646408500999997956e-03
4.156267539286226512e-24
-6.276899999365651511e-08
-8.365086606000013067e-03
-3.392550057088467814e-21
6.887733333333305330e-08
4.217520290023581018e-24
8.748008819333335379e-03
-1.217890000021177209e-07
-3.392951557541588241e-21
-8.420193478000013998e-03
2.616699642700000272e-02
-6.276899999365651511e-08
-1.217890000021177209e-07
-2.626397424783324941e-02
2.019929999935864527e-07
-6.787699999999970181e-08
-6.113499999365654164e-08
-8.365086606000013067e-03
-3.392951557541588241e-21
2.031036666602530994e-07
8.646408500999997956e-03
-1.246880261785867880e-23
-1.201480000021177395e-07
-3.392550057088467814e-21
-8.420193478000013998e-03
-6.887733333333305330e-08
-1.265256087007074158e-23
8.748008819333335379e-03
-3.117042848766655300e-02
1.971439999977025373e-07
6.540666666666676133e-08
3.007039845500000114e-02
-5.421899999330025127e-08
-1.077150000021978739e-07
1.970409999977025264e-07
6.340153648333318737e-03
4.005003248811566280e-24
-5.581899999330020604e-08
-6.401470528000000743e-03
3.535152963678973317e-20
6.509766666666678153e-08
3.986082455764741562e-24
6.363402353333318107e-03
-1.074290000021979069e-07
3.535148420239350956e-20
-5.823868910000000974e-03
3.007039845500000114e-02
-5.581899999330020604e-08
-1.074290000021979069e-07
-3.117042848766655300e-02
1.971439999931088129e-07
-6.540666666666676133e-08
-5.421899999330025127e-08
-6.401470528000000743e-03
3.535148420239350956e-20
1.970409999931088020e-07
6.340153648333318737e-03
-1.201500974643469884e-23
-1.077150000021978739e-07
3.535152963678973317e-20
-5.823868910000000974e-03
-6.509766666666678153e-08
-1.195824736729422248e-23
6.363402353333318107e-03
7.211954436963375903e-01
-4.181546999853845241e-06
1.393882333333330418e-06
-6.731783294369990678e-01
1.183257999864892600e-06
2.366442000045037386e-06
-4.324227999853846967e-06
-7.445875783466694708e-02
2.560520306857060360e-22
1.264789999864892830e-06
6.232334476999992073e-02
3.572622918534686981e-22
1.441442666666663692e-06
2.647887221831632176e-22
-7.445875783466694708e-02
2.529510000045037956e-06
3.922097926314273841e-22
6.232334476999992073e-02
-6.731783294369990678e-01
1.264789999864892830e-06
2.529510000045037956e-06
7.211954436963375903e-01
-4.181546999951284523e-06
-1.393882333333330418e-06
1.183257999864892600e-06
6.232334476999992073e-02
3.922097926314273841e-22
-4.324227999951286249e-06
-7.445875783466694708e-02
-8.535067689523536099e-23
2.366442000045037386e-06
3.572622918534686981e-22
6.232334476999992073e-02
-1.441442666666663692e-06
-8.826290739438774704e-23
-7.445875783466694708e-02
2.273028165899990821e-02
-2.476266666470481149e-08
1.041666666666673844e-08
-2.240484913899998612e-02
2.463099999810596220e-08
3.018700000063175183e-08
-1.240299999803821077e-08
1.205083746449991423e-02
1.913510623667752273e-24
2.574199999810595474e-08
-1.209391960300000568e-02
3.953658911218615182e-22
9.660333333333385691e-09
1.774574444304481717e-24
1.202250010583325035e-02
4.230300000063175921e-08
3.976595933443336677e-22
-1.208752760700000650e-02
-2.240484913899998612e-02
2.574199999810595474e-08
4.230300000063175921e-08
2.273028165899990821e-02
-2.476266666601266676e-08
-1.041666666666673844e-08
2.463099999810596220e-08
-1.209391960300000568e-02
3.976595933443336677e-22
-1.240299999934606604e-08
1.205083746449991423e-02
-6.378368745559174856e-25
3.018700000063175183e-08
3.953658911218615182e-22
-1.208752760700000650e-02
-9.660333333333385691e-09
-5.915248147681605722e-25
1.202250010583325035e-02
3.965189719833317993e-03
4.557099999951664684e-08
1.129133333333328462e-08
-2.943626606999996242e-03
-2.722999998541471103e-09
-1.889700000048701788e-08
4.728133333284997623e-08
1.186120815999992112e-02
6.913947612386210595e-25
3.989000001458525572e-09
-1.088352636000000651e-02
-8.263637381177871108e-22
7.675333333333318616e-09
4.699786199527816904e-25
1.182553590633325657e-02
-7.312000000487010423e-09
-8.238246166767849009e-22
-1.089696122400000793e-02
-2.943626606999996242e-03
3.989000001458525572e-09
-7.312000000487010423e-09
3.965189719833317993e-03
4.557099999854966608e-08
-1.129133333333328462e-08
-2.722999998541471103e-09
-1.088352636000000651e-02
-8.238246166767849009e-22
4.728133333188299547e-08
1.186120815999992112e-02
-2.074184283715863087e-24
-1.889700000048701788e-08
-8.263637381177871108e-22
-1.089696122400000793e-02
-7.675333333333318616e-09
-1.409935859858344887e-24
1.182553590633325657e-02
-1.160216297716663847e-02
1.120443333318925600e-07
3.554566666666672972e-08
1.388990714900000499e-02
-3.823399999525653951e-08
-9.199300000158213374e-08
1.230666666652259862e-07
1.192303793333325534e-02
2.176544345344608880e-24
-4.084999999525654784e-08
-1.193196058600000387e-02
-1.113191142865978648e-21
3.702066666666674790e-08
2.266862046781727516e-24
1.190470273333325661e-02
-9.114700000158210089e-08
-1.113195918988521306e-21
-1.194990524800000099e-02
1.388990714900000499e-02
-4.084999999525654784e-08
-9.114700000158210089e-08
-1.160216297716663847e-02
1.120443333290115494e-07
-3.554566666666672972e-08
-3.823399999525653951e-08
-1.193196058600000387e-02
-1.113195918988521306e-21
1.230666666623449625e-07
1.192303793333325534e-02
-6.529633036033826639e-24
-9.199300000158213374e-08
-1.113191142865978648e-21
-1.194990524800000099e-02
-3.702066666666674790e-08
-6.800586140345182181e-24
1.190470273333325661e-02
-3.116799085916677897e-02
2.011343333309436306e-07
6.696399999999992385e-08
2.788852957800002155e-02
-6.281099999348014166e-08
-1.259890000021677996e-07
2.023759999976103729e-07
7.854222217000007486e-03
4.100362412905163707e-24
-6.385199999348014416e-08
-7.604521542999992563e-03
5.702091065230449208e-21
6.742399999999990283e-08
4.128529289285551253e-24
7.671871459499998193e-03
-1.299960000021678169e-07
5.701291248405921516e-21
-7.511085213999992016e-03
2.788852957800002155e-02
-6.385199999348014416e-08
-1.299960000021678169e-07
-3.116799085916677897e-02
2.011343333261648031e-07
-6.696399999999992385e-08
-6.281099999348014166e-08
-7.604521542999992563e-03
5.701291248405921516e-21
2.023759999928315454e-07
7.854222217000007486e-03
-1.230108723871548965e-23
-1.259890000021677996e-07
5.702091065230449208e-21
-7.511085213999992016e-03
-6.742399999999990283e-08
-1.238558786785665302e-23
7.671871459499998193e-03
3.146902747247527721e+00
-1.737996814569466315e-05
5.859889999999139988e-06
-2.759077408524003516e+00
5.286756999447726700e-06
1.057357400018399800e-05
-1.739784847902799009e-05
-2.987963461714502333e-01
-3.813508880009386454e-11
5.286756999447726700e-06
2.473527685140002597e-01
-2.900000008191228396e-11
5.876731666665806314e-06
-3.813547705320809894e-11
-3.016280349110835313e-01
1.054093700018399643e-05
-2.900000008191827779e-11
2.459886056580000147e-01
-2.759077408524003516e+00
5.286756999447726700e-06
1.054093700018399643e-05
2.926787630066846724e+00
-1.579451947725303793e-05
-5.439142999993051222e-06
5.286756999447726700e-06
2.473527685140002597e-01
-2.900000008191827779e-11
-1.579718281058637236e-05
-2.588552152277710516e-01
3.380635089950675574e-11
1.057357400018399800e-05
-2.900000008191228396e-11
2.459886056580000147e-01
-5.413933333326317385e-06
3.413440195590505413e-11
-2.612985023295839038e-01
-9.876737882667245734e-04
6.637628429206662577e-07
-2.341866666666657885e-07
-7.098104715999998919e-03
-1.402723077012374564e-07
4.575002087423559545e-07
7.123835095873333345e-07
9.411569577651662799e-02
-1.694281834754773493e-14
-1.619854356311329780e-07
-9.742492582000002177e-02
8.352900074999961011e-04
-2.327959999999990625e-07
-1.684220709990201807e-14
9.435082771074959629e-02
4.906161406256657658e-07
8.352900074999961011e-04
-9.742492582000003565e-02
-7.098104715999998919e-03
-1.619854356311329780e-07
4.906161406256657658e-07
4.319116210999997436e-03
6.439163333167067280e-07
-2.249059999999999891e-07
-1.402723077012374564e-07
-9.742492582000002177e-02
8.352900074999961011e-04
6.835253333167071986e-07
9.482915196224994681e-02
-4.131456195135518952e-23
4.575002087423559545e-07
8.352900074999961011e-04
-9.742492582000003565e-02
-2.255699999999998950e-07
-4.143653677255024580e-23
9.530030199091629739e-02
-9.370103590603466592e-02
8.488966287488380936e-07
-2.988059999999919621e-07
8.325108852799989467e-02
-2.759249999697331611e-07
-5.422140000098084700e-07
8.521586287488376103e-07
7.603801841853434496e-02
-6.328471587662635049e-14
-2.619479999697331148e-07
-8.151677527149997493e-02
2.814548968753329213e-19
-2.998813333333253325e-07
-6.351246285785388230e-14
7.782247192799979230e-02
-5.151910000098081360e-07
2.814607167643166527e-19
-7.691890328949996247e-02
8.325108852799989467e-02
-2.619479999697331148e-07
-5.151910000098081360e-07
-9.344743778363243103e-02
9.022930108319060786e-07
-2.987983333333301131e-07
-2.759249999697331611e-07
-8.151677527149997493e-02
2.814607167643166527e-19
9.023236774985726389e-07
7.878958325496525361e-02
3.366572214411400459e-14
-5.422140000098084700e-07
2.814548968753329213e-19
-7.691890328949996247e-02
-2.975579999999967939e-07
3.352597331452633019e-14
7.874222745133307999e-02
-1.033854501123964847e-01
7.251596727145085987e-07
-3.078816666665486853e-07
1.007665385959999882e-01
-2.775359999689456325e-07
-5.390200000102276765e-07
7.294976727145077472e-07
6.617304739364614219e-02
-2.682657850970674005e-13
-2.629939999689455543e-07
-6.828866605700004144e-02
1.249506001882636805e-19
-3.076843333332154635e-07
-2.680938431228484305e-13
6.820395510458325539e-02
-5.121140000102273958e-07
1.249564331809676158e-19
-6.624671383200005093e-02
1.007665385959999882e-01
-2.629939999689455543e-07
-5.121140000102273958e-07
-1.043704354414818070e-01
9.024944510023409107e-07
-3.034343333333304466e-07
-2.775359999689456325e-07
-6.828866605700004144e-02
1.249564331809676158e-19
9.023757843356739330e-07
6.920232281914810712e-02
3.142935186905359082e-14
-5.390200000102276765e-07
1.249506001882636805e-19
-6.624671383200005093e-02
-3.019163333333303664e-07
3.127211931196911115e-14
6.963535705749987481e-02
-1.078243749931350332e-01
8.795819034072889237e-07
2.487073333331620085e-07
1.076972691689998263e-01
-2.401329999741671862e-07
-4.807290000086216998e-07
8.762949034072887170e-07
3.384078773663466017e-02
-2.918472322912864293e-13
-2.398209999741671500e-07
-3.292994863899997848e-02
-1.096646783056175049e-20
2.523463333331593321e-07
-2.961174404273872294e-13
3.341758686166670933e-02
-4.811950000086216459e-07
-1.096653432888270694e-20
-3.310784228399997475e-02
1.076972691689998263e-01
-2.398209999741671500e-07
-4.811950000086216459e-07
-1.075973767753449495e-01
7.951352510461961081e-07
-2.468516666666122546e-07
-2.401329999741671862e-07
-3.292994863899997848e-02
-1.096653432888270694e-20
7.884839177128622384e-07
3.359044292076130561e-02
1.638137042810371125e-13
-4.807290000086216998e-07
-1.096646783056175049e-20
-3.310784228399997475e-02
-2.488333333332784596e-07
1.651287618688607803e-13
3.316388756008339239e-02
2.958388252673244789e+00
-1.627021318110900123e-05
5.474616666665954415e-06
-2.894723854510006245e+00
5.865329999414405432e-06
1.173073000019520357e-05
-1.641765084777565989e-05
-2.597076990749150327e-01
-3.179287371090710231e-11
5.865329999414405432e-06
2.931005256900002243e-01
-3.499999998722954819e-11
5.437932333332634427e-06
-3.112536135557184270e-11
-2.709404822601673701e-01
1.173073000019520357e-05
-3.499999998722954819e-11
2.932797562810000036e-01
-2.894723854510006245e+00
5.865329999414405432e-06
1.173073000019520357e-05
2.649152579406547137e+00
-1.396296718053181126e-05
-4.898091999994673377e-06
5.865329999414405432e-06
2.931005256900002243e-01
-3.499999998722954819e-11
-1.423133084719847528e-05
-2.124408723601355353e-01
2.602631576764960815e-11
1.173073000019520357e-05
-3.499999998722954819e-11
2.932797562810000036e-01
-4.882988999994671737e-06
2.602315117885894792e-11
-2.234054250175845913e-01
8.638072533866698599e-01
-4.098699333181449966e-06
1.351084999999997966e-06
-9.360426397760002182e-01
-1.381014000164356110e-06
-2.713258999945123128e-06
-4.120278999848116212e-06
3.696598037341665421e-02
2.481902880938998568e-22
-1.355859000164356094e-06
-4.132362406100006935e-02
2.726672008593720312e-19
1.396791999999997993e-06
2.565865277811940844e-22
3.656790050291668787e-02
-2.812880999945122324e-06
2.726504408943703756e-19
-3.983703164800005830e-02
-9.360426397760002182e-01
-1.355859000164356094e-06
-2.812880999945122324e-06
8.528859307252746325e-01
-3.036885421212773450e-06
1.314521999999978239e-06
-1.381014000164356110e-06
-4.132362406100006935e-02
2.726504408943703756e-19
-2.944834754546107366e-06
4.242669881706184060e-02
4.029623852731738982e-13
-2.713258999945123128e-06
2.726672008593720312e-19
-3.983703164800005830e-02
1.291571999999795355e-06
7.234408658599675495e-13
4.135935052616666885e-02
-6.741888366819200062e-02
8.587006429961939993e-07
-2.761246666666655913e-07
6.561933549500008345e-02
-5.875109999723136420e-07
2.920959999906401508e-07
8.508359763295272909e-07
8.636163611077520008e-02
-3.070739096585722165e-14
-5.705919999723133301e-07
-8.510016517750008946e-02
8.859584803579674135e-23
-2.763263333333325308e-07
-3.072981799946084830e-14
8.534200339541656022e-02
2.809389999906401257e-07
8.758233034482241512e-23
-8.724186806750010292e-02
6.561933549500008345e-02
-5.705919999723133301e-07
2.809389999906401257e-07
-6.472080920778938706e-02
8.510623818412582010e-07
-2.687686666666650853e-07
-5.875109999723136420e-07
-8.510016517750008946e-02
8.758233034482241512e-23
8.408580485079252523e-07
8.731040433303928483e-02
3.384796713193461567e-14
2.920959999906401508e-07
8.859584803579674135e-23
-8.724186806750010292e-02
-2.698803333333320508e-07
3.398796729364124986e-14
8.632654879508323831e-02
-1.174788053635608814e-01
8.443479476396944003e-07
2.848556666666562481e-07
1.179959242799999003e-01
-1.971639999700061178e-07
-3.950160000099389737e-07
8.434862809730281948e-07
4.512951292722729851e-02
-7.609358925590881089e-14
-1.947339999700061417e-07
-4.528398881100009765e-02
5.934463631569634898e-20
2.846029999999897008e-07
-7.602609432496020748e-14
4.655517253166662622e-02
-3.909250000099389141e-07
5.934553661479039367e-20
-4.431382703700010445e-02
1.179959242799999003e-01
-1.947339999700061417e-07
-3.909250000099389141e-07
-1.179716135058489074e-01
8.596218601571398464e-07
-2.838379999999945773e-07
-1.971639999700061178e-07
-4.528398881100009765e-02
5.934553661479039367e-20
8.563331934904732447e-07
4.445529002768192767e-02
5.354549955329529342e-14
-3.950160000099389737e-07
5.934463631569634898e-20
-4.431382703700010445e-02
-2.818823333333281900e-07
5.317656675139285857e-14
4.590183044766660975e-02
-9.923503206048060743e-02
5.941382337212965651e-07
2.158936666666638392e-07
9.955603499000012513e-02
-3.278075422010876259e-10
-4.920910326025958544e-07
5.964652337212962127e-07
2.666752085948092058e-02
-3.423117083445252214e-14
6.917499918493844935e-09
-2.722670875599998708e-02
1.763811519999974181e-04
2.186443333333303868e-07
-3.466730470548763973e-14
2.668126920566653293e-02
-5.015080092830385205e-07
1.763811519999974181e-04
-2.749128048399998234e-02
9.955603499000012513e-02
6.917499918493844935e-09
-5.015080092830385205e-07
-9.941737667764589947e-02
6.191574043350112713e-07
-2.187183333333236150e-07
-3.278075422010876259e-10
-2.722670875599998708e-02
1.763811519999974181e-04
6.163437376683446523e-07
2.666691531097921397e-02
6.461188984299082022e-14
-4.920910326025958544e-07
1.763811519999974181e-04
-2.749128048399998234e-02
-2.192643333333234930e-07
6.477318446935623970e-14
2.634500173333319609e-02
1.357693211747999174e+00
-6.599086188432154021e-06
2.260165333333328118e-06
-1.457494516837001264e+00
2.450811999727765956e-06
4.901638000090656660e-06
-6.410359188432159004e-06
-6.356344981575834385e-03
-8.853238933210478169e-14
2.516087999727765752e-06
2.447293945999995737e-02
-8.412441960388573350e-20
2.202323666666662946e-06
-8.626668740427338382e-14
-6.221653113583321300e-03
4.999549000090656272e-06
-8.410243664274982903e-20
2.308689460199998822e-02
-1.457494516837001264e+00
2.516087999727765752e-06
4.999549000090656272e-06
1.357693211745351292e+00
-6.262797564075431296e-06
-2.255782666666615435e-06
2.450811999727765956e-06
2.447293945999995737e-02
-8.410243664274982903e-20
-6.083724230742100702e-06
-6.155309613093983868e-03
4.654263179628162382e-13
4.901638000090656660e-06
-8.412441960388573350e-20
2.308689460199998822e-02
-2.198700333333284653e-06
4.536487559588855162e-13
-6.281119212416655384e-03
1.413418662382692981e+00
-6.969228962116650774e-06
2.353145999999996579e-06
-1.465572795682001273e+00
2.450811999726281954e-06
4.901638000091117446e-06
-6.709464962116650461e-06
-9.524637436435454477e-03
-5.424737829309103417e-14
2.516087999726281751e-06
2.447293945999995737e-02
-1.180035128578676089e-19
2.290972333333331684e-06
-5.281408073504103573e-14
-9.365359388750004593e-03
4.999549000091117058e-06
-1.179815298967317044e-19
2.253360702099998364e-02
-1.465572795682001273e+00
2.516087999726281751e-06
4.999549000091117058e-06
1.413418662379720692e+00
-6.508768885933287947e-06
-2.349747999999945133e-06
2.450811999726281954e-06
2.447293945999995737e-02
-1.179815298967317044e-19
-6.291114552599956036e-06
-9.508031245130495884e-03
4.923515978067342732e-13
4.901638000091117446e-06
-1.180035128578676089e-19
2.253360702099998364e-02
-2.287639666666614951e-06
4.793378034961191451e-13
-9.424825484083338908e-03
1.333207742161603704e-01
3.766731775538657064e-08
8.549666666666641382e-09
-1.190869314329999762e-01
8.460999999566450283e-08
1.600090000013902858e-07
9.792365108871915916e-08
9.550515448234020432e-02
4.488569843742352105e-16
8.764699999566453194e-08
-9.548557299700007051e-02
-1.649336005520564130e-19
6.780333333333312091e-09
3.559670910817699146e-16
9.591147037350025717e-02
1.423310000013903574e-07
-1.649366619853572163e-19
-9.638356049300006445e-02
-1.190869314329999762e-01
8.764699999566453194e-08
1.423310000013903574e-07
1.452913003010007087e-01
-2.552333332417912956e-08
1.932799999999992664e-08
8.460999999566450283e-08
-9.548557299700007051e-02
-1.649366619853572163e-19
5.720500000915420440e-08
9.545861755516654723e-02
3.550496000087992862e-24
1.600090000013902858e-07
-1.649336005520564130e-19
-9.638356049300006445e-02
2.441533333333330672e-08
4.485023972517346562e-24
9.585334900950025216e-02
-1.178152244762267625e-01
8.434286875805400015e-07
2.859369999999897311e-07
1.185621299399999273e-01
-2.857739999696926865e-07
-5.757070000101419835e-07
8.481073542472066442e-07
4.575544530322641495e-02
-7.638244618994232009e-14
-2.873539999696926782e-07
-4.642608603700010966e-02
-3.884574638090227484e-20
2.860166666666564793e-07
-7.640372757318339216e-14
4.567234543566659616e-02
-5.791360000101418748e-07
-3.884647302508072343e-20
-4.705904545200011863e-02
1.185621299399999273e-01
-2.873539999696926782e-07
-5.791360000101418748e-07
-1.179853545796831910e-01
8.552633258055543141e-07
-2.865696666666615797e-07
-2.857739999696926865e-07
-4.642608603700010966e-02
-3.884647302508072343e-20
8.563643258055547420e-07
4.509602492301612725e-02
5.406082328119561862e-14
-5.757070000101419835e-07
-3.884574638090227484e-20
-4.705904545200011863e-02
-2.854576666666617482e-07
5.385104659342562680e-14
4.532625304166659069e-02
-9.026436882649453708e-02
5.512074633667343287e-07
1.999193333333318123e-07
9.096064378999986488e-02
-3.093823632984216407e-09
-4.388703786692588963e-07
5.480657967000676554e-07
2.221512021632738795e-02
-3.191613738312097597e-14
-1.809426186708332992e-09
-2.157021573879998322e-02
2.114495075999974633e-04
1.980546666666651576e-07
-3.161845252936133309e-14
2.177725189500001601e-02
-4.379151304292710129e-07
2.114495075999974633e-04
-2.188739000019997855e-02
9.096064378999986488e-02
-1.809426186708332992e-09
-4.379151304292710129e-07
-9.002424532032655968e-02
5.634379416431993028e-07
-1.996106666666578164e-07
-3.093823632984216407e-09
-2.157021573879998322e-02
2.114495075999974633e-04
5.569752749765324372e-07
2.183980255799278583e-02
6.264437611571827721e-14
-4.388703786692588963e-07
2.114495075999974633e-04
-2.188739000019997855e-02
-1.974436666666579268e-07
6.196430041981644217e-14
2.190235527500007315e-02
3.158868592440341239e+00
-1.782985241904748260e-05
5.993005333332441604e-06
-2.881685048201004573e+00
5.876554999415894565e-06
1.171845700019470280e-05
-1.776848875238081169e-05
-3.202579236150145392e-01
-3.947149085837835082e-11
5.850469999415894289e-06
2.980354992345000675e-01
-3.599999999486231506e-11
6.068343999999100808e-06
-3.980656098371301543e-11
-3.185841508313332349e-01
1.171880300019470430e-05
-3.599999999486384664e-11
2.980900994544999905e-01
-2.881685048201004573e+00
5.850469999415894289e-06
1.171880300019470430e-05
2.958897858355779231e+00
-1.643651156087710399e-05
-5.547691333326035746e-06
5.876554999415894565e-06
2.980354992345000675e-01
-3.599999999486384664e-11
-1.627700589421043662e-05
-2.848951168546218216e-01
3.549576210956948429e-11
1.171845700019470280e-05
-3.599999999486231506e-11
2.980900994544999905e-01
-5.624810666659228233e-06
3.617858788222896202e-11
-2.779519159701668296e-01
-1.176314427066936508e-01
7.957857453032420611e-07
-3.193716666665452499e-07
1.154507956540001407e-01
-3.128869999664916557e-07
-6.375960000110647258e-07
7.928954119699085650e-07
7.015203461252664252e-02
-2.782773388999858995e-13
-3.155589999664917739e-07
-6.696272831700010586e-02
1.055088493123357769e-19
-3.188673333332120240e-07
-2.778378993611458603e-13
6.890611796566643854e-02
-6.370640000110642284e-07
1.055087834263381017e-19
-6.523804081600009797e-02
1.154507956540001407e-01
-3.155589999664917739e-07
-6.370640000110642284e-07
-1.136040026496405037e-01
9.379338852587141893e-07
-3.125603333333315303e-07
-3.128869999664916557e-07
-6.696272831700010586e-02
1.055087834263381017e-19
9.423265519253810900e-07
7.168384334680702463e-02
3.237461162923351416e-14
-6.375960000110647258e-07
1.055088493123357769e-19
-6.523804081600009797e-02
-3.147583333333314816e-07
3.260227774285121284e-14
7.002307807133308082e-02
-1.127205979114403456e-01
7.528457315153590854e-07
2.798416666666554860e-07
1.167821789580001518e-01
-1.629769999707430229e-07
-3.204650000096577419e-07
7.602010648486926946e-07
4.557815317694045854e-02
-7.475419776338967708e-14
-1.471619999707430629e-07
-4.248596711600002851e-02
9.485082684168058351e-20
2.739229999999890254e-07
-7.317314236243466576e-14
4.533173534933336579e-02
-2.944390000096577178e-07
9.485657612977617715e-20
-4.093612132700002321e-02
1.167821789580001518e-01
-1.471619999707430629e-07
-2.944390000096577178e-07
-1.134260793200501799e-01
7.611348340330305255e-07
-2.666146666666610017e-07
-1.629769999707430229e-07
-4.248596711600002851e-02
9.485657612977617715e-20
7.692595006996967876e-07
4.475645181538359663e-02
5.029635043546650319e-14
-3.204650000096577419e-07
9.485082684168058351e-20
-4.093612132700002321e-02
-2.606303333333277030e-07
4.916741731929892178e-14
4.387252661400000558e-02
-8.669116177533858769e-02
4.264220326058013408e-07
1.671880000001261562e-07
5.191987467900014558e-02
-4.629999998529924459e-08
-1.008860000047594062e-07
4.260080326058011889e-07
3.299253171908873156e-02
6.341683145598321439e-13
-3.558999998529922346e-08
-2.810845894199998085e-02
-9.999998586259089932e-13
1.667106666667928287e-07
6.342610996086334017e-13
3.215680517758324336e-02
-7.207700000475925725e-08
-9.999998586199610072e-13
-2.579937775499999836e-02
5.191987467900014558e-02
-3.558999998529922346e-08
-7.207700000475925725e-08
-8.757892971016634220e-02
4.513122689634394189e-07
-1.649580000001214571e-07
-4.629999998529924459e-08
-2.810845894199998085e-02
-9.999998586199610072e-13
4.646322689634395938e-07
3.162205120991626317e-02
-6.358453266969031574e-13
-1.008860000047594062e-07
-9.999998586259089932e-13
-2.579937775499999836e-02
-1.648893333334548537e-07
-6.358581566213561572e-13
3.171044437891657602e-02
-9.750891002798096896e-02
5.940570612750951717e-07
2.113616666666642854e-07
9.861727775900012982e-02
-1.164544179675477402e-09
-4.893107056791395774e-07
5.942637279417612962e-07
2.633018852214789179e-02
-3.351259641484599635e-14
-6.600872439514604510e-10
-2.674166058799998247e-02
-3.527623039999965709e-04
2.146989999999974414e-07
-3.404174962822499501e-14
2.644042549733319897e-02
-4.839088126590956346e-07
-3.527623039999965709e-04
-2.621251713199998501e-02
9.861727775900012982e-02
-6.600872439514604510e-10
-4.839088126590956346e-07
-9.868479687697656599e-02
6.220260903538642361e-07
-2.112113333333243936e-07
-1.164544179675477402e-09
-2.674166058799998247e-02
-3.527623039999965709e-04
6.229067570205310720e-07
2.627908931897632999e-02
6.239423643616787841e-14
-4.893107056791395774e-07
-3.527623039999965709e-04
-2.621251713199998501e-02
-2.165749999999906483e-07
6.397872473460884407e-14
2.640368333499987924e-02
8.378066580763365856e-01
-3.338274333186811676e-06
1.236255999999998070e-06
-8.915604101220000466e-01
-1.345922000156818489e-06
-2.689948999947926686e-06
-3.703371666520152248e-06
4.024993230116664239e-02
-6.666666664395701668e-13
-1.499956000156818503e-06
-3.787494581350005218e-02
-6.016379023357687473e-19
1.270049666666664772e-06
-3.333333331000289803e-13
3.634069456966670247e-02
-2.899878999947926555e-06
-6.016858977134040548e-19
-4.114792004550005267e-02
-8.915604101220000466e-01
-1.499956000156818503e-06
-2.899878999947926555e-06
9.218431381641097877e-01
-2.812963397017481594e-06
1.341476000000160898e-06
-1.345922000156818489e-06
-3.787494581350005218e-02
-6.016858977134040548e-19
-2.834614730350814155e-06
3.845957380597617159e-02
8.472664239430788982e-14
-2.689948999947926686e-06
-6.016379023357687473e-19
-4.114792004550005267e-02
1.263914333333506400e-06
4.128246793800541494e-14
3.718323267141668970e-02
-8.218086620985436130e-02
8.320087932847582487e-07
-2.827243333333257566e-07
8.172496392099987128e-02
-2.011859999723804913e-07
-3.996970000094609169e-07
8.081011266180911630e-07
7.433217044635412329e-02
-5.987874777082321362e-14
-9.123399997238028870e-08
-6.862810431699990776e-02
-2.544584291569357535e-19
-2.725299999999928193e-07
-5.771966967817577678e-14
7.555678505033310011e-02
-1.617490000094604859e-07
-2.544079862002083318e-19
-7.278261797199990502e-02
8.172496392099987128e-02
-9.123399997238028870e-08
-1.617490000094604859e-07
-7.982641961148270737e-02
8.404905721319757150e-07
-2.793526666666637459e-07
-2.011859999723804913e-07
-6.862810431699990776e-02
-2.544079862002083318e-19
8.107729054653089763e-07
7.569424102748234517e-02
3.147477146643155121e-14
-3.996970000094609169e-07
-2.544584291569357535e-19
-7.278261797199990502e-02
-2.670209999999975045e-07
3.008535788121356845e-14
7.617736047133308319e-02
-8.741099044051510447e-02
7.186078777715209945e-07
-2.818049999998916604e-07
9.327766552999991467e-02
-1.979059999717695289e-07
-4.006880000095450234e-07
6.963312111048543553e-07
6.467929088768148427e-02
-2.455444664430998363e-13
-1.437289999717694005e-07
-6.040174014349991571e-02
-1.347757293490020474e-19
-2.719459999998956482e-07
-2.369540479102048526e-13
6.536129952199985771e-02
-2.681790000095448260e-07
-1.347480704561145845e-19
-6.260173650349992736e-02
9.327766552999991467e-02
-1.437289999717694005e-07
-2.681790000095448260e-07
-9.216872172465793989e-02
8.583997863048400390e-07
-2.884066666666637422e-07
-1.979059999717695289e-07
-6.040174014349991571e-02
-1.347480704561145845e-19
8.533734529715063442e-07
6.610490857282419475e-02
2.987280479592238085e-14
-4.006880000095450234e-07
-1.347757293490020474e-19
-6.260173650349992736e-02
-2.860086666666638818e-07
2.962442293038314792e-14
6.607120458399981522e-02
-1.068089759302664893e-01
9.383058186313091267e-07
2.913516666666127391e-07
1.054031408979999168e-01
-2.536469999715239383e-07
-5.078550000096337991e-07
9.364714852979759810e-07
5.014274536693269502e-02
-1.745952700587528598e-13
-1.715859999715238230e-07
-4.961438880749997893e-02
-1.412609938601288304e-19
2.887869999999466407e-07
-1.730583690538595667e-13
5.169669413666649199e-02
-3.133960000096332355e-07
-1.412202475342923440e-19
-5.192000393049997498e-02
1.054031408979999168e-01
-1.715859999715238230e-07
-3.133960000096332355e-07
-1.053577822326622615e-01
8.798985612821942199e-07
-2.914613333333261610e-07
-2.536469999715239383e-07
-4.961438880749997893e-02
-1.412202475342923440e-19
8.819688946155278450e-07
5.205228420132846506e-02
5.690766327630147777e-14
-5.078550000096337991e-07
-1.412609938601288304e-19
-5.192000393049997498e-02
-2.898283333333263475e-07
5.658882093427488558e-14
5.230732587299980613e-02
-1.071826664820947211e-01
8.928946834814348304e-07
2.565353333331566970e-07
1.075248308769998079e-01
-2.444649999742461078e-07
-4.808120000085991093e-07
8.953996834814346268e-07
3.283106168392770086e-02
-3.010330496283018927e-13
-2.421149999742460901e-07
-3.267300560699997608e-02
-1.459463527814872656e-20
2.594339999998212683e-07
-3.044345088159480083e-13
3.326917579083339682e-02
-4.873090000085990913e-07
-1.459568486168812242e-20
-3.291015376799998754e-02
1.075248308769998079e-01
-2.421149999742460901e-07
-4.873090000085990913e-07
-1.071424156601481076e-01
8.130238850653307194e-07
-2.523889999999443847e-07
-2.444649999742461078e-07
-3.267300560699997608e-02
-1.459568486168812242e-20
8.154115517319975436e-07
3.285741151006436184e-02
1.674883445920425039e-13
-4.808120000085991093e-07
-1.459463527814872656e-20
-3.291015376799998754e-02
-2.565283333332765178e-07
1.702352554626217015e-13
3.304518090741672548e-02
3.068887359051675756e-01
-1.513491333315427023e-06
-5.119530000000023344e-07
-3.531665206050005335e-01
5.978779999370098144e-07
1.195756000021016268e-06
-1.522986333315426751e-06
1.456650102866660981e-02
-3.134808013819438779e-23
5.959769999370098558e-07
-1.026625169599998388e-02
2.115143073525982597e-20
-5.041216666666690325e-07
-3.086854927320826159e-23
1.476263976766661011e-02
1.194028000021016214e-06
2.115099690413128171e-20
-9.923813908999984737e-03
-3.531665206050005335e-01
5.959769999370098558e-07
1.194028000021016214e-06
3.007466347143339935e-01
-1.478250333315838928e-06
-5.002060000000021697e-07
5.978779999370098144e-07
-1.026625169599998388e-02
2.115099690413128171e-20
-1.488871333315838822e-06
1.515491723566660814e-02
-3.062878384071518085e-23
1.195756000021016268e-06
2.115143073525982597e-20
-9.923813908999984737e-03
-4.927500000000021855e-07
-3.017223551399304596e-23
1.535105597466661018e-02
-2.848114024649998216e-02
2.826966666632046553e-07
9.439999999999994533e-08
2.788164117299997066e-02
-9.485699998987545520e-08
-1.894120000033704258e-07
2.805213333298713082e-07
2.805587976066655984e-02
5.780332891975503832e-24
-9.586199998987545659e-08
-2.723365147999999222e-02
4.429519550568183598e-21
9.352899999999993707e-08
5.726999523872636140e-24
2.775398362933322732e-02
-1.910200000033704227e-07
4.429162627258697595e-21
-2.716083956199999427e-02
2.788164117299997066e-02
-9.586199998987545659e-08
-1.910200000033704227e-07
-2.875517245349997267e-02
2.873196666632384583e-07
9.533133333333327152e-08
-9.485699998987545520e-08
-2.723365147999999222e-02
4.429162627258697595e-21
2.832996666632384528e-07
2.723067757016654072e-02
5.837360611255798480e-24
-1.894120000033704258e-07
4.429519550568183598e-21
-2.716083956199999427e-02
9.486899999999993451e-08
5.809050859415508553e-24
2.719575862549988496e-02
-3.509176422583330096e-02
2.491063333299775906e-07
8.471933333333342769e-08
2.897292689399995347e-02
-7.320799999087744472e-08
-1.462580000029481893e-07
2.504966666633110269e-07
1.971608162983335202e-02
5.187563019628222326e-24
-7.303699999087746258e-08
-2.068790654049999789e-02
9.272943524054597902e-20
8.399400000000008363e-08
5.143149162379144158e-24
1.945663994883334649e-02
-1.468320000029482314e-07
9.272934026918655512e-20
-1.917315420150000546e-02
2.897292689399995347e-02
-7.303699999087746258e-08
-1.468320000029482314e-07
-3.514700512633329305e-02
2.478359999899816350e-07
-8.476500000000011085e-08
-7.320799999087744472e-08
-2.068790654049999789e-02
9.272934026918655512e-20
2.460363333233150540e-07
1.939177940633333985e-02
-1.557107788945882801e-23
-1.462580000029481893e-07
9.272943524054597902e-20
-1.917315420150000546e-02
-8.192400000000013193e-08
-1.504919465600218848e-23
1.971608172766666986e-02
-3.568494885516657750e-02
2.162816666634204871e-07
7.226933333333340554e-08
2.921997313799995152e-02
-5.747799999157607230e-08
-1.182700000027689371e-07
2.188169999967539777e-07
1.734033116483336620e-02
4.425220387158993529e-24
-5.802099999157607921e-08
-1.663774519450001918e-02
3.911763934039681731e-20
7.205000000000006614e-08
4.411790093928343791e-24
1.666764082816668199e-02
-1.213870000027689245e-07
3.911703350762519224e-20
-1.599860887450001851e-02
2.921997313799995152e-02
-5.802099999157607921e-08
-1.213870000027689245e-07
-3.563240298199992634e-02
2.165079999903099122e-07
-7.202833333333343667e-08
-5.747799999157607230e-08
-1.663774519450001918e-02
3.911703350762519224e-20
2.149656666569767799e-07
1.712166384300003313e-02
-1.323139017968780921e-23
-1.182700000027689371e-07
3.911763934039681731e-20
-1.599860887450001851e-02
-7.105366666666675889e-08
-1.305234681765246330e-23
1.708923371866668400e-02
-2.749490473299994950e-02
8.427066666448208076e-08
2.910833333333327469e-08
2.775200053199995687e-02
-2.812599999335690905e-08
-5.589700000220100272e-08
8.437066666448207504e-08
8.175212238666683048e-03
1.782371362259040133e-24
-3.208699999335693374e-08
-8.411291345000009023e-03
1.338724369116640967e-20
2.886599999999992575e-08
1.767532725209370320e-24
8.398446842833352105e-03
-5.814900000220102845e-08
1.338658746417905607e-20
-8.192525460000009419e-03
2.775200053199995687e-02
-3.208699999335693374e-08
-5.814900000220102845e-08
-2.719562820966662034e-02
8.800933332686286196e-08
-3.257666666666664537e-08
-2.812599999335690905e-08
-8.411291345000009023e-03
1.338658746417905607e-20
9.200666666019614426e-08
8.025508940250019110e-03
-5.984236584033537181e-24
-5.589700000220100272e-08
1.338724369116640967e-20
-8.192525460000009419e-03
-3.205566666666663693e-08
-5.888530436680169691e-24
8.244884229416689705e-03
3.150782041253339938e-01
-1.550057999981592170e-06
-5.162440000000026208e-07
-2.922596351410005622e-01
4.961939999490110016e-07
9.922630000169671777e-07
-1.550057999981592170e-06
1.459027265799993367e-02
-3.161082810895147159e-23
5.001649999490109251e-07
-1.468775706300001586e-02
-2.876673948863723229e-20
-5.162440000000026208e-07
-3.161082810895147159e-23
1.468489545933326923e-02
1.001617000016967038e-06
-2.876477803309124342e-20
-1.516003019500001582e-02
-2.922596351410005622e-01
5.001649999490109251e-07
1.001617000016967038e-06
3.171255711538338851e-01
-1.561804999981457550e-06
-5.201596666666692718e-07
4.961939999490110016e-07
-1.468775706300001586e-02
-2.876477803309124342e-20
-1.561804999981457550e-06
1.443205584766658889e-02
-3.185059354144453469e-23
9.922630000169671777e-07
-2.876673948863723229e-20
-1.516003019500001582e-02
-5.201596666666692718e-07
-3.185059354144453469e-23
1.450771768633326089e-02
3.267190962299994228e-02
1.547999999980870321e-08
-2.157333333333336637e-09
-4.024737978000000188e-02
2.323999999232389459e-09
6.156000000263413847e-09
1.410799999980864798e-08
3.579524443033314102e-02
-1.320985680680280357e-25
-3.460000000767611247e-09
-3.606870388499998359e-02
7.548440895019446928e-21
7.446666666666671144e-09
4.559768248825314269e-25
3.593875854599981601e-02
-1.863899999973657508e-08
7.543531959557646863e-21
-3.594545041799997176e-02
-4.024737978000000188e-02
-3.460000000767611247e-09
-1.863899999973657508e-08
3.429522464316669961e-02
3.131999999909197427e-09
1.293333333333299140e-10
2.323999999232389459e-09
-3.606870388499998359e-02
7.543531959557646863e-21
1.959599999990903883e-08
3.577861920699980380e-02
7.919382634486008009e-27
6.156000000263413847e-09
7.548440895019446928e-21
-3.594545041799997176e-02
9.276000000000029593e-09
5.679911854445441875e-25
3.593044593433314393e-02
-3.405695706800007660e-02
2.950166666631170342e-07
9.826266666666676120e-08
3.444275832199995141e-02
-9.814999998944319222e-08
-1.967080000036133799e-07
2.945053333297838269e-07
2.393158874799995034e-02
6.016853010450838742e-24
-9.818399998944319107e-08
-2.302592445449999636e-02
-9.435547417278530206e-20
9.816633333333340245e-08
6.010954295034943825e-24
2.419669225299994619e-02
-1.963000000036132879e-07
-9.435540130630083804e-20
-2.456637434749998558e-02
3.444275832199995141e-02
-9.818399998944319107e-08
-1.963000000036132879e-07
-3.485176044100011389e-02
2.949833333226188937e-07
-9.843400000000011235e-08
-9.814999998944319222e-08
-2.302592445449999636e-02
-9.435540130630083804e-20
2.946553333226188923e-07
2.348165697383328490e-02
-1.808203245409060314e-23
-1.967080000036133799e-07
-9.435547417278530206e-20
-2.456637434749998558e-02
-9.830366666666675475e-08
-1.805809060916726958e-23
2.371499296049994765e-02
-3.349217790716663840e-02
1.016416666638837617e-07
3.424833333333322013e-08
3.412397332999991817e-02
-3.823999999151418931e-08
-7.844400000285133543e-08
1.004369999972170878e-07
1.195065051449995842e-02
2.097105589639906364e-24
-3.608199999151419738e-08
-1.207049735850001040e-02
-2.268125970044817725e-20
3.191133333333326346e-08
1.954005611159540882e-24
1.199589296049996014e-02
-6.918700000285132076e-08
-2.267942707774555538e-20
-1.244071118950000436e-02
3.412397332999991817e-02
-3.608199999151419738e-08
-6.918700000285132076e-08
-3.336424502899995592e-02
9.428799999174066476e-08
-3.190733333333323907e-08
-3.823999999151418931e-08
-1.207049735850001040e-02
-2.267942707774555538e-20
8.944199999174067550e-08
1.159558937641662693e-02
-5.861282045399129408e-24
-7.844400000285133543e-08
-2.268125970044817725e-20
-1.244071118950000436e-02
-2.913266666666660804e-08
-5.351584047594007296e-24
1.181044916324996454e-02
-2.437300295816674511e-02
8.183533333141656445e-08
2.039733333333335968e-08
2.312236951900002377e-02
-2.235399999453961818e-08
-4.722000000180697470e-08
7.538199999808315745e-08
6.936914450500011181e-03
1.248976448890415536e-24
-2.839699999453963133e-08
-6.602548731000003335e-03
1.316434346165721243e-20
2.180733333333335377e-08
1.335314048230303557e-24
6.921936490500022604e-03
-5.030700000180696787e-08
1.316340636192647854e-20
-6.387445424000001183e-03
2.312236951900002377e-02
-2.839699999453963133e-08
-5.030700000180696787e-08
-2.400070134850007877e-02
8.734533332768297660e-08
-2.166800000000001906e-08
-2.235399999453961818e-08
-6.602548731000003335e-03
1.316340636192647854e-20
7.817599999434960007e-08
6.760740194166683058e-03
-3.980347026588730358e-24
-4.722000000180697470e-08
1.316434346165721243e-20
-6.387445424000001183e-03
-2.324600000000000844e-08
-4.270220923946906945e-24
6.794501639833358704e-03
7.736897144016656458e-02
-2.013303333308417854e-07
-6.804800000000039863e-08
-7.176114363599998824e-02
5.979899999340134036e-08
1.203010000021644998e-07
-2.007659999975084121e-07
3.665893265099990500e-02
-4.166738269418979268e-24
5.481899999340134473e-08
-3.583969662399998785e-02
-3.504817041873785597e-20
-6.617133333333370391e-08
-4.051825578098983765e-24
3.657710034816655936e-02
1.102670000021644775e-07
-3.505031857168823517e-20
-3.641238276799998314e-02
-7.176114363599998824e-02
5.481899999340134473e-08
1.102670000021644775e-07
7.736897140350025570e-02
-2.013409999975205256e-07
-6.804800000000039863e-08
5.979899999340134036e-08
-3.583969662399998785e-02
-3.505031857168823517e-20
-2.007659999975205088e-07
3.685655442133322496e-02
-4.166738269418979268e-24
1.203010000021644998e-07
-3.504817041873785597e-20
-3.641238276799998314e-02
-6.617133333333370391e-08
-4.051825578098983765e-24
3.660797837916656555e-02
7.736897144149990080e-02
-2.086533333308486597e-07
-6.992466666666711983e-08
-7.548404218799999177e-02
6.917399999280838047e-08
1.360960000023638074e-07
-2.097739999975152913e-07
3.677344401766656501e-02
-4.281650960738975505e-24
6.693799999280837289e-08
-3.633467516799997188e-02
-3.338970369651090863e-20
-6.954933333333377559e-08
-4.258668422474976110e-24
3.666494283533322518e-02
1.336030000023637864e-07
-3.339029856869356160e-20
-3.688031176099997033e-02
-7.548404218799999177e-02
6.693799999280837289e-08
1.336030000023637864e-07
7.736897139916698585e-02
-2.080969999975198748e-07
-6.992466666666711983e-08
6.917399999280838047e-08
-3.633467516799997188e-02
-3.339029856869356160e-20
-2.097739999975198176e-07
3.684755366399989490e-02
-4.281650960738975505e-24
1.360960000023638074e-07
-3.338970369651090863e-20
-3.688031176099997033e-02
-6.954933333333377559e-08
-4.258668422474976110e-24
3.669582086633322443e-02
-1.934156522650000085e-02
2.600449999969251879e-07
8.613800000000002659e-08
1.473435153399999843e-02
-8.977599999174474676e-08
-1.807170000027968924e-07
2.612623333302585605e-07
3.089305675533335002e-02
5.274431299247737374e-24
-9.041799999174474682e-08
-3.020488851699998367e-02
-4.531471261886888170e-20
8.705000000000001517e-08
5.330275193288855449e-24
3.066740256200002276e-02
-1.802770000027968964e-07
-4.531467110334242650e-20
-3.094448220199998503e-02
1.473435153399999843e-02
-9.041799999174474682e-08
-1.802770000027968964e-07
-2.124220109933330075e-02
2.615666666634990741e-07
8.771833333333333431e-08
-8.977599999174474676e-08
-3.020488851699998367e-02
-4.531467110334242650e-20
2.614429999968324348e-07
3.050730287733334489e-02
5.371198807160362590e-24
-1.807170000027968924e-07
-4.531471261886888170e-20
-3.094448220199998503e-02
8.686266666666669882e-08
5.318804334936843328e-24
3.039447578133332856e-02
-3.369329030816661102e-02
1.113199999971902265e-07
3.700966666666651705e-08
3.438327647999992603e-02
-4.178099999131091968e-08
-8.249200000286730754e-08
1.054306666638567443e-07
1.219213287249995385e-02
2.266188491042182313e-24
-4.279099999131091350e-08
-1.291777569100000835e-02
2.910497260619674883e-20
3.696433333333320290e-08
2.263412624964115845e-24
1.198044400483329677e-02
-7.689400000286731260e-08
2.910593909745063292e-20
-1.244225073200000593e-02
3.438327647999992603e-02
-4.279099999131091350e-08
-7.689400000286731260e-08
-3.332349563916658930e-02
1.030609999916960452e-07
-3.372466666666654421e-08
-4.178099999131091968e-08
-1.291777569100000835e-02
2.910593909745063292e-20
9.868966665836269614e-08
1.187923444316662386e-02
-6.195120762846692748e-24
-8.249200000286730754e-08
2.910497260619674883e-20
-1.244225073200000593e-02
-2.988799999999991664e-08
-5.490336529937398114e-24
1.177356826149996566e-02
-2.189388304186696763e-02
1.405991150039413179e-07
4.754133333333304012e-08
2.128846714799999956e-02
3.288895061144724499e-08
-9.712535903829783681e-08
1.394427816706079616e-07
5.460704101700279527e-03
5.638340077823248787e-15
3.371343711831075879e-08
-5.366585004999997049e-03
3.388167900000155219e-05
4.766766666666637333e-08
5.653323046254192965e-15
5.415528656666684752e-03
-9.741385860502195171e-08
3.388167900000155219e-05
-5.366585004999997917e-03
2.128846714799999956e-02
3.371343711831075879e-08
-9.741385860502195171e-08
-2.190464151466671450e-02
1.420146666616595461e-07
-4.667366666666667558e-08
3.288895061144724499e-08
-5.366585004999997049e-03
3.388167900000155219e-05
1.405326666616595332e-07
5.347765922666688695e-03
-8.573813473170578266e-24
-9.712535903829783681e-08
3.388167900000155219e-05
-5.366585004999997917e-03
-4.707400000000004817e-08
-8.647353513459384029e-24
5.332707437000022005e-03
3.207909966223340681e-01
-1.606540999981133889e-06
-5.358890000000026885e-07
-3.126178301630005985e-01
5.261809999449312566e-07
1.054521000018323622e-06
-1.608792999981133584e-06
1.281562981599995883e-02
-3.281373742741396442e-23
5.250549999449311974e-07
-1.284007275900000272e-02
-3.089627168444006925e-20
-5.355136666666693707e-07
-3.279075488914996723e-23
1.312032279699996279e-02
1.054614000018323648e-06
-3.089632354823199855e-20
-1.334728567500000247e-02
-3.126178301630005985e-01
5.250549999449311974e-07
1.054614000018323648e-06
3.189582838791673036e-01
-1.594793999981267449e-06
-5.319733333333355081e-07
5.261809999449312566e-07
-1.284007275900000272e-02
-3.089632354823199855e-20
-1.597045999981267568e-06
1.316309222699994785e-02
-3.257397199492086605e-23
1.054521000018323622e-06
-3.089627168444006925e-20
-1.334728567500000247e-02
-5.315980000000021904e-07
-3.255098945665686886e-23
1.308947602066662039e-02
-3.694933637083343270e-02
2.432266666633195122e-07
8.175100000000026663e-08
3.711443179999991682e-02
-7.883099998985953292e-08
-1.610930000033246824e-07
2.452059999966527430e-07
1.773319701216669736e-02
5.005805023854779659e-24
-7.842499998985953577e-08
-1.808806943800000608e-02
5.564660668708987215e-20
8.040533333333355198e-08
4.923406705052145999e-24
1.747003086416669751e-02
-1.629670000033247162e-07
5.564628729920482440e-20
-1.717888653100000523e-02
3.711443179999991682e-02
-7.842499998985953577e-08
-1.629670000033247162e-07
-3.685034747300008906e-02
2.399689999900432035e-07
-8.077066666666693782e-08
-7.883099998985953292e-08
-1.808806943800000608e-02
5.564628729920482440e-20
2.419586666567098940e-07
1.735829760266668909e-02
-1.483733075974972035e-23
-1.610930000033246824e-07
5.564660668708987215e-20
-1.717888653100000523e-02
-7.962033333333356183e-08
-1.462601795455683854e-23
1.700601720666669939e-02
-3.349073467766662537e-02
9.933299999721792706e-08
3.407899999999990434e-08
3.482550513799995140e-02
-4.080199999128823008e-08
-8.299500000288426270e-08
8.517166666388460747e-08
1.194422642416661379e-02
2.086736913407126755e-24
-4.075599999128823086e-08
-1.259893471150002643e-02
1.967217962163634235e-20
3.423199999999986607e-08
2.096105461420601449e-24
1.169937265316662450e-02
-7.928200000288427438e-08
1.967286450535870965e-20
-1.227745540850002162e-02
3.482550513799995140e-02
-4.075599999128823086e-08
-7.928200000288427438e-08
-3.286004348733329028e-02
1.004143333252227391e-07
-3.468499999999988343e-08
-4.080199999128823008e-08
-1.259893471150002643e-02
1.967286450535870965e-20
8.790933332522273396e-08
1.129216563483328821e-02
-6.371531134263870163e-24
-8.299500000288426270e-08
1.967217962163634235e-20
-1.227745540850002162e-02
-2.897599999999999093e-08
-5.322804847814054173e-24
1.126163129749996154e-02
-3.060168166299998688e-02
4.101999999753167920e-08
1.433900000000002834e-08
3.083034889100002077e-02
-1.398999999251145934e-08
-2.746200000250970370e-08
3.313999999753169731e-08
9.705623421166624173e-03
8.780105226486966661e-25
-1.256199999251145476e-08
-9.935497491500024439e-03
-1.348732850191839495e-20
1.302500000000003722e-08
7.975512279447160769e-25
9.791351292166627918e-03
-2.622000000250969165e-08
-1.348701291043823937e-20
-1.015569245750002139e-02
3.083034889100002077e-02
-1.256199999251145476e-08
-2.622000000250969165e-08
-3.005806254050000237e-02
4.102299999279377072e-08
-1.428800000000005158e-08
-1.398999999251145934e-08
-9.935497491500024439e-03
-1.348701291043823937e-20
3.199299999279379508e-08
9.169824837666630535e-03
-2.624663019932616774e-24
-2.746200000250970370e-08
-1.348732850191839495e-20
-1.015569245750002139e-02
-1.187900000000004800e-08
-2.182136899060719906e-24
9.384144368999969982e-03
-2.470006959866674970e-02
6.661966666474212944e-08
1.697900000000004900e-08
2.372617978200002378e-02
-2.037299999442810463e-08
-4.441500000185359033e-08
6.675199999807540990e-08
6.733432727333351665e-03
1.039663900136148512e-24
-2.236999999442809929e-08
-6.605905040000005501e-03
3.754034931096605737e-21
2.054300000000001726e-08
1.257895959744204876e-24
6.797150199666690366e-03
-4.371600000185356534e-08
3.754041054330600063e-21
-6.544486122000005117e-03
2.372617978200002378e-02
-2.236999999442809929e-08
-4.371600000185356534e-08
-2.445864424133341319e-02
7.019799999428037462e-08
-1.849100000000003634e-08
-2.037299999442810463e-08
-6.605905040000005501e-03
3.754041054330600063e-21
7.202033332761374498e-08
6.678817793333353091e-03
-3.396741594455062844e-24
-4.441500000185359033e-08
3.754034931096605737e-21
-6.544486122000005117e-03
-2.217200000000001815e-08
-4.072930324604270134e-24
6.751637753000023882e-03
3.784428694683325545e-02
-7.459999999880512401e-09
-1.923333333333345924e-09
-3.131914706000001047e-02
-1.955999999243015865e-09
-2.467000000257353529e-09
-6.104666666547180233e-09
3.589325908433313450e-02
-1.177702005180045606e-25
3.658000000756989357e-09
-3.543997825799998641e-02
-5.023728219618793824e-21
-1.577999999999998480e-09
-9.662463245272607226e-26
3.581065333666647033e-02
1.948499999974267613e-08
-5.019351944281897995e-21
-3.552201090699998176e-02
-3.131914706000001047e-02
3.658000000756989357e-09
1.948499999974267613e-08
3.838539194116671188e-02
-1.294799999985093994e-08
-1.466000000000010654e-09
-1.955999999243015865e-09
-3.543997825799998641e-02
-5.019351944281897995e-21
-7.476666666517612473e-09
3.595144736599980434e-02
-8.976661037750164600e-26
-2.467000000257353529e-09
-5.023728219618793824e-21
-3.552201090699998176e-02
-4.343333333333386060e-10
-2.659524632148367739e-26
3.587518090633312617e-02
-3.432407217299992402e-02
2.556909999966219364e-07
8.227033333333327123e-08
1.985856849799999893e-02
-8.269499999237868904e-08
-1.642570000025392060e-07
2.529693333299552629e-07
2.082842420249996288e-02
5.037605019072619309e-24
-8.638499999237865127e-08
-2.163005883999998685e-02
1.378483011185793077e-21
8.005366666666656155e-08
4.901873332167118690e-24
2.132791042316662181e-02
-1.676390000025391763e-07
1.377635800530055450e-21
-2.160714011799999210e-02
1.985856849799999893e-02
-8.638499999237865127e-08
-1.676390000025391763e-07
-3.430655817949991582e-02
2.561826666565413697e-07
-8.221733333333325084e-08
-8.269499999237868904e-08
-2.163005883999998685e-02
1.377635800530055450e-21
2.536076666565413350e-07
2.080773881316663743e-02
-1.510307911516463220e-23
-1.642570000025392060e-07
1.378483011185793077e-21
-2.160714011799999210e-02
-7.748699999999985205e-08
-1.423413097882961495e-23
2.085819583449995823e-02
-3.421137091549987519e-02
1.870793333301435526e-07
6.113233333333335022e-08
1.977450129800000303e-02
-6.879299999297840060e-08
-1.350910000024100752e-07
1.815093333301436689e-07
1.785650694250002710e-02
3.743275817053786357e-24
-6.596399999297835587e-08
-1.844965095999997681e-02
-6.934963657723922183e-20
6.208966666666665295e-08
3.801895577172971634e-24
1.860234686383330921e-02
-1.269180000024099927e-07
-6.934796199520613608e-20
-1.958187716499997649e-02
1.977450129800000303e-02
-6.596399999297835587e-08
-1.269180000024099927e-07
-3.422599378999988118e-02
1.863533333237920999e-07
-6.085333333333333826e-08
-6.879299999297840060e-08
-1.844965095999997681e-02
-6.934796199520613608e-20
1.858943333237920823e-07
1.770576269883336260e-02
-1.117857598261704049e-23
-1.350910000024100752e-07
-6.934963657723922183e-20
-1.958187716499997649e-02
-5.989566666666669299e-08
-1.100265546991952671e-23
1.800790384383329709e-02
-3.413307210066653108e-02
1.216183333303537958e-07
4.234833333333347795e-08
2.696380879899996572e-02
-4.585099999226439692e-08
-9.453500000264137213e-08
1.246526666636870846e-07
1.451761956900006305e-02
2.593087543294600424e-24
-4.513999999226439803e-08
-1.514691969999998507e-02
-6.278926453915281977e-20
4.570400000000015567e-08
2.798562865411541234e-24
1.508723736433329778e-02
-9.243700000264137545e-08
-6.278883560661138068e-20
-1.617210774299998252e-02
2.696380879899996572e-02
-4.513999999226439803e-08
-9.243700000264137545e-08
-3.408975940999985771e-02
1.281629999910812535e-07
-4.130300000000012838e-08
-4.585099999226439692e-08
-1.514691969999998507e-02
-6.278883560661138068e-20
1.288876666577478860e-07
1.445876693400007136e-02
-7.587238011777493000e-24
-9.453500000264137213e-08
-6.278926453915281977e-20
-1.617210774299998252e-02
-4.459800000000013902e-08
-8.192519692256073307e-24
1.496589021333329279e-02
-2.823689087733327607e-02
9.496933333111306562e-08
3.080766666666661146e-08
2.836356903899995771e-02
-3.617999999332347162e-08
-7.108500000221838352e-08
9.766466666444639357e-08
8.014540180333352970e-03
1.886425518626593867e-24
-3.604399999332347623e-08
-7.981633220000007925e-03
7.192042958883860495e-21
3.144833333333328109e-08
1.925655037759280945e-24
8.354571802666682992e-03
-6.988900000221839055e-08
7.192270988117855838e-21
-7.864001034000004872e-03
2.836356903899995771e-02
-3.604399999332347623e-08
-6.988900000221839055e-08
-2.759617886199994957e-02
9.839933332681941419e-08
-3.281899999999998438e-08
-3.617999999332347162e-08
-7.981633220000007925e-03
7.192270988117855838e-21
1.029639999934860732e-07
7.860977540000022024e-03
-6.028752495182544782e-24
-7.108500000221838352e-08
7.192042958883860495e-21
-7.864001034000004872e-03
-3.368533333333330965e-08
-6.187895346731741654e-24
8.222946709666688336e-03
-4.234659059465720743e-01
-2.358983299533867761e+00
4.747380293443183019e-01
-2.967102650160006738e-01
7.401989105098415456e-01
-1.269595164004572729e-01
6.147432202046883010e-01
1.646486583637849277e+00
-2.823939380987163794e-01
-2.521477744276201527e+00
8.416930391694545932e+00
-1.180697309472761969e+00
1.651463659577362686e-01
5.059857878278752885e-01
-8.678885287473579735e-02
2.143980488679142482e+00
-5.289386781911769475e+00
9.072134627159272879e-01
4.756373170339036616e-01
-1.148072674085684142e+00
2.288440996656671556e-01
-2.832545481829715911e-02
-8.679142720873575523e-02
1.488683792112445101e-02
-3.677215892600446123e-01
9.072139908064661418e-01
-1.556015431629073076e-01
-2.967102650160006738e-01
1.651463659577362686e-01
-2.832545481829715911e-02
4.990839432899544792e-01
-9.268125576488078776e-02
1.630934934925350188e-02
-2.664383525581834888e-01
7.122363785897041499e-02
-1.221495569804911807e-02
7.401989105098415456e-01
5.059857878278752885e-01
-8.679142720873575523e-02
-7.729459093854744445e-02
-2.586636055112890853e-01
3.571011058507810726e-02
-4.592627425783926132e-01
1.257113266037945265e-01
-2.156180717694422197e-02
-1.269595164004572729e-01
-8.678885287473579735e-02
1.488683792112445101e-02
1.318831811083344581e-02
3.373998285325016666e-02
-1.512016631333329723e-03
7.877070256820627170e-02
-2.156229337261042836e-02
3.698330332889048031e-03
6.147432202046883010e-01
2.143980488679142482e+00
-3.677215892600446123e-01
-2.664383525581834888e-01
-4.592627425783926132e-01
7.877070256820627170e-02
2.414668899974937499e+00
-2.148426575077295730e+00
-2.580056016628469173e-01
1.646486583637849277e+00
-5.289386781911769475e+00
9.072139908064661418e-01
7.122363785897041499e-02
1.257113266037945265e-01
-2.156229337261042836e-02
-2.162989807624629002e+00
5.460622285840411649e+00
-8.446712992329309388e-01
-2.823939380987163794e-01
9.072134627159272879e-01
-1.556015431629073076e-01
-1.221495569804911807e-02
-2.156180717694422197e-02
3.698330332889048031e-03
-2.601035503980034802e-01
-8.429017969951555500e-01
2.320760667906666685e-01
3.972786565137166881e-01
-7.747578304069441257e-02
-4.979292824206040663e-02
-4.715651788489990115e-01
2.285689229640906067e-02
-2.320404529091896553e-02
-5.671278377686293087e-02
-5.827120830861262646e-02
5.914931883393222817e-02
-7.044044874702778958e-02
1.896310085246169508e-01
-7.384051866941436504e-02
-4.312922810960797930e-03
-2.192040995824115490e-02
2.225104745381383670e-02
-2.822072623346677522e-02
-1.482201332592768261e-01
1.504530233076868395e-01
-5.941985174906129485e-02
-7.083525627804831970e-02
9.891114615666658783e-02
4.375673902119602172e-03
2.225119483481383456e-02
-2.258682173575881844e-02
2.864614894218212721e-02
1.504532370383855067e-01
-1.527197680868607188e-01
-4.715651788489990115e-01
-4.312922810960797930e-03
4.375673902119602172e-03
4.634470842249689970e-01
-1.990843377869486869e-02
-1.127472939173746955e-02
-1.115560652091697989e-02
-2.076937701016941164e-03
2.108227769264949328e-03
2.285689229640906067e-02
-2.192040995824115490e-02
2.225119483481383456e-02
-2.021678694102818988e-02
2.463099836703135093e-02
-2.210516232250717139e-02
-3.156104965708415866e-02
-1.781951375686940259e-03
1.808816519373881776e-03
-2.320404529091896553e-02
2.225104745381383670e-02
-2.258682173575881844e-02
-8.243147896717291714e-03
-2.226142639207550483e-02
3.028892371199993702e-02
3.203641861287320064e-02
1.808791579060865361e-03
-1.836061372396106733e-03
-5.671278377686293087e-02
-2.822072623346677522e-02
2.864614894218212721e-02
-1.115560652091697989e-02
-3.156104965708415866e-02
3.203641861287320064e-02
6.628550744641600878e-02
8.723796826053889508e-02
-2.304123115910086672e-02
-5.827120830861262646e-02
-1.482201332592768261e-01
1.504532370383855067e-01
-2.076937701016941164e-03
-1.781951375686940259e-03
1.808791579060865361e-03
8.672365267420556467e-02
2.013083214499171159e-01
-2.267623931954459993e-02
5.914931883393222817e-02
1.504530233076868395e-01
-1.527197680868607188e-01
2.108227769264949328e-03
1.808816519373881776e-03
-1.836061372396106733e-03
-2.334116348292830309e-02
-2.630091283700915911e-02
4.196906079499993641e-02
4.804773956666830159e-01
1.507386931138048058e-03
1.666735899549436420e-02
-4.454000310079994085e-01
9.893112311793452948e-03
-1.487624401881279187e-02
-4.172169084717265025e-02
-2.588943696803849143e-02
3.892299984111760591e-02
2.463785428138041099e-03
5.265223429898475971e-02
-4.368807754334772669e-02
-2.007692061782472524e-03
-1.373944524018582032e-02
2.065644526345744234e-02
-5.561763169054425790e-03
-5.054518824414366146e-02
7.599063627625078643e-02
1.793294134599401554e-02
-4.499367465545836553e-02
6.361527193966652616e-02
3.015633013944123836e-03
2.065653191745744563e-02
-3.105587695681414143e-02
8.362128398371460741e-03
7.599078133088617293e-02
-1.142460444796836033e-01
-4.454000310079994085e-01
-2.007692061782472524e-03
3.015633013944123836e-03
4.700667214320048415e-01
2.600328295152071027e-03
1.745392933687454516e-04
-3.981025947899101240e-03
-1.250819859457194452e-03
1.880455520575023253e-03
9.893112311793452948e-03
-1.373944524018582032e-02
2.065653191745744563e-02
1.711243575485407037e-03
1.705679295932870793e-02
-2.048449762369358718e-02
-2.179494549956449700e-02
-3.689286294337244636e-04
5.546557585196061017e-04
-1.487624401881279187e-02
2.065644526345744234e-02
-3.105587695681414143e-02
1.063136526763176380e-04
-2.007179269108225195e-02
3.002653666199996824e-02
3.276664957791250443e-02
5.546281282010302391e-04
-8.338406416672153191e-04
-4.172169084717265025e-02
-5.561763169054425790e-03
8.362128398371460741e-03
-3.981025947899101240e-03
-2.179494549956449700e-02
3.276664957791250443e-02
3.811948346854373421e-02
1.637610971702456453e-02
-1.683469904924835003e-02
-2.588943696803849143e-02
-5.054518824414366146e-02
7.599078133088617293e-02
-1.250819859457194452e-03
-3.689286294337244636e-04
5.546281282010302391e-04
1.847547159602457023e-02
3.736673878078971417e-02
-1.506177135499694661e-02
3.892299984111760591e-02
7.599063627625078643e-02
-1.142460444796836033e-01
1.880455520575023253e-03
5.546557585196061017e-04
-8.338406416672153191e-04
-1.877126885738975709e-02
-1.813981761605445650e-02
3.698004577500001860e-02
4.854085013112546254e-01
-6.127866684900602420e-03
2.317520855958941570e-02
-4.813393242149999751e-01
6.969483753532026114e-03
-1.194695489241155185e-02
-3.908780750470695897e-02
-3.116125067695662068e-02
5.342955086217389404e-02
-1.296183842956725139e-02
2.948558234308050474e-02
-2.568612800038649543e-02
7.461611403097497810e-04
-1.123538012584973135e-02
1.926448081542480109e-02
-1.676297390448125424e-02
-5.879168111711770284e-02
1.008046322462038402e-01
2.285740075773672747e-02
-2.527317476732932403e-02
4.277411014633322045e-02
-1.276215787420543514e-03
1.926444258442479643e-02
-3.303132429915019153e-02
2.874236691956410378e-02
1.008046343230776243e-01
-1.728403389481752706e-01
-4.813393242149999751e-01
7.461611403097497810e-04
-1.276215787420543514e-03
4.698016702280763957e-01
8.561110574456798350e-04
1.867451985010206220e-03
-7.992440376711561862e-04
5.597974465645836316e-05
-9.611384250690861838e-05
6.969483753532026114e-03
-1.123538012584973135e-02
1.926444258442479643e-02
1.006408166779011910e-03
1.256852200292270239e-02
-1.793814096336769637e-02
-1.576214867998343774e-02
-1.711572020787173270e-04
2.934415557584752897e-04
-1.194695489241155185e-02
1.926448081542480109e-02
-3.303132429915019153e-02
1.654218867532928142e-03
-1.776616876395818029e-02
3.084596553133330671e-02
2.702554075928974633e-02
2.934537702861257885e-04
-5.031136842501246790e-04
-3.908780750470695897e-02
-1.676297390448125424e-02
2.874236691956410378e-02
-7.992440376711561862e-04
-1.576214867998343774e-02
2.702554075928974633e-02
2.874075793898205056e-02
7.912647391656422655e-03
-6.662483099925129229e-03
-3.116125067695662068e-02
-5.879168111711770284e-02
1.008046343230776243e-01
5.597974465645836316e-05
-1.711572020787173270e-04
2.934537702861257885e-04
9.870546100323066702e-03
1.491405051501802810e-02
-2.311028203953268464e-03
5.342955086217389404e-02
1.008046322462038402e-01
-1.728403389481752706e-01
-9.611384250690861838e-05
2.934415557584752897e-04
-5.031136842501246790e-04
-6.580461242305733760e-03
-2.026464279517208381e-03
1.046607254633336731e-02
-4.759922039168706931e-01
-2.647966665375506956e+00
4.627261493196367925e-01
-2.444827602900004615e-01
8.693929878720592086e-01
-1.491209914870429976e-01
2.356933763230251999e-01
1.472584120780387584e+00
-2.525691059881491340e-01
-2.505488899369505695e+00
7.781431528867841507e+00
-1.182320360248129365e+00
1.328091156248510651e-01
3.949277298242841461e-01
-6.774050335341143259e-02
1.860262907316688086e+00
-5.124380982815723407e+00
8.789158516304307334e-01
4.575753040241001268e-01
-1.213028280601496478e+00
2.282863587633337521e-01
-2.277899949576700847e-02
-6.774310102641135922e-02
1.161972538471577748e-02
-3.190617239578106834e-01
8.789145185477729161e-01
-1.507483352442964830e-01
-2.444827602900004615e-01
1.328091156248510651e-01
-2.277899949576700847e-02
4.529356109480993653e-01
-9.568616391890580331e-02
2.060186393122253462e-02
-2.159906047382846306e-01
-8.738520226931712626e-03
1.499656411841741735e-03
8.693929878720592086e-01
3.949277298242841461e-01
-6.774310102641135922e-02
-1.052336431359058994e-01
-2.710854503757675893e-01
4.065321340299364594e-02
-3.642111646068769693e-01
3.910660963038486287e-02
-6.707348214809797683e-03
-1.491209914870429976e-01
-6.774050335341143259e-02
1.161972538471577748e-02
1.961734689826337419e-02
3.854782336582462249e-02
-2.937873437333331575e-03
6.246776926018133419e-02
-6.707661754025156728e-03
1.150460846899935231e-03
2.356933763230251999e-01
1.860262907316688086e+00
-3.190617239578106834e-01
-2.159906047382846306e-01
-3.642111646068769693e-01
6.246776926018133419e-02
1.970095743393324828e+00
-1.846388714591414182e+00
-2.179151961651890346e-01
1.472584120780387584e+00
-5.124380982815723407e+00
8.789145185477729161e-01
-8.738520226931712626e-03
3.910660963038486287e-02
-6.707661754025156728e-03
-1.921461677520416300e+00
5.199979195970360735e+00
-8.319918665701813154e-01
-2.525691059881491340e-01
8.789158516304307334e-01
-1.507483352442964830e-01
1.499656411841741735e-03
-6.707348214809797683e-03
1.150460846899935231e-03
-2.081690504478339587e-01
-8.439898422809005707e-01
2.206915226659997564e-01
3.041594335739703503e-01
-4.200344024748132177e-01
1.790343052623916964e-01
-4.411868545190001933e-01
3.898075639189518826e-02
-1.467456894732914290e-02
-2.294730991420768779e-02
3.937097979438993200e-01
-1.482304857113782293e-01
-4.604488111431464525e-01
1.795648183126697939e+00
-5.708964533687262977e-01
2.370889307152695621e-02
7.871818999528240601e-03
-2.963877082857648004e-03
4.314155045148340140e-01
-1.199381242873548636e+00
4.515646530839829698e-01
1.865999032486954923e-01
-5.717562916426065511e-01
2.159651982719998919e-01
-8.924569980995002497e-03
-2.963956700857645152e-03
1.115981365471764878e-03
-1.624264070905021007e-01
4.515643200915215316e-01
-1.700130685992441992e-01
-4.411868545190001933e-01
2.370889307152695621e-02
-8.924569980995002497e-03
4.651352809436706814e-01
-3.616917913894707182e-02
1.737475894990040889e-02
-6.054876279833955321e-02
1.079548253504557416e-02
-4.064267392067184154e-03
3.898075639189518826e-02
7.871818999528240601e-03
-2.963956700857645152e-03
-4.158239790594703972e-02
-2.204136617567063403e-02
3.590731433497557513e-03
-4.057992429875120072e-02
1.675018488773176786e-02
-6.306548537801408803e-03
-1.467456894732914290e-02
-2.963877082857648004e-03
1.115981365471764878e-03
1.743545673879349708e-02
2.768447406271125084e-03
4.186918355999991181e-03
1.527816343066252386e-02
-6.306380177598185609e-03
2.374391265607775359e-03
-2.294730991420768779e-02
4.314155045148340140e-01
-1.624264070905021007e-01
-6.054876279833955321e-02
-4.057992429875120072e-02
1.527816343066252386e-02
1.848302346176102340e+00
-1.021168481520411397e-01
3.956565381388026381e-01
3.937097979438993200e-01
-1.199381242873548636e+00
4.515643200915215316e-01
1.079548253504557416e-02
1.675018488773176786e-02
-6.306380177598185609e-03
-1.194885833903743810e-01
6.308416016815577843e-01
-2.933297722548081632e-01
-1.482304857113782293e-01
4.515646530839829698e-01
-1.700130685992441992e-01
-4.064267392067184154e-03
-6.306548537801408803e-03
2.374391265607775359e-03
3.983775676376443697e-01
-2.949546133467269016e-01
2.137114404089994479e-01
5.331112951841974201e-01
-1.064273067539341089e-02
1.402474284786485448e-02
-4.687783847410003646e-01
2.413158318100938615e-02
-3.059102763881253739e-02
-4.541364161417328627e-02
-2.375858901334549841e-02
3.011523980332829822e-02
-1.390145934206018716e-02
1.035412655064701370e-01
-7.827801544548020074e-02
-2.789578149785971843e-03
-1.803755717005093087e-02
2.286377590646937116e-02
1.627584321426767209e-03
-5.072968320864885972e-02
6.430188638529542311e-02
9.517537167997299624e-03
-7.936566712984825800e-02
9.223141163133286025e-02
3.533425916675402012e-03
2.286391734846935850e-02
-2.898150107494910921e-02
-2.062724044185592839e-03
6.430209977759379636e-02
-8.150546292517775460e-02
-4.687783847410003646e-01
-2.789578149785971843e-03
3.533425916675402012e-03
4.680570561450915212e-01
6.737617851335442679e-03
-1.322011025674722437e-03
-7.936060491471347983e-03
-1.943904610859175514e-03
2.463976551422105126e-03
2.413158318100938615e-02
-1.803755717005093087e-02
2.286391734846935850e-02
6.323526108335425153e-03
2.199888543657499071e-02
-2.284064684980867746e-02
-2.990081445044866573e-02
-9.178103310881779477e-04
1.163403813342139218e-03
-3.059102763881253739e-02
2.286377590646937116e-02
-2.898150107494910921e-02
-1.797996996291028248e-03
-2.357937579045753934e-02
3.020464898900007342e-02
3.790037939618060014e-02
1.163366152229389997e-03
-1.474667011440481844e-03
-4.541364161417328627e-02
1.627584321426767209e-03
-2.062724044185592839e-03
-7.936060491471347983e-03
-2.990081445044866573e-02
3.790037939618060014e-02
7.982004487886577848e-02
1.875362214940803560e-02
-4.185732655188327545e-02
-2.375858901334549841e-02
-5.072968320864885972e-02
6.430209977759379636e-02
-1.943904610859175514e-03
-9.178103310881779477e-04
1.163366152229389997e-03
2.237840503207465942e-02
7.186167599746737245e-02
-3.594679566587381803e-02
3.011523980332829822e-02
6.430188638529542311e-02
-8.150546292517775460e-02
2.463976551422105126e-03
1.163403813342139218e-03
-1.474667011440481844e-03
-4.114445923440171460e-02
-3.177630105921085135e-02
6.883746238166646436e-02
4.902879286427359040e-01
-1.785719865033932527e-02
2.757059914119704483e-02
-5.011281337379998035e-01
3.497145736381907389e-03
-5.993249106570041826e-03
-2.454243344766422058e-02
-8.006916495203015086e-03
1.372892161783884589e-02
-1.054136922433937529e-02
2.215031065793241979e-02
-2.331698814354803140e-02
2.087508978777328789e-03
-1.057854949836002124e-02
1.813828835126975181e-02
7.453056486055441993e-03
-1.450720922347186262e-02
2.487403101760188306e-02
2.699234575980529599e-02
-2.350231686883729951e-02
3.770197842266660021e-02
-3.576244245103260295e-03
1.813826398026975248e-02
-3.110039446163996579e-02
-1.277867820068579081e-02
2.487415766554040841e-02
-4.264917943686389462e-02
-5.011281337379998035e-01
2.087508978777328789e-03
-3.576244245103260295e-03
4.697087556587892787e-01
-1.891701690713773476e-04
1.176614518516938242e-03
-7.995773871577319721e-04
-7.008594799311005502e-05
1.201732620429711736e-04
3.497145736381907389e-03
-1.057854949836002124e-02
1.813826398026975248e-02
-1.151707015071371529e-03
1.179049779421171597e-02
-1.864359929641084754e-02
-1.587402540509040907e-02
-6.576665508870847842e-05
1.128020246323693679e-04
-5.993249106570041826e-03
1.813828835126975181e-02
-3.110039446163996579e-02
1.270834606967788730e-03
-1.873008453205897775e-02
3.196410966466662479e-02
2.721736706633029468e-02
1.127618183438196427e-04
-1.934074567535673278e-04
-2.454243344766422058e-02
7.453056486055441993e-03
-1.277867820068579081e-02
-7.995773871577319721e-04
-1.587402540509040907e-02
2.721736706633029468e-02
2.722042814533759403e-02
5.642179310194719508e-03
-3.615188899667362392e-03
-8.006916495203015086e-03
-1.450720922347186262e-02
2.487415766554040841e-02
-7.008594799311005502e-05
-6.576665508870847842e-05
1.127618183438196427e-04
7.792214089528040795e-03
1.165891491532917990e-02
-2.807711304672260138e-03
1.372892161783884589e-02
2.487403101760188306e-02
-4.264917943686389462e-02
1.201732620429711736e-04
1.128020246323693679e-04
-1.934074567535673278e-04
-4.542655290402617362e-03
-3.726217649119307768e-03
6.026987989999982309e-03
1.158933255332526002e+00
-1.157919419443605547e+00
5.150076979106489317e-01
-2.468206811158000669e+00
1.539106758046093482e-01
-1.740276590747616425e-02
4.532733765575109458e-02
1.051804301508093342e+00
-1.189653812088714568e-01
-1.180010598917272668e+00
2.720829244471821617e+00
-6.282216437681852339e-01
-1.024977945255572606e-02
1.977882403719269377e-01
-2.237305194320591412e-02
1.223702650672129577e+00
-3.903652351536436527e+00
4.415323774019344061e-01
5.155663660613951649e-01
-6.204815291480053618e-01
2.329308774060006304e-01
1.165911155411500670e-03
-2.237359150020589577e-02
2.530815392073049001e-03
-1.384081798391876006e-01
4.415318367481324557e-01
-4.994056433430903857e-02
-2.468206811158000669e+00
-1.024977945255572606e-02
1.165911155411500670e-03
6.291350592807084530e-01
-9.802480353300108140e-02
6.634330688608491844e-02
-2.190439363597106670e+00
9.421033903197345571e-01
-1.065545703210948186e-01
1.539106758046093482e-01
1.977882403719269377e-01
-2.237359150020589577e-02
-9.551584891500100594e-02
6.159234223895575233e-02
-4.521757702101959764e-02
9.834013529970150325e-01
-2.408037090931302859e-01
2.723526011642930442e-02
-1.740276590747616425e-02
-2.237305194320591412e-02
2.530815392073049001e-03
6.864685692580434206e-02
-4.133170029731685069e-02
3.678325465833338914e-02
-1.112259321732442380e-01
2.723552118966675664e-02
-3.080378214765399844e-03
4.532733765575109458e-02
1.223702650672129577e+00
-1.384081798391876006e-01
-2.190439363597106670e+00
9.834013529970150325e-01
-1.112259321732442380e-01
8.319874806293884317e-01
5.424944358452314930e-01
-3.859778553057376382e-01
1.051804301508093342e+00
-3.903652351536436527e+00
4.415318367481324557e-01
9.421033903197345571e-01
-2.408037090931302859e-01
2.723552118966675664e-02
5.312279536655653001e-01
2.767729987463282804e+00
-6.745239539349987545e-01
-1.189653812088714568e-01
4.415323774019344061e-01
-4.994056433430903857e-02
-1.065545703210948186e-01
2.723526011642930442e-02
-3.080378214765399844e-03
-3.814620328263815807e-01
-6.748375662675544229e-01
2.437792733110000498e-01
1.002933674279372633e+00
-1.060324038883320830e+00
4.788571332841600747e-01
-1.490928496682000004e+00
1.866246033251175163e-01
-3.200625022332006381e-02
4.747285282274313345e-02
1.066321502894618689e+00
-1.828898344734623815e-01
-1.073388876253987823e+00
2.911132096915972856e+00
-6.834981645176021470e-01
3.071660382786673207e-02
1.342256181742754739e-01
-2.302318766134374764e-02
1.239382301853520385e+00
-3.922450559614575116e+00
6.727639238384981457e-01
4.794736170092036009e-01
-6.804949730805641694e-01
2.385891885466672468e-01
-5.265035087327968148e-03
-2.302371984334372970e-02
3.949167294724537265e-03
-2.125723722619265732e-01
6.727635027845707549e-01
-1.153898581741628487e-01
-1.490928496682000004e+00
3.071660382786673207e-02
-5.265035087327968148e-03
4.884836352127359671e-01
-1.462681900894646780e-02
1.169744833002024642e-02
-1.403739453972918438e+00
6.824846733305689472e-01
-1.170545001066977814e-01
1.866246033251175163e-01
1.342256181742754739e-01
-2.302371984334372970e-02
-1.563564624894647412e-02
-8.236961759873824562e-02
1.420174499628972659e-02
6.522112991636297430e-01
-2.530409162884429408e-01
4.339966536476481257e-02
-3.200625022332006381e-02
-2.302318766134374764e-02
3.949167294724537265e-03
1.552681380668707520e-02
1.666297695089906383e-02
3.865021823333339608e-03
-1.118625989100347079e-01
4.339981495931194422e-02
-7.443608214639480664e-03
4.747285282274313345e-02
1.239382301853520385e+00
-2.125723722619265732e-01
-1.403739453972918438e+00
6.522112991636297430e-01
-1.118625989100347079e-01
5.263411965889546185e-01
4.161870976821445689e-01
-2.743055703269217660e-01
1.066321502894618689e+00
-3.922450559614575116e+00
6.727635027845707549e-01
6.824846733305689472e-01
-2.530409162884429408e-01
4.339981495931194422e-02
3.949535877971448450e-01
3.138425166800386634e+00
-7.831996185818896894e-01
-1.828898344734623815e-01
6.727639238384981457e-01
-1.153898581741628487e-01
-1.170545001066977814e-01
4.339966536476481257e-02
-7.443608214639480664e-03
-2.678644946100562918e-01
-7.861852022083386515e-01
2.451969477203334302e-01
3.139625121497429117e-01
2.015209130729200826e-02
4.283766555032368639e-02
-4.324736428990003656e-01
-2.163284545304156384e-02
1.656141174784347969e-02
-6.050032327984478792e-02
8.737420607997170574e-02
-6.688196330716350557e-02
1.954225301595868824e-02
5.869183987962576232e-01
-2.133732909489036711e-01
7.489411999137869300e-03
-2.402916768823534777e-02
1.839375505907269587e-02
5.825179159559302350e-02
-2.585746609948196828e-01
1.979294955048363502e-01
4.069776837339210418e-02
-2.162648678503256983e-01
1.551991238113329674e-01
-5.730953707928477560e-03
1.839386724307268822e-02
-1.408006690076466817e-02
-4.458980299619250826e-02
1.979295810782118192e-01
-1.515078932133360756e-01
-4.324736428990003656e-01
7.489411999137869300e-03
-5.730953707928477560e-03
4.695919678674911890e-01
-9.544270471976149667e-03
8.469875476647324014e-03
-2.978060035376233622e-02
1.105147859450444046e-02
-8.459446487278197632e-03
-2.163284545304156384e-02
-2.402916768823534777e-02
1.839386724307268822e-02
-7.820044183309501212e-03
2.619224118717703234e-02
-1.451344652106340005e-02
3.812640971327609790e-02
-8.462217194335751660e-03
6.477487876008158028e-03
1.656141174784347969e-02
1.839375505907269587e-02
-1.408006690076466817e-02
1.113501978798534311e-02
-1.499566863260720292e-02
1.705380707800006196e-02
-2.918422055316680433e-02
6.477473796105621615e-03
-4.958246403901953904e-03
-6.050032327984478792e-02
5.825179159559302350e-02
-4.458980299619250826e-02
-2.978060035376233622e-02
3.812640971327609790e-02
-2.918422055316680433e-02
1.153161317303503797e-01
-1.300090461315100143e-01
6.998414677075406876e-02
8.737420607997170574e-02
-2.585746609948196828e-01
1.979295810782118192e-01
1.105147859450444046e-02
-8.462217194335751660e-03
6.477473796105621615e-03
-1.370038006421766819e-01
5.017481765016504891e-01
-6.109871490775529990e-02
-6.688196330716350557e-02
1.979294955048363502e-01
-1.515078932133360756e-01
-8.459446487278197632e-03
6.477487876008158028e-03
-4.958246403901953904e-03
7.311837590892952821e-02
-5.762214307098879884e-02
7.051921365300001243e-02
4.776529433442710526e-01
-9.759193330519999598e-03
2.591164109908297361e-02
-4.715720234049996518e-01
6.286224304945250453e-03
-1.528858973531370402e-02
-6.228963789533829495e-03
4.489564261327696169e-03
-1.092170013548183181e-02
-9.656281018519976417e-03
-6.726777176039637702e-04
1.716460206388098399e-03
9.330166445263666846e-04
-4.349825221107079566e-03
1.058210617137366437e-02
9.755920481117539428e-03
5.051354114954377701e-03
-1.228853462539757427e-02
2.605246074145397411e-02
1.815380272829593671e-03
-3.945955482999993422e-03
-2.265478380115225777e-03
1.058205858037366588e-02
-2.574367053889293697e-02
-2.373314356934733485e-02
-1.228847636703616665e-02
2.989443303457942416e-02
-4.715720234049996518e-01
9.330166445263666846e-04
-2.265478380115225777e-03
4.695259729309472774e-01
-1.317066147991322739e-03
3.227021172774020407e-03
2.135222777919063356e-03
4.997152342871165852e-04
-1.215664675435856748e-03
6.286224304945250453e-03
-4.349825221107079566e-03
1.058205858037366588e-02
-1.295430027991321476e-03
3.701434241052740243e-03
-8.881867077174544420e-03
-4.913160938178601396e-03
6.596462215650923970e-04
-1.604692600318351897e-03
-1.528858973531370402e-02
1.058210617137366437e-02
-2.574367053889293697e-02
3.249818298360331037e-03
-9.058416142179467542e-03
2.198074343533345729e-02
1.195219119685133648e-02
-1.604719677171475688e-03
3.903731585515853812e-03
-6.228963789533829495e-03
9.755920481117539428e-03
-2.373314356934733485e-02
2.135222777919063356e-03
-4.913160938178601396e-03
1.195219119685133648e-02
3.555504032695699142e-03
-4.911561382031908764e-03
1.202340050864202266e-02
4.489564261327696169e-03
5.051354114954377701e-03
-1.228847636703616665e-02
4.997152342871165852e-04
6.596462215650923970e-04
-1.604719677171475688e-03
-4.926430957698576564e-03
-5.740479521695713259e-03
1.377314963752309870e-02
-1.092170013548183181e-02
-1.228853462539757427e-02
2.989443303457942416e-02
-1.215664675435856748e-03
-1.604692600318351897e-03
3.903731585515853812e-03
1.203036406035992364e-02
1.377916123435098117e-02
-3.354029711033327393e-02
-5.101806617295311375e-01
-2.633886214473365683e+00
4.771468910670406127e-01
-2.844379455710006610e-01
7.480329565644736611e-01
-1.283031254469533811e-01
4.899669891563492308e-01
1.651533667217126577e+00
-2.832602064579501921e-01
-2.649686706136032299e+00
7.861099081827825685e+00
-1.201881115692054358e+00
1.598745695606519079e-01
3.685916144671193551e-01
-6.322301937767821345e-02
2.182340608046055230e+00
-5.449246430281585063e+00
9.346339635341328611e-01
4.750575127527880137e-01
-1.196072318798051981e+00
2.279057318846671454e-01
-2.742006525344838422e-02
-6.322552678267817639e-02
1.084481726588060191e-02
-3.743017099511183887e-01
9.346322428085757084e-01
-1.603045574107555271e-01
-2.844379455710006610e-01
1.598745695606519079e-01
-2.742006525344838422e-02
4.992273634077968314e-01
-5.666690424370862678e-02
9.207691623317313181e-03
-2.111645918053773052e-01
-6.681575423487065221e-03
1.148156963067844443e-03
7.480329565644736611e-01
3.685916144671193551e-01
-6.322552678267817639e-02
-9.676181890004238728e-02
-2.731608547724654890e-01
3.809011691463885796e-02
-3.670449023047229198e-01
9.378385222255919418e-02
-1.608585084358971073e-02
-1.283031254469533811e-01
-6.322301937767821345e-02
1.084481726588060191e-02
1.899464147799037259e-02
4.051742666166222029e-02
-6.036566773666623975e-03
6.295546651521810588e-02
-1.608679360928982199e-02
2.759214472818129552e-03
4.899669891563492308e-01
2.182340608046055230e+00
-3.743017099511183887e-01
-2.111645918053773052e-01
-3.670449023047229198e-01
6.295546651521810588e-02
2.350871490615006110e+00
-2.261966873187401639e+00
-2.233651167218623224e-01
1.651533667217126577e+00
-5.449246430281585063e+00
9.346322428085757084e-01
-6.681575423487065221e-03
9.378385222255919418e-02
-1.608679360928982199e-02
-2.221285332713733851e+00
5.743597099345677748e+00
-8.905770340339951296e-01
-2.832602064579501921e-01
9.346339635341328611e-01
-1.603045574107555271e-01
1.148156963067844443e-03
-1.608585084358971073e-02
2.759214472818129552e-03
-2.341037828757686623e-01
-8.830837481252941101e-01
2.320023779793332075e-01
4.847002612922273745e-01
-1.057282709441967686e-02
3.002734447710388166e-02
-5.098091192929993243e-01
-1.385616461258194721e-03
2.379212950454526188e-03
-3.602354847848870945e-02
-3.324271918861669561e-02
5.699823873402927454e-02
-1.451580955041967616e-02
2.041358166910652722e-02
-2.129248779607395212e-02
1.285023981126598523e-03
-9.046269583708391529e-03
1.551100343700608994e-02
-2.128450434942495348e-02
-6.333682874830755261e-02
1.085975297552514290e-01
2.643563301422280354e-02
-2.115828584068244617e-02
3.865532899366672798e-02
-2.200036436738576993e-03
1.551104251900609077e-02
-2.659569577929163028e-02
3.649474800702433297e-02
1.085974717479619434e-01
-1.862015734342037099e-01
-5.098091192929993243e-01
1.285023981126598523e-03
-2.200036436738576993e-03
4.700126146863712329e-01
-8.941656370588402930e-04
1.952332941416128195e-03
-1.963376780384179770e-03
-5.087239980268380268e-04
8.722666697959153594e-04
-1.385616461258194721e-03
-9.046269583708391529e-03
1.551104251900609077e-02
-2.013112389725504100e-03
1.306130066229725661e-02
-1.838346816612427409e-02
-1.537627438699895946e-02
1.073939977009964819e-05
-1.838221429706448338e-05
2.379212950454526188e-03
1.551100343700608994e-02
-2.659569577929163028e-02
2.557013365438063832e-03
-1.817735957161369792e-02
3.144767128299993247e-02
2.636393024209314831e-02
-1.843060800391657997e-05
3.154700661405248062e-05
-3.602354847848870945e-02
-2.128450434942495348e-02
3.649474800702433297e-02
-1.963376780384179770e-03
-1.537627438699895946e-02
2.636393024209314831e-02
2.518309254716797480e-02
1.283508819423300959e-03
-5.296057123342258997e-03
-3.324271918861669561e-02
-6.333682874830755261e-02
1.085974717479619434e-01
-5.087239980268380268e-04
1.073939977009964819e-05
-1.843060800391657997e-05
2.360892450756630224e-03
6.240664808832047279e-03
-7.920268297055580928e-04
5.699823873402927454e-02
1.085975297552514290e-01
-1.862015734342037099e-01
8.722666697959153594e-04
-1.838221429706448338e-05
3.154700661405248062e-05
-5.319982594652722906e-03
-7.259614815022020530e-04
1.472332089366672550e-02
4.830687485196282771e-01
-1.913762285057404519e-02
3.130400338207615929e-02
-4.738435001969996119e-01
3.441699856675283550e-03
-6.536130112431744708e-03
-2.151163199551270680e-02
-8.267962632291011443e-03
1.570945878472956164e-02
-2.334986135990737774e-02
2.034094955003899405e-02
-1.461730226546789635e-02
1.343938447967992379e-03
-8.737281718831001187e-03
1.660125856823026214e-02
2.897554848661264195e-03
-1.545081060026949268e-02
2.935675545916540188e-02
3.009530888224551046e-02
-1.393626145050479159e-02
2.262675462166659907e-02
-2.550305221933849443e-03
1.660125134123026022e-02
-3.154318183916902940e-02
-5.505133682459468873e-03
2.935674465293276400e-02
-5.577822394621785584e-02
-4.738435001969996119e-01
1.343938447967992379e-03
-2.550305221933849443e-03
4.692270640190557840e-01
-1.200409949996598252e-03
2.821201005921067633e-03
-1.038073976606813031e-03
4.466598175167252484e-05
-8.485331697269922284e-05
3.441699856675283550e-03
-8.737281718831001187e-03
1.660125134123026022e-02
-1.738899571996591498e-03
8.887047060278282715e-03
-1.476876407351263021e-02
-1.210249103665060090e-02
2.542102750422335026e-04
-4.829645354895594389e-04
-6.536130112431744708e-03
1.660125856823026214e-02
-3.154318183916902940e-02
3.053105554393094334e-03
-1.468894535520502177e-02
2.927176063033322048e-02
2.299469933841962604e-02
-4.830155161707695342e-04
9.176630045645732059e-04
-2.151163199551270680e-02
2.897554848661264195e-03
-5.505133682459468873e-03
-1.038073976606813031e-03
-1.210249103665060090e-02
2.299469933841962604e-02
1.893335656687846966e-02
-1.465522406741257347e-03
1.599003777669364551e-03
-8.267962632291011443e-03
-1.545081060026949268e-02
2.935674465293276400e-02
4.466598175167252484e-05
2.542102750422335026e-04
-4.830155161707695342e-04
-1.333390500074588128e-03
-5.613265408784815554e-04
6.390752022570316687e-03
1.570945878472956164e-02
2.935675545916540188e-02
-5.577822394621785584e-02
-8.485331697269922284e-05
-4.829645354895594389e-04
9.176630045645732059e-04
3.595705712503215971e-03
8.628598571948642437e-03
-2.455531922000004069e-03
4.806848062242587982e-01
-1.142918412314897214e-02
2.777330533015731281e-02
-4.719251394879999673e-01
7.592255719271017757e-03
-1.764944614052180519e-02
-8.201605387796099753e-03
4.396072101434342697e-03
-1.022143933151766632e-02
-1.125765836248230484e-02
-1.075682059235825994e-04
4.466389447361144953e-04
9.141508737907354807e-04
-5.031923381327776425e-03
1.170029490080667402e-02
1.121986149966978062e-02
5.272573425901821639e-03
-1.225963809545389457e-02
2.799369199913519582e-02
3.517822152659714173e-04
-8.017946839999994229e-04
-2.121427241624542805e-03
1.170023485680667281e-02
-2.720554107067219701e-02
-2.608776565001525924e-02
-1.225956785292439156e-02
2.850559924689419211e-02
-4.719251394879999673e-01
9.141508737907354807e-04
-2.121427241624542805e-03
4.694833471257101598e-01
-1.108133540512253740e-03
3.302901083746232619e-03
2.190540776653280685e-03
4.896520708445950901e-04
-1.138519371551733337e-03
7.592255719271017757e-03
-5.031923381327776425e-03
1.170023485680667281e-02
-1.009121999178908859e-03
4.750241360622842884e-03
-1.076897397530891809e-02
-6.400152092968123749e-03
6.403569689026819556e-04
-1.488893904865006739e-03
-1.764944614052180519e-02
1.170029490080667402e-02
-2.720554107067219701e-02
2.926393714085833223e-03
-1.087409404584139573e-02
2.455813193066652342e-02
1.488126075509777282e-02
-1.488924956465543679e-03
3.461899220444053255e-03
-8.201605387796099753e-03
1.121986149966978062e-02
-2.608776565001525924e-02
2.190540776653280685e-03
-6.400152092968123749e-03
1.488126075509777282e-02
5.910349152955779624e-03
-4.995167231992259614e-03
1.147131670597250491e-02
4.396072101434342697e-03
5.272573425901821639e-03
-1.225956785292439156e-02
4.896520708445950901e-04
6.403569689026819556e-04
-1.488924956465543679e-03
-5.024800393325592855e-03
-5.938147529289107725e-03
1.372417374453102287e-02
-1.022143933151766632e-02
-1.225963809545389457e-02
2.850559924689419211e-02
-1.138519371551733337e-03
-1.488893904865006739e-03
3.461899220444053255e-03
1.143510250340716745e-02
1.367385995726468420e-02
-3.191384368733340970e-02
3.140040212402855913e-01
4.589629809945855454e-02
3.358323022277534542e-02
-4.354513308130004701e-01
-1.920372060481241247e-02
1.470199587064714535e-02
-5.766221786545393246e-02
8.796566365936048237e-02
-6.733468465806388692e-02
4.254634905312526527e-02
5.662228513657150408e-01
-2.205700051565448461e-01
6.831793862999962358e-03
-2.159094547910444736e-02
1.652735252752352696e-02
6.192991752262863581e-02
-2.598034625327937386e-01
1.988701056491675168e-01
3.198228848764139709e-02
-2.247570618695216016e-01
1.522764638616663779e-01
-5.227683801060807427e-03
1.652746380652352770e-02
-1.265137837289554736e-02
-4.740530763558716693e-02
1.988702861207620742e-01
-1.522279742667529412e-01
-4.354513308130004701e-01
6.831793862999962358e-03
-5.227683801060807427e-03
4.707211928935988166e-01
-1.001388331668305945e-02
6.815341277175325160e-03
-2.113514111036066470e-02
5.601017442737681387e-03
-4.287224004309946566e-03
-1.920372060481241247e-02
-2.159094547910444736e-02
1.652746380652352770e-02
-1.194628205234973990e-02
2.512834893340237449e-02
-1.505142155767631891e-02
3.261529721048149477e-02
-3.250571195351965349e-03
2.488085468702868307e-03
1.470199587064714535e-02
1.652735252752352696e-02
-1.265137837289554736e-02
8.931816860612191294e-03
-1.497819011388486221e-02
1.891898747366674641e-02
-2.496555982840260521e-02
2.488059657685781200e-03
-1.904436078287429727e-03
-5.766221786545393246e-02
6.192991752262863581e-02
-4.740530763558716693e-02
-2.113514111036066470e-02
3.261529721048149477e-02
-2.496555982840260521e-02
9.384956021008304672e-02
-1.192438127655242736e-01
6.992447436055235221e-02
8.796566365936048237e-02
-2.598034625327937386e-01
1.988702861207620742e-01
5.601017442737681387e-03
-3.250571195351965349e-03
2.488059657685781200e-03
-1.342275610618575976e-01
5.198157497205840860e-01
-7.089022669190254977e-02
-6.733468465806388692e-02
1.988701056491675168e-01
-1.522279742667529412e-01
-4.287224004309946566e-03
2.488085468702868307e-03
-1.904436078287429727e-03
6.865037505238827387e-02
-6.392596912345546722e-02
7.906120492966665914e-02
4.921525304864308170e-01
2.095904812459769423e-02
2.484615255988843405e-02
-4.680656972789994374e-01
1.059091508756088151e-02
-1.592559752843217269e-02
-4.232048529748492355e-02
-2.587711834801065258e-02
3.890445684194009102e-02
2.149648220926434275e-02
6.465592358490349079e-02
-5.338853868644581613e-02
-2.047106674635766448e-03
-1.356945101202760434e-02
2.040084844389669638e-02
-6.591906560854233522e-03
-5.279926076972316085e-02
7.937945199562713994e-02
2.660386498031485150e-02
-5.363172162809633908e-02
6.942706047033314620e-02
3.074343484147164414e-03
2.040093085889669450e-02
-3.067156498497236941e-02
9.910788426082468155e-03
7.937954490727446022e-02
-1.193407764127919213e-01
-4.680656972789994374e-01
-2.047106674635766448e-03
3.074343484147164414e-03
4.701680845786013196e-01
2.980086991849995211e-03
1.316180941018729646e-03
-3.398166332495635399e-03
-5.791606699556749258e-04
8.707177084616365970e-04
1.059091508756088151e-02
-1.356945101202760434e-02
2.040093085889669450e-02
2.191681507183335272e-03
1.837950884606608798e-02
-2.028916739756521717e-02
-2.157683243598372200e-02
-7.020549484804004727e-04
1.055511636749218753e-03
-1.592559752843217269e-02
2.040084844389669638e-02
-3.067156498497236941e-02
5.254035884820680048e-04
-2.002484064202703085e-02
3.152757297499995254e-02
3.243859487806945163e-02
1.055381502205785622e-03
-1.586724033023997242e-03
-4.232048529748492355e-02
-6.591906560854233522e-03
9.910788426082468155e-03
-3.398166332495635399e-03
-2.157683243598372200e-02
3.243859487806945163e-02
3.743200903546895636e-02
1.586467343320916573e-02
-2.350402486152786477e-02
-2.587711834801065258e-02
-5.279926076972316085e-02
7.937954490727446022e-02
-5.791606699556749258e-04
-7.020549484804004727e-04
1.055381502205785622e-03
1.158278324354247713e-02
2.711422235319783242e-02
-3.015586845970368024e-02
3.890445684194009102e-02
7.937945199562713994e-02
-1.193407764127919213e-01
8.707177084616365970e-04
1.055511636749218753e-03
-1.586724033023997242e-03
-2.295509172395465355e-02
-3.097403878151114981e-02
3.704135182600000464e-02
4.766572220449284969e-01
4.779304075612547317e-03
3.134266603013157598e-02
-4.910033844400001346e-01
3.255104965094574553e-03
-5.578333723600802097e-03
-3.602257433901862038e-02
-2.674787613496830765e-02
4.586227280577443582e-02
-4.025528791720757969e-03
4.766093495107334016e-02
-3.221924538557134621e-02
8.383555104375836967e-03
-1.074542095434980436e-02
1.842438642766726364e-02
-1.073849631020582299e-02
-4.963813839749704748e-02
8.510972432277172373e-02
3.247306566961201402e-02
-3.228040859228185205e-02
4.845414814199987957e-02
-1.437155090762930881e-02
1.842440844566727021e-02
-3.159098394665013632e-02
1.841270436210575012e-02
8.510981291138150495e-02
-1.459295805164842474e-01
-4.910033844400001346e-01
8.383555104375836967e-03
-1.437155090762930881e-02
4.697391350460096704e-01
5.245379369450201001e-04
1.543036816746055570e-03
-2.659892010540046772e-03
-1.943350666127263910e-04
3.331094482473091691e-04
3.255104965094574553e-03
-1.074542095434980436e-02
1.842440844566727021e-02
6.007386272783522742e-04
1.374686513898965706e-02
-1.821526237320906377e-02
-1.663497322759791355e-02
-6.721909183202460451e-04
1.152530292284330337e-03
-5.578333723600802097e-03
1.842438642766726364e-02
-3.159098394665013632e-02
2.510410033240518222e-03
-1.828359132665703310e-02
3.207886034833327960e-02
2.852199217883547716e-02
1.152477623421520846e-03
-1.976023976139695479e-03
-3.602257433901862038e-02
-1.073849631020582299e-02
1.841270436210575012e-02
-2.659892010540046772e-03
-1.663497322759791355e-02
2.852199217883547716e-02
3.169818121238437980e-02
7.924536922166453695e-03
-8.898183163518815289e-03
-2.674787613496830765e-02
-4.963813839749704748e-02
8.510981291138150495e-02
-1.943350666127263910e-04
-6.721909183202460451e-04
1.152477623421520846e-03
7.349050175833118231e-03
1.962635532594893956e-02
-4.946694240945724921e-03
4.586227280577443582e-02
8.510972432277172373e-02
-1.459295805164842474e-01
3.331094482473091691e-04
1.152530292284330337e-03
-1.976023976139695479e-03
-6.301552982376243048e-03
-1.215140815351305106e-03
1.127139305299998569e-02
4.845981456029293533e-01
-5.207151404120216598e-03
2.458471762637347291e-02
-4.662855072240006393e-01
8.301904269351867774e-03
-2.097762887410454732e-02
1.344582470577266806e-03
2.295419761129997935e-03
-5.801507479245840947e-03
3.689462945464247272e-04
2.425329123405035262e-03
4.965507846925410959e-04
1.789685319346742036e-03
-3.503353211004583880e-03
8.854272462150964904e-03
3.396597340196666742e-03
5.431777536435263010e-03
-1.372814042580800323e-02
2.243167637539200676e-02
-1.249045891323387336e-04
-2.675955047666668616e-03
-4.518674861457477702e-03
8.854226258150967380e-03
-2.237791253099539676e-02
-8.584591381702148111e-03
-1.372819557693986427e-02
3.469630251798742904e-02
-4.662855072240006393e-01
1.789685319346742036e-03
-4.518674861457477702e-03
4.638252542355474350e-01
-2.830708832145792733e-03
1.197910773734624603e-04
1.437929097510827004e-03
-1.022578371845070909e-03
2.584150375781324362e-03
8.301904269351867774e-03
-3.503353211004583880e-03
8.854226258150967380e-03
-7.126386747909746466e-05
5.449627949453277574e-03
-9.650136083666610229e-03
-9.475205610333952214e-03
2.170588850125597293e-03
-5.485760361055763527e-03
-2.097762887410454732e-02
8.854272462150964904e-03
-2.237791253099539676e-02
6.454002412559494296e-06
-1.009717703783849160e-02
2.210069557466651582e-02
2.394571600514688522e-02
-5.486163403060031162e-03
1.386525953336358724e-02
1.344582470577266806e-03
3.396597340196666742e-03
-8.584591381702148111e-03
1.437929097510827004e-03
-9.475205610333952214e-03
2.394571600514688522e-02
3.661062819223889070e-02
-1.049132536180896053e-03
1.580798397716844930e-03
2.295419761129997935e-03
5.431777536435263010e-03
-1.372819557693986427e-02
-1.022578371845070909e-03
2.170588850125597293e-03
-5.486163403060031162e-03
8.713189398818984438e-03
-3.735582875390556362e-02
1.797892318937237017e-03
-5.801507479245840947e-03
-1.372814042580800323e-02
3.469630251798742904e-02
2.584150375781324362e-03
-5.485760361055763527e-03
1.386525953336358724e-02
2.982079601931360117e-03
3.723933575361848894e-03
-2.937021544166676379e-02
-1.060816155182001896e+00
3.257645033242383874e-05
3.401910299905444948e-05
8.101305723230000089e-01
-1.117687044705660852e-03
6.381945324724220799e-05
-1.889593106234752629e-01
4.226549977726130058e-01
3.978439577462097865e-01
-1.752437629684475973e-01
-3.768789834994582533e-01
-4.105894638125197615e-01
3.314093833242384376e-05
2.652271570614672669e+00
3.860101223808004356e+00
-1.636943363777182414e-02
-2.514918433404353948e+00
-2.940776113493902333e+00
-3.105065858056971564e-02
4.690861311890507368e-01
-4.307523198999204002e-03
3.866888576316156872e-02
4.384312848303640875e-01
-3.354020031407971281e-02
3.470701533238623775e-05
3.866324727494670821e+00
2.980850569860658439e+00
-3.330977921752459325e-02
-2.605934771990902288e+00
-1.879853316931654472e+00
2.721628070831051405e-01
-3.175936156533611943e-01
-4.787087398457590126e-02
-2.304334277690977817e-01
-3.120899553869149745e-01
-1.074364323979173919e-01
8.101305723230000089e-01
-1.636943363777182414e-02
-3.330977921752459325e-02
-7.173551583249963004e-01
2.811333266581083929e-05
1.927532699990004209e-05
2.889759976520119358e-02
-2.796352428487580005e-02
2.120382420260430792e-02
-1.480651710102205525e-02
4.012102604645980536e-02
-1.287077556180718160e-02
-1.117687044705660852e-03
-2.514918433404353948e+00
-2.605934771990902288e+00
5.073128299914455105e-05
2.776394748400673684e+00
4.080235658273343446e-01
3.171641543571083761e-03
4.166528492240412912e-02
1.530603917957291775e-02
-1.428180233383013163e-02
3.448159517327258755e-02
9.078075329649916425e-04
6.381945324724220799e-05
-2.940776113493902333e+00
-1.879853316931654472e+00
-2.869616066676659112e-05
4.087215188003343047e-01
2.044882286850993935e+00
3.093657376880157295e-02
3.713353484936714882e-02
1.682390531939465320e-02
-8.121611610141975246e-02
1.673739751049795749e-02
-5.559747711250465942e-03
-1.889593106234752629e-01
-3.105065858056971564e-02
2.721628070831051405e-01
2.889759976520119358e-02
3.171641543571083761e-03
3.093657376880157295e-02
2.966306995892302734e-01
6.060108184818155386e-03
-2.063812837261726207e-01
-3.821610757172309858e-02
2.127201484828715114e-02
2.277292080209203373e-02
4.226549977726130058e-01
4.690861311890507368e-01
-3.175936156533611943e-01
-2.796352428487580005e-02
4.166528492240412912e-02
3.713353484936714882e-02
1.383895295348488985e-02
-1.814460921028978602e-01
-6.171306439333047039e-02
-2.363440049914811159e-02
-3.247192548071090729e-02
5.636151805698357692e-02
3.978439577462097865e-01
-4.307523198999204002e-03
-4.787087398457590126e-02
2.120382420260430792e-02
1.530603917957291775e-02
1.682390531939465320e-02
-2.091503308606501021e-01
-6.637293302365712688e-02
1.485096713393335155e-01
-3.188026792620454741e-02
5.731965697753890754e-02
2.967220107043396990e-02
-1.752437629684475973e-01
3.866888576316156872e-02
-2.304334277690977817e-01
-1.480651710102205525e-02
-1.428180233383013163e-02
-8.121611610141975246e-02
-3.821610757172309858e-02
-2.363440049914811159e-02
-3.188026792620454741e-02
2.969191380506698841e-01
-1.533796951407891129e-02
2.079419909449774506e-01
-3.768789834994582533e-01
4.384312848303640875e-01
-3.120899553869149745e-01
4.012102604645980536e-02
3.448159517327258755e-02
1.673739751049795749e-02
2.127201484828715114e-02
-3.247192548071090729e-02
5.731965697753890754e-02
-4.417288608412256457e-03
-1.931332801273367705e-01
-6.250350739879825812e-02
-4.105894638125197615e-01
-3.354020031407971281e-02
-1.074364323979173919e-01
-1.287077556180718160e-02
9.078075329649916425e-04
-5.559747711250465942e-03
2.277292080209203373e-02
5.636151805698357692e-02
2.967220107043396990e-02
2.107323113082330279e-01
-6.738283942112963110e-02
1.444541016856666915e-01
3.135329471914691801e-01
-7.611628491892619142e-02
6.323506477392905334e-02
-2.499740993000002659e-02
1.997638769999020639e-02
-6.438135081853364576e-03
-1.281180537229049399e-01
4.586611550123301934e-03
-1.410839455617114713e-01
-1.277585185634509679e-01
8.776093479927656038e-02
1.083535586747536444e-01
-7.402062876259288271e-02
3.535247575578649437e-01
6.509101984293401422e-02
-2.701580162866263485e-02
-2.567683795953461523e-01
6.825987896355927009e-02
1.462373112037025115e-02
-4.739879580233759965e-02
9.331854508080444574e-03
1.220849587748613768e-01
-1.351121262061001638e-01
-1.264415659198495356e-01
6.703463079808620606e-02
5.987597225334014006e-02
5.802007756939996375e-01
8.840123249715194781e-03
6.778624776755923231e-02
-7.302747965565388466e-02
-1.866980838435253753e-01
-9.226132757561452541e-03
-2.952500132607571159e-01
1.402176751754470596e-01
-1.084879836531642133e-01
-2.051515603634487261e-01
-2.499740993000002659e-02
-2.701580162866263485e-02
8.840123249715194781e-03
1.676879708358141458e-02
-2.372493986383211045e-02
-1.626917360735133031e-04
1.202160276106128706e-03
1.991301418233420301e-02
-9.673137766746059060e-03
9.992035457133873963e-04
2.116717086013919155e-02
-4.431608155865815121e-03
1.997638769999020639e-02
-2.567683795953461523e-01
6.778624776755923231e-02
-2.570939970749877568e-02
1.847992402710847137e-01
-8.897824521635758210e-02
-1.560603664861501608e-03
-4.984316300996794250e-03
1.615634190199998670e-03
-1.933545590928056760e-03
-2.501673180996726378e-02
8.307830313820981777e-03
-6.438135081853364576e-03
6.825987896355927009e-02
-7.302747965565388466e-02
8.012274223628971029e-04
-9.180947511906949188e-02
1.162633417660001306e-01
8.155144390174810451e-04
3.568541612512089733e-02
-1.178859881060933743e-02
6.768799411720665196e-04
-2.590152872019764116e-02
8.480666430253877217e-03
-1.281180537229049399e-01
1.462373112037025115e-02
-1.866980838435253753e-01
1.202160276106128706e-03
-1.560603664861501608e-03
8.155144390174810451e-04
1.183580320803450381e-01
-1.374305486946278756e-02
1.666413407845012129e-01
8.976480614633290667e-03
2.435741424740978014e-03
1.922299033716603003e-02
4.586611550123301934e-03
-4.739879580233759965e-02
-9.226132757561452541e-03
1.991301418233420301e-02
-4.984316300996794250e-03
3.568541612512089733e-02
-1.355931753546278477e-02
5.219795190732148121e-02
-7.343946695150977214e-03
-9.749061540526647585e-03
-1.140486285147403103e-03
-1.816432132988929360e-02
-1.410839455617114713e-01
9.331854508080444574e-03
-2.952500132607571159e-01
-9.673137766746059060e-03
1.615634190199998670e-03
-1.178859881060933743e-02
1.669494010089243030e-01
-1.046201372402505610e-02
3.322056874016672823e-01
-1.710773752075409049e-02
-2.354645135923882221e-03
-2.796289045398589121e-02
-1.277585185634509679e-01
1.220849587748613768e-01
1.402176751754470596e-01
9.992035457133873963e-04
-1.933545590928056760e-03
6.768799411720665196e-04
8.976480614633290667e-03
-9.749061540526647585e-03
-1.710773752075409049e-02
1.291407326939638667e-01
-1.129018700944166287e-01
-1.283334180210798647e-01
8.776093479927656038e-02
-1.351121262061001638e-01
-1.084879836531642133e-01
2.116717086013919155e-02
-2.501673180996726378e-02
-2.590152872019764116e-02
2.435741424740978014e-03
-1.140486285147403103e-03
-2.354645135923882221e-03
-1.126002747517499819e-01
1.539398871327026797e-01
1.312136243334813823e-01
1.083535586747536444e-01
-1.264415659198495356e-01
-2.051515603634487261e-01
-4.431608155865815121e-03
8.307830313820981777e-03
8.480666430253877217e-03
1.922299033716603003e-02
-1.816432132988929360e-02
-2.796289045398589121e-02
-1.275513862367434748e-01
1.322216539700414306e-01
2.245762577473331967e-01
3.058432953612102434e-01
-8.864997701521104556e-02
8.037374173235280195e-02
-1.935946117500002978e-02
1.833821564101231066e-02
-3.568706469281273178e-03
-9.940141543723322870e-02
1.102022935241211803e-02
-1.464256756253583258e-01
-9.882874214285916614e-02
7.774875684777421414e-02
1.222394000121109769e-01
-8.711476086787778295e-02
1.801353619681226315e-01
9.255120382079384811e-02
-1.718401374736971271e-02
-1.076126229998807249e-01
1.290708395939724196e-02
2.217203563731521415e-02
-3.994992677050462210e-02
3.027949539462762921e-02
9.699399210909799562e-02
-1.061841639948036264e-01
-1.213021249542635543e-01
8.397664108555862039e-02
9.498612779273249429e-02
5.935263176070015856e-01
3.905015273470190465e-03
1.522513480839721677e-02
-4.597182866711940763e-02
-1.677318810931833493e-01
1.094776690201318924e-02
-2.922878424752622939e-01
1.365648909103780173e-01
-1.043469608149998895e-01
-2.225886510973371923e-01
-1.935946117500002978e-02
-1.718401374736971271e-02
3.905015273470190465e-03
2.573712880395228816e-02
-8.943257521711130489e-03
-4.598922590926401315e-04
3.775804885112513023e-03
1.675963801197313113e-02
-4.203835820527296666e-03
3.672525060817816329e-03
1.672884310017895906e-02
-3.958796143664787201e-03
1.833821564101231066e-02
-1.076126229998807249e-01
1.522513480839721677e-02
-8.635739758044462186e-03
6.973555375104763254e-02
1.402727027438889149e-03
-2.743516658317138313e-03
-6.163450601483143679e-03
5.414397559327479344e-04
-3.839233074145258131e-03
-1.802099235550631146e-02
7.956326191354419833e-03
-3.568706469281273178e-03
1.290708395939724196e-02
-4.597182866711940763e-02
3.577054507566429942e-04
3.326120112916919423e-03
4.661618021833313641e-02
3.912064581886073866e-03
3.129231939638886517e-02
-1.653242902629340708e-03
-2.062900995136530361e-03
-2.306284136435488019e-02
1.036238617068850273e-02
-9.940141543723322870e-02
2.217203563731521415e-02
-1.677318810931833493e-01
3.775804885112513023e-03
-2.743516658317138313e-03
3.912064581886073866e-03
1.187793484684219608e-01
-2.309385045539654249e-02
1.621733436405320694e-01
9.819068903828675338e-03
1.124477794067048472e-03
1.944672021801395131e-02
1.102022935241211803e-02
-3.994992677050462210e-02
1.094776690201318924e-02
1.675963801197313113e-02
-6.163450601483143679e-03
3.129231939638886517e-02
-2.447380673672986534e-02
5.383114439357805647e-02
-2.810533300893833242e-02
-7.883662597559046997e-03
-1.046253532719240058e-03
-1.455913093235434476e-02
-1.464256756253583258e-01
3.027949539462762921e-02
-2.922878424752622939e-01
-4.203835820527296666e-03
5.414397559327479344e-04
-1.653242902629340708e-03
1.648328189933501720e-01
-2.754961963014452425e-02
3.286525626420007118e-01
-1.807747502062692288e-02
2.617777212469757559e-04
-2.905304894210948563e-02
-9.882874214285916614e-02
9.699399210909799562e-02
1.365648909103780173e-01
3.672525060817816329e-03
-3.839233074145258131e-03
-2.062900995136530361e-03
9.819068903828675338e-03
-7.883662597559046997e-03
-1.807747502062692288e-02
1.242080502033290346e-01
-9.754022759114876207e-02
-1.344775116419960614e-01
7.774875684777421414e-02
-1.061841639948036264e-01
-1.043469608149998895e-01
1.672884310017895906e-02
-1.802099235550631146e-02
-2.306284136435488019e-02
1.124477794067048472e-03
-1.046253532719240058e-03
2.617777212469757559e-04
-1.007131959224820961e-01
1.323595913123378209e-01
1.247545917695555284e-01
1.222394000121109769e-01
-1.213021249542635543e-01
-2.225886510973371923e-01
-3.958796143664787201e-03
7.956326191354419833e-03
1.036238617068850273e-02
1.944672021801395131e-02
-1.455913093235434476e-02
-2.905304894210948563e-02
-1.344396264758233039e-01
1.245266905085529174e-01
2.464032656473331973e-01
2.919028250870622232e-01
-9.104607071084849790e-02
4.445887860600708508e-02
-2.024526633100002387e-02
1.414281106037859788e-02
-3.161064412160461898e-03
-1.273137804538845286e-01
1.868102970252904019e-02
-1.341247083834004872e-01
-1.275561244683221240e-01
7.076703200274458982e-02
1.153297392476450578e-01
-9.354753320418188189e-02
1.484566813022717979e-01
8.359530592790198611e-02
-1.905782995968673468e-02
-8.110023717580643055e-02
1.073181362615428097e-02
2.768894567286759797e-02
-4.647668486766275142e-02
3.313725064789935226e-02
9.653303282401227980e-02
-1.070534557544025045e-01
-1.102206827446474413e-01
4.406950749780380594e-02
8.611049282499158575e-02
5.716940523083344772e-01
3.790641074423099170e-03
9.004067515154267481e-03
-3.942592162069364498e-02
-1.790141636684032811e-01
2.295027853534804818e-02
-2.829916171114528756e-01
1.532065263336675753e-01
-1.036434409689680480e-01
-2.221471623062755696e-01
-2.024526633100002387e-02
-1.905782995968673468e-02
3.790641074423099170e-03
1.650934442683846259e-02
-4.244554381894503209e-03
7.078860630332342498e-06
3.576526112635839902e-03
1.444738583376832010e-02
-3.230745752628024284e-03
3.483351776664196913e-03
1.395195229204639759e-02
-2.856813931077530327e-03
1.414281106037859788e-02
-8.110023717580643055e-02
9.004067515154267481e-03
-1.726940420227855060e-03
3.299867440182815970e-02
7.280686666437655684e-03
-2.221933870943184480e-03
-4.854832988953292419e-03
6.418086320892661873e-05
-3.250822717049076799e-03
-1.236705548794919327e-02
6.289435529736550103e-03
-3.161064412160461898e-03
1.073181362615428097e-02
-3.942592162069364498e-02
-2.991203341838888905e-04
4.744160924085660293e-03
3.546460411466652307e-02
3.581090276664975966e-03
2.563115572054510197e-02
-3.047045186825284480e-04
-2.380194512104612595e-03
-1.979630273950618372e-02
8.621098092284989328e-03
-1.273137804538845286e-01
2.768894567286759797e-02
-1.790141636684032811e-01
3.576526112635839902e-03
-2.221933870943184480e-03
3.581090276664975966e-03
1.222277516743629361e-01
-2.877842740207588526e-02
1.637424988495000677e-01
9.662387135637209509e-03
8.702152931447346444e-04
1.919528297551828175e-02
1.868102970252904019e-02
-4.647668486766275142e-02
2.295027853534804818e-02
1.444738583376832010e-02
-4.854832988953292419e-03
2.563115572054510197e-02
-2.969628619940922407e-02
5.134243765297009238e-02
-3.446792631786571581e-02
-7.074680019204958661e-03
-4.430044334427546047e-04
-1.366420482146409737e-02
-1.341247083834004872e-01
3.313725064789935226e-02
-2.829916171114528756e-01
-3.230745752628024284e-03
6.418086320892661873e-05
-3.047045186825284480e-04
1.648630258197114340e-01
-3.341955947410004540e-02
3.258049683909998717e-01
-1.819232519324981770e-02
8.922263202945476986e-04
-2.944910395019448984e-02
-1.275561244683221240e-01
9.653303282401227980e-02
1.532065263336675753e-01
3.483351776664196913e-03
-3.250822717049076799e-03
-2.380194512104612595e-03
9.662387135637209509e-03
-7.074680019204958661e-03
-1.819232519324981770e-02
1.228632127349650882e-01
-9.259718395373778277e-02
-1.386746050814278985e-01
7.076703200274458982e-02
-1.070534557544025045e-01
-1.036434409689680480e-01
1.395195229204639759e-02
-1.236705548794919327e-02
-1.979630273950618372e-02
8.702152931447346444e-04
-4.430044334427546047e-04
8.922263202945476986e-04
-9.366099547973777417e-02
1.183553253180348874e-01
1.199092629171725072e-01
1.153297392476450578e-01
-1.102206827446474413e-01
-2.221471623062755696e-01
-2.856813931077530327e-03
6.289435529736550103e-03
8.621098092284989328e-03
1.919528297551828175e-02
-1.366420482146409737e-02
-2.944910395019448984e-02
-1.378641377941557111e-01
1.206388073710188275e-01
2.564369211296674278e-01
-1.149783697624669143e+00
3.482469966571206970e-05
3.688043333230082071e-05
5.968850400299993142e-01
-3.685256343931689153e-03
1.380038739456078412e-02
-3.217859681156745033e-01
2.959680083880928958e-01
3.573524449623539101e-01
-2.609736865195203537e-01
-2.737609687856376595e-01
-4.403793570092425780e-01
3.491931399904537475e-05
2.747447408261341373e+00
4.214992296714330955e+00
-1.465796400450286932e-02
-2.208224995264024493e+00
-2.553839600948272448e+00
-3.902612942936125456e-02
3.686452072199875030e-01
1.526573555376834965e-02
4.753151797135805184e-02
3.551414663237796310e-01
-2.033030664690777586e-03
3.712050399897011199e-05
4.204283626296329679e+00
3.285223305106323544e+00
-8.710360092928510697e-03
-2.289698575062272479e+00
-1.678557302455984779e+00
3.271615418514407514e-01
-2.256134009848570487e-01
-8.212510589931384941e-02
-2.795908999575156262e-01
-2.293281070087230811e-01
-1.448321299502605963e-01
5.968850400299993142e-01
-1.465796400450286932e-02
-8.710360092928510697e-03
-7.382343372086624944e-01
2.207767366576745595e-05
1.479782666644613985e-05
-8.688164753287916375e-02
-5.070399877609398781e-02
6.756632662485838325e-02
-1.506677082967275427e-01
1.027088926222771703e-01
-9.336183484510382838e-03
-3.685256343931689153e-03
-2.208224995264024493e+00
-2.289698575062272479e+00
2.203856499910079690e-05
2.932749165570004646e+00
9.004623453843301206e-01
2.193218044586857721e-02
-2.675090659737052942e-02
-1.559866086874649692e-02
-2.990559341545756533e-02
-3.194215719090521405e-02
-2.828292700184022786e-03
1.380038739456078412e-02
-2.553839600948272448e+00
-1.678557302455984779e+00
8.017540999811045128e-06
7.715880247176647444e-01
2.077484300106659632e+00
7.335144926387666964e-02
4.979335951767049212e-02
-1.388969008777500846e-01
-1.616956599019814256e-01
7.610290517964551915e-02
-9.858725330236728368e-02
-3.217859681156745033e-01
-3.902612942936125456e-02
3.271615418514407514e-01
-8.688164753287916375e-02
2.193218044586857721e-02
7.335144926387666964e-02
2.972088338727538193e-01
2.062333731915678980e-02
-2.068726974665395235e-01
-3.776855230494298443e-02
2.354814511515479145e-02
3.203400618123274091e-02
2.959680083880928958e-01
3.686452072199875030e-01
-2.256134009848570487e-01
-5.070399877609398781e-02
-2.675090659737052942e-02
4.979335951767049212e-02
1.141440979157026803e-03
-1.802799943650878756e-01
-6.003240892460757344e-02
-2.254843277008946462e-02
-4.004744280152019303e-02
6.007557835871727564e-02
3.573524449623539101e-01
1.526573555376834965e-02
-8.212510589931384941e-02
6.756632662485838325e-02
-1.559866086874649692e-02
-1.388969008777500846e-01
-2.060018483957520019e-01
-6.410793784897493575e-02
1.461943129026669064e-01
-3.457665361562327344e-02
6.287567313915892742e-02
3.478837910646315895e-02
-2.609736865195203537e-01
4.753151797135805184e-02
-2.795908999575156262e-01
-1.506677082967275427e-01
-2.990559341545756533e-02
-1.616956599019814256e-01
-3.776855230494298443e-02
-2.254843277008946462e-02
-3.457665361562327344e-02
3.116742853737944352e-01
-1.032588888667838878e-02
2.124955600331999150e-01
-2.737609687856376595e-01
3.551414663237796310e-01
-2.293281070087230811e-01
1.027088926222771703e-01
-3.194215719090521405e-02
7.610290517964551915e-02
2.354814511515479145e-02
-4.004744280152019303e-02
6.287567313915892742e-02
2.420092165496268155e-05
-2.187152892301278684e-01
-6.771833356052528452e-02
-4.403793570092425780e-01
-2.033030664690777586e-03
-1.448321299502605963e-01
-9.336183484510382838e-03
-2.828292700184022786e-03
-9.858725330236728368e-02
3.203400618123274091e-02
6.007557835871727564e-02
3.478837910646315895e-02
2.128404143211626298e-01
-6.758823246804243623e-02
1.440078714166667662e-01
2.617850175543322000e-01
1.777562533666439491e-03
-1.558455444666893190e-03
9.958332562799995791e-02
9.213557658391158690e-04
1.754775415071253494e-03
-2.467628219311257809e-01
2.313596993942361804e-02
1.857733613890414082e-01
-2.473431786454351466e-01
-1.900341966571299571e-02
-1.849044695464211741e-01
2.057953562666437267e-03
1.217771352125334605e+00
9.438380299539954610e-01
-2.671209491624646284e-03
-9.222570989207492520e-01
-6.281346665310698629e-01
1.076197247723763989e-02
2.175901510038428036e-02
-2.554461407503563763e-02
-1.001839751498475109e-02
1.841503690683463784e-02
-2.534767459519576133e-02
-7.333378180002272624e-04
9.415351046123288103e-01
7.914510717113336646e-01
-3.759598126569892000e-03
-5.875410279210698805e-01
-2.810052437482500887e-01
1.710555358988047892e-01
-2.622940154733741439e-02
-1.282708955922585714e-01
-1.681344119945058779e-01
-2.696480850697067014e-02
-1.322846342483996185e-01
9.958332562799995791e-02
-2.671209491624646284e-03
-3.759598126569892000e-03
-1.187506445586666293e-01
4.762201156663006113e-04
-2.381236088333579717e-03
-9.271324549525212719e-03
-1.105314738282937685e-02
2.261441341947663386e-02
-3.234784563621837666e-02
2.979127710442660074e-02
2.388495796695758872e-03
9.213557658391158690e-04
-9.222570989207492520e-01
-5.875410279210698805e-01
-2.220967623337022909e-04
1.373525558491336840e+00
1.007304338539331656e+00
-2.387074479856499034e-03
-2.908201828661114222e-02
6.788144725407491316e-03
1.033348780162271843e-02
-1.735435010532817776e-02
-1.539923579729266011e-03
1.754775415071253494e-03
-6.281346665310698629e-01
-2.810052437482500887e-01
-1.542124481333571710e-03
9.989754265136648881e-01
7.101499950660017380e-01
8.354695645077249086e-03
2.715167851898845491e-02
-2.809037917086361358e-02
-2.039626422775284165e-02
-3.311454395129660028e-03
-1.399121124745344134e-02
-2.467628219311257809e-01
1.076197247723763989e-02
1.710555358988047892e-01
-9.271324549525212719e-03
-2.387074479856499034e-03
8.354695645077249086e-03
2.917180745105198425e-01
-1.554536300398284832e-02
-1.894029514109531465e-01
-3.385149628606803907e-02
6.730575966139733246e-03
2.196838943008440001e-02
2.313596993942361804e-02
2.175901510038428036e-02
-2.622940154733741439e-02
-1.105314738282937685e-02
-2.908201828661114222e-02
2.715167851898845491e-02
-1.361804258031616005e-02
-1.653161594151899075e-02
1.471765219213341108e-02
-4.654938510268332753e-03
3.405901671019220898e-03
1.794526851705641537e-02
1.857733613890414082e-01
-2.554461407503563763e-02
-1.282708955922585714e-01
2.261441341947663386e-02
6.788144725407491316e-03
-2.809037917086361358e-02
-1.892811969443640441e-01
1.523424803705156899e-02
1.706513431266662439e-01
-2.098321416901484382e-02
1.780918888164490649e-02
9.576239957048860579e-03
-2.473431786454351466e-01
-1.001839751498475109e-02
-1.681344119945058779e-01
-3.234784563621837666e-02
1.033348780162271843e-02
-2.039626422775284165e-02
-3.385149628606803907e-02
-4.654938510268332753e-03
-2.098321416901484382e-02
2.873699964119794670e-01
2.979186539995071215e-03
1.894218615472167688e-01
-1.900341966571299571e-02
1.841503690683463784e-02
-2.696480850697067014e-02
2.979127710442660074e-02
-1.735435010532817776e-02
-3.311454395129660028e-03
6.730575966139733246e-03
3.405901671019220898e-03
1.780918888164490649e-02
5.622274188328387629e-03
-1.091493708164595518e-02
1.046417341180492372e-02
-1.849044695464211741e-01
-2.534767459519576133e-02
-1.322846342483996185e-01
2.388495796695758872e-03
-1.539923579729266011e-03
-1.399121124745344134e-02
2.196838943008440001e-02
1.794526851705641537e-02
9.576239957048860579e-03
1.886353965587491410e-01
9.635633565118643939e-03
1.708250869963333918e-01
3.292582138317694529e-01
-8.435998457527543737e-02
1.306553814926189327e-01
-2.607026598899996397e-02
1.877552547226314303e-02
-5.411423367151313966e-03
-1.313418362372033299e-01
9.617651086418233311e-03
-1.437210698251324137e-01
-1.316086550712826930e-01
8.323480549387067551e-02
1.174798933829808156e-01
-8.557534053427540144e-02
2.172918464468974742e-01
1.113706900406616490e-01
-2.471706974026590536e-02
-1.031236854233569811e-01
1.315257661929971830e-02
2.001070220068632347e-02
-4.847612847666930153e-02
2.050354287136411935e-02
1.160136416737372750e-01
-1.259602674048818927e-01
-1.260418157169261588e-01
1.303527915077703492e-01
1.110361817075431606e-01
6.397417828330022038e-01
6.493195535169231196e-03
1.383534880629968926e-02
-5.791707406664318991e-02
-1.896327501157647477e-01
2.477763412304287514e-03
-3.002310836821275308e-01
1.512901333406698468e-01
-1.080789160460105536e-01
-2.223027557778358421e-01
-2.607026598899996397e-02
-2.471706974026590536e-02
6.493195535169231196e-03
1.948166653410994195e-02
-6.826438796077565624e-03
1.386715727614414419e-03
3.933682912553798129e-03
1.875155117050784220e-02
-6.563918586644438072e-03
3.448804514663311727e-03
1.790743302479647428e-02
-4.570326105545479897e-03
1.877552547226314303e-02
-1.031236854233569811e-01
1.383534880629968926e-02
-7.188544306077579785e-03
1.164005107668903277e-01
-1.713198267903122060e-02
-3.042911713146292593e-03
-4.208942161370971512e-03
1.525226259290103246e-04
-3.629407716583407054e-03
-1.927219594539605896e-02
9.265893775791855108e-03
-5.411423367151313966e-03
1.315257661929971830e-02
-5.791707406664318991e-02
1.553664532750174011e-03
-1.444158525889104386e-02
5.738267937699975674e-02
4.081995542079437482e-03
3.332162003223752139e-02
-4.868400758182848259e-03
-1.003113859696884566e-03
-2.551417176050129604e-02
1.069414677573272618e-02
-1.313418362372033299e-01
2.001070220068632347e-02
-1.896327501157647477e-01
3.933682912553798129e-03
-3.042911713146292593e-03
4.081995542079437482e-03
1.187919411030619182e-01
-1.839163343153512806e-02
1.638380663705253648e-01
8.884644003076922966e-03
1.825170104726738006e-03
1.928150428226667323e-02
9.617651086418233311e-03
-4.847612847666930153e-02
2.477763412304287514e-03
1.875155117050784220e-02
-4.208942161370971512e-03
3.332162003223752139e-02
-1.921944988186845976e-02
5.693492659227160357e-02
-1.920100432949818636e-02
-8.721254761600766292e-03
-1.026690799602907999e-03
-1.627666937491838162e-02
-1.437210698251324137e-01
2.050354287136411935e-02
-3.002310836821275308e-01
-6.563918586644438072e-03
1.525226259290103246e-04
-4.868400758182848259e-03
1.630436190714109890e-01
-2.013871573966502515e-02
3.306973638373333357e-01
-1.681355280137396616e-02
-7.997660764781786480e-04
-2.832408116797403841e-02
-1.316086550712826930e-01
1.160136416737372750e-01
1.512901333406698468e-01
3.448804514663311727e-03
-3.629407716583407054e-03
-1.003113859696884566e-03
8.884644003076922966e-03
-8.721254761600766292e-03
-1.681355280137396616e-02
1.272472305557809380e-01
-1.033280805172647060e-01
-1.323708267837586938e-01
8.323480549387067551e-02
-1.259602674048818927e-01
-1.080789160460105536e-01
1.790743302479647428e-02
-1.927219594539605896e-02
-2.551417176050129604e-02
1.825170104726738006e-03
-1.026690799602907999e-03
-7.997660764781786480e-04
-1.041632320955980795e-01
1.412803094235530188e-01
1.273274035701966178e-01
1.174798933829808156e-01
-1.260418157169261588e-01
-2.223027557778358421e-01
-4.570326105545479897e-03
9.265893775791855108e-03
1.069414677573272618e-02
1.928150428226667323e-02
-1.627666937491838162e-02
-2.832408116797403841e-02
-1.314669354462197626e-01
1.282306010838848431e-01
2.364756850216680195e-01
2.843817412169982739e-01
-9.914984684565943118e-02
2.754038868078668295e-02
-2.121580294699998773e-02
1.361792388185721278e-02
-3.080237341477650836e-03
-1.333542803635332785e-01
1.968315622350343824e-02
-1.408991580277156042e-01
-1.333286083407896339e-01
7.431778460858468049e-02
1.213444550388940862e-01
-9.637197984332605827e-02
1.455248328313358264e-01
8.641063563460493757e-02
-2.157132651512669655e-02
-2.050354990396224472e-02
-3.757501042380425021e-03
2.971311406401920888e-02
-4.954695567943079998e-02
3.432281915270762179e-02
1.008298178073021439e-01
-1.102804251643762640e-01
-1.165491823324043830e-01
2.488113042118013721e-02
8.793390603178703746e-02
5.696340284303336166e-01
4.454873670154933102e-03
-4.093784892380440861e-03
-3.909119109103773027e-02
-1.861562974219238553e-01
2.263332929665306734e-02
-2.963435244390358325e-01
1.592552238240045603e-01
-1.039616316108415289e-01
-2.352581613888339307e-01
-2.121580294699998773e-02
-2.157132651512669655e-02
4.454873670154933102e-03
1.550876773568846644e-02
-3.739256754501090341e-03
1.006269965817040667e-03
4.322871388635655607e-03
1.350135486034127925e-02
-2.667230901805541302e-03
4.293818877794845085e-03
1.353292410426693189e-02
-2.968350540134365861e-03
1.361792388185721278e-02
-2.050354990396224472e-02
-4.093784892380440861e-03
-2.431540309167756330e-03
9.705343133644829534e-03
6.883321477384889836e-03
-3.215009425422313272e-03
-1.720005934665747071e-03
-1.887892692299968610e-03
-4.616415670586362929e-03
-9.431007367375728728e-03
6.752595069725905730e-03
-3.080237341477650836e-03
-3.757501042380425021e-03
-3.909119109103773027e-02
2.017198188796236451e-03
6.351854986886500999e-03
3.190368006033329068e-02
4.302268185162446724e-03
2.438066914009135236e-02
1.448869184030097783e-03
-2.634699792907031161e-03
-1.964629532298142744e-02
9.170682303580863018e-03
-1.333542803635332785e-01
2.971311406401920888e-02
-1.861562974219238553e-01
4.322871388635655607e-03
-3.215009425422313272e-03
4.302268185162446724e-03
1.196842411526748695e-01
-2.683000647113132839e-02
1.623086335637056177e-01
9.567140824446724451e-03
1.338519348128205553e-03
1.952575015981506193e-02
1.968315622350343824e-02
-4.954695567943079998e-02
2.263332929665306734e-02
1.350135486034127925e-02
-1.720005934665747071e-03
2.438066914009135236e-02
-2.743043226113133642e-02
5.095828837299123948e-02
-3.130546189765780196e-02
-6.729040420443934377e-03
-9.594994157374626270e-04
-1.255090708502465749e-02
-1.408991580277156042e-01
3.432281915270762179e-02
-2.963435244390358325e-01
-2.667230901805541302e-03
-1.887892692299968610e-03
1.448869184030097783e-03
1.622846752119692093e-01
-3.144384679390488380e-02
3.253623587236659787e-01
-1.842898198973884696e-02
2.098439913186603278e-04
-2.952324484170930005e-02
-1.333286083407896339e-01
1.008298178073021439e-01
1.592552238240045603e-01
4.293818877794845085e-03
-4.616415670586362929e-03
-2.634699792907031161e-03
9.567140824446724451e-03
-6.729040420443934377e-03
-1.842898198973884696e-02
1.232753407290157338e-01
-9.249838758106439240e-02
-1.387714062944468973e-01
7.431778460858468049e-02
-1.102804251643762640e-01
-1.039616316108415289e-01
1.353292410426693189e-02
-9.431007367375728728e-03
-1.964629532298142744e-02
1.338519348128205553e-03
-9.594994157374626270e-04
2.098439913186603278e-04
-9.114630754973104820e-02
1.178684365109841092e-01
1.201409852503644293e-01
1.213444550388940862e-01
-1.165491823324043830e-01
-2.352581613888339307e-01
-2.968350540134365861e-03
6.752595069725905730e-03
9.170682303580863018e-03
1.952575015981506193e-02
-1.255090708502465749e-02
-2.952324484170930005e-02
-1.380615225279616110e-01
1.208017058420022272e-01
2.552175388350008678e-01
-8.081386573733319312e-02
2.976144679994625073e-04
-6.006687470004563401e-04
3.540547877410000210e-01
1.210397682712256132e-04
1.892644938201794595e-04
-1.040618825415343229e+00
-1.833393818482414173e-01
8.820362464415796300e-01
-9.711789225867434316e-01
1.727515783854658149e-01
-8.494645689659371390e-01
5.789984139994629143e-04
2.094725143129342548e+00
1.871680510320665292e+00
-1.744942832935645347e-03
-1.510764058962321243e+00
-1.919440193374424952e+00
-2.632530363969849407e-01
1.280165407488987328e-01
1.875833541646663716e-01
2.476046525663042619e-01
1.191678282603314959e-01
1.680801620335475033e-01
-3.110040070004529305e-04
1.857763856696999172e+00
1.231592347782002772e+00
-3.448293525076697244e-03
-1.810642705038424838e+00
-1.715056165187681669e+00
8.418426398324603266e-01
1.302205353066455129e-01
-4.585908448745558141e-01
-7.795281986569035926e-01
1.230585930945378992e-01
-4.517301720535893406e-01
3.540547877410000210e-01
-1.744942832935645347e-03
-3.448293525076697244e-03
-9.114985221533340731e-02
1.698364066638519102e-05
-1.273575133311302856e-05
-6.315079197336452843e-01
1.794880884283705236e-01
8.796872307069220076e-01
-6.315067682618342726e-01
-1.868566901313792328e-01
-9.010243803455063594e-01
1.210397682712256132e-04
-1.510764058962321243e+00
-1.810642705038424838e+00
1.857280599971850642e-05
2.207091419587011050e+00
-1.799273712733335140e+00
1.688211227421268223e-01
8.091514534190211161e-02
-1.580721228293235914e-01
-1.705593370446221169e-01
9.257514248029823090e-02
-1.622347889825946077e-01
1.892644938201794595e-04
-1.919440193374424952e+00
-1.715056165187681669e+00
-1.385620466644600624e-05
-1.802198486030001323e+00
1.191824780081336632e+00
9.117996677214332824e-01
-1.859168326089364609e-01
-9.005819533552565925e-01
-9.286889413572164687e-01
-1.920655380926487299e-01
-9.141772245424639731e-01
-1.040618825415343229e+00
-2.632530363969849407e-01
8.418426398324603266e-01
-6.315079197336452843e-01
1.688211227421268223e-01
9.117996677214332824e-01
3.111382236168991344e-01
1.254149803775824745e-01
-4.556178257129161330e-02
-1.946246216919320371e-01
4.592606130240382660e-03
1.636943439092784086e-02
-1.833393818482414173e-01
1.280165407488987328e-01
1.302205353066455129e-01
1.794880884283705236e-01
8.091514534190211161e-02
-1.859168326089364609e-01
1.244089045582490727e-01
6.983874008110232956e-02
8.272290372764834476e-03
2.532630636304441119e-03
-7.771944091967452999e-03
8.420887016653796561e-03
8.820362464415796300e-01
1.875833541646663716e-01
-4.585908448745558141e-01
8.796872307069220076e-01
-1.580721228293235914e-01
-9.005819533552565925e-01
-5.160557174050871970e-02
-2.108181645172700625e-03
1.935525737069999086e-01
-2.191579374477578904e-02
1.354739241532815393e-02
3.371086829989934641e-02
-9.711789225867434316e-01
2.476046525663042619e-01
-7.795281986569035926e-01
-6.315067682618342726e-01
-1.705593370446221169e-01
-9.286889413572164687e-01
-1.946246216919320371e-01
2.532630636304441119e-03
-2.191579374477578904e-02
3.469576393092145272e-01
-1.032162990053232116e-01
5.382765780548423584e-02
1.727515783854658149e-01
1.191678282603314959e-01
1.230585930945378992e-01
-1.868566901313792328e-01
9.257514248029823090e-02
-1.920655380926487299e-01
4.592606130240382660e-03
-7.771944091967452999e-03
1.354739241532815393e-02
-1.027264301979898820e-01
2.961903136078669271e-02
1.899584993481092179e-02
-8.494645689659371390e-01
1.680801620335475033e-01
-4.517301720535893406e-01
-9.010243803455063594e-01
-1.622347889825946077e-01
-9.141772245424639731e-01
1.636943439092784086e-02
8.420887016653796561e-03
3.371086829989934641e-02
5.956697153738374495e-02
1.481999861252434117e-02
1.956389998633333849e-01
-7.061551457299984624e-02
1.741444733279967093e-05
1.381709766619981256e-05
3.721337332569999989e-01
2.520806073379945784e-04
2.250386051477566891e-04
-6.632394171162716567e-01
-1.382333362837778572e-02
5.919721952494261252e-01
-6.287669303904980245e-01
9.322293778693807945e-03
-5.924931884251971592e-01
1.801107333279967243e-05
2.108356564450343029e+00
1.906237661263331828e+00
-4.450470897481957557e-04
-1.860854709138878293e+00
-1.918146396485639338e+00
-1.070211988657036456e-01
1.397750816318227840e-01
6.906663997191313242e-02
1.055035374481813615e-01
1.331392560844694706e-01
5.558479140908608590e-02
1.453572499953615000e-05
1.893999093144665968e+00
1.254801046772002993e+00
-1.380006221603825812e-03
-1.808971657345639139e+00
-1.379275290338124238e+00
5.389169609298177788e-01
1.062684351028947947e-02
-3.317274791225502395e-01
-5.124640408957604754e-01
6.933123852596806760e-03
-3.301918923779719184e-01
3.721337332569999989e-01
-4.450470897481957557e-04
-1.380006221603825812e-03
-2.288670872086669417e-01
1.920129199938256048e-05
1.413489733289058318e-05
-4.872491775798685754e-01
2.427040644290512639e-01
7.239390843386770413e-01
-4.873139638104684868e-01
-2.508064030387937571e-01
-7.434649392302139503e-01
2.520806073379945784e-04
-1.860854709138878293e+00
-1.808971657345639139e+00
1.937443133271589372e-05
2.291770963045010934e+00
1.807889567564670008e+00
2.360687654638428945e-01
-9.933959586138343609e-03
-2.773070161470310158e-01
-2.401393090630127569e-01
-5.653134517313977009e-03
-2.856740285841058435e-01
2.250386051477566891e-04
-1.918146396485639338e+00
-1.379275290338124238e+00
1.428510933288945511e-05
1.812483624808003180e+00
1.182924117948003451e+00
7.406208509160411291e-01
-3.044389531767157653e-01
-7.760397467569930541e-01
-7.531741269795921845e-01
-3.140596424674804155e-01
-7.905195394442177115e-01
-6.632394171162716567e-01
-1.070211988657036456e-01
5.389169609298177788e-01
-4.872491775798685754e-01
2.360687654638428945e-01
7.406208509160411291e-01
2.558429247775987903e-01
6.275392311102366560e-02
-1.629892339534423640e-01
-3.458079484294634964e-02
6.878754496064702281e-03
2.389085584653626027e-02
-1.382333362837778572e-02
1.397750816318227840e-01
1.062684351028947947e-02
2.427040644290512639e-01
-9.933959586138343609e-03
-3.044389531767157653e-01
6.125252923469036437e-02
-2.499078212893155945e-02
-2.812504315289943851e-02
-6.078359808022966437e-03
-1.660830110604750998e-02
1.978926962033263071e-02
5.919721952494261252e-01
6.906663997191313242e-02
-3.317274791225502395e-01
7.239390843386770413e-01
-2.773070161470310158e-01
-7.760397467569930541e-01
-1.634360976155449507e-01
-3.158052097680770498e-02
1.679380828759999555e-01
-2.622001409345998957e-02
2.325792713307320292e-02
2.356143818899385234e-02
-6.287669303904980245e-01
1.055035374481813615e-01
-5.124640408957604754e-01
-4.873139638104684868e-01
-2.401393090630127569e-01
-7.531741269795921845e-01
-3.458079484294634964e-02
-6.078359808022966437e-03
-2.622001409345998957e-02
2.871955864633164435e-01
-3.435346679282658133e-02
1.635313429288743625e-01
9.322293778693807945e-03
1.331392560844694706e-01
6.933123852596806760e-03
-2.508064030387937571e-01
-5.653134517313977009e-03
-3.140596424674804155e-01
6.878754496064702281e-03
-1.660830110604750998e-02
2.325792713307320292e-02
-3.873898330982657179e-02
-5.480299376898267738e-02
-1.571329870830354830e-02
-5.924931884251971592e-01
5.558479140908608590e-02
-3.301918923779719184e-01
-7.434649392302139503e-01
-2.856740285841058435e-01
-7.905195394442177115e-01
2.389085584653626027e-02
1.978926962033263071e-02
2.356143818899385234e-02
1.636170978990795777e-01
-1.410135393401475840e-02
1.726967602823334669e-01
4.205786685755310561e-01
-2.637462563212814026e-02
1.281617675345129714e-01
-1.794658690501180556e-02
1.990464627549637724e-02
-8.099369473911039244e-03
-1.107512869836314168e-01
1.077417505103172831e-03
-1.258326766227451099e-01
-1.107745742646197296e-01
8.706394204897663358e-02
9.087200400180565907e-02
-2.904841086279480455e-02
3.278855695054693209e-01
9.627337086090792528e-02
-2.253452171270957718e-02
-3.125584294365428839e-01
1.053581050124280244e-01
8.879553427777709187e-03
-4.390465068006984412e-02
-3.789958988280004663e-03
1.218886239167148028e-01
-1.369084588665834268e-01
-1.166911489222132448e-01
1.283769139344752286e-01
9.596883858924037947e-02
5.362661401540028683e-01
8.844820454033100812e-03
1.049127077144673126e-01
-8.942395969344582585e-02
-1.682917409026951916e-01
-1.878133871509696587e-02
-2.652730383712992857e-01
1.168608104146706267e-01
-1.025415763264103663e-01
-1.722459429037973833e-01
-1.794658690501180556e-02
-2.253452171270957718e-02
8.844820454033100812e-03
2.447355127006422409e-02
-6.911706489820087368e-03
1.137987626026862320e-02
-2.233973832441144870e-03
1.909742050721941267e-02
-1.213374515619880002e-02
8.596931384240824418e-04
2.509646386146383371e-02
-4.842275837444275435e-03
1.990464627549637724e-02
-3.125584294365428839e-01
1.049127077144673126e-01
-7.976034394820093187e-03
2.516949436486027314e-01
-7.358247792168823298e-02
-2.410404097793200293e-03
-2.901922227671949791e-03
9.286819937901017461e-04
-2.494546853783568521e-04
-2.727521073827119877e-02
9.254176387610732815e-03
-8.099369473911039244e-03
1.053581050124280244e-01
-8.942395969344582585e-02
8.177194051994893242e-03
-7.797193369952733211e-02
1.666265414086668395e-01
-1.904499851369179618e-03
3.509899041414161341e-02
-1.505076735788687600e-02
9.270814601942871467e-04
-2.316376668464164429e-02
3.908419192847122602e-03
-1.107512869836314168e-01
8.879553427777709187e-03
-1.682917409026951916e-01
-2.233973832441144870e-03
-2.410404097793200293e-03
-1.904499851369179618e-03
1.297110673297210137e-01
-8.924995236186498981e-04
1.671960242407442565e-01
6.389553341797853982e-03
2.561114478996162364e-03
1.942371001370739314e-02
1.077417505103172831e-03
-4.390465068006984412e-02
-1.878133871509696587e-02
1.909742050721941267e-02
-2.901922227671949791e-03
3.509899041414161341e-02
-2.604017895951955992e-03
5.319238844094655028e-02
1.908135829033795472e-02
-1.140510399852872996e-02
5.825357664458685964e-04
-2.165493025568747745e-02
-1.258326766227451099e-01
-3.789958988280004663e-03
-2.652730383712992857e-01
-1.213374515619880002e-02
9.286819937901017461e-04
-1.505076735788687600e-02
1.710370657363073088e-01
2.008982117512760762e-02
2.939902078326674384e-01
-1.504205499594499229e-02
-2.812939020681611349e-03
-2.717217402924368419e-02
-1.107745742646197296e-01
1.218886239167148028e-01
1.168608104146706267e-01
8.596931384240824418e-04
-2.494546853783568521e-04
9.270814601942871467e-04
6.389553341797853982e-03
-1.140510399852872996e-02
-1.504205499594499229e-02
1.188008453334193915e-01
-1.195219340577227396e-01
-1.158033020637127264e-01
8.706394204897663358e-02
-1.369084588665834268e-01
-1.025415763264103663e-01
2.509646386146383371e-02
-2.727521073827119877e-02
-2.316376668464164429e-02
2.561114478996162364e-03
5.825357664458685964e-04
-2.812939020681611349e-03
-1.210050354490560531e-01
1.683298950389147675e-01
1.404168478758535121e-01
9.087200400180565907e-02
-1.166911489222132448e-01
-1.722459429037973833e-01
-4.842275837444275435e-03
9.254176387610732815e-03
3.908419192847122602e-03
1.942371001370739314e-02
-2.165493025568747745e-02
-2.717217402924368419e-02
-1.160858997629577449e-01
1.400243692307912013e-01
1.996252022893337807e-01
2.747555090143722345e-01
-1.084907699716161356e-01
1.323543982189556711e-02
-1.173981809399998223e-02
1.985816141859516812e-03
-2.936644649445031580e-04
-1.314587864979479270e-01
3.737307113877108566e-02
-1.408623121812698775e-01
-1.314719406931332824e-01
6.888259528926458930e-02
1.283776324476827990e-01
-1.083613077309495132e-01
9.437426893462870503e-02
5.615928391783275159e-02
-1.327887004311940032e-02
3.333536042915676012e-02
-6.148633666069283632e-03
4.028976963333268796e-02
-4.608727113555476790e-02
4.971368750615322990e-02
8.143202675478092289e-02
-8.254786077745723816e-02
-9.953902904037176258e-02
1.295267555231275833e-02
5.612105862551979713e-02
5.620277620796678697e-01
1.566530865253183127e-03
-6.126359280069291167e-03
-1.798607765915681903e-02
-1.815633869245403820e-01
5.347563564014087140e-02
-2.906565237574972316e-01
1.672206298250502599e-01
-1.030997945406810917e-01
-2.541428006944091988e-01
-1.173981809399998223e-02
-1.327887004311940032e-02
1.566530865253183127e-03
4.645187975778776630e-03
4.654774762609998782e-04
-5.331136935972504787e-05
3.420984125541806295e-03
6.772765003486847131e-03
-3.535206880778589758e-04
3.395199418377041565e-03
6.610768946799629522e-03
-1.273193936106861886e-03
1.985816141859516812e-03
3.333536042915676012e-02
-6.126359280069291167e-03
7.753335859276629539e-04
-3.566610957411220362e-02
5.322502482070523046e-03
-9.338701344505289997e-04
2.630700973086746303e-03
-3.588865840483412579e-04
-1.508950186384709104e-03
3.955315412023302567e-04
9.586422081348238301e-04
-2.936644649445031580e-04
-6.148633666069283632e-03
-1.798607765915681903e-02
-4.764727852533614952e-05
5.317310101473713552e-03
1.095459828833335141e-02
2.774922392366045449e-03
1.026069181127674430e-02
2.795254908371451463e-03
-2.396993984715852302e-03
-9.684920047464263063e-03
5.033149785420629359e-03
-1.314587864979479270e-01
4.028976963333268796e-02
-1.815633869245403820e-01
3.420984125541806295e-03
-9.338701344505289997e-04
2.774922392366045449e-03
1.189409216149572707e-01
-4.064753812626308027e-02
1.598336983261308131e-01
8.648729481254811141e-03
8.533421993000356656e-04
1.896090200768656142e-02
3.737307113877108566e-02
-4.608727113555476790e-02
5.347563564014087140e-02
6.772765003486847131e-03
2.630700973086746303e-03
1.026069181127674430e-02
-4.071786876059640958e-02
4.192161220770904140e-02
-5.332643958899634801e-02
-3.763970484107582309e-03
1.103832269996986261e-03
-1.054671204281071306e-02
-1.408623121812698775e-01
4.971368750615322990e-02
-2.906565237574972316e-01
-3.535206880778589758e-04
-3.588865840483412579e-04
2.795254908371451463e-03
1.598049204978141125e-01
-5.330908514367235090e-02
3.177176486276666600e-01
-1.863049707648854747e-02
3.145620852770829225e-03
-2.994264135025172940e-02
-1.314719406931332824e-01
8.143202675478092289e-02
1.672206298250502599e-01
3.395199418377041565e-03
-1.508950186384709104e-03
-2.396993984715852302e-03
8.648729481254811141e-03
-3.763970484107582309e-03
-1.863049707648854747e-02
1.190491305984170411e-01
-7.697839080648805066e-02
-1.457711661512153534e-01
6.888259528926458930e-02
-8.254786077745723816e-02
-1.030997945406810917e-01
6.610768946799629522e-03
3.955315412023302567e-04
-9.684920047464263063e-03
8.533421993000356656e-04
1.103832269996986261e-03
3.145620852770829225e-03
-7.673517265848806002e-02
8.120154879458363339e-02
1.099358583871569012e-01
1.283776324476827990e-01
-9.953902904037176258e-02
-2.541428006944091988e-01
-1.273193936106861886e-03
9.586422081348238301e-04
5.033149785420629359e-03
1.896090200768656142e-02
-1.054671204281071306e-02
-2.994264135025172940e-02
-1.457665519479792171e-01
1.098762407457690438e-01
2.787719649749991202e-01
-1.057844439929669589e+00
3.273017533243621215e-05
-2.123109703342994066e-04
5.445887289909993045e-01
2.112352131116255940e-03
-6.110824379392637042e-03
-1.997049525278533910e-01
3.690389396182929826e-01
3.723435962241956609e-01
-1.727178331172726233e-01
-3.505325831379335622e-01
-3.904173790898027852e-01
4.331974909991010976e-04
2.604833440215007290e+00
3.963479352046671789e+00
7.964496464220684191e-03
-2.209978212592140778e+00
-2.504504538732996277e+00
-2.017802668720906217e-02
4.169874883737569871e-01
-8.877691551428309319e-03
2.641377522584692841e-02
4.082796818188426102e-01
-2.190289842297502357e-02
3.392464699902688008e-05
3.972741009270672308e+00
3.010934046213324500e+00
2.754567943081783540e-03
-2.236961258063996816e+00
-1.689705250058864960e+00
2.529966210115641156e-01
-2.780098803183864709e-01
-8.754661640390419552e-02
-2.212078624769266144e-01
-2.825892795671989810e-01
-9.732541841357045254e-02
5.445887289909993045e-01
7.964496464220684191e-03
2.754567943081783540e-03
-6.162649825106631951e-01
-6.735685933415289171e-05
2.451604166664962453e-04
-3.854219474327200134e-02
-6.258648407002224967e-02
-1.057523376062088037e-02
-9.471904768193374624e-02
1.335932619735638316e-01
5.926593331962058675e-02
2.112352131116255940e-03
-2.209978212592140778e+00
-2.236961258063996816e+00
-1.302595516674862162e-04
2.731795770085006403e+00
6.812379561566639374e-01
7.948300557159414248e-03
-5.548922958876541071e-03
1.540085656255020703e-02
2.818705711522915148e-04
-3.170571323412153808e-02
1.624876855726509542e-02
-6.110824379392637042e-03
-2.504504538732996277e+00
-1.689705250058864960e+00
6.088297666650045877e-05
6.798353250633305533e-01
1.854662121916331063e+00
2.772240996918430914e-02
6.719376163818516212e-02
-2.185266489385146935e-02
-4.151022177997923390e-02
1.180091824722634686e-01
-4.217187064094461008e-02
-1.997049525278533910e-01
-2.017802668720906217e-02
2.529966210115641156e-01
-3.854219474327200134e-02
7.948300557159414248e-03
2.772240996918430914e-02
2.884746660689970210e-01
3.090852853445527626e-03
-2.057699650844847239e-01
-3.833612653995974173e-02
1.884441600843966488e-02
2.778055178540361769e-02
3.690389396182929826e-01
4.169874883737569871e-01
-2.780098803183864709e-01
-6.258648407002224967e-02
-5.548922958876541071e-03
6.719376163818516212e-02
1.856925608877882383e-02
-1.841422118753311965e-01
-6.578220344227561633e-02
-1.710103902156960565e-02
-3.836120715699911643e-02
5.414414495417473744e-02
3.723435962241956609e-01
-8.877691551428309319e-03
-8.754661640390419552e-02
-1.057523376062088037e-02
1.540085656255020703e-02
-2.185266489385146935e-02
-2.084045680141114187e-01
-6.172055296367878058e-02
1.437990808513334995e-01
-3.004163731791994682e-02
5.454144004844727750e-02
2.847453037795878369e-02
-1.727178331172726233e-01
2.641377522584692841e-02
-2.212078624769266144e-01
-9.471904768193374624e-02
2.818705711522915148e-04
-4.151022177997923390e-02
-3.833612653995974173e-02
-1.710103902156960565e-02
-3.004163731791994682e-02
2.875134294277345570e-01
-1.605564212644780553e-02
2.124817483680633279e-01
-3.505325831379335622e-01
4.082796818188426102e-01
-2.825892795671989810e-01
1.335932619735638316e-01
-3.170571323412153808e-02
1.180091824722634686e-01
1.884441600843966488e-02
-3.836120715699911643e-02
5.454144004844727750e-02
-7.556252251781109264e-03
-2.048172014337346081e-01
-6.753283118872403790e-02
-3.904173790898027852e-01
-2.190289842297502357e-02
-9.732541841357045254e-02
5.926593331962058675e-02
1.624876855726509542e-02
-4.217187064094461008e-02
2.778055178540361769e-02
5.414414495417473744e-02
2.847453037795878369e-02
2.121649441672905090e-01
-6.882334417815577643e-02
1.408777541820000201e-01
2.797969712677707554e-01
-9.684050574627867114e-02
2.216533376384292181e-02
-1.933279351699996110e-02
1.123413459211143606e-02
-2.220596527465846636e-03
-1.318463598037684648e-01
1.849199754718124436e-02
-1.397068627221126624e-01
-1.318857197987919616e-01
7.453641753392088731e-02
1.196876932177720759e-01
-9.241919498027868773e-02
1.435495248035634497e-01
8.347750578549405220e-02
-2.049236766567449908e-02
-1.005865028414105675e-02
-5.480196742247982374e-03
2.829183042716772525e-02
-4.966889197211733081e-02
3.373839679423077526e-02
1.002056696837017591e-01
-1.125924899753389802e-01
-1.142254208219057043e-01
2.222689453543474913e-02
8.420366842758403303e-02
5.721182466466665506e-01
4.157768314948642741e-03
-5.699627255247999465e-03
-3.639322594485894929e-02
-1.845623674687953686e-01
2.234460982298510506e-02
-2.932648269981142364e-01
1.580096928812505797e-01
-1.068749779851673187e-01
-2.302589030728691699e-01
-1.933279351699996110e-02
-2.049236766567449908e-02
4.157768314948642741e-03
1.339787399235464922e-02
-3.479534667998029560e-03
1.644306427503142154e-03
4.184612725683777706e-03
1.307189146696438077e-02
-2.593240897675871699e-03
4.087309078620511051e-03
1.314325932255031026e-02
-2.875227618016200012e-03
1.123413459211143606e-02
-1.005865028414105675e-02
-5.699627255247999465e-03
-3.748764822331363510e-03
1.618345788897857657e-02
2.050187792575195768e-03
-3.205659213354459126e-03
-7.623136348646785462e-04
-1.888391044111753210e-03
-4.048873899228564582e-03
-8.029379519216528829e-03
5.768174018231217795e-03
-2.220596527465846636e-03
-5.480196742247982374e-03
-3.639322594485894929e-02
8.930277895973028112e-04
7.232452299782148215e-03
3.145868646833337862e-02
3.726683256297795219e-03
2.263957201172678985e-02
7.173524151808999532e-04
-1.992747862067858946e-03
-1.868384143990193050e-02
8.015155792596003956e-03
-1.318463598037684648e-01
2.829183042716772525e-02
-1.845623674687953686e-01
4.184612725683777706e-03
-3.205659213354459126e-03
3.726683256297795219e-03
1.200574777428750073e-01
-2.629209821785941439e-02
1.637430976549550388e-01
9.283536232573936023e-03
1.320933092224360140e-03
1.945261796560938949e-02
1.849199754718124436e-02
-4.966889197211733081e-02
2.234460982298510506e-02
1.307189146696438077e-02
-7.623136348646785462e-04
2.263957201172678985e-02
-2.690621740352607677e-02
5.137760440279103002e-02
-3.044322764450434204e-02
-6.737569139595866660e-03
-7.521628901683115797e-04
-1.267146609819601137e-02
-1.397068627221126624e-01
3.373839679423077526e-02
-2.932648269981142364e-01
-2.593240897675871699e-03
-1.888391044111753210e-03
7.173524151808999532e-04
1.644090122769873707e-01
-3.156186837433311299e-02
3.249843578063331129e-01
-1.832299064150852419e-02
4.735758985893767409e-04
-2.953795652440563760e-02
-1.318857197987919616e-01
1.002056696837017591e-01
1.580096928812505797e-01
4.087309078620511051e-03
-4.048873899228564582e-03
-1.992747862067858946e-03
9.283536232573936023e-03
-6.737569139595866660e-03
-1.832299064150852419e-02
1.251996059190005894e-01
-9.049665341283254227e-02
-1.382436538617733690e-01
7.453641753392088731e-02
-1.125924899753389802e-01
-1.068749779851673187e-01
1.314325932255031026e-02
-8.029379519216528829e-03
-1.868384143990193050e-02
1.320933092224360140e-03
-7.521628901683115797e-04
4.735758985893767409e-04
-8.955625321783253212e-02
1.120153344323321920e-01
1.190917779985647962e-01
1.196876932177720759e-01
-1.142254208219057043e-01
-2.302589030728691699e-01
-2.875227618016200012e-03
5.768174018231217795e-03
8.015155792596003956e-03
1.945261796560938949e-02
-1.267146609819601137e-02
-2.953795652440563760e-02
-1.391699192763708182e-01
1.189309204115468199e-01
2.591478173756667225e-01
2.963360330939291964e-01
-9.751600918622949088e-02
5.567679336122913214e-02
-6.618894761999995387e-03
4.465475449248246242e-03
-8.166424932841775215e-04
-1.299941666844508237e-01
2.424717536785489166e-02
-1.376089205607791965e-01
-1.298829636463813553e-01
7.212069210769271599e-02
1.196290545855895754e-01
-9.275317797689615340e-02
1.031440956104059253e-01
7.595630699940113251e-02
-1.653632795185947663e-02
-1.329373952978563644e-01
2.098220436393026175e-02
3.095951054243857928e-02
-4.766450013058522173e-02
3.708117544532923970e-02
9.411152731930651216e-02
-1.024800988824439846e-01
-1.097717523035273701e-01
5.489031090327040757e-02
7.782197765459078487e-02
5.949721189006654809e-01
3.682285805781952432e-03
1.863013038093024737e-02
-2.275468292314352867e-02
-1.824389237322651680e-01
3.260554805068412165e-02
-2.896455569179640088e-01
1.591240513430760006e-01
-1.055601223226308033e-01
-2.342854092811747779e-01
-6.618894761999995387e-03
-1.653632795185947663e-02
3.682285805781952432e-03
1.175752475459886440e-02
-8.602363307325681854e-04
-5.512876634236862352e-04
4.013154049295974100e-03
1.119136868819023412e-02
-1.483211069855457477e-03
4.154661646163418376e-03
1.126415704030073357e-02
-2.357585085456013075e-03
4.465475449248246242e-03
-1.329373952978563644e-01
1.863013038093024737e-02
-1.529380913732572567e-03
-6.901655113265557986e-03
6.004177521047578646e-03
-1.928802240538802061e-03
2.663821830295436273e-04
-2.304518777682058699e-03
-3.470342615794601033e-03
-4.995698523693833763e-03
4.466553036201223285e-03
-8.166424932841775215e-04
2.098220436393026175e-02
-2.275468292314352867e-02
3.610162612360280632e-04
9.048866911902441607e-03
2.237120472866672288e-02
3.170221646487163692e-03
1.898259351208014117e-02
2.476522721674494134e-03
-2.465708118597558906e-03
-1.601070221445393543e-02
7.563910651530420838e-03
-1.299941666844508237e-01
3.095951054243857928e-02
-1.824389237322651680e-01
4.013154049295974100e-03
-1.928802240538802061e-03
3.170221646487163692e-03
1.194427909115290398e-01
-3.017326289934255806e-02
1.622041095580247783e-01
8.979032674058752897e-03
1.124665058896016706e-03
1.900377184688054749e-02
2.424717536785489166e-02
-4.766450013058522173e-02
3.260554805068412165e-02
1.119136868819023412e-02
2.663821830295436273e-04
1.898259351208014117e-02
-3.092583095467589527e-02
4.916774227547038301e-02
-3.580354001207982501e-02
-5.886314163053176125e-03
-3.895523901556922452e-04
-1.222740282812188536e-02
-1.376089205607791965e-01
3.708117544532923970e-02
-2.896455569179640088e-01
-1.483211069855457477e-03
-2.304518777682058699e-03
2.476522721674494134e-03
1.611874915221364057e-01
-3.592435208299886440e-02
3.228665279433339252e-01
-1.857765850600682014e-02
7.402081267721918227e-04
-2.964990358840305373e-02
-1.298829636463813553e-01
9.411152731930651216e-02
1.591240513430760006e-01
4.154661646163418376e-03
-3.470342615794601033e-03
-2.465708118597558906e-03
8.979032674058752897e-03
-5.886314163053176125e-03
-1.857765850600682014e-02
1.224568028795343377e-01
-8.507308271980794367e-02
-1.413066999933039747e-01
7.212069210769271599e-02
-1.024800988824439846e-01
-1.055601223226308033e-01
1.126415704030073357e-02
-4.995698523693833763e-03
-1.601070221445393543e-02
1.124665058896016706e-03
-3.895523901556922452e-04
7.402081267721918227e-04
-8.606123320247462127e-02
1.038772389904645682e-01
1.164472989927523017e-01
1.196290545855895754e-01
-1.097717523035273701e-01
-2.342854092811747779e-01
-2.357585085456013075e-03
4.466553036201223285e-03
7.563910651530420838e-03
1.900377184688054749e-02
-1.222740282812188536e-02
-2.964990358840305373e-02
-1.413123495046897937e-01
1.163719695715119545e-01
2.646957816143332143e-01
2.766784302625285852e-01
-1.073689467758072724e-01
1.397990602337470523e-02
-1.332819151799998457e-02
3.459494886963209934e-03
-4.235734137971104598e-04
-1.315352316441654179e-01
3.482932097222125878e-02
-1.409241567145157470e-01
-1.315581805628524559e-01
6.963939527184441480e-02
1.273790879392790454e-01
-1.070284911461405891e-01
9.667410807847018339e-02
6.116002255296117129e-02
-1.438851161035659999e-02
3.479226804673910683e-02
-6.698041171547521912e-03
3.879375635262530958e-02
-4.555392237702305530e-02
4.768820734329745625e-02
8.398353979243516898e-02
-8.522079779065343252e-02
-1.021089249326833232e-01
1.378571743433680899e-02
6.146702786554752301e-02
5.645239172443315967e-01
1.852731307845091472e-03
-7.194518054547528393e-03
-1.980271294473911342e-02
-1.823835880133270193e-01
4.831161249067292968e-02
-2.919463410968115569e-01
1.665294613969300896e-01
-1.026848653029766301e-01
-2.523285048854940760e-01
-1.332819151799998457e-02
-1.438851161035659999e-02
1.852731307845091472e-03
5.376898371887035670e-03
-1.334549010727454927e-03
1.149229932123584899e-04
3.937256738109191911e-03
8.210835398376432198e-03
-4.802698074632313885e-04
3.937246659068346054e-03
8.035978623773231896e-03
-1.636603575745655291e-03
3.459494886963209934e-03
3.479226804673910683e-02
-7.194518054547528393e-03
-8.422885540607803929e-04
-3.500252747555369220e-02
5.283831364748741745e-03
-1.147875585366294740e-03
1.136680059574010811e-03
-5.154432122444940929e-04
-1.987119484523418213e-03
-1.859043444504224771e-03
1.848912143651961718e-03
-4.235734137971104598e-04
-6.698041171547521912e-03
-1.980271294473911342e-02
2.075521494450801251e-04
5.323953018611587290e-03
1.145663669633335824e-02
3.217323479798472451e-03
1.309828936962266661e-02
3.253105709316810642e-03
-2.856373081163494487e-03
-1.173052187887183018e-02
6.269948992435891294e-03
-1.315352316441654179e-01
3.879375635262530958e-02
-1.823835880133270193e-01
3.937256738109191911e-03
-1.147875585366294740e-03
3.217323479798472451e-03
1.190344026244708475e-01
-3.869211030842854837e-02
1.601710607211755677e-01
8.693502514960297148e-03
9.075317786260523548e-04
1.902364216046094694e-02
3.482932097222125878e-02
-4.555392237702305530e-02
4.831161249067292968e-02
8.210835398376432198e-03
1.136680059574010811e-03
1.309828936962266661e-02
-3.864561374576186426e-02
4.316625441352910791e-02
-4.997658750219705764e-02
-4.017270925563648162e-03
7.415533143890440338e-04
-1.077510371856693974e-02
-1.409241567145157470e-01
4.768820734329745625e-02
-2.919463410968115569e-01
-4.802698074632313885e-04
-5.154432122444940929e-04
3.253105709316810642e-03
1.601226489861038715e-01
-5.000552020265389142e-02
3.187653987609987971e-01
-1.865566314880207077e-02
2.635304449420147136e-03
-2.993747616934934117e-02
-1.315581805628524559e-01
8.398353979243516898e-02
1.665294613969300896e-01
3.937246659068346054e-03
-1.987119484523418213e-03
-2.856373081163494487e-03
8.693502514960297148e-03
-4.017270925563648162e-03
-1.865566314880207077e-02
1.186980002358063030e-01
-7.770841903286593300e-02
-1.447379437521949808e-01
6.963939527184441480e-02
-8.522079779065343252e-02
-1.026848653029766301e-01
8.035978623773231896e-03
-1.859043444504224771e-03
-1.173052187887183018e-02
9.075317786260523548e-04
7.415533143890440338e-04
2.635304449420147136e-03
-7.904730448219926542e-02
8.592019120086019646e-02
1.114789853333044839e-01
1.273790879392790454e-01
-1.021089249326833232e-01
-2.523285048854940760e-01
-1.636603575745655291e-03
1.848912143651961718e-03
6.269948992435891294e-03
1.902364216046094694e-02
-1.077510371856693974e-02
-2.993747616934934117e-02
-1.443832921316038076e-01
1.111119297533356698e-01
2.760402705436666437e-01
4.207519905293622964e-01
-3.993177401731329290e-02
1.191518106788997944e-01
-1.774887563309026153e-02
1.895040598348857186e-02
-8.224005299273032948e-03
-1.079407284271683143e-01
2.679603369835024170e-03
-1.227929160719209989e-01
-1.066528529282432247e-01
8.550775204854275946e-02
8.947508580708565806e-02
-3.742704603064660185e-02
3.301467879436378872e-01
9.762675089834335629e-02
-2.010861058162490000e-02
-3.051050994161629837e-01
1.009626580291477088e-01
9.729919758448420455e-03
-4.319569081628928109e-02
-4.763930426029458660e-03
1.169109249664477407e-01
-1.348771749737964487e-01
-1.138516131970794404e-01
1.173907789836996091e-01
9.891681943578983782e-02
5.456575375226694335e-01
6.420335025787420914e-03
1.022611062323581510e-01
-8.776759537174731729e-02
-1.621771628105162510e-01
-1.663505480328699229e-02
-2.594851511775430053e-01
1.126859322750083658e-01
-9.912589476784479381e-02
-1.690915425189608856e-01
-1.774887563309026153e-02
-2.010861058162490000e-02
6.420335025787420914e-03
-4.423464581888864565e-03
-7.202414227465253095e-03
8.131569300325394711e-06
-3.340789378571421431e-03
1.773141593707900157e-02
-1.218631591166975323e-02
2.923330094667263637e-03
2.579870308396771048e-02
-3.987179458981649112e-03
1.895040598348857186e-02
-3.051050994161629837e-01
1.022611062323581510e-01
-1.477341332131888035e-03
2.054542371012220148e-01
-1.139718381897112248e-01
-2.712704717479868296e-03
-3.356070770974148298e-03
8.964789681118875628e-04
-1.438593189401432093e-04
-2.696636653691143401e-02
9.294345835417586535e-03
-8.224005299273032948e-03
1.009626580291477088e-01
-8.776759537174731729e-02
-1.110091106935589406e-04
-1.103247867622677153e-01
1.568106771360003870e-01
-1.768759896701101566e-03
3.517031286635778631e-02
-1.507566462345441213e-02
3.766521000389658029e-03
-2.141784227250995848e-02
3.246598193244185689e-03
-1.079407284271683143e-01
9.729919758448420455e-03
-1.621771628105162510e-01
-3.340789378571421431e-03
-2.712704717479868296e-03
-1.768759896701101566e-03
1.895985490271362151e-01
7.737182198694946347e-03
2.183353124220394348e-01
4.767255085082082629e-03
2.665155477294663209e-03
1.897359375280845833e-02
2.679603369835024170e-03
-4.319569081628928109e-02
-1.663505480328699229e-02
1.773141593707900157e-02
-3.356070770974148298e-03
3.517031286635778631e-02
6.759375248361636571e-03
2.890678141819763222e-02
2.567881370699032911e-02
-1.199519561422307881e-02
5.486764337754852609e-04
-2.175246729673873183e-02
-1.227929160719209989e-01
-4.763930426029458660e-03
-2.594851511775430053e-01
-1.218631591166975323e-02
8.964789681118875628e-04
-1.507566462345441213e-02
2.197258702399004504e-01
2.544429364741627661e-02
3.166233259323343319e-01
-1.466709212852886426e-02
-2.822671340890692965e-03
-2.707786395285754003e-02
-1.066528529282432247e-01
1.169109249664477407e-01
1.126859322750083658e-01
2.923330094667263637e-03
-1.438593189401432093e-04
3.766521000389658029e-03
4.767255085082082629e-03
-1.199519561422307881e-02
-1.466709212852886426e-02
1.165524271831010761e-01
-1.213538581879377992e-01
-1.208246214263216933e-01
8.550775204854275946e-02
-1.348771749737964487e-01
-9.912589476784479381e-02
2.579870308396771048e-02
-2.696636653691143401e-02
-2.141784227250995848e-02
2.665155477294663209e-03
5.486764337754852609e-04
-2.822671340890692965e-03
-1.279158611406044643e-01
1.660471513759000928e-01
1.390806288548042668e-01
8.947508580708565806e-02
-1.138516131970794404e-01
-1.690915425189608856e-01
-3.987179458981649112e-03
9.294345835417586535e-03
3.246598193244185689e-03
1.897359375280845833e-02
-2.175246729673873183e-02
-2.707786395285754003e-02
-1.190137719521442566e-01
1.415016361193159877e-01
1.929724416686673383e-01
3.121901931160301902e-01
-9.440187026494203937e-02
6.506979517234377786e-02
-1.933509556300002860e-02
1.908419493662124114e-02
-6.136884847282844148e-03
-1.150264954437553028e-01
1.847575700421745168e-02
-1.476310245822007039e-01
-1.157827812798313399e-01
8.052730686490008893e-02
1.249226017844605185e-01
-9.130746137760875625e-02
1.875795184646359692e-01
9.631053725799439136e-02
-1.700108449861362919e-02
-8.697266032834041760e-02
1.060495586552969750e-02
2.326941744298785530e-02
-4.461394295239216184e-02
2.967518204870759485e-02
1.036508025745417755e-01
-1.135488178309297935e-01
-1.255538038579855076e-01
6.579474302240689854e-02
9.805637592920861401e-02
5.795106675683349140e-01
3.260434334549618032e-03
1.043547092052967036e-02
-4.679419192465975041e-02
-1.795685278807409024e-01
1.386770406847282790e-02
-3.004029787008526409e-01
1.499384303789989548e-01
-1.054839783522650842e-01
-2.306810325222387326e-01
-1.933509556300002860e-02
-1.700108449861362919e-02
3.260434334549618032e-03
1.317839940630839701e-02
-6.270849833077663492e-03
2.736849657273024167e-03
3.941007820483058074e-03
1.668696143419047193e-02
-4.595693379883543546e-03
3.964857762972446090e-03
1.736419736230932279e-02
-3.772598862991327975e-03
1.908419493662124114e-02
-8.697266032834041760e-02
1.043547092052967036e-02
-4.029796756410990687e-03
6.659366133402490340e-02
-8.887463289687095452e-03
-3.123341929493455692e-03
-4.464334654864781683e-03
-2.787500811068680472e-04
-4.082658754855697340e-03
-1.627100834452888459e-02
7.830038189736059431e-03
-6.136884847282844148e-03
1.060495586552969750e-02
-4.679419192465975041e-02
2.637262386738711394e-03
-1.274388023722562713e-02
4.335927016933311534e-02
3.719544614622315691e-03
3.118818479951199207e-02
-1.756710603618250304e-03
-1.687152769252037643e-03
-2.366030670640763278e-02
9.995772595556439225e-03
-1.150264954437553028e-01
2.326941744298785530e-02
-1.795685278807409024e-01
3.941007820483058074e-03
-3.123341929493455692e-03
3.719544614622315691e-03
1.193349895290623519e-01
-2.343671358042531683e-02
1.645209333825801978e-01
1.010251806952738515e-02
1.233206795891606455e-03
1.943900336206373647e-02
1.847575700421745168e-02
-4.461394295239216184e-02
1.386770406847282790e-02
1.668696143419047193e-02
-4.464334654864781683e-03
3.118818479951199207e-02
-2.371085735175864490e-02
5.272639885293775586e-02
-2.858624478415391565e-02
-7.610286086257075228e-03
-1.026513451002892315e-03
-1.462217966954470344e-02
-1.476310245822007039e-01
2.967518204870759485e-02
-3.004029787008526409e-01
-4.595693379883543546e-03
-2.787500811068680472e-04
-1.756710603618250304e-03
1.656024448131840909e-01
-2.775319700272980625e-02
3.268900728756674035e-01
-1.790386398311652472e-02
4.498146413394135153e-05
-2.909219622452454204e-02
-1.157827812798313399e-01
1.036508025745417755e-01
1.499384303789989548e-01
3.964857762972446090e-03
-4.082658754855697340e-03
-1.687152769252037643e-03
1.010251806952738515e-02
-7.610286086257075228e-03
-1.790386398311652472e-02
1.265165947192381513e-01
-1.005269352323767823e-01
-1.355003019168731782e-01
8.052730686490008893e-02
-1.135488178309297935e-01
-1.054839783522650842e-01
1.736419736230932279e-02
-1.627100834452888459e-02
-2.366030670640763278e-02
1.233206795891606455e-03
-1.026513451002892315e-03
4.498146413394135153e-05
-1.017911516430434066e-01
1.331189490727621161e-01
1.239336394475709646e-01
1.249226017844605185e-01
-1.255538038579855076e-01
-2.306810325222387326e-01
-3.772598862991327975e-03
7.830038189736059431e-03
9.995772595556439225e-03
1.943900336206373647e-02
-1.462217966954470344e-02
-2.909219622452454204e-02
-1.343268575329821524e-01
1.248312437651406537e-01
2.461740835296669649e-01
3.083240254702940830e-01
-9.593028728242801451e-02
6.660749397588072718e-02
-1.909057133600002010e-02
1.299980945270911084e-02
-3.192811601956706095e-03
-1.287085811597405427e-01
1.872528840683880189e-02
-1.371084740664848811e-01
-1.285356954755230707e-01
7.227467864479983350e-02
1.182178207364602274e-01
-9.112410306009476046e-02
1.484073508597064106e-01
8.785197943798667142e-02
-1.796115656437181213e-02
-4.522492775309545909e-02
1.177708470852870982e-03
2.788112801191111254e-02
-4.720123904486255711e-02
3.372690646480169807e-02
9.839097000225155432e-02
-1.085079933192392571e-01
-1.124442388503477941e-01
6.744115898296862421e-02
8.875368526693670768e-02
5.838914462880016032e-01
3.698474925611133085e-03
1.942756194852860970e-03
-3.851831545990447303e-02
-1.820384553231131075e-01
2.320027524319935933e-02
-2.878961460233969705e-01
1.556656467762753959e-01
-1.043269877576374349e-01
-2.267747274982377104e-01
-1.909057133600002010e-02
-1.796115656437181213e-02
3.698474925611133085e-03
1.318404578278380319e-02
-5.359210126111542752e-03
1.446806963512938405e-03
3.889437417015877922e-03
1.427321228939955680e-02
-3.131197186990127435e-03
3.983824087834912479e-03
1.420609048882025965e-02
-2.944114244342660967e-03
1.299980945270911084e-02
-4.522492775309545909e-02
1.942756194852860970e-03
-1.500939996778232399e-03
2.470247322488277469e-02
3.944638724427876585e-05
-2.684588397951789482e-03
-2.832912104903386689e-03
-8.973904753717374966e-04
-4.088631117349630570e-03
-1.101096361602876654e-02
6.398401564903305298e-03
-3.192811601956706095e-03
1.177708470852870982e-03
-3.851831545990447303e-02
4.894995426115608369e-04
2.254698779865742372e-04
5.740660013399950801e-02
3.827395467688129473e-03
2.548279083592159058e-02
5.859705108875266216e-04
-2.398890292520997319e-03
-2.041652680497509434e-02
9.062269249193836973e-03
-1.287085811597405427e-01
2.788112801191111254e-02
-1.820384553231131075e-01
3.889437417015877922e-03
-2.684588397951789482e-03
3.827395467688129473e-03
1.195956480302454161e-01
-2.733933881283249351e-02
1.630531509452578798e-01
9.813203002799201352e-03
8.833193050498327559e-04
1.940374145181500420e-02
1.872528840683880189e-02
-4.720123904486255711e-02
2.320027524319935933e-02
1.427321228939955680e-02
-2.832912104903386689e-03
2.548279083592159058e-02
-2.751664387216582602e-02
5.035602359842103470e-02
-3.244851190357232740e-02
-6.887944703506924601e-03
-5.355983851442861236e-04
-1.332001915288916725e-02
-1.371084740664848811e-01
3.372690646480169807e-02
-2.878961460233969705e-01
-3.131197186990127435e-03
-8.973904753717374966e-04
5.859705108875266216e-04
1.633701288957190301e-01
-3.346165892555610921e-02
3.245285885056664044e-01
-1.835034546403179964e-02
2.441603416205666266e-04
-2.939607323165494349e-02
-1.285356954755230707e-01
9.839097000225155432e-02
1.556656467762753959e-01
3.983824087834912479e-03
-4.088631117349630570e-03
-2.398890292520997319e-03
9.813203002799201352e-03
-6.887944703506924601e-03
-1.835034546403179964e-02
1.252158007026638875e-01
-9.335488425512381006e-02
-1.394353544134830647e-01
7.227467864479983350e-02
-1.085079933192392571e-01
-1.043269877576374349e-01
1.420609048882025965e-02
-1.101096361602876654e-02
-2.041652680497509434e-02
8.833193050498327559e-04
-5.355983851442861236e-04
2.441603416205666266e-04
-9.540704015845717645e-02
1.205373820733360857e-01
1.187758295799437036e-01
1.182178207364602274e-01
-1.124442388503477941e-01
-2.267747274982377104e-01
-2.944114244342660967e-03
6.398401564903305298e-03
9.062269249193836973e-03
1.940374145181500420e-02
-1.332001915288916725e-02
-2.939607323165494349e-02
-1.398777779304308522e-01
1.187987251692989715e-01
2.558983776770009655e-01
2.652515117996103178e-01
-1.124808263921737161e-01
1.484465880984785734e-02
-7.361662485613104136e-03
2.710549751425190331e-03
-3.174933169569574970e-04
-1.364612761758067505e-01
4.334657124251111576e-02
-1.516752918599611477e-01
-1.370831772102650004e-01
7.163477777995884421e-02
1.399411367192664180e-01
-1.118329477108403885e-01
1.035734245480553900e-01
5.651484285520518708e-02
-7.062004918660568821e-03
3.118941940276803715e-02
-1.021226164511561223e-02
4.485118387000831125e-02
-4.643071142004944613e-02
5.758820486914813241e-02
8.424801854074652485e-02
-8.210150283295460094e-02
-1.063493634292458079e-01
1.457631494083090617e-02
5.754632506275578901e-02
5.589556941539980395e-01
-1.311951875317699185e-03
-4.093103307746777560e-03
-1.095079718715489224e-02
-1.901501801412840420e-01
6.338705572108195574e-02
-3.031399818591436479e-01
1.767177676312107759e-01
-1.095063727492543576e-01
-2.668472920647805280e-01
-7.361662485613104136e-03
-7.062004918660568821e-03
-1.311951875317699185e-03
-1.089233533203234558e-02
-7.886476785892208852e-03
-1.045173550809909598e-02
1.152040730289051809e-02
9.681622186520053713e-03
6.084250682027882336e-03
1.290788524237804560e-02
9.946447106407513630e-03
-7.503643372524175514e-03
2.710549751425190331e-03
3.118941940276803715e-02
-4.093103307746777560e-03
-3.783789397225546802e-03
7.483679926303263286e-02
1.377723327910683748e-01
-6.243932652299779944e-03
-1.047106424042454006e-02
-8.594869229990880280e-03
-7.727283707576227366e-03
-1.116826569935317273e-02
1.525245635831244152e-02
-3.174933169569574970e-04
-1.021226164511561223e-02
-1.095079718715489224e-02
-1.070193915241640127e-02
1.362915630584058957e-01
1.129165789313324592e-01
9.459344966230605681e-03
1.876251663660826602e-02
1.784970997853405766e-02
-1.028266752011188639e-02
-1.170003768528146519e-02
1.727839023297516804e-02
-1.364612761758067505e-01
4.485118387000831125e-02
-1.901501801412840420e-01
1.152040730289051809e-02
-6.243932652299779944e-03
9.459344966230605681e-03
1.267250173425025495e-01
-4.857924033574576028e-02
1.855897598892344846e-01
8.601807463151997166e-03
5.904863433896786551e-04
1.850254346377808515e-02
4.334657124251111576e-02
-4.643071142004944613e-02
6.338705572108195574e-02
9.681622186520053713e-03
-1.047106424042454006e-02
1.876251663660826602e-02
-5.035592093041241224e-02
4.875688575349751419e-02
-7.586392745597603238e-02
-3.567487304895398687e-03
1.527227898001066878e-03
-1.104103143460390991e-02
-1.516752918599611477e-01
5.758820486914813241e-02
-3.031399818591436479e-01
6.084250682027882336e-03
-8.594869229990880280e-03
1.784970997853405766e-02
1.832968423360961663e-01
-7.375762112583855723e-02
3.366374810846658461e-01
-1.858019712371762611e-02
3.506125964312883144e-03
-3.009465362015306678e-02
-1.370831772102650004e-01
8.424801854074652485e-02
1.767177676312107759e-01
1.290788524237804560e-02
-7.727283707576227366e-03
-1.028266752011188639e-02
8.601807463151997166e-03
-3.567487304895398687e-03
-1.858019712371762611e-02
1.210072861744180550e-01
-7.606481124331126997e-02
-1.439163467974311217e-01
7.163477777995884421e-02
-8.210150283295460094e-02
-1.095063727492543576e-01
9.946447106407513630e-03
-1.116826569935317273e-02
-1.170003768528146519e-02
5.904863433896786551e-04
1.527227898001066878e-03
3.506125964312883144e-03
-7.629172275097793887e-02
7.323232959724824964e-02
1.072051719569574180e-01
1.399411367192664180e-01
-1.063493634292458079e-01
-2.668472920647805280e-01
-7.503643372524175514e-03
1.525245635831244152e-02
1.727839023297516804e-02
1.850254346377808515e-02
-1.104103143460390991e-02
-3.009465362015306678e-02
-1.434931848852454006e-01
1.095969153009258845e-01
2.726941208596661004e-01
