5.141371227096669383e-01
4.996546940000470838e-04
4.428334847666603492e-03
-5.804646319390001086e-01
1.343501371999889426e-03
1.343501372000036227e-03
3.099934677599999397e-02
-7.651946977833584684e-03
-3.512789227250000257e-02
8.413963729998883605e-04
1.716930999750000686e-02
-9.501828849999996527e-04
-2.920709162349997834e-02
-3.049093712700000000e-02
-5.571543772333346564e-03
8.413963730000349446e-04
-9.501828849999998695e-04
1.710055334750000544e-02
-5.804646319390001086e-01
8.413963729998883605e-04
8.413963730000349446e-04
5.141371227096669383e-01
4.996546940001110517e-04
-4.428334847666607829e-03
1.343501371999889426e-03
1.716930999750000686e-02
-9.501828849999998695e-04
3.099934677600005642e-02
-7.651946977833580348e-03
3.512789227250000257e-02
1.343501372000036227e-03
-9.501828849999996527e-04
1.710055334750000544e-02
2.920709162349997487e-02
3.049093712700000347e-02
-5.571543772333346564e-03
4.840368810966664409e-02
-9.124320340000021626e-04
-3.896399466666643441e-05
-6.761211831299997199e-02
6.356449999327168628e-08
6.356450000224728414e-08
-8.456621966666621852e-04
3.083595574133336098e-02
-3.580396831666666753e-04
-3.985500006728440482e-09
-3.098420351599996334e-02
-7.099999999564662637e-11
5.874600103333315650e-04
-2.821321383333330580e-05
3.202767271733335946e-02
-3.985499997752846757e-09
-7.099999999566316999e-11
-3.091330221099995723e-02
-6.761211831299997199e-02
-3.985500006728440482e-09
-3.985499997752846757e-09
4.840368810966664409e-02
-9.124320339999999942e-04
3.896399466666638698e-05
6.356449999327168628e-08
-3.098420351599996334e-02
-7.099999999566316999e-11
-8.456621966666600168e-04
3.083595574133336098e-02
3.580396831666666753e-04
6.356450000224728414e-08
-7.099999999564662637e-11
-3.091330221099995723e-02
-5.874600103333315650e-04
2.821321383333323465e-05
3.202767271733335946e-02
2.884735151083342442e-02
-2.034615403333341424e-04
2.679093076666654591e-04
-1.515940183299997225e-02
-2.666149999736054298e-08
-2.666150000087209012e-08
-6.910342459999986760e-04
2.824409160599994709e-02
-3.303911779999999681e-04
-4.926599999736050561e-08
-2.952820722599997644e-02
1.730000000077923228e-10
6.909560773333318527e-04
-3.853048866666663270e-05
3.020742738133327596e-02
-4.926600000087205274e-08
1.730000000077867652e-10
-2.940091823299996812e-02
-1.515940183299997225e-02
-4.926599999736050561e-08
-4.926600000087205274e-08
2.884735151083342442e-02
-2.034615403333340340e-04
-2.679093076666655133e-04
-2.666149999736054298e-08
-2.952820722599997644e-02
1.730000000077867652e-10
-6.910342459999985676e-04
2.824409160599994709e-02
3.303911779999999139e-04
-2.666150000087209012e-08
1.730000000077923228e-10
-2.940091823299996812e-02
-6.909560773333318527e-04
3.853048866666654461e-05
3.020742738133327596e-02
3.317896239716683349e-02
1.279227766666764194e-05
6.353197249999998882e-05
-1.497464312399998838e-02
3.172750000081964736e-08
3.172749999971072903e-08
-2.916074424999992500e-04
1.996781305116658925e-02
-6.435442016666667814e-05
1.317550000081967255e-08
-1.943633765250001380e-02
-9.001650000001615061e-08
1.228669271666665613e-04
-7.331635616666666274e-05
2.244385888399991896e-02
1.317549999971074926e-08
-9.001650000001615061e-08
-1.970004475250002052e-02
-1.497464312399998838e-02
1.317550000081967255e-08
1.317549999971074926e-08
3.317896239716683349e-02
1.279227766666926147e-05
-6.353197250000000237e-05
3.172750000081964736e-08
-1.943633765250001380e-02
-9.001650000001615061e-08
-2.916074424999976237e-04
1.996781305116658925e-02
6.435442016666666459e-05
3.172749999971072903e-08
-9.001650000001615061e-08
-1.970004475250002052e-02
-1.228669271666665613e-04
7.331635616666664918e-05
2.244385888399991896e-02
1.226491477898606908e+00
-4.642160084261276985e-03
1.730340903680229940e-06
-1.251155919545000383e+00
5.443221829999771860e-03
5.443221830000081508e-03
-1.810249076309458985e-02
-1.248143277277152276e-02
2.522267942060743213e-06
-1.878266027500235559e-03
1.533181884250000432e-02
1.153552899000001575e-03
-2.637700969205523981e-04
2.562535311575729042e-06
-7.690158265833317054e-03
-1.878266027499925044e-03
1.153552898999999406e-03
1.655966717049999967e-02
-1.251155919545000383e+00
-1.878266027500235559e-03
-1.878266027499925044e-03
1.226491477898606908e+00
-4.642160084261428774e-03
-1.730340903680230152e-06
5.443221829999771860e-03
1.533181884250000432e-02
1.153552898999999406e-03
-1.810249076309474250e-02
-1.248143277277152102e-02
-2.522267942060743213e-06
5.443221830000081508e-03
1.153552899000001575e-03
1.655966717049999967e-02
2.637700969205523981e-04
-2.562535311575761229e-06
-7.690158265833317054e-03
7.316565145060631437e-02
-3.685902785340973773e-05
-3.585197620413627790e-05
-1.034119499500000400e-02
-2.140634999815246130e-07
-2.140635000061271350e-07
-5.371058956853397466e-03
1.112557023335602607e-01
-8.157915971601422065e-06
-2.460239999815245504e-07
-1.109167826364999554e-01
-4.829999999686210967e-10
-2.419463987090808240e-05
-8.157836639406290029e-06
1.073692611353330995e-01
-2.516820000061271618e-07
-4.829999999686299889e-10
-1.104039304084999534e-01
-1.034119499500000400e-02
-2.460239999815245504e-07
-2.516820000061271618e-07
7.316565145060631437e-02
-3.685902785340594979e-05
3.585197620413627790e-05
-2.140634999815246130e-07
-1.109167826364999554e-01
-4.829999999686299889e-10
-5.371058956853393997e-03
1.112557023335602607e-01
8.157915971601418677e-06
-2.140635000061271350e-07
-4.829999999686210967e-10
-1.104039304084999534e-01
2.419463987090808240e-05
8.157836639406288335e-06
1.073692611353330995e-01
-1.345838453847927052e-01
2.292588634878489513e-07
1.441896667566899505e-07
1.370977979139997860e-01
-4.217629999668122593e-07
-5.195190000109791962e-07
3.074608634878492964e-07
4.386697964345967482e-02
-8.284346237504271072e-11
-4.283879999668119629e-07
-4.356911430900001214e-02
3.700000008355688203e-11
1.572986667707955522e-07
-9.582923076071508806e-11
4.354669515616667319e-02
-5.128840000109787930e-07
3.700000008355769629e-11
-4.220339671700001211e-02
1.370977979139997860e-01
-4.283879999668119629e-07
-5.128840000109787930e-07
-1.345838453847926497e-01
2.292588633867468604e-07
-1.441896667566899505e-07
-4.217629999668122593e-07
-4.356911430900001214e-02
3.700000008355769629e-11
3.074608633867471262e-07
4.386697964345966094e-02
8.284346237496101371e-11
-5.195190000109791962e-07
3.700000008355688203e-11
-4.220339671700001211e-02
-1.572986667707955522e-07
9.582923076062594643e-11
4.354669515616667319e-02
-1.026995366916665653e-01
4.938499999919002922e-07
1.781806666666667890e-07
1.042980555699999645e-01
-2.802084999757263691e-07
-3.680065000080956039e-07
5.799149999919010301e-07
2.955999812349997813e-02
-5.233333333332243158e-11
-2.523204999757265630e-07
-2.783962640699998159e-02
1.799999999547556362e-11
1.985308333333336392e-07
-4.766666666665452087e-11
3.026856197716663519e-02
-3.581890000080956022e-07
1.799999999547907268e-11
-2.791266438049999285e-02
1.042980555699999645e-01
-2.523204999757265630e-07
-3.581890000080956022e-07
-1.026995366916665653e-01
4.938499999757031164e-07
-1.781806666666667890e-07
-2.802084999757263691e-07
-2.783962640699998159e-02
1.799999999547907268e-11
5.799149999757038543e-07
2.955999812349997813e-02
5.233333333330060823e-11
-3.680065000080956039e-07
1.799999999547556362e-11
-2.791266438049999285e-02
-1.985308333333336392e-07
4.766666666663020951e-11
3.026856197716663519e-02
-7.806809810298138974e-02
1.466285956045099050e-05
4.351456560000640084e-06
7.742820541400000089e-02
-6.996034999826450709e-07
-7.013870000057861144e-07
-1.360766106215688931e-06
1.769878619364799802e-02
-1.397960207612302674e-05
-1.711722049998269218e-05
-1.704841724950000373e-02
1.413999999999943005e-09
2.327477500040687510e-06
-5.976942820943137469e-11
1.746985277666664171e-02
-1.712606550000582846e-05
1.413999999995920632e-09
-1.706436187400000790e-02
7.742820541400000089e-02
-1.711722049998269218e-05
-1.712606550000582846e-05
-7.806809810298140362e-02
1.466285947397772387e-05
-4.351456560013263416e-06
-6.996034999826450709e-07
-1.704841724950000373e-02
1.413999999995920632e-09
-1.360766192688955349e-06
1.769878619364800842e-02
1.397960207611909820e-05
-7.013870000057861144e-07
1.413999999999943005e-09
-1.706436187400000790e-02
-2.327477500040687510e-06
5.976942610782200635e-11
1.746985277666664171e-02
1.283002938140834548e+00
-4.252711700999769681e-03
-2.497558626666666133e-04
-1.247579363730999313e+00
2.869639164997613338e-04
2.869639165000791676e-04
-2.178458800999759012e-03
-5.093950885666684303e-02
-1.921651601999999244e-03
-4.468537065002399695e-04
5.150096816299996882e-02
-2.670111050000033501e-05
1.932954925000001311e-04
-1.104802544833333611e-03
-5.642846446866664478e-02
-4.468537064999220272e-04
-2.670111050000051458e-05
4.472028891999997591e-02
-1.247579363730999313e+00
-4.468537065002399695e-04
-4.468537064999220272e-04
1.283002938140834548e+00
-4.252711700999932745e-03
2.497558626666668844e-04
2.869639164997613338e-04
5.150096816299996882e-02
-2.670111050000051458e-05
-2.178458800999922510e-03
-5.093950885666684303e-02
1.921651601999999244e-03
2.869639165000791676e-04
-2.670111050000033501e-05
4.472028891999997591e-02
-1.932954924999999956e-04
1.104802544833333611e-03
-5.642846446866664478e-02
1.478038699660930710e-01
-6.294493518402569045e-05
-5.791512148632509284e-05
-1.181684944849999974e-01
2.801279999883790840e-07
2.792210000038904316e-07
-2.748137885173573651e-04
5.671058071257299021e-02
6.710142576879490190e-05
2.284823884999883498e-04
-5.490870665199998335e-02
1.326100000000332404e-08
7.453493180309612686e-06
6.710127798046576064e-05
5.929183326233336548e-02
2.284611185000038160e-04
1.326100000005921498e-08
-5.462661670999999219e-02
-1.181684944849999974e-01
2.284823884999883498e-04
2.284611185000038160e-04
1.478038699660930710e-01
-6.294493518399638988e-05
5.791512148632511317e-05
2.801279999883790840e-07
-5.490870665199998335e-02
1.326100000005921498e-08
-2.748137885173280374e-04
5.671058071257299021e-02
-6.710142576879488834e-05
2.792210000038904316e-07
1.326100000000332404e-08
-5.462661670999999219e-02
-7.453493180309590663e-06
-6.710127798046576064e-05
5.929183326233336548e-02
-9.466554294300012773e-02
-4.762662933334086665e-05
1.238301511666670867e-04
9.740293107599989897e-02
-3.138444999764116958e-07
-3.138445000078609174e-07
6.475253333258078747e-07
2.828544065916672665e-02
-4.776666666659096565e-09
-3.037764999764117144e-07
-3.100527056600005729e-02
4.410000000016559920e-10
2.135079999999999555e-07
-4.115999999999997781e-09
2.776973131500000067e-02
-3.037765000078609360e-07
4.410000000016584735e-10
-3.097759112700005160e-02
9.740293107599989897e-02
-3.037764999764117144e-07
-3.037765000078609360e-07
-9.466554294300012773e-02
-4.762662933335592351e-05
-1.238301511666670867e-04
-3.138444999764116958e-07
-3.100527056600005729e-02
4.410000000016584735e-10
6.475253333107506994e-07
2.828544065916672665e-02
4.776666666643931863e-09
-3.138445000078609174e-07
4.410000000016559920e-10
-3.097759112700005160e-02
-2.135079999999999555e-07
4.115999999999972138e-09
2.776973131500000067e-02
1.107452092896000551e+00
-2.432659062833111320e-03
-2.154168339500002038e-03
-8.856658903389993398e-01
2.606754999821243859e-06
2.606755000059275364e-06
-7.599079929997832987e-04
-8.004397369466689782e-02
1.351970738333329344e-04
2.520833999821244025e-06
8.744208311399999378e-02
-4.217800000031062507e-08
-5.685474560000015149e-04
3.043244011666666402e-04
-9.309198891633350958e-02
2.520834000059275530e-06
-4.217800000031064492e-08
8.236379371999996701e-02
-8.856658903389993398e-01
2.520833999821244025e-06
2.520834000059275530e-06
1.107452092896000551e+00
-2.432659062833257037e-03
2.154168339500002038e-03
2.606754999821243859e-06
8.744208311399999378e-02
-4.217800000031064492e-08
-7.599079929999287986e-04
-8.004397369466689782e-02
-1.351970738333332055e-04
2.606755000059275364e-06
-4.217800000031062507e-08
8.236379371999996701e-02
5.685474560000014065e-04
-3.043244011666666944e-04
-9.309198891633350958e-02
3.300029225219992535e-01
1.462366983333934724e-04
1.458845286666672614e-04
-3.459905649869998712e-01
7.164889999355513320e-07
7.164890000214995534e-07
5.426431576333367972e-03
1.297679762500001874e-03
-5.909422366666666326e-05
1.601569299993555164e-05
4.853353107500003177e-03
2.122000000015454125e-09
5.827911346333385437e-03
-1.990058938333322291e-04
2.868369505166675805e-03
1.601569300002150177e-05
2.122000000019201254e-09
5.119603238500001346e-03
-3.459905649869998712e-01
1.601569299993555164e-05
1.601569300002150177e-05
3.300029225219992535e-01
1.462366983333532214e-04
-1.458845286666672614e-04
7.164889999355513320e-07
4.853353107500003177e-03
2.122000000019201254e-09
5.426431576333327206e-03
1.297679762500001223e-03
5.909422366666668359e-05
7.164890000214995534e-07
2.122000000015454125e-09
5.119603238500001346e-03
-5.827911346333385437e-03
1.990058938333329338e-04
2.868369505166675805e-03
2.045090710979993454e-01
7.153113536667033952e-04
7.168220663333300935e-04
-1.468416064710000302e-01
4.010969999745014842e-07
4.010970000084742287e-07
-3.198679479999666053e-04
1.140835167633330247e-02
1.334138656666668807e-04
-7.073155000255009774e-07
-8.032831663500009101e-03
1.018499999974522577e-09
4.534122526666665488e-04
2.401870350000017332e-05
1.150139133816661767e-02
-7.073154999915281799e-07
1.018499999974251262e-09
-8.450818437500007274e-03
-1.468416064710000302e-01
-7.073155000255009774e-07
-7.073154999915281799e-07
2.045090710979993454e-01
7.153113536666797596e-04
-7.168220663333300935e-04
4.010969999745014842e-07
-8.032831663500009101e-03
1.018499999974251262e-09
-3.198679479999902409e-04
1.140835167633330247e-02
-1.334138656666667994e-04
4.010970000084742287e-07
1.018499999974522577e-09
-8.450818437500007274e-03
-4.534122526666665488e-04
-2.401870350000011572e-05
1.150139133816661767e-02
-3.029002189533330433e-02
-4.398632060000021312e-04
4.401304233333334513e-04
3.042914977800000031e-02
-7.919149999326590089e-08
-7.919150000222878002e-08
2.041329999977595372e-07
6.288797641166667986e-03
-3.333333306383117902e-12
-8.951049999326584923e-08
-6.229538663000007068e-03
1.589158008079875157e-20
6.661299999999973761e-08
-3.999999999995921370e-12
5.886281264000009505e-03
-8.951050000222872836e-08
1.588905265473463818e-20
-5.969861401000004821e-03
3.042914977800000031e-02
-8.951049999326584923e-08
-8.951050000222872836e-08
-3.029002189533330433e-02
-4.398632060000066306e-04
-4.401304233333334513e-04
-7.919149999326590089e-08
-6.229538663000007068e-03
1.588905265473463818e-20
2.041329999932799505e-07
6.288797641166667986e-03
3.333333252482686231e-12
-7.919150000222878002e-08
1.589158008079875157e-20
-5.969861401000004821e-03
-6.661299999999973761e-08
3.999999999987763463e-12
5.886281264000009505e-03
-2.773960997883333224e-02
6.077544699999802417e-05
-6.053638250000000078e-05
2.847141132600000332e-02
-8.153149999369016491e-08
-8.153150000210506666e-08
1.818666666646969319e-07
4.416316303333348882e-03
-3.000000003706784682e-12
-9.383749999369014289e-08
-5.877463129000008030e-03
9.999999998133532582e-12
6.021999999999979411e-08
-2.666666666662979170e-12
4.848903340833351887e-03
-9.383750000210504464e-08
9.999999998130516281e-12
-5.907794144000009032e-03
2.847141132600000332e-02
-9.383749999369014289e-08
-9.383750000210504464e-08
-2.773960997883333224e-02
6.077544699999408716e-05
6.053638250000000078e-05
-8.153149999369016491e-08
-5.877463129000008030e-03
9.999999998130516281e-12
1.818666666607589698e-07
4.416316303333348882e-03
3.000000011120353360e-12
-8.153150000210506666e-08
9.999999998133532582e-12
-5.907794144000009032e-03
-6.021999999999979411e-08
2.666666666655604419e-12
4.848903340833351887e-03
3.538677864668723916e-02
6.913387051717525307e-06
-3.018900159758799915e-06
-6.580244378100001679e-02
-4.159202080928537980e-09
-2.072919138945884148e-04
-1.965341975948294191e-03
9.751675791664625448e-02
4.828214444825692717e-05
-6.412751392435889322e-09
-9.863408268349999064e-02
1.389093319999895604e-04
3.363452540069099533e-04
4.828212700040286610e-05
9.672850279883296598e-02
4.899998185826908575e-04
1.389093319999896417e-04
-9.863408163749998181e-02
-6.580244378100001679e-02
-6.412751392435889322e-09
4.899998185826908575e-04
-4.132927916833350340e-03
-6.074256666851618096e-07
-1.253910741666667379e-04
-4.159202080928537980e-09
-9.863408268349999064e-02
1.389093319999896417e-04
3.188747803333148614e-04
9.654828627249985307e-02
4.826318966666664481e-05
-2.072919138945884148e-04
1.389093319999895604e-04
-9.863408163749998181e-02
3.125852961666645874e-04
4.828199200000005522e-05
9.600087854949962418e-02
-1.107141408282565354e-01
7.672473549562932905e-07
2.735773333212135338e-07
1.194925268739998880e-01
-8.102862899996963358e-05
-8.119687950000994319e-05
8.107321882896271439e-07
4.640524877942302923e-02
-4.540641413764218757e-11
-3.329464999696520101e-07
-4.571534649700009084e-02
-4.298075699091050336e-21
2.673559999925106160e-07
-2.807141889746088321e-11
4.610221898216658454e-02
-5.128925000101055249e-07
1.546451772814013488e-20
-4.554228170800007219e-02
1.194925268739998880e-01
-3.329464999696520101e-07
-5.128925000101055249e-07
-1.151711077787223453e-01
7.762289483290029015e-07
1.970714580843125148e-06
-8.102862899996963358e-05
-4.571534649700009084e-02
1.546451772814013488e-20
7.793721948329089257e-06
4.474894926605565981e-02
-2.221898371771601676e-06
-8.119687950000994319e-05
-4.298075699091050336e-21
-4.554228170800007219e-02
6.740817333637835283e-06
1.613395024280802127e-09
4.638334028166664347e-02
-3.332146492416673128e-02
4.997180040000067216e-04
-5.190618829999977960e-04
3.049512064399999278e-02
-4.428295079999901079e-04
-4.428295080000032810e-04
-5.163585193333271751e-04
2.316527371333329532e-02
-3.964868233333335970e-05
1.947880145000098278e-04
-2.377696656499999131e-02
1.459499999916861292e-09
4.258672513333352952e-04
2.457397120000000008e-04
2.355545500516664434e-02
1.947880144999965463e-04
7.303238438952955866e-20
-2.361145076650000146e-02
3.049512064399999278e-02
1.947880145000098278e-04
1.947880144999965463e-04
-1.555861106450001814e-02
-8.700368313333337999e-04
-3.575622746666674108e-04
-4.428295079999901079e-04
-2.377696656499999131e-02
7.303238438952955866e-20
-8.394857488333354583e-04
1.796887899449996912e-02
1.548971949999993067e-05
-4.428295080000032810e-04
1.459499999916861292e-09
-2.361145076650000146e-02
-5.017806351666659640e-04
8.505512499999906141e-06
2.211347040899995856e-02
-3.169115660599995665e-02
-1.578397200000283593e-05
1.859038950000008338e-05
3.564825105000003769e-02
-9.478949999070405481e-08
-9.478950000306741388e-08
3.571147999997220088e-06
1.280736045999994639e-02
-3.566438066666666851e-05
-8.658449999070402866e-08
-1.495634290399999559e-02
3.118578394360127148e-20
-8.746495833333326408e-05
-1.323058200000000586e-05
1.339355959666661648e-02
-8.658450000306738773e-08
3.118779358899867721e-20
-1.444684261799999807e-02
3.564825105000003769e-02
-8.658449999070402866e-08
-8.658450000306738773e-08
-3.287193645066660563e-02
-1.507701566667512390e-05
-1.019008499999994946e-06
-9.478949999070405481e-08
-1.495634290399999559e-02
3.118779358899867721e-20
-2.903601146666763056e-04
1.311440030349995609e-02
9.115175999999999750e-06
-9.478950000306741388e-08
3.118578394360127148e-20
-1.444684261799999807e-02
-2.211992866666679638e-05
9.115167666666663010e-06
1.396546620216662822e-02
-2.764902065900004882e-02
6.086593933333070341e-05
-5.384235516666662923e-05
3.347973015400003416e-02
-6.289349999152280824e-08
-6.289350000284425061e-08
4.059261066666452729e-05
1.020014401733330620e-02
-4.254739200000000343e-05
-5.969499999152276805e-08
-1.266761460300000995e-02
-1.862443289954558247e-20
-1.261572296666666577e-04
-2.454519100000000892e-05
1.121343033199996911e-02
-5.969500000284421042e-08
-1.862364949298815656e-20
-1.297164568900000675e-02
3.347973015400003416e-02
-5.969499999152276805e-08
-5.969500000284421042e-08
-3.033477735566667347e-02
-1.418122433334099336e-05
-3.212683333333483793e-08
-6.289349999152280824e-08
-1.266761460300000995e-02
-1.862364949298815656e-20
2.484675266665931339e-05
1.130623232299995257e-02
8.158424666666666604e-06
-6.289350000284425061e-08
-1.862443289954558247e-20
-1.297164568900000675e-02
1.715058363333327933e-04
8.158368000000032678e-06
1.120835860099995106e-02
-2.816231600433338755e-02
-7.566547366666916195e-05
7.781536616666659444e-05
3.101886735400004314e-02
-3.016399999235654473e-08
-3.016400000253403602e-08
-7.659463466666917330e-05
8.994452961333302896e-03
-2.262922133333333065e-05
-2.624049999235654934e-08
-1.059017325300001637e-02
9.000000001378408543e-11
-1.305057133333347954e-05
-1.323030199999999983e-05
9.464474568333294119e-03
-2.624050000253403732e-08
9.000000001378505478e-11
-1.036499767400001805e-02
3.101886735400004314e-02
-2.624049999235654934e-08
-2.624050000253403732e-08
-2.882762121016670120e-02
-2.554729833334035981e-05
-1.133070400000003801e-05
-3.016399999235654473e-08
-1.059017325300001637e-02
9.000000001378505478e-11
-1.632052833334038446e-05
9.475727344666626598e-03
2.085521333333331150e-06
-3.016400000253403602e-08
9.000000001378408543e-11
-1.036499767400001805e-02
-2.098975666666696847e-06
2.085475999999999530e-06
9.662408846999955350e-03
-2.251050047686693409e-02
1.394122311562939326e-07
4.608699972263687206e-08
2.183884508799999527e-02
5.012063435931641410e-18
-8.490089700518268751e-08
1.403722311562939888e-07
5.551378158033595800e-03
2.338672132524692466e-09
5.012065778941108599e-18
-5.434348363000000154e-03
3.388167899999938379e-05
4.856633307747609515e-08
2.157339093237057379e-09
5.892710026666690346e-03
-8.268199592581931372e-08
3.388167899999938379e-05
-5.434348363000000154e-03
2.183884508799999527e-02
5.012065778941108599e-18
-8.268199592581931372e-08
-2.138246318716672048e-02
1.424649999950716700e-07
-4.697466666666666617e-08
5.012063435931641410e-18
-5.434348363000000154e-03
3.388167899999938379e-05
1.428466666617383371e-07
5.441544073166691003e-03
-1.800000000000862970e-11
-8.490089700518268751e-08
3.388167899999938379e-05
-5.434348363000000154e-03
-4.684900000000002465e-08
-1.566666666667527211e-11
5.720977726666692451e-03
-5.838621921452205044e-01
-1.690450601941292152e+00
6.970840406142356782e-01
-7.436391285280004038e-01
5.927345946828769252e-01
-1.809827120295025848e-01
7.055317572891770528e-01
2.472403594473037813e+00
-2.622420273619578412e-01
-2.156363363247292053e+00
5.762042221352746019e+00
5.717134189944533817e-01
7.263544658617468452e-02
4.792939261915986071e-01
-7.352387314846445254e-02
2.914442608321083927e+00
-8.722538300716040638e+00
1.133335457741217578e+00
4.066047072315043254e-01
4.295179239952536809e-01
1.228917103316664150e+00
-6.746282928418669000e-02
-9.938449247846427304e-02
2.733677155646512813e-01
-3.215195755608197259e-01
1.081870852746889877e+00
8.612406118186054504e-01
-7.436391285280004038e-01
7.263544658617468452e-02
-6.746282928418669000e-02
4.773300601368067331e-01
-6.600871128608687410e-03
1.341141318014598890e-02
-3.470951216962352981e-01
2.105585614896229862e-01
1.953509898586576823e-02
5.927345946828769252e-01
4.792939261915986071e-01
-9.938449247846427304e-02
-1.303688502994186649e-02
-2.504123506621386830e-01
3.389724605521529655e-02
-7.931065756822523738e-02
1.749681563203284995e-01
9.278595194319204376e-02
-1.809827120295025848e-01
-7.352387314846445254e-02
2.733677155646512813e-01
3.394373456191458749e-04
4.305703334442760599e-02
9.680341167999992683e-03
-3.347209478677622141e-02
2.603555038964310703e-02
1.300374988109065100e-01
7.055317572891770528e-01
2.914442608321083927e+00
-3.215195755608197259e-01
-3.470951216962352981e-01
-7.931065756822523738e-02
-3.347209478677622141e-02
3.645781812919340892e-02
-8.395333994980929138e-01
3.928155806210487100e-02
2.472403594473037813e+00
-8.722538300716040638e+00
1.081870852746889877e+00
2.105585614896229862e-01
1.749681563203284995e-01
2.603555038964310703e-02
-1.439897366495424436e+00
6.789293853529477119e+00
-6.253464557283905378e-01
-2.622420273619578412e-01
1.133335457741217578e+00
8.612406118186054504e-01
1.953509898586576823e-02
9.278595194319204376e-02
1.300374988109065100e-01
7.044907663560602273e-01
-8.490888167794914398e-01
1.150698989002998163e+00
3.988776874018042373e-01
-2.500632329155615396e-01
1.161323677541742649e-01
-4.335089306679997812e-01
2.789913552659522775e-02
-3.544444154140406755e-02
-3.999001759133387346e-02
4.741969351331624671e-01
-1.830193677279347564e-01
-1.206509180245615154e-01
1.927148755433198080e+00
-3.094470518174010643e-01
1.913103292585746282e-02
6.995996002129634996e-03
-4.340013884266171774e-03
5.241437749170542171e-01
-1.597500296641843232e+00
6.324359274058987124e-01
1.348972979904735636e-01
-3.587444253264892025e-01
2.027727988513332857e-01
-9.783153095266573437e-03
-3.540676448766162231e-03
5.525429211203681818e-04
-1.903242117759175178e-01
6.264220392400552395e-01
-2.055281444155757642e-01
-4.335089306679997812e-01
1.913103292585746282e-02
-9.783153095266573437e-03
4.720161809259559860e-01
-4.950256256118126807e-02
1.713892880138008154e-02
-3.955703740882250685e-02
1.113496651288444113e-02
3.862011191109975114e-04
2.789913552659522775e-02
6.995996002129634996e-03
-3.540676448766162231e-03
-5.685136786818128368e-02
-4.101839473062248581e-02
7.678627488675700968e-03
-1.288427458189983672e-02
-1.058888429644591449e-02
-3.456976032111771634e-03
-3.544444154140406755e-02
-4.340013884266171774e-03
5.525429211203681818e-04
1.268594413008166874e-02
1.007590697475068547e-02
-2.834756500000024771e-05
3.792870231945242795e-03
-4.992415988843246048e-03
-1.471760376073162971e-02
-3.999001759133387346e-02
5.241437749170542171e-01
-1.903242117759175178e-01
-3.955703740882250685e-02
-1.288427458189983672e-02
3.792870231945242795e-03
6.571232210507391702e-01
2.105665196265449346e-02
1.585435556615040487e-01
4.741969351331624671e-01
-1.597500296641843232e+00
6.264220392400552395e-01
1.113496651288444113e-02
-1.058888429644591449e-02
-4.992415988843246048e-03
1.718793699819883281e-01
4.508506539064270346e-01
-1.340005234683779856e-01
-1.830193677279347564e-01
6.324359274058987124e-01
-2.055281444155757642e-01
3.862011191109975114e-04
-3.456976032111771634e-03
-1.471760376073162971e-02
3.201450207597042463e-01
-2.278267614933206231e-01
3.070595990306673184e-01
3.831663670395367149e-01
3.092721127774367140e-02
-1.390183715567441802e-02
-4.263214438550005370e-01
-2.020036343350859950e-02
1.561358109617358783e-02
-5.540305019692701866e-02
8.750301502018456579e-02
-6.858947746097769638e-02
5.274186039307696139e-02
5.124579395647969049e-01
-2.144000072852030037e-01
8.516513506870711930e-03
-1.867074997824303209e-02
1.573528884583224111e-02
5.819017276524836996e-02
-2.545627932439797347e-01
1.944785096106263766e-01
-2.151437858858157304e-03
-1.616194073587132185e-01
2.192332240876664062e-01
-6.734345027578542836e-03
1.637130125733223668e-02
-1.345465210475697664e-02
-4.702011259055385861e-02
1.945930218497446129e-01
-1.484810024970939779e-01
-4.263214438550005370e-01
8.516513506870711930e-03
-6.734345027578542836e-03
4.621769101979021355e-01
-1.939039240366508335e-02
6.506831877108696684e-03
-2.029409195182583711e-02
4.403369650862149626e-03
-4.648888584485402244e-03
-2.020036343350859950e-02
-1.867074997824303209e-02
1.637130125733223668e-02
-1.135043428566501374e-02
2.240468928709923868e-02
-1.367219613061257735e-02
3.234648123212576637e-02
-4.592173466273276675e-03
3.425355433728336819e-03
1.561358109617358783e-02
1.573528884583224111e-02
-1.345465210475697664e-02
6.709381292161559207e-03
-1.319311857030738139e-02
2.039475923966676055e-02
-2.570842723511878800e-02
2.570109869681127569e-03
-1.020968461400884215e-03
-5.540305019692701866e-02
5.819017276524836996e-02
-4.702011259055385861e-02
-2.029409195182583711e-02
3.234648123212576637e-02
-2.570842723511878800e-02
4.197731609532008579e-02
-1.040680790260684052e-01
9.264165073992935984e-02
8.750301502018456579e-02
-2.545627932439797347e-01
1.945930218497446129e-01
4.403369650862149626e-03
-4.592173466273276675e-03
2.570109869681127569e-03
-1.078887285397350515e-01
3.750639001163474373e-01
-1.372750149449934731e-01
-6.858947746097769638e-02
1.944785096106263766e-01
-1.484810024970939779e-01
-4.648888584485402244e-03
3.425355433728336819e-03
-1.020968461400884215e-03
9.082945054082748604e-02
-1.801505668816185401e-01
1.514867706653330870e-01
4.815725143506694450e-01
-1.194543122130069246e-02
2.932921511686325047e-02
-4.718669034789993999e-01
9.115437260137762565e-03
-2.007194916335549098e-02
-1.034345438786230323e-02
4.086243597554592433e-03
-9.015914684444905139e-03
-1.212827474896735480e-02
3.789459668830677270e-03
-2.161992122640655611e-03
8.756898204259180906e-04
-6.547104397222783950e-03
1.351535630397656881e-02
1.224785218245371884e-02
4.836613583078023387e-03
-1.190072207621904569e-02
2.756071706275604882e-02
-2.295637678341615629e-03
4.946518721666687789e-03
-1.924642643622337997e-03
1.354074614747657196e-02
-3.016503483577724284e-02
-2.696262545299752192e-02
-1.190922872069464719e-02
2.559290348978422378e-02
-4.718669034789993999e-01
8.756898204259180906e-04
-1.924642643622337997e-03
4.690974720831341260e-01
-1.054348274367823690e-03
3.283067803359219182e-03
3.002155850300613615e-03
6.117047965880286365e-04
-4.458441619036740433e-04
9.115437260137762565e-03
-6.547104397222783950e-03
1.354074614747657196e-02
-1.227871605701151732e-03
5.759355454865451585e-03
-1.225493055546357686e-02
-8.202036215378037676e-03
9.688940325892776142e-04
-1.110005165977074378e-03
-2.007194916335549098e-02
1.351535630397656881e-02
-3.016503483577724284e-02
3.243297022092195281e-03
-1.227280190932391289e-02
2.686192938233336602e-02
1.799375431381157117e-02
-7.616439759846616855e-04
3.035582129110121243e-03
-1.034345438786230323e-02
1.224785218245371884e-02
-2.696262545299752192e-02
3.002155850300613615e-03
-8.202036215378037676e-03
1.799375431381157117e-02
8.063225724620613766e-03
-6.013031426317442564e-03
9.874120275050326384e-03
4.086243597554592433e-03
4.836613583078023387e-03
-1.190922872069464719e-02
6.117047965880286365e-04
9.688940325892776142e-04
-7.616439759846616855e-04
-5.702277100650771091e-03
-6.213099532453969509e-03
1.240339710946678810e-02
-9.015914684444905139e-03
-1.190072207621904569e-02
2.559290348978422378e-02
-4.458441619036740433e-04
-1.110005165977074378e-03
3.035582129110121243e-03
9.921379384808973884e-03
1.264275836824668882e-02
-2.744588564633322972e-02
3.081061036990763169e-01
-8.012319133651532588e-02
4.791931260803724418e-02
-2.523564716200000363e-02
1.889505277270948913e-02
-6.483606761022859578e-03
-1.284501644227037109e-01
4.901250085761607242e-03
-1.415278241866597120e-01
-1.279955462485661555e-01
8.728992797507637014e-02
1.102027290452584213e-01
-7.232140980984867740e-02
3.480346818142578957e-01
5.849521501564743792e-02
-2.665494779664874525e-02
-1.867504146086243488e-01
4.727029181844859956e-02
1.457001417481230618e-02
-4.715456477987978179e-02
9.474686269019857998e-03
1.226294534028501276e-01
-1.355219930600189415e-01
-1.270721129198200683e-01
4.104838698844791300e-02
5.184184665067229775e-02
5.749700578249992144e-01
8.852682107205616518e-03
4.531479350694855857e-02
-6.540155757937581027e-02
-1.867439601348504508e-01
-1.146206801124790252e-02
-2.965170213574162550e-01
1.415175946487259862e-01
-1.088072430554163916e-01
-2.070444714964147226e-01
-2.523564716200000363e-02
-2.665494779664874525e-02
8.852682107205616518e-03
2.093695899908493835e-02
-8.864869864589616094e-03
8.120233419619165074e-04
1.768691857546667327e-03
2.022128522771542147e-02
-9.663499736330724565e-03
1.380992075796800417e-03
2.109478694319106076e-02
-3.736898006049072483e-03
1.889505277270948913e-02
-1.867504146086243488e-01
4.531479350694855857e-02
-1.383066806256263645e-03
2.124774344945812021e-01
-6.501221395704781525e-02
-1.902354954268632410e-03
-4.869362866643846439e-03
1.675321428429439293e-03
-1.669606219883902447e-03
-2.515251144010469467e-02
8.768966888688686442e-03
-6.483606761022859578e-03
4.727029181844859956e-02
-6.540155757937581027e-02
7.122156311055692635e-04
-6.366858627058274989e-02
8.079578041233335950e-02
1.326349721424937688e-03
3.455950232926251892e-02
-1.234289932690285120e-02
1.538647720811680934e-03
-2.529804474983648327e-02
7.350161687307859952e-03
-1.284501644227037109e-01
1.457001417481230618e-02
-1.867439601348504508e-01
1.768691857546667327e-03
-1.902354954268632410e-03
1.326349721424937688e-03
1.194113325441679280e-01
-1.577104850230326080e-02
1.656178553861452629e-01
8.436344739833737810e-03
1.984575816082048867e-03
1.928241185882291833e-02
4.901250085761607242e-03
-4.715456477987978179e-02
-1.146206801124790252e-02
2.022128522771542147e-02
-4.869362866643846439e-03
3.455950232926251892e-02
-1.279489288530323912e-02
5.159605227516533832e-02
-1.182037275489007840e-02
-9.740208282933041778e-03
-5.622791834891275936e-04
-1.872695914522349778e-02
-1.415278241866597120e-01
9.474686269019857998e-03
-2.965170213574162550e-01
-9.663499736330724565e-03
1.675321428429439293e-03
-1.234289932690285120e-02
1.647545532487641462e-01
-1.049083188271389931e-02
3.319157185650005726e-01
-1.658746084248262712e-02
-1.582625274531997226e-03
-2.792901108534460997e-02
-1.279955462485661555e-01
1.226294534028501276e-01
1.415175946487259862e-01
1.380992075796800417e-03
-1.669606219883902447e-03
1.538647720811680934e-03
8.436344739833737810e-03
-9.740208282933041778e-03
-1.658746084248262712e-02
1.305263419784347401e-01
-1.101894313188949287e-01
-1.275324593933507000e-01
8.728992797507637014e-02
-1.355219930600189415e-01
-1.088072430554163916e-01
2.109478694319106076e-02
-2.515251144010469467e-02
-2.529804474983648327e-02
1.984575816082048867e-03
-5.622791834891275936e-04
-1.582625274531997226e-03
-1.186980293488949789e-01
1.549629535388986068e-01
1.302834097506744282e-01
1.102027290452584213e-01
-1.270721129198200683e-01
-2.070444714964147226e-01
-3.736898006049072483e-03
8.768966888688686442e-03
7.350161687307859952e-03
1.928241185882291833e-02
-1.872695914522349778e-02
-2.792901108534460997e-02
-1.259961524547697498e-01
1.328800736312279185e-01
2.231830911019997699e-01
2.805133743009506353e-01
-8.235153434903816350e-02
2.248560823236207123e-02
-1.990882581199996532e-02
8.271924393395571271e-03
-1.903860341512055672e-03
-1.321193487674618694e-01
2.134890300524882462e-02
-1.423441739325222721e-01
-1.310538063212067783e-01
7.359791379134908440e-02
1.211895251695603443e-01
-7.813829767770481827e-02
1.514938654975500620e-01
7.562631973425934517e-02
-1.416695955528521865e-02
-1.286325297218953584e-02
-5.701985846257237589e-03
2.963464853349790859e-02
-4.759270363967625650e-02
3.613488351131670384e-02
9.844527604050395952e-02
-1.106557763538206507e-01
-1.161004841411491934e-01
2.415038473787491785e-02
6.827100916549837251e-02
5.482570906553325685e-01
3.835722780107249374e-03
-5.854016457257246037e-03
-3.607057733481044970e-02
-1.838288247040993639e-01
2.706520779515420375e-02
-2.970330564438618537e-01
1.579345123094079706e-01
-1.105473754723518970e-01
-2.293449345659725191e-01
-1.990882581199996532e-02
-1.416695955528521865e-02
3.835722780107249374e-03
2.221537309304728522e-02
-3.881785416880215254e-03
7.017412515512867202e-04
2.769007356974771336e-03
1.466921253935789607e-02
-3.077158449402209867e-03
3.162280970385034432e-03
1.485476550273525341e-02
-2.252898597975415852e-03
8.271924393395571271e-03
-1.286325297218953584e-02
-5.854016457257246037e-03
-4.203101007135404458e-04
2.262103843295270103e-02
3.021696397841022643e-03
-2.488366207743826150e-03
-1.396027170786170134e-03
-7.231675923477524828e-04
-2.895149890970417309e-03
-1.041754521595691409e-02
5.157362702570847390e-03
-1.903860341512055672e-03
-5.701985846257237589e-03
-3.607057733481044970e-02
-1.540080929787102006e-04
8.720787110790261323e-03
3.406044864000000449e-02
1.577246285283066731e-03
2.461856454853716264e-02
-1.196122543188607576e-03
-1.503413578857616456e-03
-2.076983300398047017e-02
7.458247365571854352e-03
-1.321193487674618694e-01
2.963464853349790859e-02
-1.838288247040993639e-01
2.769007356974771336e-03
-2.488366207743826150e-03
1.577246285283066731e-03
1.249905488019854710e-01
-3.099010783604655081e-02
1.541631223119040162e-01
9.748366860527456212e-03
1.337688885749795413e-03
1.895443223521536824e-02
2.134890300524882462e-02
-4.759270363967625650e-02
2.706520779515420375e-02
1.466921253935789607e-02
-1.396027170786170134e-03
2.461856454853716264e-02
-3.084096071071320763e-02
5.160744120234729559e-02
-3.182157123246245889e-02
-7.083188037300061288e-03
-7.057440641854463570e-04
-1.349209390480910105e-02
-1.423441739325222721e-01
3.613488351131670384e-02
-2.970330564438618537e-01
-3.077158449402209867e-03
-7.231675923477524828e-04
-1.196122543188607576e-03
1.580930571237814941e-01
-3.617447113595871622e-02
3.168043326793332226e-01
-1.817652466995987176e-02
3.839354665514076040e-04
-2.936897511934201746e-02
-1.310538063212067783e-01
9.844527604050395952e-02
1.579345123094079706e-01
3.162280970385034432e-03
-2.895149890970417309e-03
-1.503413578857616456e-03
9.748366860527456212e-03
-7.083188037300061288e-03
-1.817652466995987176e-02
1.242817768295539360e-01
-8.840299113765615058e-02
-1.333509213876108990e-01
7.359791379134908440e-02
-1.106557763538206507e-01
-1.105473754723518970e-01
1.485476550273525341e-02
-1.041754521595691409e-02
-2.076983300398047017e-02
1.337688885749795413e-03
-7.057440641854463570e-04
3.839354665514076040e-04
-9.191745413865615166e-02
1.145066385987789370e-01
1.174082061383138198e-01
1.211895251695603443e-01
-1.161004841411491934e-01
-2.293449345659725191e-01
-2.252898597975415852e-03
5.157362702570847390e-03
7.458247365571854352e-03
1.895443223521536824e-02
-1.349209390480910105e-02
-2.936897511934201746e-02
-1.338868394592460376e-01
1.204692757544692100e-01
2.553925946076667230e-01
2.817101882493698306e-01
-9.671842685588390165e-02
2.221501878693772636e-02
-1.863267964849996822e-02
7.517316310734202707e-03
-1.675499881702170041e-03
-1.320400953197427840e-01
2.628835913416758749e-02
-1.417490183929039638e-01
-1.307818112123790288e-01
7.083546304634834312e-02
1.237780572005156982e-01
-9.645426886921726339e-02
1.329860639829645030e-01
7.047775348915298610e-02
-1.456142229080084789e-02
1.867358360419712690e-02
-9.455649295779539748e-03
3.198805323509960191e-02
-4.730052000704364906e-02
4.000994983708260067e-02
9.445829918205633779e-02
-1.002784992535750153e-01
-1.130560660396879441e-01
1.974249938571133456e-02
5.267385167697820336e-02
5.468125997726654974e-01
2.639258094731475497e-03
-9.265046913779551030e-03
-3.040218413419710358e-02
-1.843201535733290652e-01
3.467546974146080985e-02
-2.954034114362135699e-01
1.595729051585875469e-01
-1.058489755466816562e-01
-2.382322563720460640e-01
-1.863267964849996822e-02
-1.456142229080084789e-02
2.639258094731475497e-03
1.435144823573287175e-02
-7.199572135398236462e-04
9.448998548362041224e-04
3.684660114272274561e-03
1.294942915288839654e-02
-2.214521888213886232e-03
3.791429329524317361e-03
1.302096287982726537e-02
-2.401117770750748736e-03
7.517316310734202707e-03
1.867358360419712690e-02
-9.265046913779551030e-03
-6.904120112064919546e-04
-1.772540336566237303e-03
4.884733538203757212e-03
-1.617944941690559364e-03
-3.167779893136394610e-03
1.232087926045639622e-04
-1.733178062621169467e-03
-1.046842977019061226e-02
3.670902863494602836e-03
-1.675499881702170041e-03
-9.455649295779539748e-03
-3.040218413419710358e-02
3.722014026311999831e-04
5.096642289440466572e-03
2.772903638916672520e-02
2.391111198277769221e-03
2.241191873776743684e-02
8.472078378641023123e-04
-2.885690906465575561e-03
-1.836548858035406961e-02
7.604806464666269417e-03
-1.320400953197427840e-01
3.198805323509960191e-02
-1.843201535733290652e-01
3.684660114272274561e-03
-1.617944941690559364e-03
2.391111198277769221e-03
1.208978084415322229e-01
-3.206092270451643689e-02
1.566070301582630497e-01
9.549843672035755737e-03
1.131252492090614259e-03
1.880430216895673939e-02
2.628835913416758749e-02
-4.730052000704364906e-02
3.467546974146080985e-02
1.294942915288839654e-02
-3.167779893136394610e-03
2.241191873776743684e-02
-3.354478657618311516e-02
4.940730970213388917e-02
-3.804192329973707376e-02
-6.074931202420601542e-03
-4.106853225576608543e-04
-1.257121378904436232e-02
-1.417490183929039638e-01
4.000994983708260067e-02
-2.954034114362135699e-01
-2.214521888213886232e-03
1.232087926045639622e-04
8.472078378641023123e-04
1.562377771746074062e-01
-4.047350105323545277e-02
3.206253002143339970e-01
-1.850814086079215909e-02
8.921920160129314173e-04
-2.960592011747807673e-02
-1.307818112123790288e-01
9.445829918205633779e-02
1.595729051585875469e-01
3.791429329524317361e-03
-1.733178062621169467e-03
-2.885690906465575561e-03
9.549843672035755737e-03
-6.074931202420601542e-03
-1.850814086079215909e-02
1.206102317728794254e-01
-8.388462232672193319e-02
-1.393924457485228863e-01
7.083546304634834312e-02
-1.002784992535750153e-01
-1.058489755466816562e-01
1.302096287982726537e-02
-1.046842977019061226e-02
-1.836548858035406961e-02
1.131252492090614259e-03
-4.106853225576608543e-04
8.921920160129314173e-04
-8.500984064072189539e-02
1.034866193294528974e-01
1.165100891087208906e-01
1.237780572005156982e-01
-1.130560660396879441e-01
-2.382322563720460640e-01
-2.401117770750748736e-03
3.670902863494602836e-03
7.604806464666269417e-03
1.880430216895673939e-02
-1.257121378904436232e-02
-2.960592011747807673e-02
-1.363977431041478172e-01
1.140137651854282591e-01
2.643326649546665630e-01
2.716255848345511814e-01
-1.268068851596158564e-01
1.069246858167596272e-02
-1.109264681545117821e-02
1.144956240814941264e-03
-3.093796398259972312e-04
-1.294642789031889563e-01
3.826497872589373905e-02
-1.393197828117138659e-01
-1.287161622670780492e-01
6.441106374456755101e-02
1.261573966542314240e-01
-1.128175622556157193e-01
1.171343447271139954e-01
5.464379176580037162e-02
-1.227763582033604244e-02
2.774960364508418167e-02
-5.302529593741104295e-03
4.155422786238754246e-02
-4.683921349204333423e-02
5.221845830474450278e-02
7.614903077349796656e-02
-8.255199195135130841e-02
-9.322740224773072570e-02
1.210438687978811212e-02
5.322134497740603487e-02
5.554256005436645216e-01
2.212328189695886987e-03
-5.041632159631975925e-03
-1.521748314563298177e-02
-1.778625558167691023e-01
5.753624816988048285e-02
-2.854424534417676629e-01
1.640167106263198671e-01
-9.882737044968893658e-02
-2.488654681285708548e-01
-1.109264681545117821e-02
-1.227763582033604244e-02
2.212328189695886987e-03
6.485117417974504278e-03
4.318243053981264700e-04
1.552969521542922312e-04
4.327999220162422923e-03
5.345479905226382771e-03
-2.419298817336316043e-04
4.226010011554493136e-03
6.355427181326138431e-03
-1.063128848517800066e-03
1.144956240814941264e-03
2.774960364508418167e-02
-5.041632159631975925e-03
1.430245938398119754e-03
-3.759486941230797546e-02
4.777660540707055065e-03
-1.309780884285090220e-03
5.848252801760059350e-03
-1.799935179008068037e-03
-1.270498828614643810e-03
-1.159497771000092331e-03
3.763858800061078286e-04
-3.093796398259972312e-04
-5.302529593741104295e-03
-1.521748314563298177e-02
-3.704283476681880872e-04
3.132997089906521242e-03
1.437400930533331775e-02
1.935203482036425239e-03
7.766606675757777543e-03
4.031083168077508917e-03
-2.810342012149127152e-03
-9.009775214700704513e-03
5.388291030445602550e-03
-1.294642789031889563e-01
4.155422786238754246e-02
-1.778625558167691023e-01
4.327999220162422923e-03
-1.309780884285090220e-03
1.935203482036425239e-03
1.300779319786320443e-01
-5.228844080429255470e-02
1.508214488439281464e-01
8.537500645970671001e-03
5.935816765697073030e-04
1.797515880559242760e-02
3.826497872589373905e-02
-4.683921349204333423e-02
5.753624816988048285e-02
5.345479905226382771e-03
5.848252801760059350e-03
7.766606675757777543e-03
-5.193335936895921573e-02
4.970289675386815181e-02
-5.361353004671579742e-02
-3.367740560349980535e-03
2.832644349266482536e-03
-1.097918700267774481e-02
-1.393197828117138659e-01
5.221845830474450278e-02
-2.854424534417676629e-01
-2.419298817336316043e-04
-1.799935179008068037e-03
4.031083168077508917e-03
1.523596428069574349e-01
-5.291650177750831241e-02
3.106081987043324277e-01
-1.868451206524228414e-02
3.288685100421641881e-03
-2.924237658723715522e-02
-1.287161622670780492e-01
7.614903077349796656e-02
1.640167106263198671e-01
4.226010011554493136e-03
-1.270498828614643810e-03
-2.810342012149127152e-03
8.537500645970671001e-03
-3.367740560349980535e-03
-1.868451206524228414e-02
1.237612491741814785e-01
-7.769749090312369488e-02
-1.384221592431881254e-01
6.441106374456755101e-02
-8.255199195135130841e-02
-9.882737044968893658e-02
6.355427181326138431e-03
-1.159497771000092331e-03
-9.009775214700704513e-03
5.935816765697073030e-04
2.832644349266482536e-03
3.288685100421641881e-03
-7.644107073012368359e-02
8.147785863465148437e-02
1.029384015183294060e-01
1.261573966542314240e-01
-9.322740224773072570e-02
-2.488654681285708548e-01
-1.063128848517800066e-03
3.763858800061078286e-04
5.388291030445602550e-03
1.797515880559242760e-02
-1.097918700267774481e-02
-2.924237658723715522e-02
-1.421601099950426383e-01
1.060619155732980823e-01
2.759865353513327735e-01
5.365775862473333158e-01
-2.878941449999961218e-03
2.616270945999999657e-03
-5.607053318890002913e-01
-1.419872832500107453e-03
-1.419872832499965640e-03
-5.964245878333307958e-03
1.240645856983338229e-02
-1.727464289883334086e-02
-5.462342985000093881e-03
1.791032439100002926e-02
-1.003896862999999803e-03
5.886444365999971007e-03
-1.775652297000000074e-02
-4.588968202900016446e-02
-5.462342984999951634e-03
-1.003896863000001104e-03
1.755825905500002851e-02
-5.607053318890002913e-01
-5.462342985000093881e-03
-5.462342984999951634e-03
5.365775862473333158e-01
-2.878941449999897033e-03
-2.616270946000001825e-03
-1.419872832500107453e-03
1.791032439100002926e-02
-1.003896863000001104e-03
-5.964245878333243774e-03
1.240645856983338055e-02
1.727464289883334086e-02
-1.419872832499965640e-03
-1.003896862999999803e-03
1.755825905500002851e-02
-5.886444365999973609e-03
1.775652297000000074e-02
-4.588968202900016446e-02
3.078216324783340785e-02
-1.965496068333341976e-04
8.402923550000021568e-05
-5.049784769500011844e-02
9.268349999488754478e-08
9.268350000177981217e-08
1.532121948333333415e-04
2.470985247449990901e-02
1.628811076666666804e-04
1.227619999948875980e-07
-2.266622799700000745e-02
6.090000000754958089e-10
-1.302652255000000345e-04
-1.279756866666666225e-04
2.681804167916658141e-02
1.227620000017798522e-07
6.090000000755031501e-10
-2.143344207700000753e-02
-5.049784769500011844e-02
1.227619999948875980e-07
1.227620000017798522e-07
3.078216324783340785e-02
-1.965496068333334387e-04
-8.402923550000020213e-05
9.268349999488754478e-08
-2.266622799700000745e-02
6.090000000755031501e-10
1.532121948333341004e-04
2.470985247449990901e-02
-1.628811076666667075e-04
9.268350000177981217e-08
6.090000000754958089e-10
-2.143344207700000753e-02
1.302652255000000074e-04
1.279756866666666496e-04
2.681804167916658141e-02
1.861006188338576728e-01
-2.547060944645770540e-04
2.543832691433685692e-04
-2.516500281360005697e-01
2.330729999740044649e-07
2.311660000085943339e-07
-2.134256411312472103e-04
1.021388462688089388e-01
-1.712481058023923033e-04
2.411624999740047571e-07
-1.101679256020000608e-01
-8.913876200000008518e-05
-1.056250293815537335e-03
-1.714798176772239062e-04
1.060633476453327895e-01
2.381355000085946532e-07
-8.913876200000008518e-05
-1.115568595890000653e-01
-2.516500281360005697e-01
2.411624999740047571e-07
2.381355000085946532e-07
1.861006188338576728e-01
-2.547060944645854023e-04
-2.543832691433685149e-04
2.330729999740044649e-07
-1.101679256020000608e-01
-8.913876200000008518e-05
-2.134256411312555586e-04
1.021388462688089388e-01
1.712481058023923304e-04
2.311660000085943339e-07
-8.913876200000008518e-05
-1.115568595890000653e-01
1.056250293815537552e-03
1.714798176772237978e-04
1.060633476453327895e-01
-1.504367673701901553e-01
-3.855698670102892947e-04
-1.740042695768663733e-04
1.495127782809997641e-01
-4.573729999610029757e-07
-4.915425000129979149e-07
-4.108221280102881110e-04
6.099392243252408502e-02
1.723475951232259222e-04
-4.708059999610029346e-07
-6.277867774699999459e-02
8.130000000013902681e-10
-6.100980202435790558e-04
1.723474819145865463e-04
6.463812645583338901e-02
-5.195880000129978863e-07
8.130000000013842710e-10
-6.275496971299997229e-02
1.495127782809997641e-01
-4.708059999610029346e-07
-5.195880000129978863e-07
-1.504367673701922370e-01
-3.855698664570442365e-04
1.740042695764153994e-04
-4.573729999610029757e-07
-6.277867774699999459e-02
8.130000000013842710e-10
-4.108221274570431070e-04
6.099392243252617363e-02
-1.723475951236812600e-04
-4.915425000129979149e-07
8.130000000013902681e-10
-6.275496971299997229e-02
6.100980202431281361e-04
-1.723474819161829527e-04
6.463812645583338901e-02
-8.123674118223966900e-02
7.146059411419157755e-07
2.431445915285878102e-07
7.515379777599992539e-02
-7.643999999833078814e-07
-7.644000000056442461e-07
6.133763960780862397e-05
1.791087433707293577e-02
-6.322995032903329978e-07
-7.290664999833079045e-07
-1.571345801099999911e-02
7.999999919632464383e-12
-6.034344124192078304e-05
-6.321471022062893970e-07
1.915015529766664337e-02
-7.184850000056443012e-07
7.999999919643064250e-12
-1.702439531000000603e-02
7.515379777599992539e-02
-7.290664999833079045e-07
-7.184850000056443012e-07
-8.123674118223972451e-02
7.146058516159985191e-07
-2.431445915291587634e-07
-7.643999999833078814e-07
-1.571345801099999911e-02
7.999999919643064250e-12
6.133763951828270311e-05
1.791087433707299129e-02
6.322995032901134045e-07
-7.644000000056442461e-07
7.999999919632464383e-12
-1.702439531000000603e-02
6.034344124192021384e-05
6.321471022607769090e-07
1.915015529766664337e-02
1.029969187499334193e+00
-1.641819837166469702e-03
2.322739963333345374e-04
-1.186907490192000925e+00
2.699104174997807824e-04
2.699104175000735712e-04
-6.655553929998035646e-04
-4.494812903150005590e-02
-1.227657390666668773e-03
1.333814649978068702e-05
6.994107120500005215e-03
4.838993000000394484e-06
9.375430250000006238e-05
-1.511782145000002599e-03
-3.811755017616672708e-02
1.333814650007344194e-05
4.838993000000330957e-06
1.246499271349999806e-02
-1.186907490192000925e+00
1.333814649978068702e-05
1.333814650007344194e-05
1.029969187499334193e+00
-1.641819837166601324e-03
-2.322739963333344019e-04
2.699104174997807824e-04
6.994107120500005215e-03
4.838993000000330957e-06
-6.655553929999351867e-04
-4.494812903150005590e-02
1.227657390666668773e-03
2.699104175000735712e-04
4.838993000000394484e-06
1.246499271349999806e-02
-9.375430249999988619e-05
1.511782145000002599e-03
-3.811755017616672708e-02
4.992033976236838755e-01
-1.423708534366051716e-03
-9.683587382173486336e-05
-5.972695994769994243e-01
1.163051499897499872e-06
1.163051500034227507e-06
-8.950179295327208816e-04
2.501944330998413443e-02
-4.225863226174877605e-04
1.227664999897499486e-06
-3.928448146649999445e-02
4.930050500000078812e-06
-3.140276281202632473e-04
-4.489206616570935401e-04
3.001756254116670977e-02
1.227665000034227121e-06
4.930050500000078812e-06
-3.827254630849995926e-02
-5.972695994769994243e-01
1.227664999897499486e-06
1.227665000034227121e-06
4.992033976236838755e-01
-1.423708534366109829e-03
9.683587382173491757e-05
1.163051499897499872e-06
-3.928448146649999445e-02
4.930050500000078812e-06
-8.950179295327789948e-04
2.501944330998413443e-02
4.225863226174877605e-04
1.163051500034227507e-06
4.930050500000078812e-06
-3.827254630849995926e-02
3.140276281202633015e-04
4.489206616570934859e-04
3.001756254116670977e-02
1.326837965869200921e-02
2.061597213689829423e-04
3.086139815025540443e-04
-1.979039321700000464e-02
-1.471354999930302829e-07
-1.488420000023312236e-07
2.040761823689838761e-04
5.040654037614128447e-02
1.018120342049694725e-08
-1.399304999930302922e-07
-5.773112367999996830e-02
8.402499999991839333e-09
-5.719703916362443906e-05
1.217846155578293280e-08
5.434795904850017734e-02
-1.399305000023312169e-07
8.402499999991840988e-09
-5.786381689599996020e-02
-1.979039321700000464e-02
-1.399304999930302922e-07
-1.399305000023312169e-07
1.326837965869198319e-02
2.061597213666702577e-04
-3.086139815025540443e-04
-1.471354999930302829e-07
-5.773112367999996830e-02
8.402499999991840988e-09
2.040761823666711915e-04
5.040654037614131222e-02
-1.018120343971498001e-08
-1.488420000023312236e-07
8.402499999991839333e-09
-5.786381689599996020e-02
5.719703916362443906e-05
-1.217846155222115595e-08
5.434795904850017734e-02
-8.018563177499991521e-03
2.826752579999929787e-04
-1.061481049999998557e-05
2.730792395999999053e-02
-2.436594999848935236e-07
-2.436595000050213557e-07
5.338760473333273304e-04
2.922819681216665133e-02
9.030345999999991280e-06
1.617689700001512736e-05
-5.495846975399996254e-02
-8.912855900000004770e-05
1.920319168333332438e-04
9.032930500000030117e-06
4.083839612616676357e-02
1.617689699999499847e-05
-8.912855900000004770e-05
-5.496191631700000912e-02
2.730792395999999053e-02
1.617689700001512736e-05
1.617689699999499847e-05
-8.018563177499991521e-03
2.826752579999975323e-04
1.061481049999998388e-05
-2.436594999848935236e-07
-5.495846975399996254e-02
-8.912855900000004770e-05
5.338760473333318841e-04
2.922819681216665133e-02
-9.030345999999992975e-06
-2.436595000050213557e-07
-8.912855900000004770e-05
-5.496191631700000912e-02
-1.920319168333332438e-04
-9.032930500000006400e-06
4.083839612616676357e-02
1.345202353271664208e-01
-9.043363159999814405e-04
-3.361394999999981121e-04
-1.373289261470000411e-01
2.713094999762434240e-07
2.713095000079046686e-07
-1.685460993333315295e-03
1.297144882249991020e-02
4.253305165000000184e-04
-7.859030000237576262e-07
-8.002076960499995839e-03
-6.701500000014615939e-09
4.472159603333342778e-04
3.792692168749999503e-04
1.175436883666661214e-02
-7.859029999920964875e-07
-6.701500000014874846e-09
-8.242330368499996979e-03
-1.373289261470000411e-01
-7.859030000237576262e-07
-7.859029999920964875e-07
1.345202353271664208e-01
-9.043363159999962941e-04
3.361394999999980579e-04
2.713094999762434240e-07
-8.002076960499995839e-03
-6.701500000014874846e-09
-1.685460993333330257e-03
1.297144882249991020e-02
-4.253305165000000727e-04
2.713095000079046686e-07
-6.701500000014615939e-09
-8.242330368499996979e-03
-4.472159603333343320e-04
-3.792692168749998960e-04
1.175436883666661214e-02
4.548620909000001752e-03
-7.802546243333320771e-04
1.057768861666660197e-04
9.603390070000068519e-04
1.545937625000028506e-04
1.545937624999992185e-04
-1.504642856000005949e-03
1.759871158516669240e-02
-8.887057199999999924e-05
-5.207599999728002095e-08
-1.386783697000000190e-02
-6.413812749999997997e-05
-2.485049463333331796e-04
-1.210186230000000033e-04
2.414947842800003672e-02
-5.207600000089470758e-08
-6.413812750000002063e-05
-1.384398390000000229e-02
9.603390070000068519e-04
-5.207599999728002095e-08
-5.207600000089470758e-08
4.548620909000001752e-03
-7.802546243333337034e-04
-1.057768861666660333e-04
1.545937625000028506e-04
-1.386783697000000190e-02
-6.413812750000002063e-05
-1.504642856000007467e-03
1.759871158516669240e-02
8.887057199999998569e-05
1.545937624999992185e-04
-6.413812749999997997e-05
-1.384398390000000229e-02
2.485049463333331796e-04
1.210186230000000304e-04
2.414947842800003672e-02
-2.034514613766671629e-02
-2.689881688000000156e-03
4.760593999999961082e-06
1.880019409300000624e-02
-6.897399999423373661e-08
-6.897400000192156646e-08
-2.936728266666912938e-05
1.774472680600000518e-02
-5.556120299999994658e-05
-7.553799999423375489e-08
-1.258948870700000132e-02
1.094500000000425682e-09
-2.637667533333318677e-05
-6.344824904166659505e-05
1.938642266650001528e-02
-7.553800000192158474e-08
1.094500000000424028e-09
-1.258240763700000167e-02
1.880019409300000624e-02
-7.553799999423375489e-08
-7.553800000192158474e-08
-2.034514613766671629e-02
-2.689881688000004926e-03
-4.760593999999967858e-06
-6.897399999423373661e-08
-1.258948870700000132e-02
1.094500000000424028e-09
-2.936728266667379145e-05
1.774472680600000518e-02
5.556120299999994658e-05
-6.897400000192156646e-08
1.094500000000425682e-09
-1.258240763700000167e-02
2.637667533333317999e-05
6.344824904166659505e-05
1.938642266650001528e-02
-2.913391378850000227e-02
2.092191666642150293e-07
6.972799999999973605e-08
2.888364951800000829e-02
-8.941849999289491653e-08
-8.941850000237516074e-08
2.070956666642149640e-07
1.090313726499998921e-02
-3.666666666662396125e-12
-8.982649999289492918e-08
-9.793919197500014495e-03
9.999999930232402210e-13
6.908066666666646720e-08
-3.374999999995770047e-12
9.673093252499979922e-03
-8.982650000237517339e-08
9.999999930231402565e-13
-9.907679901000015013e-03
2.888364951800000829e-02
-8.982649999289492918e-08
-8.982650000237517339e-08
-2.913391378850000227e-02
2.092191666593118997e-07
-6.972799999999973605e-08
-8.941849999289491653e-08
-9.793919197500014495e-03
9.999999930231402565e-13
2.070956666593118343e-07
1.090313726499998921e-02
3.666666666653856939e-12
-8.941850000237516074e-08
9.999999930232402210e-13
-9.907679901000015013e-03
-6.908066666666646720e-08
3.374999999987310025e-12
9.673093252499979922e-03
-2.822169425583325592e-02
7.705390233333128647e-05
-7.682328533333307138e-05
3.346260647100000873e-02
-1.219599999370581611e-08
-1.219600000209815238e-08
1.848343333312938718e-07
5.075913609666673522e-03
1.172419366666666238e-05
-2.249599999370583224e-08
-8.011829354999965881e-04
-3.340000000001289725e-10
6.112816666666689941e-08
-2.389708333333330471e-09
4.856336217833337465e-03
-2.249600000209816851e-08
-3.340000000001315574e-10
-8.032770874999967505e-04
3.346260647100000873e-02
-2.249599999370583224e-08
-2.249600000209816851e-08
-2.822169425583325592e-02
7.705390233332720716e-05
7.682328533333307138e-05
-1.219599999370581611e-08
-8.011829354999965881e-04
-3.340000000001315574e-10
1.848343333272160963e-07
5.075913609666673522e-03
-1.172419366666665391e-05
-1.219600000209815238e-08
-3.340000000001289725e-10
-8.032770874999967505e-04
-6.112816666666689941e-08
2.389708333333323026e-09
4.856336217833337465e-03
3.975769650941750388e+00
6.992274906185530492e-02
6.044269504355135464e-02
-3.207326446524997987e+00
4.991558674499358382e-03
4.991558674500212733e-03
9.014948877522089773e-03
-3.070825648135972474e-01
5.504003207440084575e-03
4.541051938499358030e-03
2.850621653879997219e-01
-3.338402072000003044e-03
9.044459776452811253e-03
-1.393363344183644326e-02
-3.649925053646682072e-01
4.541051938500213249e-03
-7.826935736500003488e-03
2.564678784834997782e-01
-3.207326446524997987e+00
4.541051938499358030e-03
4.541051938500213249e-03
3.208166743224900586e+00
8.904752032798174052e-03
-9.648798677630335621e-03
4.991558674499358382e-03
2.850621653879997219e-01
-7.826935736500003488e-03
-5.097230230953528340e-02
-2.317122169102445450e-01
1.439244354091631997e-02
4.991558674500212733e-03
-3.338402072000003044e-03
2.564678784834997782e-01
3.042092004741437858e-02
2.562686062122800177e-03
-2.981367758460009565e-01
-1.587452219556365063e-02
5.710478240669559320e-04
4.437246243216902072e-04
-2.327538096850001181e-01
4.343826804999718319e-04
-4.343868164999905961e-04
-1.868350633433049027e-03
9.076696993756391829e-02
1.603352012585983918e-06
-8.567836250002849104e-05
-7.955563799600003094e-02
1.273050524999998732e-04
-2.235089116178391126e-03
1.603938105912714697e-06
8.893221867650016876e-02
8.567629450000970352e-05
7.594131949999999407e-05
-7.961874235900003038e-02
-2.327538096850001181e-01
-8.567836250002849104e-05
8.567629450000970352e-05
-4.308095737515214158e-02
4.442160007896425386e-04
7.281083436863360796e-05
4.343826804999718319e-04
-7.955563799600003094e-02
7.594131949999999407e-05
-6.531824673770220482e-04
8.572762831481892110e-02
1.603723163742414269e-06
-4.343868164999905961e-04
1.273050524999998732e-04
-7.961874235900003038e-02
-1.097402918798107401e-03
1.603233870492246421e-06
8.623765525683341204e-02
-4.320607196673471526e-03
4.793417817822588200e-04
3.543237348330837344e-04
-2.223047935199999603e-02
3.119461430000081679e-04
3.119427624999973896e-04
-1.592053803051080236e-03
7.558822893800695719e-02
1.207042927140904418e-09
-3.417484449999915624e-04
-6.626568843800001440e-02
2.899056950000014548e-05
-2.018692403803922474e-03
1.245187412379559729e-05
7.668044951216682059e-02
-3.417494680000023283e-04
2.898890449999998495e-05
-6.510207424400001053e-02
-2.223047935199999603e-02
-3.417484449999915624e-04
-3.417494680000023283e-04
-7.040205863404824793e-02
8.908267041409440642e-04
5.553159185711728117e-04
3.119461430000081679e-04
-6.626568843800001440e-02
2.898890449999998495e-05
-2.359356118590528952e-04
7.074394698988174801e-02
6.316674323437247454e-07
3.119427624999973896e-04
2.899056950000014548e-05
-6.510207424400001053e-02
-1.337783029762233200e-03
6.311253951907111475e-07
7.430283428783339417e-02
-2.806136233325949927e-02
-1.992377222238789108e-05
-1.876652189102890114e-04
8.813151025000007244e-02
3.475727500027295047e-06
3.475727499990923452e-06
-2.140348793722381040e-03
5.682659842892619911e-02
-2.972226184547345287e-06
-6.200200374999726262e-04
-6.044177193950005939e-02
5.118754250000006473e-05
-1.379607995244926761e-03
-2.971250757152676657e-06
5.983385623000007231e-02
-6.200200375000089470e-04
5.118756449999990906e-05
-5.992613456050006199e-02
8.813151025000007244e-02
-6.200200374999726262e-04
-6.200200375000089470e-04
-9.745349423369269182e-02
-2.984705544291752118e-04
-3.702574353732482251e-04
3.475727500027295047e-06
-6.044177193950005939e-02
5.118756449999990906e-05
-2.282733121762506225e-03
5.866510493269300880e-02
4.949618568413947993e-05
3.475727499990923452e-06
5.118754250000006473e-05
-5.992613456050006199e-02
-2.754632569120014918e-03
1.291770506547587215e-04
6.174189574950008502e-02
-1.131126087729808494e-01
-1.419640773868257393e-06
2.323351999968720355e-06
1.139265985740000181e-01
-3.395074999719176661e-07
-4.045645000093424386e-07
6.899330594650762679e-07
3.984246452364752916e-02
-1.611182846737220652e-10
-3.406609999719176373e-07
-3.894838172999998127e-02
1.870771329061323215e-20
2.461706666346743963e-07
-1.646034067231224489e-10
3.880960531233326738e-02
-3.931600000093424108e-07
1.870973763177201061e-20
-3.864198855399999383e-02
1.139265985740000181e-01
-3.406609999719176373e-07
-3.931600000093424108e-07
-1.084175471538606633e-01
-3.383245774711551179e-05
-2.341143166618292132e-06
-3.395074999719176661e-07
-3.894838172999998127e-02
1.870973763177201061e-20
7.081859195513449785e-07
3.612272789302744397e-02
2.591040941903814732e-10
-4.045645000093424386e-07
1.870771329061323215e-20
-3.864198855399999383e-02
-2.475789999740235869e-07
1.390462585417377202e-10
3.691604573199998990e-02
-9.276428455828773789e-02
4.769649607709524703e-05
-4.690071383333365161e-05
9.266334850899989040e-02
5.393043311450868141e-05
1.617124958357925627e-04
1.002901091042824801e-05
2.334166807878737884e-02
3.487468075812848317e-12
-1.056513050272897659e-07
-2.276953752359998223e-02
-3.732200799997503760e-06
-1.055589316666740098e-05
-3.870359177138459801e-12
2.352514195683333420e-02
-3.566698365349105880e-07
-3.732200799997503760e-06
-2.273661489489998619e-02
9.266334850899989040e-02
-1.056513050272897659e-07
-3.566698365349105880e-07
-9.037633091607416569e-02
2.914329610587129015e-05
2.837662600001709969e-05
5.393043311450868141e-05
-2.276953752359998223e-02
-3.732200799997503760e-06
5.707419772537836192e-06
2.157745972940709397e-02
4.942781710153719971e-11
1.617124958357925627e-04
-3.732200799997503760e-06
-2.273661489489998619e-02
4.915399666685775491e-06
6.012405298464057614e-11
2.165522924633335455e-02
2.496822284099998665e-02
-2.743954156666673504e-04
1.034581626666677853e-04
-3.412818972300001724e-02
-1.704158085000003072e-04
-1.704158084999996838e-04
-1.014827590333332611e-03
3.535185330449992780e-02
-1.178162580000000461e-03
1.500670834999992987e-04
-3.171449849249998593e-02
-8.404312700000000230e-05
1.029521226166669849e-03
-3.138723026666665568e-04
3.626829968683323302e-02
1.500670834999998950e-04
4.800044500000057445e-06
-3.135214607249998953e-02
-3.412818972300001724e-02
1.500670834999992987e-04
1.500670834999998950e-04
2.512334998766667035e-02
-1.970588493500007900e-03
2.058414691333332325e-03
-1.704158085000003072e-04
-3.171449849249998593e-02
4.800044500000057445e-06
-5.648805427666669238e-03
3.002101349266658378e-02
-3.739707366666665772e-04
-1.704158084999996838e-04
-8.404312700000000230e-05
-3.135214607249998953e-02
2.043769153333331676e-03
-4.131995805555554514e-04
3.184522473666655945e-02
-3.661447500549995515e-02
5.102224999996462039e-06
-2.578018066666665225e-05
3.661306041700003455e-02
1.210876750001047553e-05
1.210876749999646222e-05
-7.372336066666977336e-05
1.952497679299994987e-02
-2.700541266666666980e-05
-1.390324999894772677e-07
-2.066990169999996865e-02
9.000000017934205875e-12
1.041730133333351144e-05
-2.579821999999999184e-06
2.009444061699995621e-02
-1.390325000034918514e-07
1.580000000014934460e-09
-2.041347920699996751e-02
3.661306041700003455e-02
-1.390324999894772677e-07
-1.390325000034918514e-07
-3.598993547966662654e-02
-1.103518683334303036e-05
-1.329636916666672635e-05
1.210876750001047553e-05
-2.066990169999996865e-02
1.580000000014934460e-09
-4.240423833334322338e-05
1.729738993999995963e-02
1.737333333330890873e-09
1.210876749999646222e-05
9.000000017934205875e-12
-2.041347920699996751e-02
-4.691851400000008785e-05
1.675666666658047759e-09
2.038177430283328803e-02
-3.492339233099985008e-02
1.776626666636855986e-07
2.145494000000020204e-06
3.586260952399997204e-02
-8.803849999081237706e-08
-8.803850000305631772e-08
4.472647199999678418e-05
1.376090370466669446e-02
-6.324506666666665548e-07
-8.740899999081237794e-08
-1.415215365999998413e-02
6.115499922573191095e-21
-1.025023619999999787e-04
-6.321056666666729133e-07
1.414300031483327162e-02
-8.740900000305631860e-08
6.115654105605167471e-21
-1.405210326049998425e-02
3.586260952399997204e-02
-8.740899999081237794e-08
-8.740900000305631860e-08
-3.539221352549989236e-02
1.066660369999916376e-04
1.043699763333331938e-04
-8.803849999081237706e-08
-1.415215365999998413e-02
6.115654105605167471e-21
4.027497966665732757e-05
1.393155069566668659e-02
-3.934945566666664271e-05
-8.803850000305631772e-08
6.115499922573191095e-21
-1.405210326049998425e-02
-2.744134689999982242e-04
-9.640741444444495646e-06
1.396765141333327145e-02
-2.259877763646716067e-02
-3.977510516033625409e-05
2.212741483333310674e-05
2.142297199100000327e-02
4.896771446243067511e-18
8.002087026366222273e-07
1.461203396638734806e-07
5.573204727300465518e-03
2.624282516408250718e-12
4.896635188510680530e-18
-5.231420739999997557e-03
5.159238000000156144e-06
4.797999999999967260e-08
5.690365371900085337e-15
5.634270487666687664e-03
-7.990306627571292885e-08
5.159238000000156144e-06
-5.231420739999997557e-03
2.142297199100000327e-02
4.896635188510680530e-18
-7.990306627571292885e-08
-2.181187789533336335e-02
1.430796666616118905e-07
-4.684966666666668986e-08
4.896771446243067511e-18
-5.231420739999997557e-03
5.159238000000156144e-06
1.413656666616119322e-07
5.699940804000024237e-03
3.333333333247272118e-13
8.002087026366222273e-07
5.159238000000156144e-06
-5.231420739999997557e-03
-4.729833333333334691e-08
5.555555555468669617e-13
5.774300931333354626e-03
-7.400906430901614819e-01
-1.656871324210083207e+00
4.580621788041074893e-01
-2.640346570180003849e-01
5.506232284737726523e-01
-1.592431508800065953e-01
3.444241265204061042e-01
1.745999533721947161e+00
-2.946882150739463246e-01
-1.609754678681082130e+00
6.761190581033479141e+00
1.159612008430787045e-01
7.406871188688093910e-02
3.014479409766475659e-01
-7.095822655763867060e-02
2.103729598322110927e+00
-6.099501697742637063e+00
1.189119462257832494e+00
3.616131498759676544e-01
1.607167913508000812e-01
7.037756376183317286e-01
-1.748270079658938159e-02
-5.912662377763858862e-02
7.151223702608588972e-02
-3.471892253857790656e-01
1.166392469664160103e+00
6.484449028382189839e-01
-2.640346570180003849e-01
7.406871188688093910e-02
-1.748270079658938159e-02
4.418338738153329004e-01
-1.118745780807491319e-01
1.908656873051681885e-02
-1.370844302798518433e-01
6.859126671421986177e-02
3.305748273041186902e-02
5.506232284737726523e-01
3.014479409766475659e-01
-5.912662377763858862e-02
-1.390203652107491195e-01
-2.706114939680003273e-01
4.312037362591874395e-02
-2.003340720824483001e-01
1.147190750070925525e-02
-1.446730022127817351e-02
-1.592431508800065953e-01
-7.095822655763867060e-02
7.151223702608588972e-02
2.216378298881480774e-02
4.314373978342749688e-02
-4.853622118333317248e-03
2.525767655619079802e-02
-5.368548977515158124e-03
6.342347153475986175e-03
3.444241265204061042e-01
2.103729598322110927e+00
-3.471892253857790656e-01
-1.370844302798518433e-01
-2.003340720824483001e-01
2.525767655619079802e-02
2.979945382039974611e-01
-2.049619477418491265e+00
2.005209388757807631e-01
1.745999533721947161e+00
-6.099501697742637063e+00
1.166392469664160103e+00
6.859126671421986177e-02
1.147190750070925525e-02
-5.368548977515158124e-03
-1.937613705075155401e+00
7.937004297819179044e+00
-1.158485848035482269e+00
-2.946882150739463246e-01
1.189119462257832494e+00
6.484449028382189839e-01
3.305748273041186902e-02
-1.446730022127817351e-02
6.342347153475986175e-03
6.657867395369624353e-01
-1.365165411177754251e+00
7.615045702873330935e-01
4.560249635587472761e-01
-1.512576645101288697e-01
1.552352028257884542e-01
-4.237561803320000209e-01
2.935436196991626778e-02
-1.392708023574154921e-02
-1.781369090852150117e-02
3.826232414555233996e-01
-1.424518122507102691e-01
-1.226989338991289480e-01
1.729591717498753178e+00
-2.803368527454881409e-01
2.399550174608829078e-02
8.743723112321853327e-03
-3.029517872300109115e-03
4.205352077497414021e-01
-1.253033524071618166e+00
5.095648937579274618e-01
1.306759455465773545e-01
-2.678979082868181427e-01
2.210214990313332240e-01
-9.034109888999141899e-03
-3.186956006300106607e-03
2.112707857448253802e-04
-1.567536269886693756e-01
4.986006625800213365e-01
-1.387851586356280420e-01
-4.237561803320000209e-01
2.399550174608829078e-02
-9.034109888999141899e-03
4.711700540820952243e-01
-4.012301281931547614e-02
1.950521316958717805e-02
-3.584988992821810244e-02
9.761859350453278711e-03
-1.150940492361706346e-03
2.935436196991626778e-02
8.743723112321853327e-03
-3.186956006300106607e-03
-5.895717944264880495e-02
-3.633653321992841301e-02
1.214313400556007831e-02
-8.369984621684971966e-04
-9.652891734199189541e-03
-4.869885115621995497e-03
-1.392708023574154921e-02
-3.029517872300109115e-03
2.112707857448253802e-04
1.441594213185194186e-02
9.301724207019652219e-03
-9.950999116666659275e-04
7.466531691134840757e-04
-5.758699947548291394e-05
-1.163627314658275541e-02
-1.781369090852150117e-02
4.205352077497414021e-01
-1.567536269886693756e-01
-3.584988992821810244e-02
-8.369984621684971966e-04
7.466531691134840757e-04
4.935605750059420815e-01
1.480379314151730741e-02
1.924764870189836219e-01
3.826232414555233996e-01
-1.253033524071618166e+00
4.986006625800213365e-01
9.761859350453278711e-03
-9.652891734199189541e-03
-5.758699947548291394e-05
1.153979998435173127e-01
4.689819559085582901e-01
-1.277643106288037511e-01
-1.424518122507102691e-01
5.095648937579274618e-01
-1.387851586356280420e-01
-1.150940492361706346e-03
-4.869885115621995497e-03
-1.163627314658275541e-02
2.546488892733575482e-01
-2.027236453804467653e-01
2.388392659146665598e-01
3.496257946043373477e-01
3.568487727235147844e-02
-2.900736744729931482e-04
-4.025585229550003863e-01
-1.981564430540008748e-02
1.527108465099514568e-02
-5.643954555472727175e-02
8.255897657770329412e-02
-6.446230320304215111e-02
5.141583885835152024e-02
5.113205622949962281e-01
-2.026996584896939013e-01
8.809560520361799790e-03
-2.120714458216673218e-02
1.679420956440352136e-02
5.383564175298574672e-02
-2.407613621184754582e-01
1.834365743609544519e-01
3.417182274111224549e-02
-1.643209969722185249e-01
2.038508161413331299e-01
-6.800139837348897869e-03
1.679600672590351312e-02
-1.432742925276660542e-02
-4.251927445547340478e-02
1.835583565108379056e-01
-1.408921891167311813e-01
-4.025585229550003863e-01
8.809560520361799790e-03
-6.800139837348897869e-03
4.566435027699440319e-01
-1.490298829472420580e-02
6.906867317498214913e-03
-1.549444793528532115e-02
2.345214234187827530e-03
-3.298681734566741124e-03
-1.981564430540008748e-02
-2.120714458216673218e-02
1.679600672590351312e-02
-1.327945428472423334e-02
2.389907422005746462e-02
-1.548725875122650142e-02
3.224935767881948606e-02
-1.470366755468509009e-03
2.729747862232167425e-03
1.527108465099514568e-02
1.679420956440352136e-02
-1.432742925276660542e-02
9.078681877884704071e-03
-1.420685475409603354e-02
1.847347395900008141e-02
-2.646948506722682573e-02
2.592287221307614138e-03
2.419452019253823249e-03
-5.643954555472727175e-02
5.383564175298574672e-02
-4.251927445547340478e-02
-1.549444793528532115e-02
3.224935767881948606e-02
-2.646948506722682573e-02
3.706348136468581161e-02
-1.020031325497039454e-01
9.405204250420189094e-02
8.255897657770329412e-02
-2.407613621184754582e-01
1.835583565108379056e-01
2.345214234187827530e-03
-1.470366755468509009e-03
2.592287221307614138e-03
-1.039300246770372554e-01
3.682111617593152308e-01
-1.499380953160681651e-01
-6.446230320304215111e-02
1.834365743609544519e-01
-1.408921891167311813e-01
-3.298681734566741124e-03
2.729747862232167425e-03
2.419452019253823249e-03
8.169792440865285277e-02
-1.968919730315464856e-01
1.284342681201666170e-01
4.777592207589275719e-01
-1.478634602549808684e-02
2.486558108443986601e-02
-6.655899226910000355e-01
3.845068079914888606e-03
-4.837266263888756121e-03
-2.570744158950589303e-02
-1.175505067178616051e-03
2.203372584277659557e-03
-1.475069043616476089e-02
2.896424977940714393e-02
-2.072497862572627789e-02
1.089118858874582135e-04
-9.124668244909992301e-03
1.822318918955604522e-02
1.036000773107565234e-02
-6.952742410852895578e-03
8.898760124576550815e-03
2.788716158393631309e-02
-2.364928448670900255e-02
4.653241741399996578e-02
-7.056012280765215725e-04
1.631985776555604228e-02
-3.114809193102332022e-02
-1.814157867337477803e-02
8.010560761480739478e-03
-1.586688209807455424e-02
-6.655899226910000355e-01
1.089118858874582135e-04
-7.056012280765215725e-04
4.668254511508176940e-01
4.064058250295831537e-04
1.952892143310301035e-03
-7.100685079734614770e-04
7.971023207757197337e-04
-9.999419576302503391e-04
3.845068079914888606e-03
-9.124668244909992301e-03
1.631985776555604228e-02
4.170928936291060270e-05
1.225012182851690883e-02
-1.903762741853856633e-02
-1.685018553653502837e-02
-1.901141529877018420e-03
7.216580034447727006e-04
-4.837266263888756121e-03
1.822318918955604522e-02
-3.114809193102332022e-02
1.123137122098279584e-03
-1.853046775152296724e-02
3.308640006333325723e-02
2.824528944431041813e-02
1.266825460304369614e-04
-2.613731584149529743e-03
-2.570744158950589303e-02
1.036000773107565234e-02
-1.814157867337477803e-02
-7.100685079734614770e-04
-1.685018553653502837e-02
2.824528944431041813e-02
2.481326308546461315e-02
-2.271958574235032058e-04
-1.238216082427033744e-02
-1.175505067178616051e-03
-6.952742410852895578e-03
8.010560761480739478e-03
7.971023207757197337e-04
-1.901141529877018420e-03
1.266825460304369614e-04
-3.255408689923452569e-03
4.827831412368747965e-03
-2.070521206608591513e-02
2.203372584277659557e-03
8.898760124576550815e-03
-1.586688209807455424e-02
-9.999419576302503391e-04
7.216580034447727006e-04
-2.613731584149529743e-03
-4.681020884007418628e-03
-5.108027002628315327e-03
2.131856980649998387e-02
4.767780561815619933e-01
-9.369239486196015432e-03
2.579447924961435559e-02
-4.718580895419997034e-01
6.124714871493959316e-03
-1.500957034544049551e-02
-7.142882292699582157e-03
4.426939190632521448e-03
-1.075331285733601219e-02
-9.126526581195976151e-03
-1.508625215228147137e-03
1.679194561885582072e-03
7.932290092659698318e-04
-4.332663366586968733e-03
1.053403585950967586e-02
9.708376765985751722e-03
4.251709028880280329e-03
-1.203876398180197399e-02
2.609492129867312799e-02
1.776529264945904841e-03
-4.331207369999989960e-03
-1.925414043911096622e-03
1.054032474350967766e-02
-2.562676814534636457e-02
-2.361793263144940092e-02
-1.203765564434491377e-02
2.859197152281926085e-02
-4.718580895419997034e-01
7.932290092659698318e-04
-1.925414043911096622e-03
4.691076429961984484e-01
-1.345323946609900539e-03
3.223799333939307045e-03
2.667793784594441400e-03
4.247106243005833071e-04
-1.247049019404800323e-03
6.124714871493959316e-03
-4.332663366586968733e-03
1.054032474350967766e-02
-1.327673922943232391e-03
3.693363338135399309e-03
-8.842312326003827841e-03
-5.086295460209836611e-03
6.243503567840894388e-04
-1.428724021288327577e-03
-1.500957034544049551e-02
1.053403585950967586e-02
-2.562676814534636457e-02
2.188596342223077251e-03
-8.954306841796232097e-03
2.167336294633345414e-02
1.237337625359600027e-02
-1.495069863069271128e-03
3.485422661621477396e-03
-7.142882292699582157e-03
9.708376765985751722e-03
-2.361793263144940092e-02
2.667793784594441400e-03
-5.086295460209836611e-03
1.237337625359600027e-02
3.473231175031726327e-03
-5.294709205419685476e-03
1.199590139440174889e-02
4.426939190632521448e-03
4.251709028880280329e-03
-1.203765564434491377e-02
4.247106243005833071e-04
6.243503567840894388e-04
-1.495069863069271128e-03
-5.373261004753020730e-03
-5.670616522698405243e-03
1.364964797883256795e-02
-1.075331285733601219e-02
-1.203876398180197399e-02
2.859197152281926085e-02
-1.247049019404800323e-03
-1.428724021288327577e-03
3.485422661621477396e-03
1.186365922376053823e-02
1.361398349225244504e-02
-3.397130853633327507e-02
2.906099913419496472e-01
-9.849642270486977380e-02
2.526148112687944328e-02
-2.568429665200002571e-02
1.153949138568831530e-02
-2.632152306088126649e-03
-1.332521997216814247e-01
1.661475285136466973e-02
-1.401380101093381292e-01
-1.330280744523417158e-01
7.461603244678952085e-02
1.194708148563792677e-01
-1.012721425762030947e-01
1.857338730625503198e-01
8.841752564797313030e-02
-2.010310634804556018e-02
-4.151604560301389024e-02
-2.006649952678766276e-03
2.514730915149983662e-02
-4.964898728416725082e-02
2.776450242435401020e-02
1.071577599472288006e-01
-1.162501211120628430e-01
-1.194255621689027519e-01
3.379226686082396902e-02
9.278864124635703703e-02
5.554813868579998593e-01
4.831402722902036241e-03
-2.158172935178785841e-03
-4.589986086491940759e-02
-1.877369681864893558e-01
1.581892859917009841e-02
-2.952648585191514075e-01
1.560344986226936403e-01
-1.039912590921719254e-01
-2.288074022425952980e-01
-2.568429665200002571e-02
-2.010310634804556018e-02
4.831402722902036241e-03
2.239978867315580227e-02
2.286001934996717815e-03
1.329582624264386221e-03
2.637802259685662152e-03
1.696037941062528837e-02
-5.077937437745230070e-03
2.767548399768076164e-03
1.754350766200079431e-02
-3.148196939586293992e-03
1.153949138568831530e-02
-4.151604560301389024e-02
-2.158172935178785841e-03
-1.284975413366146266e-04
7.030428238701083576e-02
-2.840517181339595552e-03
-2.514356541028541121e-03
-5.080662047451922278e-03
1.870128569570154314e-04
-2.681762665141004635e-03
-1.721198295085154401e-02
6.353237243041810929e-03
-2.632152306088126649e-03
-2.006649952678766276e-03
-4.589986086491940759e-02
3.247711750086159006e-04
-8.720775834367724272e-03
7.271949799383344015e-02
2.165416910342014747e-03
3.015704591807043256e-02
-4.189455257233725555e-03
-1.928893035063666914e-03
-2.431072869543794354e-02
9.271658184083474488e-03
-1.332521997216814247e-01
2.514730915149983662e-02
-1.877369681864893558e-01
2.637802259685662152e-03
-2.514356541028541121e-03
2.165416910342014747e-03
1.217753986062306004e-01
-2.497090517372211466e-02
1.607221652161638648e-01
9.589376116498812483e-03
1.345466984940325286e-03
1.913858065748115164e-02
1.661475285136466973e-02
-4.964898728416725082e-02
1.581892859917009841e-02
1.696037941062528837e-02
-5.080662047451922278e-03
3.015704591807043256e-02
-2.462196667038877435e-02
5.303245590276926130e-02
-2.891744489011638386e-02
-7.734398586258505251e-03
-1.190623876117592782e-03
-1.496579519974241580e-02
-1.401380101093381292e-01
2.776450242435401020e-02
-2.952648585191514075e-01
-5.077937437745230070e-03
1.870128569570154314e-04
-4.189455257233725555e-03
1.575565787835644660e-01
-2.903097332091089666e-02
3.260128037506676568e-01
-1.791671354851688547e-02
2.264159447388085797e-04
-2.905542628638127164e-02
-1.330280744523417158e-01
1.071577599472288006e-01
1.560344986226936403e-01
2.767548399768076164e-03
-2.681762665141004635e-03
-1.928893035063666914e-03
9.589376116498812483e-03
-7.734398586258505251e-03
-1.791671354851688547e-02
1.243451757604023128e-01
-9.603806216124274875e-02
-1.335645231840309477e-01
7.461603244678952085e-02
-1.162501211120628430e-01
-1.039912590921719254e-01
1.754350766200079431e-02
-1.721198295085154401e-02
-2.431072869543794354e-02
1.345466984940325286e-03
-1.190623876117592782e-03
2.264159447388085797e-04
-9.859646449257608580e-02
1.276659607229307936e-01
1.252319048324633810e-01
1.194708148563792677e-01
-1.194255621689027519e-01
-2.288074022425952980e-01
-3.148196939586293992e-03
6.353237243041810929e-03
9.271658184083474488e-03
1.913858065748115164e-02
-1.496579519974241580e-02
-2.905542628638127164e-02
-1.310317897385190888e-01
1.250868366207062710e-01
2.458870634926662579e-01
2.760194149813400832e-01
-1.012520269751088497e-01
1.364527501901191542e-02
-1.374496550399999760e-02
3.377188063940834116e-03
-4.446848782461586182e-04
-1.320620177263735484e-01
3.430947200673938741e-02
-1.411329216287564026e-01
-1.318575913765208385e-01
7.010978955767564746e-02
1.273557203237702384e-01
-1.055401061951088265e-01
9.920909190532625765e-02
5.998902805827699414e-02
-1.484634828394358098e-02
3.403680038531181618e-02
-7.487546741730069164e-03
3.873931401125488977e-02
-4.614906977419230144e-02
4.813425081656232118e-02
8.392838569403662796e-02
-8.677178551675572560e-02
-1.022996367646998583e-01
1.350189154366897640e-02
5.850989757046057976e-02
5.620321612609994189e-01
1.829471759687858025e-03
-7.310341398730078183e-03
-2.155447079731181645e-02
-1.826365054809697130e-01
4.823920301667369848e-02
-2.923763946724344809e-01
1.666770886524777950e-01
-1.033523945841801767e-01
-2.522407306277234529e-01
-1.374496550399999760e-02
-1.484634828394358098e-02
1.829471759687858025e-03
5.732527076283402620e-03
-4.454830974004040842e-04
9.123785918008719097e-05
3.859213456727232650e-03
7.803985677748539844e-03
-4.053260709286952783e-04
3.969620141564510207e-03
7.477496485088572752e-03
-1.608260329988609382e-03
3.377188063940834116e-03
3.403680038531181618e-02
-7.310341398730078183e-03
-4.344608947337361138e-04
-3.070286175494994080e-02
6.013540897816966116e-03
-1.309210724459120186e-03
1.564063200256634277e-03
-1.109924589646696467e-03
-2.282565226650695028e-03
-1.281423244653375967e-03
2.136253801380293572e-03
-4.446848782461586182e-04
-7.487546741730069164e-03
-2.155447079731181645e-02
1.210672830667239080e-04
5.862320419602504509e-03
1.311620594850004297e-02
2.922250520865196394e-03
1.217443190267069285e-02
3.328429778016147103e-03
-2.947758682214791578e-03
-1.094065440641433205e-02
6.308945930088868601e-03
-1.320620177263735484e-01
3.873931401125488977e-02
-1.826365054809697130e-01
3.859213456727232650e-03
-1.309210724459120186e-03
2.922250520865196394e-03
1.188206225373921732e-01
-3.920291014419464287e-02
1.597456491897829012e-01
8.634301249118039173e-03
9.959207617575465462e-04
1.900837732849402009e-02
3.430947200673938741e-02
-4.614906977419230144e-02
4.823920301667369848e-02
7.803985677748539844e-03
1.564063200256634277e-03
1.217443190267069285e-02
-3.959426267619463313e-02
4.404698159627425114e-02
-5.059008293885410013e-02
-4.098110672182047297e-03
7.835327914992977223e-04
-1.086711281995328578e-02
-1.411329216287564026e-01
4.813425081656232118e-02
-2.923763946724344809e-01
-4.053260709286952783e-04
-1.109924589646696467e-03
3.328429778016147103e-03
1.584719645624532991e-01
-4.949351162714801800e-02
3.175855155743322333e-01
-1.865306132303518050e-02
2.667803693318252043e-03
-2.995933883561733430e-02
-1.318575913765208385e-01
8.392838569403662796e-02
1.666770886524777950e-01
3.969620141564510207e-03
-2.282565226650695028e-03
-2.947758682214791578e-03
8.634301249118039173e-03
-4.098110672182047297e-03
-1.865306132303518050e-02
1.188252078582583415e-01
-7.896096653115146358e-02
-1.440408133541592473e-01
7.010978955767564746e-02
-8.677178551675572560e-02
-1.033523945841801767e-01
7.477496485088572752e-03
-1.281423244653375967e-03
-1.094065440641433205e-02
9.959207617575465462e-04
7.835327914992977223e-04
2.667803693318252043e-03
-7.840613772948480664e-02
8.643920784074204944e-02
1.121775294723664912e-01
1.273557203237702384e-01
-1.022996367646998583e-01
-2.522407306277234529e-01
-1.608260329988609382e-03
2.136253801380293572e-03
6.308945930088868601e-03
1.900837732849402009e-02
-1.086711281995328578e-02
-2.995933883561733430e-02
-1.438439120674839533e-01
1.107719078883936392e-01
2.754919212536668938e-01
2.737688519456513148e-01
-1.052071749694855896e-01
1.261106621593424508e-02
-1.187407243599997858e-02
1.860267244967947053e-03
-2.188476182656787662e-04
-1.303173611883211847e-01
3.676633462206556346e-02
-1.384564627705569539e-01
-1.293225752870859335e-01
6.750290167667381824e-02
1.246837370134981637e-01
-1.069878298134855354e-01
9.954399530801547047e-02
5.476985758615970229e-02
-1.297699800999328398e-02
3.246849410558846905e-02
-6.137818185747605411e-03
3.979158631213602915e-02
-4.572804420450431867e-02
4.933687984150027933e-02
7.985245307896975120e-02
-8.100854935051603201e-02
-9.733326030580911892e-02
1.290817072322201012e-02
5.378262225250440842e-02
5.593049093629992585e-01
1.526385073373617189e-03
-5.977234059747613647e-03
-1.771001007308848837e-02
-1.794454047790738915e-01
5.321237867110263642e-02
-2.866970817841745789e-01
1.639541661964851460e-01
-1.008534434662510249e-01
-2.486295363213979204e-01
-1.187407243599997858e-02
-1.297699800999328398e-02
1.526385073373617189e-03
4.985073477165013686e-03
3.715428871844302918e-04
-6.414534540421159160e-04
3.633234366177281148e-03
6.682271571484960961e-03
3.639341712117428107e-04
3.497591190348892445e-03
6.303786555521127821e-03
-1.787048592167792731e-03
1.860267244967947053e-03
3.246849410558846905e-02
-5.977234059747613647e-03
3.077512985177634480e-04
-3.224577565033164006e-02
5.214547796554110798e-03
-1.631462948218184283e-03
1.692161217434346755e-03
-2.441808300626231547e-03
-2.112212667544028765e-03
-1.011573994098015480e-03
3.193677585118704157e-03
-2.188476182656787662e-04
-6.137818185747605411e-03
-1.771001007308848837e-02
-3.033697346425094253e-05
5.083720521042265662e-03
1.095480114866669193e-02
2.982427613772274493e-03
1.013921852008248768e-02
3.827350118388382627e-03
-2.923443343382544149e-03
-9.078776804323214142e-03
5.761371130749126310e-03
-1.303173611883211847e-01
3.979158631213602915e-02
-1.794454047790738915e-01
3.633234366177281148e-03
-1.631462948218184283e-03
2.982427613772274493e-03
1.185561772927027496e-01
-4.125299373741447145e-02
1.592778167141801482e-01
8.690670252736867191e-03
8.494234436105047503e-04
1.893173332550915355e-02
3.676633462206556346e-02
-4.572804420450431867e-02
5.321237867110263642e-02
6.682271571484960961e-03
1.692161217434346755e-03
1.013921852008248768e-02
-4.159214953808114401e-02
4.176876609779683197e-02
-5.399681166984369313e-02
-3.757789366638258910e-03
1.111708867270249420e-03
-1.071062884106873357e-02
-1.384564627705569539e-01
4.933687984150027933e-02
-2.866970817841745789e-01
3.639341712117428107e-04
-2.441808300626231547e-03
3.827350118388382627e-03
1.590411854844221429e-01
-5.346223597026789065e-02
3.163628529803323985e-01
-1.860134852025933927e-02
3.256438841427182224e-03
-2.995615058000708486e-02
-1.293225752870859335e-01
7.985245307896975120e-02
1.639541661964851460e-01
3.497591190348892445e-03
-2.112212667544028765e-03
-2.923443343382544149e-03
8.690670252736867191e-03
-3.757789366638258910e-03
-1.860134852025933927e-02
1.183192856169632823e-01
-7.747972445269768471e-02
-1.454049335350313388e-01
6.750290167667381824e-02
-8.100854935051603201e-02
-1.008534434662510249e-01
6.303786555521127821e-03
-1.011573994098015480e-03
-9.078776804323214142e-03
8.494234436105047503e-04
1.111708867270249420e-03
3.256438841427182224e-03
-7.712571902503102816e-02
8.061915580203730947e-02
1.107205638791872310e-01
1.246837370134981637e-01
-9.733326030580911892e-02
-2.486295363213979204e-01
-1.787048592167792731e-03
3.193677585118704157e-03
5.761371130749126310e-03
1.893173332550915355e-02
-1.071062884106873357e-02
-2.995615058000708486e-02
-1.446845797877284179e-01
1.094546981934355068e-01
2.782728443656666828e-01
1.326430010743502086e+00
-4.326341891843329401e-01
3.575922639926669144e-01
-1.735315855431999843e+00
-1.147762568400038062e-02
-1.147762568399989663e-02
-2.234153342980000068e-01
7.420336488771664962e-01
-4.367367473426666535e-01
2.387643389499964283e-02
2.243199921054998824e-01
-1.969835574300000600e-02
1.376232954266666808e-01
-4.585097578503335991e-01
7.449985972510000387e-01
2.387643389500012855e-02
-1.969835574299999906e-02
2.201224090991665272e-01
-1.735315855431999843e+00
2.387643389499964283e-02
2.387643389500012855e-02
1.326430010743502086e+00
-4.326341891843328291e-01
-3.575922639926669699e-01
-1.147762568400038062e-02
2.243199921054998824e-01
-1.969835574299999906e-02
-2.234153342979999235e-01
7.420336488771663852e-01
4.367367473426665980e-01
-1.147762568399989663e-02
-1.969835574300000600e-02
2.201224090991665272e-01
-1.376232954266667363e-01
4.585097578503335991e-01
7.449985972510000387e-01
2.733975774736668862e-01
-1.591148320333315774e-03
5.509798133333461184e-05
-2.782353898750000165e-01
-1.473952100000498820e-04
-1.473952099999832578e-04
-2.321682331666650133e-03
3.840579801666662088e-03
-3.743998925333334813e-03
-1.249692995000499258e-04
-5.921877529000003394e-03
7.929627199999988323e-05
1.903547613333336384e-03
-4.466844715999999937e-03
3.011185624666667341e-03
-1.249692994999833016e-04
7.929627199999988323e-05
-7.321677005000003409e-03
-2.782353898750000165e-01
-1.249692995000499258e-04
-1.249692994999833016e-04
2.733975774736668862e-01
-1.591148320333282597e-03
-5.509798133333506585e-05
-1.473952100000498820e-04
-5.921877529000003394e-03
7.929627199999988323e-05
-2.321682331666617173e-03
3.840579801666661221e-03
3.743998925333334813e-03
-1.473952099999832578e-04
7.929627199999988323e-05
-7.321677005000003409e-03
-1.903547613333337035e-03
4.466844715999999937e-03
3.011185624666667341e-03
1.260552257933351093e-02
5.109833493333323451e-04
-3.839026573333340704e-04
1.589118873800000886e-02
1.307504980000072055e-04
1.307504979999977730e-04
1.963490733333248930e-05
2.077291909033326944e-02
-8.434840928022880745e-05
4.958500000697074067e-08
-2.205586136300001499e-02
-1.751820000001186507e-07
-2.952736766666652833e-05
-8.719478133333335220e-05
2.521675014099991965e-02
4.958499999753374146e-08
-1.751820000001506527e-07
-2.438618837100000464e-02
1.589118873800000886e-02
4.958500000697074067e-08
4.958499999753374146e-08
1.260552257933351093e-02
5.109833493333313693e-04
3.839026573333340704e-04
1.307504980000072055e-04
-2.205586136300001499e-02
-1.751820000001506527e-07
1.963490733333148641e-05
2.077291909033326944e-02
8.434840928022884811e-05
1.307504979999977730e-04
-1.751820000001186507e-07
-2.438618837100000464e-02
2.952736766666651816e-05
8.719478133333335220e-05
2.521675014099991965e-02
3.844054677413330623e+00
6.946116877000763253e-03
-1.972101154966670114e-02
-5.113027842682003943e+00
2.262881088249897241e-02
2.262881088250037406e-02
-1.437407762806655054e-01
-5.966845663036650649e-01
-3.090498531666673477e-03
3.541695367349895207e-02
6.332558623985002910e-01
2.270513484749998173e-02
-1.248958602103337340e-01
1.915655433999971643e-03
-6.040886324460014167e-01
3.541695367350035373e-02
2.270513484749998867e-02
6.308555287685001511e-01
-5.113027842682003943e+00
3.541695367349895207e-02
3.541695367350035373e-02
3.844054677413330623e+00
6.946116877000219417e-03
1.972101154966670114e-02
2.262881088249897241e-02
6.332558623985002910e-01
2.270513484749998867e-02
-1.437407762806660605e-01
-5.966845663036650649e-01
3.090498531666671309e-03
2.262881088250037406e-02
2.270513484749998173e-02
6.308555287685001511e-01
1.248958602103337340e-01
-1.915655433999987039e-03
-6.040886324460014167e-01
2.281738322814866660e+00
-1.341551055735229828e-02
-1.202201330325235532e-02
-2.617666119334999042e+00
3.412073110499475731e-03
3.412073110500178728e-03
-6.575557462018998683e-03
-3.015508017938644536e-01
6.918743104642976344e-03
-5.409340353500526923e-03
2.484161854805001235e-01
-1.285816791499998528e-03
1.067071779047902395e-02
1.278583706053545120e-02
-2.659016739810003416e-01
-5.409340353499823492e-03
-1.285816791500000913e-03
2.591919273505000620e-01
-2.617666119334999042e+00
-5.409340353500526923e-03
-5.409340353499823492e-03
2.281738322814866660e+00
-1.341551055735261573e-02
1.202201330325235358e-02
3.412073110499475731e-03
2.484161854805001235e-01
-1.285816791500000913e-03
-6.575557462019314403e-03
-3.015508017938644536e-01
-6.918743104642978078e-03
3.412073110500178728e-03
-1.285816791499998528e-03
2.591919273505000620e-01
-1.067071779047902569e-02
-1.278583706053544947e-02
-2.659016739810003416e-01
-7.596845186587518339e-02
-1.078232123399005735e-04
1.298369542302293738e-04
9.747535804200006815e-02
-3.891719999654397710e-07
-4.728880000114878768e-07
-1.656217571732383255e-04
9.407219293037492880e-02
-1.616218736811950477e-04
-4.309659999654395164e-07
-9.066514859250002223e-02
8.075000000032893180e-09
2.913838338970932895e-04
-1.616220325160827814e-04
9.553247045116632086e-02
-5.165210000114877752e-07
8.075000000032883254e-09
-9.012694550150003592e-02
9.747535804200006815e-02
-4.309659999654395164e-07
-5.165210000114877752e-07
-7.596845186587539156e-02
-1.078232122118887417e-04
-1.298369542301076993e-04
-3.891719999654397710e-07
-9.066514859250002223e-02
8.075000000032883254e-09
-1.656217570452264936e-04
9.407219293037513697e-02
1.616218736812927886e-04
-4.728880000114878768e-07
8.075000000032893180e-09
-9.012694550150003592e-02
-2.913838338969716420e-04
1.616220325163021426e-04
9.553247045116632086e-02
-7.850108325817990729e-02
-1.607059989891489182e-04
1.692650952160249379e-04
1.197983513079999979e-01
-4.410734999653212094e-07
-5.631350000114722868e-07
1.260894511775164002e-04
7.692551602334625482e-02
-2.099049762009391913e-04
-4.827099999653213189e-07
-6.898592096750005842e-02
9.102000000087829419e-09
-1.230838702911564561e-04
-3.283910161208874285e-04
7.983258945816636143e-02
-6.100100000114723674e-07
9.102000000087817838e-09
-6.755031919250006900e-02
1.197983513079999979e-01
-4.827099999653213189e-07
-6.100100000114723674e-07
-7.850108325818000443e-02
-1.607059986070550933e-04
-1.692650952155089119e-04
-4.410734999653212094e-07
-6.898592096750005842e-02
9.102000000087817838e-09
1.260894515596102251e-04
7.692551602334633809e-02
2.099049762013553081e-04
-5.631350000114722868e-07
9.102000000087829419e-09
-6.755031919250006900e-02
1.230838702919637530e-04
3.283910161205848277e-04
7.983258945816636143e-02
-8.354997698860849864e-02
7.798408091146174565e-06
-6.763470997496647872e-06
8.078644952300008397e-02
-1.010409999812005649e-07
-9.045950000629296856e-08
7.613111759114673345e-05
2.097023591594209327e-02
-3.727877921605491387e-09
-9.661799998120055240e-08
-2.155345083899999972e-02
5.628999999973622348e-09
-7.504426683163024545e-05
-2.559424596335627995e-09
2.314747281616662267e-02
-9.820750000629296620e-08
5.628999999973620694e-09
-2.198405633500001219e-02
8.078644952300008397e-02
-9.661799998120055240e-08
-9.820750000629296620e-08
-8.354997698860856803e-02
7.798407996769038522e-06
6.763470997496644484e-06
-1.010409999812005649e-07
-2.155345083899999972e-02
5.628999999973620694e-09
7.613111749676959063e-05
2.097023591594216960e-02
3.727877927712607208e-09
-9.045950000629296856e-08
5.628999999973622348e-09
-2.198405633500001219e-02
7.504426683163024545e-05
2.559424664097286048e-09
2.314747281616662267e-02
-7.970946084369406881e-02
1.286843196193020534e-05
-1.192954699902224796e-05
7.769532449700004839e-02
-1.135184999816533838e-07
-1.069645000061554196e-07
3.863286946285962521e-04
1.945195881786082950e-02
-4.769446192388534158e-09
-1.181839999816533670e-07
-2.217959623200000188e-02
4.585999999960228002e-09
2.255526672158630291e-07
-2.678287083025832142e-09
2.338855401266660625e-02
-1.194815000061554118e-07
4.360999999960224333e-09
-2.282893959300000275e-02
7.769532449700004839e-02
-1.181839999816533670e-07
-1.194815000061554118e-07
-7.970946084369409657e-02
1.286843196187403012e-05
1.192954699902224796e-05
-1.135184999816533838e-07
-2.217959623200000188e-02
4.360999999960224333e-09
3.863286946285401447e-04
1.945195881786083644e-02
4.769446192395293051e-09
-1.069645000061554196e-07
4.585999999960228002e-09
-2.282893959300000275e-02
-2.255526672158630821e-07
2.678287083025704343e-09
2.338855401266660625e-02
6.571554014163998314e-01
2.155777436747265629e-04
6.523087453905095047e-04
-6.658048559909994779e-01
1.517725499880440512e-06
1.517725500039880912e-06
-7.867785459919398325e-04
1.257915056693444632e-02
6.199982349252705031e-04
-4.524945001195604102e-07
-1.495483743199999514e-02
-9.274999999971523815e-09
-5.919912938508601393e-04
5.770340053640129769e-04
7.748253342333350988e-03
-4.524944999601197987e-07
-9.274999999972006888e-09
-1.449492462499998510e-02
-6.658048559909994779e-01
-4.524945001195604102e-07
-4.524944999601197987e-07
6.571554014163998314e-01
2.155777436746476330e-04
-6.523087453905096131e-04
1.517725499880440512e-06
-1.495483743199999514e-02
-9.274999999972006888e-09
-7.867785459920187624e-04
1.257915056693444632e-02
-6.199982349252703947e-04
1.517725500039880912e-06
-9.274999999971523815e-09
-1.449492462499998510e-02
5.919912938508601393e-04
-5.770340053640130853e-04
7.748253342333350988e-03
-5.498156114333334170e-03
-6.788049366667472581e-05
-3.372781816666673782e-05
4.542496330099998758e-02
-2.322079999809730564e-07
-2.322080000063444990e-07
-5.289598933334175229e-05
3.845542596133341706e-02
1.921211300000003470e-05
2.216755500019028635e-06
-5.815402099799996116e-02
1.084299999999784590e-08
-7.563172500000032322e-05
1.921070866666669755e-05
5.071399282133352143e-02
2.216755499993656610e-06
1.084299999999844644e-08
-5.818605015899999677e-02
4.542496330099998758e-02
2.216755500019028635e-06
2.216755499993656610e-06
-5.498156114333334170e-03
-6.788049366666934546e-05
3.372781816666673105e-05
-2.322079999809730564e-07
-5.815402099799996116e-02
1.084299999999844644e-08
-5.289598933333637193e-05
3.845542596133341706e-02
-1.921211300000003809e-05
-2.322080000063444990e-07
1.084299999999784590e-08
-5.818605015899999677e-02
7.563172500000032322e-05
-1.921070866666670771e-05
5.071399282133352143e-02
-9.542131757683341986e-02
6.480543333257960073e-07
2.160561666666685631e-07
9.609124061399994254e-02
-3.288474999767956585e-07
-3.288475000077277136e-07
6.491036666591299305e-07
2.771709075366672603e-02
-3.246446483333314696e-05
-3.257434999767956858e-07
-3.022673675400004700e-02
3.975000000006955787e-09
2.178208333333329603e-07
-4.001166666666670996e-09
2.810535872450001249e-02
-3.257435000077277408e-07
3.975000000006956614e-09
-3.011263492000004413e-02
9.609124061399994254e-02
-3.257434999767956858e-07
-3.257435000077277408e-07
-9.542131757683341986e-02
6.480543333107158562e-07
-2.160561666666725335e-07
-3.288474999767956585e-07
-3.022673675400004700e-02
3.975000000006956614e-09
6.491036666440497794e-07
2.771709075366672603e-02
3.246446483333314696e-05
-3.288475000077277136e-07
3.975000000006955787e-09
-3.011263492000004413e-02
-2.178208333333329603e-07
4.001166666666644526e-09
2.810535872450001249e-02
-8.491500232250008551e-02
-1.621733653333397730e-04
1.628949055000002740e-04
8.606623585400001442e-02
-2.462974999804172988e-07
-2.710830000065160586e-07
6.113830799999362927e-05
1.902229431233333490e-02
-2.306166666656699707e-09
-2.521544999804172962e-07
-2.053824989600003259e-02
1.984000000011792053e-09
-6.041029949999999517e-05
-2.088690166666667992e-06
1.950892476499994921e-02
-2.765880000065160804e-07
1.984000000011790399e-09
-2.034503347600002954e-02
8.606623585400001442e-02
-2.521544999804172962e-07
-2.765880000065160804e-07
-8.491500232250008551e-02
-1.621733653333524853e-04
-1.628949055000002740e-04
-2.462974999804172988e-07
-2.053824989600003259e-02
1.984000000011790399e-09
6.113830799998090345e-05
1.902229431233333490e-02
2.306166666636751006e-09
-2.710830000065160586e-07
1.984000000011792053e-09
-2.034503347600002954e-02
6.041029949999999517e-05
2.088690166666675192e-06
1.950892476499994921e-02
3.672174137324000665e+00
-6.729426887407351510e-01
-6.215054742814125621e-01
-4.277976003734003108e+00
-7.650977008000869710e-03
-7.650977007999727394e-03
-1.174322398213067720e+00
6.709923325229938396e-01
-3.934453059763282079e-01
1.448731610999913835e-02
4.071431180184998944e-01
2.015162708349999693e-02
-1.002672861825826267e+00
-2.973030839987668705e-01
-1.137545698623332185e-01
1.448731611000027460e-02
2.015162708350000040e-02
3.697449427966666424e-01
-4.277976003734003108e+00
1.448731610999913835e-02
1.448731611000027460e-02
3.672174137324000665e+00
-6.729426887407368163e-01
6.215054742814127842e-01
-7.650977008000869710e-03
4.071431180184998944e-01
2.015162708350000040e-02
-1.174322398213069274e+00
6.709923325229948388e-01
3.934453059763279303e-01
-7.650977007999727394e-03
2.015162708349999693e-02
3.697449427966666424e-01
1.002672861825826267e+00
2.973030839987662599e-01
-1.137545698623332185e-01
2.068653542283670266e+00
-1.260685655599956545e-02
-7.741219161666685819e-03
-2.073083174714000165e+00
-6.837835300041852969e-05
-6.837835299985992163e-05
-1.663678384332916435e-03
-1.709597554926669261e-01
-6.527202324555557954e-03
-2.999326570004184119e-04
2.055447821265000974e-01
4.032596845000006218e-04
1.207200497333346233e-03
-2.770060648555554717e-03
-1.977482956720003349e-01
-2.999326569998597767e-04
4.032596845000005676e-04
2.156560384844999900e-01
-2.073083174714000165e+00
-2.999326570004184119e-04
-2.999326569998597767e-04
2.068653542283670266e+00
-1.260685655599983954e-02
7.741219161666686686e-03
-6.837835300041852969e-05
2.055447821265000974e-01
4.032596845000005676e-04
-1.663678384333190739e-03
-1.709597554926669261e-01
6.527202324555557086e-03
-6.837835299985992163e-05
4.032596845000006218e-04
2.156560384844999900e-01
-1.207200497333346017e-03
2.770060648555555151e-03
-1.977482956720003349e-01
-2.397494642883330959e-02
-2.791153933333602536e-05
2.808082333333298430e-05
1.282628664900000055e-02
-2.109014899999522334e-05
-2.109014900000167096e-05
-1.636008733333363049e-04
1.561582895916664021e-02
5.113219000000002450e-06
1.171220350000486775e-05
-1.349574076700000257e-02
1.219999999953583200e-10
1.638214144999991864e-04
-3.086666666566354155e-10
1.317802542299996264e-02
1.171220349999842013e-05
1.220000000033925960e-10
-1.349656252300000109e-02
1.282628664900000055e-02
1.171220350000486775e-05
1.171220349999842013e-05
-2.397494642883330959e-02
-2.791153933334087717e-05
-2.808082333333298430e-05
-2.109014899999522334e-05
-1.349574076700000257e-02
1.220000000033925960e-10
-1.636008733333411567e-04
1.561582895916664021e-02
-5.113219000000005838e-06
-2.109014900000167096e-05
1.219999999953583200e-10
-1.349656252300000109e-02
-1.638214144999991864e-04
3.086666666365730803e-10
1.317802542299996264e-02
-3.014026560183325973e-02
-2.786917066666968714e-05
2.809108249999967295e-05
2.447987756700003084e-02
-8.689199999343784530e-08
-8.689200000218743095e-08
2.292947133333301797e-04
1.404055982316668519e-02
5.112149333333336115e-06
-8.749349999343783914e-08
-1.124279220800000235e-02
2.609999999999391281e-10
-2.290560148333326386e-04
4.165811699999998643e-05
1.175548590166668184e-02
-8.749350000218742479e-08
2.609999999999389730e-10
-1.124361390600000371e-02
2.447987756700003084e-02
-8.749349999343783914e-08
-8.749350000218742479e-08
-3.014026560183325973e-02
-2.786917066667509460e-05
-2.809108249999967295e-05
-8.689199999343784530e-08
-1.124279220800000235e-02
2.609999999999389730e-10
2.292947133333247858e-04
1.404055982316668519e-02
-5.112149333333339503e-06
-8.689200000218743095e-08
2.609999999999391281e-10
-1.124361390600000371e-02
2.290560148333326386e-04
-4.165811699999995933e-05
1.175548590166668184e-02
2.053300911447559773e+00
4.407976028478509563e-03
3.721624248644125020e-03
-1.666050892730000621e+00
8.645466739996910191e-04
8.645466740001041001e-04
4.882014199145187812e-03
-2.802162682488931744e-02
-2.609263075814942986e-03
1.532860609996907408e-04
1.583462455850004683e-02
-3.034190398999999250e-03
4.108901713823435997e-03
-2.688029529933319648e-03
-6.394513006499985552e-02
1.532860610001037405e-04
-3.034201257999998794e-03
2.077693877450001447e-02
-1.666050892730000621e+00
1.532860609996907408e-04
1.532860610001037405e-04
1.617570390347836451e+00
4.050827781216372742e-02
-1.599393738691606143e-02
8.645466739996910191e-04
1.583462455850004683e-02
-3.034201257999998794e-03
-7.819129286502961296e-03
8.221418249533471445e-02
4.426236070681605593e-04
8.645466740001041001e-04
-3.034190398999999250e-03
2.077693877450001447e-02
1.702596600342016694e-02
-4.630095348732485684e-04
-3.477443934249981744e-02
-2.982701984371946904e-02
-5.204978133969418106e-07
-1.378945280730021884e-06
-1.117333729909999046e-01
1.066375424999951242e-04
-1.066467554999981011e-04
1.628392076866039620e-04
8.854212360088607736e-02
6.546922817998336434e-05
4.892003684999954565e-04
-8.759430638250007006e-02
1.352872184999999341e-04
1.539672913338225430e-04
-4.390210872424608474e-09
8.999102035700010105e-02
-4.892003684999984923e-04
1.352890654999999265e-04
-8.727056258250007192e-02
-1.117333729909999046e-01
4.892003684999954565e-04
-4.892003684999984923e-04
-3.237712923191611580e-02
-2.885918424409079290e-04
-2.974105534597003926e-04
1.066375424999951242e-04
-8.759430638250007006e-02
1.352890654999999265e-04
7.551145702257555919e-04
8.697782308674936735e-02
2.319169574550473273e-04
-1.066467554999981011e-04
1.352872184999999341e-04
-8.727056258250007192e-02
7.153130570585015599e-04
1.539801969154941776e-04
8.833618520549993414e-02
-7.139910908590496597e-02
2.904511845908216061e-05
2.058099591058863597e-05
-1.365373722799996699e-02
2.277391800001109088e-05
2.276614699999618904e-05
3.993561176257482965e-04
7.596344384773856540e-02
5.143781358890093689e-06
4.049894725000109815e-04
-7.417985090750001120e-02
1.494577239999999555e-04
-9.428576466611048338e-05
-2.636302302591388522e-09
7.842772076166681927e-02
4.049866209999959752e-04
1.478236130000000416e-04
-7.480081512150001111e-02
-1.365373722799996699e-02
4.049894725000109815e-04
4.049866209999959752e-04
-6.998133885407109567e-02
2.044125541163867071e-04
1.960044322099625922e-04
2.277391800001109088e-05
-7.417985090750001120e-02
1.478236130000000416e-04
-4.461452025502810775e-04
7.537880698990458150e-02
1.616215292494401477e-04
2.276614699999618904e-05
1.494577239999999555e-04
-7.480081512150001111e-02
-5.387620157900102798e-04
1.616218173691893437e-04
7.509119575249997847e-02
-8.945350404400120858e-02
-1.520436271916039293e-06
2.109408883616644868e-06
8.592801354000011160e-02
-1.316894043981590838e-06
-6.677477217939549127e-06
-4.495678271916036971e-06
2.148525843700141089e-02
2.029828882404699616e-06
-3.477260213883409123e-07
-2.168741071765382944e-02
-1.049531072692278660e-04
5.335657488359631086e-06
-8.019171798813769115e-07
2.164975355549989336e-02
-1.793899602548664455e-06
-1.049531072692296008e-04
-2.163969092384613810e-02
8.592801354000011160e-02
-3.477260213883409123e-07
-1.793899602548664455e-06
-8.817123955160920123e-02
1.536738926308332194e-05
-1.802998308929275070e-07
-1.316894043981590838e-06
-2.168741071765382944e-02
-1.049531072692296008e-04
-4.963762257024999762e-05
2.006170835994235818e-02
2.681830740536463458e-09
-6.677477217939549127e-06
-1.049531072692278660e-04
-2.163969092384613810e-02
-5.048512632882429550e-05
4.977941751288802419e-09
1.986003858299992611e-02
3.499551355545001963e-01
-1.977877433666642808e-03
9.819894920000023231e-04
-4.417667211219998835e-01
-1.542366324000078162e-03
-1.542366323999973211e-03
-1.363275671999978397e-03
1.366145314300000989e-02
-2.630514746819444423e-03
7.478029174999215175e-04
-1.393612194500000630e-02
3.227509049999998243e-05
3.085485096666664047e-03
-2.760482881433334174e-03
2.186747335049997812e-02
7.478029175000264683e-04
-4.982070999999454469e-06
-8.801642202999997167e-03
-4.417667211219998835e-01
7.478029174999215175e-04
7.478029175000264683e-04
4.145045471951674387e-01
-7.653849964666634663e-03
6.845256109666669059e-03
-1.542366324000078162e-03
-1.393612194500000630e-02
-4.982070999999454469e-06
-3.414984783666634872e-03
3.899649980550000394e-02
-2.619562773960782808e-03
-1.542366323999973211e-03
3.227509049999998243e-05
-8.801642202999997167e-03
5.501204800000009804e-04
-4.988278699933332283e-03
1.936947749933329993e-02
1.945382174149993815e-01
-8.378181589999900885e-04
-2.007271669999985647e-04
-2.262437786110000348e-01
2.868408274999641790e-04
2.868408275000133476e-04
-1.611141274666654183e-03
2.700079467933329952e-02
-1.795049659113562290e-03
7.446077584999620524e-04
-2.622254854100001739e-02
-3.776299749999984477e-05
2.553560876999987680e-03
-1.716083640766665830e-03
3.203758259449996509e-02
7.446077585000112752e-04
-3.776643349999973549e-05
-2.379136727400001441e-02
-2.262437786110000348e-01
7.446077584999620524e-04
7.446077585000112752e-04
2.251610348941665563e-01
-3.117385164333325454e-03
3.008288487166659465e-03
2.868408274999641790e-04
-2.622254854100001739e-02
-3.776643349999973549e-05
-4.092644325666652816e-03
5.127189895033332223e-02
-2.781552474627449825e-03
2.868408275000133476e-04
-3.776299749999984477e-05
-2.379136727400001441e-02
2.915637476999989423e-03
-2.878241984599999755e-03
3.130051104883329466e-02
-1.401787073350001592e-02
1.807596049999719091e-05
-1.073286983333319939e-05
1.129667185000000212e-02
4.517740155000069869e-04
4.517740154999965786e-04
3.999623099999641518e-05
3.228844136033331980e-02
-3.885374292802287657e-04
-1.670111929999921585e-04
-3.090771495699998553e-02
2.360815550000013924e-05
9.908792966666702176e-05
-3.151381622666666465e-04
3.342006028883330593e-02
-1.670111930000025126e-04
1.232285525000000081e-04
-3.019944201899998210e-02
1.129667185000000212e-02
-1.670111929999921585e-04
-1.670111930000025126e-04
-1.250605870000002931e-03
-1.279643918999994823e-03
8.991249083333336311e-04
4.517740155000069869e-04
-3.090771495699998553e-02
1.232285525000000081e-04
-1.181049971333331030e-03
2.738755719849996981e-02
2.073486875705881759e-03
4.517740154999965786e-04
2.360815550000013924e-05
-3.019944201899998210e-02
5.208069559999974410e-04
7.916101247333332458e-04
2.724683381299997098e-02
-2.197847921580021666e-02
-2.194034510053807126e-05
2.212778622719807213e-05
2.231660514800000092e-02
5.161070987720985317e-18
-8.882816806796773059e-08
-1.769068726720459441e-05
5.453811491966883279e-03
-1.915687042340116273e-06
3.839589873453685867e-10
-5.716138043999998038e-03
1.887637450000007044e-04
1.787707899999851384e-05
1.345353156785434538e-11
5.641242613666687215e-03
-9.470493252640907778e-08
1.887636060000012599e-04
-5.716137696999998991e-03
2.231660514800000092e-02
3.839589873453685867e-10
-9.470493252640907778e-08
-2.219552980200002398e-02
1.449989999948884608e-07
-4.678066666666666456e-08
5.161070987720985317e-18
-5.716138043999998038e-03
1.887636060000012599e-04
1.452309999948884062e-07
5.625375803333351396e-03
2.333333333324740046e-12
-8.882816806796773059e-08
1.887637450000007044e-04
-5.716137696999998991e-03
-4.689000000000001158e-08
2.333333333324719851e-12
5.579305817166686429e-03
-3.518955875700137681e-01
-1.180490182060084381e+00
2.025117591110405790e-01
-5.294320169040006574e-01
6.299988725132399381e-01
-1.690054156499082583e-01
7.461348183791481903e-01
2.443334748921810906e+00
-2.614925178900454616e-01
-1.702629169692081224e+00
5.385357720948030114e+00
5.602205530444275272e-01
8.515543243496709325e-02
4.894695754562937706e-01
-9.136578695064256905e-02
2.902360826155224505e+00
-8.441250563939501461e+00
1.113349714108732735e+00
3.890602755416749936e-01
1.107326364724204204e+00
8.568825659880000556e-01
-4.031817097946386458e-02
-7.635986978264248937e-02
1.824238263063727439e-01
-3.198242255737182016e-01
1.059164742142426396e+00
9.054449962925175122e-01
-5.294320169040006574e-01
8.515543243496709325e-02
-4.031817097946386458e-02
4.977133786421528150e-01
-2.768864197494796953e-02
4.199462450941906372e-04
-3.555623078464962283e-01
9.773009843625457549e-02
1.123597296034985725e-02
6.299988725132399381e-01
4.894695754562937706e-01
-7.635986978264248937e-02
-1.639139726161449595e-02
-2.500510992439848312e-01
3.154381467574403353e-02
-1.233936207078058650e-01
2.629909354740629368e-01
1.121048418975747474e-01
-1.690054156499082583e-01
-9.136578695064256905e-02
1.824238263063727439e-01
3.681899991014196682e-03
4.625963464946097892e-02
1.802395951666677792e-02
1.442185400513482443e-02
8.963297715566729412e-03
1.545667351919330079e-01
7.461348183791481903e-01
2.902360826155224505e+00
-3.198242255737182016e-01
-3.555623078464962283e-01
-1.233936207078058650e-01
1.442185400513482443e-02
-1.068300631347524621e-01
-9.716820003791339921e-01
-5.546862110584907524e-02
2.443334748921810906e+00
-8.441250563939501461e+00
1.059164742142426396e+00
9.773009843625457549e-02
2.629909354740629368e-01
8.963297715566729412e-03
-1.624734006020799537e+00
6.463065959519421533e+00
-5.415029221289463512e-01
-2.614925178900454616e-01
1.113349714108732735e+00
9.054449962925175122e-01
1.123597296034985725e-02
1.121048418975747474e-01
1.545667351919330079e-01
7.154380419560016913e-01
-6.554181402655837596e-01
1.075268533848333208e+00
2.694353453438240176e-01
-4.860956847081650545e-01
2.187049292354366625e-01
-3.638299535430003506e-01
1.352065495346101986e-01
-7.707344416745894045e-02
9.917847243443289607e-02
9.987556494527105588e-01
-2.563947774640372712e-01
-4.075728843508314991e-01
3.399207324821174048e+00
-1.907036340049010348e-01
3.499642302646185921e-02
8.242010805053040512e-02
-2.576065425460717997e-02
1.194021804778216289e+00
-3.332983739725580818e+00
8.973397023896206859e-01
1.503163905380740795e-01
-3.491828887280924998e-01
2.732230625073340802e-01
-1.044488894007567122e-02
-3.493707049710714080e-02
2.096443206987873287e-02
-3.020683110377467839e-01
8.936833402388275616e-01
-9.749032535377914754e-02
-3.638299535430003506e-01
3.499642302646185921e-02
-1.044488894007567122e-02
4.598604232723725316e-01
-6.040628305502551698e-02
1.943497432617659337e-02
-6.277541331264376023e-02
3.198991772857560228e-02
-1.307443502944822047e-02
1.352065495346101986e-01
8.242010805053040512e-02
-3.493707049710714080e-02
-7.980303436602548262e-02
-1.148074284937059264e-01
2.185757649533961317e-02
-7.385874709335846222e-02
-3.065393395973074406e-02
-2.101419290567928862e-03
-7.707344416745894045e-02
-2.576065425460717997e-02
2.096443206987873287e-02
1.775443062669931210e-02
1.990366386140185462e-02
-5.186978658666682902e-03
2.127283976643886548e-02
9.682068270579373415e-03
1.007326779104118601e-02
9.917847243443289607e-02
1.194021804778216289e+00
-3.020683110377467839e-01
-6.277541331264376023e-02
-7.385874709335846222e-02
2.127283976643886548e-02
9.316656695881648798e-01
-1.373127666020595772e+00
9.241502255272926458e-02
9.987556494527105588e-01
-3.332983739725580818e+00
8.936833402388275616e-01
3.198991772857560228e-02
-3.065393395973074406e-02
9.682068270579373415e-03
-9.622183275709280670e-01
2.842664512919677922e+00
-6.117765390033067519e-01
-2.563947774640372712e-01
8.973397023896206859e-01
-9.749032535377914754e-02
-1.307443502944822047e-02
-2.101419290567928862e-03
1.007326779104118601e-02
3.671937267471705457e-01
-6.406825299705808385e-01
5.755707907343332597e-01
4.274354524264262212e-01
-1.073630858565106233e-02
2.426989212168468441e-02
-4.421270942909996116e-01
1.005787621228274899e-02
-1.336570017442584822e-02
-3.652798308708205682e-02
-1.732387482715577395e-02
2.568213725254986368e-02
6.095564440682164735e-03
8.829232957857434394e-02
-2.928636067852560809e-02
-1.598219345785399344e-03
-1.366886982302756466e-02
1.990571281153994884e-02
-1.636562695517356425e-03
-3.877394326331891350e-02
5.320078254866868889e-02
3.278135696915828595e-02
-5.121736473490626218e-02
6.342026718766659299e-02
2.281851487994499515e-03
1.997182177303994180e-02
-3.053726480597244303e-02
2.842141455829247897e-03
5.393058461594069097e-02
-8.312789317559902968e-02
-4.421270942909996116e-01
-1.598219345785399344e-03
2.281851487994499515e-03
4.684055833179066597e-01
4.916744258951420872e-03
2.702091167693290025e-03
-1.495792284814727703e-03
3.724068432778699896e-04
-2.815849459256245923e-04
1.005787621228274899e-02
-1.366886982302756466e-02
1.997182177303994180e-02
3.914889159618092571e-03
1.676282629909354310e-02
-2.039342764635138083e-02
-2.073788146503141236e-02
-2.261453371307048401e-05
8.106066083642766637e-04
-1.336570017442584822e-02
1.990571281153994884e-02
-3.053726480597244303e-02
1.224016673471344310e-03
-1.895485921869561469e-02
3.176960434433327013e-02
3.051995233484658399e-02
9.481958694997512632e-04
-2.508362284722054510e-04
-3.652798308708205682e-02
-1.636562695517356425e-03
2.842141455829247897e-03
-1.495792284814727703e-03
-2.073788146503141236e-02
3.051995233484658399e-02
3.715389803532047341e-02
1.108237330775320613e-02
-1.642592836603465681e-02
-1.732387482715577395e-02
-3.877394326331891350e-02
5.393058461594069097e-02
3.724068432778699896e-04
-2.261453371307048401e-05
9.481958694997512632e-04
1.103303801908654506e-02
3.281059357601286142e-02
-3.324092291983879455e-02
2.568213725254986368e-02
5.320078254866868889e-02
-8.312789317559902968e-02
-2.815849459256245923e-04
8.106066083642766637e-04
-2.508362284722054510e-04
-1.738255861022192789e-02
-2.497545585856437295e-02
4.938297683349997941e-02
4.430607865386302358e-01
-2.619040567462421060e-02
2.265591028266355708e-02
-6.206439665209997347e-01
2.220115447592018072e-03
-4.963903850470876428e-03
-2.373050377623988141e-02
-2.855215919259971452e-03
4.282318049263343640e-03
-1.907373233662422798e-02
6.053335927837110580e-02
-6.675585461287176364e-03
4.590390903589049360e-04
-6.654529833494151475e-03
1.330374124632653990e-02
6.853636926246326790e-03
-1.383104991829685500e-02
1.660193582641306120e-02
3.101646360958178889e-02
-2.960422344015934196e-02
4.725127189799991495e-02
-1.895964269649325854e-03
1.486269929332654192e-02
-2.388529822750582593e-02
-1.152196895567599542e-02
1.554626445097482754e-02
-3.174508062046325213e-02
-6.206439665209997347e-01
4.590390903589049360e-04
-1.895964269649325854e-03
4.658690244240858980e-01
4.505357765864255459e-04
2.011352912873208554e-03
-2.173452568414695066e-04
3.115292296538728009e-04
-7.335745174942278832e-04
2.220115447592018072e-03
-6.654529833494151475e-03
1.486269929332654192e-02
-2.411332041413578268e-03
1.231726123991301949e-02
-1.733576469795224811e-02
-1.588927470142212361e-02
-1.648563387235202696e-03
-1.535266356884730943e-03
-4.963903850470876428e-03
1.330374124632653990e-02
-2.388529822750582593e-02
1.915447456207590611e-03
-1.637361284437198125e-02
3.086759578566662665e-02
2.699638933858543657e-02
-1.962581880366201514e-03
-6.314296019233150937e-04
-2.373050377623988141e-02
6.853636926246326790e-03
-1.152196895567599542e-02
-2.173452568414695066e-04
-1.588927470142212361e-02
2.699638933858543657e-02
2.360775484305001684e-02
1.082022808831718808e-03
-1.426628707431424128e-02
-2.855215919259971452e-03
-1.383104991829685500e-02
1.554626445097482754e-02
3.115292296538728009e-04
-1.648563387235202696e-03
-1.962581880366201514e-03
-1.422888761682672421e-04
9.776647856449997148e-03
-2.184834163829786624e-02
4.282318049263343640e-03
1.660193582641306120e-02
-3.174508062046325213e-02
-7.335745174942278832e-04
-1.535266356884730943e-03
-6.314296019233150937e-04
-1.135020524543309955e-02
-7.631924084497283302e-03
2.005976855699998646e-02
-7.100884921003355332e-01
-1.022435161613344523e-01
3.243006513103324773e-01
5.038609987450000105e-01
9.148964044512958305e-03
-2.070573019696657011e-02
-1.881694452885198099e-01
2.466921139733493362e-01
3.263096188050602642e-01
-1.492881884849063256e-01
-2.309374872219482344e-01
-3.352384367888747718e-01
-3.621399303183336915e-01
3.508351812399336467e+00
3.262029113444343764e+00
-8.531707553386893086e-03
-3.620155239054095642e+00
-3.982878207765015777e+00
-3.812540063765024190e-02
3.262335769482434533e-01
2.495172319477589711e-03
2.380964724152277376e-02
3.055081770991978085e-01
-2.347319190197462869e-03
-1.113751138790004813e-01
2.979073295624343309e+00
2.552327478359662560e+00
-4.547539621446766191e-03
-3.697722054901015465e+00
-2.750299805922904461e+00
2.023190788618605129e-01
-2.010517269618302683e-01
-7.157116672822383396e-02
-2.028513263552083334e-01
-1.930895312894266858e-01
-9.129599545829188145e-02
5.038609987450000105e-01
-8.531707553386893086e-03
-4.547539621446766191e-03
5.019341830259996806e-01
6.750856228206658649e-01
5.965458330416649746e-01
-2.000511034054216434e-03
-4.463368576407814731e-02
4.260901336432115771e-02
2.804663292624900647e-02
5.576454816362936412e-02
8.602026410399379874e-02
9.148964044512958305e-03
-3.620155239054095642e+00
-3.697722054901015465e+00
6.472105213816655711e-01
3.116291279486334442e+00
7.792975643099975258e-01
4.568010192736674663e-02
-5.893038735856775956e-02
-9.671294182727899202e-02
-3.855883859673391728e-02
-3.440369458742782716e-02
-4.191312974749144410e-02
-2.070573019696657011e-02
-3.982878207765015777e+00
-2.750299805922904461e+00
-5.902242980733325706e-02
7.288869724726650956e-01
2.278193595934993265e+00
-9.800897818473867928e-03
5.501687302971214333e-02
2.332861053678865829e-02
-5.105863931796554567e-02
-1.368827509969450110e-03
-7.354999011154464590e-03
-1.881694452885198099e-01
-3.812540063765024190e-02
2.023190788618605129e-01
-2.000511034054216434e-03
4.568010192736674663e-02
-9.800897818473867928e-03
2.938684883172910101e-01
3.042245444845753655e-02
-1.938007638981932568e-01
-3.871270949793669675e-02
1.988915736839967988e-02
3.220954616946915261e-02
2.466921139733493362e-01
3.262335769482434533e-01
-2.010517269618302683e-01
-4.463368576407814731e-02
-5.893038735856775956e-02
5.501687302971214333e-02
-2.008170473654233984e-02
-1.506528673089581605e-01
-5.909644611503368783e-02
-2.170297128669732359e-02
-3.883011094983911116e-02
6.619418209024191535e-02
3.263096188050602642e-01
2.495172319477589711e-03
-7.157116672822383396e-02
4.260901336432115771e-02
-9.671294182727899202e-02
2.332861053678865829e-02
-1.949173053099320374e-01
-5.426746225890730774e-02
1.530877185243334215e-01
-3.372063838719136647e-02
5.794869020756918815e-02
3.790690613177578883e-02
-1.492881884849063256e-01
2.380964724152277376e-02
-2.028513263552083334e-01
2.804663292624900647e-02
-3.855883859673391728e-02
-5.105863931796554567e-02
-3.871270949793669675e-02
-2.170297128669732359e-02
-3.372063838719136647e-02
2.942174473813101709e-01
-1.388971826079318794e-02
1.943681543246774113e-01
-2.309374872219482344e-01
3.055081770991978085e-01
-1.930895312894266858e-01
5.576454816362936412e-02
-3.440369458742782716e-02
-1.368827509969450110e-03
1.988915736839967988e-02
-3.883011094983911116e-02
5.794869020756918815e-02
1.352490625873378760e-03
-1.535686357896438037e-01
-4.568525383778958282e-02
-3.352384367888747718e-01
-2.347319190197462869e-03
-9.129599545829188145e-02
8.602026410399379874e-02
-4.191312974749144410e-02
-7.354999011154464590e-03
3.220954616946915261e-02
6.619418209024191535e-02
3.790690613177578883e-02
1.968326633448415353e-01
-5.486961199048812771e-02
1.506541662383333591e-01
3.204475138151092750e-01
-6.970544645770095082e-02
4.609624133084811587e-02
-2.473890772800001192e-02
1.993174496923907565e-02
-6.500003060632930825e-03
-1.270464151687518140e-01
4.187898422395933129e-03
-1.392595134283257097e-01
-1.253402952924378977e-01
8.458229106793464791e-02
1.060956480567653987e-01
-7.639061530503422903e-02
3.604295516505583996e-01
4.833891092926870248e-02
-2.391207085543838734e-02
-1.929689442478740025e-01
4.824311293299955034e-02
1.432579319487765381e-02
-4.678209278651304648e-02
9.377524764413752711e-03
1.197131209634319376e-01
-1.329952557765016752e-01
-1.235780086765497499e-01
5.373214851801502712e-02
5.692199683272340660e-02
5.742006933926664392e-01
6.592905472040397688e-03
4.717256064499951440e-02
-6.763647844612623306e-02
-1.846668838711645888e-01
-8.440948653281496808e-03
-2.921869629997347895e-01
1.371764255221297191e-01
-1.052406083786119606e-01
-2.032112393370603121e-01
-2.473890772800001192e-02
-2.391207085543838734e-02
6.592905472040397688e-03
2.351584230028551381e-02
-9.292218606095793004e-03
-5.972213389155954510e-04
1.720639455594433860e-03
1.949929984829705878e-02
-9.919989939671032542e-03
1.537506792256147520e-03
2.207522442810363680e-02
-5.138205518628715350e-03
1.993174496923907565e-02
-1.929689442478740025e-01
4.717256064499951440e-02
-6.594574222429119142e-03
1.964617037013806911e-01
-6.544312543356517464e-02
-1.865798773229166568e-03
-4.601662359253699992e-03
1.141570126180553157e-03
-1.090497699652043283e-03
-2.484254537945625868e-02
8.423478709795786251e-03
-6.500003060632930825e-03
4.824311293299955034e-02
-6.763647844612623306e-02
3.577854867664760456e-03
-5.756602639363225804e-02
8.901757775300005171e-02
1.160340987921355772e-03
3.458572743955285606e-02
-1.227377835534075590e-02
-2.675894435689871393e-04
-2.580642622454976109e-02
8.624709222700090508e-03
-1.270464151687518140e-01
1.432579319487765381e-02
-1.846668838711645888e-01
1.720639455594433860e-03
-1.865798773229166568e-03
1.160340987921355772e-03
1.197781244544955798e-01
-1.540595401631926313e-02
1.640296500010859360e-01
8.225139719422298878e-03
1.562677673499842648e-03
1.931210484930014418e-02
4.187898422395933129e-03
-4.678209278651304648e-02
-8.440948653281496808e-03
1.949929984829705878e-02
-4.601662359253699992e-03
3.458572743955285606e-02
-1.660510372631926121e-02
5.074298429350442008e-02
-1.195388658085742156e-02
-9.706351146540791869e-03
1.016621784925441534e-04
-1.895448396030575966e-02
-1.392595134283257097e-01
9.377524764413752711e-03
-2.921869629997347895e-01
-9.919989939671032542e-03
1.141570126180553157e-03
-1.227377835534075590e-02
1.654544867569623101e-01
-1.047154039082966864e-02
3.263122668990001141e-01
-1.591555688402831320e-02
-6.291318925370447106e-04
-2.840526250541482861e-02
-1.253402952924378977e-01
1.197131209634319376e-01
1.371764255221297191e-01
1.537506792256147520e-03
-1.090497699652043283e-03
-2.675894435689871393e-04
8.225139719422298878e-03
-9.706351146540791869e-03
-1.591555688402831320e-02
1.237621329571010204e-01
-1.088513593307195854e-01
-1.267239189716122538e-01
8.458229106793464791e-02
-1.329952557765016752e-01
-1.052406083786119606e-01
2.207522442810363680e-02
-2.484254537945625868e-02
-2.580642622454976109e-02
1.562677673499842648e-03
1.016621784925441534e-04
-6.291318925370447106e-04
-1.181228012963862484e-01
1.573765681575657327e-01
1.324026591380589313e-01
1.060956480567653987e-01
-1.235780086765497499e-01
-2.032112393370603121e-01
-5.138205518628715350e-03
8.423478709795786251e-03
8.624709222700090508e-03
1.931210484930014418e-02
-1.895448396030575966e-02
-2.840526250541482861e-02
-1.241605585352412167e-01
1.352518693088218815e-01
2.230146729643331660e-01
2.753682067468803396e-01
-1.053955213253115752e-01
1.373791917977254182e-02
-1.366025690449998789e-02
3.326412296089945042e-03
-4.315246062458215261e-04
-1.316201360059516823e-01
3.475790951873850010e-02
-1.408316076588234100e-01
-1.314148693722617667e-01
7.013917478513224946e-02
1.270936225999048097e-01
-1.051994390216448583e-01
9.660386071011849152e-02
5.987201049470283060e-02
-1.521295639075212307e-02
3.451583991844524302e-02
-7.247264800941779703e-03
3.882611614132004674e-02
-4.639101773617856916e-02
4.776700932668170169e-02
8.411743873097109192e-02
-8.652155002434949727e-02
-1.020030014877895547e-01
1.398755834131906739e-02
6.048516897910428264e-02
5.628740847653315171e-01
1.973350194593213956e-03
-7.236723462941789531e-03
-2.041517304444524783e-02
-1.823208822118823347e-01
4.872426176138597298e-02
-2.918179244038696662e-01
1.663548855906443191e-01
-1.032706256493460262e-01
-2.518174463083887038e-01
-1.366025690449998789e-02
-1.521295639075212307e-02
1.973350194593213956e-03
6.550479314841687987e-03
-1.330052993945593878e-04
8.280449944717265410e-05
3.881946682183104111e-03
7.653714161843381408e-03
-4.549480988266519353e-04
3.823860933256191617e-03
7.446151648301325629e-03
-1.478571370696219736e-03
3.326412296089945042e-03
3.451583991844524302e-02
-7.236723462941789531e-03
-2.506358000612255235e-04
-3.437469877417503872e-02
5.867928225285626645e-03
-1.403316398565552679e-03
1.833329482177242873e-03
-9.974724203364901225e-04
-1.913898349412999217e-03
-6.735293383395990355e-04
1.858768074718813177e-03
-4.315246062458215261e-04
-7.247264800941779703e-03
-2.041517304444524783e-02
1.076954624555994679e-04
6.012321514743008792e-03
1.263760330166668715e-02
3.216362078759351425e-03
1.217131942500094231e-02
3.351793112639656763e-03
-2.690063173381214683e-03
-1.101350075071325790e-02
6.028896562083408198e-03
-1.316201360059516823e-01
3.882611614132004674e-02
-1.823208822118823347e-01
3.881946682183104111e-03
-1.403316398565552679e-03
3.216362078759351425e-03
1.184547492545464514e-01
-3.912596568108834411e-02
1.598767146958954000e-01
8.759334562708307598e-03
8.572908399385644742e-04
1.907228958906709987e-02
3.475790951873850010e-02
-4.639101773617856916e-02
4.872426176138597298e-02
7.653714161843381408e-03
1.833329482177242873e-03
1.217131942500094231e-02
-3.911695956842167754e-02
4.299569457145348966e-02
-5.015293955172953760e-02
-3.968622109317248604e-03
6.974566864063130259e-04
-1.073448015197313830e-02
-1.408316076588234100e-01
4.776700932668170169e-02
-2.918179244038696662e-01
-4.549480988266519353e-04
-9.974724203364901225e-04
3.351793112639656763e-03
1.599988902832480409e-01
-4.885989867366975076e-02
3.187486094679988224e-01
-1.857798684659405647e-02
2.734149570277036485e-03
-2.997381030111462979e-02
-1.314148693722617667e-01
8.411743873097109192e-02
1.663548855906443191e-01
3.823860933256191617e-03
-1.913898349412999217e-03
-2.690063173381214683e-03
8.759334562708307598e-03
-3.968622109317248604e-03
-1.857798684659405647e-02
1.194011217468704533e-01
-7.824988304035052078e-02
-1.446698474687336256e-01
7.013917478513224946e-02
-8.652155002434949727e-02
-1.032706256493460262e-01
7.446151648301325629e-03
-6.735293383395990355e-04
-1.101350075071325790e-02
8.572908399385644742e-04
6.974566864063130259e-04
2.734149570277036485e-03
-7.830177946768385189e-02
8.577110793812935119e-02
1.115182441306270394e-01
1.270936225999048097e-01
-1.020030014877895547e-01
-2.518174463083887038e-01
-1.478571370696219736e-03
1.858768074718813177e-03
6.028896562083408198e-03
1.907228958906709987e-02
-1.073448015197313830e-02
-2.997381030111462979e-02
-1.447532883224081635e-01
1.111740382069355548e-01
2.758849712423332989e-01
4.861597596858984183e+00
-1.125564817633318559e-01
-7.945137953833358857e-02
-5.368516668999002484e+00
-1.651168580350109716e-02
-1.651168580349961224e-02
-2.513914552526657076e-01
-5.497542374199996251e-01
4.166116671499998231e-02
1.253923017149889685e-02
6.891866102525001647e-01
1.033844570666662705e-03
-1.784116998263337583e-01
3.895223062941663428e-02
-6.019628919483349661e-01
1.253923017150038004e-02
1.033844570666670078e-03
7.225246257239998915e-01
-5.368516668999002484e+00
1.253923017149889685e-02
1.253923017150038004e-02
4.861597596858984183e+00
-1.125564817633325221e-01
7.945137953833357469e-02
-1.651168580350109716e-02
6.891866102525001647e-01
1.033844570666670078e-03
-2.513914552526663737e-01
-5.497542374199996251e-01
-4.166116671499998925e-02
-1.651168580349961224e-02
1.033844570666662705e-03
7.225246257239998915e-01
1.784116998263337583e-01
-3.895223062941665509e-02
-6.019628919483349661e-01
-1.477282711521651637e-01
1.108864867045158308e-06
1.633209815684300806e-04
1.457151021890000231e-01
-4.432859999636820228e-07
-5.693990000121344638e-07
1.124212867045157395e-06
5.130511464166542801e-02
-1.629558499138613768e-04
-4.715609999636821883e-07
-5.199012257900002126e-02
1.499999997130588316e-11
3.653062364603842557e-07
-1.629573459820480295e-04
5.190621553966681678e-02
-5.730570000121347471e-07
1.499999997130347917e-11
-5.245749640000002545e-02
1.457151021890000231e-01
-4.715609999636821883e-07
-5.730570000121347471e-07
-1.477282711521651637e-01
1.108864867064978032e-06
-1.633209815684300806e-04
-4.432859999636820228e-07
-5.199012257900002126e-02
1.499999997130347917e-11
1.124212867064977330e-06
5.130511464166542801e-02
1.629558499138614039e-04
-5.693990000121344638e-07
1.499999997130588316e-11
-5.245749640000002545e-02
-3.653062364603680032e-07
1.629573459820480295e-04
5.190621553966681678e-02
-9.448064065498902597e-02
7.118960490566259292e-07
2.433506102601385960e-07
8.899631865499997574e-02
2.930065000204290158e-07
2.930064999931630782e-07
6.807599554905690361e-05
2.570786410032234806e-02
-6.322394959265751346e-07
1.937135000204288427e-07
-2.221176002949998632e-02
1.499999997217981564e-11
-6.716019988969243188e-05
-6.323301211029202872e-07
2.525820395933340082e-02
1.937134999931628256e-07
1.499999997215549459e-11
-2.266678345049998392e-02
8.899631865499997574e-02
1.937135000204288427e-07
1.937134999931628256e-07
-9.444993838198927072e-02
7.122119238320479654e-07
-2.446131102585009262e-07
2.930065000204290158e-07
-2.221176002949998632e-02
1.499999997215549459e-11
6.807608409049898540e-05
2.570786410032261868e-02
6.322371617074435856e-07
2.930064999931630782e-07
1.499999997217981564e-11
-2.266678345049998392e-02
6.716012688969242542e-05
6.323301210516802996e-07
2.525820395933340082e-02
-7.941048882103680928e-02
6.624908994820034936e-07
2.376263342093663816e-07
7.974657512499998269e-02
-5.042509999822630308e-07
-5.042510000060179640e-07
6.803269773281555026e-05
1.987435549120326883e-02
-1.303673664747512834e-09
-5.986734999822630149e-07
-1.680853186099999161e-02
7.704999998940945945e-10
-6.206373333248205182e-05
-1.287202568796892614e-09
1.948238916800002635e-02
-5.986735000060179480e-07
7.704999998940714335e-10
-1.853718436899999197e-02
7.974657512499998269e-02
-5.986734999822630149e-07
-5.986735000060179480e-07
-7.941048882103686479e-02
6.624908098321746343e-07
-2.376263342093675727e-07
-5.042509999822630308e-07
-1.680853186099999161e-02
7.704999998940714335e-10
6.803269764316573220e-05
1.987435549120333128e-02
1.303673664532946733e-09
-5.042510000060179640e-07
7.704999998940945945e-10
-1.853718436899999197e-02
6.206373333248205182e-05
1.287202624837702480e-09
1.948238916800002635e-02
2.715837077990793880e+00
-2.526110926979373630e-02
-1.006599161319365887e-02
-2.598658925702999944e+00
-1.566321204550051235e-02
-1.566321204549982540e-02
-1.992633150879375217e-02
5.983426400053985794e-02
1.031099097924748076e-02
8.960482459994849802e-04
2.133522737404998093e-01
1.561735375716666492e-02
2.974905835439371760e-02
7.305559771139277965e-03
-2.246565852466665958e-01
8.960482460001701959e-04
1.561735375716667013e-02
2.212212694069998209e-01
-2.598658925702999944e+00
8.960482459994849802e-04
8.960482460001701959e-04
2.715837077990793880e+00
-2.526110926979406243e-02
1.006599161319365887e-02
-1.566321204550051235e-02
2.133522737404998093e-01
1.561735375716667013e-02
-1.992633150879407483e-02
5.983426400053985794e-02
-1.031099097924748249e-02
-1.566321204549982540e-02
1.561735375716666492e-02
2.212212694069998209e-01
-2.974905835439372107e-02
-7.305559771139273628e-03
-2.246565852466665958e-01
1.837505951354332812e+00
-3.107386430999657147e-03
-3.307580482333336101e-03
-1.977403417974999522e+00
4.211248499617012126e-06
4.211248500127889883e-06
-1.066178374999654250e-03
-3.749324838783330005e-02
5.041978663333325028e-04
1.235819514996171014e-04
1.074690499710000968e-01
-1.267053549999978876e-05
1.589876373333333264e-04
-1.820221684000008231e-03
-1.162334442883336816e-01
1.235819515001279503e-04
-1.267053549999975996e-05
1.111990040450000217e-01
-1.977403417974999522e+00
1.235819514996171014e-04
1.235819515001279503e-04
1.837505951354332812e+00
-3.107386430999886998e-03
3.307580482333336101e-03
4.211248499617012126e-06
1.074690499710000968e-01
-1.267053549999975996e-05
-1.066178374999883884e-03
-3.749324838783330005e-02
-5.041978663333329365e-04
4.211248500127889883e-06
-1.267053549999978876e-05
1.111990040450000217e-01
-1.589876373333331096e-04
1.820221684000008231e-03
-1.162334442883336816e-01
3.664309309231609801e-01
3.234926367163085283e-05
-7.066686980898510937e-05
-3.573761505929997639e-01
6.461379999382071849e-07
6.461380000206097263e-07
2.271277328382980028e-04
3.388480096117212764e-02
1.210512851137460554e-05
-5.272371900006183682e-05
-2.099070067200001222e-02
1.532900000001514516e-08
-3.678103538467844915e-05
7.025817364450699393e-05
2.484645144700001196e-02
-5.272371899997943745e-05
1.532900000000207240e-08
-2.079821610550000588e-02
-3.573761505929997639e-01
-5.272371900006183682e-05
-5.272371899997943745e-05
3.664309309231608691e-01
3.234926367166396165e-05
7.066686980898509581e-05
6.461379999382071849e-07
-2.099070067200001222e-02
1.532900000000207240e-08
2.271277328383310980e-04
3.388480096117211376e-02
-1.210512851137459707e-05
6.461380000206097263e-07
1.532900000001514516e-08
-2.079821610550000588e-02
3.678103538467844915e-05
-7.025817364450699393e-05
2.484645144700001196e-02
1.437853397912309539e-01
3.454592916403791104e-04
-6.747284412235449287e-06
-1.349389423180001046e-01
1.150704999836521165e-07
1.150705000054634002e-07
-2.619451125262888783e-04
5.590703086143531536e-02
-5.118203480689776004e-05
-3.567203950001632203e-05
-4.594444109949999411e-02
1.703600000001616425e-08
-5.278448492384935433e-05
6.967040941424128588e-06
4.901447270166682524e-02
-3.567203949999451601e-05
1.703600000000740275e-08
-4.571629065549997345e-02
-1.349389423180001046e-01
-3.567203950001632203e-05
-3.567203949999451601e-05
1.437853397912309539e-01
3.454592916404073538e-04
6.747284412235432346e-06
1.150704999836521165e-07
-4.594444109949999411e-02
1.703600000000740275e-08
-2.619451125262606348e-04
5.590703086143530842e-02
5.118203480689776004e-05
1.150705000054634002e-07
1.703600000001616425e-08
-4.571629065549997345e-02
5.278448492384935433e-05
-6.967040941424111648e-06
4.901447270166682524e-02
-2.921552109473851333e-05
3.533563395508370827e-04
-9.350799803301519888e-08
7.858232192000002420e-03
-1.489019999872468260e-07
-1.489020000041984169e-07
-2.830320261158293443e-04
6.041279569376136610e-02
7.870356703187722352e-09
-1.531789999872468318e-07
-6.156613890250006021e-02
6.197500000052427278e-09
-3.292777966468562827e-05
7.930896095427960976e-09
6.238103151566667948e-02
-1.531790000041984227e-07
6.197500000052426451e-09
-6.070958933949999192e-02
7.858232192000002420e-03
-1.531789999872468318e-07
-1.531790000041984227e-07
-2.921552109474289419e-05
3.533563395470732207e-04
9.350799803301568857e-08
-1.489019999872468260e-07
-6.156613890250006021e-02
6.197500000052426451e-09
-2.830320261195931521e-04
6.041279569376137304e-02
-7.870356703181900655e-09
-1.489020000041984169e-07
6.197500000052427278e-09
-6.070958933949999192e-02
3.292777966468562827e-05
-7.930896093377479499e-09
6.238103151566667948e-02
-5.979546281016655945e-02
1.257904434999951651e-04
-1.249969760000009186e-04
7.529910519300007932e-02
5.879881750002257995e-05
5.879881749999248656e-05
-2.449694733333931430e-05
3.828217530250013073e-02
-5.611000000007672680e-09
1.093350740000227259e-04
-4.757170701100003202e-02
1.265000000013561704e-09
5.442854133333349361e-05
-8.521999999996701347e-09
4.618722044783349356e-02
1.093350739999926393e-04
1.265000000025939635e-09
-4.741728390400007376e-02
7.529910519300007932e-02
1.093350740000227259e-04
1.093350739999926393e-04
-5.979546281016655945e-02
1.257904434999831576e-04
1.249969760000009186e-04
5.879881750002257995e-05
-4.757170701100003202e-02
1.265000000025939635e-09
-2.449694733335132523e-05
3.828217530250013073e-02
5.611000000022980484e-09
5.879881749999248656e-05
1.265000000013561704e-09
-4.741728390400007376e-02
-5.442854133333349361e-05
8.521999999990035926e-09
4.618722044783349356e-02
-8.905273446216674382e-02
-1.610181603333401331e-04
1.618169309999998955e-04
9.043070434899984356e-02
-2.707164999789423250e-07
-2.753635000070146928e-07
5.763626666598131393e-07
2.288316366166663965e-02
-4.507666666656765775e-09
-2.813544999789422645e-07
-2.420448939999998370e-02
2.660000000050744549e-10
1.913570000000005137e-07
7.477432333333315989e-06
2.351844865483334462e-02
-2.868550000070146869e-07
2.660000000050717148e-10
-2.412107169299996384e-02
9.043070434899984356e-02
-2.813544999789422645e-07
-2.868550000070146869e-07
-8.905273446216674382e-02
-1.610181603333538482e-04
-1.618169309999998955e-04
-2.707164999789423250e-07
-2.420448939999998370e-02
2.660000000050717148e-10
5.763626666461048640e-07
2.288316366166663965e-02
4.507666666636949009e-09
-2.753635000070146928e-07
2.660000000050744549e-10
-2.412107169299996384e-02
-1.913569999999995872e-07
-7.477432333333315989e-06
2.351844865483334462e-02
3.056460423257837178e+00
-6.669814625963041976e-01
-4.174016396537443829e-01
-2.987311901001999281e+00
-2.722688395850060561e-02
-2.722688395849978335e-02
-1.008162321942636552e+00
7.522572391744986042e-01
-1.529078779695736690e-01
-2.396537525550061082e-02
3.906043002019996546e-01
2.202895337366665707e-02
-6.607097537574936341e-01
-1.151604292276521141e-01
-2.649381666950004766e-01
-2.396537525549978856e-02
2.202895337366665707e-02
3.891201475474997395e-01
-2.987311901001999281e+00
-2.396537525550061082e-02
-2.396537525549978856e-02
3.056460423257837178e+00
-6.669814625963054189e-01
4.174016396537444940e-01
-2.722688395850060561e-02
3.906043002019996546e-01
2.202895337366665707e-02
-1.008162321942637885e+00
7.522572391744998255e-01
1.529078779695734469e-01
-2.722688395849978335e-02
2.202895337366665707e-02
3.891201475474997395e-01
6.607097537574936341e-01
1.151604292276517533e-01
-2.649381666950004766e-01
9.566519474716672633e-02
4.147525700001579023e-05
4.240222400000015349e-05
-9.550451112999996939e-02
2.411189999839765222e-07
2.411190000053183644e-07
-4.386205563333153245e-04
9.837508581499961047e-03
-7.343012766666668733e-05
-2.483071185000014329e-03
-8.274888945999994694e-03
-1.429299999987120401e-08
-4.237940631666680378e-04
-6.226528066666677495e-05
1.088451218016660109e-02
-2.483071184999993512e-03
-1.429300000047943984e-08
-8.655276666999995108e-03
-9.550451112999996939e-02
-2.483071185000014329e-03
-2.483071184999993512e-03
9.566519474716672633e-02
4.147525700000528025e-05
-4.240222400000014672e-05
2.411189999839765222e-07
-8.274888945999994694e-03
-1.429300000047943984e-08
-4.386205563333258413e-04
9.837508581499961047e-03
7.343012766666670089e-05
2.411190000053183644e-07
-1.429299999987120401e-08
-8.655276666999995108e-03
4.237940631666680378e-04
6.226528066666672074e-05
1.088451218016660109e-02
-2.955405485800000065e-02
-4.056425000002423237e-06
4.327014666666713057e-06
3.011828724200000737e-02
-8.700299999271619322e-08
-8.700300000242645981e-08
2.089263333309370343e-07
9.579634404333329037e-03
-1.133333333306837991e-11
-9.111149999271618001e-08
-9.532176398500017550e-03
1.274958688050924393e-21
6.906566666666645019e-08
-7.666666666662436434e-12
9.629903382500000844e-03
-9.111150000242644660e-08
1.273952395776061949e-21
-9.511184845500016138e-03
3.011828724200000737e-02
-9.111149999271618001e-08
-9.111150000242644660e-08
-2.955405485800000065e-02
-4.056425000007215750e-06
-4.327014666666713057e-06
-8.700299999271619322e-08
-9.532176398500017550e-03
1.273952395776061949e-21
2.089263333261445218e-07
9.579634404333329037e-03
1.133333333253847379e-11
-8.700300000242645981e-08
1.274958688050924393e-21
-9.511184845500016138e-03
-6.906566666666645019e-08
7.666666666653978835e-12
9.629903382500000844e-03
-5.414162361744763452e-02
-1.708578111448217285e-04
-1.739537498333430332e-04
-2.543109051299998272e-02
1.676218905000108480e-04
-1.676346975000035839e-04
-6.475143644821827346e-06
8.773441339978085840e-02
8.465487639842907779e-11
-1.666271669999889809e-04
-8.444184385650009561e-02
-3.042000000020591049e-09
-1.536928900002284816e-05
2.046241388166393954e-10
8.755552991033327404e-02
1.666184619999962256e-04
-5.735999999979656365e-09
-8.391883702550009816e-02
-2.543109051299998272e-02
-1.666271669999889809e-04
1.666184619999962256e-04
-6.215732162452988069e-02
-1.651295889073096880e-04
-1.644447124999937916e-04
1.676218905000108480e-04
-8.444184385650009561e-02
-5.735999999979656365e-09
-4.286376174064314366e-05
8.791824106136335304e-02
5.470970285618733587e-11
-1.676346975000035839e-04
-3.042000000020591049e-09
-8.391883702550009816e-02
-1.258530633331013732e-05
1.849182912839709187e-10
8.648148795016662171e-02
-9.237107262284306730e-02
-2.556855671395374973e-04
2.202276581187301979e-04
1.207767590439999955e-01
-8.440973599996924701e-05
-8.446609150001062620e-05
2.621488643604621906e-04
4.654818719701015600e-02
-5.347929014020462110e-05
1.099876125000310569e-04
-4.847160464549997438e-02
4.493173799999995195e-05
1.963658462853825053e-04
-5.347930779911922811e-05
5.305085570600012040e-02
1.099517529999895828e-04
4.493072999999999528e-05
-4.888519266899998827e-02
1.207767590439999955e-01
1.099876125000310569e-04
1.099517529999895828e-04
-1.083743835871423672e-01
8.593476559399278051e-04
8.545929623334558084e-04
-8.440973599996924701e-05
-4.847160464549997438e-02
4.493072999999999528e-05
-3.546264806007394787e-05
4.508711989480957555e-02
5.233078659380393862e-10
-8.446609150001062620e-05
4.493173799999995195e-05
-4.888519266899998827e-02
-2.651773866654044736e-05
6.500109070637127592e-10
4.916000772683350173e-02
-9.215334417992455951e-02
-9.285353401496110326e-05
9.338111807741486287e-05
1.170929671310000086e-01
-5.348042799999718280e-04
-5.348614305000099628e-04
-5.968883918162832300e-05
4.097948992442491944e-02
-4.400818711159744563e-05
8.686584450002880189e-05
-3.979072191749997295e-02
4.493230749999993284e-05
6.055878241075079711e-05
-4.400817201042263874e-05
4.360401740250006292e-02
8.683754449999040652e-05
4.493129950000008459e-05
-3.915487571149998264e-02
1.170929671310000086e-01
8.686584450002880189e-05
8.683754449999040652e-05
-1.009127521223155688e-01
1.092405009400764307e-03
1.076069967000115642e-03
-5.348042799999718280e-04
-3.979072191749997295e-02
4.493129950000008459e-05
4.563619290075841752e-05
3.934168976931577688e-02
4.865014447067804485e-10
-5.348614305000099628e-04
4.493230749999993284e-05
-3.915487571149998264e-02
4.473291750054655762e-05
2.894061220083186544e-09
4.186749407366675835e-02
-1.069894111042946211e-01
5.166767498557029690e-07
1.735998372050039005e-07
1.093323223220000751e-01
-2.994239999734154160e-07
-3.218635000087766796e-07
5.709833083189056691e-06
3.469845648462831222e-02
-3.599163120041204167e-05
-2.840594999734153978e-07
-3.542134988899997561e-02
-9.504178649999993399e-05
-4.898572829460860887e-06
-3.599162654780586727e-05
3.679186496716662508e-02
-2.998030000087767449e-07
-9.504178649999993399e-05
-3.428052736599997846e-02
1.093323223220000751e-01
-2.840594999734153978e-07
-2.998030000087767449e-07
-9.508009143428618193e-02
1.113636033255946704e-03
1.097291790666669311e-03
-2.994239999734154160e-07
-3.542134988899997561e-02
-9.504178649999993399e-05
2.217164558927034806e-05
3.408280771978614704e-02
-1.216885711887604744e-10
-3.218635000087766796e-07
-9.504178649999993399e-05
-3.428052736599997846e-02
2.135055450001023289e-05
5.234411972267255565e-11
3.607093861133332802e-02
1.393822051563333164e-01
-1.448140899666656599e-03
1.125718886666665164e-03
-1.506418119700002611e-01
2.850574999778887046e-07
2.850575000072525840e-07
-3.386435829999947600e-04
3.377124631166659313e-02
-4.229720333066665900e-04
-6.471178050002210011e-05
-3.026179666800004470e-02
3.320883149999989404e-05
5.754206561666663474e-04
-9.463427106250001152e-04
3.181530395049994575e-02
-6.471178049999271823e-05
3.320818749999987203e-05
-3.210004541400004324e-02
-1.506418119700002611e-01
-6.471178050002210011e-05
-6.471178049999271823e-05
1.409957653203335881e-01
-2.585923990000009009e-03
2.583091425333322848e-03
2.850574999778887046e-07
-3.026179666800004470e-02
3.320818749999987203e-05
2.735356660000070315e-04
4.455477458499983862e-02
-2.585327217000000111e-03
2.850575000072525840e-07
3.320883149999989404e-05
-3.210004541400004324e-02
-4.541286703333338574e-04
-1.367569351958333474e-03
3.301553476333325687e-02
-1.440453318216669033e-02
-2.739136966666789807e-05
1.258410166666652371e-05
-8.821098120999997655e-03
-1.060831352499996350e-03
-1.060831352500001554e-03
8.512031256666661213e-04
3.099325607516666484e-02
-1.791030239733333107e-04
-9.814886349999611204e-05
-3.023710357599999204e-02
-1.112965150000001644e-04
-7.752343756666660399e-04
-1.402347199583333878e-04
3.133285482066666683e-02
-9.814886350000123490e-05
-4.692837120000002173e-04
-2.999069215799999091e-02
-8.821098120999997655e-03
-9.814886349999611204e-05
-9.814886350000123490e-05
-4.732897234166663289e-03
-4.670869066000025993e-03
4.075241271666657332e-03
-1.060831352499996350e-03
-3.023710357599999204e-02
-4.692837120000002173e-04
7.739614208166672830e-03
2.595802431149995745e-02
6.708586430000002291e-04
-1.060831352500001554e-03
-1.112965150000001644e-04
-2.999069215799999091e-02
-8.361465119666660478e-03
-1.029841225958333731e-03
2.806261857966665940e-02
-3.569507970683317988e-02
-1.906779933333646839e-05
-4.629487566666664033e-05
3.687896522599998922e-02
1.512859035000095620e-04
1.512859034999968497e-04
-4.019349966666996418e-05
1.390012279300002242e-02
-1.783190697333333636e-05
-8.665249999045885002e-08
-1.506012211649997677e-02
1.274500000022059763e-09
4.281286299999998996e-05
-1.617175862499999582e-05
1.408141870199993567e-02
-8.665250000318599651e-08
1.274499999984984080e-09
-1.515380477849997791e-02
3.687896522599998922e-02
-8.665249999045885002e-08
-8.665250000318599651e-08
-3.444462053016652398e-02
-1.148381666675571746e-06
-5.758500000000051200e-08
1.512859035000095620e-04
-1.506012211649997677e-02
1.274499999984984080e-09
1.618943333244269833e-07
1.403841468900001756e-02
2.403283999999999909e-06
1.512859034999968497e-04
1.274500000022059763e-09
-1.515380477849997791e-02
-5.826033333333339571e-08
-1.070224961008868790e-23
1.420626829833326887e-02
-2.828261031866661016e-02
6.967033333109943988e-08
2.100366666666658535e-08
2.836493351299996038e-02
-3.329949999323477415e-08
-3.329950000225503315e-08
6.030412933333108359e-05
8.193943394666679952e-03
1.286103657684559494e-24
1.482115250000678106e-05
-8.463040465000008783e-03
-2.421000000000913429e-09
-1.480547243333342543e-04
4.166665760092945775e-14
8.155432335500020780e-03
1.482115249999775677e-05
-2.420999999997275075e-09
-8.463040462000007494e-03
2.836493351299996038e-02
1.482115250000678106e-05
1.482115249999775677e-05
-2.766518071899994741e-02
9.194433332672736497e-08
-3.426433333333333092e-08
-3.329949999323477415e-08
-8.463040465000008783e-03
-2.420999999997275075e-09
9.479733332672734426e-08
8.293608352000015130e-03
-6.294255921237693149e-24
-3.329950000225503315e-08
-2.421000000000913429e-09
-8.463040462000007494e-03
-3.224733333333330035e-08
-5.923739032155655776e-24
8.345722779500018215e-03
-2.411341619677293685e-02
-1.121557170648540143e-06
-5.501710208598334713e-06
3.047522370000003977e-02
1.291176989053075185e-09
-9.096937225248505836e-06
1.178737013293516367e-04
6.413855193439572944e-03
6.323026559009438060e-05
6.607594073735122356e-18
-5.519359772000000108e-03
-7.344197800000047335e-05
-1.319069784848148411e-04
-1.006830370152979673e-03
6.919132319500019904e-03
-3.057883275460275140e-08
-7.344197799999960599e-05
-5.519359744000000220e-03
3.047522370000003977e-02
6.607594073735122356e-18
-3.057883275460275140e-08
-2.194751267433337968e-02
-6.119645916667174079e-05
-6.139645733333333293e-05
1.291176989053075185e-09
-5.519359772000000108e-03
-7.344197799999960599e-05
1.471823333282512514e-07
5.714901299333347701e-03
-3.053666666677944345e-09
-9.096937225248505836e-06
-7.344197800000047335e-05
-5.519359744000000220e-03
-1.186909449999998598e-05
1.253333333331153107e-09
5.723910725833349609e-03
-4.971396767942074524e-01
-1.469065645576447476e+00
4.697068750993161901e-01
-3.030479062990005246e-01
5.709416692361198864e-01
-1.519775014299311611e-01
2.731878324401064151e-01
1.751243277296236744e+00
-2.972448762810495082e-01
-1.374686515963113642e+00
5.909373955503365750e+00
-6.039924057047660333e-03
6.001030572388304368e-02
3.092804450462864341e-01
-7.463141340622055087e-02
2.157287680454220258e+00
-5.905712605404283444e+00
1.155113970196122386e+00
4.393038137054241510e-01
2.680030807759014033e-01
7.300067826089993162e-01
-1.848126446779984472e-02
-7.263394988922049211e-02
9.490101851571362823e-02
-3.692111558756483447e-01
1.119933566490363575e+00
5.422710360966648269e-01
-3.030479062990005246e-01
6.001030572388304368e-02
-1.848126446779984472e-02
4.556736995261810863e-01
-1.218888332842059663e-01
2.995236114771647820e-02
-1.386469692104755902e-01
4.488660897827100732e-02
3.130258132315628938e-02
5.709416692361198864e-01
3.092804450462864341e-01
-7.263394988922049211e-02
-1.292254902388726978e-01
-2.560620578531819791e-01
4.234742959290878350e-02
-2.874487969665244780e-01
-2.041173514271208203e-02
-4.556519384329781736e-02
-1.519775014299311611e-01
-7.463141340622055087e-02
9.490101851571362823e-02
2.206057676920616245e-02
4.195603546469257872e-02
-6.296649597999962565e-03
5.010370163239168118e-02
-2.716404445717743310e-02
-3.485794726397897086e-02
2.731878324401064151e-01
2.157287680454220258e+00
-3.692111558756483447e-01
-1.386469692104755902e-01
-2.874487969665244780e-01
5.010370163239168118e-02
5.813688237234604372e-03
-1.776561621174900463e+00
-9.784598435443714326e-02
1.751243277296236744e+00
-5.905712605404283444e+00
1.119933566490363575e+00
4.488660897827100732e-02
-2.041173514271208203e-02
-2.716404445717743310e-02
-1.572795738239898267e+00
7.175938979364277159e+00
-1.195138804745557559e+00
-2.972448762810495082e-01
1.155113970196122386e+00
5.422710360966648269e-01
3.130258132315628938e-02
-4.556519384329781736e-02
-3.485794726397897086e-02
4.617250391021023304e-01
-1.126528073002555530e+00
9.943799509206668885e-01
4.312359419059748622e-01
1.821958478446086827e-03
1.492243375596381816e-02
-4.408290313059995968e-01
1.199809067290563344e-02
-1.934036489857821409e-02
-3.417458672036143702e-02
-5.287810638505191854e-03
7.392932062163580335e-03
2.195826900711268445e-02
7.687938273302528935e-02
-3.641834438483742414e-02
-1.899128452639343686e-03
-1.403323813264424798e-02
1.969896025703658099e-02
8.315142369126865551e-03
-1.712032697998044223e-02
2.192877462154017160e-02
2.164968709217241286e-02
-4.363773464652313805e-02
8.285111015299986836e-02
2.928395927574996283e-03
1.994196183303657832e-02
-3.055184167635574544e-02
-1.275714370616448136e-02
2.231028334412128722e-02
-3.516347436465811632e-02
-4.408290313059995968e-01
-1.899128452639343686e-03
2.928395927574996283e-03
4.697270885740922330e-01
4.328644446989839654e-03
1.403817960040541334e-03
-3.231206127748709103e-03
7.565261485493600824e-04
-1.116309542602174788e-03
1.199809067290563344e-02
-1.403323813264424798e-02
1.994196183303657832e-02
3.278043374323178372e-03
1.779192402307534088e-02
-1.851747491075013408e-02
-2.072641848510241303e-02
-1.984646649131480839e-03
6.913301248269598407e-04
-1.934036489857821409e-02
1.969896025703658099e-02
-3.055184167635574544e-02
-6.078029402177178697e-04
-1.843673056305398725e-02
3.021716926166658282e-02
3.085293267809191900e-02
6.207714926512560493e-04
-3.344910244119824166e-03
-3.417458672036143702e-02
8.315142369126865551e-03
-1.275714370616448136e-02
-3.231206127748709103e-03
-2.072641848510241303e-02
3.085293267809191900e-02
3.631015914410215539e-02
8.861958220487013704e-03
-2.031668270005878782e-02
-5.287810638505191854e-03
-1.712032697998044223e-02
2.231028334412128722e-02
7.565261485493600824e-04
-1.984646649131480839e-03
6.207714926512560493e-04
6.110000954487012845e-03
3.200063715589789026e-02
-4.171430707253589304e-02
7.392932062163580335e-03
2.192877462154017160e-02
-3.516347436465811632e-02
-1.116309542602174788e-03
6.913301248269598407e-04
-3.344910244119824166e-03
-1.643376917952146105e-02
-2.459340203948087028e-02
4.942724318566656810e-02
4.188591895694976364e-01
-2.307469349000020736e-02
1.945116541988359260e-02
-6.140593949094993453e-01
5.973904397024748947e-04
-2.748577242309870180e-04
-2.849630350249281185e-02
-4.195089793255748351e-03
6.594278054296423552e-03
5.466859999333125060e-03
5.510918586316911755e-02
-1.886146726125301903e-02
-1.588771355970003743e-04
-9.465587583754252535e-03
1.193387574721890311e-02
5.370978549869204199e-03
-1.725270255470013475e-02
2.078242462881551081e-02
3.008105756655353111e-02
-2.955944951288386538e-02
5.415580557800003109e-02
-1.278109131313146267e-03
1.156478341571890237e-02
-2.248941647724574111e-02
-8.446585920182653542e-03
2.097595031281654365e-02
-3.943368576080704541e-02
-6.140593949094993453e-01
-1.588771355970003743e-04
-1.278109131313146267e-03
4.680463489249968578e-01
2.993646996439709371e-03
2.542499689703849736e-03
-5.297060290010424666e-03
3.008697826973297414e-03
-4.688671378322035316e-03
5.973904397024748947e-04
-9.465587583754252535e-03
1.156478341571890237e-02
1.067827971063747567e-04
1.336118470267026390e-02
-1.435838441132356209e-02
-1.233133862946127202e-02
-1.773120281386405487e-03
3.516687227573714325e-03
-2.748577242309870180e-04
1.193387574721890311e-02
-2.248941647724574111e-02
2.000328789407082239e-03
-1.466503385936673669e-02
3.061694318366657910e-02
2.091155503019060530e-02
2.368182088678465105e-03
-6.630221836603182074e-03
-2.849630350249281185e-02
5.370978549869204199e-03
-8.446585920182653542e-03
-5.297060290010424666e-03
-1.233133862946127202e-02
2.091155503019060530e-02
2.199447088530458172e-02
-4.831220663808205237e-03
-1.356330997324157496e-02
-4.195089793255748351e-03
-1.725270255470013475e-02
2.097595031281654365e-02
3.008697826973297414e-03
-1.773120281386405487e-03
2.368182088678465105e-03
-6.224028951141538299e-03
1.230772185052876264e-02
-3.118829093813445252e-02
6.594278054296423552e-03
2.078242462881551081e-02
-3.943368576080704541e-02
-4.688671378322035316e-03
3.516687227573714325e-03
-6.630221836603182074e-03
-5.298958850941135577e-03
-5.360385747082453689e-03
3.253047273866664646e-02
4.483733652667742375e-01
-1.896219833127161733e-02
2.202493194682384609e-02
-4.651885097174993655e-01
6.755548230616587567e-03
-1.201363841902708569e-02
-2.337361231758453353e-02
-1.820592235319988322e-03
2.956302626152569960e-03
-1.195742398960493447e-02
3.285581541589274041e-02
-1.324739953916031880e-02
4.612851066136803668e-04
-1.078273709375102488e-02
1.420179471101157102e-02
7.612073387059522037e-03
-8.497882773340105500e-03
8.466356838666961801e-03
3.204994175425966707e-02
-1.705294832247114881e-02
3.013680725316669057e-02
-1.553934581083275335e-03
1.424374006501156857e-02
-3.072940900924897578e-02
-1.382398086980985916e-02
8.185706387762755123e-03
-2.008935841607538408e-02
-4.651885097174993655e-01
4.612851066136803668e-04
-1.553934581083275335e-03
4.689851847804704099e-01
6.447488078514980459e-04
2.936414701299798653e-03
-1.090027258399516117e-03
2.853327664195715041e-03
-3.833015004445913636e-03
6.755548230616587567e-03
-1.078273709375102488e-02
1.424374006501156857e-02
-1.293746731481821861e-03
1.004473290886318676e-02
-1.442751696764572357e-02
-1.134295282203788384e-02
7.354046781574286994e-04
2.099340428564951209e-03
-1.201363841902708569e-02
1.420179471101157102e-02
-3.072940900924897578e-02
3.363452504937507453e-03
-1.443566673663204680e-02
2.975305359766655666e-02
2.140279044846299036e-02
2.062653823469305994e-03
-2.346248389757910405e-03
-2.337361231758453353e-02
7.612073387059522037e-03
-1.382398086980985916e-02
-1.090027258399516117e-03
-1.134295282203788384e-02
2.140279044846299036e-02
1.673988022500490225e-02
-5.359295018433784911e-03
-2.734405825274361518e-03
-1.820592235319988322e-03
-8.497882773340105500e-03
8.185706387762755123e-03
2.853327664195715041e-03
7.354046781574286994e-04
2.062653823469305994e-03
-4.953387562100449587e-03
2.013508424661748265e-03
-6.632323101851610343e-03
2.956302626152569960e-03
8.466356838666961801e-03
-2.008935841607538408e-02
-3.833015004445913636e-03
2.099340428564951209e-03
-2.346248389757910405e-03
3.525823503087003891e-03
5.555346089600043599e-03
-3.574446946833304255e-03
4.624736513242763136e-01
-7.911742191984802441e-03
2.418079217946977194e-02
-5.007651924970005775e-01
5.136076658241510613e-03
-1.490243386179316600e-02
-5.244547295773473866e-03
4.366210916972191464e-03
-1.102395342968072109e-02
3.006220610348538189e-03
2.600131777558133649e-03
1.181215824466803638e-03
8.902462290444437040e-04
-4.198613157462284876e-03
9.895222173676446881e-03
9.424422172372777518e-03
2.873801492767721205e-03
-1.250262307381922594e-02
2.193585533221910355e-02
-1.743565163991137382e-03
1.091318133499998575e-03
-2.173670779607305738e-03
9.877727146676449840e-03
-2.531692403903770469e-02
-2.324028506054980070e-02
-1.217793374299266582e-02
3.062848039650571327e-02
-5.007651924970005775e-01
8.902462290444437040e-04
-2.173670779607305738e-03
4.616889016487263908e-01
-3.344796175284971140e-03
4.035133369966734974e-03
2.388933983409492930e-03
9.652485215889876433e-04
-2.660023978624264599e-03
5.136076658241510613e-03
-4.198613157462284876e-03
9.877727146676449840e-03
-2.296168421284986404e-03
4.045274814108009050e-03
-9.327455838178757425e-03
-3.933049669367601371e-03
-1.052494194116533784e-03
-2.315491859870072531e-03
-1.490243386179316600e-02
9.895222173676446881e-03
-2.531692403903770469e-02
2.794478887957228992e-03
-9.119666339985977102e-03
2.246311298499984940e-02
9.958261879684231210e-03
-2.379900568139826315e-03
3.848162978707038179e-03
-5.244547295773473866e-03
9.424422172372777518e-03
-2.324028506054980070e-02
2.388933983409492930e-03
-3.933049669367601371e-03
9.958261879684231210e-03
3.450913149471624645e-03
-3.330792636734272467e-03
1.042639608682803358e-02
4.366210916972191464e-03
2.873801492767721205e-03
-1.217793374299266582e-02
9.652485215889876433e-04
-1.052494194116533784e-03
-2.379900568139826315e-03
-3.344124117900938546e-03
-3.472417211804940552e-03
1.158396655881074877e-02
-1.102395342968072109e-02
-1.250262307381922594e-02
3.062848039650571327e-02
-2.660023978624264599e-03
-2.315491859870072531e-03
3.848162978707038179e-03
1.005784161738540114e-02
1.287584343012566218e-02
-3.210964071916672796e-02
4.651296873618321892e-01
-4.489627451066685593e-02
5.791925229933336111e-02
6.813278875149997305e-02
1.217653532402093513e-03
6.189548358733332331e-04
-2.667746131194404513e-01
2.273578431549974285e-02
1.901815037239986683e-01
-2.552379759154810301e-01
-3.166462122879126762e-02
-1.914681271186790823e-01
1.381156804233303788e-02
1.251903613050334263e+00
6.176736551763329919e-01
-1.432663016799866872e-03
-9.672939312430987036e-01
-6.478672915862208059e-01
4.547286413176697926e-03
1.101565958885867072e-02
-3.053542993268945280e-02
-9.829121128565335153e-03
1.447387849969050157e-02
-3.037339878286979961e-02
2.522292607833311051e-02
6.977539576009992306e-01
6.843805616313336504e-01
-3.228039556674886131e-03
-6.198174909012208467e-01
-2.908479075924004231e-01
1.708443440753262821e-01
-3.334140073646360558e-02
-1.400711781804181710e-01
-1.697393776828292900e-01
-3.510195390096693124e-02
-1.490169301012096714e-01
6.813278875149997305e-02
-1.432663016799866872e-03
-3.228039556674886131e-03
3.534307555548340529e-01
-3.010702930323331250e-01
-5.539833928999973386e-03
-6.028699650110806545e-03
-1.826952649675132444e-03
2.053510556369471385e-02
-1.112575697963861382e-02
9.432563737643673285e-03
-6.639857695847561740e-03
1.217653532402093513e-03
-9.672939312430987036e-01
-6.198174909012208467e-01
-2.611713333376666779e-01
1.115127386988836511e+00
-2.214896262800000043e-02
9.973522955853814792e-03
-2.364334903059661999e-02
-1.096004059772478015e-02
-1.203556103162330138e-02
-1.662437879277779695e-02
-1.632488546079172848e-02
6.189548358733332331e-04
-6.478672915862208059e-01
-2.908479075924004231e-01
-1.591141039713331318e-01
1.096204602013335777e-01
1.353559486316666671e-01
1.346060870488751011e-02
2.641381331005612614e-03
-1.103344413229260558e-02
-1.282626530864794910e-02
-5.100788793056843483e-03
-1.678084675158361683e-02
-2.667746131194404513e-01
4.547286413176697926e-03
1.708443440753262821e-01
-6.028699650110806545e-03
9.973522955853814792e-03
1.346060870488751011e-02
2.904857475574779135e-01
-1.048125067944004341e-02
-1.889797403470158677e-01
-3.407113737796180902e-02
6.287752271504211225e-03
2.173035577029784268e-02
2.273578431549974285e-02
1.101565958885867072e-02
-3.334140073646360558e-02
-1.826952649675132444e-03
-2.364334903059661999e-02
2.641381331005612614e-03
-1.954191885910680493e-02
-1.723788013814395170e-02
1.927151922923221045e-02
-6.710079010686576494e-03
5.702058543913179553e-03
1.737343597542125376e-02
1.901815037239986683e-01
-3.053542993268945280e-02
-1.400711781804181710e-01
2.053510556369471385e-02
-1.096004059772478015e-02
-1.103344413229260558e-02
-1.917148690733973260e-01
1.951612877938495305e-02
1.719794590833328973e-01
-2.270508964803208407e-02
1.888443499003380002e-02
5.601236458048681338e-03
-2.552379759154810301e-01
-9.829121128565335153e-03
-1.697393776828292900e-01
-1.112575697963861382e-02
-1.203556103162330138e-02
-1.282626530864794910e-02
-3.407113737796180902e-02
-6.710079010686576494e-03
-2.270508964803208407e-02
2.900870872206930962e-01
-4.189281407642242439e-03
1.890612483487073836e-01
-3.166462122879126762e-02
1.447387849969050157e-02
-3.510195390096693124e-02
9.432563737643673285e-03
-1.662437879277779695e-02
-5.100788793056843483e-03
6.287752271504211225e-03
5.702058543913179553e-03
1.888443499003380002e-02
2.409455051869097836e-02
-1.823859689902623815e-02
1.752079992679243109e-02
-1.914681271186790823e-01
-3.037339878286979961e-02
-1.490169301012096714e-01
-6.639857695847561740e-03
-1.632488546079172848e-02
-1.678084675158361683e-02
2.173035577029784268e-02
1.737343597542125376e-02
5.601236458048681338e-03
1.908207013094213589e-01
2.165246480091351233e-02
1.708115211719999915e-01
3.012891904899064333e-01
-8.244418710469168798e-02
4.713953679309318412e-02
-2.474941655900001619e-02
1.851223887505437302e-02
-5.512956871536174239e-03
-1.294810978417978153e-01
5.661156470747540428e-03
-1.410100499778548511e-01
-1.299494498234666506e-01
8.812847650676883249e-02
1.099929998104353379e-01
-7.973220903869174259e-02
3.455975623069276192e-01
5.162154163431546122e-02
-2.493102464288582745e-02
-2.217599539394138619e-01
6.019540603621957586e-02
1.418472596337674689e-02
-4.702109566012415559e-02
9.762843117000976831e-03
1.219057590907077077e-01
-1.363257797408296002e-01
-1.290603346311945676e-01
3.211157059229551025e-02
5.836272715735850436e-02
5.690879299656663726e-01
8.443884818776052625e-03
5.626257303121954406e-02
-7.053956991758632278e-02
-1.862402131927970439e-01
-8.039647292634136133e-03
-2.973798410720775998e-01
1.415198551785465109e-01
-1.098666342049559874e-01
-2.085899949487034222e-01
-2.474941655900001619e-02
-2.493102464288582745e-02
8.443884818776052625e-03
1.529444891906605632e-02
-5.424029439592332504e-03
-1.232035044416829837e-04
-1.472327943484039918e-04
1.951683603158726327e-02
-1.028576796022791576e-02
2.625573200637288437e-03
2.284212156709350752e-02
-5.409783340134520849e-03
1.851223887505437302e-02
-2.217599539394138619e-01
5.626257303121954406e-02
2.389050729740998733e-03
2.079417702274335422e-01
-7.075357836354988217e-02
-2.734839987516897875e-03
-5.456331217233535008e-03
2.790973898303817161e-03
2.884882111910529200e-05
-2.587094168530160512e-02
8.219741301956441648e-03
-5.512956871536174239e-03
6.019540603621957586e-02
-7.053956991758632278e-02
1.038634524928605009e-03
-7.342808422396374102e-02
8.535989647400005209e-02
5.573785121449347261e-04
3.643662278024281664e-02
-1.280719966991807068e-02
-1.903684826450467086e-05
-2.611861864662973903e-02
6.511696129664295771e-03
-1.294810978417978153e-01
1.418472596337674689e-02
-1.862402131927970439e-01
-1.472327943484039918e-04
-2.734839987516897875e-03
5.573785121449347261e-04
1.176397711166522336e-01
-1.677859297536871130e-02
1.687422180301022812e-01
8.747650820913357300e-03
2.213358404635583625e-03
1.922707297301090232e-02
5.661156470747540428e-03
-4.702109566012415559e-02
-8.039647292634136133e-03
1.951683603158726327e-02
-5.456331217233535008e-03
3.643662278024281664e-02
-1.577141812236869736e-02
4.939310938934757950e-02
-1.080005355938546546e-02
-9.975054355660444363e-03
-6.703705100643853618e-04
-1.848230983314055539e-02
-1.410100499778548511e-01
9.762843117000976831e-03
-2.973798410720775998e-01
-1.028576796022791576e-02
2.790973898303817161e-03
-1.280719966991807068e-02
1.643399570825638256e-01
-1.349448439816656499e-02
3.248060965470000450e-01
-1.655123694501245413e-02
-1.593876043320650165e-03
-2.798912454784895781e-02
-1.299494498234666506e-01
1.219057590907077077e-01
1.415198551785465109e-01
2.625573200637288437e-03
2.884882111910529200e-05
-1.903684826450467086e-05
8.747650820913357300e-03
-9.975054355660444363e-03
-1.655123694501245413e-02
1.275660021413649314e-01
-1.101048730051255725e-01
-1.247163217369259419e-01
8.812847650676883249e-02
-1.363257797408296002e-01
-1.098666342049559874e-01
2.284212156709350752e-02
-2.587094168530160512e-02
-2.611861864662973903e-02
2.213358404635583625e-03
-6.703705100643853618e-04
-1.593876043320650165e-03
-1.159472967421255746e-01
1.532483816596350024e-01
1.335902427013550553e-01
1.099929998104353379e-01
-1.290603346311945676e-01
-2.085899949487034222e-01
-5.409783340134520849e-03
8.219741301956441648e-03
6.511696129664295771e-03
1.922707297301090232e-02
-1.848230983314055539e-02
-2.798912454784895781e-02
-1.244749051140778967e-01
1.340462584338417418e-01
2.221007863903331769e-01
2.831798481271654566e-01
-9.594090729144569285e-02
2.009049597130795756e-02
-1.871702669599998106e-02
8.388698815907185552e-03
-1.709318030874311172e-03
-1.329830988222491239e-01
2.525190618111951280e-02
-1.407937724795436940e-01
-1.326145879256940829e-01
7.079202354031469135e-02
1.242266633300996431e-01
-9.766181204411240879e-02
1.236530656323360233e-01
7.725759660546360763e-02
-1.739038666105709521e-02
1.750675281270679812e-02
-9.885451127179598410e-03
3.235499492647340297e-02
-4.834275552335715737e-02
3.984060620648123552e-02
9.537186314118976938e-02
-1.023841604089701235e-01
-1.135159464203952667e-01
1.922874400930342856e-02
7.628373989095989238e-02
5.634016939033313909e-01
3.174613937566412268e-03
-9.623640880179609031e-03
-3.359011195070676220e-02
-1.844027862324065514e-01
3.033841819463013040e-02
-2.956112657873938288e-01
1.614399781453917104e-01
-1.029570633013859593e-01
-2.413209947893359131e-01
-1.871702669599998106e-02
-1.739038666105709521e-02
3.174613937566412268e-03
1.396235156509309863e-02
-3.209031008365623508e-03
9.394704159333282277e-04
4.434861066766527214e-03
1.259199962682724071e-02
-2.254619358300727437e-03
4.510751193557835902e-03
1.236362790894150916e-02
-2.187999487446768646e-03
8.388698815907185552e-03
1.750675281270679812e-02
-9.623640880179609031e-03
-3.362551925698957240e-03
-1.255426983475978198e-02
4.498500599870049362e-03
-1.498540589545795674e-03
-2.161620367570485281e-03
-4.678733928870693927e-04
-3.670196581289501478e-03
-9.211873484150742697e-03
4.059076867200186664e-03
-1.709318030874311172e-03
-9.885451127179598410e-03
-3.359011195070676220e-02
5.174697711501845092e-04
5.049069890815094212e-03
2.519015015066671317e-02
3.443923911127560328e-03
2.155686725294787831e-02
1.420908261803953757e-03
-3.081080552284141526e-03
-1.794553718203073869e-02
8.151986229592903671e-03
-1.329830988222491239e-01
3.235499492647340297e-02
-1.844027862324065514e-01
4.434861066766527214e-03
-1.498540589545795674e-03
3.443923911127560328e-03
1.200245647327340681e-01
-3.158897066263325476e-02
1.594147682531219801e-01
8.797729767820422486e-03
1.070644968557280105e-03
1.912510962761796926e-02
2.525190618111951280e-02
-4.834275552335715737e-02
3.033841819463013040e-02
1.259199962682724071e-02
-2.161620367570485281e-03
2.155686725294787831e-02
-2.886326979229991707e-02
4.854931886059861423e-02
-3.772073366791799803e-02
-5.758112852993772096e-03
-1.237244238381448615e-04
-1.210674030748265344e-02
-1.407937724795436940e-01
3.984060620648123552e-02
-2.956112657873938288e-01
-2.254619358300727437e-03
-4.678733928870693927e-04
1.420908261803953757e-03
1.605729821893938924e-01
-3.770535812844335449e-02
3.234196067903344352e-01
-1.833591836537060149e-02
1.073001463106228355e-03
-2.976927042498229287e-02
-1.326145879256940829e-01
9.537186314118976938e-02
1.614399781453917104e-01
4.510751193557835902e-03
-3.670196581289501478e-03
-3.081080552284141526e-03
8.797729767820422486e-03
-5.758112852993772096e-03
-1.833591836537060149e-02
1.212529193969590774e-01
-8.423424150831458623e-02
-1.404832452377080820e-01
7.079202354031469135e-02
-1.023841604089701235e-01
-1.029570633013859593e-01
1.236362790894150916e-02
-9.211873484150742697e-03
-1.794553718203073869e-02
1.070644968557280105e-03
-1.237244238381448615e-04
1.073001463106228355e-03
-8.536918949164790105e-02
1.040504943763730511e-01
1.171814822543745249e-01
1.242266633300996431e-01
-1.135159464203952667e-01
-2.413209947893359131e-01
-2.187999487446768646e-03
4.059076867200186664e-03
8.151986229592903671e-03
1.912510962761796926e-02
-1.210674030748265344e-02
-2.976927042498229287e-02
-1.406020028881740935e-01
1.165010776202138054e-01
2.638691147973329376e-01
2.799252279392508980e-01
-1.084327069288582579e-01
1.574211573041284923e-02
-1.551347229299998923e-02
4.956470450254529120e-03
-7.274350376198515872e-04
-1.317309294283458831e-01
3.212443315261290927e-02
-1.408745645804283242e-01
-1.319435418828341366e-01
7.003482505342215059e-02
1.262889359448924609e-01
-1.053972707905248829e-01
1.003598257920837733e-01
6.459725909888254514e-02
-1.606339709897696214e-02
3.162170470445034576e-02
-8.141500579549232688e-03
3.704452623633869984e-02
-4.651814851416645469e-02
4.538598948392047472e-02
8.690393543946713095e-02
-8.960774830586183681e-02
-1.050984299516282416e-01
1.510468113470497462e-02
6.707839513124340403e-02
5.677110572706675073e-01
2.313595142013997238e-03
-8.527879007049243495e-03
-2.353730543545035428e-02
-1.830052883954145504e-01
4.353941688398781790e-02
-2.931317263254877847e-01
1.653538917524075280e-01
-1.024877958882320916e-01
-2.498769652393041385e-01
-1.551347229299998923e-02
-1.606339709897696214e-02
2.313595142013997238e-03
8.198291804455160384e-03
-1.162458742727854807e-03
1.861356561044632727e-04
4.145257539378235066e-03
8.896391070888999553e-03
-8.032025072861894398e-04
3.932173537719193569e-03
8.808036471799474479e-03
-1.837458013228013016e-03
4.956470450254529120e-03
3.162170470445034576e-02
-8.527879007049243495e-03
-8.121966993945226032e-04
-3.135785876928862820e-02
6.826876439132898398e-03
-1.890245759290132103e-03
1.326685385338344974e-03
-1.190971137734788505e-03
-2.409364927460012212e-03
-2.396266424737292407e-03
3.116800527614703095e-03
-7.274350376198515872e-04
-8.141500579549232688e-03
-2.353730543545035428e-02
2.453591217163972218e-04
6.761756115386768559e-03
1.572685110533330807e-02
3.493050810158279153e-03
1.463809022447942233e-02
3.239280934283437705e-03
-2.749757758110683847e-03
-1.306006351496842230e-02
6.848945064018115841e-03
-1.317309294283458831e-01
3.704452623633869984e-02
-1.830052883954145504e-01
4.145257539378235066e-03
-1.890245759290132103e-03
3.493050810158279153e-03
1.186116773035315874e-01
-3.636009928051572165e-02
1.593184530399695265e-01
8.622375292849801531e-03
1.085133255683051832e-03
1.916000676532028657e-02
3.212443315261290927e-02
-4.651814851416645469e-02
4.353941688398781790e-02
8.896391070888999553e-03
1.326685385338344974e-03
1.463809022447942233e-02
-3.681373170884905122e-02
4.508185732313481353e-02
-4.582282934430904203e-02
-4.304834627122012744e-03
2.558424713777088873e-04
-1.093777834061455609e-02
-1.408745645804283242e-01
4.538598948392047472e-02
-2.931317263254877847e-01
-8.032025072861894398e-04
-1.190971137734788505e-03
3.239280934283437705e-03
1.600014333261477184e-01
-4.603365633798768564e-02
3.182931700780011197e-01
-1.841405259963164315e-02
1.994199924356788046e-03
-2.992137230122744046e-02
-1.319435418828341366e-01
8.690393543946713095e-02
1.653538917524075280e-01
3.932173537719193569e-03
-2.409364927460012212e-03
-2.749757758110683847e-03
8.622375292849801531e-03
-4.304834627122012744e-03
-1.841405259963164315e-02
1.190439188347341415e-01
-8.055077111134670287e-02
-1.436622980555666285e-01
7.003482505342215059e-02
-8.960774830586183681e-02
-1.024877958882320916e-01
8.808036471799474479e-03
-2.396266424737292407e-03
-1.306006351496842230e-02
1.085133255683051832e-03
2.558424713777088873e-04
1.994199924356788046e-03
-8.005106185934669771e-02
9.241280609626570386e-02
1.131562032501477744e-01
1.262889359448924609e-01
-1.050984299516282416e-01
-2.498769652393041385e-01
-1.837458013228013016e-03
3.116800527614703095e-03
6.848945064018115841e-03
1.916000676532028657e-02
-1.093777834061455609e-02
-2.992137230122744046e-02
-1.433342104512662918e-01
1.126138749619347151e-01
2.735119013193325621e-01
5.336483634406665733e-01
-1.663561166583327200e-02
5.547522769999978752e-03
-5.950800118940002825e-01
8.659947604998817407e-04
8.659947605000358059e-04
-1.280590124666640796e-03
-1.630938354116663602e-02
-7.923388284666670403e-03
-3.468894717500122828e-03
2.918593262100000960e-02
-4.628466962499999324e-03
-4.239001770166684821e-03
-1.730041386616668064e-02
-3.133630609166673103e-02
-3.468894717499968871e-03
-4.628466962500000191e-03
2.979436897600001161e-02
-5.950800118940002825e-01
-3.468894717500122828e-03
-3.468894717499968871e-03
5.336483634406665733e-01
-1.663561166583320261e-02
-5.547522769999979619e-03
8.659947604998817407e-04
2.918593262100000960e-02
-4.628466962500000191e-03
-1.280590124666573576e-03
-1.630938354116663949e-02
7.923388284666668668e-03
8.659947605000358059e-04
-4.628466962499999324e-03
2.979436897600001161e-02
4.239001770166682219e-03
1.730041386616668064e-02
-3.133630609166673103e-02
6.538272584666647048e-03
-2.724304200000018917e-04
2.127916468333323553e-04
-9.858726034999992435e-03
1.935150000112279803e-08
1.935149999961786533e-08
-6.710393653333352089e-04
2.704685941916658634e-02
1.681115833333333281e-04
1.995825000011225112e-07
-1.597023200550002145e-02
-4.412000000000806072e-08
6.293674733333339607e-05
1.644634499999999915e-04
2.620445817916657039e-02
1.995824999996175719e-07
-4.412000000000801440e-08
-1.610178766850001511e-02
-9.858726034999992435e-03
1.995825000011225112e-07
1.995824999996175719e-07
6.538272584666647048e-03
-2.724304200000043853e-04
-2.127916468333323281e-04
1.935150000112279803e-08
-1.597023200550002145e-02
-4.412000000000801440e-08
-6.710393653333378110e-04
2.704685941916658634e-02
-1.681115833333333553e-04
1.935149999961786533e-08
-4.412000000000806072e-08
-1.610178766850001511e-02
-6.293674733333338251e-05
-1.644634499999999915e-04
2.620445817916657039e-02
-1.163989308011839641e-01
1.096906741359708453e-06
3.621288275633684498e-07
1.157464220860000420e-01
-4.236104999624626563e-07
-5.117450000125347980e-07
-1.811141552258639046e-03
9.312787922335066804e-02
6.650314198753233735e-09
-5.028284999624626977e-07
-8.860004827499996793e-02
7.399999997791734375e-11
2.158197944941489792e-04
6.837254658159377778e-09
8.893011707699989554e-02
-5.766625000125350748e-07
7.399999997790056750e-11
-8.895965324199997526e-02
1.157464220860000420e-01
-5.028284999624626977e-07
-5.766625000125350748e-07
-1.163989308011853241e-01
1.096906899097942387e-06
-3.621288275633734791e-07
-4.236104999624626563e-07
-8.860004827499996793e-02
7.399999997790056750e-11
-1.811141552100900857e-03
9.312787922335202806e-02
-6.650314198480612376e-09
-5.117450000125347980e-07
7.399999997791734375e-11
-8.895965324199997526e-02
-2.158197944941489792e-04
-6.837254495683590750e-09
8.893011707699989554e-02
-1.528555629956925288e-01
-1.271186539528335741e-04
9.051388226584771942e-05
1.540723995539997615e-01
-4.847014999598724834e-07
-5.921475000133560707e-07
1.186552521383291548e-05
6.422807294052640392e-02
-7.934847830589532454e-05
-4.678734999598723541e-07
-6.437265899949995429e-02
8.380000000203806976e-10
-1.038427749709437032e-05
-5.756187114870013307e-05
6.343448603583337619e-02
-5.868985000133554922e-07
8.380000000203826622e-10
-6.403850784949996489e-02
1.540723995539997615e-01
-4.678734999598723541e-07
-5.868985000133554922e-07
-1.528555629956928064e-01
-1.271186533847966371e-04
-9.051388226564008115e-05
-4.847014999598724834e-07
-6.437265899949995429e-02
8.380000000203826622e-10
1.186552578186984902e-05
6.422807294052670923e-02
7.934847830613216851e-05
-5.921475000133560707e-07
8.380000000203806976e-10
-6.403850784949996489e-02
1.038427749724499141e-05
5.756187114867296025e-05
6.343448603583337619e-02
-7.518885800705614464e-02
9.422765857965101653e-06
-4.284545373644338352e-06
6.795387703800011281e-02
1.162390000157174767e-07
1.162389999947455232e-07
2.209582357965145594e-06
1.712444107338908367e-02
-3.054600378560017782e-06
1.116955000157174334e-07
-1.760761319200001424e-02
6.979999999845936255e-10
4.082301895905384180e-05
-3.051498629107331281e-06
1.780411549899998253e-02
1.162734999947454697e-07
6.979999999845933153e-10
-1.785945766500001905e-02
6.795387703800011281e-02
1.116955000157174334e-07
1.162734999947454697e-07
-7.518885800705617239e-02
9.422765857912800757e-06
4.284545373644336658e-06
1.162390000157174767e-07
-1.760761319200001424e-02
6.979999999845933153e-10
2.209582357912845968e-06
1.712444107338909061e-02
3.054600378560020747e-06
1.162389999947455232e-07
6.979999999845936255e-10
-1.785945766500001905e-02
-4.082301895905384858e-05
3.051498629107308835e-06
1.780411549899998253e-02
3.122922201927824215e+00
-4.724866541172434431e-02
8.218325495583276089e-03
-3.462087814802002228e+00
-2.954458515500686926e-03
-2.954458515499767957e-03
-1.211436690475577033e-01
-4.141943490482287438e-02
1.124114464427226900e-02
1.032186699931026272e-05
2.944067241115000400e-01
5.382105615499997199e-03
-2.402155079979227670e-02
1.119653344112022178e-02
-3.010586972555001073e-01
1.032186700022916641e-05
5.382105615499998066e-03
2.967687188600000026e-01
-3.462087814802002228e+00
1.032186699931026272e-05
1.032186700022916641e-05
3.122922201927824215e+00
-4.724866541172473289e-02
-8.218325495583277823e-03
-2.954458515500686926e-03
2.944067241115000400e-01
5.382105615499998066e-03
-1.211436690475581057e-01
-4.141943490482286050e-02
-1.124114464427226900e-02
-2.954458515499767957e-03
5.382105615499997199e-03
2.967687188600000026e-01
2.402155079979227670e-02
-1.119653344112022351e-02
-3.010586972555001073e-01
6.294872893272726033e-01
-7.788837114271854626e-04
-8.214429100919432404e-04
-6.147682197009993743e-01
1.497535499892155431e-06
1.497535500036077552e-06
-2.095987750938525394e-04
7.267532995228476178e-03
5.295302587737472835e-04
1.429044499892154980e-06
-2.769284128499999859e-02
6.820000000130411665e-09
-3.264733817273850289e-04
4.530774476323935806e-04
9.802845153666670669e-03
1.429044500036077101e-06
6.901000000130394324e-09
-2.556620206399998554e-02
-6.147682197009993743e-01
1.429044499892154980e-06
1.429044500036077101e-06
6.294872893272726033e-01
-7.788837114272616820e-04
8.214429100919431320e-04
1.497535499892155431e-06
-2.769284128499999859e-02
6.901000000130394324e-09
-2.095987750939287317e-04
7.267532995228476178e-03
-5.295302587737473919e-04
1.497535500036077552e-06
6.820000000130411665e-09
-2.556620206399998554e-02
3.264733817273849747e-04
-4.530774476323936348e-04
9.802845153666670669e-03
3.109511220223755770e-02
1.580549458289874523e-04
-4.357647413635172583e-05
-6.057721687400001442e-02
1.284200000002242498e-08
1.284200000001138708e-08
-1.733774885043457567e-04
6.322493088409589235e-02
4.358535452813814653e-05
4.293000000002236161e-08
-6.069930373000000795e-02
6.636000000018874439e-09
-1.080277576363574066e-04
4.358533567949775175e-05
6.226949521516673969e-02
4.293000000001132371e-08
6.636000000018881884e-09
-6.039118198300004459e-02
-6.057721687400001442e-02
4.293000000002236161e-08
4.293000000001132371e-08
3.109511220223756464e-02
1.580549458289771795e-04
4.357647413635174616e-05
1.284200000002242498e-08
-6.069930373000000795e-02
6.636000000018881884e-09
-1.733774885043561380e-04
6.322493088409589235e-02
-4.358535452813813976e-05
1.284200000001138708e-08
6.636000000018874439e-09
-6.039118198300004459e-02
1.080277576363574473e-04
-4.358533567949772464e-05
6.226949521516673969e-02
-9.418986046900010289e-02
-2.634498500000748605e-05
2.722710483333333099e-05
9.633974271999988515e-02
-3.379989999767376245e-07
-3.379990000077395068e-07
-7.852517300000792593e-05
2.759922849966667951e-02
-8.195666666664989277e-09
-3.387844999767376549e-07
-3.029317207500005840e-02
4.150000000141733924e-10
4.693375549999996891e-05
-7.736666666663788865e-09
2.787790472049993251e-02
-3.387845000077395372e-07
4.150000000141731856e-10
-3.006103328400005353e-02
9.633974271999988515e-02
-3.387844999767376549e-07
-3.387845000077395372e-07
-9.418986046900010289e-02
-2.634498500002240061e-05
-2.722710483333333099e-05
-3.379989999767376245e-07
-3.029317207500005840e-02
4.150000000141731856e-10
-7.852517300002283371e-05
2.759922849966667951e-02
8.195666666661655739e-09
-3.379990000077395068e-07
4.150000000141733924e-10
-3.006103328400005353e-02
-4.693375549999996891e-05
7.736666666658041614e-09
2.787790472049993251e-02
-8.379073937950015649e-02
5.245413333270390259e-07
1.750336666666674822e-07
8.572188605099999303e-02
-2.481069999805984319e-07
-2.553030000064723308e-07
-1.373403033333961103e-05
1.900884023633335126e-02
-2.054166666666659418e-09
-2.562559999805983813e-07
-1.989620515600002554e-02
1.909999999951150457e-10
1.443245650000004961e-05
-2.057166666665786422e-09
1.961540693083328735e-02
-2.729430000064722161e-07
1.909999999951112975e-10
-1.997546941600002873e-02
8.572188605099999303e-02
-2.562559999805983813e-07
-2.729430000064722161e-07
-8.379073937950015649e-02
5.245413333144496811e-07
-1.750336666666674822e-07
-2.481069999805984319e-07
-1.989620515600002554e-02
1.909999999951112975e-10
-1.373403033335219963e-05
1.900884023633335126e-02
2.054166666666637911e-09
-2.553030000064723308e-07
1.909999999951150457e-10
-1.997546941600002873e-02
-1.443245650000004961e-05
2.057166666664019151e-09
1.961540693083328735e-02
3.673933983638723699e+00
-4.583535439711613479e-01
-2.716998232317088258e-01
-3.216535308292000295e+00
-2.386792089500063344e-02
-2.386792089499976954e-02
-9.150455378038279131e-01
8.135476296371065841e-01
-1.328623471249010812e-01
-4.086634337500650270e-03
3.395045157905000610e-01
3.168260503399999983e-02
-5.809390774159294279e-01
-1.706368609627054167e-01
-1.667451805099999795e-01
-4.086634337499786378e-03
3.168260503400000677e-02
3.554787619475001104e-01
-3.216535308292000295e+00
-4.086634337500650270e-03
-4.086634337499786378e-03
3.673933983638723699e+00
-4.583535439711630133e-01
2.716998232317088813e-01
-2.386792089500063344e-02
3.395045157905000610e-01
3.168260503400000677e-02
-9.150455378038298004e-01
8.135476296371076943e-01
1.328623471249009425e-01
-2.386792089499976954e-02
3.168260503399999983e-02
3.554787619475001104e-01
5.809390774159295390e-01
1.706368609627050836e-01
-1.667451805099999795e-01
3.985520483079998399e-01
3.112377395000769120e-04
3.828231045000000336e-04
-3.643093862579999676e-01
1.104986999926781910e-06
1.104987000024575887e-06
-6.758786559999184311e-04
-2.856754399866667793e-02
-9.032139859999997874e-04
1.083616999926781554e-06
3.426837051599998518e-02
-8.163599999982916792e-08
-3.953143416666657882e-04
-6.180603841666667143e-04
-2.863519005433333778e-02
1.083617000024575531e-06
-8.163599999982916792e-08
3.705621212399998893e-02
-3.643093862579999676e-01
1.083616999926781554e-06
1.083617000024575531e-06
3.985520483079998399e-01
3.112377395000245450e-04
-3.828231044999999251e-04
1.104986999926781910e-06
3.426837051599998518e-02
-8.163599999982916792e-08
-6.758786559999706896e-04
-2.856754399866667793e-02
9.032139859999998958e-04
1.104987000024575887e-06
-8.163599999982916792e-08
3.705621212399998893e-02
3.953143416666658424e-04
6.180603841666666058e-04
-2.863519005433333778e-02
4.957990301999993382e-03
-6.792755610000022213e-04
6.843702083333343166e-04
-2.337092093000002046e-03
-4.363349999781327022e-08
-4.363350000074411671e-08
-4.998400260000013988e-04
1.338171291650003779e-02
-7.178124333333329662e-05
-4.181349999781327113e-08
-1.424107013199999751e-02
4.061499999984778724e-09
6.967105666666676528e-05
-5.547846666666661662e-06
1.740749138566670406e-02
-4.181350000074411762e-08
4.061499999984779552e-09
-1.448956659199999997e-02
-2.337092093000002046e-03
-4.181349999781327113e-08
-4.181350000074411762e-08
4.957990301999993382e-03
-6.792755610000033055e-04
-6.843702083333343166e-04
-4.363349999781327022e-08
-1.424107013199999751e-02
4.061499999984779552e-09
-4.998400260000024830e-04
1.338171291650003779e-02
7.178124333333321531e-05
-4.363350000074411671e-08
4.061499999984778724e-09
-1.448956659199999997e-02
-6.967105666666676528e-05
5.547846666666653192e-06
1.740749138566670406e-02
1.820042947897501984e+00
-1.135558244215723002e-03
-9.770782390638719280e-04
-1.609454026385999992e+00
-3.798516967500299973e-03
-3.798519595499903062e-03
-7.018971056549088046e-03
-4.607211477933162436e-02
2.569537474220280008e-03
4.936486154997029229e-04
6.178382967000000531e-03
3.144428149999994090e-04
-6.586863652364043954e-03
2.680451450965118474e-03
-4.887357567949979914e-02
4.936486155000988736e-04
-8.333799789999994266e-04
7.782073175000000197e-03
-1.609454026385999992e+00
4.936486154997029229e-04
4.936486155000988736e-04
1.496575075223284035e+00
-6.593300762036494525e-03
4.441724323115909222e-03
-3.798516967500299973e-03
6.178382967000000531e-03
-8.333799789999994266e-04
-1.640827634203646107e-02
1.873675060405409834e-02
-4.467505313521636691e-03
-3.798519595499903062e-03
3.144428149999994090e-04
7.782073175000000197e-03
-1.871146778780887398e-03
-4.844780293887560041e-03
-4.838390690666672864e-03
2.881516077209243798e-02
-7.819905563642095441e-05
-7.793874366668319086e-05
-1.302321840980001644e-01
-1.610294273375193222e-08
4.611842350799365781e-07
-7.455005919697507396e-04
9.744646839007441164e-02
2.233613272481471157e-10
-6.238803136199817217e-09
-9.867561242200001415e-02
9.679317899998624020e-05
-1.524207530902705991e-04
8.158817972740577105e-06
9.600382926333293765e-02
2.067424664716746996e-07
9.679317899999317909e-05
-9.867562194399999431e-02
-1.302321840980001644e-01
-6.238803136199817217e-09
2.067424664716746996e-07
-1.684247708833329533e-03
2.453198899998164124e-05
2.391557183333341163e-05
-1.610294273375193222e-08
-9.867561242200001415e-02
9.679317899999317909e-05
-1.065485643333515713e-04
9.735158155166648286e-02
1.796800426666666822e-04
4.611842350799365781e-07
9.679317899998624020e-05
-9.867562194399999431e-02
-9.222782016666663391e-05
8.157646999999982918e-06
9.594353673866627685e-02
-9.253716009744432369e-02
-3.529905151896174740e-03
-4.241704133924419410e-04
1.130022773790001211e-01
-4.376464999675807808e-07
-4.376465000108289067e-07
3.840340442437143592e-03
6.553492152144399507e-02
1.052711032419968631e-04
-1.710173622499966016e-03
-6.347931719800008199e-02
6.919294000000084087e-06
4.256513367271513512e-03
1.052762526508310421e-04
6.618530201083316911e-02
-1.710173622500009384e-03
5.819999996644353209e-10
-6.382942016900008952e-02
1.130022773790001211e-01
-1.710173622499966016e-03
-1.710173622500009384e-03
-1.070316622087039149e-01
2.715261388621164826e-04
2.791174513582795865e-04
-4.376464999675807808e-07
-6.347931719800008199e-02
5.819999996644353209e-10
-1.350975939712161086e-04
6.280877787320403305e-02
5.012235075602754068e-05
-4.376465000108289067e-07
6.919294000000084087e-06
-6.382942016900008952e-02
-1.107607133083842051e-04
5.012239813912424096e-05
6.494200489899991380e-02
-9.217304439186288501e-02
1.897017720932448126e-05
-1.815069966666781092e-05
9.807109900800012325e-02
7.705792097282861662e-05
2.310302666100551208e-04
1.134332920932426355e-05
2.629137951652980171e-02
-5.122103160099493956e-12
1.637923147643409429e-06
-2.632992557159999358e-02
-4.033326780000096035e-05
-1.054901200000128542e-05
-7.660727381143691657e-12
2.601602073233320531e-02
4.782854370975399784e-06
-4.033326779999922562e-05
-2.626942792739999505e-02
9.807109900800012325e-02
1.637923147643409429e-06
4.782854370975399784e-06
-9.762754841798043648e-02
6.255876338193677084e-07
-2.218779999993007445e-07
7.705792097282861662e-05
-2.632992557159999358e-02
-4.033326779999922562e-05
6.055514671527010819e-07
2.493249286031355358e-02
2.398878624741129210e-12
2.310302666100551208e-04
-4.033326780000096035e-05
-2.626942792739999505e-02
-2.173716666652784458e-07
4.730880735819272548e-12
2.438360217383321593e-02
4.268665139064997671e-01
-5.144718257099997749e-02
1.487784917600000825e-02
-4.011399063920000896e-01
-2.789394685000679713e-04
-2.789394684999744588e-04
-2.447998337199997626e-02
-8.115222955833332683e-03
-4.961396988333329101e-03
-1.418785265000699000e-04
-2.248578485450003148e-02
-2.999633066500001933e-03
5.014678260000008346e-04
8.837253469999972310e-04
1.984745815966669144e-02
-1.418785264999763334e-04
-3.014813422500002300e-03
-2.099142827150002333e-02
-4.011399063920000896e-01
-1.418785265000699000e-04
-1.418785264999763334e-04
3.632983875208331548e-01
-3.382069533666660216e-02
6.985335998666662022e-03
-2.789394685000679713e-04
-2.248578485450003148e-02
-3.014813422500002300e-03
6.058924855333342602e-03
6.776092748783331399e-02
-1.151758163466666367e-02
-2.789394684999744588e-04
-2.999633066500001933e-03
-2.099142827150002333e-02
-1.789346129999996871e-02
-1.095311942566666932e-02
3.317464801100000749e-02
-3.696087163066671955e-02
-1.859413666670004076e-06
2.163699000000009639e-06
3.709930466799992582e-02
-1.276029999898825963e-07
-1.276030000033607434e-07
-1.745446233333660917e-05
1.732598876483336728e-02
-6.079999999998675161e-10
-1.282399999898826039e-07
-1.797771618800000221e-02
5.770000000118247257e-10
-1.847350043333324929e-04
1.653333333220215587e-10
1.704747662166670313e-02
-1.282400000033607510e-07
3.041000000011824282e-09
-1.778434909749999904e-02
3.709930466799992582e-02
-1.282399999898826039e-07
-1.282400000033607510e-07
-3.421613647050002205e-02
6.082647633332395696e-05
6.051736466666667898e-05
-1.276029999898825963e-07
-1.797771618800000221e-02
3.041000000011824282e-09
-4.662029666676117200e-06
1.678750488683334804e-02
2.403653333333344708e-06
-1.276030000033607434e-07
5.770000000118247257e-10
-1.778434909749999904e-02
9.878539666666714085e-06
-6.230254166666666699e-05
1.636891102850003207e-02
-2.840453730383327852e-02
-2.016070166668899847e-06
2.110021666666663368e-06
2.770425885499995522e-02
-4.972857999993372357e-06
-4.972858000002212840e-06
6.282699999776543183e-08
8.083287620166683396e-03
-1.906229666666666489e-06
-4.332599999337083592e-08
-8.382962991000011965e-03
-2.925773235370358828e-21
2.596049999999989686e-08
1.589622161463236819e-24
8.132750970166689394e-03
-4.332600000221166951e-08
-1.718386118351451031e-21
-8.415869246000011461e-03
2.770425885499995522e-02
-4.332599999337083592e-08
-4.332600000221166951e-08
-2.759200448849994519e-02
1.038213333267126819e-07
-3.153933333330028381e-08
-4.972857999993372357e-06
-8.382962991000011965e-03
-1.718386118351451031e-21
1.076736666600461307e-07
8.446292638833344940e-03
-1.796742589999999963e-04
-4.972858000002212840e-06
-2.925773235370358828e-21
-8.415869246000011461e-03
-3.307483333333333208e-08
-1.050666666666672758e-09
8.469918109666683612e-03
-2.199678646920080055e-02
1.403284043087004635e-07
5.073549999999968692e-08
2.136567466899999893e-02
4.914218038539107045e-18
-8.170689567452012384e-08
1.440734043087003690e-07
5.470595861034131986e-03
6.017164075157086065e-15
4.914219890123898503e-18
-5.386164464999999152e-03
-2.403245365817538660e-34
4.756666666666637792e-08
5.641344578089084881e-15
5.528892742666686490e-03
-8.074523045210641634e-08
4.336660363359989003e-19
-5.308827676999998933e-03
2.136567466899999893e-02
4.914219890123898503e-18
-8.074523045210641634e-08
-2.205690447766671392e-02
-8.179663333384076592e-07
-1.007604333333337790e-06
4.914218038539107045e-18
-5.386164464999999152e-03
4.336660363359989003e-19
1.410596666615902506e-07
5.573063639833356932e-03
-1.850939132435512216e-22
-8.170689567452012384e-08
-2.403245365817538660e-34
-5.308827676999998933e-03
-4.747533333333340203e-08
-8.721077250768057775e-24
5.707865626500028405e-03
-3.795105682299108607e-01
-2.042464632345557529e+00
2.218747915723016106e-01
-4.396677327640000077e-01
6.472384920940865705e-01
-1.385748846898730846e-01
2.420402487585989471e-01
1.595527650089428207e+00
-2.808834905321874742e-01
-2.037188529662557812e+00
7.058879910581545403e+00
-7.319836783342116293e-01
9.248710049452565918e-02
3.655583804086114386e-01
-7.067012332192559865e-02
1.803867534409152817e+00
-4.956496052043736000e+00
9.132813909010834008e-01
2.147045493951125206e-01
-6.341019029293294418e-01
9.253243752933336397e-02
-1.903850745648924189e-02
-7.693794745092552567e-02
5.659300352505514109e-02
-2.961030000466180478e-01
9.663367050132917191e-01
9.778654743430587049e-02
-4.396677327640000077e-01
9.248710049452565918e-02
-1.903850745648924189e-02
4.387923516943290636e-01
-1.105303618883013983e-01
2.028036426877996221e-02
-3.559904136760188020e-01
1.363393460929396561e-01
-4.523509982520868694e-02
6.472384920940865705e-01
3.655583804086114386e-01
-7.693794745092552567e-02
-1.184495714693014623e-01
-2.896921542299970009e-01
4.310056285070401616e-02
-3.756114789774097629e-01
4.070202519271197417e-02
7.106051770286334057e-02
-1.385748846898730846e-01
-7.067012332192559865e-02
5.659300352505514109e-02
1.709947700922867520e-02
3.807661214748825351e-02
-5.818899744666636287e-03
6.839741964427162313e-02
1.317096691924248171e-02
1.303523555418067692e-01
2.420402487585989471e-01
1.803867534409152817e+00
-2.961030000466180478e-01
-3.559904136760188020e-01
-3.756114789774097629e-01
6.839741964427162313e-02
8.567714528485014247e-01
-1.729421709904670923e+00
-4.691844306275055887e-02
1.595527650089428207e+00
-4.956496052043736000e+00
9.663367050132917191e-01
1.363393460929396561e-01
4.070202519271197417e-02
1.317096691924248171e-02
-1.787994410647671728e+00
7.332502742295682552e+00
-9.674623391094128166e-01
-2.808834905321874742e-01
9.132813909010834008e-01
9.778654743430587049e-02
-4.523509982520868694e-02
7.106051770286334057e-02
1.303523555418067692e-01
6.153537254028723646e-01
-1.180491690705914198e+00
6.044698440269999917e-01
3.257744596934984416e-01
-2.590307549408306098e-01
1.388150272427710608e-01
-4.287990310589998577e-01
2.854848664280884227e-02
-1.422282872970089679e-02
-1.741321626746903176e-02
4.400608681428870850e-01
-1.725187566746548273e-01
-2.202575982958304146e-01
1.748884527212336781e+00
-3.883361161268579220e-01
2.363904071226743953e-02
1.789090673262303454e-03
-1.307440920387492773e-03
4.865227547702907773e-01
-1.500542999504804520e+00
5.821215223385579618e-01
1.249923420719252776e-01
-3.261480515461548935e-01
1.966705374066666789e-01
-1.313874987805526036e-02
-4.856465622387484346e-03
9.616726217377088472e-04
-1.864441332408680041e-01
5.816798642391244334e-01
-1.844910821443938309e-01
-4.287990310589998577e-01
2.363904071226743953e-02
-1.313874987805526036e-02
4.723533998183777061e-01
-4.376490078363430569e-02
1.894390367959677274e-02
-5.794360534783368766e-02
1.292856508984964459e-02
-4.314353516849441655e-03
2.854848664280884227e-02
1.789090673262303454e-03
-4.856465622387484346e-03
-5.777705266563425840e-02
-3.765027826821058798e-02
9.332031806374780497e-03
2.036191110058426044e-03
-5.508369689357488566e-03
-3.224110076314790508e-03
-1.422282872970089679e-02
-1.307440920387492773e-03
9.616726217377088472e-04
1.385492934934382490e-02
1.271665526450541442e-02
-2.951736603333322590e-04
-2.333570230589753977e-03
1.680489356420657653e-04
-5.558256725808894891e-03
-1.741321626746903176e-02
4.865227547702907773e-01
-1.864441332408680041e-01
-5.794360534783368766e-02
2.036191110058426044e-03
-2.333570230589753977e-03
2.717768810076329755e-01
8.442337848582909254e-02
7.573657348632913122e-02
4.400608681428870850e-01
-1.500542999504804520e+00
5.816798642391244334e-01
1.292856508984964459e-02
-5.508369689357488566e-03
1.680489356420657653e-04
1.311549955584958294e-01
4.809877984827000685e-01
-1.009858525846146493e-01
-1.725187566746548273e-01
5.821215223385579618e-01
-1.844910821443938309e-01
-4.314353516849441655e-03
-3.224110076314790508e-03
-5.558256725808894891e-03
1.673949322790475869e-02
-1.166772798754499574e-01
1.112936727596667702e-01
4.793167562053486375e-01
-1.072276310964200702e-02
2.640535970441670530e-02
-4.718375296520005424e-01
7.457836666605376606e-03
-1.867249256034443985e-02
-1.215212590796852302e-02
3.958858086630111933e-03
-8.939476584650008981e-03
-1.251657003930862523e-02
5.196964881985634797e-03
-2.078026284080051328e-03
7.681714160198853175e-04
-7.225271089530449151e-03
1.328248311120711934e-02
1.160665201726689480e-02
4.706662330745576238e-03
-1.107084874871720921e-02
3.158205813974573894e-02
-7.895419072869286001e-03
5.823529026666697528e-03
-1.555459193875871442e-03
1.327309170720712347e-02
-3.042707480646956314e-02
-2.554825597879507512e-02
-1.092086436764148037e-02
2.407503142672290375e-02
-4.718375296520005424e-01
7.681714160198853175e-04
-1.555459193875871442e-03
4.693322570412855610e-01
-7.372206477577643302e-04
3.176413878942611728e-03
2.533205660013730480e-03
5.036239572390040177e-04
-1.257516065257113271e-03
7.457836666605376606e-03
-7.225271089530449151e-03
1.327309170720712347e-02
-1.045982236091089592e-03
5.666711015047622493e-03
-1.245364180334656602e-02
-8.053315795799861898e-03
6.448706012763887833e-04
-9.752157580648406973e-04
-1.867249256034443985e-02
1.328248311120711934e-02
-3.042707480646956314e-02
3.114524428524811147e-03
-1.222236434600878704e-02
2.718899097099984619e-02
1.778074917128600468e-02
-9.048714586506458003e-04
2.379992093709894056e-03
-1.215212590796852302e-02
1.160665201726689480e-02
-2.554825597879507512e-02
2.533205660013730480e-03
-8.053315795799861898e-03
1.778074917128600468e-02
9.064620001145518371e-03
-5.800387920234678120e-03
9.380886046689618923e-03
3.958858086630111933e-03
4.706662330745576238e-03
-1.092086436764148037e-02
5.036239572390040177e-04
6.448706012763887833e-04
-9.048714586506458003e-04
-5.966654756901343740e-03
-4.622618991145534782e-03
1.194455372225699044e-02
-8.939476584650008981e-03
-1.107084874871720921e-02
2.407503142672290375e-02
-1.257516065257113271e-03
-9.752157580648406973e-04
2.379992093709894056e-03
9.639647458783467265e-03
1.199146985814626698e-02
-2.622646937900002806e-02
4.768349261605657752e-01
-1.058422131238627439e-02
2.743336953275530080e-02
-4.718512296650007598e-01
6.953951092995553848e-03
-1.695127115191490813e-02
-9.872622731692095102e-03
4.404448502556780089e-03
-1.043658099620779767e-02
-9.652153486719586631e-03
2.107227868935418556e-03
6.264648696049941040e-04
9.010670523103875458e-04
-6.101902141022422232e-03
1.141861450975981823e-02
1.067004159130377668e-02
4.765802454325128272e-03
-1.220837496067801384e-02
3.207141634548731080e-02
-6.465450793504888723e-03
1.299392321333331162e-03
-1.941414070258461189e-03
1.140922718975981992e-02
-2.771999838797753815e-02
-2.479521219521853628e-02
-1.211012204295969057e-02
2.788702130936690504e-02
-4.718512296650007598e-01
9.010670523103875458e-04
-1.941414070258461189e-03
4.694394003262621351e-01
-1.275001295110631677e-03
3.355700671885174322e-03
2.902774313158729309e-03
5.442684040166780642e-04
-1.347688972120974745e-03
6.953951092995553848e-03
-6.101902141022422232e-03
1.140922718975981992e-02
-1.048688935443972594e-03
4.491730724071367302e-03
-1.048304387796241202e-02
-6.194966300548119913e-03
6.018756831405058403e-04
-1.177372442080791993e-03
-1.695127115191490813e-02
1.141861450975981823e-02
-2.771999838797753815e-02
3.243273512780087998e-03
-1.039583353798768234e-02
2.377127597133317852e-02
1.443007933851074738e-02
-1.158308525778832618e-03
2.865129475700781830e-03
-9.872622731692095102e-03
1.067004159130377668e-02
-2.479521219521853628e-02
2.902774313158729309e-03
-6.194966300548119913e-03
1.443007933851074738e-02
5.784848907662457768e-03
-6.065066399145336608e-03
1.074782346985799462e-02
4.404448502556780089e-03
4.765802454325128272e-03
-1.211012204295969057e-02
5.442684040166780642e-04
6.018756831405058403e-04
-1.158308525778832618e-03
-6.159584588145336319e-03
-5.270867402162452038e-03
1.291711998853499639e-02
-1.043658099620779767e-02
-1.220837496067801384e-02
2.788702130936690504e-02
-1.347688972120974745e-03
-1.177372442080791993e-03
2.865129475700781830e-03
1.089756121186114847e-02
1.289776774055513206e-02
-2.992930962933341987e-02
-6.483154239656691020e-01
1.421916537723321716e-01
7.786729738599959538e-02
6.389175160613330684e-01
1.000246650076924010e-02
5.770524329411678456e-03
-2.972324637211964937e-01
1.898579835874606159e-01
4.198071013745696689e-01
-2.399809857573873828e-01
-2.429565145416942018e-01
-4.034093185988492092e-01
-7.885206745333452061e-02
3.898549733093501057e+00
2.375017519641005492e+00
1.302082356907047385e-02
-2.194891242460339953e+00
-2.564453589251585619e+00
-4.962472985988368446e-02
3.220289771556026359e-01
-1.012700506340073010e-03
3.631071551584507534e-02
3.518614851083624040e-01
-8.012162830620186971e-04
-4.403502753133367587e-02
2.494228427618674360e+00
1.848774554480002497e+00
1.017221004947122670e-02
-2.490125373258585739e+00
-1.727979055068329828e+00
3.048149849723755800e-01
-1.617861500470802461e-01
-1.178849201534065139e-01
-2.667095491626065296e-01
-1.940718424279626597e-01
-1.257229199919756568e-01
6.389175160613330684e-01
1.302082356907047385e-02
1.017221004947122670e-02
4.570672363931664317e-01
-1.243569732830011459e-01
9.068266306933336907e-02
-7.214771373906962715e-02
-4.535412224976399440e-03
1.629385153903586403e-01
-3.203341556624326320e-02
2.477959447271804380e-02
-1.130006132625280407e-01
1.000246650076924010e-02
-2.194891242460339953e+00
-2.490125373258585739e+00
1.210741673056659889e-01
3.102200278160506919e+00
4.330784041790003425e-01
1.090902465131435989e-01
-3.320763727696995210e-02
-9.316871652342068044e-02
-1.315215317299882336e-01
3.531243344232383799e-03
-1.250414105913404128e-01
5.770524329411678456e-03
-2.564453589251585619e+00
-1.727979055068329828e+00
-1.229317773610001385e-01
8.978017271996647786e-01
1.378418568601002647e+00
1.424948465923792651e-01
3.386541463482421743e-02
-4.094415826462693281e-02
-1.585554047051199733e-01
-7.929308533056116104e-03
-7.911880018915581902e-02
-2.972324637211964937e-01
-4.962472985988368446e-02
3.048149849723755800e-01
-7.214771373906962715e-02
1.090902465131435989e-01
1.424948465923792651e-01
2.883882175217942767e-01
2.366033628186893500e-02
-2.051293186586621020e-01
-3.820982183403883597e-02
2.248842815862272734e-02
3.382232608628834430e-02
1.898579835874606159e-01
3.220289771556026359e-01
-1.617861500470802461e-01
-4.535412224976399440e-03
-3.320763727696995210e-02
3.386541463482421743e-02
-1.704813864213100549e-02
-1.397023229961278645e-01
-6.426618772007108848e-02
-2.036557967245153714e-02
-3.855406149007181010e-02
6.351308217777766607e-02
4.198071013745696689e-01
-1.012700506340073010e-03
-1.178849201534065139e-01
1.629385153903586403e-01
-9.316871652342068044e-02
-4.094415826462693281e-02
-2.038218992872083968e-01
-5.221985985636660998e-02
1.534503060468333790e-01
-3.334942584453117614e-02
5.618248031412412247e-02
3.499411560611064009e-02
-2.399809857573873828e-01
3.631071551584507534e-02
-2.667095491626065296e-01
-3.203341556624326320e-02
-1.315215317299882336e-01
-1.585554047051199733e-01
-3.820982183403883597e-02
-2.036557967245153714e-02
-3.334942584453117614e-02
2.797540114791603472e-01
-1.865120520851021313e-02
2.054052061786194316e-01
-2.429565145416942018e-01
3.518614851083624040e-01
-1.940718424279626597e-01
2.477959447271804380e-02
3.531243344232383799e-03
-7.929308533056116104e-03
2.248842815862272734e-02
-3.855406149007181010e-02
5.618248031412412247e-02
4.839991609156414631e-03
-1.519454673651604859e-01
-5.585932635875610203e-02
-4.034093185988492092e-01
-8.012162830620186971e-04
-1.257229199919756568e-01
-1.130006132625280407e-01
-1.250414105913404128e-01
-7.911880018915581902e-02
3.382232608628834430e-02
6.351308217777766607e-02
3.499411560611064009e-02
2.081304044967118849e-01
-5.755511268603512309e-02
1.547231023381668291e-01
3.554582897583320467e-01
-8.541823448666928734e-03
2.080667800266634490e-02
1.166858789119999407e-01
2.139102789779179486e-03
1.274226241587471430e-03
-2.605770728141766357e-01
1.334599447950109499e-02
1.904352237416716831e-01
-2.610466067712415850e-01
-1.517007652974107154e-02
-1.914823182666748891e-01
4.205732474333300636e-02
1.326785571138669795e+00
7.716038727386653751e-01
-1.158534063088856834e-02
-8.692834219835197107e-01
-5.948667191804789534e-01
5.618442116911162576e-03
1.804408414623623683e-02
-2.959685269199297322e-02
-6.412896701690144752e-03
1.899891397796556192e-02
-2.865428820989013303e-02
9.009257209997897226e-04
8.159404035656653287e-01
6.858030551536672403e-01
1.768086131620353382e-03
-5.705350253059789933e-01
-2.256073320154794171e-01
1.731262522862601350e-01
-2.641630756141124040e-02
-1.481458915960596756e-01
-1.711832281452242699e-01
-2.894756928758325520e-02
-1.485501350467241521e-01
1.166858789119999407e-01
-1.158534063088856834e-02
1.768086131620353382e-03
-9.551324089833307385e-03
-7.328470913666925227e-03
3.560273345616656038e-02
-1.759057873378375159e-02
4.403846776832751010e-04
2.337306673435937329e-02
-3.156225719967799964e-02
4.885493029530920545e-03
-9.735787611844879536e-03
2.139102789779179486e-03
-8.692834219835197107e-01
-5.705350253059789933e-01
2.123531500066641944e-02
1.013497913125002370e+00
3.801798338070006000e-01
6.684251110350553776e-03
-1.205826443901970683e-02
-3.925865951550524743e-03
-4.001585417305538427e-03
-1.197622620521608151e-02
-3.268633981400548023e-03
1.274226241587471430e-03
-5.948667191804789534e-01
-2.256073320154794171e-01
-3.966764877150012747e-02
4.452585778176675335e-01
2.080359820900000711e-01
9.285660868026051479e-03
3.596985180387945492e-03
-2.794036815619656625e-02
-1.612325818614493422e-02
-4.425403729507806222e-03
-2.340775279610594894e-02
-2.605770728141766357e-01
5.618442116911162576e-03
1.731262522862601350e-01
-1.759057873378375159e-02
6.684251110350553776e-03
9.285660868026051479e-03
2.921362356571747254e-01
-5.121851699154744697e-03
-1.900669162454762529e-01
-3.419166042500704911e-02
5.351929350049038428e-03
2.214209993239213761e-02
1.334599447950109499e-02
1.804408414623623683e-02
-2.641630756141124040e-02
4.403846776832751010e-04
-1.205826443901970683e-02
3.596985180387945492e-03
-2.153512709815486037e-02
-2.386095741984075452e-02
1.507963962506471411e-02
-5.485332601690359744e-03
3.276071164383552968e-03
1.782177308496750434e-02
1.904352237416716831e-01
-2.959685269199297322e-02
-1.481458915960596756e-01
2.337306673435937329e-02
-3.925865951550524743e-03
-2.794036815619656625e-02
-1.879221239857105097e-01
1.728404871394453868e-02
1.706273688659996624e-01
-2.184043014395528268e-02
1.863133836252033396e-02
8.494685371623539316e-03
-2.610466067712415850e-01
-6.412896701690144752e-03
-1.711832281452242699e-01
-3.156225719967799964e-02
-4.001585417305538427e-03
-1.612325818614493422e-02
-3.419166042500704911e-02
-5.485332601690359744e-03
-2.184043014395528268e-02
2.895481193026399613e-01
3.355490095035135178e-04
1.883211303156292482e-01
-1.517007652974107154e-02
1.899891397796556192e-02
-2.894756928758325520e-02
4.885493029530920545e-03
-1.197622620521608151e-02
-4.425403729507806222e-03
5.351929350049038428e-03
3.276071164383552968e-03
1.863133836252033396e-02
1.950236167783675825e-02
-1.909990952630644806e-02
1.710380204761161732e-02
-1.914823182666748891e-01
-2.865428820989013303e-02
-1.485501350467241521e-01
-9.735787611844879536e-03
-3.268633981400548023e-03
-2.340775279610594894e-02
2.214209993239213761e-02
1.782177308496750434e-02
8.494685371623539316e-03
1.879542978555822641e-01
1.774990711972418422e-02
1.701158736966665863e-01
6.335321369722692886e-01
-3.693617364804513414e-02
1.373275844364217346e-01
-1.130869715149716848e-02
1.933387678199358778e-02
-6.908814503327817026e-03
-1.138771023750616285e-01
-7.671742869388414182e-04
-1.483278369241547157e-01
-1.144593157358808483e-01
1.028151747817369066e-01
1.065896593361972816e-01
2.500901143862160891e-02
3.571881763228957896e-01
4.336337152337881029e-02
-1.792940921600787163e-02
-3.447596557657036098e-01
1.232444812336523088e-01
7.794547839296598127e-03
-3.442010105004113946e-02
-4.746462955090625414e-03
1.319138766098592597e-01
-1.459213464301032381e-01
-1.348622379038326435e-01
1.338069642340745657e-01
3.910082617655837034e-02
4.684188336003337616e-01
6.423755885576111317e-03
1.216699482369551222e-01
-8.646208030629939922e-02
-1.846815693410311099e-01
-1.793327926142092299e-02
-2.942332297983974443e-01
1.306137587644748965e-01
-1.228249097418243341e-01
-1.821497710575160911e-01
-1.130869715149716848e-02
-1.792940921600787163e-02
6.423755885576111317e-03
-5.609068163020265729e-03
-1.565786683835115184e-02
-6.192700972349694452e-03
-1.846335154504601551e-03
1.535186373562747765e-02
-1.035004547477951127e-02
2.295872231017545822e-03
2.731463322415809622e-02
-2.812886896068311250e-03
1.933387678199358778e-02
-3.447596557657036098e-01
1.216699482369551222e-01
1.006527088631561928e-02
2.385665421215203419e-01
-1.253840550328453041e-01
-3.845421958667586196e-03
-1.967989427605375437e-03
1.236135273938344416e-03
4.797796057522390068e-05
-2.754483794495761126e-02
5.561149070246187813e-03
-6.908814503327817026e-03
1.232444812336523088e-01
-8.646208030629939922e-02
5.902063819680579415e-03
-1.127710762158920521e-01
1.426108318449999524e-01
-4.507058735988054773e-03
3.757636568555148410e-02
-1.551958743788999472e-02
3.516779699628456990e-03
-1.879347666686714130e-02
-1.732888327059919648e-03
-1.138771023750616285e-01
7.794547839296598127e-03
-1.846815693410311099e-01
-1.846335154504601551e-03
-3.845421958667586196e-03
-4.507058735988054773e-03
1.491808255434214081e-01
-8.953054021285300132e-03
1.404550155379880316e-01
4.613569587507414770e-03
1.606449009536583357e-03
1.749934203062918081e-02
-7.671742869388414182e-04
-3.442010105004113946e-02
-1.793327926142092299e-02
1.535186373562747765e-02
-1.967989427605375437e-03
3.757636568555148410e-02
1.739371844338132023e-02
3.662849686574478486e-02
-4.917650834642475766e-04
-1.126477746971750286e-02
2.019031475367828558e-03
-2.631201804410120484e-02
-1.483278369241547157e-01
-4.746462955090625414e-03
-2.942332297983974443e-01
-1.035004547477951127e-02
1.236135273938344416e-03
-1.551958743788999472e-02
1.602876801579470600e-01
-1.505561922359122638e-02
2.026362993876670848e-01
-1.426983150644964456e-02
-2.899141522591739458e-03
-2.598365089487520568e-02
-1.144593157358808483e-01
1.319138766098592597e-01
1.306137587644748965e-01
2.295872231017545822e-03
4.797796057522390068e-05
3.516779699628456990e-03
4.613569587507414770e-03
-1.126477746971750286e-02
-1.426983150644964456e-02
1.327304252280419317e-01
-1.203389440722473502e-01
-1.180759293209789618e-01
1.028151747817369066e-01
-1.459213464301032381e-01
-1.228249097418243341e-01
2.731463322415809622e-02
-2.754483794495761126e-02
-1.879347666686714130e-02
1.606449009536583357e-03
2.019031475367828558e-03
-2.899141522591739458e-03
-1.355620183602474216e-01
1.613417038012917026e-01
1.340437429904300370e-01
1.065896593361972816e-01
-1.348622379038326435e-01
-1.821497710575160911e-01
-2.812886896068311250e-03
5.561149070246187813e-03
-1.732888327059919648e-03
1.749934203062918081e-02
-2.631201804410120484e-02
-2.598365089487520568e-02
-1.091001551507975176e-01
1.340703270971580485e-01
1.808197242676664040e-01
5.164874519829179000e-01
-6.314760998176582873e-02
1.141530373925978420e-01
-2.342201295399999605e-02
1.752692816727388983e-02
-8.177497908863568324e-03
-1.199427742217431814e-01
7.006179370401738327e-03
-1.476335359243463874e-01
-1.282801677407633678e-01
1.024583699023874639e-01
1.262649650064953111e-01
-2.873855800543257538e-02
2.642162298875818105e-01
6.211015583021414765e-02
-2.108629950702641670e-02
-1.938985030730548120e-01
5.450180075104307797e-02
1.472687777075345865e-02
-4.058217898778755661e-02
9.769703761855019417e-03
1.311470657089764680e-01
-1.440508950209541394e-01
-1.433962264686785282e-01
1.282795798262282572e-01
4.928489880944379731e-02
4.795920116743331851e-01
6.886790486434147575e-03
5.044088567404304835e-02
-6.291818698044530922e-02
-1.840221474477443941e-01
-6.749235125978818653e-03
-2.994911995579692676e-01
1.515465340641042880e-01
-1.281898729585227992e-01
-2.194767227657825337e-01
-2.342201295399999605e-02
-2.108629950702641670e-02
6.886790486434147575e-03
1.148268025800682282e-02
9.571819856261088583e-03
-7.330067757537073875e-04
-3.441511139191862859e-03
1.654558195697854173e-02
-9.964234081712345856e-03
5.254126832634245861e-03
2.416899348649697785e-02
-3.973810477601284405e-03
1.752692816727388983e-02
-1.938985030730548120e-01
5.044088567404304835e-02
1.779865012492775483e-02
1.847515137694933918e-01
-8.860416912054247529e-02
-4.624174798171804684e-03
-5.141157988423037360e-03
4.541663441928733662e-03
2.150662351381066838e-03
-2.608042948874609440e-02
6.449730088826681994e-03
-8.177497908863568324e-03
5.450180075104307797e-02
-6.291818698044530922e-02
-3.361934560256561212e-03
-6.725596850546129712e-02
1.236847033523333361e-01
-1.745953721409558134e-03
3.695287245899205042e-02
-1.187476567338511570e-02
7.820415745829659799e-04
-2.265170049356396084e-02
-1.719938883888154574e-03
-1.199427742217431814e-01
1.472687777075345865e-02
-1.840221474477443941e-01
-3.441511139191862859e-03
-4.624174798171804684e-03
-1.745953721409558134e-03
1.405631772914022748e-01
-2.086181029285661542e-02
1.422937926550219834e-01
4.162330822850965860e-03
6.967293009807742020e-05
1.822988715112288521e-02
7.006179370401738327e-03
-4.058217898778755661e-02
-6.749235125978818653e-03
1.654558195697854173e-02
-5.141157988423037360e-03
3.695287245899205042e-02
-5.068590633856671565e-03
2.975506144226393659e-02
-1.280023288324419299e-02
-1.017841456493334164e-02
1.915673426226683186e-03
-2.204515736598289949e-02
-1.476335359243463874e-01
9.769703761855019417e-03
-2.994911995579692676e-01
-9.964234081712345856e-03
4.541663441928733662e-03
-1.187476567338511570e-02
1.489739839889430428e-01
-1.370450098457677915e-02
2.262967763276669542e-01
-1.445607007820058458e-02
-9.242607401868279445e-04
-2.794948585907764543e-02
-1.282801677407633678e-01
1.311470657089764680e-01
1.515465340641042880e-01
5.254126832634245861e-03
2.150662351381066838e-03
7.820415745829659799e-04
4.162330822850965860e-03
-1.017841456493334164e-02
-1.445607007820058458e-02
1.380209651801478643e-01
-1.063675036686148045e-01
-1.247185010572395003e-01
1.024583699023874639e-01
-1.440508950209541394e-01
-1.281898729585227992e-01
2.416899348649697785e-02
-2.608042948874609440e-02
-2.265170049356396084e-02
6.967293009807742020e-05
1.915673426226683186e-03
-9.242607401868279445e-04
-1.306980276822816145e-01
1.409067426228523823e-01
1.229451898175517033e-01
1.262649650064953111e-01
-1.433962264686785282e-01
-2.194767227657825337e-01
-3.973810477601284405e-03
6.449730088826681994e-03
-1.719938883888154574e-03
1.822988715112288521e-02
-2.204515736598289949e-02
-2.794948585907764543e-02
-1.203051674124325648e-01
1.280682806322601952e-01
1.983532447500001572e-01
3.935307463031013087e-01
-1.094902119564468840e-01
8.540504321418465605e-02
-1.939778821599999134e-02
1.468744928679692301e-02
-6.411884438787839036e-03
-1.263784439411390348e-01
1.189990804685278798e-02
-1.465710675762176840e-01
-1.346349562007629064e-01
9.383139512855939723e-02
1.308873667411855624e-01
-6.958528813677986036e-02
2.114518584297317705e-01
7.499396713397812886e-02
-6.002836563859279689e-03
-1.203438804330018985e-01
2.258653324946948912e-02
2.087851078469203647e-02
-4.384976362078397277e-02
2.110109365548562543e-02
1.218252931954315194e-01
-1.332849248790570762e-01
-1.388587933038864519e-01
7.413153910884222320e-02
6.058815538173185911e-02
5.083636602726659959e-01
8.283803821709443934e-04
2.096522412296947246e-02
-5.178728539649807977e-02
-1.855105803412351317e-01
5.798364123897202689e-03
-3.020654065770768115e-01
1.611664863275367454e-01
-1.243602110056568760e-01
-2.356610176201798246e-01
-1.939778821599999134e-02
-6.002836563859279689e-03
8.283803821709443934e-04
1.724650968249700697e-02
5.679844471825443164e-03
1.579659615248103300e-03
9.379939502834173069e-04
1.768257403757967153e-02
-8.237508902891071960e-03
2.826456176701483934e-03
2.144255983237422850e-02
-3.501034631549763097e-03
1.468744928679692301e-02
-1.203438804330018985e-01
2.096522412296947246e-02
3.168267818582537476e-02
1.093539341900033601e-01
-4.061408774140951722e-02
-2.612203017833484697e-03
-7.357351258827392500e-03
2.718419387606228060e-03
-1.962284686567887840e-04
-2.279383465943067566e-02
7.270962196970947970e-03
-6.411884438787839036e-03
2.258653324946948912e-02
-5.178728539649807977e-02
3.640437420502545059e-04
-3.206924734586702463e-02
9.321471348166654458e-02
1.363745237017841526e-03
3.434756565569246911e-02
-9.900204719456080771e-03
7.455207825805105441e-04
-2.291928864440432104e-02
4.168159085729143676e-03
-1.263784439411390348e-01
2.087851078469203647e-02
-1.855105803412351317e-01
9.379939502834173069e-04
-2.612203017833484697e-03
1.363745237017841526e-03
1.397415233990344785e-01
-2.846866914375045104e-02
1.518167825301531271e-01
3.657382095778512112e-03
-1.166471507783675005e-03
1.846086795216445031e-02
1.189990804685278798e-02
-4.384976362078397277e-02
5.798364123897202689e-03
1.768257403757967153e-02
-7.357351258827392500e-03
3.434756565569246911e-02
-1.771918049841716275e-02
4.230464639663160387e-02
-1.983250519175688148e-02
-9.905210139087124860e-03
3.008893849531710935e-03
-1.921892561869215782e-02
-1.465710675762176840e-01
2.110109365548562543e-02
-3.020654065770768115e-01
-8.237508902891071960e-03
2.718419387606228060e-03
-9.900204719456080771e-03
1.554866671616688123e-01
-2.195536658061269034e-02
2.657513527163333222e-01
-1.569730194444099447e-02
-8.354446301615868313e-04
-2.819024750931024836e-02
-1.346349562007629064e-01
1.218252931954315194e-01
1.611664863275367454e-01
2.826456176701483934e-03
-1.962284686567887840e-04
7.455207825805105441e-04
3.657382095778512112e-03
-9.905210139087124860e-03
-1.569730194444099447e-02
1.387820662411261563e-01
-9.901239717341704660e-02
-1.293659062232672685e-01
9.383139512855939723e-02
-1.332849248790570762e-01
-1.243602110056568760e-01
2.144255983237422850e-02
-2.279383465943067566e-02
-2.291928864440432104e-02
-1.166471507783675005e-03
3.008893849531710935e-03
-8.354446301615868313e-04
-1.164500740420837260e-01
1.282458791625404604e-01
1.199451263942195034e-01
1.308873667411855624e-01
-1.388587933038864519e-01
-2.356610176201798246e-01
-3.501034631549763097e-03
7.270962196970947970e-03
4.168159085729143676e-03
1.846086795216445031e-02
-1.921892561869215782e-02
-2.819024750931024836e-02
-1.257452116885564020e-01
1.264337347096121944e-01
2.198468349620006368e-01
2.939019744904826092e-01
-9.799890610560417492e-02
2.460048560710497573e-02
-2.187175985599999067e-02
9.790232131360314394e-03
-1.943013016676245616e-03
-1.330864856076198199e-01
2.211173212391984166e-02
-1.420933198826028476e-01
-1.328725534056515167e-01
7.253845971442191010e-02
1.242539010983113590e-01
-9.509525185993751573e-02
1.491898298265180722e-01
7.932258610115748565e-02
-1.844044952477068983e-02
-2.269826107927164563e-02
-4.560662491210515888e-03
2.935805434678964709e-02
-4.746132577102361860e-02
3.491353170554920005e-02
1.012220971558396160e-01
-1.082904616513992863e-01
-1.180855177885545282e-01
2.734684805814453779e-02
7.706073486403594575e-02
5.608107104680002397e-01
3.733634464948313355e-03
-3.385945098210529133e-03
-3.840559412172833698e-02
-1.867647650673811555e-01
2.708176442409465645e-02
-2.959729626733568764e-01
1.596841665250142428e-01
-1.061752933198130272e-01
-2.342246860749494231e-01
-2.187175985599999067e-02
-1.844044952477068983e-02
3.733634464948313355e-03
1.918918897675868027e-02
-1.499398863889178819e-03
-7.663578800945583828e-04
3.237063866191565182e-03
1.537590193132614899e-02
-4.037979711031395788e-03
3.869345822375028481e-03
1.726682532124759403e-02
-2.174578165141085196e-03
9.790232131360314394e-03
-2.269826107927164563e-02
-3.385945098210529133e-03
2.368989252774881269e-04
2.211354497974129391e-02
7.390643019886939877e-03
8.637358245706145841e-05
-6.011243031534056064e-03
1.809086367389173234e-03
-2.051698306158369293e-03
-1.663914412492152259e-02
2.829222743820824539e-03
-1.943013016676245616e-03
-4.560662491210515888e-03
-3.840559412172833698e-02
9.755150652153961668e-04
4.494044261946890384e-03
3.901752207183326049e-02
1.091280238566614842e-03
2.896017625537327528e-02
-2.279236079657511078e-03
-2.122696900776977185e-03
-2.222208646172172536e-02
8.510450450546470924e-03
-1.330864856076198199e-01
2.935805434678964709e-02
-1.867647650673811555e-01
3.237063866191565182e-03
8.637358245706145841e-05
1.091280238566614842e-03
1.214292386887789454e-01
-2.727032723841455591e-02
1.563177334702477439e-01
8.723190053363315960e-03
1.274677028494793432e-03
1.886843603949095102e-02
2.211173212391984166e-02
-4.746132577102361860e-02
2.708176442409465645e-02
1.537590193132614899e-02
-6.011243031534056064e-03
2.896017625537327528e-02
-2.739871553808122598e-02
5.023903061555386185e-02
-3.243807247881506928e-02
-6.807816955545021101e-03
-4.692667780687801164e-04
-1.372666160288334158e-02
-1.420933198826028476e-01
3.491353170554920005e-02
-2.959729626733568764e-01
-4.037979711031395788e-03
1.809086367389173234e-03
-2.279236079657511078e-03
1.609377917384836598e-01
-3.403330459984967027e-02
3.187510510249994544e-01
-1.803526132405383967e-02
2.183885367283902449e-04
-2.930135631629457449e-02
-1.328725534056515167e-01
1.012220971558396160e-01
1.596841665250142428e-01
3.869345822375028481e-03
-2.051698306158369293e-03
-2.122696900776977185e-03
8.723190053363315960e-03
-6.807816955545021101e-03
-1.803526132405383967e-02
1.247215392030189690e-01
-8.796485810707097008e-02
-1.355658956368038237e-01
7.253845971442191010e-02
-1.082904616513992863e-01
-1.061752933198130272e-01
1.726682532124759403e-02
-1.663914412492152259e-02
-2.222208646172172536e-02
1.274677028494793432e-03
-4.692667780687801164e-04
2.183885367283902449e-04
-9.315106639240433584e-02
1.133143021979809290e-01
1.212083323738530338e-01
1.242539010983113590e-01
-1.180855177885545282e-01
-2.342246860749494231e-01
-2.174578165141085196e-03
2.829222743820824539e-03
8.510450450546470924e-03
1.886843603949095102e-02
-1.372666160288334158e-02
-2.930135631629457449e-02
-1.353259195613001342e-01
1.179492546918564505e-01
2.587550101180008388e-01
2.754712225218920452e-01
-1.065457630681678203e-01
1.354097402268260482e-02
-1.347824693199998342e-02
2.941079191224470375e-03
-3.393143650188970096e-04
-1.316390277781714913e-01
3.485068490762445459e-02
-1.408665428654482799e-01
-1.314324064437995820e-01
7.015890160751721283e-02
1.271503867949488054e-01
-1.061985192295011177e-01
9.781282314077342777e-02
6.110049831646367086e-02
-1.485443515099762676e-02
3.421576636739359634e-02
-7.100527642893061410e-03
3.857974328331145730e-02
-4.626875084979325398e-02
4.760379133675719798e-02
8.386613081434031447e-02
-8.501096578605833731e-02
-1.024779719818809803e-01
1.433712477541930486e-02
6.130411996296149940e-02
5.641056347523316639e-01
1.926842050018239341e-03
-7.154814013393070299e-03
-2.002090261539358693e-02
-1.820921828811810916e-01
4.855755405904560451e-02
-2.920385595020351666e-01
1.662492322920151033e-01
-1.034826902991501790e-01
-2.519965505556418517e-01
-1.347824693199998342e-02
-1.485443515099762676e-02
1.926842050018239341e-03
5.370784585392409001e-03
-2.512329543402309147e-04
3.883225549162631950e-05
3.959896154209142059e-03
7.488506763214127122e-03
-4.025706042485179101e-04
4.005626016650773620e-03
7.320030892767687841e-03
-1.586325856446145748e-03
2.941079191224470375e-03
3.421576636739359634e-02
-7.154814013393070299e-03
-3.738953926735641940e-04
-3.406838260089239956e-02
6.021802769448357170e-03
-1.372882282460652923e-03
1.797266086545353837e-03
-1.026722429446971568e-03
-2.230452104950338740e-03
-6.938845225483336772e-04
2.118068483208489575e-03
-3.393143650188970096e-04
-7.100527642893061410e-03
-2.002090261539358693e-02
3.385005499669484349e-05
6.010099592360713082e-03
1.146486344333334795e-02
3.256032888757871835e-03
1.185791571547588005e-02
3.402804756245503878e-03
-2.855766583779585036e-03
-1.071825460259528268e-02
6.092253765897561249e-03
-1.316390277781714913e-01
3.857974328331145730e-02
-1.820921828811810916e-01
3.959896154209142059e-03
-1.372882282460652923e-03
3.256032888757871835e-03
1.182163199741268489e-01
-3.854220395816163047e-02
1.596436698444091140e-01
8.655024179832892378e-03
8.428761271340738832e-04
1.907885307522094037e-02
3.485068490762445459e-02
-4.626875084979325398e-02
4.855755405904560451e-02
7.488506763214127122e-03
1.797266086545353837e-03
1.185791571547588005e-02
-3.943561435649494545e-02
4.388410318353982986e-02
-5.068342264431367761e-02
-4.045561105545065345e-03
6.402573764188475682e-04
-1.072332935034253469e-02
-1.408665428654482799e-01
4.760379133675719798e-02
-2.920385595020351666e-01
-4.025706042485179101e-04
-1.026722429446971568e-03
3.402804756245503878e-03
1.600990915335876452e-01
-5.002748691274234299e-02
3.184999903359986839e-01
-1.865473407387387150e-02
2.642311001969958970e-03
-2.994433266425175141e-02
-1.314324064437995820e-01
8.386613081434031447e-02
1.662492322920151033e-01
4.005626016650773620e-03
-2.230452104950338740e-03
-2.855766583779585036e-03
8.655024179832892378e-03
-4.045561105545065345e-03
-1.865473407387387150e-02
1.183681575630554789e-01
-7.895588715769710775e-02
-1.449016612360133072e-01
7.015890160751721283e-02
-8.501096578605833731e-02
-1.034826902991501790e-01
7.320030892767687841e-03
-6.938845225483336772e-04
-1.071825460259528268e-02
8.428761271340738832e-04
6.402573764188475682e-04
2.642311001969958970e-03
-7.810477633936378783e-02
8.690965599994433799e-02
1.112962637421906209e-01
1.271503867949488054e-01
-1.024779719818809803e-01
-2.519965505556418517e-01
-1.586325856446145748e-03
2.118068483208489575e-03
6.092253765897561249e-03
1.907885307522094037e-02
-1.072332935034253469e-02
-2.994433266425175141e-02
-1.446613373669121405e-01
1.109970641588566564e-01
2.756733944019999494e-01
